
mtllib ./chasmfiend.mtl

g s.0058
usemap Standard_DC0D17
usemtl Standard_DC0D17
v 1.017184 0.7129226 0.2240654
v 0.9184349 0.7116587 0.3181622
v 1.033447 0.7262268 0.4028648
v 1.082388 0.7208803 0.2946501
v 1.033447 0.7262268 0.4028648
v 0.9411442 0.7175868 0.6227949
v 0.9304129 0.9552938 0.6309274
v 1.026978 0.964166 0.4082516
v 0.8849191 0.6643504 0.7654256
v 0.9411442 0.7175868 0.6227949
v 0.8250634 0.6962447 0.593928
v 0.8030508 0.6483716 0.7649102
v 0.6125916 0.6638716 0.5403683
v 0.8250634 0.6962447 0.593928
v 0.9184349 0.7116587 0.3181622
v 0.7497312 0.6734687 0.2464546
v 0.8931488 1.002011 0.3258299
v 1.026978 0.964166 0.4082516
v 0.9304129 0.9552938 0.6309274
v 0.7997772 0.9865968 0.6015959
v 0.8250634 0.6962447 0.593928
v 0.9411442 0.7175868 0.6227949
v 1.033447 0.7262268 0.4028648
v 0.9184349 0.7116587 0.3181622
v 0.7925742 0.5854232 0.1365809
v 0.7497312 0.6734687 0.2464546
v 0.9184349 0.7116587 0.3181622
v 0.963639 0.6078802 0.2093408
v 0.7340927 0.9975511 0.2497398
v 0.8931488 1.002011 0.3258299
v 0.7997772 0.9865968 0.6015959
v 0.5969527 0.9879537 0.5436537
v 0.5656067 0.8390098 0.7265695
v 0.5969527 0.9879537 0.5436537
v 0.7997772 0.9865968 0.6015959
v 0.6975902 0.8457068 0.7735808
v 0.3754103 0.6475008 0.4429251
v 0.6125916 0.6638716 0.5403683
v 0.7497312 0.6734687 0.2464546
v 0.5404444 0.6639156 0.1640361
v 0.6349378 0.6350361 0.008216381
v 0.5404444 0.6639156 0.1640361
v 0.7497312 0.6734687 0.2464546
v 0.7839487 0.6355381 0.07290107
v 0.5263047 0.9879067 0.1747381
v 0.7340927 0.9975511 0.2497398
v 0.5969527 0.9879537 0.5436537
v 0.3612704 0.9714918 0.4536272
v 0.3293164 0.8648657 0.6302269
v 0.3612704 0.9714918 0.4536272
v 0.5969527 0.9879537 0.5436537
v 0.4997178 0.8887473 0.6874382
v 0.1298467 0.6311768 0.3334681
v 0.3754103 0.6475008 0.4429251
v 0.5404444 0.6639156 0.1640361
v 0.2939068 0.6614189 0.0551616
v 0.3564409 0.6233599 -0.08916402
v 0.2939068 0.6614189 0.0551616
v 0.5404444 0.6639156 0.1640361
v 0.5884132 0.628341 -0.2071864
v 0.283402 0.984434 0.08406925
v 0.5263047 0.9879067 0.1747381
v 0.3612704 0.9714918 0.4536272
v 0.1193416 0.9541917 0.3623759
v 0.05927414 0.8604971 0.5110021
v 0.1193416 0.9541917 0.3623759
v 0.3612704 0.9714918 0.4536272
v 0.2219418 0.8693736 0.6530653
v -0.005668402 0.6704214 0.244472
v 0.1298467 0.6311768 0.3334681
v 0.2939068 0.6614189 0.0551616
v 0.116978 0.6725947 0.04942766
v 0.116978 0.6725947 0.04942766
v 0.2939068 0.6614189 0.0551616
v 0.283402 0.984434 0.08406925
v 0.1154275 0.9029948 0.05101979
v 0.1154275 0.9029948 0.05101979
v 0.283402 0.984434 0.08406925
v 0.1193416 0.9541917 0.3623759
v -0.007219076 0.9008213 0.2460643
v -0.007219076 0.9008213 0.2460643
v 0.1193416 0.9541917 0.3623759
v 0.1298467 0.6311768 0.3334681
v -0.005668402 0.6704214 0.244472
v -0.005668402 0.6704214 0.244472
v 0.116978 0.6725947 0.04942766
v 0.1154275 0.9029948 0.05101979
v -0.007219076 0.9008213 0.2460643
v 1.082388 0.7208803 0.2946501
v 1.033447 0.7262268 0.4028648
v 1.026978 0.964166 0.4082516
v 1.087113 0.8806872 0.2925774
v 1.087113 0.8806872 0.2925774
v 1.026978 0.964166 0.4082516
v 0.8931488 1.002011 0.3258299
v 1.011372 0.9085879 0.21997
v 1.011372 0.9085879 0.21997
v 0.8931488 1.002011 0.3258299
v 0.9184349 0.7116587 0.3181622
v 1.017184 0.7129226 0.2240654
v 1.117727 0.5546728 0.09743488
v 1.017184 0.7129226 0.2240654
v 1.082388 0.7208803 0.2946501
v 1.19547 0.5528075 0.1544383
v 1.19547 0.5528075 0.1544383
v 1.082388 0.7208803 0.2946501
v 1.087113 0.8806872 0.2925774
v 1.218904 0.7109629 0.1528012
v 1.218904 0.7109629 0.1528012
v 1.087113 0.8806872 0.2925774
v 1.011372 0.9085879 0.21997
v 1.134819 0.7497149 0.09610021
v 1.134819 0.7497149 0.09610021
v 1.011372 0.9085879 0.21997
v 1.017184 0.7129226 0.2240654
v 1.117727 0.5546728 0.09743488
v 1.117727 0.5546728 0.09743488
v 1.19547 0.5528075 0.1544383
v 1.218904 0.7109629 0.1528012
v 1.134819 0.7497149 0.09610021
v 0.963639 0.6078802 0.2093408
v 0.9184349 0.7116587 0.3181622
v 0.8931488 1.002011 0.3258299
v 0.9797236 0.8978268 0.1833619
v 0.9797236 0.8978268 0.1833619
v 0.8931488 1.002011 0.3258299
v 0.7340927 0.9975511 0.2497398
v 0.8230802 0.9066894 0.1027844
v 0.8230802 0.9066894 0.1027844
v 0.7340927 0.9975511 0.2497398
v 0.7497312 0.6734687 0.2464546
v 0.7925742 0.5854232 0.1365809
v 0.9336428 0.4987075 -0.02432263
v 0.7925742 0.5854232 0.1365809
v 0.963639 0.6078802 0.2093408
v 1.022598 0.5102103 0.04505435
v 1.022598 0.5102103 0.04505435
v 0.963639 0.6078802 0.2093408
v 0.9797236 0.8978268 0.1833619
v 1.029591 0.6866312 0.04581028
v 1.029591 0.6866312 0.04581028
v 0.9797236 0.8978268 0.1833619
v 0.8230802 0.9066894 0.1027844
v 0.9495794 0.6945598 -0.02450278
v 0.9495794 0.6945598 -0.02450278
v 0.8230802 0.9066894 0.1027844
v 0.7925742 0.5854232 0.1365809
v 0.9336428 0.4987075 -0.02432263
v 0.9336428 0.4987075 -0.02432263
v 1.022598 0.5102103 0.04505435
v 1.029591 0.6866312 0.04581028
v 0.9495794 0.6945598 -0.02450278
v 0.7839487 0.6355381 0.07290107
v 0.7497312 0.6734687 0.2464546
v 0.7340927 0.9975511 0.2497398
v 0.7903714 0.8690388 0.05704808
v 0.7903714 0.8690388 0.05704808
v 0.7340927 0.9975511 0.2497398
v 0.5263047 0.9879067 0.1747381
v 0.6422534 0.868814 -0.00225696
v 0.6422534 0.868814 -0.00225696
v 0.5263047 0.9879067 0.1747381
v 0.5404444 0.6639156 0.1640361
v 0.6349378 0.6350361 0.008216381
v 0.7424551 0.4923035 -0.1357537
v 0.6349378 0.6350361 0.008216381
v 0.7839487 0.6355381 0.07290107
v 0.8407451 0.501713 -0.08199644
v 0.8407451 0.501713 -0.08199644
v 0.7839487 0.6355381 0.07290107
v 0.7903714 0.8690388 0.05704808
v 0.8294455 0.6631925 -0.08916605
v 0.8294455 0.6631925 -0.08916605
v 0.7903714 0.8690388 0.05704808
v 0.6422534 0.868814 -0.00225696
v 0.7314266 0.6539251 -0.1391569
v 0.7314266 0.6539251 -0.1391569
v 0.6422534 0.868814 -0.00225696
v 0.6349378 0.6350361 0.008216381
v 0.7424551 0.4923035 -0.1357537
v 0.7424551 0.4923035 -0.1357537
v 0.8407451 0.501713 -0.08199644
v 0.8294455 0.6631925 -0.08916605
v 0.7314266 0.6539251 -0.1391569
v 0.5884132 0.628341 -0.2071864
v 0.5404444 0.6639156 0.1640361
v 0.5263047 0.9879067 0.1747381
v 0.5817786 0.9414341 -0.1950625
v 0.5817786 0.9414341 -0.1950625
v 0.5263047 0.9879067 0.1747381
v 0.283402 0.984434 0.08406925
v 0.3656622 0.9359484 -0.06862843
v 0.3656622 0.9359484 -0.06862843
v 0.283402 0.984434 0.08406925
v 0.2939068 0.6614189 0.0551616
v 0.3564409 0.6233599 -0.08916402
v 0.266734 0.599771 -0.1573263
v 0.3564409 0.6233599 -0.08916402
v 0.5884132 0.628341 -0.2071864
v 0.3771098 0.5977261 -0.3095542
v 0.3771098 0.5977261 -0.3095542
v 0.5884132 0.628341 -0.2071864
v 0.5817786 0.9414341 -0.1950625
v 0.3862629 0.9108965 -0.3172247
v 0.3862629 0.9108965 -0.3172247
v 0.5817786 0.9414341 -0.1950625
v 0.3656622 0.9359484 -0.06862843
v 0.3108894 0.9099918 -0.151677
v 0.3108894 0.9099918 -0.151677
v 0.3656622 0.9359484 -0.06862843
v 0.3564409 0.6233599 -0.08916402
v 0.266734 0.599771 -0.1573263
v 0.1289177 0.5906955 -0.2789535
v 0.266734 0.599771 -0.1573263
v 0.3771098 0.5977261 -0.3095542
v 0.2163795 0.5822096 -0.3725648
v 0.1463147 0.5756049 -0.4390842
v 0.2163795 0.5822096 -0.3725648
v 0.3771098 0.5977261 -0.3095542
v 0.2716212 0.5643272 -0.5583167
v 0.2169331 0.8954724 -0.3817601
v 0.3862629 0.9108965 -0.3172247
v 0.3108894 0.9099918 -0.151677
v 0.1653587 0.9019612 -0.2769166
v 0.1069835 0.8924041 -0.2543195
v 0.1653587 0.9019612 -0.2769166
v 0.3108894 0.9099918 -0.151677
v 0.09212434 0.9014808 -0.06294167
v 0.1289177 0.5906955 -0.2789535
v 0.2163795 0.5822096 -0.3725648
v 0.2169331 0.8954724 -0.3817601
v 0.1653587 0.9019612 -0.2769166
v 0.2716212 0.5643272 -0.5583167
v 0.3771098 0.5977261 -0.3095542
v 0.3862629 0.9108965 -0.3172247
v 0.319478 0.872789 -0.5862378
v 0.319478 0.872789 -0.5862378
v 0.3862629 0.9108965 -0.3172247
v 0.2169331 0.8954724 -0.3817601
v 0.1892722 0.8853472 -0.459889
v 0.1892722 0.8853472 -0.459889
v 0.2169331 0.8954724 -0.3817601
v 0.2163795 0.5822096 -0.3725648
v 0.1463147 0.5756049 -0.4390842
v 0.03301382 0.5653424 -0.4166007
v 0.1463147 0.5756049 -0.4390842
v 0.2716212 0.5643272 -0.5583167
v 0.04889846 0.5735725 -0.5890106
v 0.04889846 0.5735725 -0.5890106
v 0.2716212 0.5643272 -0.5583167
v 0.319478 0.872789 -0.5862378
v 0.0963099 0.8830113 -0.6037854
v 0.0963099 0.8830113 -0.6037854
v 0.319478 0.872789 -0.5862378
v 0.1892722 0.8853472 -0.459889
v 0.08148003 0.8749104 -0.4227059
v 0.08148003 0.8749104 -0.4227059
v 0.1892722 0.8853472 -0.459889
v 0.1463147 0.5756049 -0.4390842
v 0.03301382 0.5653424 -0.4166007
v 0.02705532 0.571539 -0.4204905
v 0.03301382 0.5653424 -0.4166007
v 0.04889846 0.5735725 -0.5890106
v 0.04509389 0.5794854 -0.5927018
v 0.04509389 0.5794854 -0.5927018
v 0.04889846 0.5735725 -0.5890106
v 0.0963099 0.8830113 -0.6037854
v 0.09046388 0.8892239 -0.6076103
v 0.09046388 0.8892239 -0.6076103
v 0.0963099 0.8830113 -0.6037854
v 0.08148003 0.8749104 -0.4227059
v 0.07336771 0.8814341 -0.426717
v 0.07336771 0.8814341 -0.426717
v 0.08148003 0.8749104 -0.4227059
v 0.03301382 0.5653424 -0.4166007
v 0.02705532 0.571539 -0.4204905
v 0.02705532 0.571539 -0.4204905
v 0.04509389 0.5794854 -0.5927018
v 0.09046388 0.8892239 -0.6076103
v 0.07336771 0.8814341 -0.426717
v 0.09212434 0.9014808 -0.06294167
v 0.3108894 0.9099918 -0.151677
v 0.266734 0.599771 -0.1573263
v 0.03815633 0.5953619 -0.1029051
v 0.03815633 0.5953619 -0.1029051
v 0.266734 0.599771 -0.1573263
v 0.1289177 0.5906955 -0.2789535
v 0.05450773 0.5850509 -0.2859219
v 0.05450773 0.5850509 -0.2859219
v 0.1289177 0.5906955 -0.2789535
v 0.1653587 0.9019612 -0.2769166
v 0.1069835 0.8924041 -0.2543195
v 0.04804146 0.8887962 -0.3671771
v 0.1069835 0.8924041 -0.2543195
v 0.09212434 0.9014808 -0.06294167
v -0.1145408 0.9057626 -0.2661435
v -0.1145408 0.9057626 -0.2661435
v 0.09212434 0.9014808 -0.06294167
v 0.03815633 0.5953619 -0.1029051
v -0.1210109 0.5970916 -0.3199837
v -0.1210109 0.5970916 -0.3199837
v 0.03815633 0.5953619 -0.1029051
v 0.05450773 0.5850509 -0.2859219
v 0.03570455 0.5792848 -0.4148102
v 0.03570455 0.5792848 -0.4148102
v 0.05450773 0.5850509 -0.2859219
v 0.1069835 0.8924041 -0.2543195
v 0.04804146 0.8887962 -0.3671771
v 0.04804146 0.8887962 -0.3671771
v -0.1145408 0.9057626 -0.2661435
v -0.1210109 0.5970916 -0.3199837
v 0.03570455 0.5792848 -0.4148102
v 0.2219418 0.8693736 0.6530653
v 0.3612704 0.9714918 0.4536272
v 0.3754103 0.6475008 0.4429251
v 0.2424085 0.6004115 0.6309562
v 0.2424085 0.6004115 0.6309562
v 0.3754103 0.6475008 0.4429251
v 0.1298467 0.6311768 0.3334681
v 0.08212447 0.5934133 0.4736865
v 0.08212447 0.5934133 0.4736865
v 0.1298467 0.6311768 0.3334681
v 0.1193416 0.9541917 0.3623759
v 0.05927414 0.8604971 0.5110021
v -0.05238831 0.7937645 0.5273177
v 0.05927414 0.8604971 0.5110021
v 0.2219418 0.8693736 0.6530653
v -0.07947069 0.7838573 0.6955366
v -0.07947069 0.7838573 0.6955366
v 0.2219418 0.8693736 0.6530653
v 0.2424085 0.6004115 0.6309562
v -0.03872955 0.5195085 0.6542084
v -0.03872955 0.5195085 0.6542084
v 0.2424085 0.6004115 0.6309562
v 0.08212447 0.5934133 0.4736865
v -0.01398069 0.5295017 0.4832909
v -0.01398069 0.5295017 0.4832909
v 0.08212447 0.5934133 0.4736865
v 0.05927414 0.8604971 0.5110021
v -0.05238831 0.7937645 0.5273177
v -0.1777819 0.7593827 0.4648746
v -0.05238831 0.7937645 0.5273177
v -0.07947069 0.7838573 0.6955366
v -0.2260339 0.751269 0.5979609
v -0.2800496 0.7259079 0.6445422
v -0.2260339 0.751269 0.5979609
v -0.07947069 0.7838573 0.6955366
v -0.2345824 0.7371468 0.8173724
v -0.1824421 0.485874 0.5677347
v -0.03872955 0.5195085 0.6542084
v -0.01398069 0.5295017 0.4832909
v -0.1339417 0.4941223 0.4338382
v -0.2028661 0.482602 0.3747291
v -0.1339417 0.4941223 0.4338382
v -0.01398069 0.5295017 0.4832909
v -0.09034973 0.5042981 0.3043208
v -0.1777819 0.7593827 0.4648746
v -0.2260339 0.751269 0.5979609
v -0.1824421 0.485874 0.5677347
v -0.1339417 0.4941223 0.4338382
v -0.2345824 0.7371468 0.8173724
v -0.07947069 0.7838573 0.6955366
v -0.03872955 0.5195085 0.6542084
v -0.1789746 0.4747617 0.7811778
v -0.1789746 0.4747617 0.7811778
v -0.03872955 0.5195085 0.6542084
v -0.1824421 0.485874 0.5677347
v -0.2296673 0.4612866 0.6183557
v -0.2296673 0.4612866 0.6183557
v -0.1824421 0.485874 0.5677347
v -0.2260339 0.751269 0.5979609
v -0.2800496 0.7259079 0.6445422
v -0.3602391 0.7153579 0.5541824
v -0.2800496 0.7259079 0.6445422
v -0.2345824 0.7371468 0.8173724
v -0.4774303 0.6971968 0.6883473
v -0.4774303 0.6971968 0.6883473
v -0.2345824 0.7371468 0.8173724
v -0.1789746 0.4747617 0.7811778
v -0.4240832 0.4346992 0.6496521
v -0.4240832 0.4346992 0.6496521
v -0.1789746 0.4747617 0.7811778
v -0.2296673 0.4612866 0.6183557
v -0.3181705 0.4507034 0.5162781
v -0.3181705 0.4507034 0.5162781
v -0.2296673 0.4612866 0.6183557
v -0.2800496 0.7259079 0.6445422
v -0.3602391 0.7153579 0.5541824
v -0.3602391 0.7153579 0.5541824
v -0.4774303 0.6971968 0.6883473
v -0.4240832 0.4346992 0.6496521
v -0.3181705 0.4507034 0.5162781
v -0.09034973 0.5042981 0.3043208
v -0.01398069 0.5295017 0.4832909
v -0.05238831 0.7937645 0.5273177
v -0.06402451 0.7723623 0.3307176
v -0.06402451 0.7723623 0.3307176
v -0.05238831 0.7937645 0.5273177
v -0.1777819 0.7593827 0.4648746
v -0.1901585 0.7519751 0.3976459
v -0.1901585 0.7519751 0.3976459
v -0.1777819 0.7593827 0.4648746
v -0.1339417 0.4941223 0.4338382
v -0.2028661 0.482602 0.3747291
v -0.3186445 0.4724576 0.408901
v -0.2028661 0.482602 0.3747291
v -0.09034973 0.5042981 0.3043208
v -0.3417635 0.4899694 0.2775739
v -0.3417635 0.4899694 0.2775739
v -0.09034973 0.5042981 0.3043208
v -0.06402451 0.7723623 0.3307176
v -0.315421 0.7584673 0.2560511
v -0.315421 0.7584673 0.2560511
v -0.06402451 0.7723623 0.3307176
v -0.1901585 0.7519751 0.3976459
v -0.3007216 0.7423125 0.3986264
v -0.3007216 0.7423125 0.3986264
v -0.1901585 0.7519751 0.3976459
v -0.2028661 0.482602 0.3747291
v -0.3186445 0.4724576 0.408901
v -0.3186445 0.4724576 0.408901
v -0.3417635 0.4899694 0.2775739
v -0.315421 0.7584673 0.2560511
v -0.3007216 0.7423125 0.3986264
v 0.4997178 0.8887473 0.6874382
v 0.5969527 0.9879537 0.5436537
v 0.6125916 0.6638716 0.5403683
v 0.5355894 0.6606661 0.6583164
v 0.5355894 0.6606661 0.6583164
v 0.6125916 0.6638716 0.5403683
v 0.3754103 0.6475008 0.4429251
v 0.3637918 0.6372955 0.595886
v 0.3637918 0.6372955 0.595886
v 0.3754103 0.6475008 0.4429251
v 0.3612704 0.9714918 0.4536272
v 0.3293164 0.8648657 0.6302269
v 0.3005694 0.685178 0.7512631
v 0.3293164 0.8648657 0.6302269
v 0.4997178 0.8887473 0.6874382
v 0.4681067 0.6866632 0.8206112
v 0.4681067 0.6866632 0.8206112
v 0.4997178 0.8887473 0.6874382
v 0.5355894 0.6606661 0.6583164
v 0.4823449 0.4585789 0.7766701
v 0.4823449 0.4585789 0.7766701
v 0.5355894 0.6606661 0.6583164
v 0.3637918 0.6372955 0.595886
v 0.3138393 0.4581077 0.7020797
v 0.3138393 0.4581077 0.7020797
v 0.3637918 0.6372955 0.595886
v 0.3293164 0.8648657 0.6302269
v 0.3005694 0.685178 0.7512631
v 0.3005694 0.685178 0.7512631
v 0.4681067 0.6866632 0.8206112
v 0.4823449 0.4585789 0.7766701
v 0.3138393 0.4581077 0.7020797
v 0.6975902 0.8457068 0.7735808
v 0.7997772 0.9865968 0.6015959
v 0.8250634 0.6962447 0.593928
v 0.7341582 0.6574014 0.7455058
v 0.7341582 0.6574014 0.7455058
v 0.8250634 0.6962447 0.593928
v 0.6125916 0.6638716 0.5403683
v 0.5979207 0.6275855 0.6981468
v 0.5979207 0.6275855 0.6981468
v 0.6125916 0.6638716 0.5403683
v 0.5969527 0.9879537 0.5436537
v 0.5656067 0.8390098 0.7265695
v 0.552106 0.648468 0.8772663
v 0.5656067 0.8390098 0.7265695
v 0.6975902 0.8457068 0.7735808
v 0.6635599 0.6438361 0.9196978
v 0.6635599 0.6438361 0.9196978
v 0.6975902 0.8457068 0.7735808
v 0.7341582 0.6574014 0.7455058
v 0.6843625 0.4837287 0.8858898
v 0.6843625 0.4837287 0.8858898
v 0.7341582 0.6574014 0.7455058
v 0.5979207 0.6275855 0.6981468
v 0.5679797 0.4690452 0.8417959
v 0.5679797 0.4690452 0.8417959
v 0.5979207 0.6275855 0.6981468
v 0.5656067 0.8390098 0.7265695
v 0.552106 0.648468 0.8772663
v 0.552106 0.648468 0.8772663
v 0.6635599 0.6438361 0.9196978
v 0.6843625 0.4837287 0.8858898
v 0.5679797 0.4690452 0.8417959
v 0.8030508 0.6483716 0.7649102
v 0.8250634 0.6962447 0.593928
v 0.7997772 0.9865968 0.6015959
v 0.7861672 0.8353645 0.8342647
v 0.7861672 0.8353645 0.8342647
v 0.7997772 0.9865968 0.6015959
v 0.9304129 0.9552938 0.6309274
v 0.8780148 0.8177328 0.8214806
v 0.8780148 0.8177328 0.8214806
v 0.9304129 0.9552938 0.6309274
v 0.9411442 0.7175868 0.6227949
v 0.8849191 0.6643504 0.7654256
v 0.8838869 0.4859038 0.8526976
v 0.8849191 0.6643504 0.7654256
v 0.8030508 0.6483716 0.7649102
v 0.8016139 0.4721582 0.85225
v 0.8016139 0.4721582 0.85225
v 0.8030508 0.6483716 0.7649102
v 0.7861672 0.8353645 0.8342647
v 0.7887477 0.6671755 0.8954254
v 0.7887477 0.6671755 0.8954254
v 0.7861672 0.8353645 0.8342647
v 0.8780148 0.8177328 0.8214806
v 0.8802914 0.6455735 0.8874635
v 0.8802914 0.6455735 0.8874635
v 0.8780148 0.8177328 0.8214806
v 0.8849191 0.6643504 0.7654256
v 0.8838869 0.4859038 0.8526976
v 0.8838869 0.4859038 0.8526976
v 0.8016139 0.4721582 0.85225
v 0.7887477 0.6671755 0.8954254
v 0.8802914 0.6455735 0.8874635

vn 0.0657581 -0.9955095 0.0680933
vn 0.076626 -0.9948028 0.06705222
vn 0.0657581 -0.9955095 0.0680933
vn 0.04586478 -0.9964938 0.06997594
vn 0.9192214 0.02206634 0.3931224
vn 0.921316 0.02832577 0.3877816
vn 0.9192214 0.02206634 0.3931224
vn 0.9170986 0.01591414 0.3983427
vn 0.215157 -0.9438707 -0.2506303
vn 0.2361475 -0.9371937 -0.2567146
vn 0.215157 -0.9438707 -0.2506303
vn 0.1873184 -0.9519185 -0.2424108
vn 0.1733946 -0.984484 0.02693858
vn 0.1515908 -0.9884356 -0.003921789
vn 0.1733946 -0.984484 0.02693858
vn 0.1962284 -0.9787452 0.05960115
vn 0.2015696 0.9715743 0.1241498
vn 0.1981487 0.9722118 0.1246653
vn 0.2015696 0.9715743 0.1241498
vn 0.2048951 0.9709426 0.1236469
vn 0.1496652 -0.9887037 0.008082867
vn 0.1725937 -0.9844143 0.03376297
vn 0.1496652 -0.9887037 0.008082867
vn 0.1331306 -0.9910448 -0.01031809
vn -0.1279403 -0.7705703 0.6243817
vn -0.07766575 -0.792563 0.6048239
vn -0.1279403 -0.7705703 0.6243817
vn -0.1743407 -0.7477525 0.6406805
vn -0.02158039 0.9991496 0.03513494
vn -0.04705349 0.9980969 0.03985748
vn -0.02158039 0.9991496 0.03513494
vn -0.002326723 0.9994995 0.03155155
vn -0.1932225 0.7943025 0.5759762
vn -0.1676421 0.7783365 0.6050525
vn -0.1932225 0.7943025 0.5759762
vn -0.2305177 0.8154049 0.5310146
vn 0.06284599 -0.9979491 -0.01216486
vn 0.06901143 -0.9976158 -0.0003742576
vn 0.06284599 -0.9979491 -0.01216486
vn 0.05571185 -0.998114 -0.02577881
vn -0.04674219 -0.9823719 0.1809988
vn -0.0217464 -0.9853027 0.1694275
vn -0.04674219 -0.9823719 0.1809988
vn -0.08234135 -0.9768857 0.1972669
vn -0.06320289 0.9979289 0.01197636
vn -0.04974751 0.9987176 0.009399529
vn -0.06320289 0.9979289 0.01197636
vn -0.07508778 0.9970751 0.01425245
vn -0.2485676 0.8574126 0.4506193
vn -0.2388411 0.8498073 0.4698749
vn -0.2485676 0.8574126 0.4506193
vn -0.2630261 0.8680592 0.4210588
vn 0.05956575 -0.9970548 -0.04830739
vn 0.07315546 -0.9972016 -0.01540277
vn 0.05956575 -0.9970548 -0.04830739
vn 0.04591019 -0.9956458 -0.08112766
vn 0.01823479 -0.9892348 0.1451966
vn -0.08674423 -0.9719259 0.2187136
vn 0.01823479 -0.9892348 0.1451966
vn 0.0745481 -0.9917091 0.1046694
vn -0.06061152 0.9970217 0.04768765
vn -0.02966717 0.9987093 0.04122656
vn -0.06061152 0.9970217 0.04768765
vn -0.09151121 0.9943332 0.05410428
vn -0.2624949 0.8974517 0.3545094
vn -0.2314577 0.8624386 0.450141
vn -0.2624949 0.8974517 0.3545094
vn -0.2864146 0.9191205 0.2705261
vn -0.1168357 -0.9835004 -0.1381175
vn -0.1524271 -0.9688592 -0.1951356
vn -0.1168357 -0.9835004 -0.1381175
vn -0.06135795 -0.9968781 -0.04969031
vn 0.1001021 0.05692583 -0.9933474
vn 0.03795593 0.09029713 -0.9951913
vn 0.1001021 0.05692583 -0.9933474
vn 0.1892822 0.008058947 -0.9818897
vn -0.3486623 0.925521 -0.1478024
vn -0.4088404 0.901322 -0.1430668
vn -0.3486623 0.925521 -0.1478024
vn -0.260904 0.9530926 -0.1534393
vn -0.6137974 -0.05676774 0.78742
vn -0.6535128 -0.08852773 0.7517205
vn -0.6137974 -0.05676774 0.78742
vn -0.5508243 -0.009474734 0.8345674
vn -0.8465325 -0.002018433 -0.5323333
vn -0.8465326 -0.00201825 -0.5323331
vn -0.8465325 -0.002018433 -0.5323333
vn -0.8465324 -0.002018619 -0.5323334
vn 0.8990333 0.0002910215 0.4378803
vn 0.9113292 0.01546195 0.4113881
vn 0.8990333 0.0002910215 0.4378803
vn 0.8811316 -0.01992874 0.4724509
vn 0.4726272 0.8338019 -0.2853035
vn 0.4508453 0.8184252 -0.3562564
vn 0.4726272 0.8338019 -0.2853035
vn 0.4964275 0.8464433 -0.1925967
vn -0.6859863 -0.0385537 -0.7265923
vn -0.6840404 -0.04033755 -0.728328
vn -0.6859863 -0.0385537 -0.7265923
vn -0.6891692 -0.03562161 -0.7237243
vn -0.4424491 -0.7232417 0.5302455
vn -0.4724763 -0.713827 0.5169305
vn -0.4424491 -0.7232417 0.5302455
vn -0.4147847 -0.731046 0.54178
vn 0.7174729 -0.05543917 0.694377
vn 0.7697515 -0.01448558 0.6381794
vn 0.7174729 -0.05543917 0.694377
vn 0.66693 -0.09116288 0.7395228
vn 0.5857479 0.7328017 -0.3462673
vn 0.5909332 0.734186 -0.3343186
vn 0.5857479 0.7328017 -0.3462673
vn 0.5796474 0.7310507 -0.3599637
vn -0.7378531 0.01192129 -0.6748561
vn -0.7305485 -0.03597571 -0.6819124
vn -0.7378531 0.01192129 -0.6748561
vn -0.7434666 0.0605932 -0.6660225
vn 0.561384 -0.07134926 -0.824474
vn 0.587125 -0.09531382 -0.8038654
vn 0.561384 -0.07134926 -0.824474
vn 0.5413343 -0.05317989 -0.839124
vn 0.894686 0.02825375 0.4458012
vn 0.9439291 0.07370593 0.3218157
vn 0.894686 0.02825375 0.4458012
vn 0.8543166 -0.0008233076 0.5197524
vn 0.2318991 0.8660307 -0.44296
vn 0.2108396 0.8456679 -0.4902983
vn 0.2318991 0.8660307 -0.44296
vn 0.252492 0.8839155 -0.3936259
vn -0.8899432 -0.00106005 -0.4560701
vn -0.8646989 -0.03664774 -0.5009517
vn -0.8899432 -0.00106005 -0.4560701
vn -0.9177812 0.04565274 -0.3944533
vn -0.1199159 -0.8934602 0.4328385
vn -0.06427544 -0.9009271 0.4291844
vn -0.1199159 -0.8934602 0.4328385
vn -0.2274626 -0.8707173 0.4360186
vn 0.931448 -0.0264649 0.3629107
vn 0.9370363 -0.02074587 0.3486151
vn 0.931448 -0.0264649 0.3629107
vn 0.9192622 -0.0381194 0.3917958
vn 0.4596703 0.60072 -0.6540938
vn 0.4026306 0.5644202 -0.7206375
vn 0.4596703 0.60072 -0.6540938
vn 0.5390791 0.6458589 -0.5406107
vn -0.7225459 0.01948751 -0.6910483
vn -0.714126 -0.00582767 -0.6999931
vn -0.7225459 0.01948751 -0.6910483
vn -0.7345969 0.05915274 -0.6759205
vn 0.6371927 -0.03805712 -0.7697644
vn 0.6165444 -0.02106813 -0.7870383
vn 0.6371927 -0.03805712 -0.7697644
vn 0.656117 -0.05408076 -0.7527189
vn 0.9727925 0.02127822 0.2306988
vn 0.9819375 0.04552155 0.1836477
vn 0.9727925 0.02127822 0.2306988
vn 0.9585996 -0.007040696 0.2846702
vn 0.1632794 0.853195 -0.4953769
vn 0.1480456 0.8421958 -0.5184484
vn 0.1632794 0.853195 -0.4953769
vn 0.1840201 0.8671046 -0.462889
vn -0.8471981 -0.01014735 -0.5311803
vn -0.8421376 -0.01895097 -0.5389295
vn -0.8471981 -0.01014735 -0.5311803
vn -0.854766 0.003496748 -0.5190018
vn -0.2473474 -0.7751706 0.5813172
vn -0.2497228 -0.7744338 0.5812839
vn -0.2473474 -0.7751706 0.5813172
vn -0.2436436 -0.7763091 0.5813623
vn 0.9611599 0.02787207 0.2745812
vn 0.9382243 -0.002315061 0.3460199
vn 0.9611599 0.02787207 0.2745812
vn 0.9847797 0.07585335 0.1563819
vn 0.3072458 0.5939637 -0.7435101
vn 0.2994395 0.5896441 -0.7501039
vn 0.3072458 0.5939637 -0.7435101
vn 0.317833 0.5997381 -0.734368
vn -0.8347271 -0.02714021 -0.5499947
vn -0.8367288 0.001650436 -0.5476151
vn -0.8347271 -0.02714021 -0.5499947
vn -0.8306432 -0.06831586 -0.5525984
vn 0.4670029 0.003337203 -0.8842494
vn 0.4802328 -0.005339732 -0.8771248
vn 0.4670029 0.003337203 -0.8842494
vn 0.4533872 0.01217141 -0.8912305
vn 0.9904353 0.02745165 0.13522
vn 0.9914638 0.03916172 0.1243627
vn 0.9904353 0.02745165 0.13522
vn 0.9890994 0.01528821 0.1464541
vn -0.03375471 0.9817199 -0.1873144
vn 0.03064455 0.9922884 -0.1201032
vn -0.03375471 0.9817199 -0.1873144
vn -0.267448 0.8674542 -0.4195175
vn -0.8945915 0.03286218 -0.445675
vn -0.8784024 0.01418513 -0.4777111
vn -0.8945915 0.03286218 -0.445675
vn -0.910999 0.0537365 -0.4088926
vn 0.1069455 -0.9864064 0.1247597
vn 0.1154553 -0.9757917 0.1857439
vn 0.1069455 -0.9864064 0.1247597
vn 0.1014881 -0.9910342 0.08689864
vn 0.4827079 0.004286392 -0.8757709
vn 0.4303928 0.04403147 -0.9015671
vn 0.4827079 0.004286392 -0.8757709
vn 0.5336111 -0.03629141 -0.844951
vn -0.1319935 0.9851047 -0.1102107
vn -0.08778193 0.990368 -0.1070774
vn -0.1319935 0.9851047 -0.1102107
vn -0.2723735 0.9548303 -0.1187928
vn -0.7280859 0.03361375 0.6846612
vn -0.8330397 -0.01176084 0.5530883
vn -0.7280859 0.03361375 0.6846612
vn -0.6155226 0.07332052 0.7847013
vn 0.03718657 -0.9966663 0.07261863
vn 0.03288668 -0.9987643 0.03726169
vn 0.03718657 -0.9966663 0.07261863
vn 0.04421791 -0.9903838 0.1310908
vn 0.03561071 -0.9937011 0.1062548
vn 0.09766394 -0.9952112 -0.004053082
vn 0.03561071 -0.9937011 0.1062548
vn 0.02668815 -0.9921843 0.1218939
vn -0.04825832 0.9978974 -0.04326561
vn -0.07910892 0.9963971 -0.03057285
vn -0.04825832 0.9978974 -0.04326561
vn -0.001346558 0.9980484 -0.06243192
vn -0.07431512 0.996965 -0.02319666
vn -0.1284804 0.9879808 0.08594541
vn -0.07431512 0.996965 -0.02319666
vn -0.05984421 0.9968563 -0.05192543
vn -0.8168034 0.04178887 -0.5754007
vn -0.7314178 -0.01871671 -0.6816728
vn -0.8168034 0.04178887 -0.5754007
vn -0.8895133 0.1070451 -0.444193
vn 0.9479167 -0.1041673 -0.3010035
vn 0.9217814 -0.03639533 -0.3859981
vn 0.9479167 -0.1041673 -0.3010035
vn 0.9619523 -0.1686971 -0.2149161
vn -0.03588638 0.9911317 -0.1279465
vn -0.04059457 0.9906493 -0.1302541
vn -0.03588638 0.9911317 -0.1279465
vn -0.02164809 0.9924226 -0.1209493
vn -0.8301572 0.08451561 0.5510863
vn -0.9430675 0.01142394 0.3324051
vn -0.8301572 0.08451561 0.5510863
vn -0.6884889 0.1432387 0.7109612
vn 0.00273912 -0.9999269 0.011775
vn 0.1331547 -0.9637759 0.2310971
vn 0.00273912 -0.9999269 0.011775
vn -0.0344287 -0.9981143 -0.05081753
vn 0.1035348 -0.08444177 -0.9910349
vn 0.1312368 -0.1095459 -0.98528
vn 0.1035348 -0.08444177 -0.9910349
vn 0.07555942 -0.05910353 -0.9953882
vn -0.001551557 0.9998829 -0.01522875
vn 0.04948337 0.997613 -0.04816234
vn -0.001551557 0.9998829 -0.01522875
vn -0.08340652 0.9958015 0.0377188
vn 0.2602391 0.003537049 0.9655377
vn 0.324436 0.0185273 0.9457262
vn 0.2602391 0.003537049 0.9655377
vn 0.1956157 -0.01128657 0.9806157
vn -0.7414169 -0.6629211 -0.1040999
vn -0.6860529 -0.7209722 -0.09762424
vn -0.7414169 -0.6629211 -0.1040999
vn -0.8027452 -0.5858777 -0.1111195
vn 0.5138704 -0.1177383 -0.8497499
vn 0.5814661 -0.1274562 -0.8035248
vn 0.5138704 -0.1177383 -0.8497499
vn 0.459882 -0.1097758 -0.8811685
vn 0.6432123 0.760367 0.09011161
vn 0.6974704 0.711074 0.088932
vn 0.6432123 0.760367 0.09011161
vn 0.5964745 0.7974892 0.09071442
vn -0.4293672 0.08359504 0.8992529
vn -0.3899678 0.07914659 0.9174208
vn -0.4293672 0.08359504 0.8992529
vn -0.4779382 0.0889836 0.8738747
vn -0.9855102 0.1426904 -0.09170154
vn -0.9854547 0.1396896 -0.09677745
vn -0.9855102 0.1426904 -0.09170154
vn -0.9855312 0.1455375 -0.08687498
vn 0.3057435 -0.1185888 0.9446998
vn 0.377294 -0.07051831 0.9234048
vn 0.3057435 -0.1185888 0.9446998
vn 0.2314293 -0.1659435 0.9585944
vn 0.04053335 -0.9980556 0.04735196
vn 0.02914467 -0.9987135 0.041498
vn 0.04053335 -0.9980556 0.04735196
vn 0.06968907 -0.9956203 0.06231856
vn -0.1246866 0.07173432 -0.9895996
vn 0.09357523 -0.004440096 -0.9956024
vn -0.1246866 0.07173432 -0.9895996
vn -0.3788901 0.1584398 -0.9117781
vn 0.06280947 0.996739 -0.05065846
vn 0.02573357 0.998639 -0.04536548
vn 0.06280947 0.996739 -0.05065846
vn 0.07168344 0.9960754 -0.0519166
vn -0.7542052 -0.02596698 0.6561252
vn -0.7004624 0.03040303 0.7130414
vn -0.7542052 -0.02596698 0.6561252
vn -0.8037969 -0.08583241 0.5886794
vn -0.07837476 -0.9955704 0.05193258
vn -0.0778463 -0.9957534 0.04914476
vn -0.07837476 -0.9955704 0.05193258
vn -0.07915885 -0.9952837 0.05607441
vn 0.9508987 -0.06093163 -0.3034453
vn 0.9788093 -0.1531384 -0.1359447
vn 0.9508987 -0.06093163 -0.3034453
vn 0.8853427 0.03604865 -0.4635396
vn -0.5042695 0.1547944 -0.8495593
vn -0.509203 0.1582333 -0.8459756
vn -0.5042695 0.1547944 -0.8495593
vn -0.4991072 0.1512062 -0.853246
vn 0.8152132 0.01554178 0.5789524
vn 0.815672 0.01649652 0.5782795
vn 0.8152132 0.01554178 0.5789524
vn 0.8146281 0.01432785 0.5798068
vn 0.1624891 -0.973298 -0.1621371
vn 0.1326372 -0.9795201 -0.1514854
vn 0.1624891 -0.973298 -0.1621371
vn 0.2211299 -0.9579706 -0.1827401
vn -0.9348541 -0.01302653 -0.354793
vn -0.9465155 -0.001907391 -0.3226528
vn -0.9348541 -0.01302653 -0.354793
vn -0.9213716 -0.02463229 -0.3879016
vn -0.3239999 0.934928 0.1446851
vn -0.4169762 0.8021972 0.4273297
vn -0.3239999 0.934928 0.1446851
vn -0.2712246 0.9624281 0.01301597
vn 0.1400052 -0.1010946 0.9849764
vn 0.1583434 -0.06891767 0.984976
vn 0.1400052 -0.1010946 0.9849764
vn 0.1202556 -0.1352247 0.9834902
vn 0.3429002 -0.9273065 -0.1500737
vn 0.2534323 -0.9428529 -0.2163344
vn 0.3429002 -0.9273065 -0.1500737
vn 0.5556753 -0.8307877 0.03188736
vn -0.2002356 0.1256632 -0.9716555
vn -0.1781808 0.1211882 -0.9765066
vn -0.2002356 0.1256632 -0.9716555
vn -0.2186319 0.1293611 -0.9671948
vn -0.2382828 0.9711947 -0.001490481
vn -0.2704919 0.9626325 0.01314599
vn -0.2382828 0.9711947 -0.001490481
vn -0.2071899 0.9781783 -0.01548367
vn -0.2889845 0.9560128 0.05027365
vn -0.3097728 0.9386123 0.151815
vn -0.2889845 0.9560128 0.05027365
vn -0.2801904 0.9598781 0.01129095
vn 0.2519409 -0.9677391 0.002629317
vn 0.2403254 -0.9704444 -0.02194083
vn 0.2519409 -0.9677391 0.002629317
vn 0.2682783 -0.9625965 0.03787855
vn 0.2387735 -0.9710668 0.004070327
vn 0.3691301 -0.8933334 -0.2563173
vn 0.2387735 -0.9710668 0.004070327
vn 0.2162618 -0.9752949 0.0450647
vn -0.9318146 -0.1137389 -0.3446523
vn -0.9317695 -0.1137803 -0.3447603
vn -0.9318146 -0.1137389 -0.3446523
vn -0.9318593 -0.1136977 -0.3445449
vn 0.6433471 0.005007386 0.7655584
vn 0.6223888 -0.02637686 0.7822636
vn 0.6433471 0.005007386 0.7655584
vn 0.6640306 0.0377186 0.7467534
vn 0.3005766 -0.9522018 -0.05445643
vn 0.2584691 -0.9644859 -0.0544119
vn 0.3005766 -0.9522018 -0.05445643
vn 0.4149544 -0.9082369 -0.05402564
vn -0.6808428 -0.04289335 -0.7311725
vn -0.7209606 -0.03962458 -0.6918424
vn -0.6808428 -0.04289335 -0.7311725
vn -0.6399239 -0.04593037 -0.7670645
vn -0.1465277 0.9891346 -0.01193066
vn -0.082486 0.9956621 -0.04304695
vn -0.1465277 0.9891346 -0.01193066
vn -0.1594158 0.9871956 -0.005616874
vn -0.4324068 -0.2147091 0.8757422
vn -0.4310231 -0.2123257 0.8770045
vn -0.4324068 -0.2147091 0.8757422
vn -0.4337714 -0.2170645 0.8744858
vn 0.1382086 -0.9902518 0.01731092
vn 0.141376 -0.9892321 0.03785295
vn 0.1382086 -0.9902518 0.01731092
vn 0.1334359 -0.9909728 -0.01295003
vn 0.7244812 0.2061938 -0.6577318
vn 0.7292091 0.2034895 -0.6533347
vn 0.7244812 0.2061938 -0.6577318
vn 0.7191378 0.209214 -0.6626239
vn -0.7644004 -0.04489945 -0.6431766
vn -0.7483406 -0.05463624 -0.6610608
vn -0.7644004 -0.04489945 -0.6431766
vn -0.780612 -0.03470602 -0.6240516
vn 0.9707781 0.05299816 -0.2340537
vn 0.8912898 0.1975368 -0.4081441
vn 0.9707781 0.05299816 -0.2340537
vn 0.9944848 -0.09286242 -0.04875149
vn -0.213435 0.9730905 -0.08683468
vn -0.2201025 0.9710636 -0.09268441
vn -0.213435 0.9730905 -0.08683468
vn -0.1960931 0.9779635 -0.07165821
vn -0.8292474 -0.1037092 0.5491752
vn -0.9632229 -0.1822919 0.1974113
vn -0.8292474 -0.1037092 0.5491752
vn -0.6473023 -0.03424491 0.7614638
vn 0.0623078 -0.9845345 -0.1637361
vn -0.006004505 -0.9528992 -0.3032277
vn 0.0623078 -0.9845345 -0.1637361
vn 0.07159072 -0.9869543 -0.1442086
vn 0.1982703 -0.01055868 -0.9800906
vn 0.1004356 0.08772947 -0.9910682
vn 0.1982703 -0.01055868 -0.9800906
vn 0.2884611 -0.1045944 -0.9517617
vn -0.08968697 0.9881391 0.1246493
vn -0.09228319 0.9876106 0.1269218
vn -0.08968697 0.9881391 0.1246493
vn -0.08536022 0.9889926 0.1208607
vn 0.156123 -0.03201382 0.9872187
vn 0.01630804 -0.08552095 0.9962029
vn 0.156123 -0.03201382 0.9872187
vn 0.2815946 0.01782492 0.9593679
vn -0.985058 0.08967981 0.1470321
vn -0.9761733 0.1107323 0.1866125
vn -0.985058 0.08967981 0.1470321
vn -0.9914436 0.07004261 0.1101527
vn 0.823662 0.04365423 0.5653984
vn 0.8169921 0.03358882 0.5756698
vn 0.823662 0.04365423 0.5653984
vn 0.8350008 0.0615089 0.5468001
vn 0.1027529 -0.9945843 -0.01562203
vn 0.06309638 -0.9979082 0.01407233
vn 0.1027529 -0.9945843 -0.01562203
vn 0.1538866 -0.9866044 -0.05413613
vn -0.9849052 -0.07403329 -0.1564633
vn -0.9960845 -0.04088275 -0.07838736
vn -0.9849052 -0.07403329 -0.1564633
vn -0.9643577 -0.1097622 -0.2407624
vn -0.3272717 0.5590206 0.7618329
vn -0.3328926 0.5628631 0.7565498
vn -0.3272717 0.5590206 0.7618329
vn -0.322209 0.5555385 0.7665235
vn 0.9248956 0.04105697 0.3779979
vn 0.9243712 0.0983166 0.3686079
vn 0.9248956 0.04105697 0.3779979
vn 0.9222707 -0.01682525 0.3861783
vn 0.3459386 -0.5438934 -0.7645302
vn 0.3513502 -0.5403492 -0.7645755
vn 0.3459386 -0.5438934 -0.7645302
vn 0.3399186 -0.5477981 -0.7644427
vn -0.9290188 -0.02980374 -0.3688302
vn -0.8641983 -0.05545621 -0.5000861
vn -0.9290188 -0.02980374 -0.3688302
vn -0.9711794 -0.005140725 -0.2382945
vn -0.3841621 -0.2072946 0.8996935
vn -0.3733934 -0.1979136 0.9063153
vn -0.3841621 -0.2072946 0.8996935
vn -0.3946694 -0.2164787 0.8929575
vn 0.8395733 0.06824876 0.5389423
vn 0.8364697 0.05845676 0.5448866
vn 0.8395733 0.06824876 0.5389423
vn 0.8446875 0.08524927 0.5284275
vn 0.2178724 -0.9628588 -0.1594825
vn 0.183401 -0.9731074 -0.1393777
vn 0.2178724 -0.9628588 -0.1594825
vn 0.2728888 -0.942803 -0.1914532
vn -0.9815563 -0.07754839 -0.1747387
vn -0.9935574 -0.04689895 -0.1031711
vn -0.9815563 -0.07754839 -0.1747387
vn -0.9601275 -0.1123294 -0.2560027
vn -0.2802693 0.6004381 0.748948
vn -0.2941008 0.6056249 0.7394074
vn -0.2802693 0.6004381 0.748948
vn -0.2644511 0.5943206 0.7595055
vn 0.9211848 0.08420821 0.3799048
vn 0.9166219 0.1212083 0.3809369
vn 0.9211848 0.08420821 0.3799048
vn 0.9249236 0.04035543 0.378005
vn 0.3565458 -0.6550963 -0.6661262
vn 0.3729508 -0.6456067 -0.6664082
vn 0.3565458 -0.6550963 -0.6661262
vn 0.3362015 -0.6664405 -0.6654515
vn -0.9678855 -0.08039299 -0.2381905
vn -0.945057 -0.1027202 -0.3103479
vn -0.9678855 -0.08039299 -0.2381905
vn -0.9857221 -0.05580148 -0.1588656
vn -0.3374689 -0.2230556 0.9145277
vn -0.3542444 -0.2370425 0.9046114
vn -0.3374689 -0.2230556 0.9145277
vn -0.3229329 -0.2109627 0.92261
vn -0.9903312 -0.06797588 -0.1209276
vn -0.9853265 -0.08185483 -0.1497713
vn -0.9903312 -0.06797588 -0.1209276
vn -0.9940682 -0.05494241 -0.09386022
vn 0.1352229 0.8084831 0.5727739
vn 0.07710405 0.8338845 0.5465268
vn 0.1352229 0.8084831 0.5727739
vn 0.2304385 0.7578078 0.6104306
vn 0.9519522 -0.00732154 0.3061592
vn 0.9572513 0.03338496 0.287325
vn 0.9519522 -0.00732154 0.3061592
vn 0.9372434 -0.08169132 0.3389713
vn 0.08502796 -0.4405809 -0.893677
vn 0.0911053 -0.4379359 -0.8943779
vn 0.08502796 -0.4405809 -0.893677
vn 0.07890854 -0.4432229 -0.8929317
vn -0.9936507 -0.0473133 -0.102077
vn -0.9924733 -0.04779179 -0.1127514
vn -0.9936507 -0.0473133 -0.102077
vn -0.9951942 -0.04658919 -0.08612829
vn 0.1783223 0.3465714 0.9209177
vn 0.1930854 0.3379329 0.9211512
vn 0.1783223 0.3465714 0.9209177
vn 0.1638101 0.3549353 0.9204277
vn 0.9989187 0.02155267 0.04119514
vn 0.9986663 0.02945738 0.04240182
vn 0.9989187 0.02155267 0.04119514
vn 0.9991043 0.01378747 0.0400074
vn 0.03258469 -0.2130688 0.9764937
vn 0.03046527 -0.214142 0.9763273
vn 0.03258469 -0.2130688 0.9764937
vn 0.03494995 -0.2118697 0.9766728

vt 0.315982 0.3034129
vt 0.2889604 0.2999676
vt 0.2723839 0.3226989
vt 0.299213 0.3151102
vt 0.2723839 0.3226989
vt 0.2148315 0.3216937
vt 0.2137122 0.5541891
vt 0.2723839 0.55585
vt 0.1808427 0.2784663
vt 0.2148315 0.3216937
vt 0.2028442 0.2939151
vt 0.1665236 0.2591082
vt 0.1629781 0.2171038
vt 0.2028442 0.2939151
vt 0.2889604 0.2999676
vt 0.3104563 0.2131161
vt 0.2879348 0.651874
vt 0.2723839 0.55585
vt 0.2137122 0.5541891
vt 0.1994254 0.6323559
vt 0.2028442 0.2939151
vt 0.2148315 0.3216937
vt 0.2723839 0.3226989
vt 0.2889604 0.2999676
vt 0.3522833 0.09464875
vt 0.3104563 0.2131161
vt 0.2889604 0.2999676
vt 0.3200449 0.1813939
vt 0.3123026 0.7608157
vt 0.2879348 0.651874
vt 0.1994254 0.6323559
vt 0.161662 0.7558444
vt 0.1170837 0.4878104
vt 0.161662 0.7558444
vt 0.1994254 0.6323559
vt 0.1452566 0.4696853
vt 0.04697967 0.07393667
vt 0.1629781 0.2171038
vt 0.3104563 0.2131161
vt 0.3909046 0.05971801
vt 0.4332734 0.1321958
vt 0.3909046 0.05971801
vt 0.3104563 0.2131161
vt 0.3762632 0.1712721
vt 0.3905801 0.9999999
vt 0.3123026 0.7608157
vt 0.161662 0.7558444
vt 0.04293036 0.9342147
vt 0.03598645 0.5798898
vt 0.04293036 0.9342147
vt 0.161662 0.7558444
vt 0.1007341 0.574541
vt 0.8615726 0.1206464
vt 0.04697967 0.07393667
vt 0.3909046 0.05971801
vt 0.6338232 0.1168964
vt 0.5765309 0.1188753
vt 0.6338232 0.1168964
vt 0.3909046 0.05971801
vt 0.4948224 0.1832019
vt 0.6428424 0.9466841
vt 0.3905801 0.9999999
vt 0.04293036 0.9342147
vt 0.8728164 0.7990401
vt 0.9179103 0.5627522
vt 0.8728164 0.7990401
vt 0.04293036 0.9342147
vt 1 0.5657415
vt 0.8091816 0.2535243
vt 0.8615726 0.1206464
vt 0.6338232 0.1168964
vt 0.7101729 0.2269443
vt 0.7101729 0.2269443
vt 0.6338232 0.1168964
vt 0.6428424 0.9466841
vt 0.7074638 0.659135
vt 0.7074638 0.659135
vt 0.6428424 0.9466841
vt 0.8728164 0.7990401
vt 0.8076824 0.6285685
vt 0.8076824 0.6285685
vt 0.8728164 0.7990401
vt 0.8615726 0.1206464
vt 0.8091816 0.2535243
vt 0.8091816 0.2535243
vt 0.7101729 0.2269443
vt 0.7074638 0.659135
vt 0.8076824 0.6285685
vt 0.299213 0.3151102
vt 0.2723839 0.3226989
vt 0.2723839 0.55585
vt 0.3006326 0.4657976
vt 0.3006326 0.4657976
vt 0.2723839 0.55585
vt 0.2879348 0.651874
vt 0.3181475 0.5082289
vt 0.3181475 0.5082289
vt 0.2879348 0.651874
vt 0.2889604 0.2999676
vt 0.315982 0.3034129
vt 0.3417731 0.1665227
vt 0.315982 0.3034129
vt 0.299213 0.3151102
vt 0.3276381 0.1790266
vt 0.3276381 0.1790266
vt 0.299213 0.3151102
vt 0.3006326 0.4657976
vt 0.3280295 0.3071741
vt 0.3280295 0.3071741
vt 0.3006326 0.4657976
vt 0.3181475 0.5082289
vt 0.3420125 0.3380641
vt 0.3420125 0.3380641
vt 0.3181475 0.5082289
vt 0.315982 0.3034129
vt 0.3417731 0.1665227
vt 0.3417731 0.1665227
vt 0.3276381 0.1790266
vt 0.3280295 0.3071741
vt 0.3420125 0.3380641
vt 0.3200449 0.1813939
vt 0.2889604 0.2999676
vt 0.2879348 0.651874
vt 0.3282607 0.5043344
vt 0.3282607 0.5043344
vt 0.2879348 0.651874
vt 0.3123026 0.7608157
vt 0.3623205 0.5622322
vt 0.3623205 0.5622322
vt 0.3123026 0.7608157
vt 0.3104563 0.2131161
vt 0.3522833 0.09464875
vt 0.3833588 0.07596549
vt 0.3522833 0.09464875
vt 0.3200449 0.1813939
vt 0.3586553 0.1066409
vt 0.3586553 0.1066409
vt 0.3200449 0.1813939
vt 0.3282607 0.5043344
vt 0.3585404 0.2759191
vt 0.3585404 0.2759191
vt 0.3282607 0.5043344
vt 0.3623205 0.5622322
vt 0.3819886 0.2794343
vt 0.3819886 0.2794343
vt 0.3623205 0.5622322
vt 0.3522833 0.09464875
vt 0.3833588 0.07596549
vt 0.3833588 0.07596549
vt 0.3586553 0.1066409
vt 0.3585404 0.2759191
vt 0.3819886 0.2794343
vt 0.3762632 0.1712721
vt 0.3104563 0.2131161
vt 0.3123026 0.7608157
vt 0.3812683 0.5170989
vt 0.3812683 0.5170989
vt 0.3123026 0.7608157
vt 0.3905801 0.9999999
vt 0.4340197 0.5598891
vt 0.4340197 0.5598891
vt 0.3905801 0.9999999
vt 0.3909046 0.05971801
vt 0.4332734 0.1321958
vt 0.4419572 0.03206807
vt 0.4332734 0.1321958
vt 0.3762632 0.1712721
vt 0.410345 0.05875728
vt 0.410345 0.05875728
vt 0.3762632 0.1712721
vt 0.3812683 0.5170989
vt 0.4140373 0.2359394
vt 0.4140373 0.2359394
vt 0.3812683 0.5170989
vt 0.4340197 0.5598891
vt 0.4449455 0.2181896
vt 0.4449455 0.2181896
vt 0.4340197 0.5598891
vt 0.4332734 0.1321958
vt 0.4419572 0.03206807
vt 0.4419572 0.03206807
vt 0.410345 0.05875728
vt 0.4140373 0.2359394
vt 0.4449455 0.2181896
vt 0.4948224 0.1832019
vt 0.3909046 0.05971801
vt 0.3905801 0.9999999
vt 0.4936123 0.593155
vt 0.4936123 0.593155
vt 0.3905801 0.9999999
vt 0.6428424 0.9466841
vt 0.568511 0.7063488
vt 0.568511 0.7063488
vt 0.6428424 0.9466841
vt 0.6338232 0.1168964
vt 0.5765309 0.1188753
vt 0.60803 0.1294926
vt 0.5765309 0.1188753
vt 0.4948224 0.1832019
vt 0.5644103 0.1698469
vt 0.5644103 0.1698469
vt 0.4948224 0.1832019
vt 0.4936123 0.593155
vt 0.5593691 0.5315734
vt 0.5593691 0.5315734
vt 0.4936123 0.593155
vt 0.568511 0.7063488
vt 0.5883673 0.6038115
vt 0.5883673 0.6038115
vt 0.568511 0.7063488
vt 0.5765309 0.1188753
vt 0.60803 0.1294926
vt 0.634224 0.1793407
vt 0.60803 0.1294926
vt 0.5644103 0.1698469
vt 0.6043574 0.1806858
vt 0.6151984 0.1940619
vt 0.6043574 0.1806858
vt 0.5644103 0.1698469
vt 0.5840539 0.1960667
vt 0.6011587 0.4967291
vt 0.5593691 0.5315734
vt 0.5883673 0.6038115
vt 0.6224259 0.5285951
vt 0.6398082 0.5191733
vt 0.6224259 0.5285951
vt 0.5883673 0.6038115
vt 0.6788523 0.5931382
vt 0.634224 0.1793407
vt 0.6043574 0.1806858
vt 0.6011587 0.4967291
vt 0.6224259 0.5285951
vt 0.5840539 0.1960667
vt 0.5644103 0.1698469
vt 0.5593691 0.5315734
vt 0.5725217 0.4414671
vt 0.5725217 0.4414671
vt 0.5593691 0.5315734
vt 0.6011587 0.4967291
vt 0.6027266 0.4708704
vt 0.6027266 0.4708704
vt 0.6011587 0.4967291
vt 0.6043574 0.1806858
vt 0.6151984 0.1940619
vt 0.6395287 0.1935277
vt 0.6151984 0.1940619
vt 0.5840539 0.1960667
vt 0.6224646 0.2211176
vt 0.6224646 0.2211176
vt 0.5840539 0.1960667
vt 0.5725217 0.4414671
vt 0.611888 0.4466175
vt 0.611888 0.4466175
vt 0.5725217 0.4414671
vt 0.6027266 0.4708704
vt 0.6274024 0.4648451
vt 0.6274024 0.4648451
vt 0.6027266 0.4708704
vt 0.6151984 0.1940619
vt 0.6395287 0.1935277
vt 0.6401932 0.2000044
vt 0.6395287 0.1935277
vt 0.6224646 0.2211176
vt 0.6228011 0.2260089
vt 0.6228011 0.2260089
vt 0.6224646 0.2211176
vt 0.611888 0.4466175
vt 0.6126105 0.4505371
vt 0.6126105 0.4505371
vt 0.611888 0.4466175
vt 0.6274024 0.4648451
vt 0.6285849 0.4695276
vt 0.6285849 0.4695276
vt 0.6274024 0.4648451
vt 0.6395287 0.1935277
vt 0.6401932 0.2000044
vt 0.6401932 0.2000044
vt 0.6228011 0.2260089
vt 0.6126105 0.4505371
vt 0.6285849 0.4695276
vt 0.6788523 0.5931382
vt 0.5883673 0.6038115
vt 0.60803 0.1294926
vt 0.6863856 0.1640728
vt 0.6863856 0.1640728
vt 0.60803 0.1294926
vt 0.634224 0.1793407
vt 0.6503469 0.1865457
vt 0.6503469 0.1865457
vt 0.634224 0.1793407
vt 0.6224259 0.5285951
vt 0.6398082 0.5191733
vt 0.6393334 0.4851452
vt 0.6398082 0.5191733
vt 0.6788523 0.5931382
vt 0.682039 0.503463
vt 0.682039 0.503463
vt 0.6788523 0.5931382
vt 0.6863856 0.1640728
vt 0.6775178 0.2275191
vt 0.6775178 0.2275191
vt 0.6863856 0.1640728
vt 0.6503469 0.1865457
vt 0.6391052 0.2047554
vt 0.6391052 0.2047554
vt 0.6503469 0.1865457
vt 0.6398082 0.5191733
vt 0.6393334 0.4851452
vt 0.6393334 0.4851452
vt 0.682039 0.503463
vt 0.6775178 0.2275191
vt 0.6391052 0.2047554
vt 1 0.5657415
vt 0.04293036 0.9342147
vt 0.04697967 0.07393667
vt 0 0.1521746
vt 0 0.1521746
vt 0.04697967 0.07393667
vt 0.8615726 0.1206464
vt 0.9117602 0.1289394
vt 0.9117602 0.1289394
vt 0.8615726 0.1206464
vt 0.8728164 0.7990401
vt 0.9179103 0.5627522
vt 0.9004349 0.443833
vt 0.9179103 0.5627522
vt 1 0.5657415
vt 0.932368 0.4197959
vt 0.932368 0.4197959
vt 1 0.5657415
vt 0 0.1521746
vt 0.9317219 0.1342809
vt 0.9317219 0.1342809
vt 0 0.1521746
vt 0.9117602 0.1289394
vt 0.8951699 0.09011731
vt 0.8951699 0.09011731
vt 0.9117602 0.1289394
vt 0.9179103 0.5627522
vt 0.9004349 0.443833
vt 0.8686634 0.3948289
vt 0.9004349 0.443833
vt 0.932368 0.4197959
vt 0.8930684 0.3845577
vt 0.8959572 0.3615576
vt 0.8930684 0.3845577
vt 0.932368 0.4197959
vt 0.9287605 0.3715298
vt 0.8923134 0.1253983
vt 0.9317219 0.1342809
vt 0.8951699 0.09011731
vt 0.8657051 0.09323806
vt 0.8450962 0.1019608
vt 0.8657051 0.09323806
vt 0.8951699 0.09011731
vt 0.8303249 0.06629908
vt 0.8686634 0.3948289
vt 0.8930684 0.3845577
vt 0.8923134 0.1253983
vt 0.8657051 0.09323806
vt 0.9287605 0.3715298
vt 0.932368 0.4197959
vt 0.9317219 0.1342809
vt 0.9308531 0.1536493
vt 0.9308531 0.1536493
vt 0.9317219 0.1342809
vt 0.8923134 0.1253983
vt 0.8969625 0.1262444
vt 0.8969625 0.1262444
vt 0.8923134 0.1253983
vt 0.8930684 0.3845577
vt 0.8959572 0.3615576
vt 0.8724643 0.3523977
vt 0.8959572 0.3615576
vt 0.9287605 0.3715298
vt 0.8856698 0.3434263
vt 0.8856698 0.3434263
vt 0.9287605 0.3715298
vt 0.9308531 0.1536493
vt 0.8842208 0.1551706
vt 0.8842208 0.1551706
vt 0.9308531 0.1536493
vt 0.8969625 0.1262444
vt 0.8690367 0.1275945
vt 0.8690367 0.1275945
vt 0.8969625 0.1262444
vt 0.8959572 0.3615576
vt 0.8724643 0.3523977
vt 0.8724643 0.3523977
vt 0.8856698 0.3434263
vt 0.8842208 0.1551706
vt 0.8690367 0.1275945
vt 0.8303249 0.06629908
vt 0.8951699 0.09011731
vt 0.9004349 0.443833
vt 0.8387927 0.4196512
vt 0.8387927 0.4196512
vt 0.9004349 0.443833
vt 0.8686634 0.3948289
vt 0.8506417 0.3858713
vt 0.8506417 0.3858713
vt 0.8686634 0.3948289
vt 0.8657051 0.09323806
vt 0.8450962 0.1019608
vt 0.8470204 0.1345871
vt 0.8450962 0.1019608
vt 0.8303249 0.06629908
vt 0.8179681 0.1483407
vt 0.8179681 0.1483407
vt 0.8303249 0.06629908
vt 0.8387927 0.4196512
vt 0.8120502 0.3864698
vt 0.8120502 0.3864698
vt 0.8387927 0.4196512
vt 0.8506417 0.3858713
vt 0.8446923 0.3737624
vt 0.8446923 0.3737624
vt 0.8506417 0.3858713
vt 0.8450962 0.1019608
vt 0.8470204 0.1345871
vt 0.8470204 0.1345871
vt 0.8179681 0.1483407
vt 0.8120502 0.3864698
vt 0.8446923 0.3737624
vt 0.1007341 0.574541
vt 0.161662 0.7558444
vt 0.1629781 0.2171038
vt 0.1135163 0.2394165
vt 0.1135163 0.2394165
vt 0.1629781 0.2171038
vt 0.04697967 0.07393667
vt 0.04685923 0.1767995
vt 0.04685923 0.1767995
vt 0.04697967 0.07393667
vt 0.04293036 0.9342147
vt 0.03598645 0.5798898
vt 0.03121999 0.2978646
vt 0.03598645 0.5798898
vt 0.1007341 0.574541
vt 0.0809519 0.3019342
vt 0.0809519 0.3019342
vt 0.1007341 0.574541
vt 0.1135163 0.2394165
vt 0.08486933 0.03875422
vt 0.08486933 0.03875422
vt 0.1135163 0.2394165
vt 0.04685923 0.1767995
vt 0.03099373 -5.960464E-08
vt 0.03099373 -5.960464E-08
vt 0.04685923 0.1767995
vt 0.03598645 0.5798898
vt 0.03121999 0.2978646
vt 0.03121999 0.2978646
vt 0.0809519 0.3019342
vt 0.08486933 0.03875422
vt 0.03099373 -5.960464E-08
vt 0.1452566 0.4696853
vt 0.1994254 0.6323559
vt 0.2028442 0.2939151
vt 0.1556011 0.2622366
vt 0.1556011 0.2622366
vt 0.2028442 0.2939151
vt 0.1629781 0.2171038
vt 0.1277756 0.2082897
vt 0.1277756 0.2082897
vt 0.1629781 0.2171038
vt 0.161662 0.7558444
vt 0.1170837 0.4878104
vt 0.09922919 0.2670841
vt 0.1170837 0.4878104
vt 0.1452566 0.4696853
vt 0.120667 0.2693328
vt 0.120667 0.2693328
vt 0.1452566 0.4696853
vt 0.1556011 0.2622366
vt 0.1266943 0.1222843
vt 0.1266943 0.1222843
vt 0.1556011 0.2622366
vt 0.1277756 0.2082897
vt 0.103963 0.08374727
vt 0.103963 0.08374727
vt 0.1277756 0.2082897
vt 0.1170837 0.4878104
vt 0.09922919 0.2670841
vt 0.09922919 0.2670841
vt 0.120667 0.2693328
vt 0.1266943 0.1222843
vt 0.103963 0.08374727
vt 0.1665236 0.2591082
vt 0.2028442 0.2939151
vt 0.1994254 0.6323559
vt 0.1552698 0.4424028
vt 0.1552698 0.4424028
vt 0.1994254 0.6323559
vt 0.2137122 0.5541891
vt 0.1727221 0.4188174
vt 0.1727221 0.4188174
vt 0.2137122 0.5541891
vt 0.2148315 0.3216937
vt 0.1808427 0.2784663
vt 0.1670631 0.1399252
vt 0.1808427 0.2784663
vt 0.1665236 0.2591082
vt 0.1530299 0.1175735
vt 0.1530299 0.1175735
vt 0.1665236 0.2591082
vt 0.1552698 0.4424028
vt 0.1471926 0.2897907
vt 0.1471926 0.2897907
vt 0.1552698 0.4424028
vt 0.1727221 0.4188174
vt 0.1633152 0.2731144
vt 0.1633152 0.2731144
vt 0.1727221 0.4188174
vt 0.1808427 0.2784663
vt 0.1670631 0.1399252
vt 0.1670631 0.1399252
vt 0.1530299 0.1175735
vt 0.1471926 0.2897907
vt 0.1633152 0.2731144

usemap Standard_DC0D17
usemtl Standard_DC0D17
f 4/4/4 3/3/3 2/2/2 1/1/1 
f 8/8/8 7/7/7 6/6/6 5/5/5 
f 12/12/12 11/11/11 10/10/10 9/9/9 
f 16/16/16 15/15/15 14/14/14 13/13/13 
f 20/20/20 19/19/19 18/18/18 17/17/17 
f 24/24/24 23/23/23 22/22/22 21/21/21 
f 28/28/28 27/27/27 26/26/26 25/25/25 
f 32/32/32 31/31/31 30/30/30 29/29/29 
f 36/36/36 35/35/35 34/34/34 33/33/33 
f 40/40/40 39/39/39 38/38/38 37/37/37 
f 44/44/44 43/43/43 42/42/42 41/41/41 
f 48/48/48 47/47/47 46/46/46 45/45/45 
f 52/52/52 51/51/51 50/50/50 49/49/49 
f 56/56/56 55/55/55 54/54/54 53/53/53 
f 60/60/60 59/59/59 58/58/58 57/57/57 
f 64/64/64 63/63/63 62/62/62 61/61/61 
f 68/68/68 67/67/67 66/66/66 65/65/65 
f 72/72/72 71/71/71 70/70/70 69/69/69 
f 76/76/76 75/75/75 74/74/74 73/73/73 
f 80/80/80 79/79/79 78/78/78 77/77/77 
f 84/84/84 83/83/83 82/82/82 81/81/81 
f 88/88/88 87/87/87 86/86/86 85/85/85 
f 92/92/92 91/91/91 90/90/90 89/89/89 
f 96/96/96 95/95/95 94/94/94 93/93/93 
f 100/100/100 99/99/99 98/98/98 97/97/97 
f 104/104/104 103/103/103 102/102/102 101/101/101 
f 108/108/108 107/107/107 106/106/106 105/105/105 
f 112/112/112 111/111/111 110/110/110 109/109/109 
f 116/116/116 115/115/115 114/114/114 113/113/113 
f 120/120/120 119/119/119 118/118/118 117/117/117 
f 124/124/124 123/123/123 122/122/122 121/121/121 
f 128/128/128 127/127/127 126/126/126 125/125/125 
f 132/132/132 131/131/131 130/130/130 129/129/129 
f 136/136/136 135/135/135 134/134/134 133/133/133 
f 140/140/140 139/139/139 138/138/138 137/137/137 
f 144/144/144 143/143/143 142/142/142 141/141/141 
f 148/148/148 147/147/147 146/146/146 145/145/145 
f 152/152/152 151/151/151 150/150/150 149/149/149 
f 156/156/156 155/155/155 154/154/154 153/153/153 
f 160/160/160 159/159/159 158/158/158 157/157/157 
f 164/164/164 163/163/163 162/162/162 161/161/161 
f 168/168/168 167/167/167 166/166/166 165/165/165 
f 172/172/172 171/171/171 170/170/170 169/169/169 
f 176/176/176 175/175/175 174/174/174 173/173/173 
f 180/180/180 179/179/179 178/178/178 177/177/177 
f 184/184/184 183/183/183 182/182/182 181/181/181 
f 188/188/188 187/187/187 186/186/186 185/185/185 
f 192/192/192 191/191/191 190/190/190 189/189/189 
f 196/196/196 195/195/195 194/194/194 193/193/193 
f 200/200/200 199/199/199 198/198/198 197/197/197 
f 204/204/204 203/203/203 202/202/202 201/201/201 
f 208/208/208 207/207/207 206/206/206 205/205/205 
f 212/212/212 211/211/211 210/210/210 209/209/209 
f 216/216/216 215/215/215 214/214/214 213/213/213 
f 220/220/220 219/219/219 218/218/218 217/217/217 
f 224/224/224 223/223/223 222/222/222 221/221/221 
f 228/228/228 227/227/227 226/226/226 225/225/225 
f 232/232/232 231/231/231 230/230/230 229/229/229 
f 236/236/236 235/235/235 234/234/234 233/233/233 
f 240/240/240 239/239/239 238/238/238 237/237/237 
f 244/244/244 243/243/243 242/242/242 241/241/241 
f 248/248/248 247/247/247 246/246/246 245/245/245 
f 252/252/252 251/251/251 250/250/250 249/249/249 
f 256/256/256 255/255/255 254/254/254 253/253/253 
f 260/260/260 259/259/259 258/258/258 257/257/257 
f 264/264/264 263/263/263 262/262/262 261/261/261 
f 268/268/268 267/267/267 266/266/266 265/265/265 
f 272/272/272 271/271/271 270/270/270 269/269/269 
f 276/276/276 275/275/275 274/274/274 273/273/273 
f 280/280/280 279/279/279 278/278/278 277/277/277 
f 284/284/284 283/283/283 282/282/282 281/281/281 
f 288/288/288 287/287/287 286/286/286 285/285/285 
f 292/292/292 291/291/291 290/290/290 289/289/289 
f 296/296/296 295/295/295 294/294/294 293/293/293 
f 300/300/300 299/299/299 298/298/298 297/297/297 
f 304/304/304 303/303/303 302/302/302 301/301/301 
f 308/308/308 307/307/307 306/306/306 305/305/305 
f 312/312/312 311/311/311 310/310/310 309/309/309 
f 316/316/316 315/315/315 314/314/314 313/313/313 
f 320/320/320 319/319/319 318/318/318 317/317/317 
f 324/324/324 323/323/323 322/322/322 321/321/321 
f 328/328/328 327/327/327 326/326/326 325/325/325 
f 332/332/332 331/331/331 330/330/330 329/329/329 
f 336/336/336 335/335/335 334/334/334 333/333/333 
f 340/340/340 339/339/339 338/338/338 337/337/337 
f 344/344/344 343/343/343 342/342/342 341/341/341 
f 348/348/348 347/347/347 346/346/346 345/345/345 
f 352/352/352 351/351/351 350/350/350 349/349/349 
f 356/356/356 355/355/355 354/354/354 353/353/353 
f 360/360/360 359/359/359 358/358/358 357/357/357 
f 364/364/364 363/363/363 362/362/362 361/361/361 
f 368/368/368 367/367/367 366/366/366 365/365/365 
f 372/372/372 371/371/371 370/370/370 369/369/369 
f 376/376/376 375/375/375 374/374/374 373/373/373 
f 380/380/380 379/379/379 378/378/378 377/377/377 
f 384/384/384 383/383/383 382/382/382 381/381/381 
f 388/388/388 387/387/387 386/386/386 385/385/385 
f 392/392/392 391/391/391 390/390/390 389/389/389 
f 396/396/396 395/395/395 394/394/394 393/393/393 
f 400/400/400 399/399/399 398/398/398 397/397/397 
f 404/404/404 403/403/403 402/402/402 401/401/401 
f 408/408/408 407/407/407 406/406/406 405/405/405 
f 412/412/412 411/411/411 410/410/410 409/409/409 
f 416/416/416 415/415/415 414/414/414 413/413/413 
f 420/420/420 419/419/419 418/418/418 417/417/417 
f 424/424/424 423/423/423 422/422/422 421/421/421 
f 428/428/428 427/427/427 426/426/426 425/425/425 
f 432/432/432 431/431/431 430/430/430 429/429/429 
f 436/436/436 435/435/435 434/434/434 433/433/433 
f 440/440/440 439/439/439 438/438/438 437/437/437 
f 444/444/444 443/443/443 442/442/442 441/441/441 
f 448/448/448 447/447/447 446/446/446 445/445/445 
f 452/452/452 451/451/451 450/450/450 449/449/449 
f 456/456/456 455/455/455 454/454/454 453/453/453 
f 460/460/460 459/459/459 458/458/458 457/457/457 
f 464/464/464 463/463/463 462/462/462 461/461/461 
f 468/468/468 467/467/467 466/466/466 465/465/465 
f 472/472/472 471/471/471 470/470/470 469/469/469 
f 476/476/476 475/475/475 474/474/474 473/473/473 
f 480/480/480 479/479/479 478/478/478 477/477/477 
f 484/484/484 483/483/483 482/482/482 481/481/481 
f 488/488/488 487/487/487 486/486/486 485/485/485 
f 492/492/492 491/491/491 490/490/490 489/489/489 
f 496/496/496 495/495/495 494/494/494 493/493/493 
f 500/500/500 499/499/499 498/498/498 497/497/497 
f 504/504/504 503/503/503 502/502/502 501/501/501 
f 508/508/508 507/507/507 506/506/506 505/505/505 
f 512/512/512 511/511/511 510/510/510 509/509/509 
f 516/516/516 515/515/515 514/514/514 513/513/513 
f 520/520/520 519/519/519 518/518/518 517/517/517 

g s.0059
usemap Standard_56A043
usemtl Standard_56A043
v 0.1405478 0.9079819 0.1038488
v 0.138759 0.9073761 0.1012704
v 0.1376794 0.9076406 0.1024812
v 0.1373587 0.9080893 0.1040295
v 0.1378828 0.9086021 0.1055005
v 0.1391114 0.9090413 0.1065001
v 0.1407152 0.9092895 0.1067603
v 0.1422644 0.9092801 0.1062116
v 0.1433441 0.9090155 0.1050009
v 0.1436648 0.9085668 0.1034526
v 0.1431407 0.9080541 0.1019816
v 0.1419121 0.9076148 0.100982
v 0.1403083 0.9073666 0.1007217
v 0.1354233 0.9082657 0.09614778
v 0.132453 0.9089934 0.09947873
v 0.1315706 0.910228 0.1037384
v 0.1330126 0.9116385 0.1077855
v 0.1363926 0.912847 0.1105355
v 0.140805 0.9135298 0.1112516
v 0.1450673 0.9135039 0.1097419
v 0.1480377 0.9127761 0.106411
v 0.14892 0.9115416 0.1021513
v 0.147478 0.910131 0.09810421
v 0.144098 0.9089225 0.09535419
v 0.1396857 0.9082397 0.09463809
v 0.1327925 0.911733 0.09167702
v 0.128499 0.9127849 0.09649173
v 0.1272236 0.9145694 0.1026489
v 0.129308 0.9166082 0.1084987
v 0.1341936 0.9183552 0.1124737
v 0.1405714 0.9193421 0.1135088
v 0.1467324 0.9193045 0.1113266
v 0.1510258 0.9182526 0.1065119
v 0.1523013 0.9164681 0.1003547
v 0.1502169 0.9144293 0.09450493
v 0.1453313 0.9126824 0.09052994
v 0.1389535 0.9116955 0.08949485
v 0.1314237 0.9170958 0.08879678
v 0.126658 0.9182634 0.09414104
v 0.1252423 0.9202442 0.1009754
v 0.1275559 0.9225073 0.1074686
v 0.1329789 0.9244463 0.1118808
v 0.1400581 0.9255418 0.1130297
v 0.1468968 0.9255001 0.1106075
v 0.1516624 0.9243325 0.1052633
v 0.1530781 0.9223518 0.09842891
v 0.1507645 0.9200887 0.09193572
v 0.1453416 0.9181497 0.08752353
v 0.1382623 0.9170542 0.0863746
v 0.1307299 0.9237539 0.08672344
v 0.1259642 0.9249215 0.0920677
v 0.1245485 0.9269022 0.09890205
v 0.1268621 0.9291653 0.1053952
v 0.1322851 0.9311044 0.1098074
v 0.1393643 0.9321998 0.1109564
v 0.146203 0.9321582 0.1085342
v 0.1509686 0.9309906 0.1031899
v 0.1523843 0.9290099 0.09635557
v 0.1500707 0.9267468 0.08986238
v 0.1446478 0.9248077 0.0854502
v 0.1375685 0.9237123 0.08430126
v 0.1307299 0.9237539 0.08672344
v 0.1335784 0.9341955 0.08112281
v 0.1273019 0.9345411 0.08474517
v 0.1236077 0.9361711 0.09077279
v 0.1234858 0.9386486 0.09759059
v 0.1269688 0.94131 0.1033717
v 0.1331234 0.9434421 0.1065672
v 0.1403005 0.9444735 0.1063207
v 0.1465771 0.9441279 0.1026983
v 0.1502712 0.942498 0.09667072
v 0.1503931 0.9400204 0.08985291
v 0.1469102 0.937359 0.08407177
v 0.1407555 0.9352269 0.08087632
v 0.1335784 0.9341955 0.08112281
v 0.1364439 0.9480301 0.07552886
v 0.1293549 0.9472245 0.07684505
v 0.1236732 0.9479208 0.08130252
v 0.1209212 0.9499323 0.08770691
v 0.1218363 0.9527201 0.09434216
v 0.1261734 0.9555371 0.09943036
v 0.1327703 0.9576287 0.1016081
v 0.1398593 0.9584342 0.100292
v 0.145541 0.9577379 0.09583447
v 0.148293 0.9557264 0.08943009
v 0.1473779 0.9529386 0.08279484
v 0.1430408 0.9501216 0.07770663
v 0.1364439 0.9480301 0.07552886
v 0.1385659 0.9638375 0.07099407
v 0.1316787 0.9618966 0.06979644
v 0.1248081 0.9613873 0.07207068
v 0.1197953 0.962446 0.07720743
v 0.1179833 0.9647892 0.0838303
v 0.1198577 0.9677888 0.09016469
v 0.1249163 0.9706413 0.09451331
v 0.1318036 0.9725822 0.09571095
v 0.1386741 0.9730915 0.0934367
v 0.1436869 0.9720327 0.08829994
v 0.1454989 0.9696896 0.08167708
v 0.1436245 0.9666899 0.07534268
v 0.1385659 0.9638375 0.07099407
v 0.1390117 0.9798709 0.06758377
v 0.1331564 0.9771185 0.06430092
v 0.1260839 0.9755035 0.0643838
v 0.1196891 0.9754587 0.06781021
v 0.1156855 0.976996 0.07366202
v 0.1151459 0.9797035 0.08037125
v 0.1182148 0.9828558 0.08614019
v 0.12407 0.9856082 0.08942303
v 0.1311426 0.9872231 0.08934015
v 0.1375374 0.987268 0.08591375
v 0.141541 0.9857306 0.08006194
v 0.1420806 0.9830231 0.07335269
v 0.1390117 0.9798709 0.06758377
v 0.1377963 0.9943544 0.0647699
v 0.1332205 0.9911602 0.06013364
v 0.1265748 0.9887268 0.0585371
v 0.1196398 0.9877064 0.06040807
v 0.1142738 0.9883723 0.06524521
v 0.1119145 0.9905462 0.07175243
v 0.1131942 0.9936455 0.07818612
v 0.11777 0.9968399 0.08282238
v 0.1244157 0.9992732 0.08441892
v 0.1313507 1.000294 0.08254796
v 0.1367167 0.9996276 0.07771081
v 0.139076 0.9974537 0.07120359
v 0.1377963 0.9943544 0.0647699
v 0.1356616 1.005993 0.06237106
v 0.1321881 1.002566 0.05700192
v 0.1261612 0.9995097 0.05436172
v 0.1191959 0.9976425 0.05515789
v 0.1131585 0.9974649 0.0591771
v 0.1096667 0.9990245 0.06534241
v 0.1096562 1.001903 0.07200183
v 0.1131298 1.00533 0.07737096
v 0.1191566 1.008387 0.08001116
v 0.1261219 1.010254 0.07921499
v 0.1321593 1.010431 0.07519577
v 0.1356511 1.008872 0.06903046
v 0.1356616 1.005993 0.06237106
v 0.1344288 1.010572 0.06135481
v 0.1313997 1.007032 0.05579357
v 0.1256995 1.003628 0.0528688
v 0.1188557 1.001271 0.05336419
v 0.112702 1.000594 0.057147
v 0.1088874 1.001778 0.06320363
v 0.1084338 1.004505 0.0699112
v 0.1114629 1.008045 0.07547244
v 0.1171631 1.01145 0.07839721
v 0.1240069 1.013806 0.07790182
v 0.1301606 1.014483 0.07411902
v 0.1339753 1.013299 0.06806238
v 0.1344288 1.010572 0.06135481
v 0.1329014 1.014673 0.0603558
v 0.130297 1.010927 0.05471469
v 0.1250343 1.006935 0.0517148
v 0.1185234 1.003765 0.05215997
v 0.1125089 1.002268 0.0559309
v 0.1086024 1.002845 0.06201719
v 0.1078506 1.00534 0.06878801
v 0.110455 1.009086 0.07442913
v 0.1157177 1.013078 0.07742902
v 0.1222286 1.016248 0.07698385
v 0.1282431 1.017745 0.07321292
v 0.1321497 1.017169 0.06712662
v 0.1329014 1.014673 0.0603558
v 0.1315596 1.017116 0.05968736
v 0.1292553 1.013151 0.05406542
v 0.1244506 1.008549 0.05117212
v 0.1184329 1.004543 0.05178271
v 0.1128146 1.002206 0.05573358
v 0.1091011 1.002164 0.06196611
v 0.1082875 1.004429 0.0688103
v 0.1105918 1.008394 0.07443224
v 0.1153966 1.012996 0.07732554
v 0.1214143 1.017003 0.07671495
v 0.1270326 1.01934 0.07276408
v 0.1307461 1.019381 0.06653154
v 0.1315596 1.017116 0.05968736
v 0.1302884 1.018804 0.05921599
v 0.1282383 1.014662 0.05362371
v 0.1239052 1.009546 0.05085011
v 0.1184501 1.004829 0.05163837
v 0.1133348 1.001773 0.05577727
v 0.1099299 1.001197 0.06215781
v 0.1091477 1.003257 0.06907032
v 0.1111978 1.007399 0.07466259
v 0.1155309 1.012515 0.07743619
v 0.120986 1.017232 0.07664793
v 0.1261013 1.020288 0.07250903
v 0.1295062 1.020864 0.06612849
v 0.1302884 1.018804 0.05921599
v 0.1277957 1.021121 0.05862896
v 0.1261949 1.016747 0.05306614
v 0.1228075 1.010888 0.05045347
v 0.118541 1.005112 0.05149101
v 0.1145388 1.000968 0.05590075
v 0.1118731 0.9995666 0.0625011
v 0.1112583 1.001282 0.06952351
v 0.1128591 1.005656 0.07508633
v 0.1162465 1.011515 0.077699
v 0.120513 1.017291 0.07666146
v 0.1245152 1.021435 0.07225172
v 0.1271809 1.022837 0.06565136
v 0.1277957 1.021121 0.05862896
v 0.1223176 1.023721 0.05830818
v 0.1215438 1.019196 0.05269012
v 0.1201823 1.012551 0.05011572
v 0.1185981 1.005567 0.0512748
v 0.1172156 1.000114 0.05585678
v 0.1164053 0.9976546 0.06263391
v 0.1163843 0.998847 0.06979029
v 0.1171582 1.003372 0.07540834
v 0.1185196 1.010017 0.07798274
v 0.1201038 1.017001 0.07682367
v 0.1214863 1.022454 0.07224169
v 0.1222966 1.024913 0.06546455
v 0.1223176 1.023721 0.05830818
v 0.1137664 1.023408 0.05961122
v 0.1139585 1.019166 0.05372863
v 0.1155526 1.012809 0.05061519
v 0.1181214 1.006042 0.05110515
v 0.1209766 1.000677 0.05506724
v 0.1233533 0.9981515 0.0614398
v 0.1246145 0.9991425 0.06851532
v 0.1244224 1.003384 0.07439791
v 0.1228284 1.009741 0.07751135
v 0.1202596 1.016508 0.07702138
v 0.1174043 1.021873 0.07305931
v 0.1150276 1.024399 0.06668673
v 0.1137664 1.023408 0.05961122
v 0.1082402 1.019812 0.06187562
v 0.1089178 1.016017 0.05572953
v 0.1123094 1.010924 0.05183152
v 0.1175059 1.005897 0.05122607
v 0.1231152 1.002284 0.05407541
v 0.1276342 1.001053 0.05961605
v 0.1298519 1.002533 0.06636339
v 0.1291743 1.006328 0.07250948
v 0.1257828 1.011421 0.07640748
v 0.1205862 1.016448 0.07701294
v 0.1149769 1.020061 0.0741636
v 0.110458 1.021292 0.06862296
v 0.1082402 1.019812 0.06187562
v 0.1033857 1.010977 0.06629038
v 0.1042402 1.00747 0.05999696
v 0.1082816 1.003356 0.05559523
v 0.114427 0.9997362 0.05426464
v 0.1210298 0.9975817 0.0563617
v 0.1263207 0.9974693 0.06132451
v 0.128882 0.9994292 0.06782331
v 0.1280275 1.002936 0.07411672
v 0.1239861 1.00705 0.07851844
v 0.1178408 1.01067 0.07984904
v 0.111238 1.012824 0.07775198
v 0.1059471 1.012937 0.07278916
v 0.1033857 1.010977 0.06629038
v 0.1042402 1.00747 0.05999696
v 0.1082816 1.003356 0.05559523
v 0.114427 0.9997362 0.05426464
v 0.1210298 0.9975817 0.0563617
v 0.1263207 0.9974693 0.06132451
v 0.128882 0.9994292 0.06782331
v 0.1280275 1.002936 0.07411672
v 0.1239861 1.00705 0.07851844
v 0.1178408 1.01067 0.07984904
v 0.111238 1.012824 0.07775198
v 0.1059471 1.012937 0.07278916
v 0.1033857 1.010977 0.06629038
v 0.1030019 1.002236 0.06315969
v 0.1066428 0.9985293 0.05919412
v 0.1121793 0.9952686 0.05799537
v 0.1181278 0.9933276 0.05988464
v 0.1228944 0.9932264 0.0643557
v 0.125202 0.994992 0.07021055
v 0.1244322 0.9981515 0.07588036
v 0.1207913 1.001858 0.07984594
v 0.1152548 1.005119 0.08104468
v 0.1093063 1.00706 0.07915542
v 0.1045396 1.007161 0.07468435
v 0.1022321 1.005395 0.06882951
v 0.1043661 0.99759 0.06709485
v 0.106885 0.9950256 0.06435135
v 0.1107153 0.9927698 0.06352201
v 0.1148306 0.9914269 0.06482907
v 0.1181283 0.9913569 0.06792228
v 0.1197248 0.9925784 0.07197283
v 0.1191922 0.9947643 0.07589538
v 0.1166733 0.9973286 0.07863888
v 0.112843 0.9995845 0.07946822
v 0.1087276 1.000927 0.07816117
v 0.1054299 1.000997 0.07506794
v 0.1038335 0.9997758 0.0710174
v 0.1080154 0.9944746 0.07098542
v 0.108931 0.9935426 0.06998821
v 0.1103232 0.9927226 0.06968677
v 0.1118191 0.9922345 0.07016186
v 0.1130177 0.992209 0.07128617
v 0.113598 0.992653 0.07275846
v 0.1134044 0.9934475 0.07418422
v 0.1124888 0.9943796 0.07518142
v 0.1110966 0.9951996 0.07548287
v 0.1096008 0.9956877 0.07500778
v 0.1084021 0.9957131 0.07388347
v 0.1078219 0.9952691 0.07241118
v 0.1105651 0.993661 0.07273239

vn 0.09900244 -0.9500871 0.2958598
vn 0.0345738 -0.9783612 0.2039955
vn -0.00470534 -0.9687374 0.2480436
vn -0.01637364 -0.9524121 0.3043733
vn 0.002695382 -0.9337595 0.3578911
vn 0.04739223 -0.9177775 0.3942569
vn 0.1057403 -0.9087485 0.4037266
vn 0.1621055 -0.9090919 0.3837627
vn 0.2013846 -0.9187155 0.3397146
vn 0.2130529 -0.9350408 0.2833849
vn 0.1939839 -0.9536935 0.2298671
vn 0.1492871 -0.9696755 0.1935014
vn 0.09093894 -0.9787045 0.1840315
vn -0.1123804 -0.9935775 -0.01320863
vn -0.2382572 -0.9627367 0.1279514
vn -0.2756504 -0.9104193 0.3084698
vn -0.2145403 -0.8506437 0.479977
vn -0.07130153 -0.7994265 0.5965177
vn 0.1156853 -0.7704917 0.626865
vn 0.2963172 -0.7715918 0.5628873
vn 0.4221941 -0.8024327 0.4217272
vn 0.4595871 -0.8547502 0.241209
vn 0.3984772 -0.9145259 0.0697018
vn 0.2552385 -0.965743 -0.04683889
vn 0.06825144 -0.9946779 -0.07718612
vn -0.3288208 -0.8751087 -0.3550517
vn -0.573684 -0.8151154 -0.08045892
vn -0.6464234 -0.7133443 0.2706963
vn -0.5275487 -0.5970652 0.6043226
vn -0.2489117 -0.4974345 0.8310246
vn 0.1148263 -0.4411484 0.8900579
vn 0.4662025 -0.4432888 0.7656045
vn 0.7110658 -0.5032822 0.4910116
vn 0.7838053 -0.6050534 0.1398565
vn 0.6649303 -0.7213328 -0.1937696
vn 0.3862935 -0.8209634 -0.4204717
vn 0.02255514 -0.8772492 -0.4795051
vn -0.551993 -0.299817 -0.7780833
vn -0.8920151 -0.2165091 -0.3967781
vn -0.9930229 -0.07518756 0.09084356
vn -0.8279508 0.08628024 0.5541239
vn -0.4410297 0.2246295 0.8689272
vn 0.06406479 0.3027894 0.9509018
vn 0.551993 0.299817 0.7780832
vn 0.8920153 0.216509 0.3967779
vn 0.9930229 0.07518756 -0.0908436
vn 0.8279508 -0.08628023 -0.5541238
vn 0.4410299 -0.2246294 -0.8689271
vn -0.06406502 -0.3027894 -0.9509018
vn -0.551993 -0.299817 -0.7780833
vn -0.8920151 -0.2165091 -0.3967781
vn -0.9930229 -0.07518756 0.09084356
vn -0.8279508 0.08628024 0.5541239
vn -0.4410297 0.2246295 0.8689272
vn 0.06406479 0.3027894 0.9509018
vn 0.551993 0.299817 0.7780832
vn 0.8920153 0.216509 0.3967779
vn 0.9930229 0.07518756 -0.0908436
vn 0.8279508 -0.08628023 -0.5541238
vn 0.4410299 -0.2246294 -0.8689271
vn -0.06406502 -0.3027894 -0.9509018
vn -0.551993 -0.299817 -0.7780833
vn -0.2398072 -0.3666603 -0.8989176
vn -0.6876294 -0.3420046 -0.6404676
vn -0.9512021 -0.2257089 -0.2104046
vn -0.9599007 -0.04893469 0.276036
vn -0.7113947 0.1409515 0.6885132
vn -0.2722711 0.2930697 0.9165034
vn 0.2398073 0.3666603 0.8989175
vn 0.6876296 0.3420045 0.6404674
vn 0.9512021 0.2257088 0.2104046
vn 0.9599007 0.04893469 -0.276036
vn 0.7113948 -0.1409515 -0.688513
vn 0.2722708 -0.2930699 -0.9165034
vn -0.2398072 -0.3666603 -0.8989176
vn 0.1310551 -0.3424243 -0.9303603
vn -0.3747384 -0.3998984 -0.8364523
vn -0.7801212 -0.3502202 -0.5184175
vn -0.9764711 -0.2067007 -0.06147304
vn -0.9111762 -0.00779569 0.4119432
vn -0.6017324 0.1931979 0.7749791
vn -0.131055 0.3424243 0.9303603
vn 0.3747386 0.3998985 0.8364521
vn 0.7801212 0.3502202 0.5184175
vn 0.9764712 0.2067007 0.06147307
vn 0.9111763 0.007795809 -0.4119429
vn 0.6017321 -0.193198 -0.7749794
vn 0.1310551 -0.3424243 -0.9303603
vn 0.4869415 -0.2427179 -0.8390328
vn -0.004454969 -0.3811985 -0.9244825
vn -0.4946579 -0.4175372 -0.7622179
vn -0.8523176 -0.3419973 -0.3957177
vn -0.9815995 -0.1748194 0.0768151
vn -0.8478625 0.03920131 0.528765
vn -0.4869414 0.2427179 0.8390328
vn 0.004455207 0.3811985 0.9244825
vn 0.4946579 0.4175373 0.7622179
vn 0.8523177 0.3419973 0.3957177
vn 0.9815995 0.1748193 -0.07681488
vn 0.8478623 -0.03920149 -0.5287653
vn 0.4869415 -0.2427179 -0.8390328
vn 0.7419119 -0.1064867 -0.6619872
vn 0.3241525 -0.302864 -0.8962135
vn -0.1804637 -0.4180893 -0.8903
vn -0.6367249 -0.4212877 -0.6458313
vn -0.9223759 -0.3116024 -0.2283124
vn -0.9608769 -0.1184236 0.2503824
vn -0.7419119 0.1064867 0.6619873
vn -0.3241524 0.3028641 0.8962135
vn 0.1804637 0.4180893 0.8903002
vn 0.6367249 0.4212877 0.6458313
vn 0.9223759 0.3116026 0.2283125
vn 0.9608769 0.1184235 -0.2503827
vn 0.7419119 -0.1064867 -0.6619872
vn 0.8776609 0.02528776 -0.4786146
vn 0.5511883 -0.2026212 -0.8094047
vn 0.07702506 -0.3762381 -0.9233158
vn -0.417777 -0.4490422 -0.789825
vn -0.8006359 -0.4015258 -0.444701
vn -0.9689652 -0.2464209 0.01957997
vn -0.8776609 -0.02528771 0.4786147
vn -0.551188 0.2026213 0.8094049
vn -0.07702499 0.3762381 0.9233158
vn 0.4177769 0.4490423 0.789825
vn 0.8006359 0.4015259 0.4447013
vn 0.9689652 0.2464208 -0.01958027
vn 0.8776609 0.02528776 -0.4786146
vn 0.9277257 0.14589 -0.3435712
vn 0.6798934 -0.09860498 -0.7266513
vn 0.2498841 -0.316679 -0.9150259
vn -0.2470815 -0.449899 -0.85822
vn -0.6778418 -0.462569 -0.5714545
vn -0.9269748 -0.3512939 -0.1315685
vn -0.9277257 -0.14589 0.3435713
vn -0.6798932 0.0986051 0.7266514
vn -0.2498841 0.316679 0.9150259
vn 0.2470815 0.449899 0.85822
vn 0.6778417 0.462569 0.5714547
vn 0.926975 0.3512938 0.1315682
vn 0.9277257 0.14589 -0.3435712
vn 0.9273528 0.2164333 -0.3052433
vn 0.7112295 -0.036154 -0.7020295
vn 0.3045328 -0.2790541 -0.9107078
vn -0.1837635 -0.4471819 -0.8753625
vn -0.6228204 -0.4954874 -0.6054642
vn -0.8949928 -0.4110276 -0.1733325
vn -0.9273527 -0.2164332 0.3052434
vn -0.7112294 0.03615415 0.7020296
vn -0.3045328 0.2790541 0.9107078
vn 0.1837635 0.4471819 0.8753625
vn 0.6228203 0.4954875 0.6054643
vn 0.894993 0.4110275 0.1733322
vn 0.9273528 0.2164333 -0.3052433
vn 0.8936712 0.3329613 -0.3008129
vn 0.7078514 0.06570672 -0.7032987
vn 0.3323632 -0.2191542 -0.9173365
vn -0.1321817 -0.4452929 -0.8855745
vn -0.5613085 -0.5521157 -0.6165234
vn -0.8400329 -0.5109993 -0.1822754
vn -0.8936712 -0.3329613 0.300813
vn -0.7078511 -0.06570657 0.7032989
vn -0.3323631 0.2191542 0.9173365
vn 0.1321817 0.4452929 0.8855745
vn 0.5613084 0.5521157 0.6165234
vn 0.8400331 0.5109993 0.1822751
vn 0.8936712 0.3329613 -0.3008129
vn 0.8302158 0.4525716 -0.3254544
vn 0.6658077 0.1696868 -0.7265718
vn 0.3229968 -0.1586656 -0.933005
vn -0.106361 -0.4445038 -0.8894402
vn -0.5072194 -0.6112374 -0.6075503
vn -0.7721685 -0.6141903 -0.162868
vn -0.8302158 -0.4525715 0.3254545
vn -0.6658075 -0.1696867 0.7265719
vn -0.3229967 0.1586656 0.933005
vn 0.1063609 0.4445037 0.8894401
vn 0.5072193 0.6112373 0.6075505
vn 0.7721687 0.6141903 0.1628678
vn 0.8302158 0.4525716 -0.3254544
vn 0.7541813 0.5546402 -0.3515463
vn 0.6079084 0.2590873 -0.7505472
vn 0.2987469 -0.1058881 -0.9484398
vn -0.09046368 -0.4424908 -0.8921986
vn -0.4554346 -0.6605284 -0.5968932
vn -0.6983719 -0.701578 -0.1416511
vn -0.7541813 -0.5546402 0.3515465
vn -0.6079084 -0.2590871 0.7505473
vn -0.2987469 0.1058881 0.9484398
vn 0.09046365 0.4424908 0.8921986
vn 0.4554345 0.6605284 0.5968934
vn 0.6983721 0.7015779 0.1416507
vn 0.7541813 0.5546402 -0.3515463
vn 0.5899607 0.7077382 -0.3886554
vn 0.4757476 0.3956876 -0.7855542
vn 0.2340582 -0.02238714 -0.9719648
vn -0.07034697 -0.4344636 -0.8979381
vn -0.3559027 -0.7301257 -0.5833093
vn -0.5460946 -0.830151 -0.1123834
vn -0.5899608 -0.7077382 0.3886555
vn -0.4757475 -0.3956875 0.7855545
vn -0.2340582 0.0223872 0.9719648
vn 0.07034694 0.4344635 0.897938
vn 0.3559027 0.7301257 0.5833094
vn 0.5460945 0.830151 0.112383
vn 0.5899607 0.7077382 -0.3886554
vn 0.2116676 0.8873622 -0.409616
vn 0.1564522 0.5645199 -0.8104566
vn 0.05931579 0.09041487 -0.9941362
vn -0.05371449 -0.4079168 -0.9114377
vn -0.1523519 -0.7969474 -0.58452
vn -0.2101668 -0.9724366 -0.1009808
vn -0.2116676 -0.8873622 0.4096161
vn -0.1564524 -0.5645198 0.8104568
vn -0.05931579 -0.09041487 0.9941362
vn 0.05371443 0.4079168 0.9114377
vn 0.1523519 0.7969474 0.5845202
vn 0.2101668 0.9724366 0.1009806
vn 0.2116676 0.8873622 -0.409616
vn -0.3869999 0.8656391 -0.3176476
vn -0.3732915 0.5629833 -0.7373624
vn -0.2595597 0.1094764 -0.9595018
vn -0.07627928 -0.3733647 -0.9245433
vn 0.1274402 -0.7561629 -0.6418539
vn 0.2970122 -0.9363478 -0.1871806
vn 0.3869999 -0.8656391 0.3176477
vn 0.3732913 -0.5629832 0.7373626
vn 0.2595597 -0.1094764 0.9595018
vn 0.07627928 0.3733646 0.9245433
vn -0.1274402 0.7561629 0.6418542
vn -0.2970122 0.9363479 0.1871803
vn -0.3869999 0.8656391 -0.3176476
vn -0.7709838 0.6164031 -0.160098
vn -0.722634 0.3456339 -0.5986129
vn -0.480655 -0.0177477 -0.8767301
vn -0.1098848 -0.3763739 -0.9199283
vn 0.290329 -0.634151 -0.7166321
vn 0.6127492 -0.7220077 -0.3213151
vn 0.7709838 -0.6164031 0.1600981
vn 0.7226339 -0.3456337 0.5986131
vn 0.4806549 0.0177477 0.8767302
vn 0.1098848 0.3763739 0.9199283
vn -0.2903289 0.6341509 0.7166322
vn -0.6127493 0.7220078 0.3213148
vn -0.7709838 0.6164031 -0.160098
vn -0.9095625 0.411953 -0.05468607
vn -0.8485959 0.1617379 -0.5037121
vn -0.5602486 -0.131815 -0.8177691
vn -0.121783 -0.3900481 -0.9127055
vn 0.3493143 -0.5437682 -0.763083
vn 0.7268128 -0.5517859 -0.4089931
vn 0.9095626 -0.4119531 0.05468614
vn 0.8485958 -0.1617378 0.5037123
vn 0.5602486 0.131815 0.8177692
vn 0.121783 0.3900481 0.9127055
vn -0.3493142 0.5437682 0.7630832
vn -0.726813 0.5517859 0.4089928
vn -0.9095625 0.411953 -0.05468607
vn -0.8485959 0.1617379 -0.5037121
vn -0.5602486 -0.131815 -0.8177691
vn -0.121783 -0.3900481 -0.9127055
vn 0.3493143 -0.5437682 -0.763083
vn 0.7268128 -0.5517859 -0.4089931
vn 0.9095626 -0.4119531 0.05468614
vn 0.8485958 -0.1617378 0.5037123
vn 0.5602486 0.131815 0.8177692
vn 0.121783 0.3900481 0.9127055
vn -0.3493142 0.5437682 0.7630832
vn -0.726813 0.5517859 0.4089928
vn -0.9095625 0.411953 -0.05468607
vn -0.8867808 -0.4548973 -0.08178177
vn -0.6791308 -0.6662961 -0.3079463
vn -0.3633746 -0.8522599 -0.3763136
vn -0.02411917 -0.9629596 -0.2685647
vn 0.2477323 -0.9687335 -0.01357096
vn 0.3793375 -0.8680344 0.3203425
vn 0.3354328 -0.6878447 0.6437038
vn 0.1277827 -0.476446 0.8698683
vn -0.1879733 -0.2904823 0.9382356
vn -0.5272288 -0.1797825 0.8304867
vn -0.7990803 -0.1740085 0.5754926
vn -0.9306854 -0.2747075 0.2415794
vn -0.6832446 -0.7051185 0.1896964
vn -0.5764979 -0.8137923 0.07343191
vn -0.4141772 -0.9093907 0.03828645
vn -0.2397761 -0.9662982 0.09367692
vn -0.1000255 -0.9692664 0.2247615
vn -0.03237116 -0.9175 0.3964164
vn -0.05494124 -0.8248698 0.5626467
vn -0.1616879 -0.716196 0.6789111
vn -0.3240086 -0.6205977 0.7140567
vn -0.4984096 -0.5636904 0.6586662
vn -0.6381603 -0.5607221 0.5275813
vn -0.7058146 -0.6124883 0.3559266
vn -0.4926913 -0.7993059 0.3440426
vn -0.4593816 -0.833217 0.307763
vn -0.4087304 -0.8630478 0.296796
vn -0.3543095 -0.8808054 0.3140803
vn -0.3107012 -0.8817316 0.3549844
vn -0.2895901 -0.8655783 0.4085484
vn -0.2966329 -0.8366737 0.4604195
vn -0.3299426 -0.8027627 0.4966992
vn -0.3805938 -0.7729318 0.5076661
vn -0.4350146 -0.7551742 0.4903818
vn -0.478623 -0.7542478 0.4494776
vn -0.4997341 -0.7704012 0.3959137
vn -0.3973221 -0.8235029 0.4049421

vt 0 -0.0534925
vt 0.9815734 -0.05055489
vt 0.9840243 -0.05055489
vt 0.9907557 -0.05055489
vt 0 -0.05055489
vt 0.009244293 -0.05055489
vt 0.01597574 -0.05055489
vt 0.0184266 -0.05055489
vt 0.01597574 -0.05055489
vt 0.009244293 -0.05055489
vt 1 -0.05055489
vt 0.9907557 -0.05055489
vt 0.9840243 -0.05055489
vt 0.9396443 -0.02886177
vt 0.9471089 -0.02886177
vt 0.9686971 -0.02886177
vt 0 -0.02886177
vt 0.0313029 -0.02886177
vt 0.05289117 -0.02886177
vt 0.06035572 -0.02886177
vt 0.05289117 -0.02886177
vt 0.0313029 -0.02886177
vt 1 -0.02886177
vt 0.9686971 -0.02886177
vt 0.9471089 -0.02886177
vt 0.8720391 0.01045701
vt 0.8834689 0.01045701
vt 0.9238126 0.01045701
vt 2.980232E-08 0.01045701
vt 0.07618743 0.01045701
vt 0.1165311 0.01045701
vt 0.1279609 0.01045701
vt 0.1165311 0.01045701
vt 0.07618737 0.01045701
vt 1 0.01045701
vt 0.9238126 0.01045701
vt 0.8834688 0.01045701
vt 0.75 0.05949249
vt 0.75 0.05949249
vt 0.75 0.05949249
vt 0.25 0.05949249
vt 0.25 0.05949249
vt 0.25 0.05949249
vt 0.25 0.05949249
vt 0.25 0.05949249
vt 0.25 0.05949249
vt 0.75 0.05949249
vt 0.75 0.05949249
vt 0.75 0.05949249
vt 0 0.115985
vt 0.08333334 0.115985
vt 0.1666667 0.115985
vt 0.25 0.115985
vt 0.3333333 0.115985
vt 0.4166667 0.115985
vt 0.5 0.115985
vt 0.5833333 0.115985
vt 0.6666667 0.115985
vt 0.75 0.115985
vt 0.8333333 0.115985
vt 0.9166667 0.115985
vt 1 0.115985
vt 0 0.216341
vt 0.08333334 0.216341
vt 0.1666667 0.216341
vt 0.25 0.216341
vt 0.3333333 0.216341
vt 0.4166667 0.216341
vt 0.5 0.216341
vt 0.5833333 0.216341
vt 0.6666667 0.216341
vt 0.75 0.216341
vt 0.8333333 0.216341
vt 0.9166667 0.216341
vt 1 0.216341
vt 0 0.3374295
vt 0.08333334 0.3374295
vt 0.1666667 0.3374295
vt 0.25 0.3374295
vt 0.3333333 0.3374295
vt 0.4166667 0.3374295
vt 0.5 0.3374295
vt 0.5833333 0.3374295
vt 0.6666667 0.3374295
vt 0.75 0.3374295
vt 0.8333333 0.3374295
vt 0.9166667 0.3374295
vt 1 0.3374295
vt 0 0.4681893
vt 0.08333334 0.4681893
vt 0.1666667 0.4681893
vt 0.25 0.4681893
vt 0.3333333 0.4681893
vt 0.4166667 0.4681893
vt 0.5 0.4681893
vt 0.5833333 0.4681893
vt 0.6666667 0.4681893
vt 0.75 0.4681893
vt 0.8333333 0.4681893
vt 0.9166667 0.4681893
vt 1 0.4681893
vt 0 0.5974499
vt 0.08333334 0.5974499
vt 0.1666667 0.5974499
vt 0.25 0.5974499
vt 0.3333333 0.5974499
vt 0.4166667 0.5974499
vt 0.5 0.5974499
vt 0.5833333 0.5974499
vt 0.6666667 0.5974499
vt 0.75 0.5974499
vt 0.8333333 0.5974499
vt 0.9166667 0.5974499
vt 1 0.5974499
vt 0 0.7140105
vt 0.08333334 0.7140105
vt 0.1666667 0.7140105
vt 0.25 0.7140105
vt 0.3333333 0.7140105
vt 0.4166667 0.7140105
vt 0.5 0.7140105
vt 0.5833333 0.7140105
vt 0.6666667 0.7140105
vt 0.75 0.7140105
vt 0.8333333 0.7140105
vt 0.9166667 0.7140105
vt 1 0.7140105
vt 0 0.80669
vt 0.08333334 0.80669
vt 0.1666667 0.80669
vt 0.25 0.80669
vt 0.3333333 0.80669
vt 0.4166667 0.80669
vt 0.5 0.80669
vt 0.5833333 0.80669
vt 0.6666667 0.80669
vt 0.75 0.80669
vt 0.8333333 0.80669
vt 0.9166667 0.80669
vt 1 0.80669
vt 0 0.8406209
vt 0.08333334 0.8406209
vt 0.1666667 0.8406209
vt 0.25 0.8406209
vt 0.3333333 0.8406209
vt 0.4166667 0.8406209
vt 0.5 0.8406209
vt 0.5833333 0.8406209
vt 0.6666667 0.8406209
vt 0.75 0.8406209
vt 0.8333333 0.8406209
vt 0.9166667 0.8406209
vt 1 0.8406209
vt 0 0.8645052
vt 0.08333334 0.8645052
vt 0.1666667 0.8645052
vt 0.25 0.8645052
vt 0.3333333 0.8645052
vt 0.4166667 0.8645052
vt 0.5 0.8645052
vt 0.5833333 0.8645052
vt 0.6666667 0.8645052
vt 0.75 0.8645052
vt 0.8333333 0.8645052
vt 0.9166667 0.8645052
vt 1 0.8645052
vt 0 0.872338
vt 0.08333334 0.872338
vt 0.1666667 0.872338
vt 0.25 0.872338
vt 0.3333333 0.872338
vt 0.4166667 0.872338
vt 0.5 0.872338
vt 0.5833333 0.872338
vt 0.6666667 0.872338
vt 0.75 0.872338
vt 0.8333333 0.872338
vt 0.9166667 0.872338
vt 1 0.872338
vt 0 0.8752034
vt 0.08333334 0.8752034
vt 0.1666667 0.8752034
vt 0.25 0.8752034
vt 0.3333333 0.8752034
vt 0.4166667 0.8752034
vt 0.5 0.8752034
vt 0.5833333 0.8752034
vt 0.6666667 0.8752034
vt 0.75 0.8752034
vt 0.8333333 0.8752034
vt 0.9166667 0.8752034
vt 1 0.8752034
vt 0 0.8773977
vt 0.08333334 0.8773977
vt 0.1666667 0.8773977
vt 0.25 0.8773977
vt 0.3333333 0.8773977
vt 0.4166667 0.8773977
vt 0.5 0.8773977
vt 0.5833333 0.8773977
vt 0.6666667 0.8773977
vt 0.75 0.8773977
vt 0.8333333 0.8773977
vt 0.9166667 0.8773977
vt 1 0.8773977
vt 0 0.8790213
vt 0.08333334 0.8790213
vt 0.1666667 0.8790213
vt 0.25 0.8790213
vt 0.3333333 0.8790213
vt 0.4166667 0.8790213
vt 0.5 0.8790213
vt 0.5833333 0.8790213
vt 0.6666667 0.8790213
vt 0.75 0.8790213
vt 0.8333333 0.8790213
vt 0.9166667 0.8790213
vt 1 0.8790213
vt 0 0.8803565
vt 0.08333334 0.8803565
vt 0.1666667 0.8803565
vt 0.25 0.8803565
vt 0.3333333 0.8803565
vt 0.4166667 0.8803565
vt 0.5 0.8803565
vt 0.5833333 0.8803565
vt 0.6666667 0.8803565
vt 0.75 0.8803565
vt 0.8333333 0.8803565
vt 0.9166667 0.8803565
vt 1 0.8803565
vt 0 0.8818945
vt 0.08333334 0.8818945
vt 0.1666667 0.8818945
vt 0.25 0.8818945
vt 0.3333333 0.8818945
vt 0.4166667 0.8818945
vt 0.5 0.8818945
vt 0.5833333 0.8818945
vt 0.6666667 0.8818945
vt 0.75 0.8818945
vt 0.8333333 0.8818945
vt 0.9166667 0.8818945
vt 1 0.8818945
vt 0 0.9405075
vt 0.08333334 0.9405075
vt 0.1666667 0.9405075
vt 0.25 0.9405075
vt 0.3333333 0.9405075
vt 0.4166667 0.9405075
vt 0.5 0.9405075
vt 0.5833333 0.9405075
vt 0.6666667 0.9405075
vt 0.75 0.9405075
vt 0.8333333 0.9405075
vt 0.9166667 0.9405075
vt 1 0.9405075
vt 0.75 0.9405075
vt 0.75 0.9405075
vt 0.25 0.9405075
vt 0.25 0.9405075
vt 0.25 0.9405075
vt 0.25 0.9405075
vt 0.25 0.9405075
vt 0.25 0.9405075
vt 0.75 0.9405075
vt 0.75 0.9405075
vt 0.75 0.9405075
vt 0.75 0.9405075
vt 0.6165311 0.989543
vt 0.5761874 0.989543
vt 0.5 0.989543
vt 0.4238126 0.989543
vt 0.3834689 0.989543
vt 0.3720391 0.989543
vt 0.3834689 0.989543
vt 0.4238126 0.989543
vt 0.5 0.989543
vt 0.5761874 0.989543
vt 0.6165311 0.989543
vt 0.6279609 0.989543
vt 0.5528911 1.028862
vt 0.5313029 1.028862
vt 0.5 1.028862
vt 0.4686971 1.028862
vt 0.4471088 1.028862
vt 0.4396443 1.028862
vt 0.4471089 1.028862
vt 0.4686971 1.028862
vt 0.5 1.028862
vt 0.5313029 1.028862
vt 0.5528911 1.028862
vt 0.5603557 1.028862
vt 0.5159757 1.050555
vt 0.5092443 1.050555
vt 0.5 1.050555
vt 0.4907557 1.050555
vt 0.4840243 1.050555
vt 0.4815734 1.050555
vt 0.4840243 1.050555
vt 0.4907557 1.050555
vt 0.5 1.050555
vt 0.5092443 1.050555
vt 0.5159757 1.050555
vt 0.5184266 1.050555
vt 0 1.053492

usemap Standard_56A043
usemtl Standard_56A043
f 524/524/524 523/523/523 522/522/522 521/521/521 
f 526/526/526 525/525/525 524/524/524 521/521/521 
f 528/528/528 527/527/527 526/526/526 521/521/521 
f 530/530/530 529/529/529 528/528/528 521/521/521 
f 532/532/532 531/531/531 530/530/530 521/521/521 
f 522/522/522 533/533/533 532/532/532 521/521/521 
f 523/523/523 535/535/535 534/534/534 522/522/522 
f 524/524/524 536/536/536 535/535/535 523/523/523 
f 525/525/525 537/537/537 536/536/536 524/524/524 
f 526/526/526 538/538/538 537/537/537 525/525/525 
f 527/527/527 539/539/539 538/538/538 526/526/526 
f 528/528/528 540/540/540 539/539/539 527/527/527 
f 529/529/529 541/541/541 540/540/540 528/528/528 
f 530/530/530 542/542/542 541/541/541 529/529/529 
f 531/531/531 543/543/543 542/542/542 530/530/530 
f 532/532/532 544/544/544 543/543/543 531/531/531 
f 533/533/533 545/545/545 544/544/544 532/532/532 
f 522/522/522 534/534/534 545/545/545 533/533/533 
f 535/535/535 547/547/547 546/546/546 534/534/534 
f 536/536/536 548/548/548 547/547/547 535/535/535 
f 537/537/537 549/549/549 548/548/548 536/536/536 
f 538/538/538 550/550/550 549/549/549 537/537/537 
f 539/539/539 551/551/551 550/550/550 538/538/538 
f 540/540/540 552/552/552 551/551/551 539/539/539 
f 541/541/541 553/553/553 552/552/552 540/540/540 
f 542/542/542 554/554/554 553/553/553 541/541/541 
f 543/543/543 555/555/555 554/554/554 542/542/542 
f 544/544/544 556/556/556 555/555/555 543/543/543 
f 545/545/545 557/557/557 556/556/556 544/544/544 
f 534/534/534 546/546/546 557/557/557 545/545/545 
f 547/547/547 559/559/559 558/558/558 546/546/546 
f 548/548/548 560/560/560 559/559/559 547/547/547 
f 549/549/549 561/561/561 560/560/560 548/548/548 
f 550/550/550 562/562/562 561/561/561 549/549/549 
f 551/551/551 563/563/563 562/562/562 550/550/550 
f 552/552/552 564/564/564 563/563/563 551/551/551 
f 553/553/553 565/565/565 564/564/564 552/552/552 
f 554/554/554 566/566/566 565/565/565 553/553/553 
f 555/555/555 567/567/567 566/566/566 554/554/554 
f 556/556/556 568/568/568 567/567/567 555/555/555 
f 557/557/557 569/569/569 568/568/568 556/556/556 
f 546/546/546 558/558/558 569/569/569 557/557/557 
f 559/559/559 571/571/571 570/570/570 558/558/558 
f 560/560/560 572/572/572 571/571/571 559/559/559 
f 561/561/561 573/573/573 572/572/572 560/560/560 
f 562/562/562 574/574/574 573/573/573 561/561/561 
f 563/563/563 575/575/575 574/574/574 562/562/562 
f 564/564/564 576/576/576 575/575/575 563/563/563 
f 565/565/565 577/577/577 576/576/576 564/564/564 
f 566/566/566 578/578/578 577/577/577 565/565/565 
f 567/567/567 579/579/579 578/578/578 566/566/566 
f 568/568/568 580/580/580 579/579/579 567/567/567 
f 569/569/569 581/581/581 580/580/580 568/568/568 
f 558/558/558 582/582/582 581/581/581 569/569/569 
f 571/571/571 584/584/584 583/583/583 570/570/570 
f 572/572/572 585/585/585 584/584/584 571/571/571 
f 573/573/573 586/586/586 585/585/585 572/572/572 
f 574/574/574 587/587/587 586/586/586 573/573/573 
f 575/575/575 588/588/588 587/587/587 574/574/574 
f 576/576/576 589/589/589 588/588/588 575/575/575 
f 577/577/577 590/590/590 589/589/589 576/576/576 
f 578/578/578 591/591/591 590/590/590 577/577/577 
f 579/579/579 592/592/592 591/591/591 578/578/578 
f 580/580/580 593/593/593 592/592/592 579/579/579 
f 581/581/581 594/594/594 593/593/593 580/580/580 
f 582/582/582 595/595/595 594/594/594 581/581/581 
f 584/584/584 597/597/597 596/596/596 583/583/583 
f 585/585/585 598/598/598 597/597/597 584/584/584 
f 586/586/586 599/599/599 598/598/598 585/585/585 
f 587/587/587 600/600/600 599/599/599 586/586/586 
f 588/588/588 601/601/601 600/600/600 587/587/587 
f 589/589/589 602/602/602 601/601/601 588/588/588 
f 590/590/590 603/603/603 602/602/602 589/589/589 
f 591/591/591 604/604/604 603/603/603 590/590/590 
f 592/592/592 605/605/605 604/604/604 591/591/591 
f 593/593/593 606/606/606 605/605/605 592/592/592 
f 594/594/594 607/607/607 606/606/606 593/593/593 
f 595/595/595 608/608/608 607/607/607 594/594/594 
f 597/597/597 610/610/610 609/609/609 596/596/596 
f 598/598/598 611/611/611 610/610/610 597/597/597 
f 599/599/599 612/612/612 611/611/611 598/598/598 
f 600/600/600 613/613/613 612/612/612 599/599/599 
f 601/601/601 614/614/614 613/613/613 600/600/600 
f 602/602/602 615/615/615 614/614/614 601/601/601 
f 603/603/603 616/616/616 615/615/615 602/602/602 
f 604/604/604 617/617/617 616/616/616 603/603/603 
f 605/605/605 618/618/618 617/617/617 604/604/604 
f 606/606/606 619/619/619 618/618/618 605/605/605 
f 607/607/607 620/620/620 619/619/619 606/606/606 
f 608/608/608 621/621/621 620/620/620 607/607/607 
f 610/610/610 623/623/623 622/622/622 609/609/609 
f 611/611/611 624/624/624 623/623/623 610/610/610 
f 612/612/612 625/625/625 624/624/624 611/611/611 
f 613/613/613 626/626/626 625/625/625 612/612/612 
f 614/614/614 627/627/627 626/626/626 613/613/613 
f 615/615/615 628/628/628 627/627/627 614/614/614 
f 616/616/616 629/629/629 628/628/628 615/615/615 
f 617/617/617 630/630/630 629/629/629 616/616/616 
f 618/618/618 631/631/631 630/630/630 617/617/617 
f 619/619/619 632/632/632 631/631/631 618/618/618 
f 620/620/620 633/633/633 632/632/632 619/619/619 
f 621/621/621 634/634/634 633/633/633 620/620/620 
f 623/623/623 636/636/636 635/635/635 622/622/622 
f 624/624/624 637/637/637 636/636/636 623/623/623 
f 625/625/625 638/638/638 637/637/637 624/624/624 
f 626/626/626 639/639/639 638/638/638 625/625/625 
f 627/627/627 640/640/640 639/639/639 626/626/626 
f 628/628/628 641/641/641 640/640/640 627/627/627 
f 629/629/629 642/642/642 641/641/641 628/628/628 
f 630/630/630 643/643/643 642/642/642 629/629/629 
f 631/631/631 644/644/644 643/643/643 630/630/630 
f 632/632/632 645/645/645 644/644/644 631/631/631 
f 633/633/633 646/646/646 645/645/645 632/632/632 
f 634/634/634 647/647/647 646/646/646 633/633/633 
f 636/636/636 649/649/649 648/648/648 635/635/635 
f 637/637/637 650/650/650 649/649/649 636/636/636 
f 638/638/638 651/651/651 650/650/650 637/637/637 
f 639/639/639 652/652/652 651/651/651 638/638/638 
f 640/640/640 653/653/653 652/652/652 639/639/639 
f 641/641/641 654/654/654 653/653/653 640/640/640 
f 642/642/642 655/655/655 654/654/654 641/641/641 
f 643/643/643 656/656/656 655/655/655 642/642/642 
f 644/644/644 657/657/657 656/656/656 643/643/643 
f 645/645/645 658/658/658 657/657/657 644/644/644 
f 646/646/646 659/659/659 658/658/658 645/645/645 
f 647/647/647 660/660/660 659/659/659 646/646/646 
f 649/649/649 662/662/662 661/661/661 648/648/648 
f 650/650/650 663/663/663 662/662/662 649/649/649 
f 651/651/651 664/664/664 663/663/663 650/650/650 
f 652/652/652 665/665/665 664/664/664 651/651/651 
f 653/653/653 666/666/666 665/665/665 652/652/652 
f 654/654/654 667/667/667 666/666/666 653/653/653 
f 655/655/655 668/668/668 667/667/667 654/654/654 
f 656/656/656 669/669/669 668/668/668 655/655/655 
f 657/657/657 670/670/670 669/669/669 656/656/656 
f 658/658/658 671/671/671 670/670/670 657/657/657 
f 659/659/659 672/672/672 671/671/671 658/658/658 
f 660/660/660 673/673/673 672/672/672 659/659/659 
f 662/662/662 675/675/675 674/674/674 661/661/661 
f 663/663/663 676/676/676 675/675/675 662/662/662 
f 664/664/664 677/677/677 676/676/676 663/663/663 
f 665/665/665 678/678/678 677/677/677 664/664/664 
f 666/666/666 679/679/679 678/678/678 665/665/665 
f 667/667/667 680/680/680 679/679/679 666/666/666 
f 668/668/668 681/681/681 680/680/680 667/667/667 
f 669/669/669 682/682/682 681/681/681 668/668/668 
f 670/670/670 683/683/683 682/682/682 669/669/669 
f 671/671/671 684/684/684 683/683/683 670/670/670 
f 672/672/672 685/685/685 684/684/684 671/671/671 
f 673/673/673 686/686/686 685/685/685 672/672/672 
f 675/675/675 688/688/688 687/687/687 674/674/674 
f 676/676/676 689/689/689 688/688/688 675/675/675 
f 677/677/677 690/690/690 689/689/689 676/676/676 
f 678/678/678 691/691/691 690/690/690 677/677/677 
f 679/679/679 692/692/692 691/691/691 678/678/678 
f 680/680/680 693/693/693 692/692/692 679/679/679 
f 681/681/681 694/694/694 693/693/693 680/680/680 
f 682/682/682 695/695/695 694/694/694 681/681/681 
f 683/683/683 696/696/696 695/695/695 682/682/682 
f 684/684/684 697/697/697 696/696/696 683/683/683 
f 685/685/685 698/698/698 697/697/697 684/684/684 
f 686/686/686 699/699/699 698/698/698 685/685/685 
f 688/688/688 701/701/701 700/700/700 687/687/687 
f 689/689/689 702/702/702 701/701/701 688/688/688 
f 690/690/690 703/703/703 702/702/702 689/689/689 
f 691/691/691 704/704/704 703/703/703 690/690/690 
f 692/692/692 705/705/705 704/704/704 691/691/691 
f 693/693/693 706/706/706 705/705/705 692/692/692 
f 694/694/694 707/707/707 706/706/706 693/693/693 
f 695/695/695 708/708/708 707/707/707 694/694/694 
f 696/696/696 709/709/709 708/708/708 695/695/695 
f 697/697/697 710/710/710 709/709/709 696/696/696 
f 698/698/698 711/711/711 710/710/710 697/697/697 
f 699/699/699 712/712/712 711/711/711 698/698/698 
f 701/701/701 714/714/714 713/713/713 700/700/700 
f 702/702/702 715/715/715 714/714/714 701/701/701 
f 703/703/703 716/716/716 715/715/715 702/702/702 
f 704/704/704 717/717/717 716/716/716 703/703/703 
f 705/705/705 718/718/718 717/717/717 704/704/704 
f 706/706/706 719/719/719 718/718/718 705/705/705 
f 707/707/707 720/720/720 719/719/719 706/706/706 
f 708/708/708 721/721/721 720/720/720 707/707/707 
f 709/709/709 722/722/722 721/721/721 708/708/708 
f 710/710/710 723/723/723 722/722/722 709/709/709 
f 711/711/711 724/724/724 723/723/723 710/710/710 
f 712/712/712 725/725/725 724/724/724 711/711/711 
f 714/714/714 727/727/727 726/726/726 713/713/713 
f 715/715/715 728/728/728 727/727/727 714/714/714 
f 716/716/716 729/729/729 728/728/728 715/715/715 
f 717/717/717 730/730/730 729/729/729 716/716/716 
f 718/718/718 731/731/731 730/730/730 717/717/717 
f 719/719/719 732/732/732 731/731/731 718/718/718 
f 720/720/720 733/733/733 732/732/732 719/719/719 
f 721/721/721 734/734/734 733/733/733 720/720/720 
f 722/722/722 735/735/735 734/734/734 721/721/721 
f 723/723/723 736/736/736 735/735/735 722/722/722 
f 724/724/724 737/737/737 736/736/736 723/723/723 
f 725/725/725 738/738/738 737/737/737 724/724/724 
f 727/727/727 740/740/740 739/739/739 726/726/726 
f 728/728/728 741/741/741 740/740/740 727/727/727 
f 729/729/729 742/742/742 741/741/741 728/728/728 
f 730/730/730 743/743/743 742/742/742 729/729/729 
f 731/731/731 744/744/744 743/743/743 730/730/730 
f 732/732/732 745/745/745 744/744/744 731/731/731 
f 733/733/733 746/746/746 745/745/745 732/732/732 
f 734/734/734 747/747/747 746/746/746 733/733/733 
f 735/735/735 748/748/748 747/747/747 734/734/734 
f 736/736/736 749/749/749 748/748/748 735/735/735 
f 737/737/737 750/750/750 749/749/749 736/736/736 
f 738/738/738 751/751/751 750/750/750 737/737/737 
f 740/740/740 753/753/753 752/752/752 739/739/739 
f 741/741/741 754/754/754 753/753/753 740/740/740 
f 742/742/742 755/755/755 754/754/754 741/741/741 
f 743/743/743 756/756/756 755/755/755 742/742/742 
f 744/744/744 757/757/757 756/756/756 743/743/743 
f 745/745/745 758/758/758 757/757/757 744/744/744 
f 746/746/746 759/759/759 758/758/758 745/745/745 
f 747/747/747 760/760/760 759/759/759 746/746/746 
f 748/748/748 761/761/761 760/760/760 747/747/747 
f 749/749/749 762/762/762 761/761/761 748/748/748 
f 750/750/750 763/763/763 762/762/762 749/749/749 
f 751/751/751 764/764/764 763/763/763 750/750/750 
f 753/753/753 766/766/766 765/765/765 752/752/752 
f 754/754/754 767/767/767 766/766/766 753/753/753 
f 755/755/755 768/768/768 767/767/767 754/754/754 
f 756/756/756 769/769/769 768/768/768 755/755/755 
f 757/757/757 770/770/770 769/769/769 756/756/756 
f 758/758/758 771/771/771 770/770/770 757/757/757 
f 759/759/759 772/772/772 771/771/771 758/758/758 
f 760/760/760 773/773/773 772/772/772 759/759/759 
f 761/761/761 774/774/774 773/773/773 760/760/760 
f 762/762/762 775/775/775 774/774/774 761/761/761 
f 763/763/763 776/776/776 775/775/775 762/762/762 
f 764/764/764 777/777/777 776/776/776 763/763/763 
f 779/779/779 791/791/791 790/790/790 778/778/778 
f 780/780/780 792/792/792 791/791/791 779/779/779 
f 781/781/781 793/793/793 792/792/792 780/780/780 
f 782/782/782 794/794/794 793/793/793 781/781/781 
f 783/783/783 795/795/795 794/794/794 782/782/782 
f 784/784/784 796/796/796 795/795/795 783/783/783 
f 785/785/785 797/797/797 796/796/796 784/784/784 
f 786/786/786 798/798/798 797/797/797 785/785/785 
f 787/787/787 799/799/799 798/798/798 786/786/786 
f 788/788/788 800/800/800 799/799/799 787/787/787 
f 789/789/789 801/801/801 800/800/800 788/788/788 
f 778/778/778 790/790/790 801/801/801 789/789/789 
f 791/791/791 803/803/803 802/802/802 790/790/790 
f 792/792/792 804/804/804 803/803/803 791/791/791 
f 793/793/793 805/805/805 804/804/804 792/792/792 
f 794/794/794 806/806/806 805/805/805 793/793/793 
f 795/795/795 807/807/807 806/806/806 794/794/794 
f 796/796/796 808/808/808 807/807/807 795/795/795 
f 797/797/797 809/809/809 808/808/808 796/796/796 
f 798/798/798 810/810/810 809/809/809 797/797/797 
f 799/799/799 811/811/811 810/810/810 798/798/798 
f 800/800/800 812/812/812 811/811/811 799/799/799 
f 801/801/801 813/813/813 812/812/812 800/800/800 
f 790/790/790 802/802/802 813/813/813 801/801/801 
f 803/803/803 815/815/815 814/814/814 802/802/802 
f 804/804/804 816/816/816 815/815/815 803/803/803 
f 805/805/805 817/817/817 816/816/816 804/804/804 
f 806/806/806 818/818/818 817/817/817 805/805/805 
f 807/807/807 819/819/819 818/818/818 806/806/806 
f 808/808/808 820/820/820 819/819/819 807/807/807 
f 809/809/809 821/821/821 820/820/820 808/808/808 
f 810/810/810 822/822/822 821/821/821 809/809/809 
f 811/811/811 823/823/823 822/822/822 810/810/810 
f 812/812/812 824/824/824 823/823/823 811/811/811 
f 813/813/813 825/825/825 824/824/824 812/812/812 
f 802/802/802 814/814/814 825/825/825 813/813/813 
f 814/814/814 815/815/815 816/816/816 826/826/826 
f 816/816/816 817/817/817 818/818/818 826/826/826 
f 818/818/818 819/819/819 820/820/820 826/826/826 
f 820/820/820 821/821/821 822/822/822 826/826/826 
f 822/822/822 823/823/823 824/824/824 826/826/826 
f 824/824/824 825/825/825 814/814/814 826/826/826 

g s.0060
usemap Standard_56A043
usemtl Standard_56A043
v 0.07353581 0.9015105 0.2202575
v 0.07039338 0.9009643 0.2200533
v 0.07074299 0.9008276 0.2216535
v 0.07181263 0.9009662 0.2228937
v 0.0733157 0.9013431 0.2234416
v 0.07484946 0.9018572 0.2231504
v 0.07600293 0.9023708 0.2220982
v 0.07646705 0.9027463 0.2205668
v 0.07611745 0.9028829 0.2189666
v 0.07504781 0.9027443 0.2177264
v 0.07354473 0.9023675 0.2171785
v 0.07201097 0.9018534 0.2174696
v 0.0708575 0.9013398 0.2185219
v 0.06429549 0.9019503 0.2199915
v 0.06525732 0.9015741 0.2243939
v 0.06820012 0.9019555 0.227806
v 0.07233537 0.9029924 0.2293135
v 0.07655504 0.9044067 0.2285124
v 0.07972847 0.9058197 0.2256175
v 0.08100534 0.9068526 0.2214044
v 0.08004352 0.9072288 0.217002
v 0.07710072 0.9068474 0.2135899
v 0.07296547 0.9058105 0.2120824
v 0.0687458 0.9043962 0.2128835
v 0.06557237 0.9029832 0.2157784
v 0.05916048 0.9054734 0.22038
v 0.06055074 0.9049296 0.2267434
v 0.06480438 0.905481 0.2316753
v 0.07078165 0.9069796 0.2338543
v 0.07688094 0.909024 0.2326964
v 0.08146795 0.9110664 0.228512
v 0.08331359 0.9125594 0.2224221
v 0.08192334 0.9131031 0.2160587
v 0.07766969 0.9125518 0.2111268
v 0.07169242 0.9110532 0.2089478
v 0.06559314 0.9090087 0.2101057
v 0.06100612 0.9069664 0.2142902
v 0.05606957 0.9108391 0.2211445
v 0.05761274 0.9102356 0.2282078
v 0.06233422 0.9108475 0.2336822
v 0.0689689 0.9125111 0.2361008
v 0.07573902 0.9147803 0.2348156
v 0.08083053 0.9170473 0.2301709
v 0.08287917 0.9187045 0.2234113
v 0.08133601 0.919308 0.216348
v 0.07661452 0.918696 0.2108736
v 0.06997984 0.9170326 0.208455
v 0.06320972 0.9147633 0.2097402
v 0.05811821 0.9124963 0.2143849
v 0.05403885 0.9174697 0.2221547
v 0.05558201 0.9168662 0.229218
v 0.06030349 0.9174782 0.2346924
v 0.06693818 0.9191417 0.237111
v 0.0737083 0.9214109 0.2358258
v 0.07879981 0.9236779 0.2311811
v 0.08084845 0.9253352 0.2244215
v 0.07930528 0.9259387 0.2173582
v 0.0745838 0.9253267 0.2118838
v 0.06794912 0.9236632 0.2094652
v 0.061179 0.921394 0.2107504
v 0.05608748 0.919127 0.2153951
v 0.05403885 0.9174697 0.2221547
v 0.04997873 0.9310063 0.2249687
v 0.05172101 0.929867 0.2319187
v 0.0566077 0.9300272 0.2372787
v 0.06332941 0.931444 0.2396127
v 0.07008504 0.9337377 0.2382951
v 0.07506444 0.9362938 0.2336791
v 0.07693339 0.9384273 0.2270014
v 0.0751911 0.9395666 0.2200514
v 0.07030441 0.9394063 0.2146914
v 0.06358271 0.9379896 0.2123574
v 0.05682708 0.9356958 0.213675
v 0.05184767 0.9331397 0.218291
v 0.04997873 0.9310063 0.2249687
v 0.04531279 0.9472972 0.2293641
v 0.0472021 0.9459065 0.2362294
v 0.05221253 0.9458356 0.2414759
v 0.05900155 0.9471036 0.2436979
v 0.06575005 0.9493706 0.2423
v 0.07064977 0.9520293 0.2376567
v 0.07238783 0.9543672 0.2310122
v 0.07049852 0.9557579 0.2241469
v 0.06548809 0.9558288 0.2189004
v 0.05869906 0.9545608 0.2166784
v 0.05195057 0.9522938 0.2180763
v 0.04705085 0.9496351 0.2227196
v 0.04531279 0.9472972 0.2293641
v 0.0405597 0.9649584 0.2347276
v 0.0425904 0.9634239 0.2415215
v 0.0477213 0.9631949 0.2466457
v 0.05457758 0.9643328 0.2487271
v 0.06132211 0.9665328 0.2472081
v 0.06614769 0.9692052 0.2424956
v 0.06776132 0.9716341 0.2358523
v 0.06573062 0.9731686 0.2290584
v 0.06059972 0.9733976 0.2239342
v 0.05374344 0.9722597 0.2218528
v 0.04699892 0.9700598 0.2233718
v 0.04217333 0.9673873 0.2280843
v 0.0405597 0.9649584 0.2347276
v 0.03624187 0.9826115 0.2404484
v 0.03841506 0.980974 0.2471738
v 0.04367119 0.9805912 0.2521601
v 0.0506019 0.9815657 0.254071
v 0.0573501 0.9836362 0.2523946
v 0.06210762 0.9862481 0.2475801
v 0.06359968 0.9887015 0.2409174
v 0.06142649 0.990339 0.234192
v 0.05617036 0.9907218 0.2292058
v 0.04923966 0.9897474 0.2272948
v 0.04249146 0.9876769 0.2289712
v 0.03773393 0.9850649 0.2337858
v 0.03624187 0.9826115 0.2404484
v 0.0328773 0.9989505 0.2459403
v 0.03519102 0.997205 0.2525913
v 0.04057924 0.9965997 0.2574117
v 0.04759819 0.9972969 0.2591099
v 0.05436715 0.9991097 0.2572309
v 0.05907239 1.001552 0.2522782
v 0.06045314 1.003971 0.2455788
v 0.05813942 1.005716 0.2389278
v 0.05275121 1.006321 0.2341074
v 0.04573225 1.005624 0.2324091
v 0.03896329 1.003811 0.2342881
v 0.03425805 1.001369 0.2392409
v 0.0328773 0.9989505 0.2459403
v 0.0309948 1.012966 0.2507136
v 0.0334395 1.011032 0.2572649
v 0.03896252 1.009962 0.2618462
v 0.04608397 1.010043 0.2632297
v 0.05289567 1.011252 0.2610449
v 0.05757243 1.013267 0.255877
v 0.05886111 1.015546 0.249111
v 0.05641641 1.01748 0.2425597
v 0.0508934 1.01855 0.2379785
v 0.04377194 1.018469 0.2365949
v 0.03696024 1.017259 0.2387798
v 0.03228348 1.015245 0.2439476
v 0.0309948 1.012966 0.2507136
v 0.03084371 1.019138 0.2527865
v 0.03333881 1.01701 0.2592583
v 0.03890374 1.015435 0.2636385
v 0.0460474 1.014834 0.2647535
v 0.05285564 1.015369 0.2623044
v 0.05750419 1.016896 0.2569475
v 0.05874749 1.019005 0.2501183
v 0.05625238 1.021133 0.2436465
v 0.05068744 1.022708 0.2392663
v 0.04354379 1.023309 0.2381514
v 0.03673556 1.022774 0.2406004
v 0.032087 1.021247 0.2459573
v 0.03084371 1.019138 0.2527865
v 0.03108815 1.022217 0.2537931
v 0.03359191 1.019929 0.2602064
v 0.03913711 1.017929 0.2644357
v 0.04623791 1.016753 0.2653476
v 0.05299165 1.016716 0.2626978
v 0.05758869 1.017828 0.2571963
v 0.05879723 1.019791 0.2503173
v 0.05629347 1.02208 0.2439039
v 0.05074827 1.02408 0.2396747
v 0.04364748 1.025256 0.2387628
v 0.03689373 1.025292 0.2414126
v 0.0322967 1.02418 0.246914
v 0.03108815 1.022217 0.2537931
v 0.03174224 1.02556 0.2548455
v 0.03421865 1.023028 0.2611772
v 0.03964905 1.020378 0.2651929
v 0.04657838 1.018321 0.2658166
v 0.05314992 1.017408 0.2628811
v 0.05760283 1.017883 0.2571731
v 0.05874396 1.01962 0.250222
v 0.05626754 1.022152 0.2438903
v 0.05083714 1.024802 0.2398746
v 0.04390781 1.026859 0.2392509
v 0.03733628 1.027772 0.2421863
v 0.03288336 1.027297 0.2478944
v 0.03174224 1.02556 0.2548455
v 0.03235674 1.02745 0.2554139
v 0.03478816 1.024747 0.2616922
v 0.04007732 1.021642 0.2655673
v 0.046807 1.018966 0.266001
v 0.05317399 1.017437 0.2628769
v 0.05747224 1.017465 0.2570322
v 0.05855007 1.019041 0.2500331
v 0.05611864 1.021744 0.2437548
v 0.05082948 1.02485 0.2398797
v 0.0440998 1.027526 0.239446
v 0.03773282 1.029055 0.2425701
v 0.03343456 1.029027 0.2484148
v 0.03235674 1.02745 0.2554139
v 0.03331879 1.029564 0.2560197
v 0.03566322 1.026646 0.2622346
v 0.04069839 1.022967 0.2659426
v 0.04707511 1.019513 0.2661501
v 0.05308476 1.01721 0.2628016
v 0.05711705 1.016674 0.2567942
v 0.05809154 1.018049 0.2497376
v 0.0557471 1.020967 0.2435226
v 0.05071194 1.024645 0.2398146
v 0.04433522 1.028099 0.2396071
v 0.03832557 1.030403 0.2429557
v 0.03429328 1.030939 0.2489631
v 0.03331879 1.029564 0.2560197
v 0.03483868 1.031921 0.2566472
v 0.03702533 1.028742 0.2627908
v 0.04161659 1.024364 0.2663104
v 0.04738223 1.01996 0.266263
v 0.05277734 1.016711 0.2626612
v 0.05635632 1.015487 0.2564702
v 0.05716018 1.016616 0.2493488
v 0.05497352 1.019796 0.2432052
v 0.05038226 1.024174 0.2396855
v 0.04461662 1.028578 0.239733
v 0.03922151 1.031827 0.2433347
v 0.03564253 1.033051 0.2495258
v 0.03483868 1.031921 0.2566472
v 0.03718559 1.034402 0.2572284
v 0.03910655 1.030929 0.2633019
v 0.04296497 1.025769 0.2666366
v 0.04772699 1.020304 0.2663388
v 0.05211662 1.015998 0.2624885
v 0.05495767 1.014005 0.2561173
v 0.05548887 1.014859 0.2489323
v 0.05356791 1.018332 0.2428588
v 0.04970948 1.023492 0.2395241
v 0.04494748 1.028957 0.2398219
v 0.04055785 1.033263 0.2436722
v 0.03771679 1.035256 0.2500435
v 0.03718559 1.034402 0.2572284
v 0.04050778 1.03662 0.2576204
v 0.04203451 1.032877 0.2636446
v 0.04481661 1.026993 0.26685
v 0.04810863 1.020545 0.2663777
v 0.05102846 1.015261 0.2623542
v 0.05279374 1.012556 0.2558576
v 0.05293147 1.013156 0.2486287
v 0.05140474 1.0169 0.2426045
v 0.04862264 1.022784 0.2393991
v 0.04533062 1.029232 0.2398714
v 0.04241079 1.034516 0.2438949
v 0.04064551 1.03722 0.2503915
v 0.04050778 1.03662 0.2576204
v 0.04450819 1.038032 0.2576741
v 0.0455532 1.034115 0.2636904
v 0.04702544 1.027765 0.2668769
v 0.04853043 1.020686 0.2663797
v 0.0496649 1.014772 0.2623322
v 0.05012488 1.01161 0.2558188
v 0.04978711 1.012046 0.2485847
v 0.0487421 1.015964 0.2425684
v 0.04726986 1.022313 0.2393819
v 0.04576487 1.029393 0.2398791
v 0.0446304 1.035306 0.2439266
v 0.04417042 1.038469 0.2504401
v 0.04450819 1.038032 0.2576741
v 0.04847769 1.038397 0.2573838
v 0.04905158 1.034434 0.2634339
v 0.0492425 1.027965 0.2667134
v 0.04899931 1.020724 0.2663435
v 0.04838715 1.01465 0.2624233
v 0.04757007 1.011371 0.2560033
v 0.046767 1.011766 0.2488036
v 0.04619311 1.015728 0.2427535
v 0.04600219 1.022197 0.239474
v 0.04624538 1.029439 0.2398439
v 0.04685754 1.035513 0.2437641
v 0.04767462 1.038792 0.2501841
v 0.04847769 1.038397 0.2573838
v 0.05858578 1.036389 0.2556748
v 0.05877498 1.032476 0.2617811
v 0.05791683 1.026142 0.2652137
v 0.05624129 1.019085 0.2650529
v 0.0541973 1.013196 0.2613419
v 0.05233257 1.010052 0.2550749
v 0.05114672 1.010496 0.2479312
v 0.05095753 1.014409 0.241825
v 0.05181567 1.020743 0.2383923
v 0.05349122 1.0278 0.2385531
v 0.0555352 1.03369 0.2422642
v 0.05739994 1.036833 0.2485312
v 0.05858578 1.036389 0.2556748
v 0.05877498 1.032476 0.2617811
v 0.05791683 1.026142 0.2652137
v 0.05624129 1.019085 0.2650529
v 0.0541973 1.013196 0.2613419
v 0.05233257 1.010052 0.2550749
v 0.05114672 1.010496 0.2479312
v 0.05095753 1.014409 0.241825
v 0.05181567 1.020743 0.2383923
v 0.05349122 1.0278 0.2385531
v 0.0555352 1.03369 0.2422642
v 0.05739994 1.036833 0.2485312
v 0.05858578 1.036389 0.2556748
v 0.06422193 1.03022 0.2597392
v 0.06344882 1.024513 0.2628317
v 0.0619393 1.018156 0.2626869
v 0.06009785 1.01285 0.2593436
v 0.05841788 1.010017 0.2536975
v 0.05734954 1.010418 0.2472617
v 0.05717909 1.013943 0.2417605
v 0.0579522 1.019649 0.238668
v 0.05946172 1.026007 0.2388129
v 0.06130318 1.031313 0.2421562
v 0.06298315 1.034145 0.2478022
v 0.06405149 1.033745 0.2542381
v 0.0678149 1.02662 0.2561245
v 0.06728003 1.022672 0.258264
v 0.06623571 1.018274 0.2581638
v 0.06496173 1.014603 0.2558508
v 0.06379948 1.012644 0.2519447
v 0.06306037 1.01292 0.2474922
v 0.06294245 1.01536 0.2436863
v 0.06347732 1.019307 0.2415468
v 0.06452164 1.023706 0.241647
v 0.06579562 1.027377 0.2439601
v 0.06695787 1.029336 0.2478662
v 0.06769697 1.029059 0.2523187
v 0.06884524 1.022434 0.2517
v 0.06865083 1.020999 0.2524777
v 0.06827124 1.0194 0.2524413
v 0.06780818 1.018066 0.2516005
v 0.06738573 1.017354 0.2501808
v 0.06711707 1.017455 0.2485624
v 0.06707421 1.018341 0.247179
v 0.06726862 1.019776 0.2464014
v 0.06764822 1.021375 0.2464378
v 0.06811128 1.022709 0.2472785
v 0.06853373 1.023421 0.2486983
v 0.06880238 1.023321 0.2503167
v 0.06830925 1.020306 0.2493764

vn 0.2897784 -0.9461757 -0.1441529
vn 0.1773541 -0.9722553 -0.1525294
vn 0.1900731 -0.9772294 -0.09431273
vn 0.2289882 -0.9721854 -0.049192
vn 0.2836722 -0.9584749 -0.02925748
vn 0.3394725 -0.9397715 -0.03985047
vn 0.3814375 -0.9210867 -0.07813256
vn 0.3983226 -0.9074273 -0.1338463
vn 0.3856036 -0.9024531 -0.1920629
vn 0.3466885 -0.907497 -0.2371837
vn 0.2920045 -0.9212077 -0.2571183
vn 0.2362043 -0.9399111 -0.2465253
vn 0.1942392 -0.9585958 -0.2082431
vn -0.08487622 -0.9828275 -0.1638477
vn -0.04411594 -0.998768 0.02271795
vn 0.0805944 -0.9826038 0.1673149
vn 0.2558388 -0.9386659 0.2311988
vn 0.4346606 -0.8787275 0.1972516
vn 0.5691447 -0.818849 0.07456981
vn 0.6232562 -0.7750748 -0.1039744
vn 0.5824959 -0.7591344 -0.2905401
vn 0.4577856 -0.7752987 -0.4351371
vn 0.2825412 -0.8192367 -0.4990208
vn 0.1037194 -0.879175 -0.4650739
vn -0.03076477 -0.9390534 -0.3423918
vn -0.4876941 -0.8585516 -0.1582521
vn -0.4084048 -0.88956 0.2046666
vn -0.1658107 -0.8581164 0.4859455
vn 0.1750854 -0.7726457 0.6102162
vn 0.5229405 -0.6560497 0.5441802
vn 0.784547 -0.5395705 0.3055319
vn 0.8898079 -0.4544184 -0.04178308
vn 0.8105185 -0.42341 -0.404702
vn 0.5679245 -0.4548538 -0.6859809
vn 0.2270285 -0.5403246 -0.8102515
vn -0.1208265 -0.6569204 -0.7442154
vn -0.3824333 -0.7733996 -0.505567
vn -0.956414 -0.2805939 -0.08086573
vn -0.8463114 -0.3236529 0.4230909
vn -0.5094401 -0.2799894 0.8136809
vn -0.03606469 -0.161303 0.9862458
vn 0.4469742 0.0006045102 0.8945467
vn 0.8102466 0.1623499 0.5631545
vn 0.956414 0.2805939 0.08086564
vn 0.8463112 0.3236529 -0.4230911
vn 0.5094401 0.2799895 -0.813681
vn 0.03606472 0.161303 -0.9862458
vn -0.4469741 -0.0006044507 -0.8945467
vn -0.8102467 -0.16235 -0.5631543
vn -0.956414 -0.2805939 -0.08086573
vn -0.8463114 -0.3236529 0.4230909
vn -0.5094401 -0.2799894 0.8136809
vn -0.03606469 -0.161303 0.9862458
vn 0.4469742 0.0006045102 0.8945467
vn 0.8102466 0.1623499 0.5631545
vn 0.956414 0.2805939 0.08086564
vn 0.8463112 0.3236529 -0.4230911
vn 0.5094401 0.2799895 -0.813681
vn 0.03606472 0.161303 -0.9862458
vn -0.4469741 -0.0006044507 -0.8945467
vn -0.8102467 -0.16235 -0.5631543
vn -0.956414 -0.2805939 -0.08086573
vn -0.9615893 -0.2647402 -0.07251663
vn -0.8372793 -0.3460262 0.423355
vn -0.4886207 -0.3345947 0.8057891
vn -0.009036674 -0.2335089 0.9723127
vn 0.4729688 -0.06985443 0.8783057
vn 0.8282424 0.1125173 0.5489575
vn 0.9615893 0.2647402 0.07251654
vn 0.8372791 0.3460262 -0.4233552
vn 0.4886207 0.3345947 -0.8057892
vn 0.009036704 0.2335089 -0.9723127
vn -0.4729687 0.06985454 -0.8783057
vn -0.8282426 -0.1125175 -0.5489572
vn -0.9615893 -0.2647402 -0.07251663
vn -0.9658832 -0.2522154 -0.05879677
vn -0.831084 -0.3514408 0.4310323
vn -0.4735965 -0.3564979 0.8053668
vn 0.010791 -0.2660315 0.963904
vn 0.492287 -0.1042822 0.8641636
vn 0.8418749 0.08540928 0.5328714
vn 0.9658832 0.2522154 0.05879668
vn 0.8310839 0.3514407 -0.4310325
vn 0.4735964 0.3564978 -0.8053668
vn -0.01079097 0.2660315 -0.9639039
vn -0.4922869 0.1042823 -0.8641637
vn -0.8418751 -0.08540938 -0.5328711
vn -0.9658832 -0.2522154 -0.05879677
vn -0.970399 -0.2381509 -0.04012519
vn -0.8255116 -0.3476366 0.4446114
vn -0.4594291 -0.3639735 0.8102149
vn 0.02975724 -0.2827839 0.9587219
vn 0.5109702 -0.1258226 0.8503399
vn 0.8552689 0.06485276 0.5141103
vn 0.970399 0.2381509 0.04012512
vn 0.8255116 0.3476367 -0.4446116
vn 0.4594291 0.3639736 -0.8102149
vn -0.02975721 0.2827839 -0.9587219
vn -0.5109701 0.1258227 -0.8503401
vn -0.855269 -0.06485291 -0.51411
vn -0.970399 -0.2381509 -0.04012519
vn -0.975971 -0.2172572 -0.01673312
vn -0.8209174 -0.3340898 0.4631185
vn -0.4458995 -0.3614033 0.8188781
vn 0.04859684 -0.2918791 0.9552198
vn 0.5300717 -0.1441461 0.835611
vn 0.8695141 0.04221071 0.4921011
vn 0.975971 0.2172572 0.01673304
vn 0.8209172 0.3340898 -0.4631187
vn 0.4458995 0.3614034 -0.8188781
vn -0.04859681 0.2918791 -0.9552198
vn -0.5300715 0.1441461 -0.8356112
vn -0.8695142 -0.04221086 -0.4921008
vn -0.975971 -0.2172572 -0.01673312
vn -0.983749 -0.1790857 0.01289456
vn -0.8186687 -0.30363 0.4874324
vn -0.4342268 -0.346817 0.8313634
vn 0.06656607 -0.2970745 0.9525312
vn 0.5495226 -0.1677312 0.8184688
vn 0.8852347 0.006555585 0.4650985
vn 0.983749 0.1790857 -0.01289464
vn 0.8186685 0.3036301 -0.4874326
vn 0.4342267 0.3468169 -0.8313634
vn -0.06656604 0.2970745 -0.9525312
vn -0.5495224 0.1677313 -0.8184689
vn -0.8852349 -0.006555674 -0.4650981
vn -0.983749 -0.1790857 0.01289456
vn -0.9941115 -0.09205293 0.05717148
vn -0.8196859 -0.230021 0.5246001
vn -0.4256261 -0.3063551 0.8514628
vn 0.08247999 -0.3006017 0.9501767
vn 0.5684856 -0.2143021 0.7942913
vn 0.9021658 -0.0705806 0.4255763
vn 0.9941115 0.09205296 -0.05717156
vn 0.8196858 0.230021 -0.5246004
vn 0.4256261 0.3063551 -0.8514629
vn -0.08247996 0.3006017 -0.9501767
vn -0.5684855 0.2143022 -0.7942914
vn -0.902166 0.07058051 -0.425576
vn -0.9941115 -0.09205293 0.05717148
vn -0.9954481 0.004719028 0.09518813
vn -0.8174262 -0.1470759 0.5569408
vn -0.4203756 -0.259462 0.8694618
vn 0.08931451 -0.3023255 0.9490111
vn 0.5750729 -0.264181 0.7742736
vn 0.9067407 -0.1552495 0.3920701
vn 0.9954481 -0.004719002 -0.09518822
vn 0.8174261 0.147076 -0.556941
vn 0.4203756 0.259462 -0.8694618
vn -0.08931448 0.3023255 -0.9490111
vn -0.5750728 0.2641811 -0.7742736
vn -0.9067408 0.1552494 -0.3920698
vn -0.9954481 0.004719028 0.09518813
vn -0.9885024 0.08653243 0.1239961
vn -0.8098624 -0.07672578 0.5815806
vn -0.4142204 -0.2194255 0.8833312
vn 0.09241184 -0.3033302 0.9483938
vn 0.5742824 -0.3059578 0.7593349
vn 0.9022742 -0.2266044 0.366813
vn 0.9885024 -0.0865324 -0.1239962
vn 0.8098623 0.07672584 -0.5815808
vn 0.4142203 0.2194255 -0.8833312
vn -0.09241181 0.3033302 -0.9483938
vn -0.5742823 0.3059579 -0.759335
vn -0.9022744 0.2266043 -0.3668126
vn -0.9885024 0.08653243 0.1239961
vn -0.9632678 0.2119193 0.1649404
vn -0.7865794 0.03124066 0.6166985
vn -0.3991274 -0.157809 0.903213
vn 0.09527046 -0.3045738 0.9477121
vn 0.5641407 -0.3697283 0.7382725
vn 0.8818497 -0.3358144 0.3310134
vn 0.9632678 -0.2119193 -0.1649405
vn 0.7865791 -0.03124057 -0.6166987
vn 0.3991274 0.157809 -0.903213
vn -0.09527043 0.3045738 -0.9477121
vn -0.5641406 0.3697283 -0.7382725
vn -0.8818498 0.3358143 -0.3310131
vn -0.9632678 0.2119193 0.1649404
vn -0.9344289 0.2999904 0.1919591
vn -0.7609506 0.1071218 0.6399056
vn -0.3835761 -0.1144501 0.9163899
vn 0.09657739 -0.3053552 0.9473284
vn 0.5508531 -0.4144406 0.7244307
vn 0.8575279 -0.4124769 0.3074225
vn 0.9344289 -0.2999904 -0.1919592
vn 0.7609505 -0.1071217 -0.6399056
vn 0.3835761 0.1144501 -0.91639
vn -0.09657736 0.3053552 -0.9473284
vn -0.550853 0.4144405 -0.7244309
vn -0.8575281 0.4124769 -0.3074222
vn -0.9344289 0.2999904 0.1919591
vn -0.8837506 0.4108043 0.2241088
vn -0.7164788 0.2026179 0.6675358
vn -0.3572271 -0.0598598 0.9320974
vn 0.09774358 -0.3062983 0.9469042
vn 0.5265238 -0.4706644 0.7079886
vn 0.8142223 -0.5089161 0.2793681
vn 0.8837506 -0.4108043 -0.2241089
vn 0.7164786 -0.2026178 -0.667536
vn 0.357227 0.05985987 -0.9320975
vn -0.09774355 0.3062983 -0.9469042
vn -0.5265237 0.4706642 -0.7079887
vn -0.8142224 0.5089161 -0.2793678
vn -0.8837506 0.4108043 0.2241088
vn -0.7963042 0.5459937 0.2603657
vn -0.6402893 0.3191279 0.6987038
vn -0.3127094 0.006751775 0.9498248
vn 0.09866092 -0.3074335 0.9464411
vn 0.4835951 -0.5392421 0.689459
vn 0.7389502 -0.6265612 0.247737
vn 0.7963042 -0.5459938 -0.2603659
vn 0.6402893 -0.3191277 -0.6987039
vn 0.3127093 -0.006751716 -0.9498249
vn -0.09866089 0.3074335 -0.9464411
vn -0.483595 0.5392421 -0.6894591
vn -0.7389503 0.6265612 -0.2477367
vn -0.7963042 0.5459937 0.2603657
vn -0.6529573 0.6971765 0.2959592
vn -0.5158989 0.4494184 0.7292951
vn -0.240606 0.08123898 0.9672171
vn 0.09915724 -0.3087085 0.9459741
vn 0.4123514 -0.6159378 0.6712577
vn 0.6150562 -0.7581269 0.2166788
vn 0.6529573 -0.6971765 -0.2959593
vn 0.5158989 -0.4494183 -0.7292952
vn 0.240606 -0.08123887 -0.9672172
vn -0.09915723 0.3087085 -0.9459741
vn -0.4123513 0.6159377 -0.6712579
vn -0.6150563 0.7581268 -0.2166784
vn -0.6529573 0.6971765 0.2959592
vn -0.4432067 0.8370625 0.3207713
vn -0.3342766 0.5699733 0.7505928
vn -0.1357773 0.15016 0.9792938
vn 0.09910343 -0.3098886 0.9455938
vn 0.3074294 -0.6869028 0.6585223
vn 0.43338 -0.8798617 0.1950007
vn 0.4432066 -0.8370625 -0.3207714
vn 0.3342766 -0.5699731 -0.7505929
vn 0.1357774 -0.15016 -0.9792938
vn -0.0991034 0.3098886 -0.9455938
vn -0.3074294 0.6869027 -0.6585225
vn -0.43338 0.8798617 -0.1950003
vn -0.4432067 0.8370625 0.3207713
vn -0.188322 0.9270333 0.324259
vn -0.1137621 0.6475151 0.7535134
vn -0.008719622 0.1944954 0.9808646
vn 0.09865926 -0.3106391 0.945394
vn 0.1796024 -0.7325382 0.6566055
vn 0.2124213 -0.958154 0.1918802
vn 0.188322 -0.9270333 -0.3242591
vn 0.113762 -0.6475149 -0.7535136
vn 0.008719622 -0.1944954 -0.9808646
vn -0.09865926 0.3106391 -0.9453939
vn -0.1796024 0.7325381 -0.6566057
vn -0.2124213 0.9581541 -0.1918799
vn -0.188322 0.9270333 0.324259
vn 0.06102786 0.9500441 0.3060911
vn 0.1019739 0.667317 0.7377598
vn 0.1155961 0.2057826 0.9717464
vn 0.09824432 -0.3108911 0.9453543
vn 0.05456807 -0.7442618 0.6656551
vn -0.003729581 -0.9782079 0.2075944
vn -0.06102798 -0.9500441 -0.3060912
vn -0.1019738 -0.6673168 -0.7377599
vn -0.115596 -0.2057825 -0.9717464
vn -0.09824428 0.310891 -0.9453543
vn -0.0545681 0.7442617 -0.6656553
vn 0.003729581 0.978208 -0.207594
vn 0.06102786 0.9500441 0.3060911
vn 0.2653834 0.9237196 0.2762495
vn 0.2788823 0.6445107 0.7119204
vn 0.2176549 0.1926056 0.956833
vn 0.0981069 -0.3109082 0.945363
vn -0.04772868 -0.7311144 0.6805834
vn -0.1807753 -0.9554187 0.2334424
vn -0.2653835 -0.9237195 -0.2762495
vn -0.2788824 -0.6445105 -0.7119205
vn -0.2176548 -0.1926055 -0.9568331
vn -0.09810693 0.3109082 -0.945363
vn 0.04772864 0.7311143 -0.6805835
vn 0.1807754 0.9554188 -0.233442
vn 0.2653834 0.9237196 0.2762495
vn 0.2788823 0.6445107 0.7119204
vn 0.2176549 0.1926056 0.956833
vn 0.0981069 -0.3109082 0.945363
vn -0.04772868 -0.7311144 0.6805834
vn -0.1807753 -0.9554187 0.2334424
vn -0.2653835 -0.9237195 -0.2762495
vn -0.2788824 -0.6445105 -0.7119205
vn -0.2176548 -0.1926055 -0.9568331
vn -0.09810693 0.3109082 -0.945363
vn 0.04772864 0.7311143 -0.6805835
vn 0.1807754 0.9554188 -0.233442
vn 0.2653834 0.9237196 0.2762495
vn 0.8663129 0.3088709 0.3925567
vn 0.8222208 -0.01656364 0.5689276
vn 0.7361298 -0.3791635 0.5606675
vn 0.6311077 -0.6817702 0.3699896
vn 0.5352957 -0.8433006 0.04798599
vn 0.474366 -0.8204728 -0.319063
vn 0.4646452 -0.6194035 -0.6328066
vn 0.5087374 -0.2939692 -0.8091776
vn 0.5948285 0.06863064 -0.8009175
vn 0.6998503 0.3712373 -0.6102396
vn 0.7956623 0.5327679 -0.2882356
vn 0.8565919 0.50994 0.07881305
vn 0.9942358 0.03071672 0.1027218
vn 0.9715693 -0.1365794 0.1933891
vn 0.9273124 -0.3229811 0.1891426
vn 0.8733238 -0.4785421 0.09112083
vn 0.8240697 -0.56158 -0.0744115
vn 0.7927476 -0.549845 -0.2631004
vn 0.7877504 -0.4464812 -0.4243865
vn 0.8104169 -0.2791852 -0.5150536
vn 0.8546737 -0.09278363 -0.5108072
vn 0.9086623 0.0627774 -0.4127855
vn 0.9579164 0.1458155 -0.2472529
vn 0.9892384 0.1340804 -0.05856418
vn 0.9849336 -0.1478301 -0.08973348
vn 0.9778606 -0.2000338 -0.0614413
vn 0.9640505 -0.2581994 -0.06276643
vn 0.9472038 -0.3067412 -0.09335357
vn 0.9318343 -0.3326528 -0.145007
vn 0.9220604 -0.3289909 -0.2038862
vn 0.9205011 -0.2967369 -0.2542145
vn 0.9275739 -0.2445332 -0.2825066
vn 0.9413841 -0.1863676 -0.2811816
vn 0.9582309 -0.1378258 -0.2505945
vn 0.9736004 -0.1119142 -0.198941
vn 0.9833742 -0.1155761 -0.140062
vn 0.9591386 -0.2237817 -0.1731331

vt 0 -0.04537313
vt 0.9815734 -0.04285773
vt 0.9840243 -0.04285773
vt 0.9907557 -0.04285773
vt 0 -0.04285773
vt 0.009244293 -0.04285773
vt 0.01597574 -0.04285773
vt 0.0184266 -0.04285773
vt 0.01597574 -0.04285773
vt 0.009244293 -0.04285773
vt 1 -0.04285773
vt 0.9907557 -0.04285773
vt 0.9840243 -0.04285773
vt 0.9396443 -0.02428245
vt 0.9471089 -0.02428245
vt 0.9686971 -0.02428245
vt 0 -0.02428245
vt 0.0313029 -0.02428245
vt 0.05289117 -0.02428245
vt 0.06035572 -0.02428245
vt 0.05289117 -0.02428245
vt 0.0313029 -0.02428245
vt 1 -0.02428245
vt 0.9686971 -0.02428245
vt 0.9471089 -0.02428245
vt 0.8720391 0.009385255
vt 0.8834689 0.009385255
vt 0.9238126 0.009385255
vt 2.980232E-08 0.009385255
vt 0.07618743 0.009385255
vt 0.1165311 0.009385255
vt 0.1279609 0.009385255
vt 0.1165311 0.009385255
vt 0.07618737 0.009385255
vt 1 0.009385255
vt 0.9238126 0.009385255
vt 0.8834688 0.009385255
vt 0.75 0.05137313
vt 0.75 0.05137313
vt 0.75 0.05137313
vt 0.25 0.05137313
vt 0.25 0.05137313
vt 0.25 0.05137313
vt 0.25 0.05137313
vt 0.25 0.05137313
vt 0.25 0.05137313
vt 0.75 0.05137313
vt 0.75 0.05137313
vt 0.75 0.05137313
vt 0 0.09974626
vt 0.08333334 0.09974626
vt 0.1666667 0.09974626
vt 0.25 0.09974626
vt 0.3333333 0.09974626
vt 0.4166667 0.09974626
vt 0.5 0.09974626
vt 0.5833333 0.09974626
vt 0.6666667 0.09974626
vt 0.75 0.09974626
vt 0.8333333 0.09974626
vt 0.9166667 0.09974626
vt 1 0.09974626
vt 0 0.2005044
vt 0.08333334 0.2005044
vt 0.1666667 0.2005044
vt 0.25 0.2005044
vt 0.3333333 0.2005044
vt 0.4166667 0.2005044
vt 0.5 0.2005044
vt 0.5833333 0.2005044
vt 0.6666667 0.2005044
vt 0.75 0.2005044
vt 0.8333333 0.2005044
vt 0.9166667 0.2005044
vt 1 0.2005044
vt 0 0.3234793
vt 0.08333334 0.3234793
vt 0.1666667 0.3234793
vt 0.25 0.3234793
vt 0.3333333 0.3234793
vt 0.4166667 0.3234793
vt 0.5 0.3234793
vt 0.5833333 0.3234793
vt 0.6666667 0.3234793
vt 0.75 0.3234793
vt 0.8333333 0.3234793
vt 0.9166667 0.3234793
vt 1 0.3234793
vt 0 0.457194
vt 0.08333334 0.457194
vt 0.1666667 0.457194
vt 0.25 0.457194
vt 0.3333333 0.457194
vt 0.4166667 0.457194
vt 0.5 0.457194
vt 0.5833333 0.457194
vt 0.6666667 0.457194
vt 0.75 0.457194
vt 0.8333333 0.457194
vt 0.9166667 0.457194
vt 1 0.457194
vt 0 0.590039
vt 0.08333334 0.590039
vt 0.1666667 0.590039
vt 0.25 0.590039
vt 0.3333333 0.590039
vt 0.4166667 0.590039
vt 0.5 0.590039
vt 0.5833333 0.590039
vt 0.6666667 0.590039
vt 0.75 0.590039
vt 0.8333333 0.590039
vt 0.9166667 0.590039
vt 1 0.590039
vt 0 0.7104234
vt 0.08333334 0.7104234
vt 0.1666667 0.7104234
vt 0.25 0.7104234
vt 0.3333333 0.7104234
vt 0.4166667 0.7104234
vt 0.5 0.7104234
vt 0.5833333 0.7104234
vt 0.6666667 0.7104234
vt 0.75 0.7104234
vt 0.8333333 0.7104234
vt 0.9166667 0.7104234
vt 1 0.7104234
vt 0 0.8069556
vt 0.08333334 0.8069556
vt 0.1666667 0.8069556
vt 0.25 0.8069556
vt 0.3333333 0.8069556
vt 0.4166667 0.8069556
vt 0.5 0.8069556
vt 0.5833333 0.8069556
vt 0.6666667 0.8069556
vt 0.75 0.8069556
vt 0.8333333 0.8069556
vt 0.9166667 0.8069556
vt 1 0.8069556
vt 0 0.842949
vt 0.08333334 0.842949
vt 0.1666667 0.842949
vt 0.25 0.842949
vt 0.3333333 0.842949
vt 0.4166667 0.842949
vt 0.5 0.842949
vt 0.5833333 0.842949
vt 0.6666667 0.842949
vt 0.75 0.842949
vt 0.8333333 0.842949
vt 0.9166667 0.842949
vt 1 0.842949
vt 0 0.8573956
vt 0.08333334 0.8573956
vt 0.1666667 0.8573956
vt 0.25 0.8573956
vt 0.3333333 0.8573956
vt 0.4166667 0.8573956
vt 0.5 0.8573956
vt 0.5833333 0.8573956
vt 0.6666667 0.8573956
vt 0.75 0.8573956
vt 0.8333333 0.8573956
vt 0.9166667 0.8573956
vt 1 0.8573956
vt 0 0.8693769
vt 0.08333334 0.8693769
vt 0.1666667 0.8693769
vt 0.25 0.8693769
vt 0.3333333 0.8693769
vt 0.4166667 0.8693769
vt 0.5 0.8693769
vt 0.5833333 0.8693769
vt 0.6666667 0.8693769
vt 0.75 0.8693769
vt 0.8333333 0.8693769
vt 0.9166667 0.8693769
vt 1 0.8693769
vt 0 0.8744606
vt 0.08333334 0.8744606
vt 0.1666667 0.8744606
vt 0.25 0.8744606
vt 0.3333333 0.8744606
vt 0.4166667 0.8744606
vt 0.5 0.8744606
vt 0.5833333 0.8744606
vt 0.6666667 0.8744606
vt 0.75 0.8744606
vt 0.8333333 0.8744606
vt 0.9166667 0.8744606
vt 1 0.8744606
vt 0 0.878971
vt 0.08333334 0.878971
vt 0.1666667 0.878971
vt 0.25 0.878971
vt 0.3333333 0.878971
vt 0.4166667 0.878971
vt 0.5 0.878971
vt 0.5833333 0.878971
vt 0.6666667 0.878971
vt 0.75 0.878971
vt 0.8333333 0.878971
vt 0.9166667 0.878971
vt 1 0.878971
vt 0 0.8829633
vt 0.08333334 0.8829633
vt 0.1666667 0.8829633
vt 0.25 0.8829633
vt 0.3333333 0.8829633
vt 0.4166667 0.8829633
vt 0.5 0.8829633
vt 0.5833333 0.8829633
vt 0.6666667 0.8829633
vt 0.75 0.8829633
vt 0.8333333 0.8829633
vt 0.9166667 0.8829633
vt 1 0.8829633
vt 0 0.8865331
vt 0.08333334 0.8865331
vt 0.1666667 0.8865331
vt 0.25 0.8865331
vt 0.3333333 0.8865331
vt 0.4166667 0.8865331
vt 0.5 0.8865331
vt 0.5833333 0.8865331
vt 0.6666667 0.8865331
vt 0.75 0.8865331
vt 0.8333333 0.8865331
vt 0.9166667 0.8865331
vt 1 0.8865331
vt 0 0.8898304
vt 0.08333334 0.8898304
vt 0.1666667 0.8898304
vt 0.25 0.8898304
vt 0.3333333 0.8898304
vt 0.4166667 0.8898304
vt 0.5 0.8898304
vt 0.5833333 0.8898304
vt 0.6666667 0.8898304
vt 0.75 0.8898304
vt 0.8333333 0.8898304
vt 0.9166667 0.8898304
vt 1 0.8898304
vt 0 0.8930612
vt 0.08333334 0.8930612
vt 0.1666667 0.8930612
vt 0.25 0.8930612
vt 0.3333333 0.8930612
vt 0.4166667 0.8930612
vt 0.5 0.8930612
vt 0.5833333 0.8930612
vt 0.6666667 0.8930612
vt 0.75 0.8930612
vt 0.8333333 0.8930612
vt 0.9166667 0.8930612
vt 1 0.8930612
vt 0 0.896462
vt 0.08333334 0.896462
vt 0.1666667 0.896462
vt 0.25 0.896462
vt 0.3333333 0.896462
vt 0.4166667 0.896462
vt 0.5 0.896462
vt 0.5833333 0.896462
vt 0.6666667 0.896462
vt 0.75 0.896462
vt 0.8333333 0.896462
vt 0.9166667 0.896462
vt 1 0.896462
vt 0 0.9486269
vt 0.08333334 0.9486269
vt 0.1666667 0.9486269
vt 0.25 0.9486269
vt 0.3333333 0.9486269
vt 0.4166667 0.9486269
vt 0.5 0.9486269
vt 0.5833333 0.9486269
vt 0.6666667 0.9486269
vt 0.75 0.9486269
vt 0.8333333 0.9486269
vt 0.9166667 0.9486269
vt 1 0.9486269
vt 0.75 0.9486269
vt 0.75 0.9486269
vt 0.25 0.9486269
vt 0.25 0.9486269
vt 0.25 0.9486269
vt 0.25 0.9486269
vt 0.25 0.9486269
vt 0.25 0.9486269
vt 0.75 0.9486269
vt 0.75 0.9486269
vt 0.75 0.9486269
vt 0.75 0.9486269
vt 0.6165311 0.9906147
vt 0.5761874 0.9906147
vt 0.5 0.9906147
vt 0.4238126 0.9906147
vt 0.3834689 0.9906147
vt 0.3720391 0.9906147
vt 0.3834689 0.9906147
vt 0.4238126 0.9906147
vt 0.5 0.9906147
vt 0.5761874 0.9906147
vt 0.6165311 0.9906147
vt 0.6279609 0.9906147
vt 0.5528911 1.024282
vt 0.5313029 1.024282
vt 0.5 1.024282
vt 0.4686971 1.024282
vt 0.4471088 1.024282
vt 0.4396443 1.024282
vt 0.4471089 1.024282
vt 0.4686971 1.024282
vt 0.5 1.024282
vt 0.5313029 1.024282
vt 0.5528911 1.024282
vt 0.5603557 1.024282
vt 0.5159757 1.042858
vt 0.5092443 1.042858
vt 0.5 1.042858
vt 0.4907557 1.042858
vt 0.4840243 1.042858
vt 0.4815734 1.042858
vt 0.4840243 1.042858
vt 0.4907557 1.042858
vt 0.5 1.042858
vt 0.5092443 1.042858
vt 0.5159757 1.042858
vt 0.5184266 1.042858
vt 0 1.045373

usemap Standard_56A043
usemtl Standard_56A043
f 830/830/830 829/829/829 828/828/828 827/827/827 
f 832/832/832 831/831/831 830/830/830 827/827/827 
f 834/834/834 833/833/833 832/832/832 827/827/827 
f 836/836/836 835/835/835 834/834/834 827/827/827 
f 838/838/838 837/837/837 836/836/836 827/827/827 
f 828/828/828 839/839/839 838/838/838 827/827/827 
f 829/829/829 841/841/841 840/840/840 828/828/828 
f 830/830/830 842/842/842 841/841/841 829/829/829 
f 831/831/831 843/843/843 842/842/842 830/830/830 
f 832/832/832 844/844/844 843/843/843 831/831/831 
f 833/833/833 845/845/845 844/844/844 832/832/832 
f 834/834/834 846/846/846 845/845/845 833/833/833 
f 835/835/835 847/847/847 846/846/846 834/834/834 
f 836/836/836 848/848/848 847/847/847 835/835/835 
f 837/837/837 849/849/849 848/848/848 836/836/836 
f 838/838/838 850/850/850 849/849/849 837/837/837 
f 839/839/839 851/851/851 850/850/850 838/838/838 
f 828/828/828 840/840/840 851/851/851 839/839/839 
f 841/841/841 853/853/853 852/852/852 840/840/840 
f 842/842/842 854/854/854 853/853/853 841/841/841 
f 843/843/843 855/855/855 854/854/854 842/842/842 
f 844/844/844 856/856/856 855/855/855 843/843/843 
f 845/845/845 857/857/857 856/856/856 844/844/844 
f 846/846/846 858/858/858 857/857/857 845/845/845 
f 847/847/847 859/859/859 858/858/858 846/846/846 
f 848/848/848 860/860/860 859/859/859 847/847/847 
f 849/849/849 861/861/861 860/860/860 848/848/848 
f 850/850/850 862/862/862 861/861/861 849/849/849 
f 851/851/851 863/863/863 862/862/862 850/850/850 
f 840/840/840 852/852/852 863/863/863 851/851/851 
f 853/853/853 865/865/865 864/864/864 852/852/852 
f 854/854/854 866/866/866 865/865/865 853/853/853 
f 855/855/855 867/867/867 866/866/866 854/854/854 
f 856/856/856 868/868/868 867/867/867 855/855/855 
f 857/857/857 869/869/869 868/868/868 856/856/856 
f 858/858/858 870/870/870 869/869/869 857/857/857 
f 859/859/859 871/871/871 870/870/870 858/858/858 
f 860/860/860 872/872/872 871/871/871 859/859/859 
f 861/861/861 873/873/873 872/872/872 860/860/860 
f 862/862/862 874/874/874 873/873/873 861/861/861 
f 863/863/863 875/875/875 874/874/874 862/862/862 
f 852/852/852 864/864/864 875/875/875 863/863/863 
f 865/865/865 877/877/877 876/876/876 864/864/864 
f 866/866/866 878/878/878 877/877/877 865/865/865 
f 867/867/867 879/879/879 878/878/878 866/866/866 
f 868/868/868 880/880/880 879/879/879 867/867/867 
f 869/869/869 881/881/881 880/880/880 868/868/868 
f 870/870/870 882/882/882 881/881/881 869/869/869 
f 871/871/871 883/883/883 882/882/882 870/870/870 
f 872/872/872 884/884/884 883/883/883 871/871/871 
f 873/873/873 885/885/885 884/884/884 872/872/872 
f 874/874/874 886/886/886 885/885/885 873/873/873 
f 875/875/875 887/887/887 886/886/886 874/874/874 
f 864/864/864 888/888/888 887/887/887 875/875/875 
f 877/877/877 890/890/890 889/889/889 876/876/876 
f 878/878/878 891/891/891 890/890/890 877/877/877 
f 879/879/879 892/892/892 891/891/891 878/878/878 
f 880/880/880 893/893/893 892/892/892 879/879/879 
f 881/881/881 894/894/894 893/893/893 880/880/880 
f 882/882/882 895/895/895 894/894/894 881/881/881 
f 883/883/883 896/896/896 895/895/895 882/882/882 
f 884/884/884 897/897/897 896/896/896 883/883/883 
f 885/885/885 898/898/898 897/897/897 884/884/884 
f 886/886/886 899/899/899 898/898/898 885/885/885 
f 887/887/887 900/900/900 899/899/899 886/886/886 
f 888/888/888 901/901/901 900/900/900 887/887/887 
f 890/890/890 903/903/903 902/902/902 889/889/889 
f 891/891/891 904/904/904 903/903/903 890/890/890 
f 892/892/892 905/905/905 904/904/904 891/891/891 
f 893/893/893 906/906/906 905/905/905 892/892/892 
f 894/894/894 907/907/907 906/906/906 893/893/893 
f 895/895/895 908/908/908 907/907/907 894/894/894 
f 896/896/896 909/909/909 908/908/908 895/895/895 
f 897/897/897 910/910/910 909/909/909 896/896/896 
f 898/898/898 911/911/911 910/910/910 897/897/897 
f 899/899/899 912/912/912 911/911/911 898/898/898 
f 900/900/900 913/913/913 912/912/912 899/899/899 
f 901/901/901 914/914/914 913/913/913 900/900/900 
f 903/903/903 916/916/916 915/915/915 902/902/902 
f 904/904/904 917/917/917 916/916/916 903/903/903 
f 905/905/905 918/918/918 917/917/917 904/904/904 
f 906/906/906 919/919/919 918/918/918 905/905/905 
f 907/907/907 920/920/920 919/919/919 906/906/906 
f 908/908/908 921/921/921 920/920/920 907/907/907 
f 909/909/909 922/922/922 921/921/921 908/908/908 
f 910/910/910 923/923/923 922/922/922 909/909/909 
f 911/911/911 924/924/924 923/923/923 910/910/910 
f 912/912/912 925/925/925 924/924/924 911/911/911 
f 913/913/913 926/926/926 925/925/925 912/912/912 
f 914/914/914 927/927/927 926/926/926 913/913/913 
f 916/916/916 929/929/929 928/928/928 915/915/915 
f 917/917/917 930/930/930 929/929/929 916/916/916 
f 918/918/918 931/931/931 930/930/930 917/917/917 
f 919/919/919 932/932/932 931/931/931 918/918/918 
f 920/920/920 933/933/933 932/932/932 919/919/919 
f 921/921/921 934/934/934 933/933/933 920/920/920 
f 922/922/922 935/935/935 934/934/934 921/921/921 
f 923/923/923 936/936/936 935/935/935 922/922/922 
f 924/924/924 937/937/937 936/936/936 923/923/923 
f 925/925/925 938/938/938 937/937/937 924/924/924 
f 926/926/926 939/939/939 938/938/938 925/925/925 
f 927/927/927 940/940/940 939/939/939 926/926/926 
f 929/929/929 942/942/942 941/941/941 928/928/928 
f 930/930/930 943/943/943 942/942/942 929/929/929 
f 931/931/931 944/944/944 943/943/943 930/930/930 
f 932/932/932 945/945/945 944/944/944 931/931/931 
f 933/933/933 946/946/946 945/945/945 932/932/932 
f 934/934/934 947/947/947 946/946/946 933/933/933 
f 935/935/935 948/948/948 947/947/947 934/934/934 
f 936/936/936 949/949/949 948/948/948 935/935/935 
f 937/937/937 950/950/950 949/949/949 936/936/936 
f 938/938/938 951/951/951 950/950/950 937/937/937 
f 939/939/939 952/952/952 951/951/951 938/938/938 
f 940/940/940 953/953/953 952/952/952 939/939/939 
f 942/942/942 955/955/955 954/954/954 941/941/941 
f 943/943/943 956/956/956 955/955/955 942/942/942 
f 944/944/944 957/957/957 956/956/956 943/943/943 
f 945/945/945 958/958/958 957/957/957 944/944/944 
f 946/946/946 959/959/959 958/958/958 945/945/945 
f 947/947/947 960/960/960 959/959/959 946/946/946 
f 948/948/948 961/961/961 960/960/960 947/947/947 
f 949/949/949 962/962/962 961/961/961 948/948/948 
f 950/950/950 963/963/963 962/962/962 949/949/949 
f 951/951/951 964/964/964 963/963/963 950/950/950 
f 952/952/952 965/965/965 964/964/964 951/951/951 
f 953/953/953 966/966/966 965/965/965 952/952/952 
f 955/955/955 968/968/968 967/967/967 954/954/954 
f 956/956/956 969/969/969 968/968/968 955/955/955 
f 957/957/957 970/970/970 969/969/969 956/956/956 
f 958/958/958 971/971/971 970/970/970 957/957/957 
f 959/959/959 972/972/972 971/971/971 958/958/958 
f 960/960/960 973/973/973 972/972/972 959/959/959 
f 961/961/961 974/974/974 973/973/973 960/960/960 
f 962/962/962 975/975/975 974/974/974 961/961/961 
f 963/963/963 976/976/976 975/975/975 962/962/962 
f 964/964/964 977/977/977 976/976/976 963/963/963 
f 965/965/965 978/978/978 977/977/977 964/964/964 
f 966/966/966 979/979/979 978/978/978 965/965/965 
f 968/968/968 981/981/981 980/980/980 967/967/967 
f 969/969/969 982/982/982 981/981/981 968/968/968 
f 970/970/970 983/983/983 982/982/982 969/969/969 
f 971/971/971 984/984/984 983/983/983 970/970/970 
f 972/972/972 985/985/985 984/984/984 971/971/971 
f 973/973/973 986/986/986 985/985/985 972/972/972 
f 974/974/974 987/987/987 986/986/986 973/973/973 
f 975/975/975 988/988/988 987/987/987 974/974/974 
f 976/976/976 989/989/989 988/988/988 975/975/975 
f 977/977/977 990/990/990 989/989/989 976/976/976 
f 978/978/978 991/991/991 990/990/990 977/977/977 
f 979/979/979 992/992/992 991/991/991 978/978/978 
f 981/981/981 994/994/994 993/993/993 980/980/980 
f 982/982/982 995/995/995 994/994/994 981/981/981 
f 983/983/983 996/996/996 995/995/995 982/982/982 
f 984/984/984 997/997/997 996/996/996 983/983/983 
f 985/985/985 998/998/998 997/997/997 984/984/984 
f 986/986/986 999/999/999 998/998/998 985/985/985 
f 987/987/987 1000/1000/1000 999/999/999 986/986/986 
f 988/988/988 1001/1001/1001 1000/1000/1000 987/987/987 
f 989/989/989 1002/1002/1002 1001/1001/1001 988/988/988 
f 990/990/990 1003/1003/1003 1002/1002/1002 989/989/989 
f 991/991/991 1004/1004/1004 1003/1003/1003 990/990/990 
f 992/992/992 1005/1005/1005 1004/1004/1004 991/991/991 
f 994/994/994 1007/1007/1007 1006/1006/1006 993/993/993 
f 995/995/995 1008/1008/1008 1007/1007/1007 994/994/994 
f 996/996/996 1009/1009/1009 1008/1008/1008 995/995/995 
f 997/997/997 1010/1010/1010 1009/1009/1009 996/996/996 
f 998/998/998 1011/1011/1011 1010/1010/1010 997/997/997 
f 999/999/999 1012/1012/1012 1011/1011/1011 998/998/998 
f 1000/1000/1000 1013/1013/1013 1012/1012/1012 999/999/999 
f 1001/1001/1001 1014/1014/1014 1013/1013/1013 1000/1000/1000 
f 1002/1002/1002 1015/1015/1015 1014/1014/1014 1001/1001/1001 
f 1003/1003/1003 1016/1016/1016 1015/1015/1015 1002/1002/1002 
f 1004/1004/1004 1017/1017/1017 1016/1016/1016 1003/1003/1003 
f 1005/1005/1005 1018/1018/1018 1017/1017/1017 1004/1004/1004 
f 1007/1007/1007 1020/1020/1020 1019/1019/1019 1006/1006/1006 
f 1008/1008/1008 1021/1021/1021 1020/1020/1020 1007/1007/1007 
f 1009/1009/1009 1022/1022/1022 1021/1021/1021 1008/1008/1008 
f 1010/1010/1010 1023/1023/1023 1022/1022/1022 1009/1009/1009 
f 1011/1011/1011 1024/1024/1024 1023/1023/1023 1010/1010/1010 
f 1012/1012/1012 1025/1025/1025 1024/1024/1024 1011/1011/1011 
f 1013/1013/1013 1026/1026/1026 1025/1025/1025 1012/1012/1012 
f 1014/1014/1014 1027/1027/1027 1026/1026/1026 1013/1013/1013 
f 1015/1015/1015 1028/1028/1028 1027/1027/1027 1014/1014/1014 
f 1016/1016/1016 1029/1029/1029 1028/1028/1028 1015/1015/1015 
f 1017/1017/1017 1030/1030/1030 1029/1029/1029 1016/1016/1016 
f 1018/1018/1018 1031/1031/1031 1030/1030/1030 1017/1017/1017 
f 1020/1020/1020 1033/1033/1033 1032/1032/1032 1019/1019/1019 
f 1021/1021/1021 1034/1034/1034 1033/1033/1033 1020/1020/1020 
f 1022/1022/1022 1035/1035/1035 1034/1034/1034 1021/1021/1021 
f 1023/1023/1023 1036/1036/1036 1035/1035/1035 1022/1022/1022 
f 1024/1024/1024 1037/1037/1037 1036/1036/1036 1023/1023/1023 
f 1025/1025/1025 1038/1038/1038 1037/1037/1037 1024/1024/1024 
f 1026/1026/1026 1039/1039/1039 1038/1038/1038 1025/1025/1025 
f 1027/1027/1027 1040/1040/1040 1039/1039/1039 1026/1026/1026 
f 1028/1028/1028 1041/1041/1041 1040/1040/1040 1027/1027/1027 
f 1029/1029/1029 1042/1042/1042 1041/1041/1041 1028/1028/1028 
f 1030/1030/1030 1043/1043/1043 1042/1042/1042 1029/1029/1029 
f 1031/1031/1031 1044/1044/1044 1043/1043/1043 1030/1030/1030 
f 1033/1033/1033 1046/1046/1046 1045/1045/1045 1032/1032/1032 
f 1034/1034/1034 1047/1047/1047 1046/1046/1046 1033/1033/1033 
f 1035/1035/1035 1048/1048/1048 1047/1047/1047 1034/1034/1034 
f 1036/1036/1036 1049/1049/1049 1048/1048/1048 1035/1035/1035 
f 1037/1037/1037 1050/1050/1050 1049/1049/1049 1036/1036/1036 
f 1038/1038/1038 1051/1051/1051 1050/1050/1050 1037/1037/1037 
f 1039/1039/1039 1052/1052/1052 1051/1051/1051 1038/1038/1038 
f 1040/1040/1040 1053/1053/1053 1052/1052/1052 1039/1039/1039 
f 1041/1041/1041 1054/1054/1054 1053/1053/1053 1040/1040/1040 
f 1042/1042/1042 1055/1055/1055 1054/1054/1054 1041/1041/1041 
f 1043/1043/1043 1056/1056/1056 1055/1055/1055 1042/1042/1042 
f 1044/1044/1044 1057/1057/1057 1056/1056/1056 1043/1043/1043 
f 1046/1046/1046 1059/1059/1059 1058/1058/1058 1045/1045/1045 
f 1047/1047/1047 1060/1060/1060 1059/1059/1059 1046/1046/1046 
f 1048/1048/1048 1061/1061/1061 1060/1060/1060 1047/1047/1047 
f 1049/1049/1049 1062/1062/1062 1061/1061/1061 1048/1048/1048 
f 1050/1050/1050 1063/1063/1063 1062/1062/1062 1049/1049/1049 
f 1051/1051/1051 1064/1064/1064 1063/1063/1063 1050/1050/1050 
f 1052/1052/1052 1065/1065/1065 1064/1064/1064 1051/1051/1051 
f 1053/1053/1053 1066/1066/1066 1065/1065/1065 1052/1052/1052 
f 1054/1054/1054 1067/1067/1067 1066/1066/1066 1053/1053/1053 
f 1055/1055/1055 1068/1068/1068 1067/1067/1067 1054/1054/1054 
f 1056/1056/1056 1069/1069/1069 1068/1068/1068 1055/1055/1055 
f 1057/1057/1057 1070/1070/1070 1069/1069/1069 1056/1056/1056 
f 1059/1059/1059 1072/1072/1072 1071/1071/1071 1058/1058/1058 
f 1060/1060/1060 1073/1073/1073 1072/1072/1072 1059/1059/1059 
f 1061/1061/1061 1074/1074/1074 1073/1073/1073 1060/1060/1060 
f 1062/1062/1062 1075/1075/1075 1074/1074/1074 1061/1061/1061 
f 1063/1063/1063 1076/1076/1076 1075/1075/1075 1062/1062/1062 
f 1064/1064/1064 1077/1077/1077 1076/1076/1076 1063/1063/1063 
f 1065/1065/1065 1078/1078/1078 1077/1077/1077 1064/1064/1064 
f 1066/1066/1066 1079/1079/1079 1078/1078/1078 1065/1065/1065 
f 1067/1067/1067 1080/1080/1080 1079/1079/1079 1066/1066/1066 
f 1068/1068/1068 1081/1081/1081 1080/1080/1080 1067/1067/1067 
f 1069/1069/1069 1082/1082/1082 1081/1081/1081 1068/1068/1068 
f 1070/1070/1070 1083/1083/1083 1082/1082/1082 1069/1069/1069 
f 1072/1072/1072 1085/1085/1085 1084/1084/1084 1071/1071/1071 
f 1073/1073/1073 1086/1086/1086 1085/1085/1085 1072/1072/1072 
f 1074/1074/1074 1087/1087/1087 1086/1086/1086 1073/1073/1073 
f 1075/1075/1075 1088/1088/1088 1087/1087/1087 1074/1074/1074 
f 1076/1076/1076 1089/1089/1089 1088/1088/1088 1075/1075/1075 
f 1077/1077/1077 1090/1090/1090 1089/1089/1089 1076/1076/1076 
f 1078/1078/1078 1091/1091/1091 1090/1090/1090 1077/1077/1077 
f 1079/1079/1079 1092/1092/1092 1091/1091/1091 1078/1078/1078 
f 1080/1080/1080 1093/1093/1093 1092/1092/1092 1079/1079/1079 
f 1081/1081/1081 1094/1094/1094 1093/1093/1093 1080/1080/1080 
f 1082/1082/1082 1095/1095/1095 1094/1094/1094 1081/1081/1081 
f 1083/1083/1083 1096/1096/1096 1095/1095/1095 1082/1082/1082 
f 1085/1085/1085 1098/1098/1098 1097/1097/1097 1084/1084/1084 
f 1086/1086/1086 1099/1099/1099 1098/1098/1098 1085/1085/1085 
f 1087/1087/1087 1100/1100/1100 1099/1099/1099 1086/1086/1086 
f 1088/1088/1088 1101/1101/1101 1100/1100/1100 1087/1087/1087 
f 1089/1089/1089 1102/1102/1102 1101/1101/1101 1088/1088/1088 
f 1090/1090/1090 1103/1103/1103 1102/1102/1102 1089/1089/1089 
f 1091/1091/1091 1104/1104/1104 1103/1103/1103 1090/1090/1090 
f 1092/1092/1092 1105/1105/1105 1104/1104/1104 1091/1091/1091 
f 1093/1093/1093 1106/1106/1106 1105/1105/1105 1092/1092/1092 
f 1094/1094/1094 1107/1107/1107 1106/1106/1106 1093/1093/1093 
f 1095/1095/1095 1108/1108/1108 1107/1107/1107 1094/1094/1094 
f 1096/1096/1096 1109/1109/1109 1108/1108/1108 1095/1095/1095 
f 1111/1111/1111 1123/1123/1123 1122/1122/1122 1110/1110/1110 
f 1112/1112/1112 1124/1124/1124 1123/1123/1123 1111/1111/1111 
f 1113/1113/1113 1125/1125/1125 1124/1124/1124 1112/1112/1112 
f 1114/1114/1114 1126/1126/1126 1125/1125/1125 1113/1113/1113 
f 1115/1115/1115 1127/1127/1127 1126/1126/1126 1114/1114/1114 
f 1116/1116/1116 1128/1128/1128 1127/1127/1127 1115/1115/1115 
f 1117/1117/1117 1129/1129/1129 1128/1128/1128 1116/1116/1116 
f 1118/1118/1118 1130/1130/1130 1129/1129/1129 1117/1117/1117 
f 1119/1119/1119 1131/1131/1131 1130/1130/1130 1118/1118/1118 
f 1120/1120/1120 1132/1132/1132 1131/1131/1131 1119/1119/1119 
f 1121/1121/1121 1133/1133/1133 1132/1132/1132 1120/1120/1120 
f 1110/1110/1110 1122/1122/1122 1133/1133/1133 1121/1121/1121 
f 1123/1123/1123 1135/1135/1135 1134/1134/1134 1122/1122/1122 
f 1124/1124/1124 1136/1136/1136 1135/1135/1135 1123/1123/1123 
f 1125/1125/1125 1137/1137/1137 1136/1136/1136 1124/1124/1124 
f 1126/1126/1126 1138/1138/1138 1137/1137/1137 1125/1125/1125 
f 1127/1127/1127 1139/1139/1139 1138/1138/1138 1126/1126/1126 
f 1128/1128/1128 1140/1140/1140 1139/1139/1139 1127/1127/1127 
f 1129/1129/1129 1141/1141/1141 1140/1140/1140 1128/1128/1128 
f 1130/1130/1130 1142/1142/1142 1141/1141/1141 1129/1129/1129 
f 1131/1131/1131 1143/1143/1143 1142/1142/1142 1130/1130/1130 
f 1132/1132/1132 1144/1144/1144 1143/1143/1143 1131/1131/1131 
f 1133/1133/1133 1145/1145/1145 1144/1144/1144 1132/1132/1132 
f 1122/1122/1122 1134/1134/1134 1145/1145/1145 1133/1133/1133 
f 1135/1135/1135 1147/1147/1147 1146/1146/1146 1134/1134/1134 
f 1136/1136/1136 1148/1148/1148 1147/1147/1147 1135/1135/1135 
f 1137/1137/1137 1149/1149/1149 1148/1148/1148 1136/1136/1136 
f 1138/1138/1138 1150/1150/1150 1149/1149/1149 1137/1137/1137 
f 1139/1139/1139 1151/1151/1151 1150/1150/1150 1138/1138/1138 
f 1140/1140/1140 1152/1152/1152 1151/1151/1151 1139/1139/1139 
f 1141/1141/1141 1153/1153/1153 1152/1152/1152 1140/1140/1140 
f 1142/1142/1142 1154/1154/1154 1153/1153/1153 1141/1141/1141 
f 1143/1143/1143 1155/1155/1155 1154/1154/1154 1142/1142/1142 
f 1144/1144/1144 1156/1156/1156 1155/1155/1155 1143/1143/1143 
f 1145/1145/1145 1157/1157/1157 1156/1156/1156 1144/1144/1144 
f 1134/1134/1134 1146/1146/1146 1157/1157/1157 1145/1145/1145 
f 1146/1146/1146 1147/1147/1147 1148/1148/1148 1158/1158/1158 
f 1148/1148/1148 1149/1149/1149 1150/1150/1150 1158/1158/1158 
f 1150/1150/1150 1151/1151/1151 1152/1152/1152 1158/1158/1158 
f 1152/1152/1152 1153/1153/1153 1154/1154/1154 1158/1158/1158 
f 1154/1154/1154 1155/1155/1155 1156/1156/1156 1158/1158/1158 
f 1156/1156/1156 1157/1157/1157 1146/1146/1146 1158/1158/1158 

g s.0061
usemap Standard_56A043
usemtl Standard_56A043
v 0.1220127 1.145345 0.07894978
v 0.122544 1.144011 0.07609435
v 0.124008 1.144007 0.07684145
v 0.1249228 1.14427 0.07818148
v 0.1250434 1.144728 0.07975537
v 0.1243374 1.145259 0.08114141
v 0.122994 1.14572 0.08196821
v 0.1213731 1.145989 0.08201423
v 0.1199091 1.145993 0.08126713
v 0.1189942 1.14573 0.07992711
v 0.1188737 1.145272 0.07835321
v 0.1195797 1.144741 0.07696717
v 0.1209231 1.14428 0.07614037
v 0.1231691 1.139732 0.07168273
v 0.1271968 1.139722 0.07373814
v 0.1297138 1.140444 0.0774248
v 0.1300456 1.141704 0.08175489
v 0.1281032 1.143165 0.08556817
v 0.1244072 1.144435 0.08784286
v 0.1199478 1.145174 0.08796946
v 0.1159201 1.145184 0.08591405
v 0.1134031 1.144462 0.08222739
v 0.1130713 1.143202 0.0778973
v 0.1150137 1.141741 0.07408402
v 0.1187097 1.140471 0.07180934
v 0.1231613 1.133904 0.06945423
v 0.1289832 1.13389 0.07242519
v 0.1326214 1.134933 0.07775407
v 0.1331009 1.136755 0.08401296
v 0.1302933 1.138866 0.08952483
v 0.1249509 1.140702 0.09281275
v 0.1185052 1.14177 0.09299576
v 0.1126833 1.141785 0.09002478
v 0.1090452 1.140741 0.08469592
v 0.1085656 1.13892 0.07843702
v 0.1113732 1.136808 0.07292516
v 0.1167156 1.134972 0.06963722
v 0.122513 1.127715 0.06990422
v 0.1289752 1.127699 0.07320195
v 0.1330135 1.128857 0.07911691
v 0.1335458 1.130879 0.0860642
v 0.1304294 1.133223 0.09218229
v 0.1244994 1.135261 0.09583183
v 0.1173448 1.136446 0.09603497
v 0.1108825 1.136462 0.09273723
v 0.1068443 1.135304 0.08682227
v 0.106312 1.133282 0.07987498
v 0.1094284 1.130938 0.0737569
v 0.1153583 1.128901 0.07010734
v 0.1214711 1.121083 0.07191412
v 0.1279333 1.121067 0.07521185
v 0.1319716 1.122225 0.08112682
v 0.1325039 1.124247 0.0880741
v 0.1293875 1.126591 0.09419219
v 0.1234575 1.128628 0.09784175
v 0.1163029 1.129814 0.09804487
v 0.1098406 1.12983 0.09474714
v 0.1058023 1.128672 0.08883218
v 0.1052701 1.12665 0.08188489
v 0.1083864 1.124306 0.0757668
v 0.1143164 1.122269 0.07211725
v 0.1214711 1.121083 0.07191412
v 0.1194752 1.109741 0.07588551
v 0.1259527 1.109791 0.07915269
v 0.1300551 1.111279 0.08494865
v 0.130683 1.113806 0.09172037
v 0.1276682 1.116695 0.09765337
v 0.1218185 1.119172 0.1011579
v 0.1147013 1.120573 0.101295
v 0.1082238 1.120523 0.09802778
v 0.1041214 1.119035 0.09223182
v 0.1034935 1.116509 0.0854601
v 0.1065084 1.11362 0.07952709
v 0.112358 1.111143 0.07602255
v 0.1194752 1.109741 0.07588551
v 0.1170487 1.097615 0.08102443
v 0.1235338 1.097717 0.08427542
v 0.1276754 1.099427 0.08998144
v 0.1283638 1.102287 0.09661354
v 0.1254145 1.10553 0.1023947
v 0.1196178 1.108287 0.1057758
v 0.1125269 1.10982 0.1058509
v 0.1060418 1.109717 0.1025999
v 0.1019002 1.108007 0.09689391
v 0.1012118 1.105148 0.0902618
v 0.1041611 1.101905 0.08448067
v 0.1099578 1.099148 0.08109955
v 0.1170487 1.097615 0.08102443
v 0.1143157 1.08502 0.0870653
v 0.1208022 1.085176 0.09031144
v 0.124965 1.087063 0.09594549
v 0.1256888 1.090178 0.1024578
v 0.1227795 1.093685 0.1081035
v 0.1170168 1.096645 0.1113697
v 0.1099447 1.098264 0.1113813
v 0.1034583 1.098108 0.1081352
v 0.09929542 1.09622 0.1025011
v 0.09857167 1.093106 0.09598877
v 0.1014809 1.089599 0.09034311
v 0.1072436 1.086639 0.0870769
v 0.1143157 1.08502 0.0870653
v 0.111408 1.072376 0.09373834
v 0.1178907 1.072592 0.09698857
v 0.1220608 1.074645 0.1025593
v 0.122801 1.077984 0.1089577
v 0.1199129 1.081714 0.1144695
v 0.1141704 1.084836 0.1176178
v 0.1071122 1.086514 0.1175589
v 0.1006295 1.086297 0.1143087
v 0.09645943 1.084245 0.108738
v 0.09571924 1.080906 0.1023395
v 0.09860732 1.077176 0.0968277
v 0.1043498 1.074054 0.09367946
v 0.111408 1.072376 0.09373834
v 0.1084573 1.060134 0.1007727
v 0.1149325 1.060427 0.1040319
v 0.1191005 1.062653 0.1095373
v 0.1198445 1.066215 0.1158139
v 0.1169652 1.070159 0.1211797
v 0.111234 1.073427 0.1241971
v 0.1041867 1.075145 0.1240575
v 0.09771155 1.074852 0.1207983
v 0.09354356 1.072627 0.1152929
v 0.09279954 1.069065 0.1090164
v 0.09567887 1.065121 0.1036505
v 0.10141 1.061852 0.1006331
v 0.1084573 1.060134 0.1007727
v 0.1055865 1.048752 0.1079058
v 0.1120541 1.049143 0.1111695
v 0.1162192 1.05157 0.1165915
v 0.1169655 1.055382 0.122719
v 0.1140933 1.059558 0.1279101
v 0.108372 1.062979 0.1307738
v 0.1013348 1.064728 0.1305428
v 0.0948671 1.064337 0.1272791
v 0.09070207 1.06191 0.121857
v 0.08995569 1.058098 0.1157296
v 0.09282793 1.053922 0.1105385
v 0.0985492 1.050501 0.1076748
v 0.1055865 1.048752 0.1079058
v 0.1028899 1.038663 0.1149029
v 0.1093597 1.039181 0.1181448
v 0.1135414 1.041864 0.1234319
v 0.1143145 1.045992 0.1293475
v 0.1114719 1.05046 0.1343066
v 0.1057752 1.05407 0.1369804
v 0.09875096 1.055856 0.1366524
v 0.0922812 1.055338 0.1334105
v 0.08809952 1.052655 0.1281234
v 0.08732641 1.048527 0.1222078
v 0.09016901 1.044059 0.1172487
v 0.09586565 1.040449 0.1145749
v 0.1028899 1.038663 0.1149029
v 0.1003737 1.030224 0.1216234
v 0.1068822 1.030898 0.1247571
v 0.1111571 1.033934 0.1297718
v 0.1120529 1.038517 0.1353236
v 0.1093296 1.043421 0.1399251
v 0.1037168 1.047331 0.1423432
v 0.09671856 1.049199 0.14193
v 0.09021002 1.048525 0.1387962
v 0.08593513 1.045489 0.1337816
v 0.08503935 1.040905 0.1282297
v 0.08776269 1.036002 0.1236283
v 0.09337544 1.032092 0.1212102
v 0.1003737 1.030224 0.1216234
v 0.09899756 1.026519 0.1251111
v 0.1055742 1.027269 0.1280812
v 0.1100095 1.03058 0.1327717
v 0.1111151 1.035565 0.1379258
v 0.1085947 1.040888 0.1421626
v 0.1031236 1.045123 0.1443468
v 0.09616789 1.047135 0.143893
v 0.08959125 1.046384 0.140923
v 0.08515591 1.043073 0.1362325
v 0.08405033 1.038089 0.1310784
v 0.08657075 1.032766 0.1268416
v 0.09204181 1.028531 0.1246574
v 0.09899756 1.026519 0.1251111
v 0.09713525 1.02302 0.1293197
v 0.103856 1.023758 0.1319507
v 0.1086629 1.027413 0.1359721
v 0.1102679 1.033005 0.1403063
v 0.108241 1.039036 0.1437919
v 0.1031252 1.043891 0.145495
v 0.09629143 1.046267 0.1449592
v 0.08957067 1.045529 0.1423282
v 0.0847638 1.041874 0.1383068
v 0.08315878 1.036282 0.1339726
v 0.08518569 1.030251 0.130487
v 0.09030144 1.025396 0.1287839
v 0.09713525 1.02302 0.1293197
v 0.09591658 1.021477 0.1318782
v 0.1027345 1.022115 0.134275
v 0.1078292 1.025896 0.1377943
v 0.1098355 1.031806 0.1414931
v 0.108216 1.038262 0.1443803
v 0.1034044 1.043534 0.1456823
v 0.09669021 1.046209 0.1450502
v 0.08987232 1.04557 0.1426534
v 0.08477764 1.041789 0.1391341
v 0.08277127 1.035879 0.1354353
v 0.08439083 1.029423 0.1325481
v 0.08920234 1.024152 0.1312461
v 0.09591658 1.021477 0.1318782
v 0.09448524 1.020239 0.1348014
v 0.1013996 1.020679 0.1369542
v 0.1068415 1.024486 0.1398732
v 0.1093529 1.030643 0.1427763
v 0.1082607 1.037498 0.1448856
v 0.1038576 1.043215 0.145636
v 0.09732348 1.046262 0.1448263
v 0.0904091 1.045823 0.1426736
v 0.08496718 1.042015 0.1397546
v 0.08245586 1.035859 0.1368514
v 0.08354805 1.029004 0.1347421
v 0.08795112 1.023286 0.1339917
v 0.09448524 1.020239 0.1348014
v 0.09289074 1.019479 0.1380398
v 0.09987709 1.019616 0.1399912
v 0.1056938 1.023306 0.1422676
v 0.1087824 1.029562 0.144259
v 0.1083151 1.036706 0.1454319
v 0.1044173 1.042825 0.1454719
v 0.0981333 1.046279 0.1443684
v 0.09114695 1.046142 0.142417
v 0.0853302 1.042452 0.1401406
v 0.08224167 1.036196 0.1381491
v 0.08270893 1.029052 0.1369763
v 0.08660675 1.022933 0.1369362
v 0.09289074 1.019479 0.1380398
v 0.0912416 1.019326 0.1414371
v 0.09825427 1.019092 0.143282
v 0.1044277 1.022515 0.1449577
v 0.1081077 1.028677 0.1460152
v 0.1083083 1.035928 0.1461711
v 0.1049756 1.042324 0.1453836
v 0.09900276 1.046152 0.1438638
v 0.09199009 1.046385 0.1420189
v 0.08581666 1.042962 0.1403432
v 0.08213664 1.0368 0.1392858
v 0.08193608 1.029549 0.1391299
v 0.08526873 1.023153 0.1399173
v 0.0912416 1.019326 0.1414371
v 0.08965951 1.019789 0.1447888
v 0.09664719 1.019179 0.1466423
v 0.1031213 1.022229 0.147833
v 0.1073472 1.028123 0.1480419
v 0.1081925 1.03528 0.1472129
v 0.1054306 1.041785 0.1455683
v 0.09980178 1.045892 0.1435486
v 0.0928141 1.046503 0.1416951
v 0.08633997 1.043453 0.1405044
v 0.0821141 1.037559 0.1402955
v 0.08126883 1.030401 0.1411245
v 0.08403064 1.023897 0.1427692
v 0.08965951 1.019789 0.1447888
v 0.08822079 1.020772 0.1479428
v 0.09514228 1.019827 0.1499013
v 0.101847 1.022464 0.150754
v 0.1065384 1.027977 0.1502724
v 0.1079594 1.034889 0.1485856
v 0.1057293 1.041347 0.1461456
v 0.1004456 1.045621 0.1436061
v 0.09352414 1.046566 0.1416476
v 0.08681944 1.043929 0.1407949
v 0.08212806 1.038416 0.1412764
v 0.08070703 1.031504 0.1429632
v 0.08293712 1.025046 0.1454033
v 0.08822079 1.020772 0.1479428
v 0.0869388 1.022143 0.1508501
v 0.09376776 1.020923 0.1529743
v 0.100639 1.023158 0.1536273
v 0.1057115 1.028249 0.152634
v 0.1076259 1.034832 0.1502605
v 0.1058694 1.041143 0.1471429
v 0.1009125 1.045492 0.1441165
v 0.09408358 1.046712 0.1419922
v 0.08721231 1.044477 0.1413392
v 0.08213986 1.039386 0.1423326
v 0.08022543 1.032802 0.144706
v 0.08198196 1.026491 0.1478236
v 0.0869388 1.022143 0.1508501
v 0.08578642 1.023807 0.153543
v 0.09250741 1.022365 0.1558634
v 0.09949538 1.024232 0.156428
v 0.1048779 1.028907 0.1550857
v 0.1072128 1.035139 0.1521959
v 0.1058744 1.041257 0.1485331
v 0.1012212 1.045622 0.1450787
v 0.09450026 1.047064 0.1427583
v 0.08751228 1.045197 0.1421937
v 0.08212974 1.040521 0.143536
v 0.07979487 1.03429 0.1464258
v 0.08113331 1.028172 0.1500885
v 0.08578642 1.023807 0.153543
v 0.0837158 1.027858 0.1585625
v 0.09019133 1.02607 0.1613022
v 0.09731238 1.027312 0.1619204
v 0.1031709 1.031253 0.1602516
v 0.106197 1.036836 0.1567428
v 0.10558 1.042565 0.1523342
v 0.1014851 1.046905 0.1482072
v 0.09500959 1.048693 0.1454675
v 0.08788855 1.04745 0.1448493
v 0.08203006 1.043509 0.1465182
v 0.07900389 1.037927 0.150027
v 0.07962092 1.032198 0.1544355
v 0.0837158 1.027858 0.1585625
v 0.08175513 1.032894 0.163533
v 0.0879458 1.030813 0.1666921
v 0.09511279 1.031538 0.1675547
v 0.1013357 1.034876 0.1658897
v 0.1049471 1.039931 0.1621433
v 0.1049794 1.04535 0.1573192
v 0.1014238 1.04968 0.1527102
v 0.09523315 1.051762 0.1495512
v 0.08806616 1.051036 0.1486886
v 0.08184324 1.047699 0.1503536
v 0.07823181 1.042643 0.1541
v 0.07819957 1.037225 0.158924
v 0.08175513 1.032894 0.163533
v 0.07765613 1.046584 0.1747536
v 0.08310962 1.043912 0.1787226
v 0.09017097 1.043721 0.1803769
v 0.09694812 1.046064 0.1792733
v 0.1016251 1.050312 0.1757073
v 0.1029488 1.055327 0.1706345
v 0.1005644 1.059765 0.1654142
v 0.09511096 1.062438 0.1614452
v 0.08804961 1.062628 0.1597909
v 0.08127245 1.060286 0.1608945
v 0.07659545 1.056038 0.1644605
v 0.07527179 1.051023 0.1695333
v 0.07765613 1.046584 0.1747536
v 0.07300238 1.066198 0.1891572
v 0.07741711 1.062878 0.1938613
v 0.08407734 1.061761 0.1965123
v 0.09119847 1.063143 0.1963997
v 0.0968724 1.066657 0.1935538
v 0.09957882 1.071359 0.1887371
v 0.09859253 1.07599 0.1832403
v 0.09417781 1.079309 0.1785362
v 0.08751758 1.080427 0.1758853
v 0.08039644 1.079044 0.1759979
v 0.07472251 1.075531 0.1788437
v 0.07201609 1.070829 0.1836604
v 0.07300238 1.066198 0.1891572
v 0.06078548 1.132346 0.2374214
v 0.06216284 1.127866 0.2429597
v 0.06688243 1.124809 0.2475439
v 0.07367964 1.123993 0.2499456
v 0.08073317 1.125638 0.2495213
v 0.08615302 1.129301 0.2463847
v 0.08848695 1.134003 0.2413762
v 0.08710959 1.138482 0.2358378
v 0.08239 1.141539 0.2312537
v 0.07559279 1.142355 0.2288519
v 0.06853926 1.140711 0.2292762
v 0.0631194 1.137047 0.2324129
v 0.06078548 1.132346 0.2374214
v 0.06216284 1.127866 0.2429597
v 0.06688243 1.124809 0.2475439
v 0.07367964 1.123993 0.2499456
v 0.08073317 1.125638 0.2495213
v 0.08615302 1.129301 0.2463847
v 0.08848695 1.134003 0.2413762
v 0.08710959 1.138482 0.2358378
v 0.08239 1.141539 0.2312537
v 0.07559279 1.142355 0.2288519
v 0.06853926 1.140711 0.2292762
v 0.0631194 1.137047 0.2324129
v 0.06078548 1.132346 0.2374214
v 0.06256606 1.132974 0.2465199
v 0.066818 1.13022 0.2506499
v 0.07294169 1.129485 0.2528136
v 0.07929631 1.130966 0.2524314
v 0.08417912 1.134267 0.2496056
v 0.08628178 1.138503 0.2450933
v 0.0850409 1.142538 0.2401038
v 0.08078896 1.145293 0.2359738
v 0.07466526 1.146027 0.2338101
v 0.06831065 1.144546 0.2341923
v 0.06342784 1.141245 0.2370181
v 0.06132517 1.13701 0.2415304
v 0.06536137 1.138122 0.248669
v 0.06830299 1.136217 0.2515262
v 0.07253954 1.135708 0.2530231
v 0.07693586 1.136733 0.2527587
v 0.08031393 1.139017 0.2508037
v 0.08176862 1.141947 0.247682
v 0.08091014 1.144739 0.2442301
v 0.07796852 1.146644 0.2413729
v 0.07373196 1.147153 0.2398759
v 0.06933565 1.146128 0.2401404
v 0.06595758 1.143844 0.2420954
v 0.06450289 1.140914 0.2452171
v 0.06994154 1.142255 0.2489874
v 0.07101075 1.141562 0.2500259
v 0.07255064 1.141378 0.25057
v 0.07414861 1.14175 0.2504739
v 0.07537647 1.14258 0.2497633
v 0.07590522 1.143645 0.2486286
v 0.07559317 1.14466 0.2473739
v 0.07452396 1.145353 0.2463354
v 0.07298406 1.145537 0.2457913
v 0.0713861 1.145165 0.2458874
v 0.07015824 1.144335 0.246598
v 0.0696295 1.14327 0.2477327
v 0.07271747 1.143732 0.2484151

vn 0.1486785 0.9463804 -0.2868081
vn 0.1689817 0.9040632 -0.3925746
vn 0.2222443 0.9039328 -0.3653943
vn 0.2555284 0.9134784 -0.3166423
vn 0.2599154 0.9301425 -0.2593818
vn 0.2342299 0.9494598 -0.2089557
vn 0.1853542 0.9662543 -0.1788754
vn 0.1263846 0.9760259 -0.1772012
vn 0.07312191 0.9761564 -0.2043816
vn 0.03983787 0.9666107 -0.2531336
vn 0.03545088 0.9499467 -0.310394
vn 0.06113643 0.9306295 -0.3608203
vn 0.1100121 0.9138349 -0.3909005
vn 0.2063699 0.7638328 -0.6115316
vn 0.3770594 0.7634147 -0.5244274
vn 0.4837241 0.7940056 -0.3681932
vn 0.4977831 0.8474084 -0.1846918
vn 0.4154693 0.9093141 -0.02309233
vn 0.2588386 0.963135 0.07330478
vn 0.06986022 0.9944499 0.07867008
vn -0.1008293 0.994868 -0.008434176
vn -0.2074939 0.9642772 -0.1646684
vn -0.2215528 0.9108745 -0.3481697
vn -0.1392391 0.8489687 -0.5097691
vn 0.01739164 0.7951477 -0.6061664
vn 0.235931 0.432322 -0.870307
vn 0.5679667 0.4315087 -0.7008667
vn 0.7754573 0.4910157 -0.3969505
vn 0.8028056 0.594898 -0.03999252
vn 0.6426837 0.7153208 0.2743608
vn 0.3379964 0.8200164 0.4618782
vn -0.02961588 0.8809321 0.472315
vn -0.3616516 0.8817455 0.3028745
vn -0.5691419 0.8222387 -0.001041621
vn -0.5964903 0.7183562 -0.3579996
vn -0.4363685 0.5979335 -0.6723526
vn -0.131681 0.4932377 -0.8598702
vn 0.1843719 -0.3114747 -0.9321966
vn 0.6454436 -0.3126042 -0.6969084
vn 0.9335695 -0.2299717 -0.2748838
vn 0.971546 -0.08571841 0.2207958
vn 0.7491973 0.08150315 0.6573132
vn 0.3261021 0.2268858 0.9177038
vn -0.184372 0.3114747 0.9321966
vn -0.6454439 0.3126043 0.6969081
vn -0.9335695 0.2299718 0.2748837
vn -0.971546 0.08571841 -0.2207958
vn -0.7491975 -0.08150303 -0.657313
vn -0.3261017 -0.2268859 -0.9177039
vn 0.1843719 -0.3114747 -0.9321966
vn 0.6454436 -0.3126042 -0.6969084
vn 0.9335695 -0.2299717 -0.2748838
vn 0.971546 -0.08571841 0.2207958
vn 0.7491973 0.08150315 0.6573132
vn 0.3261021 0.2268858 0.9177038
vn -0.184372 0.3114747 0.9321966
vn -0.6454439 0.3126043 0.6969081
vn -0.9335695 0.2299718 0.2748837
vn -0.971546 0.08571841 -0.2207958
vn -0.7491975 -0.08150303 -0.657313
vn -0.3261017 -0.2268859 -0.9177039
vn 0.1843719 -0.3114747 -0.9321966
vn 0.170303 -0.3864183 -0.9064644
vn 0.6324681 -0.3828523 -0.6733559
vn 0.9251642 -0.2767014 -0.2598222
vn 0.9699633 -0.0964084 0.2233309
vn 0.7548612 0.1097172 0.6466426
vn 0.3374948 0.2864439 0.8966868
vn -0.170303 0.3864183 0.9064644
vn -0.6324683 0.3828523 0.6733557
vn -0.9251642 0.2767014 0.2598222
vn -0.9699633 0.0964084 -0.2233308
vn -0.7548613 -0.109717 -0.6466425
vn -0.3374945 -0.2864441 -0.8966869
vn 0.170303 -0.3864183 -0.9064644
vn 0.1613148 -0.435397 -0.8856676
vn 0.6240167 -0.4280904 -0.6537138
vn 0.9195141 -0.3060774 -0.246598
vn 0.9686283 -0.102051 0.2265939
vn 0.7581991 0.1293198 0.63907
vn 0.3446113 0.3260393 0.8803075
vn -0.161315 0.4353969 0.8856676
vn -0.6240169 0.4280903 0.6537137
vn -0.9195141 0.3060773 0.2465979
vn -0.9686283 0.1020511 -0.2265939
vn -0.7581993 -0.1293197 -0.6390698
vn -0.344611 -0.3260394 -0.8803077
vn 0.1613148 -0.435397 -0.8856676
vn 0.1559317 -0.4724459 -0.8674562
vn 0.6187326 -0.4613735 -0.6358494
vn 0.915745 -0.3266764 -0.2338671
vn 0.9673839 -0.1044466 0.2307797
vn 0.759813 0.1457696 0.6335894
vn 0.348651 0.3569269 0.866629
vn -0.1559319 0.4724459 0.8674561
vn -0.6187328 0.4613735 0.6358492
vn -0.9157448 0.3266764 0.2338671
vn -0.9673839 0.1044467 -0.2307797
vn -0.7598132 -0.1457696 -0.6335892
vn -0.3486507 -0.356927 -0.866629
vn 0.1559317 -0.4724459 -0.8674562
vn 0.1532493 -0.5043666 -0.8497818
vn 0.615778 -0.4889158 -0.6178824
vn 0.91331 -0.3424605 -0.2204218
vn 0.9661211 -0.1042429 0.2361006
vn 0.7600606 0.1619063 0.6293601
vn 0.3503426 0.3846728 0.8539829
vn -0.1532494 0.5043665 0.8497818
vn -0.6157783 0.4889157 0.6178824
vn -0.91331 0.3424604 0.2204218
vn -0.9661211 0.104243 -0.2361006
vn -0.7600607 -0.1619063 -0.6293601
vn -0.3503423 -0.3846729 -0.853983
vn 0.1532493 -0.5043666 -0.8497818
vn 0.1523522 -0.5355163 -0.8306691
vn 0.6143459 -0.514604 -0.598132
vn 0.9117264 -0.3558039 -0.2053258
vn 0.9648103 -0.1016664 0.2424973
vn 0.759374 0.1797125 0.6253434
vn 0.3504642 0.4129376 0.8406291
vn -0.1523523 0.5355163 0.8306691
vn -0.614346 0.5146039 0.5981318
vn -0.9117264 0.3558039 0.2053258
vn -0.9648103 0.1016665 -0.2424973
vn -0.7593742 -0.1797125 -0.6253434
vn -0.3504639 -0.4129376 -0.8406292
vn 0.1523522 -0.5355163 -0.8306691
vn 0.1516769 -0.5699441 -0.8075628
vn 0.6131348 -0.542022 -0.5746981
vn 0.910304 -0.3688655 -0.1878432
vn 0.9635577 -0.09687173 0.249344
vn 0.7586268 0.2010788 0.6197199
vn 0.3504226 0.4451502 0.824042
vn -0.1516771 0.5699441 0.8075628
vn -0.613135 0.542022 0.5746979
vn -0.9103039 0.3688655 0.1878431
vn -0.9635577 0.09687179 -0.2493441
vn -0.7586269 -0.2010787 -0.6197197
vn -0.3504224 -0.4451503 -0.8240421
vn 0.1516769 -0.5699441 -0.8075628
vn 0.1476547 -0.6133359 -0.7758977
vn 0.6092628 -0.5763819 -0.5445941
vn 0.9076197 -0.3849869 -0.1673669
vn 0.9627805 -0.09043467 0.2547063
vn 0.7599648 0.2283493 0.6085311
vn 0.3535174 0.4859471 0.7993002
vn -0.1476548 0.6133358 0.7758977
vn -0.609263 0.5763819 0.5445939
vn -0.9076197 0.3849868 0.1673669
vn -0.9627805 0.09043473 -0.2547063
vn -0.7599649 -0.2283492 -0.608531
vn -0.3535171 -0.4859473 -0.7993003
vn 0.1476547 -0.6133359 -0.7758977
vn 0.1303937 -0.6769096 -0.7244245
vn 0.5947688 -0.6288195 -0.5008353
vn 0.8997763 -0.4122379 -0.1430474
vn 0.9636893 -0.08519721 0.2530698
vn 0.7693824 0.264672 0.5813773
vn 0.3689202 0.5436224 0.7539049
vn -0.1303938 0.6769096 0.7244245
vn -0.5947691 0.6288196 0.5008352
vn -0.8997763 0.4122379 0.1430474
vn -0.9636893 0.08519728 -0.2530698
vn -0.7693825 -0.2646718 -0.5813771
vn -0.3689199 -0.5436225 -0.7539049
vn 0.1303937 -0.6769096 -0.7244245
vn 0.1009464 -0.7354366 -0.6700319
vn 0.5701805 -0.6819203 -0.4581255
vn 0.8866354 -0.4456839 -0.1234647
vn 0.9655171 -0.09002668 0.2442785
vn 0.7856889 0.2897532 0.5465676
vn 0.3953364 0.5918936 0.7024039
vn -0.1009465 0.7354367 0.6700319
vn -0.5701807 0.6819202 0.4581254
vn -0.8866354 0.4456839 0.1234647
vn -0.9655171 0.09002673 -0.2442785
vn -0.7856891 -0.289753 -0.5465674
vn -0.395336 -0.5918937 -0.7024039
vn 0.1009464 -0.7354366 -0.6700319
vn 0.03010224 -0.8293409 -0.5579315
vn 0.5096185 -0.7766822 -0.3702077
vn 0.8525832 -0.5159121 -0.08328705
vn 0.9670987 -0.1169036 0.2259505
vn 0.8224808 0.3134291 0.4746447
vn 0.4574798 0.6597786 0.596158
vn -0.03010236 0.8293409 0.5579315
vn -0.5096187 0.7766821 0.3702076
vn -0.8525832 0.5159121 0.08328699
vn -0.9670987 0.1169037 -0.2259504
vn -0.8224809 -0.313429 -0.4746445
vn -0.4574797 -0.6597787 -0.5961581
vn 0.03010224 -0.8293409 -0.5579315
vn -0.02759849 -0.8822878 -0.4699007
vn 0.4588479 -0.8367329 -0.2988928
vn 0.8223465 -0.566976 -0.04779672
vn 0.965498 -0.1452982 0.2161064
vn 0.8499449 0.3153121 0.4221041
vn 0.5066499 0.6914346 0.5149992
vn 0.02759837 0.8822878 0.4699007
vn -0.458848 0.8367329 0.2988927
vn -0.8223465 0.566976 0.04779667
vn -0.965498 0.1452982 -0.2161064
vn -0.849945 -0.3153121 -0.4221041
vn -0.5066496 -0.6914348 -0.5149992
vn -0.02759849 -0.8822878 -0.4699007
vn -0.1012523 -0.9283569 -0.357633
vn 0.3920783 -0.8970193 -0.2040366
vn 0.7803521 -0.6253262 0.004231378
vn 0.9595311 -0.1860771 0.2113656
vn 0.8816044 0.3030312 0.3618645
vn 0.5674525 0.7109421 0.415402
vn 0.1012521 0.9283569 0.3576329
vn -0.3920785 0.8970193 0.2040365
vn -0.7803521 0.6253262 -0.004231393
vn -0.9595311 0.1860772 -0.2113656
vn -0.8816044 -0.303031 -0.3618644
vn -0.5674523 -0.7109424 -0.415402
vn -0.1012523 -0.9283569 -0.357633
vn -0.187025 -0.9560593 -0.2257704
vn 0.3114416 -0.9463165 -0.08653997
vn 0.7264579 -0.683009 0.07587888
vn 0.9468203 -0.2366896 0.2179661
vn 0.913483 0.2730507 0.3016494
vn 0.6353785 0.709627 0.304506
vn 0.1870249 0.9560593 0.2257704
vn -0.3114419 0.9463165 0.08653989
vn -0.7264579 0.6830089 -0.0758789
vn -0.9468203 0.2366897 -0.2179661
vn -0.913483 -0.2730505 -0.3016494
vn -0.6353782 -0.7096272 -0.3045059
vn -0.187025 -0.9560593 -0.2257704
vn -0.2768741 -0.9569986 -0.08657064
vn 0.2234699 -0.9736688 0.04506135
vn 0.6639356 -0.729445 0.1646192
vn 0.9265003 -0.289767 0.2400675
vn 0.9408097 0.2275538 0.2511898
vn 0.70303 0.6839017 0.1950061
vn 0.276874 0.9569986 0.08657062
vn -0.2234702 0.9736686 -0.0450614
vn -0.6639356 0.729445 -0.1646192
vn -0.9265001 0.2897671 -0.2400675
vn -0.9408097 -0.2275537 -0.2511899
vn -0.7030298 -0.6839018 -0.195006
vn -0.2768741 -0.9569986 -0.08657064
vn -0.3618183 -0.9311981 0.0442442
vn 0.1367424 -0.9747579 0.1764896
vn 0.5986633 -0.7571321 0.2614449
vn 0.9001728 -0.3366331 0.2763461
vn 0.9604816 0.1740665 0.2172006
vn 0.7634301 0.6381248 0.09985643
vn 0.3618182 0.9311982 -0.04424421
vn -0.1367426 0.9747578 -0.1764897
vn -0.5986633 0.7571321 -0.2614449
vn -0.9001728 0.3366332 -0.2763461
vn -0.9604815 -0.1740662 -0.2172007
vn -0.7634299 -0.638125 -0.09985635
vn -0.3618183 -0.9311981 0.0442442
vn -0.4361124 -0.8864939 0.1547074
vn 0.0577255 -0.9539236 0.2944442
vn 0.5360962 -0.7657504 0.3552849
vn 0.8708203 -0.3723946 0.3209273
vn 0.9722086 0.120744 0.2005775
vn 0.8130944 0.5815291 0.02648308
vn 0.4361123 0.8864941 -0.1547074
vn -0.05772571 0.9539236 -0.2944442
vn -0.5360962 0.7657503 -0.3552849
vn -0.8708203 0.3723947 -0.3209273
vn -0.9722087 -0.1207438 -0.2005775
vn -0.8130943 -0.5815294 -0.02648295
vn -0.4361124 -0.8864939 0.1547074
vn -0.498504 -0.8329405 0.2402164
vn -0.01126718 -0.9199896 0.3917808
vn 0.4789889 -0.7605283 0.4383679
vn 0.8409002 -0.3972838 0.3674947
vn 0.9774929 0.0724126 0.1981514
vn 0.8521671 0.5227058 -0.02428623
vn 0.4985038 0.8329405 -0.2402164
vn 0.01126694 0.9199896 -0.3917809
vn -0.4789889 0.7605282 -0.4383679
vn -0.8409002 0.3972839 -0.3674947
vn -0.9774929 -0.07241239 -0.1981515
vn -0.852167 -0.5227062 0.02428637
vn -0.498504 -0.8329405 0.2402164
vn -0.5506269 -0.7782243 0.3019554
vn -0.07109428 -0.8811226 0.467513
vn 0.4274883 -0.7479251 0.5078009
vn 0.8115257 -0.4143214 0.4120241
vn 0.9781153 0.03029942 0.2058455
vn 0.8826197 0.4668014 -0.05548907
vn 0.5506268 0.7782242 -0.3019554
vn 0.07109404 0.8811227 -0.467513
vn -0.4274883 0.7479251 -0.5078009
vn -0.8115257 0.4143214 -0.4120241
vn -0.9781153 -0.03029927 -0.2058456
vn -0.8826196 -0.4668015 0.05548926
vn -0.5506269 -0.7782243 0.3019554
vn -0.6339077 -0.679477 0.3694212
vn -0.1718886 -0.8070626 0.5648931
vn 0.3361881 -0.7183967 0.6090022
vn 0.7541836 -0.4372368 0.4899298
vn 0.9700961 -0.03891951 0.2395809
vn 0.9260719 0.369826 -0.07496338
vn 0.6339076 0.679477 -0.3694213
vn 0.1718884 0.8070626 -0.5648931
vn -0.3361882 0.7183967 -0.6090022
vn -0.7541836 0.4372368 -0.4899298
vn -0.970096 0.03891962 -0.239581
vn -0.9260718 -0.3698264 0.07496358
vn -0.6339077 -0.679477 0.3694212
vn -0.7016671 -0.5988259 0.3860971
vn -0.2599716 -0.7473246 0.6114906
vn 0.2513833 -0.6955785 0.6730357
vn 0.6953802 -0.4574524 0.5542415
vn 0.9530505 -0.09675228 0.2869385
vn 0.9553516 0.2898724 -0.0572492
vn 0.701667 0.598826 -0.3860971
vn 0.2599713 0.7473247 -0.6114906
vn -0.2513833 0.6955785 -0.6730357
vn -0.6953802 0.4574524 -0.5542415
vn -0.9530505 0.09675239 -0.2869386
vn -0.9553514 -0.2898726 0.05724942
vn -0.7016671 -0.5988259 0.3860971
vn -0.8172382 -0.4702308 0.3331737
vn -0.4281401 -0.6609051 0.6163607
vn 0.07567804 -0.6744905 0.7343945
vn 0.5592184 -0.5073466 0.6556479
vn 0.8929166 -0.2042595 0.4012208
vn 0.9873582 0.1535586 0.03928706
vn 0.8172382 0.4702308 -0.3331737
vn 0.4281398 0.6609051 -0.6163608
vn -0.07567808 0.6744905 -0.7343945
vn -0.5592183 0.5073466 -0.6556479
vn -0.8929164 0.2042597 -0.4012209
vn -0.9873582 -0.1535588 -0.03928679
vn -0.8172382 -0.4702308 0.3331737
vn -0.9129109 -0.3493394 0.211082
vn -0.5979269 -0.5861638 0.5467134
vn -0.1227288 -0.6659262 0.7358533
vn 0.3853546 -0.5672541 0.7278219
vn 0.7901824 -0.3165865 0.5247711
vn 0.9832813 0.01890994 0.1811085
vn 0.9129109 0.3493395 -0.2110821
vn 0.5979267 0.5861638 -0.5467134
vn 0.1227287 0.6659261 -0.7358534
vn -0.3853545 0.567254 -0.7278219
vn -0.7901823 0.3165866 -0.5247712
vn -0.9832814 -0.01891019 -0.1811082
vn -0.9129109 -0.3493394 0.211082
vn -0.9882309 -0.05911222 -0.1410864
vn -0.8899581 -0.3787147 0.2540663
vn -0.5532217 -0.5968411 0.5811423
vn -0.06824984 -0.6550443 0.7525018
vn 0.4350096 -0.5377288 0.7222288
vn 0.8217082 -0.2763294 0.4984351
vn 0.9882309 0.05911228 0.1410863
vn 0.889958 0.3787149 -0.2540665
vn 0.5532216 0.5968412 -0.5811424
vn 0.06824989 0.6550443 -0.7525018
vn -0.4350094 0.5377289 -0.7222288
vn -0.8217084 0.2763292 -0.498435
vn -0.9882309 -0.05911222 -0.1410864
vn -0.8899581 -0.3787147 0.2540663
vn -0.5532217 -0.5968411 0.5811423
vn -0.06824984 -0.6550443 0.7525018
vn 0.4350096 -0.5377288 0.7222288
vn 0.8217082 -0.2763294 0.4984351
vn 0.9882309 0.05911228 0.1410863
vn 0.889958 0.3787149 -0.2540665
vn 0.5532216 0.5968412 -0.5811424
vn 0.06824989 0.6550443 -0.7525018
vn -0.4350094 0.5377289 -0.7222288
vn -0.8217084 0.2763292 -0.498435
vn -0.9882309 -0.05911222 -0.1410864
vn -0.7358788 0.2499172 0.6293043
vn -0.4933817 0.0928361 0.8648444
vn -0.1441346 0.0509217 0.988247
vn 0.218282 0.1354051 0.9664463
vn 0.4967588 0.3236488 0.8052839
vn 0.6166784 0.5652134 0.547943
vn 0.5459082 0.7953718 0.2633782
vn 0.3034112 0.952453 0.0278382
vn -0.04583589 0.9943674 -0.09556431
vn -0.4082525 0.909884 -0.07376359
vn -0.6867295 0.7216399 0.08739883
vn -0.8066489 0.4800754 0.3447394
vn -0.4566374 0.5595546 0.6916509
vn -0.331977 0.4788039 0.812735
vn -0.1524396 0.4572571 0.8761725
vn 0.03386792 0.5006874 0.8649654
vn 0.1770245 0.5974579 0.7821167
vn 0.2386715 0.7216389 0.6498255
vn 0.2022907 0.8399564 0.5035392
vn 0.07763024 0.9207071 0.3824553
vn -0.1019071 0.9422541 0.3190177
vn -0.2882146 0.8988237 0.3302247
vn -0.4313713 0.802053 0.4130736
vn -0.4930182 0.6778721 0.5453646
vn -0.2387907 0.7044827 0.6683435
vn -0.1998911 0.6792849 0.7061271
vn -0.1438675 0.6725613 0.7259224
vn -0.08573142 0.6861136 0.7224252
vn -0.04106024 0.7163102 0.6965729
vn -0.02182365 0.7550602 0.6552922
vn -0.03317609 0.7919804 0.6096444
vn -0.07207564 0.8171783 0.5718608
vn -0.1280992 0.8239019 0.5520655
vn -0.1862354 0.8103496 0.5555626
vn -0.2309066 0.780153 0.5814151
vn -0.2501432 0.741403 0.6226957
vn -0.1368999 0.7532746 0.6433007

vt 0 -0.02077442
vt 0.9815734 -0.01953815
vt 0.9840243 -0.01953815
vt 0.9907557 -0.01953815
vt 0 -0.01953815
vt 0.009244293 -0.01953815
vt 0.01597574 -0.01953815
vt 0.0184266 -0.01953815
vt 0.01597574 -0.01953815
vt 0.009244293 -0.01953815
vt 1 -0.01953815
vt 0.9907557 -0.01953815
vt 0.9840243 -0.01953815
vt 0.9396443 -0.01040878
vt 0.9471089 -0.01040878
vt 0.9686971 -0.01040878
vt 0 -0.01040878
vt 0.0313029 -0.01040878
vt 0.05289117 -0.01040878
vt 0.06035572 -0.01040878
vt 0.05289117 -0.01040878
vt 0.0313029 -0.01040878
vt 1 -0.01040878
vt 0.9686971 -0.01040878
vt 0.9471089 -0.01040878
vt 0.8720391 0.006138225
vt 0.8834689 0.006138225
vt 0.9238126 0.006138225
vt 2.980232E-08 0.006138225
vt 0.07618743 0.006138225
vt 0.1165311 0.006138225
vt 0.1279609 0.006138225
vt 0.1165311 0.006138225
vt 0.07618737 0.006138225
vt 1 0.006138225
vt 0.9238126 0.006138225
vt 0.8834688 0.006138225
vt 0.75 0.02677443
vt 0.75 0.02677443
vt 0.75 0.02677443
vt 0.25 0.02677443
vt 0.25 0.02677443
vt 0.25 0.02677443
vt 0.25 0.02677443
vt 0.25 0.02677443
vt 0.25 0.02677443
vt 0.75 0.02677443
vt 0.75 0.02677443
vt 0.75 0.02677443
vt 0 0.05054885
vt 0.08333334 0.05054885
vt 0.1666667 0.05054885
vt 0.25 0.05054885
vt 0.3333333 0.05054885
vt 0.4166667 0.05054885
vt 0.5 0.05054885
vt 0.5833333 0.05054885
vt 0.6666667 0.05054885
vt 0.75 0.05054885
vt 0.8333333 0.05054885
vt 0.9166667 0.05054885
vt 1 0.05054885
vt 0 0.09041475
vt 0.08333334 0.09041475
vt 0.1666667 0.09041475
vt 0.25 0.09041475
vt 0.3333333 0.09041475
vt 0.4166667 0.09041475
vt 0.5 0.09041475
vt 0.5833333 0.09041475
vt 0.6666667 0.09041475
vt 0.75 0.09041475
vt 0.8333333 0.09041475
vt 0.9166667 0.09041475
vt 1 0.09041475
vt 0 0.1359871
vt 0.08333334 0.1359871
vt 0.1666667 0.1359871
vt 0.25 0.1359871
vt 0.3333333 0.1359871
vt 0.4166667 0.1359871
vt 0.5 0.1359871
vt 0.5833333 0.1359871
vt 0.6666667 0.1359871
vt 0.75 0.1359871
vt 0.8333333 0.1359871
vt 0.9166667 0.1359871
vt 1 0.1359871
vt 0 0.1852206
vt 0.08333334 0.1852206
vt 0.1666667 0.1852206
vt 0.25 0.1852206
vt 0.3333333 0.1852206
vt 0.4166667 0.1852206
vt 0.5 0.1852206
vt 0.5833333 0.1852206
vt 0.6666667 0.1852206
vt 0.75 0.1852206
vt 0.8333333 0.1852206
vt 0.9166667 0.1852206
vt 1 0.1852206
vt 0 0.2360069
vt 0.08333334 0.2360069
vt 0.1666667 0.2360069
vt 0.25 0.2360069
vt 0.3333333 0.2360069
vt 0.4166667 0.2360069
vt 0.5 0.2360069
vt 0.5833333 0.2360069
vt 0.6666667 0.2360069
vt 0.75 0.2360069
vt 0.8333333 0.2360069
vt 0.9166667 0.2360069
vt 1 0.2360069
vt 0 0.2862122
vt 0.08333334 0.2862122
vt 0.1666667 0.2862122
vt 0.25 0.2862122
vt 0.3333333 0.2862122
vt 0.4166667 0.2862122
vt 0.5 0.2862122
vt 0.5833333 0.2862122
vt 0.6666667 0.2862122
vt 0.75 0.2862122
vt 0.8333333 0.2862122
vt 0.9166667 0.2862122
vt 1 0.2862122
vt 0 0.3336982
vt 0.08333334 0.3336982
vt 0.1666667 0.3336982
vt 0.25 0.3336982
vt 0.3333333 0.3336982
vt 0.4166667 0.3336982
vt 0.5 0.3336982
vt 0.5833333 0.3336982
vt 0.6666667 0.3336982
vt 0.75 0.3336982
vt 0.8333333 0.3336982
vt 0.9166667 0.3336982
vt 1 0.3336982
vt 0 0.3763414
vt 0.08333334 0.3763414
vt 0.1666667 0.3763414
vt 0.25 0.3763414
vt 0.3333333 0.3763414
vt 0.4166667 0.3763414
vt 0.5 0.3763414
vt 0.5833333 0.3763414
vt 0.6666667 0.3763414
vt 0.75 0.3763414
vt 0.8333333 0.3763414
vt 0.9166667 0.3763414
vt 1 0.3763414
vt 0 0.4120692
vt 0.08333334 0.4120692
vt 0.1666667 0.4120692
vt 0.25 0.4120692
vt 0.3333333 0.4120692
vt 0.4166667 0.4120692
vt 0.5 0.4120692
vt 0.5833333 0.4120692
vt 0.6666667 0.4120692
vt 0.75 0.4120692
vt 0.8333333 0.4120692
vt 0.9166667 0.4120692
vt 1 0.4120692
vt 0 0.4267976
vt 0.08333334 0.4267976
vt 0.1666667 0.4267976
vt 0.25 0.4267976
vt 0.3333333 0.4267976
vt 0.4166667 0.4267976
vt 0.5 0.4267976
vt 0.5833333 0.4267976
vt 0.6666667 0.4267976
vt 0.75 0.4267976
vt 0.8333333 0.4267976
vt 0.9166667 0.4267976
vt 1 0.4267976
vt 0 0.4395379
vt 0.08333334 0.4395379
vt 0.1666667 0.4395379
vt 0.25 0.4395379
vt 0.3333333 0.4395379
vt 0.4166667 0.4395379
vt 0.5 0.4395379
vt 0.5833333 0.4395379
vt 0.6666667 0.4395379
vt 0.75 0.4395379
vt 0.8333333 0.4395379
vt 0.9166667 0.4395379
vt 1 0.4395379
vt 0 0.4453133
vt 0.08333334 0.4453133
vt 0.1666667 0.4453133
vt 0.25 0.4453133
vt 0.3333333 0.4453133
vt 0.4166667 0.4453133
vt 0.5 0.4453133
vt 0.5833333 0.4453133
vt 0.6666667 0.4453133
vt 0.75 0.4453133
vt 0.8333333 0.4453133
vt 0.9166667 0.4453133
vt 1 0.4453133
vt 0 0.4508198
vt 0.08333334 0.4508198
vt 0.1666667 0.4508198
vt 0.25 0.4508198
vt 0.3333333 0.4508198
vt 0.4166667 0.4508198
vt 0.5 0.4508198
vt 0.5833333 0.4508198
vt 0.6666667 0.4508198
vt 0.75 0.4508198
vt 0.8333333 0.4508198
vt 0.9166667 0.4508198
vt 1 0.4508198
vt 0 0.4561993
vt 0.08333334 0.4561993
vt 0.1666667 0.4561993
vt 0.25 0.4561993
vt 0.3333333 0.4561993
vt 0.4166667 0.4561993
vt 0.5 0.4561993
vt 0.5833333 0.4561993
vt 0.6666667 0.4561993
vt 0.75 0.4561993
vt 0.8333333 0.4561993
vt 0.9166667 0.4561993
vt 1 0.4561993
vt 0 0.4616257
vt 0.08333334 0.4616257
vt 0.1666667 0.4616257
vt 0.25 0.4616257
vt 0.3333333 0.4616257
vt 0.4166667 0.4616257
vt 0.5 0.4616257
vt 0.5833333 0.4616257
vt 0.6666667 0.4616257
vt 0.75 0.4616257
vt 0.8333333 0.4616257
vt 0.9166667 0.4616257
vt 1 0.4616257
vt 0 0.4672925
vt 0.08333334 0.4672925
vt 0.1666667 0.4672925
vt 0.25 0.4672925
vt 0.3333333 0.4672925
vt 0.4166667 0.4672925
vt 0.5 0.4672925
vt 0.5833333 0.4672925
vt 0.6666667 0.4672925
vt 0.75 0.4672925
vt 0.8333333 0.4672925
vt 0.9166667 0.4672925
vt 1 0.4672925
vt 0 0.4733948
vt 0.08333334 0.4733948
vt 0.1666667 0.4733948
vt 0.25 0.4733948
vt 0.3333333 0.4733948
vt 0.4166667 0.4733948
vt 0.5 0.4733948
vt 0.5833333 0.4733948
vt 0.6666667 0.4733948
vt 0.75 0.4733948
vt 0.8333333 0.4733948
vt 0.9166667 0.4733948
vt 1 0.4733948
vt 0 0.4801147
vt 0.08333334 0.4801147
vt 0.1666667 0.4801147
vt 0.25 0.4801147
vt 0.3333333 0.4801147
vt 0.4166667 0.4801147
vt 0.5 0.4801147
vt 0.5833333 0.4801147
vt 0.6666667 0.4801147
vt 0.75 0.4801147
vt 0.8333333 0.4801147
vt 0.9166667 0.4801147
vt 1 0.4801147
vt 0 0.4876129
vt 0.08333334 0.4876129
vt 0.1666667 0.4876129
vt 0.25 0.4876129
vt 0.3333333 0.4876129
vt 0.4166667 0.4876129
vt 0.5 0.4876129
vt 0.5833333 0.4876129
vt 0.6666667 0.4876129
vt 0.75 0.4876129
vt 0.8333333 0.4876129
vt 0.9166667 0.4876129
vt 1 0.4876129
vt 0 0.5054743
vt 0.08333334 0.5054743
vt 0.1666667 0.5054743
vt 0.25 0.5054743
vt 0.3333333 0.5054743
vt 0.4166667 0.5054743
vt 0.5 0.5054743
vt 0.5833333 0.5054743
vt 0.6666667 0.5054743
vt 0.75 0.5054743
vt 0.8333333 0.5054743
vt 0.9166667 0.5054743
vt 1 0.5054743
vt 0 0.5279152
vt 0.08333334 0.5279152
vt 0.1666667 0.5279152
vt 0.25 0.5279152
vt 0.3333333 0.5279152
vt 0.4166667 0.5279152
vt 0.5 0.5279152
vt 0.5833333 0.5279152
vt 0.6666667 0.5279152
vt 0.75 0.5279152
vt 0.8333333 0.5279152
vt 0.9166667 0.5279152
vt 1 0.5279152
vt 0 0.5893921
vt 0.08333334 0.5893921
vt 0.1666667 0.5893921
vt 0.25 0.5893921
vt 0.3333333 0.5893921
vt 0.4166667 0.5893921
vt 0.5 0.5893921
vt 0.5833333 0.5893921
vt 0.6666667 0.5893921
vt 0.75 0.5893921
vt 0.8333333 0.5893921
vt 0.9166667 0.5893921
vt 1 0.5893921
vt 0 0.6771263
vt 0.08333334 0.6771263
vt 0.1666667 0.6771263
vt 0.25 0.6771263
vt 0.3333333 0.6771263
vt 0.4166667 0.6771263
vt 0.5 0.6771263
vt 0.5833333 0.6771263
vt 0.6666667 0.6771263
vt 0.75 0.6771263
vt 0.8333333 0.6771263
vt 0.9166667 0.6771263
vt 1 0.6771263
vt 0 0.9732255
vt 0.08333334 0.9732255
vt 0.1666667 0.9732255
vt 0.25 0.9732255
vt 0.3333333 0.9732255
vt 0.4166667 0.9732255
vt 0.5 0.9732255
vt 0.5833333 0.9732255
vt 0.6666667 0.9732255
vt 0.75 0.9732255
vt 0.8333333 0.9732255
vt 0.9166667 0.9732255
vt 1 0.9732255
vt 0.75 0.9732255
vt 0.75 0.9732255
vt 0.25 0.9732255
vt 0.25 0.9732255
vt 0.25 0.9732255
vt 0.25 0.9732255
vt 0.25 0.9732255
vt 0.25 0.9732255
vt 0.75 0.9732255
vt 0.75 0.9732255
vt 0.75 0.9732255
vt 0.75 0.9732255
vt 0.6165311 0.9938617
vt 0.5761874 0.9938617
vt 0.5 0.9938617
vt 0.4238126 0.9938617
vt 0.3834689 0.9938617
vt 0.3720391 0.9938617
vt 0.3834689 0.9938617
vt 0.4238126 0.9938617
vt 0.5 0.9938617
vt 0.5761874 0.9938617
vt 0.6165311 0.9938617
vt 0.6279609 0.9938617
vt 0.5528911 1.010409
vt 0.5313029 1.010409
vt 0.5 1.010409
vt 0.4686971 1.010409
vt 0.4471088 1.010409
vt 0.4396443 1.010409
vt 0.4471089 1.010409
vt 0.4686971 1.010409
vt 0.5 1.010409
vt 0.5313029 1.010409
vt 0.5528911 1.010409
vt 0.5603557 1.010409
vt 0.5159757 1.019538
vt 0.5092443 1.019538
vt 0.5 1.019538
vt 0.4907557 1.019538
vt 0.4840243 1.019538
vt 0.4815734 1.019538
vt 0.4840243 1.019538
vt 0.4907557 1.019538
vt 0.5 1.019538
vt 0.5092443 1.019538
vt 0.5159757 1.019538
vt 0.5184266 1.019538
vt 0 1.020774

usemap Standard_56A043
usemtl Standard_56A043
f 1162/1162/1162 1161/1161/1161 1160/1160/1160 1159/1159/1159 
f 1164/1164/1164 1163/1163/1163 1162/1162/1162 1159/1159/1159 
f 1166/1166/1166 1165/1165/1165 1164/1164/1164 1159/1159/1159 
f 1168/1168/1168 1167/1167/1167 1166/1166/1166 1159/1159/1159 
f 1170/1170/1170 1169/1169/1169 1168/1168/1168 1159/1159/1159 
f 1160/1160/1160 1171/1171/1171 1170/1170/1170 1159/1159/1159 
f 1161/1161/1161 1173/1173/1173 1172/1172/1172 1160/1160/1160 
f 1162/1162/1162 1174/1174/1174 1173/1173/1173 1161/1161/1161 
f 1163/1163/1163 1175/1175/1175 1174/1174/1174 1162/1162/1162 
f 1164/1164/1164 1176/1176/1176 1175/1175/1175 1163/1163/1163 
f 1165/1165/1165 1177/1177/1177 1176/1176/1176 1164/1164/1164 
f 1166/1166/1166 1178/1178/1178 1177/1177/1177 1165/1165/1165 
f 1167/1167/1167 1179/1179/1179 1178/1178/1178 1166/1166/1166 
f 1168/1168/1168 1180/1180/1180 1179/1179/1179 1167/1167/1167 
f 1169/1169/1169 1181/1181/1181 1180/1180/1180 1168/1168/1168 
f 1170/1170/1170 1182/1182/1182 1181/1181/1181 1169/1169/1169 
f 1171/1171/1171 1183/1183/1183 1182/1182/1182 1170/1170/1170 
f 1160/1160/1160 1172/1172/1172 1183/1183/1183 1171/1171/1171 
f 1173/1173/1173 1185/1185/1185 1184/1184/1184 1172/1172/1172 
f 1174/1174/1174 1186/1186/1186 1185/1185/1185 1173/1173/1173 
f 1175/1175/1175 1187/1187/1187 1186/1186/1186 1174/1174/1174 
f 1176/1176/1176 1188/1188/1188 1187/1187/1187 1175/1175/1175 
f 1177/1177/1177 1189/1189/1189 1188/1188/1188 1176/1176/1176 
f 1178/1178/1178 1190/1190/1190 1189/1189/1189 1177/1177/1177 
f 1179/1179/1179 1191/1191/1191 1190/1190/1190 1178/1178/1178 
f 1180/1180/1180 1192/1192/1192 1191/1191/1191 1179/1179/1179 
f 1181/1181/1181 1193/1193/1193 1192/1192/1192 1180/1180/1180 
f 1182/1182/1182 1194/1194/1194 1193/1193/1193 1181/1181/1181 
f 1183/1183/1183 1195/1195/1195 1194/1194/1194 1182/1182/1182 
f 1172/1172/1172 1184/1184/1184 1195/1195/1195 1183/1183/1183 
f 1185/1185/1185 1197/1197/1197 1196/1196/1196 1184/1184/1184 
f 1186/1186/1186 1198/1198/1198 1197/1197/1197 1185/1185/1185 
f 1187/1187/1187 1199/1199/1199 1198/1198/1198 1186/1186/1186 
f 1188/1188/1188 1200/1200/1200 1199/1199/1199 1187/1187/1187 
f 1189/1189/1189 1201/1201/1201 1200/1200/1200 1188/1188/1188 
f 1190/1190/1190 1202/1202/1202 1201/1201/1201 1189/1189/1189 
f 1191/1191/1191 1203/1203/1203 1202/1202/1202 1190/1190/1190 
f 1192/1192/1192 1204/1204/1204 1203/1203/1203 1191/1191/1191 
f 1193/1193/1193 1205/1205/1205 1204/1204/1204 1192/1192/1192 
f 1194/1194/1194 1206/1206/1206 1205/1205/1205 1193/1193/1193 
f 1195/1195/1195 1207/1207/1207 1206/1206/1206 1194/1194/1194 
f 1184/1184/1184 1196/1196/1196 1207/1207/1207 1195/1195/1195 
f 1197/1197/1197 1209/1209/1209 1208/1208/1208 1196/1196/1196 
f 1198/1198/1198 1210/1210/1210 1209/1209/1209 1197/1197/1197 
f 1199/1199/1199 1211/1211/1211 1210/1210/1210 1198/1198/1198 
f 1200/1200/1200 1212/1212/1212 1211/1211/1211 1199/1199/1199 
f 1201/1201/1201 1213/1213/1213 1212/1212/1212 1200/1200/1200 
f 1202/1202/1202 1214/1214/1214 1213/1213/1213 1201/1201/1201 
f 1203/1203/1203 1215/1215/1215 1214/1214/1214 1202/1202/1202 
f 1204/1204/1204 1216/1216/1216 1215/1215/1215 1203/1203/1203 
f 1205/1205/1205 1217/1217/1217 1216/1216/1216 1204/1204/1204 
f 1206/1206/1206 1218/1218/1218 1217/1217/1217 1205/1205/1205 
f 1207/1207/1207 1219/1219/1219 1218/1218/1218 1206/1206/1206 
f 1196/1196/1196 1220/1220/1220 1219/1219/1219 1207/1207/1207 
f 1209/1209/1209 1222/1222/1222 1221/1221/1221 1208/1208/1208 
f 1210/1210/1210 1223/1223/1223 1222/1222/1222 1209/1209/1209 
f 1211/1211/1211 1224/1224/1224 1223/1223/1223 1210/1210/1210 
f 1212/1212/1212 1225/1225/1225 1224/1224/1224 1211/1211/1211 
f 1213/1213/1213 1226/1226/1226 1225/1225/1225 1212/1212/1212 
f 1214/1214/1214 1227/1227/1227 1226/1226/1226 1213/1213/1213 
f 1215/1215/1215 1228/1228/1228 1227/1227/1227 1214/1214/1214 
f 1216/1216/1216 1229/1229/1229 1228/1228/1228 1215/1215/1215 
f 1217/1217/1217 1230/1230/1230 1229/1229/1229 1216/1216/1216 
f 1218/1218/1218 1231/1231/1231 1230/1230/1230 1217/1217/1217 
f 1219/1219/1219 1232/1232/1232 1231/1231/1231 1218/1218/1218 
f 1220/1220/1220 1233/1233/1233 1232/1232/1232 1219/1219/1219 
f 1222/1222/1222 1235/1235/1235 1234/1234/1234 1221/1221/1221 
f 1223/1223/1223 1236/1236/1236 1235/1235/1235 1222/1222/1222 
f 1224/1224/1224 1237/1237/1237 1236/1236/1236 1223/1223/1223 
f 1225/1225/1225 1238/1238/1238 1237/1237/1237 1224/1224/1224 
f 1226/1226/1226 1239/1239/1239 1238/1238/1238 1225/1225/1225 
f 1227/1227/1227 1240/1240/1240 1239/1239/1239 1226/1226/1226 
f 1228/1228/1228 1241/1241/1241 1240/1240/1240 1227/1227/1227 
f 1229/1229/1229 1242/1242/1242 1241/1241/1241 1228/1228/1228 
f 1230/1230/1230 1243/1243/1243 1242/1242/1242 1229/1229/1229 
f 1231/1231/1231 1244/1244/1244 1243/1243/1243 1230/1230/1230 
f 1232/1232/1232 1245/1245/1245 1244/1244/1244 1231/1231/1231 
f 1233/1233/1233 1246/1246/1246 1245/1245/1245 1232/1232/1232 
f 1235/1235/1235 1248/1248/1248 1247/1247/1247 1234/1234/1234 
f 1236/1236/1236 1249/1249/1249 1248/1248/1248 1235/1235/1235 
f 1237/1237/1237 1250/1250/1250 1249/1249/1249 1236/1236/1236 
f 1238/1238/1238 1251/1251/1251 1250/1250/1250 1237/1237/1237 
f 1239/1239/1239 1252/1252/1252 1251/1251/1251 1238/1238/1238 
f 1240/1240/1240 1253/1253/1253 1252/1252/1252 1239/1239/1239 
f 1241/1241/1241 1254/1254/1254 1253/1253/1253 1240/1240/1240 
f 1242/1242/1242 1255/1255/1255 1254/1254/1254 1241/1241/1241 
f 1243/1243/1243 1256/1256/1256 1255/1255/1255 1242/1242/1242 
f 1244/1244/1244 1257/1257/1257 1256/1256/1256 1243/1243/1243 
f 1245/1245/1245 1258/1258/1258 1257/1257/1257 1244/1244/1244 
f 1246/1246/1246 1259/1259/1259 1258/1258/1258 1245/1245/1245 
f 1248/1248/1248 1261/1261/1261 1260/1260/1260 1247/1247/1247 
f 1249/1249/1249 1262/1262/1262 1261/1261/1261 1248/1248/1248 
f 1250/1250/1250 1263/1263/1263 1262/1262/1262 1249/1249/1249 
f 1251/1251/1251 1264/1264/1264 1263/1263/1263 1250/1250/1250 
f 1252/1252/1252 1265/1265/1265 1264/1264/1264 1251/1251/1251 
f 1253/1253/1253 1266/1266/1266 1265/1265/1265 1252/1252/1252 
f 1254/1254/1254 1267/1267/1267 1266/1266/1266 1253/1253/1253 
f 1255/1255/1255 1268/1268/1268 1267/1267/1267 1254/1254/1254 
f 1256/1256/1256 1269/1269/1269 1268/1268/1268 1255/1255/1255 
f 1257/1257/1257 1270/1270/1270 1269/1269/1269 1256/1256/1256 
f 1258/1258/1258 1271/1271/1271 1270/1270/1270 1257/1257/1257 
f 1259/1259/1259 1272/1272/1272 1271/1271/1271 1258/1258/1258 
f 1261/1261/1261 1274/1274/1274 1273/1273/1273 1260/1260/1260 
f 1262/1262/1262 1275/1275/1275 1274/1274/1274 1261/1261/1261 
f 1263/1263/1263 1276/1276/1276 1275/1275/1275 1262/1262/1262 
f 1264/1264/1264 1277/1277/1277 1276/1276/1276 1263/1263/1263 
f 1265/1265/1265 1278/1278/1278 1277/1277/1277 1264/1264/1264 
f 1266/1266/1266 1279/1279/1279 1278/1278/1278 1265/1265/1265 
f 1267/1267/1267 1280/1280/1280 1279/1279/1279 1266/1266/1266 
f 1268/1268/1268 1281/1281/1281 1280/1280/1280 1267/1267/1267 
f 1269/1269/1269 1282/1282/1282 1281/1281/1281 1268/1268/1268 
f 1270/1270/1270 1283/1283/1283 1282/1282/1282 1269/1269/1269 
f 1271/1271/1271 1284/1284/1284 1283/1283/1283 1270/1270/1270 
f 1272/1272/1272 1285/1285/1285 1284/1284/1284 1271/1271/1271 
f 1274/1274/1274 1287/1287/1287 1286/1286/1286 1273/1273/1273 
f 1275/1275/1275 1288/1288/1288 1287/1287/1287 1274/1274/1274 
f 1276/1276/1276 1289/1289/1289 1288/1288/1288 1275/1275/1275 
f 1277/1277/1277 1290/1290/1290 1289/1289/1289 1276/1276/1276 
f 1278/1278/1278 1291/1291/1291 1290/1290/1290 1277/1277/1277 
f 1279/1279/1279 1292/1292/1292 1291/1291/1291 1278/1278/1278 
f 1280/1280/1280 1293/1293/1293 1292/1292/1292 1279/1279/1279 
f 1281/1281/1281 1294/1294/1294 1293/1293/1293 1280/1280/1280 
f 1282/1282/1282 1295/1295/1295 1294/1294/1294 1281/1281/1281 
f 1283/1283/1283 1296/1296/1296 1295/1295/1295 1282/1282/1282 
f 1284/1284/1284 1297/1297/1297 1296/1296/1296 1283/1283/1283 
f 1285/1285/1285 1298/1298/1298 1297/1297/1297 1284/1284/1284 
f 1287/1287/1287 1300/1300/1300 1299/1299/1299 1286/1286/1286 
f 1288/1288/1288 1301/1301/1301 1300/1300/1300 1287/1287/1287 
f 1289/1289/1289 1302/1302/1302 1301/1301/1301 1288/1288/1288 
f 1290/1290/1290 1303/1303/1303 1302/1302/1302 1289/1289/1289 
f 1291/1291/1291 1304/1304/1304 1303/1303/1303 1290/1290/1290 
f 1292/1292/1292 1305/1305/1305 1304/1304/1304 1291/1291/1291 
f 1293/1293/1293 1306/1306/1306 1305/1305/1305 1292/1292/1292 
f 1294/1294/1294 1307/1307/1307 1306/1306/1306 1293/1293/1293 
f 1295/1295/1295 1308/1308/1308 1307/1307/1307 1294/1294/1294 
f 1296/1296/1296 1309/1309/1309 1308/1308/1308 1295/1295/1295 
f 1297/1297/1297 1310/1310/1310 1309/1309/1309 1296/1296/1296 
f 1298/1298/1298 1311/1311/1311 1310/1310/1310 1297/1297/1297 
f 1300/1300/1300 1313/1313/1313 1312/1312/1312 1299/1299/1299 
f 1301/1301/1301 1314/1314/1314 1313/1313/1313 1300/1300/1300 
f 1302/1302/1302 1315/1315/1315 1314/1314/1314 1301/1301/1301 
f 1303/1303/1303 1316/1316/1316 1315/1315/1315 1302/1302/1302 
f 1304/1304/1304 1317/1317/1317 1316/1316/1316 1303/1303/1303 
f 1305/1305/1305 1318/1318/1318 1317/1317/1317 1304/1304/1304 
f 1306/1306/1306 1319/1319/1319 1318/1318/1318 1305/1305/1305 
f 1307/1307/1307 1320/1320/1320 1319/1319/1319 1306/1306/1306 
f 1308/1308/1308 1321/1321/1321 1320/1320/1320 1307/1307/1307 
f 1309/1309/1309 1322/1322/1322 1321/1321/1321 1308/1308/1308 
f 1310/1310/1310 1323/1323/1323 1322/1322/1322 1309/1309/1309 
f 1311/1311/1311 1324/1324/1324 1323/1323/1323 1310/1310/1310 
f 1313/1313/1313 1326/1326/1326 1325/1325/1325 1312/1312/1312 
f 1314/1314/1314 1327/1327/1327 1326/1326/1326 1313/1313/1313 
f 1315/1315/1315 1328/1328/1328 1327/1327/1327 1314/1314/1314 
f 1316/1316/1316 1329/1329/1329 1328/1328/1328 1315/1315/1315 
f 1317/1317/1317 1330/1330/1330 1329/1329/1329 1316/1316/1316 
f 1318/1318/1318 1331/1331/1331 1330/1330/1330 1317/1317/1317 
f 1319/1319/1319 1332/1332/1332 1331/1331/1331 1318/1318/1318 
f 1320/1320/1320 1333/1333/1333 1332/1332/1332 1319/1319/1319 
f 1321/1321/1321 1334/1334/1334 1333/1333/1333 1320/1320/1320 
f 1322/1322/1322 1335/1335/1335 1334/1334/1334 1321/1321/1321 
f 1323/1323/1323 1336/1336/1336 1335/1335/1335 1322/1322/1322 
f 1324/1324/1324 1337/1337/1337 1336/1336/1336 1323/1323/1323 
f 1326/1326/1326 1339/1339/1339 1338/1338/1338 1325/1325/1325 
f 1327/1327/1327 1340/1340/1340 1339/1339/1339 1326/1326/1326 
f 1328/1328/1328 1341/1341/1341 1340/1340/1340 1327/1327/1327 
f 1329/1329/1329 1342/1342/1342 1341/1341/1341 1328/1328/1328 
f 1330/1330/1330 1343/1343/1343 1342/1342/1342 1329/1329/1329 
f 1331/1331/1331 1344/1344/1344 1343/1343/1343 1330/1330/1330 
f 1332/1332/1332 1345/1345/1345 1344/1344/1344 1331/1331/1331 
f 1333/1333/1333 1346/1346/1346 1345/1345/1345 1332/1332/1332 
f 1334/1334/1334 1347/1347/1347 1346/1346/1346 1333/1333/1333 
f 1335/1335/1335 1348/1348/1348 1347/1347/1347 1334/1334/1334 
f 1336/1336/1336 1349/1349/1349 1348/1348/1348 1335/1335/1335 
f 1337/1337/1337 1350/1350/1350 1349/1349/1349 1336/1336/1336 
f 1339/1339/1339 1352/1352/1352 1351/1351/1351 1338/1338/1338 
f 1340/1340/1340 1353/1353/1353 1352/1352/1352 1339/1339/1339 
f 1341/1341/1341 1354/1354/1354 1353/1353/1353 1340/1340/1340 
f 1342/1342/1342 1355/1355/1355 1354/1354/1354 1341/1341/1341 
f 1343/1343/1343 1356/1356/1356 1355/1355/1355 1342/1342/1342 
f 1344/1344/1344 1357/1357/1357 1356/1356/1356 1343/1343/1343 
f 1345/1345/1345 1358/1358/1358 1357/1357/1357 1344/1344/1344 
f 1346/1346/1346 1359/1359/1359 1358/1358/1358 1345/1345/1345 
f 1347/1347/1347 1360/1360/1360 1359/1359/1359 1346/1346/1346 
f 1348/1348/1348 1361/1361/1361 1360/1360/1360 1347/1347/1347 
f 1349/1349/1349 1362/1362/1362 1361/1361/1361 1348/1348/1348 
f 1350/1350/1350 1363/1363/1363 1362/1362/1362 1349/1349/1349 
f 1352/1352/1352 1365/1365/1365 1364/1364/1364 1351/1351/1351 
f 1353/1353/1353 1366/1366/1366 1365/1365/1365 1352/1352/1352 
f 1354/1354/1354 1367/1367/1367 1366/1366/1366 1353/1353/1353 
f 1355/1355/1355 1368/1368/1368 1367/1367/1367 1354/1354/1354 
f 1356/1356/1356 1369/1369/1369 1368/1368/1368 1355/1355/1355 
f 1357/1357/1357 1370/1370/1370 1369/1369/1369 1356/1356/1356 
f 1358/1358/1358 1371/1371/1371 1370/1370/1370 1357/1357/1357 
f 1359/1359/1359 1372/1372/1372 1371/1371/1371 1358/1358/1358 
f 1360/1360/1360 1373/1373/1373 1372/1372/1372 1359/1359/1359 
f 1361/1361/1361 1374/1374/1374 1373/1373/1373 1360/1360/1360 
f 1362/1362/1362 1375/1375/1375 1374/1374/1374 1361/1361/1361 
f 1363/1363/1363 1376/1376/1376 1375/1375/1375 1362/1362/1362 
f 1365/1365/1365 1378/1378/1378 1377/1377/1377 1364/1364/1364 
f 1366/1366/1366 1379/1379/1379 1378/1378/1378 1365/1365/1365 
f 1367/1367/1367 1380/1380/1380 1379/1379/1379 1366/1366/1366 
f 1368/1368/1368 1381/1381/1381 1380/1380/1380 1367/1367/1367 
f 1369/1369/1369 1382/1382/1382 1381/1381/1381 1368/1368/1368 
f 1370/1370/1370 1383/1383/1383 1382/1382/1382 1369/1369/1369 
f 1371/1371/1371 1384/1384/1384 1383/1383/1383 1370/1370/1370 
f 1372/1372/1372 1385/1385/1385 1384/1384/1384 1371/1371/1371 
f 1373/1373/1373 1386/1386/1386 1385/1385/1385 1372/1372/1372 
f 1374/1374/1374 1387/1387/1387 1386/1386/1386 1373/1373/1373 
f 1375/1375/1375 1388/1388/1388 1387/1387/1387 1374/1374/1374 
f 1376/1376/1376 1389/1389/1389 1388/1388/1388 1375/1375/1375 
f 1378/1378/1378 1391/1391/1391 1390/1390/1390 1377/1377/1377 
f 1379/1379/1379 1392/1392/1392 1391/1391/1391 1378/1378/1378 
f 1380/1380/1380 1393/1393/1393 1392/1392/1392 1379/1379/1379 
f 1381/1381/1381 1394/1394/1394 1393/1393/1393 1380/1380/1380 
f 1382/1382/1382 1395/1395/1395 1394/1394/1394 1381/1381/1381 
f 1383/1383/1383 1396/1396/1396 1395/1395/1395 1382/1382/1382 
f 1384/1384/1384 1397/1397/1397 1396/1396/1396 1383/1383/1383 
f 1385/1385/1385 1398/1398/1398 1397/1397/1397 1384/1384/1384 
f 1386/1386/1386 1399/1399/1399 1398/1398/1398 1385/1385/1385 
f 1387/1387/1387 1400/1400/1400 1399/1399/1399 1386/1386/1386 
f 1388/1388/1388 1401/1401/1401 1400/1400/1400 1387/1387/1387 
f 1389/1389/1389 1402/1402/1402 1401/1401/1401 1388/1388/1388 
f 1391/1391/1391 1404/1404/1404 1403/1403/1403 1390/1390/1390 
f 1392/1392/1392 1405/1405/1405 1404/1404/1404 1391/1391/1391 
f 1393/1393/1393 1406/1406/1406 1405/1405/1405 1392/1392/1392 
f 1394/1394/1394 1407/1407/1407 1406/1406/1406 1393/1393/1393 
f 1395/1395/1395 1408/1408/1408 1407/1407/1407 1394/1394/1394 
f 1396/1396/1396 1409/1409/1409 1408/1408/1408 1395/1395/1395 
f 1397/1397/1397 1410/1410/1410 1409/1409/1409 1396/1396/1396 
f 1398/1398/1398 1411/1411/1411 1410/1410/1410 1397/1397/1397 
f 1399/1399/1399 1412/1412/1412 1411/1411/1411 1398/1398/1398 
f 1400/1400/1400 1413/1413/1413 1412/1412/1412 1399/1399/1399 
f 1401/1401/1401 1414/1414/1414 1413/1413/1413 1400/1400/1400 
f 1402/1402/1402 1415/1415/1415 1414/1414/1414 1401/1401/1401 
f 1404/1404/1404 1417/1417/1417 1416/1416/1416 1403/1403/1403 
f 1405/1405/1405 1418/1418/1418 1417/1417/1417 1404/1404/1404 
f 1406/1406/1406 1419/1419/1419 1418/1418/1418 1405/1405/1405 
f 1407/1407/1407 1420/1420/1420 1419/1419/1419 1406/1406/1406 
f 1408/1408/1408 1421/1421/1421 1420/1420/1420 1407/1407/1407 
f 1409/1409/1409 1422/1422/1422 1421/1421/1421 1408/1408/1408 
f 1410/1410/1410 1423/1423/1423 1422/1422/1422 1409/1409/1409 
f 1411/1411/1411 1424/1424/1424 1423/1423/1423 1410/1410/1410 
f 1412/1412/1412 1425/1425/1425 1424/1424/1424 1411/1411/1411 
f 1413/1413/1413 1426/1426/1426 1425/1425/1425 1412/1412/1412 
f 1414/1414/1414 1427/1427/1427 1426/1426/1426 1413/1413/1413 
f 1415/1415/1415 1428/1428/1428 1427/1427/1427 1414/1414/1414 
f 1417/1417/1417 1430/1430/1430 1429/1429/1429 1416/1416/1416 
f 1418/1418/1418 1431/1431/1431 1430/1430/1430 1417/1417/1417 
f 1419/1419/1419 1432/1432/1432 1431/1431/1431 1418/1418/1418 
f 1420/1420/1420 1433/1433/1433 1432/1432/1432 1419/1419/1419 
f 1421/1421/1421 1434/1434/1434 1433/1433/1433 1420/1420/1420 
f 1422/1422/1422 1435/1435/1435 1434/1434/1434 1421/1421/1421 
f 1423/1423/1423 1436/1436/1436 1435/1435/1435 1422/1422/1422 
f 1424/1424/1424 1437/1437/1437 1436/1436/1436 1423/1423/1423 
f 1425/1425/1425 1438/1438/1438 1437/1437/1437 1424/1424/1424 
f 1426/1426/1426 1439/1439/1439 1438/1438/1438 1425/1425/1425 
f 1427/1427/1427 1440/1440/1440 1439/1439/1439 1426/1426/1426 
f 1428/1428/1428 1441/1441/1441 1440/1440/1440 1427/1427/1427 
f 1430/1430/1430 1443/1443/1443 1442/1442/1442 1429/1429/1429 
f 1431/1431/1431 1444/1444/1444 1443/1443/1443 1430/1430/1430 
f 1432/1432/1432 1445/1445/1445 1444/1444/1444 1431/1431/1431 
f 1433/1433/1433 1446/1446/1446 1445/1445/1445 1432/1432/1432 
f 1434/1434/1434 1447/1447/1447 1446/1446/1446 1433/1433/1433 
f 1435/1435/1435 1448/1448/1448 1447/1447/1447 1434/1434/1434 
f 1436/1436/1436 1449/1449/1449 1448/1448/1448 1435/1435/1435 
f 1437/1437/1437 1450/1450/1450 1449/1449/1449 1436/1436/1436 
f 1438/1438/1438 1451/1451/1451 1450/1450/1450 1437/1437/1437 
f 1439/1439/1439 1452/1452/1452 1451/1451/1451 1438/1438/1438 
f 1440/1440/1440 1453/1453/1453 1452/1452/1452 1439/1439/1439 
f 1441/1441/1441 1454/1454/1454 1453/1453/1453 1440/1440/1440 
f 1443/1443/1443 1456/1456/1456 1455/1455/1455 1442/1442/1442 
f 1444/1444/1444 1457/1457/1457 1456/1456/1456 1443/1443/1443 
f 1445/1445/1445 1458/1458/1458 1457/1457/1457 1444/1444/1444 
f 1446/1446/1446 1459/1459/1459 1458/1458/1458 1445/1445/1445 
f 1447/1447/1447 1460/1460/1460 1459/1459/1459 1446/1446/1446 
f 1448/1448/1448 1461/1461/1461 1460/1460/1460 1447/1447/1447 
f 1449/1449/1449 1462/1462/1462 1461/1461/1461 1448/1448/1448 
f 1450/1450/1450 1463/1463/1463 1462/1462/1462 1449/1449/1449 
f 1451/1451/1451 1464/1464/1464 1463/1463/1463 1450/1450/1450 
f 1452/1452/1452 1465/1465/1465 1464/1464/1464 1451/1451/1451 
f 1453/1453/1453 1466/1466/1466 1465/1465/1465 1452/1452/1452 
f 1454/1454/1454 1467/1467/1467 1466/1466/1466 1453/1453/1453 
f 1456/1456/1456 1469/1469/1469 1468/1468/1468 1455/1455/1455 
f 1457/1457/1457 1470/1470/1470 1469/1469/1469 1456/1456/1456 
f 1458/1458/1458 1471/1471/1471 1470/1470/1470 1457/1457/1457 
f 1459/1459/1459 1472/1472/1472 1471/1471/1471 1458/1458/1458 
f 1460/1460/1460 1473/1473/1473 1472/1472/1472 1459/1459/1459 
f 1461/1461/1461 1474/1474/1474 1473/1473/1473 1460/1460/1460 
f 1462/1462/1462 1475/1475/1475 1474/1474/1474 1461/1461/1461 
f 1463/1463/1463 1476/1476/1476 1475/1475/1475 1462/1462/1462 
f 1464/1464/1464 1477/1477/1477 1476/1476/1476 1463/1463/1463 
f 1465/1465/1465 1478/1478/1478 1477/1477/1477 1464/1464/1464 
f 1466/1466/1466 1479/1479/1479 1478/1478/1478 1465/1465/1465 
f 1467/1467/1467 1480/1480/1480 1479/1479/1479 1466/1466/1466 
f 1469/1469/1469 1482/1482/1482 1481/1481/1481 1468/1468/1468 
f 1470/1470/1470 1483/1483/1483 1482/1482/1482 1469/1469/1469 
f 1471/1471/1471 1484/1484/1484 1483/1483/1483 1470/1470/1470 
f 1472/1472/1472 1485/1485/1485 1484/1484/1484 1471/1471/1471 
f 1473/1473/1473 1486/1486/1486 1485/1485/1485 1472/1472/1472 
f 1474/1474/1474 1487/1487/1487 1486/1486/1486 1473/1473/1473 
f 1475/1475/1475 1488/1488/1488 1487/1487/1487 1474/1474/1474 
f 1476/1476/1476 1489/1489/1489 1488/1488/1488 1475/1475/1475 
f 1477/1477/1477 1490/1490/1490 1489/1489/1489 1476/1476/1476 
f 1478/1478/1478 1491/1491/1491 1490/1490/1490 1477/1477/1477 
f 1479/1479/1479 1492/1492/1492 1491/1491/1491 1478/1478/1478 
f 1480/1480/1480 1493/1493/1493 1492/1492/1492 1479/1479/1479 
f 1482/1482/1482 1495/1495/1495 1494/1494/1494 1481/1481/1481 
f 1483/1483/1483 1496/1496/1496 1495/1495/1495 1482/1482/1482 
f 1484/1484/1484 1497/1497/1497 1496/1496/1496 1483/1483/1483 
f 1485/1485/1485 1498/1498/1498 1497/1497/1497 1484/1484/1484 
f 1486/1486/1486 1499/1499/1499 1498/1498/1498 1485/1485/1485 
f 1487/1487/1487 1500/1500/1500 1499/1499/1499 1486/1486/1486 
f 1488/1488/1488 1501/1501/1501 1500/1500/1500 1487/1487/1487 
f 1489/1489/1489 1502/1502/1502 1501/1501/1501 1488/1488/1488 
f 1490/1490/1490 1503/1503/1503 1502/1502/1502 1489/1489/1489 
f 1491/1491/1491 1504/1504/1504 1503/1503/1503 1490/1490/1490 
f 1492/1492/1492 1505/1505/1505 1504/1504/1504 1491/1491/1491 
f 1493/1493/1493 1506/1506/1506 1505/1505/1505 1492/1492/1492 
f 1495/1495/1495 1508/1508/1508 1507/1507/1507 1494/1494/1494 
f 1496/1496/1496 1509/1509/1509 1508/1508/1508 1495/1495/1495 
f 1497/1497/1497 1510/1510/1510 1509/1509/1509 1496/1496/1496 
f 1498/1498/1498 1511/1511/1511 1510/1510/1510 1497/1497/1497 
f 1499/1499/1499 1512/1512/1512 1511/1511/1511 1498/1498/1498 
f 1500/1500/1500 1513/1513/1513 1512/1512/1512 1499/1499/1499 
f 1501/1501/1501 1514/1514/1514 1513/1513/1513 1500/1500/1500 
f 1502/1502/1502 1515/1515/1515 1514/1514/1514 1501/1501/1501 
f 1503/1503/1503 1516/1516/1516 1515/1515/1515 1502/1502/1502 
f 1504/1504/1504 1517/1517/1517 1516/1516/1516 1503/1503/1503 
f 1505/1505/1505 1518/1518/1518 1517/1517/1517 1504/1504/1504 
f 1506/1506/1506 1519/1519/1519 1518/1518/1518 1505/1505/1505 
f 1521/1521/1521 1533/1533/1533 1532/1532/1532 1520/1520/1520 
f 1522/1522/1522 1534/1534/1534 1533/1533/1533 1521/1521/1521 
f 1523/1523/1523 1535/1535/1535 1534/1534/1534 1522/1522/1522 
f 1524/1524/1524 1536/1536/1536 1535/1535/1535 1523/1523/1523 
f 1525/1525/1525 1537/1537/1537 1536/1536/1536 1524/1524/1524 
f 1526/1526/1526 1538/1538/1538 1537/1537/1537 1525/1525/1525 
f 1527/1527/1527 1539/1539/1539 1538/1538/1538 1526/1526/1526 
f 1528/1528/1528 1540/1540/1540 1539/1539/1539 1527/1527/1527 
f 1529/1529/1529 1541/1541/1541 1540/1540/1540 1528/1528/1528 
f 1530/1530/1530 1542/1542/1542 1541/1541/1541 1529/1529/1529 
f 1531/1531/1531 1543/1543/1543 1542/1542/1542 1530/1530/1530 
f 1520/1520/1520 1532/1532/1532 1543/1543/1543 1531/1531/1531 
f 1533/1533/1533 1545/1545/1545 1544/1544/1544 1532/1532/1532 
f 1534/1534/1534 1546/1546/1546 1545/1545/1545 1533/1533/1533 
f 1535/1535/1535 1547/1547/1547 1546/1546/1546 1534/1534/1534 
f 1536/1536/1536 1548/1548/1548 1547/1547/1547 1535/1535/1535 
f 1537/1537/1537 1549/1549/1549 1548/1548/1548 1536/1536/1536 
f 1538/1538/1538 1550/1550/1550 1549/1549/1549 1537/1537/1537 
f 1539/1539/1539 1551/1551/1551 1550/1550/1550 1538/1538/1538 
f 1540/1540/1540 1552/1552/1552 1551/1551/1551 1539/1539/1539 
f 1541/1541/1541 1553/1553/1553 1552/1552/1552 1540/1540/1540 
f 1542/1542/1542 1554/1554/1554 1553/1553/1553 1541/1541/1541 
f 1543/1543/1543 1555/1555/1555 1554/1554/1554 1542/1542/1542 
f 1532/1532/1532 1544/1544/1544 1555/1555/1555 1543/1543/1543 
f 1545/1545/1545 1557/1557/1557 1556/1556/1556 1544/1544/1544 
f 1546/1546/1546 1558/1558/1558 1557/1557/1557 1545/1545/1545 
f 1547/1547/1547 1559/1559/1559 1558/1558/1558 1546/1546/1546 
f 1548/1548/1548 1560/1560/1560 1559/1559/1559 1547/1547/1547 
f 1549/1549/1549 1561/1561/1561 1560/1560/1560 1548/1548/1548 
f 1550/1550/1550 1562/1562/1562 1561/1561/1561 1549/1549/1549 
f 1551/1551/1551 1563/1563/1563 1562/1562/1562 1550/1550/1550 
f 1552/1552/1552 1564/1564/1564 1563/1563/1563 1551/1551/1551 
f 1553/1553/1553 1565/1565/1565 1564/1564/1564 1552/1552/1552 
f 1554/1554/1554 1566/1566/1566 1565/1565/1565 1553/1553/1553 
f 1555/1555/1555 1567/1567/1567 1566/1566/1566 1554/1554/1554 
f 1544/1544/1544 1556/1556/1556 1567/1567/1567 1555/1555/1555 
f 1556/1556/1556 1557/1557/1557 1558/1558/1558 1568/1568/1568 
f 1558/1558/1558 1559/1559/1559 1560/1560/1560 1568/1568/1568 
f 1560/1560/1560 1561/1561/1561 1562/1562/1562 1568/1568/1568 
f 1562/1562/1562 1563/1563/1563 1564/1564/1564 1568/1568/1568 
f 1564/1564/1564 1565/1565/1565 1566/1566/1566 1568/1568/1568 
f 1566/1566/1566 1567/1567/1567 1556/1556/1556 1568/1568/1568 
