
mtllib ./parshendi2.mtl

g s.0075
usemap Standard_322F2D
usemtl Standard_322F2D
v 1.386528 3.059507 1.595545
v 2.141235 3.0668 1.907648
v 2.124782 2.252359 1.966463
v 1.370076 2.245066 1.654361
v 2.141235 3.0668 1.907648
v 2.452988 3.006163 1.155201
v 2.436536 2.191723 1.214017
v 2.124782 2.252359 1.966463
v 2.452988 3.006163 1.155201
v 1.698282 2.99887 0.8430985
v 1.681829 2.18443 0.9019142
v 2.436536 2.191723 1.214017
v 1.698282 2.99887 0.8430985
v 1.386528 3.059507 1.595545
v 1.370076 2.245066 1.654361
v 1.681829 2.18443 0.9019142
v 1.255668 1.524 1.601286
v 1.370076 2.245066 1.654361
v 2.124782 2.252359 1.966463
v 1.854459 1.393866 1.777538
v 1.698282 2.99887 0.8430985
v 2.452988 3.006163 1.155201
v 2.141235 3.0668 1.907648
v 1.386528 3.059507 1.595545
v 1.854459 1.393866 1.777538
v 2.124782 2.252359 1.966463
v 2.436536 2.191723 1.214017
v 2.032833 1.343027 1.147594
v 2.032833 1.343027 1.147594
v 2.436536 2.191723 1.214017
v 1.681829 2.18443 0.9019142
v 1.42511 1.492525 0.9755201
v 1.42511 1.492525 0.9755201
v 1.681829 2.18443 0.9019142
v 1.370076 2.245066 1.654361
v 1.255668 1.524 1.601286
v 1.64558 0.8547611 1.655458
v 1.255668 1.524 1.601286
v 1.854459 1.393866 1.777538
v 1.718366 1.08962 1.761811
v 1.718366 1.08962 1.761811
v 1.854459 1.393866 1.777538
v 2.032833 1.343027 1.147594
v 1.915483 1.036561 1.137662
v 1.915483 1.036561 1.137662
v 2.032833 1.343027 1.147594
v 1.42511 1.492525 0.9755201
v 1.850459 0.8085688 1.041313
v 1.010458 0.7840945 0.81466
v 1.850459 0.8085688 1.041313
v 1.42511 1.492525 0.9755201
v 0.8992069 1.463005 0.8346028
v 1.64558 0.8547611 1.655458
v 1.718366 1.08962 1.761811
v 1.915483 1.036561 1.137662
v 1.850459 0.8085688 1.041313
v 0.6560142 2.117175 0.7328852
v 0.8992069 1.463005 0.8346028
v 1.42511 1.492525 0.9755201
v 1.176081 2.192466 0.8783672
v 0.7297641 1.494481 1.460368
v 1.255668 1.524 1.601286
v 1.64558 0.8547611 1.655458
v 0.8246115 0.8404082 1.433995
v 0.7286735 0.2402279 1.482475
v 0.8246115 0.8404082 1.433995
v 1.64558 0.8547611 1.655458
v 1.835892 0.2613955 1.714745
v 1.010458 0.7840945 0.81466
v 0.8992069 1.463005 0.8346028
v 0.7297641 1.494481 1.460368
v 0.8246115 0.8404082 1.433995
v 1.176081 2.192466 0.8783672
v 1.42511 1.492525 0.9755201
v 1.255668 1.524 1.601286
v 0.9935265 2.256247 1.497955
v 0.9935265 2.256247 1.497955
v 1.255668 1.524 1.601286
v 0.7297641 1.494481 1.460368
v 0.4734594 2.180956 1.352473
v 0.4734594 2.180956 1.352473
v 0.7297641 1.494481 1.460368
v 0.8992069 1.463005 0.8346028
v 0.6560142 2.117175 0.7328852
v 0.6808518 2.977849 0.5907504
v 0.6560142 2.117175 0.7328852
v 1.176081 2.192466 0.8783672
v 1.209843 2.991933 0.8034773
v 1.209843 2.991933 0.8034773
v 1.176081 2.192466 0.8783672
v 0.9935265 2.256247 1.497955
v 0.9572037 3.097502 1.424734
v 0.9572037 3.097502 1.424734
v 0.9935265 2.256247 1.497955
v 0.4734594 2.180956 1.352473
v 0.4282115 3.083419 1.212006
v 0.4282115 3.083419 1.212006
v 0.4734594 2.180956 1.352473
v 0.6560142 2.117175 0.7328852
v 0.6808518 2.977849 0.5907504
v 0.6808518 2.977849 0.5907504
v 1.209843 2.991933 0.8034773
v 0.9572037 3.097502 1.424734
v 0.4282115 3.083419 1.212006
v 1.835892 0.2613955 1.714745
v 1.64558 0.8547611 1.655458
v 1.850459 0.8085688 1.041313
v 2.061802 0.2095575 0.8828411
v 2.061802 0.2095575 0.8828411
v 1.850459 0.8085688 1.041313
v 1.010458 0.7840945 0.81466
v 0.9289628 0.1748757 0.6449783
v 0.9289628 0.1748757 0.6449783
v 1.010458 0.7840945 0.81466
v 0.8246115 0.8404082 1.433995
v 0.7286735 0.2402279 1.482475
v 0.8081442 -0.6624897 1.423238
v 0.7286735 0.2402279 1.482475
v 1.835892 0.2613955 1.714745
v 1.927884 -0.6237378 1.581379
v 1.927884 -0.6237378 1.581379
v 1.835892 0.2613955 1.714745
v 2.061802 0.2095575 0.8828411
v 2.096111 -0.5905421 0.7349833
v 2.096111 -0.5905421 0.7349833
v 2.061802 0.2095575 0.8828411
v 0.9289628 0.1748757 0.6449783
v 0.9508222 -0.6431308 0.5717358
v 0.9508222 -0.6431308 0.5717358
v 0.9289628 0.1748757 0.6449783
v 0.7286735 0.2402279 1.482475
v 0.8081442 -0.6624897 1.423238
v 1.078391 -0.9153962 1.252615
v 0.8081442 -0.6624897 1.423238
v 1.927884 -0.6237378 1.581379
v 1.710317 -0.9159527 1.362116
v 2.348933 -0.8927326 1.417712
v 1.710317 -0.9159527 1.362116
v 1.927884 -0.6237378 1.581379
v 2.384471 -0.5323 1.640481
v 1.821062 -0.9504123 0.8865717
v 2.096111 -0.5905421 0.7349833
v 0.9508222 -0.6431308 0.5717358
v 1.174354 -0.9572265 0.774456
v 0.5151976 -0.8509326 0.603669
v 1.174354 -0.9572265 0.774456
v 0.9508222 -0.6431308 0.5717358
v 0.5324352 -0.4362364 0.471585
v 1.056181 -1.092809 1.225668
v 1.078391 -0.9153962 1.252615
v 1.710317 -0.9159527 1.362116
v 1.682732 -1.096772 1.362563
v 1.682732 -1.096772 1.362563
v 1.710317 -0.9159527 1.362116
v 1.821062 -0.9504123 0.8865717
v 1.813791 -1.135809 0.8925697
v 1.813791 -1.135809 0.8925697
v 1.821062 -0.9504123 0.8865717
v 1.174354 -0.9572265 0.774456
v 1.172533 -1.139135 0.7524755
v 1.172533 -1.139135 0.7524755
v 1.174354 -0.9572265 0.774456
v 1.078391 -0.9153962 1.252615
v 1.056181 -1.092809 1.225668
v 0.9514863 -1.42349 1.300225
v 1.056181 -1.092809 1.225668
v 1.682732 -1.096772 1.362563
v 1.833262 -1.428228 1.455842
v 1.833262 -1.428228 1.455842
v 1.682732 -1.096772 1.362563
v 1.813791 -1.135809 0.8925697
v 1.990053 -1.4544 0.7911915
v 1.990053 -1.4544 0.7911915
v 1.813791 -1.135809 0.8925697
v 1.172533 -1.139135 0.7524755
v 1.087665 -1.459846 0.6315233
v 1.087665 -1.459846 0.6315233
v 1.172533 -1.139135 0.7524755
v 1.056181 -1.092809 1.225668
v 0.9514863 -1.42349 1.300225
v 0.96817 -2.044871 1.263522
v 0.9514863 -1.42349 1.300225
v 1.833262 -1.428228 1.455842
v 1.846665 -2.079819 1.433205
v 1.846665 -2.079819 1.433205
v 1.833262 -1.428228 1.455842
v 1.990053 -1.4544 0.7911915
v 2.012675 -2.11969 0.7714809
v 2.012675 -2.11969 0.7714809
v 1.990053 -1.4544 0.7911915
v 1.087665 -1.459846 0.6315233
v 1.113274 -2.09422 0.5975345
v 1.113274 -2.09422 0.5975345
v 1.087665 -1.459846 0.6315233
v 0.9514863 -1.42349 1.300225
v 0.96817 -2.044871 1.263522
v 1.194215 -2.324343 1.067152
v 0.96817 -2.044871 1.263522
v 1.846665 -2.079819 1.433205
v 1.724737 -2.312586 1.234011
v 1.724737 -2.312586 1.234011
v 1.846665 -2.079819 1.433205
v 2.012675 -2.11969 0.7714809
v 1.875059 -2.367401 0.8407648
v 1.875059 -2.367401 0.8407648
v 2.012675 -2.11969 0.7714809
v 1.113274 -2.09422 0.5975345
v 1.332153 -2.385822 0.6703668
v 1.332153 -2.385822 0.6703668
v 1.113274 -2.09422 0.5975345
v 0.96817 -2.044871 1.263522
v 1.194215 -2.324343 1.067152
v 1.194215 -2.324343 1.067152
v 1.724737 -2.312586 1.234011
v 1.875059 -2.367401 0.8407648
v 1.332153 -2.385822 0.6703668
v 0.5324352 -0.4362364 0.471585
v 0.9508222 -0.6431308 0.5717358
v 0.8081442 -0.6624897 1.423238
v 0.3896905 -0.5141673 1.319723
v 0.3896905 -0.5141673 1.319723
v 0.8081442 -0.6624897 1.423238
v 1.078391 -0.9153962 1.252615
v 0.4544371 -0.8440592 1.08932
v 0.4544371 -0.8440592 1.08932
v 1.078391 -0.9153962 1.252615
v 1.174354 -0.9572265 0.774456
v 0.5151976 -0.8509326 0.603669
v -0.04323852 0.1935842 0.7263129
v 0.5151976 -0.8509326 0.603669
v 0.5324352 -0.4362364 0.471585
v 0.1903943 0.2263589 0.6678575
v 0.1903943 0.2263589 0.6678575
v 0.5324352 -0.4362364 0.471585
v 0.3896905 -0.5141673 1.319723
v 0.07512629 0.4161263 1.09556
v 0.07512629 0.4161263 1.09556
v 0.3896905 -0.5141673 1.319723
v 0.4544371 -0.8440592 1.08932
v -0.07871199 0.2990563 0.9757613
v -0.07871199 0.2990563 0.9757613
v 0.4544371 -0.8440592 1.08932
v 0.5151976 -0.8509326 0.603669
v -0.04323852 0.1935842 0.7263129
v -0.04323852 0.1935842 0.7263129
v 0.1903943 0.2263589 0.6678575
v 0.07512629 0.4161263 1.09556
v -0.07871199 0.2990563 0.9757613
v 2.384471 -0.5323 1.640481
v 1.927884 -0.6237378 1.581379
v 2.096111 -0.5905421 0.7349833
v 2.489676 -0.4051824 0.7928028
v 2.489676 -0.4051824 0.7928028
v 2.096111 -0.5905421 0.7349833
v 1.821062 -0.9504123 0.8865717
v 2.449867 -0.8578188 0.9400215
v 2.449867 -0.8578188 0.9400215
v 1.821062 -0.9504123 0.8865717
v 1.710317 -0.9159527 1.362116
v 2.348933 -0.8927326 1.417712
v 2.813437 -0.4512155 1.668601
v 2.348933 -0.8927326 1.417712
v 2.384471 -0.5323 1.640481
v 2.535607 -0.1703041 1.82576
v 2.535607 -0.1703041 1.82576
v 2.384471 -0.5323 1.640481
v 2.489676 -0.4051824 0.7928028
v 2.543228 -0.1754625 0.9622199
v 2.543228 -0.1754625 0.9622199
v 2.489676 -0.4051824 0.7928028
v 2.449867 -0.8578188 0.9400215
v 2.872054 -0.4426594 1.182713
v 2.872054 -0.4426594 1.182713
v 2.449867 -0.8578188 0.9400215
v 2.348933 -0.8927326 1.417712
v 2.813437 -0.4512155 1.668601
v 2.902893 0.6483899 1.688839
v 2.813437 -0.4512155 1.668601
v 2.535607 -0.1703041 1.82576
v 2.684401 0.7848085 1.729018
v 2.684401 0.7848085 1.729018
v 2.535607 -0.1703041 1.82576
v 2.543228 -0.1754625 0.9622199
v 2.716547 0.5981312 1.234587
v 2.716547 0.5981312 1.234587
v 2.543228 -0.1754625 0.9622199
v 2.872054 -0.4426594 1.182713
v 2.95065 0.5594492 1.40622
v 2.95065 0.5594492 1.40622
v 2.872054 -0.4426594 1.182713
v 2.813437 -0.4512155 1.668601
v 2.902893 0.6483899 1.688839
v 2.902893 0.6483899 1.688839
v 2.684401 0.7848085 1.729018
v 2.716547 0.5981312 1.234587
v 2.95065 0.5594492 1.40622

vn -0.3817108 0.07424333 0.9212952
vn -0.3817108 0.07424333 0.9212952
vn -0.3817108 0.07424333 0.9212952
vn -0.3817108 0.07424333 0.9212952
vn 0.9240621 0.008929537 0.3821381
vn 0.9240621 0.008929537 0.3821381
vn 0.9240621 0.008929537 0.3821381
vn 0.9240621 0.008929537 0.3821381
vn 0.3817108 -0.07424333 -0.9212952
vn 0.3817108 -0.07424333 -0.9212952
vn 0.3817108 -0.07424333 -0.9212952
vn 0.3817108 -0.07424333 -0.9212952
vn -0.9240621 -0.008929537 -0.3821381
vn -0.9240621 -0.008929537 -0.3821381
vn -0.9240621 -0.008929537 -0.3821381
vn -0.9240621 -0.008929537 -0.3821381
vn -0.3435893 -0.05989927 0.9372078
vn -0.3820814 -0.007396263 0.924099
vn -0.3435893 -0.05989927 0.9372078
vn -0.3030504 -0.1128174 0.946273
vn 0.02014444 0.9972001 -0.07201393
vn 0.02014444 0.9972001 -0.07201393
vn 0.02014444 0.9972001 -0.07201393
vn 0.02014444 0.9972001 -0.07201393
vn 0.8579795 -0.3889347 0.3355608
vn 0.853963 -0.3530193 0.3822626
vn 0.8579795 -0.3889347 0.3355608
vn 0.8588479 -0.4302832 0.2779151
vn 0.3184331 -0.1408768 -0.9374188
vn 0.3807665 -0.1092599 -0.9181934
vn 0.3184331 -0.1408768 -0.9374188
vn 0.2252427 -0.1853282 -0.9565141
vn -0.9127079 0.2348712 -0.334365
vn -0.8773676 0.2844233 -0.3864317
vn -0.9127079 0.2348712 -0.334365
vn -0.9489794 0.1701135 -0.2655172
vn -0.3788404 -0.0623107 0.923362
vn -0.3006098 -0.09835092 0.9486627
vn -0.3788404 -0.0623107 0.923362
vn -0.865952 0.4026837 -0.2966023
vn 0.8783092 -0.3768562 0.2941976
vn 0.871058 -0.404071 0.2792571
vn 0.8783092 -0.3768562 0.2941976
vn 0.884764 -0.3488055 0.3090751
vn 0.363785 0.0607052 -0.9295027
vn 0.2565353 -0.06698076 -0.9642112
vn 0.363785 0.0607052 -0.9295027
vn 0.4843295 0.2197416 -0.8468403
vn 0.2567146 0.06864359 -0.9640465
vn 0.2580667 0.06778403 -0.9637463
vn 0.2567146 0.06864359 -0.9640465
vn 0.2545164 0.0700397 -0.9645288
vn 0.8644137 -0.3941002 0.3122082
vn 0.8611298 -0.4056454 0.306443
vn 0.8644137 -0.3941002 0.3122082
vn 0.8676894 -0.3819311 0.3181883
vn 0.2679302 -0.04395409 -0.9624351
vn 0.2612234 -0.05275588 -0.9638357
vn 0.2679302 -0.04395409 -0.9624351
vn 0.2740372 -0.03589653 -0.961049
vn -0.2568603 -0.07385105 0.9636227
vn -0.2545051 -0.07020577 0.9645197
vn -0.2568603 -0.07385105 0.9636227
vn -0.2584452 -0.07630752 0.9630074
vn -0.2297181 0.06948853 0.9707734
vn -0.2605359 0.119038 0.9580976
vn -0.2297181 0.06948853 0.9707734
vn -0.2057859 0.03172331 0.9780827
vn -0.9548814 -0.1385102 -0.2627096
vn -0.956288 -0.1493182 -0.2514305
vn -0.9548814 -0.1385102 -0.2627096
vn -0.9531559 -0.1271511 -0.2744564
vn 0.906207 0.3554884 0.2289472
vn 0.9069697 0.3543008 0.2277651
vn 0.906207 0.3554884 0.2289472
vn 0.9054745 0.3566234 0.2300773
vn -0.2680427 0.04532641 0.9623402
vn -0.2608226 0.04272282 0.9644409
vn -0.2680427 0.04532641 0.9623402
vn -0.2755277 0.04802901 0.9600926
vn -0.900684 -0.3709448 -0.2262043
vn -0.9006454 -0.3716606 -0.2251801
vn -0.900684 -0.3709448 -0.2262043
vn -0.900723 -0.3701914 -0.2272808
vn 0.3304229 -0.1338014 -0.9343008
vn 0.287706 -0.1641243 -0.943551
vn 0.3304229 -0.1338014 -0.9343008
vn 0.3734872 -0.1021402 -0.9219949
vn 0.9445052 0.0309958 0.3270308
vn 0.9587487 -0.01389276 0.2839153
vn 0.9445052 0.0309958 0.3270308
vn 0.9281413 0.07186256 0.3652254
vn -0.3291257 0.09967676 0.9390106
vn -0.2782762 0.07135379 0.9578471
vn -0.3291257 0.09967676 0.9390106
vn -0.3730516 0.124404 0.9194325
vn -0.9444304 -0.06265391 -0.3226853
vn -0.957781 -0.09049548 -0.2728848
vn -0.9444304 -0.06265391 -0.3226853
vn -0.9278159 -0.03456461 -0.3714335
vn 0.03540158 0.9875277 -0.153414
vn 0.03540062 0.9875278 -0.1534137
vn 0.03540158 0.9875277 -0.153414
vn 0.03540254 0.9875275 -0.1534143
vn 0.9225228 0.2895256 0.2551993
vn 0.9061556 0.3184452 0.2783428
vn 0.9225228 0.2895256 0.2551993
vn 0.9341272 0.2668675 0.2370403
vn 0.2123124 0.2773126 -0.9370279
vn 0.2374258 0.3258679 -0.915117
vn 0.2123124 0.2773126 -0.9370279
vn 0.1924956 0.2393124 -0.9516696
vn -0.9496996 0.1659474 -0.2655787
vn -0.931553 0.2077316 -0.2984235
vn -0.9496996 0.1659474 -0.2655787
vn -0.9613486 0.1342529 -0.2403852
vn -0.1682246 -0.1215174 0.97823
vn -0.2031183 -0.08190951 0.9757221
vn -0.1682246 -0.1215174 0.97823
vn -0.1325448 -0.1611331 0.9779918
vn 0.9730095 0.0348564 0.2281174
vn 0.9641929 0.06133356 0.2580121
vn 0.9730095 0.0348564 0.2281174
vn 0.9807518 0.005989839 0.1951664
vn 0.1665417 0.1391656 -0.9761643
vn 0.1964242 0.1863208 -0.9626536
vn 0.1665417 0.1391656 -0.9761643
vn 0.1363736 0.09196252 -0.9863798
vn -0.9793411 -0.04244985 -0.197709
vn -0.9726526 -0.005200814 -0.2322067
vn -0.9793411 -0.04244985 -0.197709
vn -0.9831443 -0.07562819 -0.1664559
vn -0.1099886 -0.5852263 0.8033758
vn -0.08858569 -0.6203941 0.7792713
vn -0.1099886 -0.5852263 0.8033758
vn -0.1460905 -0.5218487 0.8404353
vn -0.02936075 -0.552703 0.8328609
vn -0.05015949 -0.5752615 0.8164302
vn -0.02936075 -0.552703 0.8328609
vn -0.004920145 -0.5253903 0.8508471
vn 0.1493065 -0.4690266 -0.8704721
vn 0.1454702 -0.4764302 -0.8670944
vn 0.1493065 -0.4690266 -0.8704721
vn 0.1568104 -0.4543658 -0.876905
vn 0.1175146 -0.3869011 -0.9146025
vn 0.1534783 -0.4564267 -0.876424
vn 0.1175146 -0.3869011 -0.9146025
vn 0.07614122 -0.305477 -0.9491503
vn -0.1920973 -0.04581445 0.9803059
vn -0.1694573 -0.1272265 0.977291
vn -0.1920973 -0.04581445 0.9803059
vn -0.2131134 0.03492892 0.9764029
vn 0.9634786 -0.08724793 0.2531736
vn 0.9611064 -0.1460423 0.2344059
vn 0.9634786 -0.08724793 0.2531736
vn 0.9622206 -0.02898036 0.2707244
vn 0.1917442 0.03792723 -0.9807118
vn 0.1710826 -0.03856106 -0.9845018
vn 0.1917442 0.03792723 -0.9807118
vn 0.2114431 0.1151617 -0.9705821
vn -0.9696097 0.09551548 -0.2252419
vn -0.9793093 0.0339096 -0.199508
vn -0.9696097 0.09551548 -0.2252419
vn -0.9552504 0.1576047 -0.2503147
vn -0.184025 0.2295209 0.9557484
vn -0.2034829 0.276207 0.9393106
vn -0.184025 0.2295209 0.9557484
vn -0.1694452 0.1949191 0.9660719
vn 0.8768807 0.4383687 0.1972644
vn 0.8682878 0.4519065 0.2045896
vn 0.8768807 0.4383687 0.1972644
vn 0.8833582 0.4277741 0.1915403
vn 0.1769779 0.3457644 -0.9214803
vn 0.1942731 0.3934235 -0.8985966
vn 0.1769779 0.3457644 -0.9214803
vn 0.163844 0.3098549 -0.9365603
vn -0.9307406 0.2869973 -0.2266153
vn -0.9063492 0.3363101 -0.255786
vn -0.9307406 0.2869973 -0.2266153
vn -0.9452857 0.2527785 -0.2062471
vn -0.1825873 -0.0500879 0.981913
vn -0.1737791 -0.06271717 0.9827855
vn -0.1825873 -0.0500879 0.981913
vn -0.1909671 -0.03800357 0.9808605
vn 0.9716805 0.01900655 0.2355329
vn 0.9733205 0.01206007 0.2291322
vn 0.9716805 0.01900655 0.2355329
vn 0.9699852 0.0258178 0.2417894
vn 0.182367 0.04734562 -0.98209
vn 0.1739203 0.03507068 -0.984135
vn 0.182367 0.04734562 -0.98209
vn 0.1911824 0.0602093 -0.9797062
vn -0.9785581 -0.021425 -0.2048535
vn -0.9797835 -0.02894714 -0.1979556
vn -0.9785581 -0.021425 -0.2048535
vn -0.9771964 -0.01372097 -0.2118935
vn -0.1912414 -0.623974 0.7576827
vn -0.1684317 -0.6542711 0.7372653
vn -0.1912414 -0.623974 0.7576827
vn -0.2380277 -0.556515 0.7960113
vn 0.8077044 -0.5142663 0.2883464
vn 0.7680981 -0.5980853 0.2287342
vn 0.8077044 -0.5142663 0.2883464
vn 0.8505753 -0.3672787 0.376335
vn 0.2257213 -0.2162939 -0.9498772
vn 0.1682029 -0.3510787 -0.9211143
vn 0.2257213 -0.2162939 -0.9498772
vn 0.2998401 -0.01318904 -0.9538983
vn -0.7953807 -0.587101 -0.1506057
vn -0.7784739 -0.6153027 -0.1240204
vn -0.7953807 -0.587101 -0.1506057
vn -0.8265854 -0.5236722 -0.2062137
vn -0.01610773 -0.9900405 0.1398585
vn -0.01918318 -0.9912187 0.1308335
vn -0.01610773 -0.9900405 0.1398585
vn -0.0131053 -0.9888026 0.1486527
vn 0.3645164 0.9241784 0.1141148
vn 0.4237268 0.9011579 0.09148758
vn 0.3645164 0.9241784 0.1141148
vn 0.3005741 0.9438226 0.1373102
vn -0.3139757 -0.6540418 0.6882214
vn -0.3966594 -0.7655749 0.506514
vn -0.3139757 -0.6540418 0.6882214
vn -0.2671653 -0.5864738 0.7646379
vn -0.143872 -0.9892389 0.02659347
vn -0.129045 -0.9897798 0.06068894
vn -0.143872 -0.9892389 0.02659347
vn -0.1577432 -0.9874634 -0.005760232
vn -0.4883565 -0.09555725 -0.8673965
vn -0.5881224 -0.2231543 -0.7773765
vn -0.4883565 -0.09555725 -0.8673965
vn -0.2595977 0.1486457 -0.9542084
vn 0.9129381 0.3789737 0.1514035
vn 0.8943461 0.4060356 0.1878303
vn 0.9129381 0.3789737 0.1514035
vn 0.9348444 0.3404173 0.1009058
vn -0.8150067 -0.2479076 0.5237422
vn -0.947513 -0.2859065 0.1430966
vn -0.8150067 -0.2479076 0.5237422
vn -0.5262692 -0.1625383 0.8346388
vn -0.8938032 -0.4457875 -0.04888102
vn -0.8970723 -0.4289412 -0.1061639
vn -0.8938032 -0.4457875 -0.04888102
vn -0.8754417 -0.4771121 0.07723833
vn -0.2642674 0.8611372 -0.4342873
vn -0.2328523 0.8641297 -0.4461611
vn -0.2642674 0.8611372 -0.4342873
vn -0.3309126 0.851364 -0.4070334
vn -0.314205 0.9485517 0.03904882
vn -0.1962957 0.9805446 -0.0005576586
vn -0.314205 0.9485517 0.03904882
vn -0.4343655 0.8971213 0.08062245
vn 0.2075712 -0.4074886 -0.8893072
vn 0.3828377 -0.5915134 -0.7096106
vn 0.2075712 -0.4074886 -0.8893072
vn 0.1265595 -0.3168605 -0.9399906
vn 0.08932886 -0.995814 0.01936201
vn 0.1363181 -0.9852812 0.1031423
vn 0.08932886 -0.995814 0.01936201
vn 0.04182845 -0.9970706 -0.06403631
vn 0.03752014 -0.4987868 0.8659122
vn 0.04429986 -0.5283886 0.8478462
vn 0.03752014 -0.4987868 0.8659122
vn 0.02996114 -0.4652945 0.8846486
vn -0.9373218 0.3464839 -0.03710726
vn -0.9117923 0.4073359 -0.05207928
vn -0.9373218 0.3464839 -0.03710726
vn -0.9721874 0.2339919 -0.009978038
vn 0.7084378 -0.07409655 -0.701873
vn 0.9823855 -0.1300464 -0.1341896
vn 0.7084378 -0.07409655 -0.701873
vn 0.5308256 -0.04509746 -0.8462803
vn 0.6700417 -0.7382518 0.07764221
vn 0.6721452 -0.7351364 0.08829138
vn 0.6700417 -0.7382518 0.07764221
vn 0.6679677 -0.7411197 0.0675328
vn 0.3639857 -0.007527147 0.9313741
vn 0.4504862 -0.05305123 0.8912058
vn 0.3639857 -0.007527147 0.9313741
vn 0.2192641 0.06444962 0.9735346
vn -0.980547 0.1883275 -0.05531947
vn -0.9881839 0.1529703 -0.009635231
vn -0.980547 0.1883275 -0.05531947
vn -0.9487824 0.2702074 -0.1637067
vn 0.6134509 0.1304772 -0.7788797
vn 0.623625 0.1315831 -0.7705698
vn 0.6134509 0.1304772 -0.7788797
vn 0.6001033 0.1290098 -0.7894508
vn 0.9846016 -0.09569462 0.1462948
vn 0.9876714 -0.1036316 0.1173278
vn 0.9846016 -0.09569462 0.1462948
vn 0.9779879 -0.08308516 0.1914064
vn 0.4140721 0.8704582 -0.2661707
vn 0.4693862 0.8357276 -0.2850193
vn 0.4140721 0.8704582 -0.2661707
vn 0.3230667 0.916994 -0.2339867

vt 0.4915283 0.05009982
vt 0.3394896 0.1096961
vt 0.3394896 0.1668797
vt 0.4915283 0.08806342
vt 0.3394896 0.1096961
vt 0.1904366 0.09130388
vt 0.1904366 0.1435418
vt 0.3394896 0.1668797
vt 0.1904366 0.09130388
vt 0.02110028 0
vt 0.02110028 0.01583722
vt 0.1904366 0.1435418
vt 0.02110028 0
vt 0.4915283 0.05009982
vt 0.4915283 0.08806342
vt 0.02110028 0.01583722
vt 0.5327863 0.1474279
vt 0.4915283 0.08806342
vt 0.3394896 0.1668797
vt 0.3564973 0.222656
vt 0.02110028 0
vt 0.1904366 0.09130388
vt 0.3394896 0.1096961
vt 0.4915283 0.05009982
vt 0.3564973 0.222656
vt 0.3394896 0.1668797
vt 0.1904366 0.1435418
vt 0.1685145 0.1690635
vt 0.1685145 0.1690635
vt 0.1904366 0.1435418
vt 0.02110028 0.01583722
vt 0.9338825 0.02363852
vt 0.9338825 0.02363852
vt 0.02110028 0.01583722
vt 0.4915283 0.08806342
vt 0.5327863 0.1474279
vt 0.3906654 0.3388956
vt 0.5327863 0.1474279
vt 0.3564973 0.222656
vt 0.3832427 0.2817892
vt 0.3832427 0.2817892
vt 0.3564973 0.222656
vt 0.1685145 0.1690635
vt 0.1566916 0.2100361
vt 0.1566916 0.2100361
vt 0.1685145 0.1690635
vt 0.9338825 0.02363852
vt 0.1018888 0.2929274
vt 0.8518197 0.3674326
vt 0.1018888 0.2929274
vt 0.9338825 0.02363852
vt 0.815823 0.1801408
vt 0.3906654 0.3388956
vt 0.3832427 0.2817892
vt 0.1566916 0.2100361
vt 0.1018888 0.2929274
vt 0.8038464 0.1477689
vt 0.815823 0.1801408
vt 0.9338825 0.02363852
vt 0.8276175 0.04568774
vt 0.658362 0.2232957
vt 0.5327863 0.1474279
vt 0.3906654 0.3388956
vt 0.66422 0.3858676
vt 0.6704515 0.6447853
vt 0.66422 0.3858676
vt 0.3906654 0.3388956
vt 0.3351015 0.6656389
vt 0.8518197 0.3674326
vt 0.815823 0.1801408
vt 0.658362 0.2232957
vt 0.66422 0.3858676
vt 0.8276175 0.04568774
vt 0.9338825 0.02363852
vt 0.5327863 0.1474279
vt 0.6076592 0.09954175
vt 0.6076592 0.09954175
vt 0.5327863 0.1474279
vt 0.658362 0.2232957
vt 0.6862241 0.1706191
vt 0.6862241 0.1706191
vt 0.658362 0.2232957
vt 0.815823 0.1801408
vt 0.8038464 0.1477689
vt 0.8187397 0.09344006
vt 0.8038464 0.1477689
vt 0.8276175 0.04568774
vt 0.8389679 0.01977971
vt 0.8389679 0.01977971
vt 0.8276175 0.04568774
vt 0.6076592 0.09954175
vt 0.6189014 0.06202725
vt 0.6189014 0.06202725
vt 0.6076592 0.09954175
vt 0.6862241 0.1706191
vt 0.7007827 0.1115357
vt 0.7007827 0.1115357
vt 0.6862241 0.1706191
vt 0.8038464 0.1477689
vt 0.8187397 0.09344006
vt 0.8187397 0.09344006
vt 0.8389679 0.01977971
vt 0.6189014 0.06202725
vt 0.7007827 0.1115357
vt 0.3351015 0.6656389
vt 0.3906654 0.3388956
vt 0.1018888 0.2929274
vt 0.06926751 0.6504764
vt 0.06926751 0.6504764
vt 0.1018888 0.2929274
vt 0.8518197 0.3674326
vt 0.8822567 0.6466665
vt 0.8822567 0.6466665
vt 0.8518197 0.3674326
vt 0.66422 0.3858676
vt 0.6704515 0.6447853
vt 0.6932068 0.8728004
vt 0.6704515 0.6447853
vt 0.3351015 0.6656389
vt 0.2679694 0.8889689
vt 0.2679694 0.8889689
vt 0.3351015 0.6656389
vt 0.06926751 0.6504764
vt 0.03484577 0.8188841
vt 0.03484577 0.8188841
vt 0.06926751 0.6504764
vt 0.8822567 0.6466665
vt 0.9076258 0.822283
vt 0.9076258 0.822283
vt 0.8822567 0.6466665
vt 0.6704515 0.6447853
vt 0.6932068 0.8728004
vt 0.7533319 0.9559818
vt 0.6932068 0.8728004
vt 0.2679694 0.8889689
vt 0.2108525 0.9784589
vt 0.1874701 0.8483266
vt 0.2108525 0.9784589
vt 0.2679694 0.8889689
vt 0.2319804 0.7875808
vt 0.01004717 0.9184257
vt 0.03484577 0.8188841
vt 0.9076258 0.822283
vt 0.9329081 0.9120027
vt 0.8499842 0.8017533
vt 0.9329081 0.9120027
vt 0.9076258 0.822283
vt 0.8631883 0.7314245
vt 0.7706584 0.9598985
vt 0.7533319 0.9559818
vt 0.2108525 0.9784589
vt 0.2065841 0.9904581
vt 0.2065841 0.9904581
vt 0.2108525 0.9784589
vt 0.01004717 0.9184257
vt 0.007534832 0.930575
vt 0.007534832 0.930575
vt 0.01004717 0.9184257
vt 0.9329081 0.9120027
vt 0.9382679 0.9193141
vt 0.9382679 0.9193141
vt 0.9329081 0.9120027
vt 0.7533319 0.9559818
vt 0.7706584 0.9598985
vt 0.7449867 0.9582731
vt 0.7706584 0.9598985
vt 0.2065841 0.9904581
vt 0.219139 0.9702923
vt 0.219139 0.9702923
vt 0.2065841 0.9904581
vt 0.007534832 0.930575
vt 0.02025145 0.9130996
vt 0.02025145 0.9130996
vt 0.007534832 0.930575
vt 0.9382679 0.9193141
vt 0.936725 0.912109
vt 0.936725 0.912109
vt 0.9382679 0.9193141
vt 0.7706584 0.9598985
vt 0.7449867 0.9582731
vt 0.777262 0.979461
vt 0.7449867 0.9582731
vt 0.219139 0.9702923
vt 0.1870085 0.9859836
vt 0.1870085 0.9859836
vt 0.219139 0.9702923
vt 0.02025145 0.9130996
vt 0.01518098 0.9345697
vt 0.01518098 0.9345697
vt 0.02025145 0.9130996
vt 0.936725 0.912109
vt 0.9520668 0.9344338
vt 0.9520668 0.9344338
vt 0.936725 0.912109
vt 0.7449867 0.9582731
vt 0.777262 0.979461
vt 0.9102812 0.9937575
vt 0.777262 0.979461
vt 0.1870085 0.9859836
vt 0.07446927 1
vt 0.07446927 1
vt 0.1870085 0.9859836
vt 0.01518098 0.9345697
vt 2.980232E-08 0.9574411
vt 2.980232E-08 0.9574411
vt 0.01518098 0.9345697
vt 0.9520668 0.9344338
vt 1 0.9563386
vt 1 0.9563386
vt 0.9520668 0.9344338
vt 0.777262 0.979461
vt 0.9102812 0.9937575
vt 0.9102812 0.9937575
vt 0.07446927 1
vt 2.980232E-08 0.9574411
vt 1 0.9563386
vt 0.8631883 0.7314245
vt 0.9076258 0.822283
vt 0.6932068 0.8728004
vt 0.7252209 0.7762104
vt 0.7252209 0.7762104
vt 0.6932068 0.8728004
vt 0.7533319 0.9559818
vt 0.7705276 0.8268229
vt 0.7705276 0.8268229
vt 0.7533319 0.9559818
vt 0.9329081 0.9120027
vt 0.8499842 0.8017533
vt 0.791558 0.5789354
vt 0.8499842 0.8017533
vt 0.8631883 0.7314245
vt 0.807847 0.5795956
vt 0.807847 0.5795956
vt 0.8631883 0.7314245
vt 0.7252209 0.7762104
vt 0.7480134 0.5419883
vt 0.7480134 0.5419883
vt 0.7252209 0.7762104
vt 0.7705276 0.8268229
vt 0.7616602 0.5618042
vt 0.7616602 0.5618042
vt 0.7705276 0.8268229
vt 0.8499842 0.8017533
vt 0.791558 0.5789354
vt 0.791558 0.5789354
vt 0.807847 0.5795956
vt 0.7480134 0.5419883
vt 0.7616602 0.5618042
vt 0.2319804 0.7875808
vt 0.2679694 0.8889689
vt 0.03484577 0.8188841
vt 0.08468878 0.7352789
vt 0.08468878 0.7352789
vt 0.03484577 0.8188841
vt 0.01004717 0.9184257
vt 0.1006141 0.8160357
vt 0.1006141 0.8160357
vt 0.01004717 0.9184257
vt 0.2108525 0.9784589
vt 0.1874701 0.8483266
vt 0.215205 0.7153255
vt 0.1874701 0.8483266
vt 0.2319804 0.7875808
vt 0.253091 0.6908778
vt 0.253091 0.6908778
vt 0.2319804 0.7875808
vt 0.08468878 0.7352789
vt 0.1159743 0.693131
vt 0.1159743 0.693131
vt 0.08468878 0.7352789
vt 0.1006141 0.8160357
vt 0.1519491 0.7082368
vt 0.1519491 0.7082368
vt 0.1006141 0.8160357
vt 0.1874701 0.8483266
vt 0.215205 0.7153255
vt 0.224339 0.48392
vt 0.215205 0.7153255
vt 0.253091 0.6908778
vt 0.2411453 0.4483943
vt 0.2411453 0.4483943
vt 0.253091 0.6908778
vt 0.1159743 0.693131
vt 0.1693299 0.4852898
vt 0.1693299 0.4852898
vt 0.1159743 0.693131
vt 0.1519491 0.7082368
vt 0.1887583 0.4990488
vt 0.1887583 0.4990488
vt 0.1519491 0.7082368
vt 0.215205 0.7153255
vt 0.224339 0.48392
vt 0.224339 0.48392
vt 0.2411453 0.4483943
vt 0.1693299 0.4852898
vt 0.1887583 0.4990488

usemap Standard_322F2D
usemtl Standard_322F2D
f 4/4/4 3/3/3 2/2/2 1/1/1 
f 8/8/8 7/7/7 6/6/6 5/5/5 
f 12/12/12 11/11/11 10/10/10 9/9/9 
f 16/16/16 15/15/15 14/14/14 13/13/13 
f 20/20/20 19/19/19 18/18/18 17/17/17 
f 24/24/24 23/23/23 22/22/22 21/21/21 
f 28/28/28 27/27/27 26/26/26 25/25/25 
f 32/32/32 31/31/31 30/30/30 29/29/29 
f 36/36/36 35/35/35 34/34/34 33/33/33 
f 40/40/40 39/39/39 38/38/38 37/37/37 
f 44/44/44 43/43/43 42/42/42 41/41/41 
f 48/48/48 47/47/47 46/46/46 45/45/45 
f 52/52/52 51/51/51 50/50/50 49/49/49 
f 56/56/56 55/55/55 54/54/54 53/53/53 
f 60/60/60 59/59/59 58/58/58 57/57/57 
f 64/64/64 63/63/63 62/62/62 61/61/61 
f 68/68/68 67/67/67 66/66/66 65/65/65 
f 72/72/72 71/71/71 70/70/70 69/69/69 
f 76/76/76 75/75/75 74/74/74 73/73/73 
f 80/80/80 79/79/79 78/78/78 77/77/77 
f 84/84/84 83/83/83 82/82/82 81/81/81 
f 88/88/88 87/87/87 86/86/86 85/85/85 
f 92/92/92 91/91/91 90/90/90 89/89/89 
f 96/96/96 95/95/95 94/94/94 93/93/93 
f 100/100/100 99/99/99 98/98/98 97/97/97 
f 104/104/104 103/103/103 102/102/102 101/101/101 
f 108/108/108 107/107/107 106/106/106 105/105/105 
f 112/112/112 111/111/111 110/110/110 109/109/109 
f 116/116/116 115/115/115 114/114/114 113/113/113 
f 120/120/120 119/119/119 118/118/118 117/117/117 
f 124/124/124 123/123/123 122/122/122 121/121/121 
f 128/128/128 127/127/127 126/126/126 125/125/125 
f 132/132/132 131/131/131 130/130/130 129/129/129 
f 136/136/136 135/135/135 134/134/134 133/133/133 
f 140/140/140 139/139/139 138/138/138 137/137/137 
f 144/144/144 143/143/143 142/142/142 141/141/141 
f 148/148/148 147/147/147 146/146/146 145/145/145 
f 152/152/152 151/151/151 150/150/150 149/149/149 
f 156/156/156 155/155/155 154/154/154 153/153/153 
f 160/160/160 159/159/159 158/158/158 157/157/157 
f 164/164/164 163/163/163 162/162/162 161/161/161 
f 168/168/168 167/167/167 166/166/166 165/165/165 
f 172/172/172 171/171/171 170/170/170 169/169/169 
f 176/176/176 175/175/175 174/174/174 173/173/173 
f 180/180/180 179/179/179 178/178/178 177/177/177 
f 184/184/184 183/183/183 182/182/182 181/181/181 
f 188/188/188 187/187/187 186/186/186 185/185/185 
f 192/192/192 191/191/191 190/190/190 189/189/189 
f 196/196/196 195/195/195 194/194/194 193/193/193 
f 200/200/200 199/199/199 198/198/198 197/197/197 
f 204/204/204 203/203/203 202/202/202 201/201/201 
f 208/208/208 207/207/207 206/206/206 205/205/205 
f 212/212/212 211/211/211 210/210/210 209/209/209 
f 216/216/216 215/215/215 214/214/214 213/213/213 
f 220/220/220 219/219/219 218/218/218 217/217/217 
f 224/224/224 223/223/223 222/222/222 221/221/221 
f 228/228/228 227/227/227 226/226/226 225/225/225 
f 232/232/232 231/231/231 230/230/230 229/229/229 
f 236/236/236 235/235/235 234/234/234 233/233/233 
f 240/240/240 239/239/239 238/238/238 237/237/237 
f 244/244/244 243/243/243 242/242/242 241/241/241 
f 248/248/248 247/247/247 246/246/246 245/245/245 
f 252/252/252 251/251/251 250/250/250 249/249/249 
f 256/256/256 255/255/255 254/254/254 253/253/253 
f 260/260/260 259/259/259 258/258/258 257/257/257 
f 264/264/264 263/263/263 262/262/262 261/261/261 
f 268/268/268 267/267/267 266/266/266 265/265/265 
f 272/272/272 271/271/271 270/270/270 269/269/269 
f 276/276/276 275/275/275 274/274/274 273/273/273 
f 280/280/280 279/279/279 278/278/278 277/277/277 
f 284/284/284 283/283/283 282/282/282 281/281/281 
f 288/288/288 287/287/287 286/286/286 285/285/285 
f 292/292/292 291/291/291 290/290/290 289/289/289 
f 296/296/296 295/295/295 294/294/294 293/293/293 

g s.0087
usemap Standard_FF301B
usemtl Standard_FF301B
v 1.552247 -1.866523 1.356909
v 1.554786 -1.871697 1.354154
v 1.559322 -1.87539 1.351586
v 1.565163 -1.877041 1.349598
v 1.571422 -1.876398 1.348491
v 1.577144 -1.873559 1.348433
v 1.581459 -1.868956 1.349435
v 1.583709 -1.863291 1.351343
v 1.583553 -1.857424 1.353867
v 1.581014 -1.852251 1.356622
v 1.576478 -1.848557 1.35919
v 1.570636 -1.846907 1.361179
v 1.564378 -1.84755 1.362286
v 1.558656 -1.850389 1.362343
v 1.554341 -1.854991 1.361341
v 1.55209 -1.860657 1.359433
v 1.536218 -1.875304 1.367088
v 1.54166 -1.88639 1.361183
v 1.551379 -1.894305 1.355682
v 1.563897 -1.897842 1.35142
v 1.577308 -1.896464 1.349048
v 1.58957 -1.890381 1.348925
v 1.598816 -1.880518 1.351072
v 1.603638 -1.868377 1.35516
v 1.603304 -1.855806 1.360568
v 1.597862 -1.84472 1.366473
v 1.588143 -1.836806 1.371974
v 1.575625 -1.833269 1.376236
v 1.562214 -1.834646 1.378608
v 1.549952 -1.84073 1.378731
v 1.540706 -1.850593 1.376584
v 1.535883 -1.862734 1.372496
v 1.523176 -1.889401 1.389907
v 1.531488 -1.906335 1.380888
v 1.546335 -1.918424 1.372484
v 1.565457 -1.923828 1.365974
v 1.585942 -1.921723 1.36235
v 1.604672 -1.91243 1.362163
v 1.618796 -1.897364 1.365442
v 1.626162 -1.878819 1.371687
v 1.625651 -1.859617 1.379948
v 1.617339 -1.842683 1.388968
v 1.602492 -1.830594 1.397372
v 1.583371 -1.82519 1.403881
v 1.562885 -1.827295 1.407505
v 1.544155 -1.836588 1.407692
v 1.530032 -1.851654 1.404413
v 1.522665 -1.870199 1.398168
v 1.523162 -1.899711 1.41146
v 1.532231 -1.918188 1.401619
v 1.54843 -1.931378 1.39245
v 1.569294 -1.937274 1.385347
v 1.591645 -1.934977 1.381393
v 1.612081 -1.924838 1.381189
v 1.627491 -1.9084 1.384767
v 1.635529 -1.888165 1.391581
v 1.634971 -1.867215 1.400595
v 1.625902 -1.848737 1.410435
v 1.609702 -1.835547 1.419605
v 1.588839 -1.829651 1.426707
v 1.566488 -1.831948 1.430661
v 1.546052 -1.842087 1.430865
v 1.530642 -1.858525 1.427288
v 1.522604 -1.87876 1.420474
v 1.532482 -1.907308 1.432106
v 1.540794 -1.924242 1.423087
v 1.555641 -1.936332 1.414683
v 1.574762 -1.941735 1.408174
v 1.595248 -1.93963 1.404549
v 1.613978 -1.930338 1.404363
v 1.628101 -1.915272 1.407642
v 1.635468 -1.896726 1.413887
v 1.634956 -1.877525 1.422148
v 1.626644 -1.86059 1.431167
v 1.611798 -1.848501 1.439571
v 1.592676 -1.843097 1.44608
v 1.572191 -1.845202 1.449705
v 1.553461 -1.854495 1.449891
v 1.539337 -1.869561 1.446612
v 1.53197 -1.888106 1.440367
v 1.554829 -1.911119 1.451486
v 1.560271 -1.922205 1.445582
v 1.56999 -1.930119 1.44008
v 1.582508 -1.933657 1.435819
v 1.595919 -1.932279 1.433446
v 1.608181 -1.926195 1.433324
v 1.617427 -1.916332 1.43547
v 1.622249 -1.904191 1.439559
v 1.621915 -1.891621 1.444967
v 1.616473 -1.880535 1.450871
v 1.606754 -1.872621 1.456373
v 1.594236 -1.869083 1.460635
v 1.580825 -1.870461 1.463007
v 1.568563 -1.876545 1.463129
v 1.559317 -1.886408 1.460983
v 1.554494 -1.898548 1.456894
v 1.57458 -1.909501 1.458188
v 1.577119 -1.914675 1.455432
v 1.581655 -1.918368 1.452865
v 1.587497 -1.920019 1.450876
v 1.593755 -1.919376 1.449769
v 1.599477 -1.916537 1.449712
v 1.603792 -1.911934 1.450714
v 1.606043 -1.906268 1.452622
v 1.605886 -1.900402 1.455145
v 1.603347 -1.895228 1.457901
v 1.598811 -1.891535 1.460468
v 1.592969 -1.889884 1.462457
v 1.586711 -1.890527 1.463564
v 1.580989 -1.893366 1.463621
v 1.576674 -1.897969 1.462619
v 1.574423 -1.903635 1.460711
v 1.567435 -1.861079 1.353278
v 1.590698 -1.905847 1.458776

vn -0.4586883 0.2897062 -0.8400449
vn -0.4152592 0.2012248 -0.8871688
vn -0.3376852 0.1380595 -0.9310791
vn -0.2377763 0.1098266 -0.9650909
vn -0.1307426 0.1208241 -0.9840263
vn -0.03287904 0.1693782 -0.9850025
vn 0.04091545 0.2480964 -0.9678709
vn 0.07940643 0.3449951 -0.9352395
vn 0.07673394 0.4453221 -0.8920764
vn 0.0333049 0.5338034 -0.8449525
vn -0.04426913 0.5969687 -0.8010422
vn -0.1441781 0.6252016 -0.7670303
vn -0.2512117 0.614204 -0.748095
vn -0.3490753 0.56565 -0.7471188
vn -0.4228698 0.4869317 -0.7642505
vn -0.4613607 0.3900331 -0.7968817
vn -0.732814 0.1395306 -0.6659691
vn -0.6397518 -0.05007225 -0.7669488
vn -0.473522 -0.1854266 -0.8610424
vn -0.2594315 -0.2459257 -0.933925
vn -0.03007358 -0.2223593 -0.9745008
vn 0.1796339 -0.1183152 -0.9765926
vn 0.3377649 0.05036687 -0.9398819
vn 0.4202456 0.2580068 -0.8699575
vn 0.4145188 0.4729929 -0.7774651
vn 0.3214566 0.6625957 -0.6764854
vn 0.1552266 0.7979501 -0.5823919
vn -0.058864 0.8584493 -0.5095094
vn -0.2882216 0.8348829 -0.4689337
vn -0.4979292 0.7308387 -0.4668419
vn -0.6560603 0.5621564 -0.5035525
vn -0.7385408 0.3545167 -0.5734766
vn -0.9558635 -0.1015551 -0.275702
vn -0.8137087 -0.3911783 -0.429951
vn -0.5597885 -0.5979353 -0.5736813
vn -0.2327599 -0.6903495 -0.6850113
vn 0.1175901 -0.6543514 -0.7469919
vn 0.4379236 -0.4954212 -0.7501872
vn 0.6794726 -0.2377549 -0.6941107
vn 0.8054637 0.0794203 -0.5872994
vn 0.7967158 0.4078169 -0.4460148
vn 0.654561 0.6974399 -0.291766
vn 0.4006407 0.9041971 -0.1480357
vn 0.07361194 0.9966112 -0.03670584
vn -0.2767377 0.9606131 0.02527464
vn -0.5970713 0.8016828 0.02846992
vn -0.8386204 0.5440163 -0.02760642
vn -0.9646112 0.2268416 -0.1344175
vn -0.9561103 -0.2778851 0.09291323
vn -0.8010067 -0.5938899 -0.07538613
vn -0.5239571 -0.8194803 -0.2322087
vn -0.1671397 -0.9203125 -0.3536796
vn 0.2151234 -0.8810353 -0.4213059
vn 0.5646359 -0.7076283 -0.4247922
vn 0.8281876 -0.4264913 -0.3636078
vn 0.965655 -0.08042484 -0.2470673
vn 0.9561103 0.2778852 -0.0929132
vn 0.8010067 0.5938899 0.07538613
vn 0.523957 0.8194804 0.2322087
vn 0.1671394 0.9203126 0.3536796
vn -0.2151234 0.8810353 0.4213059
vn -0.564636 0.7076282 0.4247922
vn -0.8281876 0.426491 0.3636078
vn -0.965655 0.08042499 0.2470674
vn -0.7967159 -0.4078168 0.4460148
vn -0.654561 -0.6974399 0.291766
vn -0.4006409 -0.904197 0.1480358
vn -0.07361224 -0.9966112 0.03670585
vn 0.2767377 -0.9606131 -0.02527464
vn 0.5970712 -0.8016828 -0.02846992
vn 0.8386202 -0.5440166 0.02760636
vn 0.9646112 -0.2268414 0.1344175
vn 0.9558634 0.1015552 0.2757021
vn 0.8137087 0.3911783 0.429951
vn 0.5597883 0.5979354 0.5736813
vn 0.2327596 0.6903495 0.6850113
vn -0.1175901 0.6543514 0.7469919
vn -0.4379237 0.4954211 0.7501872
vn -0.6794727 0.2377546 0.6941107
vn -0.8054637 -0.07942012 0.5872995
vn -0.4145188 -0.4729928 0.777465
vn -0.3214566 -0.6625957 0.6764854
vn -0.1552267 -0.7979501 0.5823919
vn 0.05886382 -0.8584492 0.5095095
vn 0.2882217 -0.8348829 0.4689337
vn 0.4979292 -0.7308387 0.4668418
vn 0.6560602 -0.5621566 0.5035524
vn 0.7385408 -0.3545167 0.5734767
vn 0.732814 -0.1395306 0.6659691
vn 0.6397518 0.05007225 0.7669488
vn 0.4735219 0.1854266 0.8610424
vn 0.2594312 0.2459256 0.933925
vn 0.0300736 0.2223593 0.9745008
vn -0.179634 0.1183151 0.9765926
vn -0.3377651 -0.050367 0.9398819
vn -0.4202456 -0.2580067 0.8699576
vn -0.07673395 -0.445322 0.8920764
vn -0.0333049 -0.5338034 0.8449525
vn 0.04426909 -0.5969687 0.8010422
vn 0.144178 -0.6252016 0.7670304
vn 0.2512117 -0.614204 0.748095
vn 0.3490753 -0.5656501 0.7471188
vn 0.4228697 -0.4869317 0.7642504
vn 0.4613607 -0.390033 0.7968817
vn 0.4586883 -0.2897061 0.8400449
vn 0.4152592 -0.2012248 0.8871688
vn 0.3376852 -0.1380595 0.9310791
vn 0.2377762 -0.1098266 0.965091
vn 0.1307426 -0.1208241 0.9840263
vn 0.03287904 -0.1693782 0.9850025
vn -0.04091549 -0.2480966 0.9678709
vn -0.07940646 -0.3449951 0.9352396
vn -0.1989345 0.3828272 -0.9021465
vn 0.1989345 -0.3828272 0.9021465

vt 0 0.125
vt 0.0625 0.125
vt 0.125 0.125
vt 0.1875 0.125
vt 0.25 0.125
vt 0.3125 0.125
vt 0.375 0.125
vt 0.4375 0.125
vt 0.5 0.125
vt 0.5625 0.125
vt 0.625 0.125
vt 0.6875 0.125
vt 0.75 0.125
vt 0.8125 0.125
vt 0.875 0.125
vt 0.9375 0.125
vt 0 0.25
vt 0.0625 0.25
vt 0.125 0.25
vt 0.1875 0.25
vt 0.25 0.25
vt 0.3125 0.25
vt 0.375 0.25
vt 0.4375 0.25
vt 0.5 0.25
vt 0.5625 0.25
vt 0.625 0.25
vt 0.6875 0.25
vt 0.75 0.25
vt 0.8125 0.25
vt 0.875 0.25
vt 0.9375 0.25
vt 0 0.375
vt 0.0625 0.375
vt 0.125 0.375
vt 0.1875 0.375
vt 0.25 0.375
vt 0.3125 0.375
vt 0.375 0.375
vt 0.4375 0.375
vt 0.5 0.375
vt 0.5625 0.375
vt 0.625 0.375
vt 0.6875 0.375
vt 0.75 0.375
vt 0.8125 0.375
vt 0.875 0.375
vt 0.9375 0.375
vt 0 0.5
vt 0.0625 0.5
vt 0.125 0.5
vt 0.1875 0.5
vt 0.25 0.5
vt 0.3125 0.5
vt 0.375 0.5
vt 0.4375 0.5
vt 0.5 0.5
vt 0.5625 0.5
vt 0.625 0.5
vt 0.6875 0.5
vt 0.75 0.5
vt 0.8125 0.5
vt 0.875 0.5
vt 0.9375 0.5
vt 0 0.625
vt 0.0625 0.625
vt 0.125 0.625
vt 0.1875 0.625
vt 0.25 0.625
vt 0.3125 0.625
vt 0.375 0.625
vt 0.4375 0.625
vt 0.5 0.625
vt 0.5625 0.625
vt 0.625 0.625
vt 0.6875 0.625
vt 0.75 0.625
vt 0.8125 0.625
vt 0.875 0.625
vt 0.9375 0.625
vt 0 0.75
vt 0.0625 0.75
vt 0.125 0.75
vt 0.1875 0.75
vt 0.25 0.75
vt 0.3125 0.75
vt 0.375 0.75
vt 0.4375 0.75
vt 0.5 0.75
vt 0.5625 0.75
vt 0.625 0.75
vt 0.6875 0.75
vt 0.75 0.75
vt 0.8125 0.75
vt 0.875 0.75
vt 0.9375 0.75
vt 0 0.875
vt 0.0625 0.875
vt 0.125 0.875
vt 0.1875 0.875
vt 0.25 0.875
vt 0.3125 0.875
vt 0.375 0.875
vt 0.4375 0.875
vt 0.5 0.875
vt 0.5625 0.875
vt 0.625 0.875
vt 0.6875 0.875
vt 0.75 0.875
vt 0.8125 0.875
vt 0.875 0.875
vt 0.9375 0.875
vt 0 0
vt 0 1

usemap Standard_FF301B
usemtl Standard_FF301B
f 299/299/299 298/298/298 297/297/297 409/409/409 
f 301/301/301 300/300/300 299/299/299 409/409/409 
f 303/303/303 302/302/302 301/301/301 409/409/409 
f 305/305/305 304/304/304 303/303/303 409/409/409 
f 307/307/307 306/306/306 305/305/305 409/409/409 
f 309/309/309 308/308/308 307/307/307 409/409/409 
f 311/311/311 310/310/310 309/309/309 409/409/409 
f 297/297/297 312/312/312 311/311/311 409/409/409 
f 298/298/298 314/314/314 313/313/313 297/297/297 
f 299/299/299 315/315/315 314/314/314 298/298/298 
f 300/300/300 316/316/316 315/315/315 299/299/299 
f 301/301/301 317/317/317 316/316/316 300/300/300 
f 302/302/302 318/318/318 317/317/317 301/301/301 
f 303/303/303 319/319/319 318/318/318 302/302/302 
f 304/304/304 320/320/320 319/319/319 303/303/303 
f 305/305/305 321/321/321 320/320/320 304/304/304 
f 306/306/306 322/322/322 321/321/321 305/305/305 
f 307/307/307 323/323/323 322/322/322 306/306/306 
f 308/308/308 324/324/324 323/323/323 307/307/307 
f 309/309/309 325/325/325 324/324/324 308/308/308 
f 310/310/310 326/326/326 325/325/325 309/309/309 
f 311/311/311 327/327/327 326/326/326 310/310/310 
f 312/312/312 328/328/328 327/327/327 311/311/311 
f 297/297/297 313/313/313 328/328/328 312/312/312 
f 314/314/314 330/330/330 329/329/329 313/313/313 
f 315/315/315 331/331/331 330/330/330 314/314/314 
f 316/316/316 332/332/332 331/331/331 315/315/315 
f 317/317/317 333/333/333 332/332/332 316/316/316 
f 318/318/318 334/334/334 333/333/333 317/317/317 
f 319/319/319 335/335/335 334/334/334 318/318/318 
f 320/320/320 336/336/336 335/335/335 319/319/319 
f 321/321/321 337/337/337 336/336/336 320/320/320 
f 322/322/322 338/338/338 337/337/337 321/321/321 
f 323/323/323 339/339/339 338/338/338 322/322/322 
f 324/324/324 340/340/340 339/339/339 323/323/323 
f 325/325/325 341/341/341 340/340/340 324/324/324 
f 326/326/326 342/342/342 341/341/341 325/325/325 
f 327/327/327 343/343/343 342/342/342 326/326/326 
f 328/328/328 344/344/344 343/343/343 327/327/327 
f 313/313/313 329/329/329 344/344/344 328/328/328 
f 330/330/330 346/346/346 345/345/345 329/329/329 
f 331/331/331 347/347/347 346/346/346 330/330/330 
f 332/332/332 348/348/348 347/347/347 331/331/331 
f 333/333/333 349/349/349 348/348/348 332/332/332 
f 334/334/334 350/350/350 349/349/349 333/333/333 
f 335/335/335 351/351/351 350/350/350 334/334/334 
f 336/336/336 352/352/352 351/351/351 335/335/335 
f 337/337/337 353/353/353 352/352/352 336/336/336 
f 338/338/338 354/354/354 353/353/353 337/337/337 
f 339/339/339 355/355/355 354/354/354 338/338/338 
f 340/340/340 356/356/356 355/355/355 339/339/339 
f 341/341/341 357/357/357 356/356/356 340/340/340 
f 342/342/342 358/358/358 357/357/357 341/341/341 
f 343/343/343 359/359/359 358/358/358 342/342/342 
f 344/344/344 360/360/360 359/359/359 343/343/343 
f 329/329/329 345/345/345 360/360/360 344/344/344 
f 346/346/346 362/362/362 361/361/361 345/345/345 
f 347/347/347 363/363/363 362/362/362 346/346/346 
f 348/348/348 364/364/364 363/363/363 347/347/347 
f 349/349/349 365/365/365 364/364/364 348/348/348 
f 350/350/350 366/366/366 365/365/365 349/349/349 
f 351/351/351 367/367/367 366/366/366 350/350/350 
f 352/352/352 368/368/368 367/367/367 351/351/351 
f 353/353/353 369/369/369 368/368/368 352/352/352 
f 354/354/354 370/370/370 369/369/369 353/353/353 
f 355/355/355 371/371/371 370/370/370 354/354/354 
f 356/356/356 372/372/372 371/371/371 355/355/355 
f 357/357/357 373/373/373 372/372/372 356/356/356 
f 358/358/358 374/374/374 373/373/373 357/357/357 
f 359/359/359 375/375/375 374/374/374 358/358/358 
f 360/360/360 376/376/376 375/375/375 359/359/359 
f 345/345/345 361/361/361 376/376/376 360/360/360 
f 362/362/362 378/378/378 377/377/377 361/361/361 
f 363/363/363 379/379/379 378/378/378 362/362/362 
f 364/364/364 380/380/380 379/379/379 363/363/363 
f 365/365/365 381/381/381 380/380/380 364/364/364 
f 366/366/366 382/382/382 381/381/381 365/365/365 
f 367/367/367 383/383/383 382/382/382 366/366/366 
f 368/368/368 384/384/384 383/383/383 367/367/367 
f 369/369/369 385/385/385 384/384/384 368/368/368 
f 370/370/370 386/386/386 385/385/385 369/369/369 
f 371/371/371 387/387/387 386/386/386 370/370/370 
f 372/372/372 388/388/388 387/387/387 371/371/371 
f 373/373/373 389/389/389 388/388/388 372/372/372 
f 374/374/374 390/390/390 389/389/389 373/373/373 
f 375/375/375 391/391/391 390/390/390 374/374/374 
f 376/376/376 392/392/392 391/391/391 375/375/375 
f 361/361/361 377/377/377 392/392/392 376/376/376 
f 378/378/378 394/394/394 393/393/393 377/377/377 
f 379/379/379 395/395/395 394/394/394 378/378/378 
f 380/380/380 396/396/396 395/395/395 379/379/379 
f 381/381/381 397/397/397 396/396/396 380/380/380 
f 382/382/382 398/398/398 397/397/397 381/381/381 
f 383/383/383 399/399/399 398/398/398 382/382/382 
f 384/384/384 400/400/400 399/399/399 383/383/383 
f 385/385/385 401/401/401 400/400/400 384/384/384 
f 386/386/386 402/402/402 401/401/401 385/385/385 
f 387/387/387 403/403/403 402/402/402 386/386/386 
f 388/388/388 404/404/404 403/403/403 387/387/387 
f 389/389/389 405/405/405 404/404/404 388/388/388 
f 390/390/390 406/406/406 405/405/405 389/389/389 
f 391/391/391 407/407/407 406/406/406 390/390/390 
f 392/392/392 408/408/408 407/407/407 391/391/391 
f 377/377/377 393/393/393 408/408/408 392/392/392 
f 393/393/393 394/394/394 395/395/395 410/410/410 
f 395/395/395 396/396/396 397/397/397 410/410/410 
f 397/397/397 398/398/398 399/399/399 410/410/410 
f 399/399/399 400/400/400 401/401/401 410/410/410 
f 401/401/401 402/402/402 403/403/403 410/410/410 
f 403/403/403 404/404/404 405/405/405 410/410/410 
f 405/405/405 406/406/406 407/407/407 410/410/410 
f 407/407/407 408/408/408 393/393/393 410/410/410 

g s.0088
usemap Standard_FF301B
usemtl Standard_FF301B
v 1.204849 -1.863802 1.239222
v 1.206931 -1.869055 1.236243
v 1.211108 -1.872966 1.233403
v 1.216744 -1.874938 1.231134
v 1.222982 -1.874672 1.229783
v 1.228871 -1.872208 1.229555
v 1.233516 -1.867922 1.230484
v 1.236208 -1.862466 1.232429
v 1.236538 -1.85667 1.235094
v 1.234456 -1.851417 1.238074
v 1.230279 -1.847506 1.240914
v 1.224643 -1.845534 1.243182
v 1.218405 -1.8458 1.244533
v 1.212516 -1.848263 1.244762
v 1.207871 -1.85255 1.243833
v 1.205179 -1.858006 1.241888
v 1.188699 -1.871792 1.24985
v 1.19316 -1.883048 1.243466
v 1.202111 -1.891428 1.23738
v 1.214189 -1.895654 1.232519
v 1.227555 -1.895085 1.229623
v 1.240175 -1.889805 1.229133
v 1.250128 -1.88062 1.231124
v 1.255897 -1.868928 1.235292
v 1.256605 -1.856508 1.241004
v 1.252144 -1.845251 1.247388
v 1.243193 -1.836872 1.253474
v 1.231114 -1.832645 1.258335
v 1.217748 -1.833215 1.261231
v 1.205128 -1.838494 1.26172
v 1.195176 -1.847679 1.25973
v 1.189406 -1.859372 1.255561
v 1.175683 -1.885607 1.272855
v 1.182497 -1.902802 1.263102
v 1.19617 -1.915602 1.253806
v 1.21462 -1.922058 1.246381
v 1.235037 -1.921188 1.241958
v 1.254315 -1.913124 1.24121
v 1.269517 -1.899094 1.244251
v 1.27833 -1.881233 1.250618
v 1.279411 -1.862261 1.259342
v 1.272597 -1.845066 1.269094
v 1.258924 -1.832267 1.278391
v 1.240474 -1.82581 1.285816
v 1.220056 -1.82668 1.290239
v 1.200779 -1.834745 1.290987
v 1.185577 -1.848775 1.287946
v 1.176764 -1.866636 1.281579
v 1.175853 -1.896455 1.294142
v 1.183289 -1.915216 1.283501
v 1.198207 -1.929182 1.273358
v 1.218337 -1.936226 1.265256
v 1.240615 -1.935277 1.26043
v 1.261648 -1.926478 1.259614
v 1.278235 -1.91117 1.262932
v 1.287851 -1.891682 1.269879
v 1.289031 -1.870982 1.279398
v 1.281595 -1.852221 1.290039
v 1.266677 -1.838256 1.300182
v 1.246547 -1.831211 1.308284
v 1.224269 -1.832161 1.31311
v 1.203236 -1.840959 1.313926
v 1.186649 -1.856268 1.310608
v 1.177033 -1.875755 1.303661
v 1.185473 -1.905177 1.314198
v 1.192287 -1.922371 1.304445
v 1.20596 -1.935171 1.295149
v 1.22441 -1.941627 1.287724
v 1.244828 -1.940757 1.283301
v 1.264105 -1.932693 1.282552
v 1.279307 -1.918663 1.285594
v 1.28812 -1.900802 1.291961
v 1.289201 -1.88183 1.300685
v 1.282387 -1.864636 1.310437
v 1.268714 -1.851836 1.319734
v 1.250264 -1.845379 1.327159
v 1.229847 -1.84625 1.331582
v 1.210569 -1.854314 1.33233
v 1.195367 -1.868344 1.329289
v 1.186554 -1.886205 1.322922
v 1.208279 -1.91093 1.332536
v 1.21274 -1.922186 1.326151
v 1.221691 -1.930566 1.320066
v 1.23377 -1.934793 1.315205
v 1.247136 -1.934223 1.312309
v 1.259756 -1.928944 1.311819
v 1.269708 -1.919759 1.31381
v 1.275478 -1.908066 1.317979
v 1.276186 -1.895646 1.32369
v 1.271724 -1.88439 1.330074
v 1.262774 -1.87601 1.33616
v 1.250695 -1.871783 1.341021
v 1.237329 -1.872353 1.343917
v 1.224709 -1.877632 1.344406
v 1.214756 -1.886817 1.342416
v 1.208987 -1.89851 1.338247
v 1.228346 -1.910768 1.338446
v 1.230428 -1.916021 1.335466
v 1.234605 -1.919932 1.332626
v 1.240241 -1.921904 1.330358
v 1.246479 -1.921638 1.329006
v 1.252368 -1.919175 1.328778
v 1.257013 -1.914888 1.329707
v 1.259705 -1.909432 1.331652
v 1.260035 -1.903636 1.334317
v 1.257954 -1.898383 1.337297
v 1.253776 -1.894472 1.340137
v 1.24814 -1.8925 1.342405
v 1.241902 -1.892766 1.343757
v 1.236013 -1.895229 1.343985
v 1.231368 -1.899516 1.343056
v 1.228676 -1.904972 1.341111
v 1.220204 -1.859257 1.235091
v 1.24468 -1.90818 1.338449

vn -0.4719167 0.3406282 -0.8131832
vn -0.4363118 0.2507873 -0.8641399
vn -0.364872 0.1839093 -0.9127134
vn -0.2684736 0.1501757 -0.9515089
vn -0.1617922 0.1547221 -0.97462
vn -0.06106928 0.1968566 -0.9785285
vn 0.01836118 0.2701644 -0.9626392
vn 0.06440658 0.3634849 -0.9293709
vn 0.07005686 0.4626113 -0.8837888
vn 0.03445191 0.5524521 -0.8328323
vn -0.03698788 0.6193304 -0.7842587
vn -0.1333863 0.6530641 -0.7454633
vn -0.2400676 0.6485175 -0.7223521
vn -0.3407906 0.6063831 -0.7184436
vn -0.4202211 0.5330752 -0.734333
vn -0.4662664 0.4397546 -0.7676011
vn -0.7481273 0.2039871 -0.6314228
vn -0.6718311 0.01147079 -0.7406156
vn -0.518746 -0.1318393 -0.8447016
vn -0.312178 -0.2041257 -0.9278349
vn -0.0835752 -0.1943832 -0.9773589
vn 0.1322597 -0.1040951 -0.985734
vn 0.3024678 0.05299293 -0.9516853
vn 0.4011365 0.2529659 -0.8803964
vn 0.4132442 0.4653794 -0.7827204
vn 0.3369479 0.6578956 -0.6735277
vn 0.1838627 0.8012058 -0.5694417
vn -0.02270539 0.8734921 -0.4863086
vn -0.251308 0.8637496 -0.4367848
vn -0.4671431 0.7734615 -0.4284095
vn -0.6373511 0.6163733 -0.4624581
vn -0.7360197 0.4164005 -0.5337468
vn -0.9707328 -0.03230004 -0.2379802
vn -0.8541882 -0.3263735 -0.404775
vn -0.6203471 -0.5452834 -0.563769
vn -0.3048094 -0.6557025 -0.6907572
vn 0.04438728 -0.6408207 -0.7664063
vn 0.3740806 -0.5029034 -0.7791995
vn 0.6340776 -0.2629474 -0.7271893
vn 0.7847964 0.04251628 -0.6182936
vn 0.8032911 0.3669832 -0.4690912
vn 0.6867466 0.6610566 -0.3022965
vn 0.4529054 0.8799664 -0.1433026
vn 0.1373674 0.9903858 -0.01631462
vn -0.2118289 0.9755039 0.05933452
vn -0.5415223 0.8375865 0.07212769
vn -0.8015194 0.5976303 0.02011758
vn -0.9522379 0.292167 -0.08877774
vn -0.9678093 -0.2178268 0.1260814
vn -0.8406489 -0.5386872 -0.05590656
vn -0.5855073 -0.7775375 -0.2293832
vn -0.2412274 -0.8980148 -0.3679386
vn 0.1397774 -0.8817773 -0.4504784
vn 0.4995023 -0.7312973 -0.4644371
vn 0.7831823 -0.4694837 -0.4076894
vn 0.9476299 -0.1361955 -0.2888745
vn 0.9678093 0.2178269 -0.1260813
vn 0.8406489 0.5386872 0.05590656
vn 0.5855072 0.7775376 0.2293833
vn 0.2412271 0.8980149 0.3679386
vn -0.1397773 0.8817773 0.4504784
vn -0.4995023 0.7312972 0.464437
vn -0.7831824 0.4694835 0.4076893
vn -0.9476299 0.1361957 0.2888746
vn -0.8032911 -0.3669831 0.4690912
vn -0.6867466 -0.6610566 0.3022965
vn -0.4529055 -0.8799664 0.1433027
vn -0.1373677 -0.9903857 0.01631462
vn 0.2118289 -0.9755039 -0.05933452
vn 0.5415222 -0.8375866 -0.07212769
vn 0.8015192 -0.5976305 -0.02011763
vn 0.9522379 -0.2921668 0.08877786
vn 0.9707328 0.03230013 0.2379803
vn 0.8541882 0.3263735 0.404775
vn 0.620347 0.5452834 0.5637691
vn 0.3048091 0.6557027 0.6907572
vn -0.04438725 0.6408207 0.7664063
vn -0.3740807 0.5029033 0.7791995
vn -0.6340778 0.2629472 0.7271892
vn -0.7847963 -0.04251609 0.6182937
vn -0.4132442 -0.4653793 0.7827204
vn -0.3369479 -0.6578956 0.6735277
vn -0.1838628 -0.8012057 0.5694418
vn 0.0227052 -0.8734921 0.4863086
vn 0.251308 -0.8637496 0.4367848
vn 0.467143 -0.7734615 0.4284095
vn 0.637351 -0.6163734 0.4624582
vn 0.7360197 -0.4164004 0.5337468
vn 0.7481273 -0.203987 0.6314228
vn 0.6718311 -0.01147079 0.7406156
vn 0.5187459 0.1318395 0.8447018
vn 0.3121778 0.2041256 0.927835
vn 0.08357522 0.1943832 0.9773589
vn -0.1322598 0.104095 0.985734
vn -0.3024679 -0.05299317 0.9516853
vn -0.4011365 -0.2529659 0.8803964
vn -0.07005689 -0.4626113 0.8837888
vn -0.03445192 -0.5524523 0.8328323
vn 0.03698784 -0.6193304 0.7842587
vn 0.1333863 -0.653064 0.7454633
vn 0.2400676 -0.6485175 0.7223521
vn 0.3407906 -0.6063831 0.7184437
vn 0.420221 -0.5330753 0.734333
vn 0.4662664 -0.4397546 0.7676011
vn 0.4719167 -0.3406282 0.8131832
vn 0.4363118 -0.2507873 0.8641399
vn 0.364872 -0.1839093 0.9127134
vn 0.2684735 -0.1501756 0.951509
vn 0.1617923 -0.1547221 0.97462
vn 0.06106926 -0.1968566 0.9785285
vn -0.01836122 -0.2701645 0.9626392
vn -0.06440655 -0.3634849 0.9293709
vn -0.209302 0.4183539 -0.8838398
vn 0.209302 -0.4183539 0.8838398

vt 0 0.125
vt 0.0625 0.125
vt 0.125 0.125
vt 0.1875 0.125
vt 0.25 0.125
vt 0.3125 0.125
vt 0.375 0.125
vt 0.4375 0.125
vt 0.5 0.125
vt 0.5625 0.125
vt 0.625 0.125
vt 0.6875 0.125
vt 0.75 0.125
vt 0.8125 0.125
vt 0.875 0.125
vt 0.9375 0.125
vt 0 0.25
vt 0.0625 0.25
vt 0.125 0.25
vt 0.1875 0.25
vt 0.25 0.25
vt 0.3125 0.25
vt 0.375 0.25
vt 0.4375 0.25
vt 0.5 0.25
vt 0.5625 0.25
vt 0.625 0.25
vt 0.6875 0.25
vt 0.75 0.25
vt 0.8125 0.25
vt 0.875 0.25
vt 0.9375 0.25
vt 0 0.375
vt 0.0625 0.375
vt 0.125 0.375
vt 0.1875 0.375
vt 0.25 0.375
vt 0.3125 0.375
vt 0.375 0.375
vt 0.4375 0.375
vt 0.5 0.375
vt 0.5625 0.375
vt 0.625 0.375
vt 0.6875 0.375
vt 0.75 0.375
vt 0.8125 0.375
vt 0.875 0.375
vt 0.9375 0.375
vt 0 0.5
vt 0.0625 0.5
vt 0.125 0.5
vt 0.1875 0.5
vt 0.25 0.5
vt 0.3125 0.5
vt 0.375 0.5
vt 0.4375 0.5
vt 0.5 0.5
vt 0.5625 0.5
vt 0.625 0.5
vt 0.6875 0.5
vt 0.75 0.5
vt 0.8125 0.5
vt 0.875 0.5
vt 0.9375 0.5
vt 0 0.625
vt 0.0625 0.625
vt 0.125 0.625
vt 0.1875 0.625
vt 0.25 0.625
vt 0.3125 0.625
vt 0.375 0.625
vt 0.4375 0.625
vt 0.5 0.625
vt 0.5625 0.625
vt 0.625 0.625
vt 0.6875 0.625
vt 0.75 0.625
vt 0.8125 0.625
vt 0.875 0.625
vt 0.9375 0.625
vt 0 0.75
vt 0.0625 0.75
vt 0.125 0.75
vt 0.1875 0.75
vt 0.25 0.75
vt 0.3125 0.75
vt 0.375 0.75
vt 0.4375 0.75
vt 0.5 0.75
vt 0.5625 0.75
vt 0.625 0.75
vt 0.6875 0.75
vt 0.75 0.75
vt 0.8125 0.75
vt 0.875 0.75
vt 0.9375 0.75
vt 0 0.875
vt 0.0625 0.875
vt 0.125 0.875
vt 0.1875 0.875
vt 0.25 0.875
vt 0.3125 0.875
vt 0.375 0.875
vt 0.4375 0.875
vt 0.5 0.875
vt 0.5625 0.875
vt 0.625 0.875
vt 0.6875 0.875
vt 0.75 0.875
vt 0.8125 0.875
vt 0.875 0.875
vt 0.9375 0.875
vt 0 0
vt 0 1

usemap Standard_FF301B
usemtl Standard_FF301B
f 413/413/413 412/412/412 411/411/411 523/523/523 
f 415/415/415 414/414/414 413/413/413 523/523/523 
f 417/417/417 416/416/416 415/415/415 523/523/523 
f 419/419/419 418/418/418 417/417/417 523/523/523 
f 421/421/421 420/420/420 419/419/419 523/523/523 
f 423/423/423 422/422/422 421/421/421 523/523/523 
f 425/425/425 424/424/424 423/423/423 523/523/523 
f 411/411/411 426/426/426 425/425/425 523/523/523 
f 412/412/412 428/428/428 427/427/427 411/411/411 
f 413/413/413 429/429/429 428/428/428 412/412/412 
f 414/414/414 430/430/430 429/429/429 413/413/413 
f 415/415/415 431/431/431 430/430/430 414/414/414 
f 416/416/416 432/432/432 431/431/431 415/415/415 
f 417/417/417 433/433/433 432/432/432 416/416/416 
f 418/418/418 434/434/434 433/433/433 417/417/417 
f 419/419/419 435/435/435 434/434/434 418/418/418 
f 420/420/420 436/436/436 435/435/435 419/419/419 
f 421/421/421 437/437/437 436/436/436 420/420/420 
f 422/422/422 438/438/438 437/437/437 421/421/421 
f 423/423/423 439/439/439 438/438/438 422/422/422 
f 424/424/424 440/440/440 439/439/439 423/423/423 
f 425/425/425 441/441/441 440/440/440 424/424/424 
f 426/426/426 442/442/442 441/441/441 425/425/425 
f 411/411/411 427/427/427 442/442/442 426/426/426 
f 428/428/428 444/444/444 443/443/443 427/427/427 
f 429/429/429 445/445/445 444/444/444 428/428/428 
f 430/430/430 446/446/446 445/445/445 429/429/429 
f 431/431/431 447/447/447 446/446/446 430/430/430 
f 432/432/432 448/448/448 447/447/447 431/431/431 
f 433/433/433 449/449/449 448/448/448 432/432/432 
f 434/434/434 450/450/450 449/449/449 433/433/433 
f 435/435/435 451/451/451 450/450/450 434/434/434 
f 436/436/436 452/452/452 451/451/451 435/435/435 
f 437/437/437 453/453/453 452/452/452 436/436/436 
f 438/438/438 454/454/454 453/453/453 437/437/437 
f 439/439/439 455/455/455 454/454/454 438/438/438 
f 440/440/440 456/456/456 455/455/455 439/439/439 
f 441/441/441 457/457/457 456/456/456 440/440/440 
f 442/442/442 458/458/458 457/457/457 441/441/441 
f 427/427/427 443/443/443 458/458/458 442/442/442 
f 444/444/444 460/460/460 459/459/459 443/443/443 
f 445/445/445 461/461/461 460/460/460 444/444/444 
f 446/446/446 462/462/462 461/461/461 445/445/445 
f 447/447/447 463/463/463 462/462/462 446/446/446 
f 448/448/448 464/464/464 463/463/463 447/447/447 
f 449/449/449 465/465/465 464/464/464 448/448/448 
f 450/450/450 466/466/466 465/465/465 449/449/449 
f 451/451/451 467/467/467 466/466/466 450/450/450 
f 452/452/452 468/468/468 467/467/467 451/451/451 
f 453/453/453 469/469/469 468/468/468 452/452/452 
f 454/454/454 470/470/470 469/469/469 453/453/453 
f 455/455/455 471/471/471 470/470/470 454/454/454 
f 456/456/456 472/472/472 471/471/471 455/455/455 
f 457/457/457 473/473/473 472/472/472 456/456/456 
f 458/458/458 474/474/474 473/473/473 457/457/457 
f 443/443/443 459/459/459 474/474/474 458/458/458 
f 460/460/460 476/476/476 475/475/475 459/459/459 
f 461/461/461 477/477/477 476/476/476 460/460/460 
f 462/462/462 478/478/478 477/477/477 461/461/461 
f 463/463/463 479/479/479 478/478/478 462/462/462 
f 464/464/464 480/480/480 479/479/479 463/463/463 
f 465/465/465 481/481/481 480/480/480 464/464/464 
f 466/466/466 482/482/482 481/481/481 465/465/465 
f 467/467/467 483/483/483 482/482/482 466/466/466 
f 468/468/468 484/484/484 483/483/483 467/467/467 
f 469/469/469 485/485/485 484/484/484 468/468/468 
f 470/470/470 486/486/486 485/485/485 469/469/469 
f 471/471/471 487/487/487 486/486/486 470/470/470 
f 472/472/472 488/488/488 487/487/487 471/471/471 
f 473/473/473 489/489/489 488/488/488 472/472/472 
f 474/474/474 490/490/490 489/489/489 473/473/473 
f 459/459/459 475/475/475 490/490/490 474/474/474 
f 476/476/476 492/492/492 491/491/491 475/475/475 
f 477/477/477 493/493/493 492/492/492 476/476/476 
f 478/478/478 494/494/494 493/493/493 477/477/477 
f 479/479/479 495/495/495 494/494/494 478/478/478 
f 480/480/480 496/496/496 495/495/495 479/479/479 
f 481/481/481 497/497/497 496/496/496 480/480/480 
f 482/482/482 498/498/498 497/497/497 481/481/481 
f 483/483/483 499/499/499 498/498/498 482/482/482 
f 484/484/484 500/500/500 499/499/499 483/483/483 
f 485/485/485 501/501/501 500/500/500 484/484/484 
f 486/486/486 502/502/502 501/501/501 485/485/485 
f 487/487/487 503/503/503 502/502/502 486/486/486 
f 488/488/488 504/504/504 503/503/503 487/487/487 
f 489/489/489 505/505/505 504/504/504 488/488/488 
f 490/490/490 506/506/506 505/505/505 489/489/489 
f 475/475/475 491/491/491 506/506/506 490/490/490 
f 492/492/492 508/508/508 507/507/507 491/491/491 
f 493/493/493 509/509/509 508/508/508 492/492/492 
f 494/494/494 510/510/510 509/509/509 493/493/493 
f 495/495/495 511/511/511 510/510/510 494/494/494 
f 496/496/496 512/512/512 511/511/511 495/495/495 
f 497/497/497 513/513/513 512/512/512 496/496/496 
f 498/498/498 514/514/514 513/513/513 497/497/497 
f 499/499/499 515/515/515 514/514/514 498/498/498 
f 500/500/500 516/516/516 515/515/515 499/499/499 
f 501/501/501 517/517/517 516/516/516 500/500/500 
f 502/502/502 518/518/518 517/517/517 501/501/501 
f 503/503/503 519/519/519 518/518/518 502/502/502 
f 504/504/504 520/520/520 519/519/519 503/503/503 
f 505/505/505 521/521/521 520/520/520 504/504/504 
f 506/506/506 522/522/522 521/521/521 505/505/505 
f 491/491/491 507/507/507 522/522/522 506/506/506 
f 507/507/507 508/508/508 509/509/509 524/524/524 
f 509/509/509 510/510/510 511/511/511 524/524/524 
f 511/511/511 512/512/512 513/513/513 524/524/524 
f 513/513/513 514/514/514 515/515/515 524/524/524 
f 515/515/515 516/516/516 517/517/517 524/524/524 
f 517/517/517 518/518/518 519/519/519 524/524/524 
f 519/519/519 520/520/520 521/521/521 524/524/524 
f 521/521/521 522/522/522 507/507/507 524/524/524 

g s.0089
usemap Standard_FF301B
usemtl Standard_FF301B
v 1.724047 -0.9935474 1.325785
v 1.724072 -0.9936736 1.325821
v 1.724101 -0.9936664 1.325759
v 1.72412 -0.9936267 1.325706
v 1.724122 -0.993565 1.325677
v 1.724108 -0.9934978 1.325678
v 1.724081 -0.9934433 1.32571
v 1.724049 -0.993416 1.325763
v 1.72402 -0.9934231 1.325825
v 1.724001 -0.9934629 1.325878
v 1.723999 -0.9935246 1.325907
v 1.724013 -0.9935917 1.325906
v 1.724039 -0.9936462 1.325875
v 1.724191 -0.9938793 1.32592
v 1.724272 -0.9938596 1.325751
v 1.724322 -0.9937502 1.325606
v 1.724329 -0.9935805 1.325524
v 1.724291 -0.9933959 1.325527
v 1.724217 -0.9932458 1.325614
v 1.724128 -0.9931706 1.325763
v 1.724047 -0.9931903 1.325932
v 1.723996 -0.9932997 1.326077
v 1.723989 -0.9934694 1.326159
v 1.724028 -0.993654 1.326156
v 1.724102 -0.993804 1.326069
v 1.724384 -0.9940012 1.326045
v 1.724501 -0.9939728 1.325801
v 1.724574 -0.9938146 1.325591
v 1.724584 -0.9935693 1.325472
v 1.724529 -0.9933024 1.325477
v 1.724422 -0.9930856 1.325603
v 1.724293 -0.9929768 1.325817
v 1.724176 -0.9930052 1.326062
v 1.724102 -0.9931633 1.326272
v 1.724092 -0.9934087 1.32639
v 1.724148 -0.9936756 1.326386
v 1.724255 -0.9938924 1.326259
v 1.724612 -0.9940127 1.32617
v 1.724742 -0.9939811 1.325898
v 1.724823 -0.9938056 1.325665
v 1.724835 -0.9935333 1.325534
v 1.724773 -0.9932371 1.325539
v 1.724654 -0.9929963 1.325679
v 1.724511 -0.9928756 1.325916
v 1.724381 -0.9929072 1.326188
v 1.7243 -0.9930827 1.326421
v 1.724289 -0.993355 1.326552
v 1.724351 -0.9936513 1.326548
v 1.724469 -0.993892 1.326407
v 1.72487 -0.9939611 1.326299
v 1.724999 -0.9939295 1.326027
v 1.725081 -0.993754 1.325794
v 1.725092 -0.9934816 1.325663
v 1.72503 -0.9931854 1.325668
v 1.724912 -0.9929447 1.325808
v 1.724768 -0.992824 1.326045
v 1.724639 -0.9928555 1.326317
v 1.724557 -0.9930311 1.32655
v 1.724546 -0.9933034 1.326681
v 1.724608 -0.9935997 1.326676
v 1.724726 -0.9938403 1.326536
v 1.72487 -0.9939611 1.326299
v 1.767872 -0.991501 1.349255
v 1.769966 -0.9909936 1.344688
v 1.771046 -0.9881392 1.340665
v 1.770823 -0.9837026 1.338264
v 1.769357 -0.9788727 1.338129
v 1.76704 -0.9749436 1.340295
v 1.764493 -0.972968 1.344182
v 1.7624 -0.9734755 1.348749
v 1.761319 -0.9763299 1.352771
v 1.761542 -0.9807664 1.355172
v 1.763009 -0.9855964 1.355308
v 1.765326 -0.9895255 1.353142
v 1.767872 -0.991501 1.349255
v 1.823415 -0.9803575 1.377993
v 1.82722 -0.9794365 1.369509
v 1.828957 -0.9742401 1.361941
v 1.828161 -0.9661607 1.357316
v 1.825045 -0.9573632 1.356873
v 1.820444 -0.9502049 1.360732
v 1.815591 -0.9466038 1.367858
v 1.811786 -0.9475248 1.376342
v 1.810048 -0.9527212 1.38391
v 1.810844 -0.9608005 1.388535
v 1.81396 -0.969598 1.388978
v 1.818562 -0.9767563 1.385119
v 1.823415 -0.9803575 1.377993
v 1.888161 -0.9620306 1.410868
v 1.893466 -0.9607452 1.398856
v 1.895679 -0.9534928 1.388059
v 1.894206 -0.9422168 1.381369
v 1.889442 -0.9299385 1.380579
v 1.882664 -0.9199479 1.3859
v 1.875688 -0.9149219 1.395908
v 1.870383 -0.9162074 1.407919
v 1.86817 -0.9234597 1.418717
v 1.869643 -0.9347357 1.425407
v 1.874407 -0.947014 1.426197
v 1.881185 -0.9570047 1.420875
v 1.888161 -0.9620306 1.410868
v 1.959124 -0.937933 1.446411
v 1.965731 -0.9363284 1.431258
v 1.968282 -0.927285 1.417563
v 1.966093 -0.9132261 1.408995
v 1.95975 -0.8979188 1.407851
v 1.950954 -0.8854645 1.414436
v 1.942061 -0.8792006 1.426987
v 1.935453 -0.8808053 1.44214
v 1.932903 -0.8898487 1.455835
v 1.935092 -0.9039075 1.464403
v 1.941434 -0.9192149 1.465548
v 1.95023 -0.9316691 1.458962
v 1.959124 -0.937933 1.446411
v 2.033417 -0.9094395 1.483204
v 2.041133 -0.9075593 1.465289
v 2.043897 -0.8969811 1.449024
v 2.040968 -0.8805392 1.43877
v 2.033132 -0.8626393 1.437274
v 2.022487 -0.8480776 1.444936
v 2.011886 -0.8407559 1.459703
v 2.00417 -0.8426361 1.477619
v 2.001406 -0.8532144 1.493883
v 2.004334 -0.8696563 1.504137
v 2.012171 -0.8875561 1.505634
v 2.022816 -0.9021178 1.497972
v 2.033417 -0.9094395 1.483204
v 2.108201 -0.8779013 1.519849
v 2.116833 -0.8757899 1.49954
v 2.119681 -0.8639317 1.481027
v 2.115982 -0.845504 1.469272
v 2.106727 -0.8254447 1.467424
v 2.094396 -0.8091285 1.475978
v 2.082294 -0.8009274 1.492643
v 2.073661 -0.8030388 1.512952
v 2.070813 -0.814897 1.531465
v 2.074512 -0.8333246 1.54322
v 2.083767 -0.853384 1.545068
v 2.096098 -0.8697002 1.536514
v 2.108201 -0.8779013 1.519849
v 2.180679 -0.844644 1.554965
v 2.190028 -0.8423488 1.532619
v 2.192811 -0.8294733 1.512163
v 2.188282 -0.8094673 1.499077
v 2.177656 -0.7876914 1.496868
v 2.163779 -0.7699805 1.506127
v 2.150369 -0.7610803 1.524375
v 2.141021 -0.7633754 1.54672
v 2.138238 -0.776251 1.567177
v 2.142766 -0.796257 1.580263
v 2.153393 -0.8180328 1.582472
v 2.16727 -0.8357437 1.573212
v 2.180679 -0.844644 1.554965
v 2.248118 -0.810947 1.587198
v 2.257969 -0.8085248 1.563158
v 2.260494 -0.7949188 1.541036
v 2.255017 -0.7737747 1.526762
v 2.243004 -0.7507582 1.524158
v 2.227675 -0.7320364 1.533923
v 2.213137 -0.7226259 1.553441
v 2.203286 -0.7250481 1.577481
v 2.200761 -0.738654 1.599603
v 2.206239 -0.759798 1.613877
v 2.218251 -0.7828146 1.616481
v 2.233581 -0.8015364 1.606715
v 2.248118 -0.810947 1.587198
v 2.308484 -0.7777025 1.615523
v 2.318607 -0.7752247 1.590108
v 2.32063 -0.7612117 1.56657
v 2.314013 -0.7394184 1.551214
v 2.300527 -0.7156841 1.548157
v 2.283786 -0.6963685 1.558217
v 2.268277 -0.6866472 1.578698
v 2.258154 -0.6891251 1.604113
v 2.256131 -0.703138 1.627652
v 2.262749 -0.7249314 1.643007
v 2.276234 -0.7486656 1.646064
v 2.292975 -0.7679812 1.636005
v 2.308484 -0.7777025 1.615523
v 2.362315 -0.7444566 1.640144
v 2.372486 -0.7420047 1.613645
v 2.373769 -0.7279181 1.588914
v 2.36582 -0.7059714 1.572579
v 2.35077 -0.6820451 1.569016
v 2.33265 -0.6625503 1.57918
v 2.316316 -0.6527105 1.600348
v 2.306145 -0.6551625 1.626847
v 2.304862 -0.669249 1.651578
v 2.312811 -0.6911957 1.667913
v 2.327861 -0.715122 1.671476
v 2.345981 -0.7346169 1.661312
v 2.362315 -0.7444566 1.640144
v 2.410741 -0.7104448 1.661548
v 2.42076 -0.7081072 1.634227
v 2.421102 -0.6942757 1.60852
v 2.411675 -0.6726563 1.591314
v 2.395005 -0.649042 1.587221
v 2.375558 -0.6297601 1.597337
v 2.358546 -0.6199773 1.618951
v 2.348526 -0.6223149 1.646272
v 2.348184 -0.6361464 1.671979
v 2.357611 -0.6577658 1.689184
v 2.374282 -0.6813802 1.693277
v 2.393728 -0.700662 1.683162
v 2.410741 -0.7104448 1.661548
v 2.454781 -0.6749935 1.680178
v 2.464491 -0.672855 1.652279
v 2.463773 -0.6595699 1.625817
v 2.452819 -0.638698 1.607884
v 2.434566 -0.615832 1.603285
v 2.413903 -0.5970988 1.61325
v 2.396368 -0.5875179 1.635112
v 2.386658 -0.5896565 1.663011
v 2.387377 -0.6029415 1.689472
v 2.39833 -0.6238134 1.707405
v 2.416583 -0.6466794 1.712005
v 2.437246 -0.6654127 1.702039
v 2.454781 -0.6749935 1.680178
v 2.495378 -0.6375529 1.696458
v 2.504676 -0.6356758 1.66821
v 2.502892 -0.623145 1.641234
v 2.490505 -0.6033183 1.622758
v 2.470834 -0.581508 1.617732
v 2.449149 -0.5635583 1.627504
v 2.431261 -0.5542788 1.649455
v 2.421964 -0.5561559 1.677703
v 2.423748 -0.5686866 1.704679
v 2.436135 -0.5885134 1.723155
v 2.455806 -0.6103236 1.72818
v 2.477491 -0.6282733 1.718408
v 2.495378 -0.6375529 1.696458
v 2.533485 -0.5976684 1.710834
v 2.542329 -0.5960754 1.682451
v 2.539587 -0.5843845 1.655209
v 2.525994 -0.5657284 1.636406
v 2.505192 -0.5451061 1.631082
v 2.482755 -0.528043 1.640663
v 2.464695 -0.5191115 1.662581
v 2.455852 -0.5207045 1.690964
v 2.458593 -0.5323954 1.718207
v 2.472186 -0.5510515 1.737009
v 2.492988 -0.5716739 1.742333
v 2.515425 -0.5887369 1.732752
v 2.533485 -0.5976684 1.710834
v 2.570152 -0.5548877 1.723809
v 2.578549 -0.5535544 1.695481
v 2.575034 -0.5426613 1.66821
v 2.560551 -0.5251271 1.649303
v 2.538978 -0.50565 1.643825
v 2.516098 -0.489449 1.653244
v 2.49804 -0.4808651 1.675038
v 2.489643 -0.4821983 1.703365
v 2.493157 -0.4930915 1.730636
v 2.507641 -0.5106257 1.749544
v 2.529213 -0.5301027 1.755022
v 2.552094 -0.5463037 1.745602
v 2.570152 -0.5548877 1.723809
v 2.606566 -0.5086598 1.735939
v 2.614551 -0.5075251 1.707825
v 2.610477 -0.4972931 1.68073
v 2.595437 -0.4807054 1.661914
v 2.573459 -0.4622067 1.656419
v 2.550434 -0.4467537 1.665716
v 2.532529 -0.4384871 1.687315
v 2.524544 -0.4396217 1.715429
v 2.528618 -0.4498537 1.742524
v 2.543659 -0.4664414 1.76134
v 2.565636 -0.4849401 1.766836
v 2.588662 -0.5003932 1.757538
v 2.606566 -0.5086598 1.735939
v 2.643698 -0.4584202 1.747694
v 2.651303 -0.4574069 1.719963
v 2.646837 -0.4477254 1.693238
v 2.631499 -0.4319701 1.67468
v 2.609397 -0.4143623 1.669263
v 2.586453 -0.3996203 1.678437
v 2.568817 -0.391694 1.699744
v 2.561212 -0.3927073 1.727476
v 2.565677 -0.4023888 1.7542
v 2.581016 -0.4181441 1.772758
v 2.603118 -0.4357518 1.778175
v 2.626061 -0.4504939 1.769001
v 2.643698 -0.4584202 1.747694
v 2.680704 -0.4047507 1.758879
v 2.687884 -0.403802 1.731898
v 2.683155 -0.3947105 1.705911
v 2.667784 -0.3799122 1.687879
v 2.645891 -0.3633723 1.682635
v 2.623341 -0.3495227 1.691583
v 2.606177 -0.3420743 1.712327
v 2.598998 -0.3430229 1.739307
v 2.603726 -0.3521146 1.765295
v 2.619097 -0.3669128 1.783327
v 2.64099 -0.3834527 1.788571
v 2.66354 -0.3973023 1.779622
v 2.680704 -0.4047507 1.758879
v 2.716082 -0.3487655 1.769073
v 2.722711 -0.3478492 1.743466
v 2.717872 -0.3394982 1.718821
v 2.702863 -0.3259501 1.701743
v 2.681705 -0.3108351 1.696806
v 2.660066 -0.2982033 1.705335
v 2.643747 -0.2914392 1.725043
v 2.637118 -0.2923555 1.750651
v 2.641956 -0.3007065 1.775295
v 2.656966 -0.3142546 1.792374
v 2.678124 -0.3293696 1.79731
v 2.699762 -0.3420015 1.788781
v 2.716082 -0.3487655 1.769073
v 2.748271 -0.291638 1.777853
v 2.754156 -0.2907447 1.754499
v 2.749414 -0.2833789 1.732047
v 2.735316 -0.2715145 1.716513
v 2.715639 -0.2583303 1.712058
v 2.695655 -0.2473592 1.719878
v 2.68072 -0.2415408 1.737876
v 2.674835 -0.2424342 1.76123
v 2.679577 -0.2497999 1.783682
v 2.693675 -0.2616644 1.799217
v 2.713352 -0.2748485 1.803671
v 2.733335 -0.2858196 1.795851
v 2.748271 -0.291638 1.777853
v 2.775645 -0.2346145 1.7848
v 2.780537 -0.2337629 1.764839
v 2.776175 -0.2277058 1.745673
v 2.763727 -0.2180664 1.732436
v 2.74653 -0.2074275 1.728675
v 2.729191 -0.1986398 1.735399
v 2.716356 -0.1940579 1.750805
v 2.711465 -0.1949096 1.770765
v 2.715827 -0.2009666 1.789931
v 2.728274 -0.210606 1.803168
v 2.745471 -0.2212449 1.806929
v 2.76281 -0.2300326 1.800205
v 2.775645 -0.2346145 1.7848
v 2.796487 -0.1790721 1.789495
v 2.800089 -0.1783229 1.774332
v 2.7965 -0.1739517 1.75979
v 2.78668 -0.1671298 1.749766
v 2.77326 -0.1596851 1.746945
v 2.759837 -0.1536124 1.752084
v 2.750007 -0.1505389 1.763806
v 2.746405 -0.1512882 1.778969
v 2.749994 -0.1556593 1.793511
v 2.759815 -0.1624812 1.803535
v 2.773234 -0.1699259 1.806355
v 2.786657 -0.1759986 1.801216
v 2.796487 -0.1790721 1.789495
v 2.808913 -0.126685 1.79152
v 2.810901 -0.1261687 1.782822
v 2.808642 -0.1238548 1.77449
v 2.802742 -0.1203633 1.768757
v 2.794781 -0.1166298 1.767159
v 2.786892 -0.1136545 1.770124
v 2.78119 -0.1122349 1.776858
v 2.779202 -0.1127512 1.785556
v 2.781461 -0.115065 1.793887
v 2.787361 -0.1185566 1.79962
v 2.795322 -0.1222901 1.801218
v 2.803211 -0.1252654 1.798253
v 2.808913 -0.126685 1.79152
v 2.811302 -0.1023905 1.791396
v 2.812361 -0.1020764 1.78664
v 2.811058 -0.100888 1.782087
v 2.80774 -0.0991438 1.778957
v 2.803299 -0.09731114 1.778089
v 2.798923 -0.0958811 1.779715
v 2.795784 -0.09523684 1.7834
v 2.794725 -0.09555095 1.788156
v 2.796029 -0.09673935 1.792709
v 2.799346 -0.0984835 1.795839
v 2.803787 -0.1003161 1.796707
v 2.808164 -0.1017462 1.795081
v 2.811302 -0.1023905 1.791396
v 2.810812 -0.07967675 1.790484
v 2.810875 -0.07965475 1.790188
v 2.81079 -0.07958758 1.789906
v 2.810577 -0.07949311 1.789712
v 2.810295 -0.07939661 1.789659
v 2.810019 -0.07932407 1.78976
v 2.809824 -0.07929486 1.789989
v 2.80976 -0.07931674 1.790284
v 2.809846 -0.07938397 1.790566
v 2.810059 -0.07947844 1.79076
v 2.81034 -0.07957488 1.790814
v 2.810616 -0.07964748 1.790712
v 2.810812 -0.07967675 1.790484
v 2.810875 -0.07965475 1.790188
v 2.81079 -0.07958758 1.789906
v 2.810577 -0.07949311 1.789712
v 2.810295 -0.07939661 1.789659
v 2.810019 -0.07932407 1.78976
v 2.809824 -0.07929486 1.789989
v 2.80976 -0.07931674 1.790284
v 2.809846 -0.07938397 1.790566
v 2.810059 -0.07947844 1.79076
v 2.81034 -0.07957488 1.790814
v 2.810616 -0.07964748 1.790712
v 2.810812 -0.07967675 1.790484
v 2.810896 -0.07939827 1.790227
v 2.810818 -0.07933766 1.789973
v 2.810627 -0.07925254 1.789798
v 2.810373 -0.07916564 1.78975
v 2.810124 -0.07910025 1.789841
v 2.809948 -0.07907391 1.790048
v 2.809891 -0.07909369 1.790313
v 2.809968 -0.07915425 1.790568
v 2.81016 -0.07923931 1.790742
v 2.810414 -0.07932627 1.790791
v 2.810662 -0.0793916 1.790699
v 2.810839 -0.079418 1.790493
v 2.810802 -0.07915902 1.790268
v 2.810748 -0.07911706 1.790092
v 2.810616 -0.07905823 1.789971
v 2.81044 -0.07899809 1.789938
v 2.810268 -0.07895285 1.790001
v 2.810146 -0.07893461 1.790144
v 2.810106 -0.07894832 1.790328
v 2.81016 -0.07899016 1.790504
v 2.810292 -0.07904905 1.790624
v 2.810468 -0.07910919 1.790658
v 2.81064 -0.07915449 1.790594
v 2.810762 -0.07917267 1.790452
v 2.810614 -0.07898587 1.790302
v 2.810594 -0.07897061 1.790238
v 2.810546 -0.07894921 1.790194
v 2.810482 -0.0789274 1.790182
v 2.81042 -0.07891089 1.790205
v 2.810375 -0.07890427 1.790257
v 2.810361 -0.07890928 1.790324
v 2.81038 -0.07892448 1.790388
v 2.810429 -0.07894588 1.790431
v 2.810493 -0.07896775 1.790444
v 2.810555 -0.07898414 1.790421
v 2.810599 -0.07899076 1.790369
v 2.810492 -0.07893318 1.790315

vn -0.8800523 -0.1766445 -0.4408001
vn -0.8641475 -0.2877929 -0.4128249
vn -0.8385211 -0.2815478 -0.4664904
vn -0.8224442 -0.246877 -0.5124814
vn -0.8202247 -0.1930707 -0.5384747
vn -0.8324572 -0.1345461 -0.5375056
vn -0.8558642 -0.08698484 -0.5098334
vn -0.8841736 -0.06313094 -0.4628732
vn -0.9098001 -0.06937602 -0.4092076
vn -0.9258768 -0.1040467 -0.3632166
vn -0.9280964 -0.1578531 -0.3372232
vn -0.9158638 -0.2163777 -0.3381925
vn -0.8924569 -0.263939 -0.3658646
vn -0.7854372 -0.5240783 -0.3292875
vn -0.7033128 -0.5040648 -0.5012681
vn -0.6517917 -0.3929564 -0.6486545
vn -0.644679 -0.2205246 -0.7319549
vn -0.6838803 -0.03297224 -0.7288488
vn -0.7588918 0.1194461 -0.6401686
vn -0.8496143 0.19589 -0.489676
vn -0.9317387 0.1758765 -0.3176956
vn -0.9832598 0.06476813 -0.1703091
vn -0.9903727 -0.1076637 -0.08700883
vn -0.9511713 -0.2952159 -0.09011488
vn -0.8761596 -0.4476344 -0.1787952
vn -0.5481859 -0.8228242 -0.1498415
vn -0.3884327 -0.7838928 -0.4843884
vn -0.2882107 -0.5677581 -0.7710935
vn -0.2743745 -0.2323332 -0.9331344
vn -0.3506314 0.1325052 -0.9270923
vn -0.4965484 0.4289983 -0.754586
vn -0.6730272 0.5777018 -0.4618388
vn -0.8327806 0.5387701 -0.127292
vn -0.9330027 0.3226356 0.159413
vn -0.9468389 -0.01278931 0.3214538
vn -0.870582 -0.3776275 0.3154116
vn -0.7246647 -0.674121 0.1429054
vn 0.08667856 -0.9723997 0.216623
vn 0.3085153 -0.9183388 -0.2479356
vn 0.4476858 -0.6182097 -0.6460605
vn 0.4668992 -0.1524315 -0.8710739
vn 0.3610071 0.3541905 -0.8626835
vn 0.1583836 0.7659072 -0.6231378
vn -0.08667869 0.9723998 -0.2166229
vn -0.3085155 0.9183388 0.2479359
vn -0.4476858 0.6182097 0.6460605
vn -0.4668992 0.1524317 0.8710739
vn -0.3610072 -0.3541903 0.8626835
vn -0.1583836 -0.7659073 0.6231376
vn 0.08667856 -0.9723997 0.216623
vn 0.3085153 -0.9183388 -0.2479356
vn 0.4476858 -0.6182097 -0.6460605
vn 0.4668992 -0.1524315 -0.8710739
vn 0.3610071 0.3541905 -0.8626835
vn 0.1583836 0.7659072 -0.6231378
vn -0.08667869 0.9723998 -0.2166229
vn -0.3085155 0.9183388 0.2479359
vn -0.4476858 0.6182097 0.6460605
vn -0.4668992 0.1524317 0.8710739
vn -0.3610072 -0.3541903 0.8626835
vn -0.1583836 -0.7659073 0.6231376
vn 0.08667856 -0.9723997 0.216623
vn 0.1731761 -0.9499459 0.2600247
vn 0.3878241 -0.8979278 -0.2081305
vn 0.498555 -0.6053106 -0.6205175
vn 0.4756986 -0.1505006 -0.8666374
vn 0.3253788 0.3446358 -0.8805423
vn 0.08787437 0.747427 -0.6585066
vn -0.1731762 0.9499459 -0.2600247
vn -0.3878242 0.8979276 0.2081307
vn -0.4985551 0.6053105 0.6205176
vn -0.4756986 0.1505007 0.8666374
vn -0.3253789 -0.3446356 0.8805423
vn -0.08787412 -0.7474272 0.6585064
vn 0.1731761 -0.9499459 0.2600247
vn 0.2167332 -0.9349897 0.2807507
vn 0.4275387 -0.8839642 -0.1892562
vn 0.5237855 -0.5960813 -0.6085522
vn 0.4796844 -0.1484786 -0.8647872
vn 0.3070523 0.3389089 -0.889303
vn 0.05214558 0.7354857 -0.6755307
vn -0.2167334 0.9349897 -0.2807505
vn -0.4275387 0.8839641 0.1892564
vn -0.5237855 0.5960813 0.6085523
vn -0.4796844 0.1484786 0.8647872
vn -0.3070522 -0.3389088 0.8893029
vn -0.05214546 -0.7354859 0.6755304
vn 0.2167332 -0.9349897 0.2807507
vn 0.2446878 -0.9241246 0.2934651
vn 0.452825 -0.8736928 -0.1777933
vn 0.5396283 -0.5891557 -0.6014124
vn 0.4818386 -0.1467546 -0.8638834
vn 0.2949404 0.3349693 -0.8948775
vn 0.02901338 0.7269381 -0.6860898
vn -0.2446878 0.9241245 -0.2934649
vn -0.4528251 0.8736927 0.1777935
vn -0.5396283 0.5891557 0.6014124
vn -0.4818386 0.1467547 0.8638834
vn -0.2949406 -0.3349691 0.8948775
vn -0.02901314 -0.7269383 0.6860896
vn 0.2446878 -0.9241246 0.2934651
vn 0.265899 -0.9152448 0.3026955
vn 0.4718226 -0.8652321 -0.1695788
vn 0.5513219 -0.5833809 -0.596415
vn 0.4830948 -0.1452131 -0.8634423
vn 0.2854227 0.3318644 -0.8991106
vn 0.01127218 0.7200188 -0.6938629
vn -0.2658991 0.9152448 -0.3026955
vn -0.4718227 0.8652319 0.1695791
vn -0.5513219 0.5833808 0.5964152
vn -0.4830948 0.1452132 0.8634423
vn -0.2854229 -0.3318643 0.8991107
vn -0.01127183 -0.720019 0.6938628
vn 0.265899 -0.9152448 0.3026955
vn 0.2843472 -0.9070891 0.3103805
vn 0.4881608 -0.8574266 -0.1628453
vn 0.5611722 -0.5780174 -0.592437
vn 0.483818 -0.1437285 -0.8632857
vn 0.2768249 0.3290721 -0.9028175
vn -0.00434303 0.713698 -0.70044
vn -0.2843473 0.9070891 -0.3103804
vn -0.4881608 0.8574265 0.1628455
vn -0.5611722 0.5780174 0.592437
vn -0.4838179 0.1437286 0.8632857
vn -0.2768249 -0.3290721 0.9028175
vn 0.004343269 -0.7136982 0.7004398
vn 0.2843472 -0.9070891 0.3103805
vn 0.3024698 -0.8986758 0.3176379
vn 0.5040267 -0.8493741 -0.1565911
vn 0.5705301 -0.5724832 -0.5888619
vn 0.4841604 -0.1421958 -0.8633476
vn 0.2680601 0.326193 -0.9064999
vn -0.01986646 0.7071782 -0.7067562
vn -0.3024699 0.8986758 -0.3176378
vn -0.5040268 0.849374 0.1565913
vn -0.5705302 0.5724831 0.5888619
vn -0.4841604 0.1421958 0.8633476
vn -0.2680603 -0.3261928 0.9064999
vn 0.01986658 -0.7071784 0.7067559
vn 0.3024698 -0.8986758 0.3176379
vn 0.3224196 -0.8889095 0.3254007
vn 0.5213103 -0.8400805 -0.1500015
vn 0.5805162 -0.5661527 -0.5852111
vn 0.4841733 -0.1405244 -0.863614
vn 0.2580964 0.3227573 -0.9106119
vn -0.03713701 0.699556 -0.7136121
vn -0.3224197 0.8889094 -0.3254006
vn -0.5213102 0.8400804 0.1500018
vn -0.5805162 0.5661526 0.5852112
vn -0.4841733 0.1405245 0.863614
vn -0.2580965 -0.322757 0.9106119
vn 0.03713725 -0.6995562 0.7136119
vn 0.3224196 -0.8889095 0.3254007
vn 0.3469788 -0.8760658 0.334835
vn 0.5424092 -0.8280132 -0.1420788
vn 0.5925015 -0.5580951 -0.5809231
vn 0.4838336 -0.1386358 -0.8641095
vn 0.2455226 0.317971 -0.9157582
vn -0.05857584 0.6893774 -0.7220302
vn -0.3469788 0.8760658 -0.3348349
vn -0.5424092 0.8280131 0.1420791
vn -0.5925016 0.5580952 0.5809231
vn -0.4838336 0.1386358 0.8641095
vn -0.2455226 -0.3179709 0.9157583
vn 0.05857596 -0.6893776 0.72203
vn 0.3469788 -0.8760658 0.334835
vn 0.3788435 -0.8579533 0.3469783
vn 0.5696 -0.81126 -0.1319587
vn 0.6077327 -0.5471904 -0.5755377
vn 0.4830238 -0.1365015 -0.8649019
vn 0.2288891 0.3107631 -0.9225162
vn -0.08657621 0.6747586 -0.7329429
vn -0.3788435 0.8579533 -0.3469783
vn -0.5695999 0.8112599 0.131959
vn -0.6077327 0.5471904 0.5755377
vn -0.4830238 0.1365015 0.8649019
vn -0.2288892 -0.3107629 0.9225162
vn 0.08657645 -0.6747589 0.7329428
vn 0.3788435 -0.8579533 0.3469783
vn 0.4178735 -0.8334731 0.3615307
vn 0.6026717 -0.788924 -0.1199398
vn 0.6259848 -0.5329835 -0.5692731
vn 0.4815656 -0.1342303 -0.8660699
vn 0.208111 0.30049 -0.9308038
vn -0.1211065 0.6546937 -0.7461295
vn -0.4178735 0.8334731 -0.3615306
vn -0.6026719 0.7889239 0.1199401
vn -0.6259847 0.5329835 0.569273
vn -0.4815655 0.1342302 0.8660698
vn -0.2081111 -0.3004898 0.9308038
vn 0.1211067 -0.654694 0.7461293
vn 0.4178735 -0.8334731 0.3615307
vn 0.4627307 -0.8020393 0.3776416
vn 0.6403877 -0.7605922 -0.106785
vn 0.6464534 -0.515345 -0.5625988
vn 0.4793023 -0.1320114 -0.8676649
vn 0.1837225 0.2866948 -0.9402406
vn -0.1610855 0.6285809 -0.7608795
vn -0.4627307 0.8020393 -0.3776415
vn -0.6403878 0.7605921 0.1067852
vn -0.6464534 0.515345 0.5625989
vn -0.4793024 0.1320114 0.8676649
vn -0.1837226 -0.2866945 0.9402406
vn 0.1610858 -0.628581 0.7608793
vn 0.4627307 -0.8020393 0.3776416
vn 0.5104562 -0.7644238 0.3938155
vn 0.6801525 -0.7270467 -0.09378586
vn 0.6676025 -0.4948579 -0.5562576
vn 0.4761689 -0.1300724 -0.8696806
vn 0.157146 0.2695661 -0.9500732
vn -0.2039837 0.5969743 -0.7758945
vn -0.5104562 0.7644238 -0.3938155
vn -0.6801525 0.7270466 0.09378605
vn -0.6676025 0.4948579 0.5562577
vn -0.4761688 0.1300724 0.8696806
vn -0.1571462 -0.269566 0.9500732
vn 0.2039839 -0.5969746 0.7758943
vn 0.5104562 -0.7644238 0.3938155
vn 0.5569136 -0.7233064 0.4082586
vn 0.7184269 -0.6906983 -0.0824542
vn 0.6874383 -0.4730182 -0.5510738
vn 0.4722511 -0.1285931 -0.8720337
vn 0.1305243 0.2502884 -0.9593326
vn -0.2461759 0.5621052 -0.7895791
vn -0.5569136 0.7233064 -0.4082586
vn -0.7184269 0.6906982 0.08245439
vn -0.6874383 0.4730182 0.5510738
vn -0.4722511 0.1285931 0.8720337
vn -0.1305246 -0.2502884 0.9593326
vn 0.2461761 -0.5621054 0.7895789
vn 0.5569136 -0.7233064 0.4082586
vn 0.5980212 -0.6829359 0.4194868
vn 0.7517893 -0.6552371 -0.07400795
vn 0.7041162 -0.4519681 -0.5476726
vn 0.4677756 -0.1275944 -0.8745888
vn 0.1060947 0.2309682 -0.9671596
vn -0.284014 0.5276428 -0.8005804
vn -0.5980213 0.6829359 -0.4194867
vn -0.7517892 0.6552371 0.07400816
vn -0.7041162 0.4519681 0.5476726
vn -0.4677756 0.1275944 0.8745888
vn -0.1060948 -0.230968 0.9671596
vn 0.2840141 -0.5276429 0.8005803
vn 0.5980212 -0.6829359 0.4194868
vn 0.6310562 -0.6477753 0.4267965
vn 0.7780188 -0.6244412 -0.06899217
vn 0.716512 -0.4337886 -0.5462947
vn 0.4630163 -0.1269026 -0.8772181
vn 0.08545552 0.2139869 -0.9730914
vn -0.3150026 0.4975386 -0.8082256
vn -0.6310562 0.6477753 -0.4267964
vn -0.7780187 0.6244411 0.06899238
vn -0.716512 0.4337886 0.5462947
vn -0.4630163 0.1269026 0.8772181
vn -0.08545564 -0.2139869 0.9730914
vn 0.3150027 -0.4975388 0.8082254
vn 0.6310562 -0.6477753 0.4267965
vn 0.6551684 -0.6209772 0.4302809
vn 0.7964908 -0.6008951 -0.06728679
vn 0.7243941 -0.4198037 -0.5468254
vn 0.4581964 -0.1262262 -0.8798425
vn 0.06922524 0.2011737 -0.9771065
vn -0.3382944 0.474669 -0.8125554
vn -0.6551684 0.6209772 -0.4302809
vn -0.7964908 0.6008951 0.06728702
vn -0.7243941 0.4198037 0.5468254
vn -0.4581964 0.1262262 0.8798425
vn -0.06922542 -0.2011736 0.9771065
vn 0.3382947 -0.4746691 0.8125552
vn 0.6551684 -0.6209772 0.4302809
vn 0.6735757 -0.6002165 0.4313188
vn 0.8103856 -0.5819864 -0.0675796
vn 0.7300535 -0.4078134 -0.5483704
vn 0.454104 -0.1243672 -0.8822259
vn 0.05647748 0.1924032 -0.9796894
vn -0.3562818 0.4576192 -0.8146458
vn -0.6735757 0.6002165 -0.4313188
vn -0.8103856 0.5819864 0.06757985
vn -0.7300535 0.4078134 0.5483705
vn -0.454104 0.1243672 0.8822259
vn -0.0564776 -0.1924032 0.9796894
vn 0.3562821 -0.4576194 0.8146457
vn 0.6735757 -0.6002165 0.4313188
vn 0.6904901 -0.5806925 0.4313
vn 0.8235238 -0.5631136 -0.06864194
vn 0.735895 -0.3946488 -0.5501916
vn 0.4510837 -0.1204382 -0.8843179
vn 0.04540473 0.1860439 -0.9814917
vn -0.3724401 0.4426754 -0.8156757
vn -0.6904901 0.5806925 -0.4313
vn -0.8235238 0.5631135 0.06864211
vn -0.735895 0.3946488 0.5501916
vn -0.4510837 0.1204382 0.8843179
vn -0.04540485 -0.1860438 0.9814917
vn 0.3724405 -0.4426756 0.8156754
vn 0.6904901 -0.5806925 0.4313
vn 0.7073606 -0.5605877 0.4305606
vn 0.8370039 -0.5426675 -0.07025914
vn 0.7423729 -0.37934 -0.5522532
vn 0.4488235 -0.1143685 -0.8862715
vn 0.03501201 0.1812479 -0.982814
vn -0.3881805 0.428299 -0.8160121
vn -0.7073606 0.5605878 -0.4305606
vn -0.8370039 0.5426675 0.07025937
vn -0.7423729 0.3793399 0.5522533
vn -0.4488235 0.1143685 0.8862715
vn -0.03501225 -0.1812478 0.982814
vn 0.3881808 -0.4282991 0.816012
vn 0.7073606 -0.5605877 0.4305606
vn 0.7254269 -0.5379975 0.4293185
vn 0.8518285 -0.5188097 -0.07228227
vn 0.7499834 -0.3606072 -0.5545154
vn 0.4471807 -0.1057802 -0.8881667
vn 0.02455604 0.1773906 -0.9838341
vn -0.4046479 0.4130296 -0.815884
vn -0.7254269 0.5379975 -0.4293185
vn -0.8518285 0.5188097 0.07228248
vn -0.7499833 0.3606072 0.5545155
vn -0.4471807 0.1057802 0.8881666
vn -0.02455622 -0.1773905 0.9838341
vn 0.4046484 -0.4130296 0.8158837
vn 0.7254269 -0.5379975 0.4293185
vn 0.7460393 -0.5103336 0.4277675
vn 0.8691475 -0.4889001 -0.07456093
vn 0.7593683 -0.3364663 -0.5569112
vn 0.446117 -0.0938763 -0.8900375
vn 0.01332891 0.1738677 -0.9846789
vn -0.4230306 0.3950239 -0.8154762
vn -0.7460393 0.5103336 -0.4277674
vn -0.8691475 0.4889001 0.07456116
vn -0.7593684 0.3364662 0.5569112
vn -0.4461171 0.0938763 0.8900375
vn -0.01332903 -0.1738676 0.9846789
vn 0.4230308 -0.3950239 0.815476
vn 0.7460393 -0.5103336 0.4277675
vn 0.7709793 -0.4732943 0.4261259
vn 0.8904983 -0.4484389 -0.0769112
vn 0.771409 -0.3034247 -0.5593404
vn 0.4456212 -0.07710779 -0.8918947
vn 0.0004293321 0.1698701 -0.9854664
vn -0.4448772 0.3713312 -0.8149831
vn -0.7709793 0.4732944 -0.4261258
vn -0.8904982 0.4484389 0.07691144
vn -0.771409 0.3034246 0.5593404
vn -0.4456213 0.07710779 0.8918947
vn -0.000429511 -0.1698699 0.9854664
vn 0.4448775 -0.3713313 0.814983
vn 0.7709793 -0.4732943 0.4261259
vn 0.8028635 -0.4184754 0.4246041
vn 0.9180102 -0.3885721 -0.07917763
vn 0.7871769 -0.2545511 -0.5617439
vn 0.44542 -0.05232323 -0.8937914
vn -0.01568687 0.1639246 -0.9863482
vn -0.4725903 0.3362488 -0.8146136
vn -0.8028635 0.4184754 -0.4246039
vn -0.9180102 0.3885719 0.07917789
vn -0.7871768 0.2545511 0.5617439
vn -0.4454201 0.05232323 0.8937914
vn 0.01568675 -0.1639245 0.9863482
vn 0.4725905 -0.3362488 0.8146133
vn 0.8028635 -0.4184754 0.4246041
vn 0.8225282 -0.3791989 0.4238578
vn 0.9348252 -0.3458975 -0.08035384
vn 0.7966365 -0.2199132 -0.563035
vn 0.4449895 -0.03500324 -0.8948514
vn -0.02589214 0.1592858 -0.9868929
vn -0.4898358 0.3108943 -0.8144971
vn -0.8225283 0.3791989 -0.4238577
vn -0.9348252 0.3458975 0.08035412
vn -0.7966365 0.2199132 0.5630351
vn -0.4449896 0.03500324 0.8948514
vn 0.02589201 -0.1592857 0.9868929
vn 0.4898361 -0.3108943 0.8144969
vn 0.8225282 -0.3791989 0.4238578
vn 0.8452837 -0.3265949 0.4228843
vn 0.9537953 -0.2890906 -0.08186074
vn 0.8067381 -0.1741247 -0.5646716
vn 0.4435161 -0.01250213 -0.8961792
vn -0.0385459 0.1524704 -0.9875561
vn -0.5102793 0.2765885 -0.8143181
vn -0.8452837 0.3265949 -0.4228843
vn -0.9537953 0.2890906 0.08186097
vn -0.8067381 0.1741248 0.5646717
vn -0.4435161 0.01250213 0.8961792
vn 0.03854578 -0.1524703 0.9875561
vn 0.5102795 -0.2765886 0.8143178
vn 0.8452837 -0.3265949 0.4228843
vn 0.9537953 -0.2890906 -0.08186074
vn 0.8067381 -0.1741247 -0.5646716
vn 0.4435161 -0.01250213 -0.8961792
vn -0.0385459 0.1524704 -0.9875561
vn -0.5102793 0.2765885 -0.8143181
vn -0.8452837 0.3265949 -0.4228843
vn -0.9537953 0.2890906 0.08186097
vn -0.8067381 0.1741248 0.5646717
vn -0.4435161 0.01250213 0.8961792
vn 0.03854578 -0.1524703 0.9875561
vn 0.5102795 -0.2765886 0.8143178
vn 0.8452837 -0.3265949 0.4228843
vn 0.8936087 0.4475405 0.03421788
vn 0.7877072 0.530332 -0.313473
vn 0.5261368 0.6467227 -0.5522044
vn 0.1789853 0.7655258 -0.6180085
vn -0.1607283 0.854908 -0.4932531
vn -0.401978 0.8909197 -0.2113664
vn -0.4801215 0.8639114 0.1521203
vn -0.3742198 0.7811201 0.499811
vn -0.1126494 0.6647294 0.7385424
vn 0.2345021 0.5459263 0.8043465
vn 0.5742159 0.4565438 0.6795909
vn 0.8154655 0.4205322 0.3977045
vn 0.6299006 0.7709131 0.09443645
vn 0.5754597 0.8134738 -0.08430076
vn 0.4409943 0.8733066 -0.2070254
vn 0.2625342 0.9343798 -0.2408534
vn 0.08789758 0.9803284 -0.1767205
vn -0.03612172 0.998841 -0.03181093
vn -0.07629281 0.9849569 0.1550467
vn -0.02185196 0.9423962 0.333784
vn 0.1126135 0.8825634 0.4565086
vn 0.2910736 0.8214902 0.4903365
vn 0.4657103 0.7755414 0.4262035
vn 0.5897295 0.7570288 0.2812942
vn 0.4061614 0.905359 0.1239267
vn 0.3891735 0.9186399 0.06815272
vn 0.3472144 0.9373104 0.02985716
vn 0.2915269 0.9563679 0.01930141
vn 0.2370326 0.970706 0.03931373
vn 0.1983331 0.9764827 0.08453184
vn 0.185798 0.9721502 0.1428397
vn 0.2027859 0.9588693 0.1986136
vn 0.2447451 0.9401988 0.2369091
vn 0.3004325 0.9211414 0.2474649
vn 0.3549269 0.9068033 0.2274526
vn 0.3936263 0.9010266 0.1822345
vn 0.2979746 0.9450818 0.1342822

vt 0 -0.00125
vt 0.9815734 -0.001185
vt 0.9840243 -0.001185
vt 0.9907557 -0.001185
vt 0 -0.001185
vt 0.009244293 -0.001185
vt 0.01597574 -0.001185
vt 0.0184266 -0.001185
vt 0.01597574 -0.001185
vt 0.009244293 -0.001185
vt 1 -0.001185
vt 0.9907557 -0.001185
vt 0.9840243 -0.001185
vt 0.9396443 -0.0007050002
vt 0.9471089 -0.0007050002
vt 0.9686971 -0.0007050002
vt 0 -0.0007050002
vt 0.0313029 -0.0007050002
vt 0.05289117 -0.0007050002
vt 0.06035572 -0.0007050002
vt 0.05289117 -0.0007050002
vt 0.0313029 -0.0007050002
vt 1 -0.0007050002
vt 0.9686971 -0.0007050002
vt 0.9471089 -0.0007050002
vt 0.8720391 0.0001650001
vt 0.8834689 0.0001650001
vt 0.9238126 0.0001650001
vt 2.980232E-08 0.0001650001
vt 0.07618743 0.0001650001
vt 0.1165311 0.0001650001
vt 0.1279609 0.0001650001
vt 0.1165311 0.0001650001
vt 0.07618737 0.0001650001
vt 1 0.0001650001
vt 0.9238126 0.0001650001
vt 0.8834688 0.0001650001
vt 0.75 0.00125
vt 0.75 0.00125
vt 0.75 0.00125
vt 0.25 0.00125
vt 0.25 0.00125
vt 0.25 0.00125
vt 0.25 0.00125
vt 0.25 0.00125
vt 0.25 0.00125
vt 0.75 0.00125
vt 0.75 0.00125
vt 0.75 0.00125
vt 0 0.002500001
vt 0.08333334 0.002500001
vt 0.1666667 0.002500001
vt 0.25 0.002500001
vt 0.3333333 0.002500001
vt 0.4166667 0.002500001
vt 0.5 0.002500001
vt 0.5833333 0.002500001
vt 0.6666667 0.002500001
vt 0.75 0.002500001
vt 0.8333333 0.002500001
vt 0.9166667 0.002500001
vt 1 0.002500001
vt 0 0.2056545
vt 0.08333334 0.2056545
vt 0.1666667 0.2056545
vt 0.25 0.2056545
vt 0.3333333 0.2056545
vt 0.4166667 0.2056545
vt 0.5 0.2056545
vt 0.5833333 0.2056545
vt 0.6666667 0.2056545
vt 0.75 0.2056545
vt 0.8333333 0.2056545
vt 0.9166667 0.2056545
vt 1 0.2056545
vt 0 0.4720362
vt 0.08333334 0.4720362
vt 0.1666667 0.4720362
vt 0.25 0.4720362
vt 0.3333333 0.4720362
vt 0.4166667 0.4720362
vt 0.5 0.4720362
vt 0.5833333 0.4720362
vt 0.6666667 0.4720362
vt 0.75 0.4720362
vt 0.8333333 0.4720362
vt 0.9166667 0.4720362
vt 1 0.4720362
vt 0 0.7876703
vt 0.08333334 0.7876703
vt 0.1666667 0.7876703
vt 0.25 0.7876703
vt 0.3333333 0.7876703
vt 0.4166667 0.7876703
vt 0.5 0.7876703
vt 0.5833333 0.7876703
vt 0.6666667 0.7876703
vt 0.75 0.7876703
vt 0.8333333 0.7876703
vt 0.9166667 0.7876703
vt 1 0.7876703
vt 0 1.138156
vt 0.08333334 1.138156
vt 0.1666667 1.138156
vt 0.25 1.138156
vt 0.3333333 1.138156
vt 0.4166667 1.138156
vt 0.5 1.138156
vt 0.5833333 1.138156
vt 0.6666667 1.138156
vt 0.75 1.138156
vt 0.8333333 1.138156
vt 0.9166667 1.138156
vt 1 1.138156
vt 0 1.508945
vt 0.08333334 1.508945
vt 0.1666667 1.508945
vt 0.25 1.508945
vt 0.3333333 1.508945
vt 0.4166667 1.508945
vt 0.5 1.508945
vt 0.5833333 1.508945
vt 0.6666667 1.508945
vt 0.75 1.508945
vt 0.8333333 1.508945
vt 0.9166667 1.508945
vt 1 1.508945
vt 0 1.885443
vt 0.08333334 1.885443
vt 0.1666667 1.885443
vt 0.25 1.885443
vt 0.3333333 1.885443
vt 0.4166667 1.885443
vt 0.5 1.885443
vt 0.5833333 1.885443
vt 0.6666667 1.885443
vt 0.75 1.885443
vt 0.8333333 1.885443
vt 0.9166667 1.885443
vt 1 1.885443
vt 0 2.253051
vt 0.08333334 2.253051
vt 0.1666667 2.253051
vt 0.25 2.253051
vt 0.3333333 2.253051
vt 0.4166667 2.253051
vt 0.5 2.253051
vt 0.5833333 2.253051
vt 0.6666667 2.253051
vt 0.75 2.253051
vt 0.8333333 2.253051
vt 0.9166667 2.253051
vt 1 2.253051
vt 0 2.597217
vt 0.08333334 2.597217
vt 0.1666667 2.597217
vt 0.25 2.597217
vt 0.3333333 2.597217
vt 0.4166667 2.597217
vt 0.5 2.597217
vt 0.5833333 2.597217
vt 0.6666667 2.597217
vt 0.75 2.597217
vt 0.8333333 2.597217
vt 0.9166667 2.597217
vt 1 2.597217
vt 0 2.907049
vt 0.08333334 2.907049
vt 0.1666667 2.907049
vt 0.25 2.907049
vt 0.3333333 2.907049
vt 0.4166667 2.907049
vt 0.5 2.907049
vt 0.5833333 2.907049
vt 0.6666667 2.907049
vt 0.75 2.907049
vt 0.8333333 2.907049
vt 0.9166667 2.907049
vt 1 2.907049
vt 0 3.186049
vt 0.08333334 3.186049
vt 0.1666667 3.186049
vt 0.25 3.186049
vt 0.3333333 3.186049
vt 0.4166667 3.186049
vt 0.5 3.186049
vt 0.5833333 3.186049
vt 0.6666667 3.186049
vt 0.75 3.186049
vt 0.8333333 3.186049
vt 0.9166667 3.186049
vt 1 3.186049
vt 0 3.441461
vt 0.08333334 3.441461
vt 0.1666667 3.441461
vt 0.25 3.441461
vt 0.3333333 3.441461
vt 0.4166667 3.441461
vt 0.5 3.441461
vt 0.5833333 3.441461
vt 0.6666667 3.441461
vt 0.75 3.441461
vt 0.8333333 3.441461
vt 0.9166667 3.441461
vt 1 3.441461
vt 0 3.680704
vt 0.08333334 3.680704
vt 0.1666667 3.680704
vt 0.25 3.680704
vt 0.3333333 3.680704
vt 0.4166667 3.680704
vt 0.5 3.680704
vt 0.5833333 3.680704
vt 0.6666667 3.680704
vt 0.75 3.680704
vt 0.8333333 3.680704
vt 0.9166667 3.680704
vt 1 3.680704
vt 0 3.911274
vt 0.08333334 3.911274
vt 0.1666667 3.911274
vt 0.25 3.911274
vt 0.3333333 3.911274
vt 0.4166667 3.911274
vt 0.5 3.911274
vt 0.5833333 3.911274
vt 0.6666667 3.911274
vt 0.75 3.911274
vt 0.8333333 3.911274
vt 0.9166667 3.911274
vt 1 3.911274
vt 0 4.140602
vt 0.08333334 4.140602
vt 0.1666667 4.140602
vt 0.25 4.140602
vt 0.3333333 4.140602
vt 0.4166667 4.140602
vt 0.5 4.140602
vt 0.5833333 4.140602
vt 0.6666667 4.140602
vt 0.75 4.140602
vt 0.8333333 4.140602
vt 0.9166667 4.140602
vt 1 4.140602
vt 0 4.375896
vt 0.08333334 4.375896
vt 0.1666667 4.375896
vt 0.25 4.375896
vt 0.3333333 4.375896
vt 0.4166667 4.375896
vt 0.5 4.375896
vt 0.5833333 4.375896
vt 0.6666667 4.375896
vt 0.75 4.375896
vt 0.8333333 4.375896
vt 0.9166667 4.375896
vt 1 4.375896
vt 0 4.624049
vt 0.08333334 4.624049
vt 0.1666667 4.624049
vt 0.25 4.624049
vt 0.3333333 4.624049
vt 0.4166667 4.624049
vt 0.5 4.624049
vt 0.5833333 4.624049
vt 0.6666667 4.624049
vt 0.75 4.624049
vt 0.8333333 4.624049
vt 0.9166667 4.624049
vt 1 4.624049
vt 0 4.889264
vt 0.08333334 4.889264
vt 0.1666667 4.889264
vt 0.25 4.889264
vt 0.3333333 4.889264
vt 0.4166667 4.889264
vt 0.5 4.889264
vt 0.5833333 4.889264
vt 0.6666667 4.889264
vt 0.75 4.889264
vt 0.8333333 4.889264
vt 0.9166667 4.889264
vt 1 4.889264
vt 0 5.166059
vt 0.08333334 5.166059
vt 0.1666667 5.166059
vt 0.25 5.166059
vt 0.3333333 5.166059
vt 0.4166667 5.166059
vt 0.5 5.166059
vt 0.5833333 5.166059
vt 0.6666667 5.166059
vt 0.75 5.166059
vt 0.8333333 5.166059
vt 0.9166667 5.166059
vt 1 5.166059
vt 0 5.446547
vt 0.08333334 5.446547
vt 0.1666667 5.446547
vt 0.25 5.446547
vt 0.3333333 5.446547
vt 0.4166667 5.446547
vt 0.5 5.446547
vt 0.5833333 5.446547
vt 0.6666667 5.446547
vt 0.75 5.446547
vt 0.8333333 5.446547
vt 0.9166667 5.446547
vt 1 5.446547
vt 0 5.722857
vt 0.08333334 5.722857
vt 0.1666667 5.722857
vt 0.25 5.722857
vt 0.3333333 5.722857
vt 0.4166667 5.722857
vt 0.5 5.722857
vt 0.5833333 5.722857
vt 0.6666667 5.722857
vt 0.75 5.722857
vt 0.8333333 5.722857
vt 0.9166667 5.722857
vt 1 5.722857
vt 0 5.987177
vt 0.08333334 5.987177
vt 0.1666667 5.987177
vt 0.25 5.987177
vt 0.3333333 5.987177
vt 0.4166667 5.987177
vt 0.5 5.987177
vt 0.5833333 5.987177
vt 0.6666667 5.987177
vt 0.75 5.987177
vt 0.8333333 5.987177
vt 0.9166667 5.987177
vt 1 5.987177
vt 0 6.231823
vt 0.08333334 6.231823
vt 0.1666667 6.231823
vt 0.25 6.231823
vt 0.3333333 6.231823
vt 0.4166667 6.231823
vt 0.5 6.231823
vt 0.5833333 6.231823
vt 0.6666667 6.231823
vt 0.75 6.231823
vt 0.8333333 6.231823
vt 0.9166667 6.231823
vt 1 6.231823
vt 0 6.449355
vt 0.08333334 6.449355
vt 0.1666667 6.449355
vt 0.25 6.449355
vt 0.3333333 6.449355
vt 0.4166667 6.449355
vt 0.5 6.449355
vt 0.5833333 6.449355
vt 0.6666667 6.449355
vt 0.75 6.449355
vt 0.8333333 6.449355
vt 0.9166667 6.449355
vt 1 6.449355
vt 0 6.545788
vt 0.08333334 6.545788
vt 0.1666667 6.545788
vt 0.25 6.545788
vt 0.3333333 6.545788
vt 0.4166667 6.545788
vt 0.5 6.545788
vt 0.5833333 6.545788
vt 0.6666667 6.545788
vt 0.75 6.545788
vt 0.8333333 6.545788
vt 0.9166667 6.545788
vt 1 6.545788
vt 0 6.634193
vt 0.08333334 6.634193
vt 0.1666667 6.634193
vt 0.25 6.634193
vt 0.3333333 6.634193
vt 0.4166667 6.634193
vt 0.5 6.634193
vt 0.5833333 6.634193
vt 0.6666667 6.634193
vt 0.75 6.634193
vt 0.8333333 6.634193
vt 0.9166667 6.634193
vt 1 6.634193
vt 0.75 6.634193
vt 0.75 6.634193
vt 0.25 6.634193
vt 0.25 6.634193
vt 0.25 6.634193
vt 0.25 6.634193
vt 0.25 6.634193
vt 0.25 6.634193
vt 0.75 6.634193
vt 0.75 6.634193
vt 0.75 6.634193
vt 0.75 6.634193
vt 0.6165311 6.635279
vt 0.5761874 6.635279
vt 0.5 6.635279
vt 0.4238126 6.635279
vt 0.3834689 6.635279
vt 0.3720391 6.635279
vt 0.3834689 6.635279
vt 0.4238126 6.635279
vt 0.5 6.635279
vt 0.5761874 6.635279
vt 0.6165311 6.635279
vt 0.6279609 6.635279
vt 0.5528911 6.636149
vt 0.5313029 6.636149
vt 0.5 6.636149
vt 0.4686971 6.636149
vt 0.4471088 6.636149
vt 0.4396443 6.636149
vt 0.4471089 6.636149
vt 0.4686971 6.636149
vt 0.5 6.636149
vt 0.5313029 6.636149
vt 0.5528911 6.636149
vt 0.5603557 6.636149
vt 0.5159757 6.636629
vt 0.5092443 6.636629
vt 0.5 6.636629
vt 0.4907557 6.636629
vt 0.4840243 6.636629
vt 0.4815734 6.636629
vt 0.4840243 6.636629
vt 0.4907557 6.636629
vt 0.5 6.636629
vt 0.5092443 6.636629
vt 0.5159757 6.636629
vt 0.5184266 6.636629
vt 0 6.636694

usemap Standard_FF301B
usemtl Standard_FF301B
f 528/528/528 527/527/527 526/526/526 525/525/525 
f 530/530/530 529/529/529 528/528/528 525/525/525 
f 532/532/532 531/531/531 530/530/530 525/525/525 
f 534/534/534 533/533/533 532/532/532 525/525/525 
f 536/536/536 535/535/535 534/534/534 525/525/525 
f 526/526/526 537/537/537 536/536/536 525/525/525 
f 527/527/527 539/539/539 538/538/538 526/526/526 
f 528/528/528 540/540/540 539/539/539 527/527/527 
f 529/529/529 541/541/541 540/540/540 528/528/528 
f 530/530/530 542/542/542 541/541/541 529/529/529 
f 531/531/531 543/543/543 542/542/542 530/530/530 
f 532/532/532 544/544/544 543/543/543 531/531/531 
f 533/533/533 545/545/545 544/544/544 532/532/532 
f 534/534/534 546/546/546 545/545/545 533/533/533 
f 535/535/535 547/547/547 546/546/546 534/534/534 
f 536/536/536 548/548/548 547/547/547 535/535/535 
f 537/537/537 549/549/549 548/548/548 536/536/536 
f 526/526/526 538/538/538 549/549/549 537/537/537 
f 539/539/539 551/551/551 550/550/550 538/538/538 
f 540/540/540 552/552/552 551/551/551 539/539/539 
f 541/541/541 553/553/553 552/552/552 540/540/540 
f 542/542/542 554/554/554 553/553/553 541/541/541 
f 543/543/543 555/555/555 554/554/554 542/542/542 
f 544/544/544 556/556/556 555/555/555 543/543/543 
f 545/545/545 557/557/557 556/556/556 544/544/544 
f 546/546/546 558/558/558 557/557/557 545/545/545 
f 547/547/547 559/559/559 558/558/558 546/546/546 
f 548/548/548 560/560/560 559/559/559 547/547/547 
f 549/549/549 561/561/561 560/560/560 548/548/548 
f 538/538/538 550/550/550 561/561/561 549/549/549 
f 551/551/551 563/563/563 562/562/562 550/550/550 
f 552/552/552 564/564/564 563/563/563 551/551/551 
f 553/553/553 565/565/565 564/564/564 552/552/552 
f 554/554/554 566/566/566 565/565/565 553/553/553 
f 555/555/555 567/567/567 566/566/566 554/554/554 
f 556/556/556 568/568/568 567/567/567 555/555/555 
f 557/557/557 569/569/569 568/568/568 556/556/556 
f 558/558/558 570/570/570 569/569/569 557/557/557 
f 559/559/559 571/571/571 570/570/570 558/558/558 
f 560/560/560 572/572/572 571/571/571 559/559/559 
f 561/561/561 573/573/573 572/572/572 560/560/560 
f 550/550/550 562/562/562 573/573/573 561/561/561 
f 563/563/563 575/575/575 574/574/574 562/562/562 
f 564/564/564 576/576/576 575/575/575 563/563/563 
f 565/565/565 577/577/577 576/576/576 564/564/564 
f 566/566/566 578/578/578 577/577/577 565/565/565 
f 567/567/567 579/579/579 578/578/578 566/566/566 
f 568/568/568 580/580/580 579/579/579 567/567/567 
f 569/569/569 581/581/581 580/580/580 568/568/568 
f 570/570/570 582/582/582 581/581/581 569/569/569 
f 571/571/571 583/583/583 582/582/582 570/570/570 
f 572/572/572 584/584/584 583/583/583 571/571/571 
f 573/573/573 585/585/585 584/584/584 572/572/572 
f 562/562/562 586/586/586 585/585/585 573/573/573 
f 575/575/575 588/588/588 587/587/587 574/574/574 
f 576/576/576 589/589/589 588/588/588 575/575/575 
f 577/577/577 590/590/590 589/589/589 576/576/576 
f 578/578/578 591/591/591 590/590/590 577/577/577 
f 579/579/579 592/592/592 591/591/591 578/578/578 
f 580/580/580 593/593/593 592/592/592 579/579/579 
f 581/581/581 594/594/594 593/593/593 580/580/580 
f 582/582/582 595/595/595 594/594/594 581/581/581 
f 583/583/583 596/596/596 595/595/595 582/582/582 
f 584/584/584 597/597/597 596/596/596 583/583/583 
f 585/585/585 598/598/598 597/597/597 584/584/584 
f 586/586/586 599/599/599 598/598/598 585/585/585 
f 588/588/588 601/601/601 600/600/600 587/587/587 
f 589/589/589 602/602/602 601/601/601 588/588/588 
f 590/590/590 603/603/603 602/602/602 589/589/589 
f 591/591/591 604/604/604 603/603/603 590/590/590 
f 592/592/592 605/605/605 604/604/604 591/591/591 
f 593/593/593 606/606/606 605/605/605 592/592/592 
f 594/594/594 607/607/607 606/606/606 593/593/593 
f 595/595/595 608/608/608 607/607/607 594/594/594 
f 596/596/596 609/609/609 608/608/608 595/595/595 
f 597/597/597 610/610/610 609/609/609 596/596/596 
f 598/598/598 611/611/611 610/610/610 597/597/597 
f 599/599/599 612/612/612 611/611/611 598/598/598 
f 601/601/601 614/614/614 613/613/613 600/600/600 
f 602/602/602 615/615/615 614/614/614 601/601/601 
f 603/603/603 616/616/616 615/615/615 602/602/602 
f 604/604/604 617/617/617 616/616/616 603/603/603 
f 605/605/605 618/618/618 617/617/617 604/604/604 
f 606/606/606 619/619/619 618/618/618 605/605/605 
f 607/607/607 620/620/620 619/619/619 606/606/606 
f 608/608/608 621/621/621 620/620/620 607/607/607 
f 609/609/609 622/622/622 621/621/621 608/608/608 
f 610/610/610 623/623/623 622/622/622 609/609/609 
f 611/611/611 624/624/624 623/623/623 610/610/610 
f 612/612/612 625/625/625 624/624/624 611/611/611 
f 614/614/614 627/627/627 626/626/626 613/613/613 
f 615/615/615 628/628/628 627/627/627 614/614/614 
f 616/616/616 629/629/629 628/628/628 615/615/615 
f 617/617/617 630/630/630 629/629/629 616/616/616 
f 618/618/618 631/631/631 630/630/630 617/617/617 
f 619/619/619 632/632/632 631/631/631 618/618/618 
f 620/620/620 633/633/633 632/632/632 619/619/619 
f 621/621/621 634/634/634 633/633/633 620/620/620 
f 622/622/622 635/635/635 634/634/634 621/621/621 
f 623/623/623 636/636/636 635/635/635 622/622/622 
f 624/624/624 637/637/637 636/636/636 623/623/623 
f 625/625/625 638/638/638 637/637/637 624/624/624 
f 627/627/627 640/640/640 639/639/639 626/626/626 
f 628/628/628 641/641/641 640/640/640 627/627/627 
f 629/629/629 642/642/642 641/641/641 628/628/628 
f 630/630/630 643/643/643 642/642/642 629/629/629 
f 631/631/631 644/644/644 643/643/643 630/630/630 
f 632/632/632 645/645/645 644/644/644 631/631/631 
f 633/633/633 646/646/646 645/645/645 632/632/632 
f 634/634/634 647/647/647 646/646/646 633/633/633 
f 635/635/635 648/648/648 647/647/647 634/634/634 
f 636/636/636 649/649/649 648/648/648 635/635/635 
f 637/637/637 650/650/650 649/649/649 636/636/636 
f 638/638/638 651/651/651 650/650/650 637/637/637 
f 640/640/640 653/653/653 652/652/652 639/639/639 
f 641/641/641 654/654/654 653/653/653 640/640/640 
f 642/642/642 655/655/655 654/654/654 641/641/641 
f 643/643/643 656/656/656 655/655/655 642/642/642 
f 644/644/644 657/657/657 656/656/656 643/643/643 
f 645/645/645 658/658/658 657/657/657 644/644/644 
f 646/646/646 659/659/659 658/658/658 645/645/645 
f 647/647/647 660/660/660 659/659/659 646/646/646 
f 648/648/648 661/661/661 660/660/660 647/647/647 
f 649/649/649 662/662/662 661/661/661 648/648/648 
f 650/650/650 663/663/663 662/662/662 649/649/649 
f 651/651/651 664/664/664 663/663/663 650/650/650 
f 653/653/653 666/666/666 665/665/665 652/652/652 
f 654/654/654 667/667/667 666/666/666 653/653/653 
f 655/655/655 668/668/668 667/667/667 654/654/654 
f 656/656/656 669/669/669 668/668/668 655/655/655 
f 657/657/657 670/670/670 669/669/669 656/656/656 
f 658/658/658 671/671/671 670/670/670 657/657/657 
f 659/659/659 672/672/672 671/671/671 658/658/658 
f 660/660/660 673/673/673 672/672/672 659/659/659 
f 661/661/661 674/674/674 673/673/673 660/660/660 
f 662/662/662 675/675/675 674/674/674 661/661/661 
f 663/663/663 676/676/676 675/675/675 662/662/662 
f 664/664/664 677/677/677 676/676/676 663/663/663 
f 666/666/666 679/679/679 678/678/678 665/665/665 
f 667/667/667 680/680/680 679/679/679 666/666/666 
f 668/668/668 681/681/681 680/680/680 667/667/667 
f 669/669/669 682/682/682 681/681/681 668/668/668 
f 670/670/670 683/683/683 682/682/682 669/669/669 
f 671/671/671 684/684/684 683/683/683 670/670/670 
f 672/672/672 685/685/685 684/684/684 671/671/671 
f 673/673/673 686/686/686 685/685/685 672/672/672 
f 674/674/674 687/687/687 686/686/686 673/673/673 
f 675/675/675 688/688/688 687/687/687 674/674/674 
f 676/676/676 689/689/689 688/688/688 675/675/675 
f 677/677/677 690/690/690 689/689/689 676/676/676 
f 679/679/679 692/692/692 691/691/691 678/678/678 
f 680/680/680 693/693/693 692/692/692 679/679/679 
f 681/681/681 694/694/694 693/693/693 680/680/680 
f 682/682/682 695/695/695 694/694/694 681/681/681 
f 683/683/683 696/696/696 695/695/695 682/682/682 
f 684/684/684 697/697/697 696/696/696 683/683/683 
f 685/685/685 698/698/698 697/697/697 684/684/684 
f 686/686/686 699/699/699 698/698/698 685/685/685 
f 687/687/687 700/700/700 699/699/699 686/686/686 
f 688/688/688 701/701/701 700/700/700 687/687/687 
f 689/689/689 702/702/702 701/701/701 688/688/688 
f 690/690/690 703/703/703 702/702/702 689/689/689 
f 692/692/692 705/705/705 704/704/704 691/691/691 
f 693/693/693 706/706/706 705/705/705 692/692/692 
f 694/694/694 707/707/707 706/706/706 693/693/693 
f 695/695/695 708/708/708 707/707/707 694/694/694 
f 696/696/696 709/709/709 708/708/708 695/695/695 
f 697/697/697 710/710/710 709/709/709 696/696/696 
f 698/698/698 711/711/711 710/710/710 697/697/697 
f 699/699/699 712/712/712 711/711/711 698/698/698 
f 700/700/700 713/713/713 712/712/712 699/699/699 
f 701/701/701 714/714/714 713/713/713 700/700/700 
f 702/702/702 715/715/715 714/714/714 701/701/701 
f 703/703/703 716/716/716 715/715/715 702/702/702 
f 705/705/705 718/718/718 717/717/717 704/704/704 
f 706/706/706 719/719/719 718/718/718 705/705/705 
f 707/707/707 720/720/720 719/719/719 706/706/706 
f 708/708/708 721/721/721 720/720/720 707/707/707 
f 709/709/709 722/722/722 721/721/721 708/708/708 
f 710/710/710 723/723/723 722/722/722 709/709/709 
f 711/711/711 724/724/724 723/723/723 710/710/710 
f 712/712/712 725/725/725 724/724/724 711/711/711 
f 713/713/713 726/726/726 725/725/725 712/712/712 
f 714/714/714 727/727/727 726/726/726 713/713/713 
f 715/715/715 728/728/728 727/727/727 714/714/714 
f 716/716/716 729/729/729 728/728/728 715/715/715 
f 718/718/718 731/731/731 730/730/730 717/717/717 
f 719/719/719 732/732/732 731/731/731 718/718/718 
f 720/720/720 733/733/733 732/732/732 719/719/719 
f 721/721/721 734/734/734 733/733/733 720/720/720 
f 722/722/722 735/735/735 734/734/734 721/721/721 
f 723/723/723 736/736/736 735/735/735 722/722/722 
f 724/724/724 737/737/737 736/736/736 723/723/723 
f 725/725/725 738/738/738 737/737/737 724/724/724 
f 726/726/726 739/739/739 738/738/738 725/725/725 
f 727/727/727 740/740/740 739/739/739 726/726/726 
f 728/728/728 741/741/741 740/740/740 727/727/727 
f 729/729/729 742/742/742 741/741/741 728/728/728 
f 731/731/731 744/744/744 743/743/743 730/730/730 
f 732/732/732 745/745/745 744/744/744 731/731/731 
f 733/733/733 746/746/746 745/745/745 732/732/732 
f 734/734/734 747/747/747 746/746/746 733/733/733 
f 735/735/735 748/748/748 747/747/747 734/734/734 
f 736/736/736 749/749/749 748/748/748 735/735/735 
f 737/737/737 750/750/750 749/749/749 736/736/736 
f 738/738/738 751/751/751 750/750/750 737/737/737 
f 739/739/739 752/752/752 751/751/751 738/738/738 
f 740/740/740 753/753/753 752/752/752 739/739/739 
f 741/741/741 754/754/754 753/753/753 740/740/740 
f 742/742/742 755/755/755 754/754/754 741/741/741 
f 744/744/744 757/757/757 756/756/756 743/743/743 
f 745/745/745 758/758/758 757/757/757 744/744/744 
f 746/746/746 759/759/759 758/758/758 745/745/745 
f 747/747/747 760/760/760 759/759/759 746/746/746 
f 748/748/748 761/761/761 760/760/760 747/747/747 
f 749/749/749 762/762/762 761/761/761 748/748/748 
f 750/750/750 763/763/763 762/762/762 749/749/749 
f 751/751/751 764/764/764 763/763/763 750/750/750 
f 752/752/752 765/765/765 764/764/764 751/751/751 
f 753/753/753 766/766/766 765/765/765 752/752/752 
f 754/754/754 767/767/767 766/766/766 753/753/753 
f 755/755/755 768/768/768 767/767/767 754/754/754 
f 757/757/757 770/770/770 769/769/769 756/756/756 
f 758/758/758 771/771/771 770/770/770 757/757/757 
f 759/759/759 772/772/772 771/771/771 758/758/758 
f 760/760/760 773/773/773 772/772/772 759/759/759 
f 761/761/761 774/774/774 773/773/773 760/760/760 
f 762/762/762 775/775/775 774/774/774 761/761/761 
f 763/763/763 776/776/776 775/775/775 762/762/762 
f 764/764/764 777/777/777 776/776/776 763/763/763 
f 765/765/765 778/778/778 777/777/777 764/764/764 
f 766/766/766 779/779/779 778/778/778 765/765/765 
f 767/767/767 780/780/780 779/779/779 766/766/766 
f 768/768/768 781/781/781 780/780/780 767/767/767 
f 770/770/770 783/783/783 782/782/782 769/769/769 
f 771/771/771 784/784/784 783/783/783 770/770/770 
f 772/772/772 785/785/785 784/784/784 771/771/771 
f 773/773/773 786/786/786 785/785/785 772/772/772 
f 774/774/774 787/787/787 786/786/786 773/773/773 
f 775/775/775 788/788/788 787/787/787 774/774/774 
f 776/776/776 789/789/789 788/788/788 775/775/775 
f 777/777/777 790/790/790 789/789/789 776/776/776 
f 778/778/778 791/791/791 790/790/790 777/777/777 
f 779/779/779 792/792/792 791/791/791 778/778/778 
f 780/780/780 793/793/793 792/792/792 779/779/779 
f 781/781/781 794/794/794 793/793/793 780/780/780 
f 783/783/783 796/796/796 795/795/795 782/782/782 
f 784/784/784 797/797/797 796/796/796 783/783/783 
f 785/785/785 798/798/798 797/797/797 784/784/784 
f 786/786/786 799/799/799 798/798/798 785/785/785 
f 787/787/787 800/800/800 799/799/799 786/786/786 
f 788/788/788 801/801/801 800/800/800 787/787/787 
f 789/789/789 802/802/802 801/801/801 788/788/788 
f 790/790/790 803/803/803 802/802/802 789/789/789 
f 791/791/791 804/804/804 803/803/803 790/790/790 
f 792/792/792 805/805/805 804/804/804 791/791/791 
f 793/793/793 806/806/806 805/805/805 792/792/792 
f 794/794/794 807/807/807 806/806/806 793/793/793 
f 796/796/796 809/809/809 808/808/808 795/795/795 
f 797/797/797 810/810/810 809/809/809 796/796/796 
f 798/798/798 811/811/811 810/810/810 797/797/797 
f 799/799/799 812/812/812 811/811/811 798/798/798 
f 800/800/800 813/813/813 812/812/812 799/799/799 
f 801/801/801 814/814/814 813/813/813 800/800/800 
f 802/802/802 815/815/815 814/814/814 801/801/801 
f 803/803/803 816/816/816 815/815/815 802/802/802 
f 804/804/804 817/817/817 816/816/816 803/803/803 
f 805/805/805 818/818/818 817/817/817 804/804/804 
f 806/806/806 819/819/819 818/818/818 805/805/805 
f 807/807/807 820/820/820 819/819/819 806/806/806 
f 809/809/809 822/822/822 821/821/821 808/808/808 
f 810/810/810 823/823/823 822/822/822 809/809/809 
f 811/811/811 824/824/824 823/823/823 810/810/810 
f 812/812/812 825/825/825 824/824/824 811/811/811 
f 813/813/813 826/826/826 825/825/825 812/812/812 
f 814/814/814 827/827/827 826/826/826 813/813/813 
f 815/815/815 828/828/828 827/827/827 814/814/814 
f 816/816/816 829/829/829 828/828/828 815/815/815 
f 817/817/817 830/830/830 829/829/829 816/816/816 
f 818/818/818 831/831/831 830/830/830 817/817/817 
f 819/819/819 832/832/832 831/831/831 818/818/818 
f 820/820/820 833/833/833 832/832/832 819/819/819 
f 822/822/822 835/835/835 834/834/834 821/821/821 
f 823/823/823 836/836/836 835/835/835 822/822/822 
f 824/824/824 837/837/837 836/836/836 823/823/823 
f 825/825/825 838/838/838 837/837/837 824/824/824 
f 826/826/826 839/839/839 838/838/838 825/825/825 
f 827/827/827 840/840/840 839/839/839 826/826/826 
f 828/828/828 841/841/841 840/840/840 827/827/827 
f 829/829/829 842/842/842 841/841/841 828/828/828 
f 830/830/830 843/843/843 842/842/842 829/829/829 
f 831/831/831 844/844/844 843/843/843 830/830/830 
f 832/832/832 845/845/845 844/844/844 831/831/831 
f 833/833/833 846/846/846 845/845/845 832/832/832 
f 835/835/835 848/848/848 847/847/847 834/834/834 
f 836/836/836 849/849/849 848/848/848 835/835/835 
f 837/837/837 850/850/850 849/849/849 836/836/836 
f 838/838/838 851/851/851 850/850/850 837/837/837 
f 839/839/839 852/852/852 851/851/851 838/838/838 
f 840/840/840 853/853/853 852/852/852 839/839/839 
f 841/841/841 854/854/854 853/853/853 840/840/840 
f 842/842/842 855/855/855 854/854/854 841/841/841 
f 843/843/843 856/856/856 855/855/855 842/842/842 
f 844/844/844 857/857/857 856/856/856 843/843/843 
f 845/845/845 858/858/858 857/857/857 844/844/844 
f 846/846/846 859/859/859 858/858/858 845/845/845 
f 848/848/848 861/861/861 860/860/860 847/847/847 
f 849/849/849 862/862/862 861/861/861 848/848/848 
f 850/850/850 863/863/863 862/862/862 849/849/849 
f 851/851/851 864/864/864 863/863/863 850/850/850 
f 852/852/852 865/865/865 864/864/864 851/851/851 
f 853/853/853 866/866/866 865/865/865 852/852/852 
f 854/854/854 867/867/867 866/866/866 853/853/853 
f 855/855/855 868/868/868 867/867/867 854/854/854 
f 856/856/856 869/869/869 868/868/868 855/855/855 
f 857/857/857 870/870/870 869/869/869 856/856/856 
f 858/858/858 871/871/871 870/870/870 857/857/857 
f 859/859/859 872/872/872 871/871/871 858/858/858 
f 861/861/861 874/874/874 873/873/873 860/860/860 
f 862/862/862 875/875/875 874/874/874 861/861/861 
f 863/863/863 876/876/876 875/875/875 862/862/862 
f 864/864/864 877/877/877 876/876/876 863/863/863 
f 865/865/865 878/878/878 877/877/877 864/864/864 
f 866/866/866 879/879/879 878/878/878 865/865/865 
f 867/867/867 880/880/880 879/879/879 866/866/866 
f 868/868/868 881/881/881 880/880/880 867/867/867 
f 869/869/869 882/882/882 881/881/881 868/868/868 
f 870/870/870 883/883/883 882/882/882 869/869/869 
f 871/871/871 884/884/884 883/883/883 870/870/870 
f 872/872/872 885/885/885 884/884/884 871/871/871 
f 874/874/874 887/887/887 886/886/886 873/873/873 
f 875/875/875 888/888/888 887/887/887 874/874/874 
f 876/876/876 889/889/889 888/888/888 875/875/875 
f 877/877/877 890/890/890 889/889/889 876/876/876 
f 878/878/878 891/891/891 890/890/890 877/877/877 
f 879/879/879 892/892/892 891/891/891 878/878/878 
f 880/880/880 893/893/893 892/892/892 879/879/879 
f 881/881/881 894/894/894 893/893/893 880/880/880 
f 882/882/882 895/895/895 894/894/894 881/881/881 
f 883/883/883 896/896/896 895/895/895 882/882/882 
f 884/884/884 897/897/897 896/896/896 883/883/883 
f 885/885/885 898/898/898 897/897/897 884/884/884 
f 887/887/887 900/900/900 899/899/899 886/886/886 
f 888/888/888 901/901/901 900/900/900 887/887/887 
f 889/889/889 902/902/902 901/901/901 888/888/888 
f 890/890/890 903/903/903 902/902/902 889/889/889 
f 891/891/891 904/904/904 903/903/903 890/890/890 
f 892/892/892 905/905/905 904/904/904 891/891/891 
f 893/893/893 906/906/906 905/905/905 892/892/892 
f 894/894/894 907/907/907 906/906/906 893/893/893 
f 895/895/895 908/908/908 907/907/907 894/894/894 
f 896/896/896 909/909/909 908/908/908 895/895/895 
f 897/897/897 910/910/910 909/909/909 896/896/896 
f 898/898/898 911/911/911 910/910/910 897/897/897 
f 913/913/913 925/925/925 924/924/924 912/912/912 
f 914/914/914 926/926/926 925/925/925 913/913/913 
f 915/915/915 927/927/927 926/926/926 914/914/914 
f 916/916/916 928/928/928 927/927/927 915/915/915 
f 917/917/917 929/929/929 928/928/928 916/916/916 
f 918/918/918 930/930/930 929/929/929 917/917/917 
f 919/919/919 931/931/931 930/930/930 918/918/918 
f 920/920/920 932/932/932 931/931/931 919/919/919 
f 921/921/921 933/933/933 932/932/932 920/920/920 
f 922/922/922 934/934/934 933/933/933 921/921/921 
f 923/923/923 935/935/935 934/934/934 922/922/922 
f 912/912/912 924/924/924 935/935/935 923/923/923 
f 925/925/925 937/937/937 936/936/936 924/924/924 
f 926/926/926 938/938/938 937/937/937 925/925/925 
f 927/927/927 939/939/939 938/938/938 926/926/926 
f 928/928/928 940/940/940 939/939/939 927/927/927 
f 929/929/929 941/941/941 940/940/940 928/928/928 
f 930/930/930 942/942/942 941/941/941 929/929/929 
f 931/931/931 943/943/943 942/942/942 930/930/930 
f 932/932/932 944/944/944 943/943/943 931/931/931 
f 933/933/933 945/945/945 944/944/944 932/932/932 
f 934/934/934 946/946/946 945/945/945 933/933/933 
f 935/935/935 947/947/947 946/946/946 934/934/934 
f 924/924/924 936/936/936 947/947/947 935/935/935 
f 937/937/937 949/949/949 948/948/948 936/936/936 
f 938/938/938 950/950/950 949/949/949 937/937/937 
f 939/939/939 951/951/951 950/950/950 938/938/938 
f 940/940/940 952/952/952 951/951/951 939/939/939 
f 941/941/941 953/953/953 952/952/952 940/940/940 
f 942/942/942 954/954/954 953/953/953 941/941/941 
f 943/943/943 955/955/955 954/954/954 942/942/942 
f 944/944/944 956/956/956 955/955/955 943/943/943 
f 945/945/945 957/957/957 956/956/956 944/944/944 
f 946/946/946 958/958/958 957/957/957 945/945/945 
f 947/947/947 959/959/959 958/958/958 946/946/946 
f 936/936/936 948/948/948 959/959/959 947/947/947 
f 948/948/948 949/949/949 950/950/950 960/960/960 
f 950/950/950 951/951/951 952/952/952 960/960/960 
f 952/952/952 953/953/953 954/954/954 960/960/960 
f 954/954/954 955/955/955 956/956/956 960/960/960 
f 956/956/956 957/957/957 958/958/958 960/960/960 
f 958/958/958 959/959/959 948/948/948 960/960/960 

g s.0090
usemap Standard_FF301B
usemtl Standard_FF301B
v 0.9047322 -0.941838 1.208333
v 0.9047359 -0.9419001 1.208451
v 0.904781 -0.9419338 1.208411
v 0.904816 -0.9419397 1.208353
v 0.9048316 -0.9419161 1.20829
v 0.9048237 -0.9418694 1.208241
v 0.9047943 -0.941812 1.208218
v 0.9047512 -0.9417594 1.208227
v 0.9047061 -0.9417256 1.208266
v 0.9046711 -0.9417198 1.208324
v 0.9046555 -0.9417434 1.208387
v 0.9046634 -0.9417901 1.208436
v 0.9046928 -0.9418474 1.20846
v 0.904806 -0.9419625 1.208691
v 0.9049301 -0.9420553 1.208583
v 0.9050265 -0.9420715 1.208422
v 0.9050695 -0.9420066 1.20825
v 0.9050476 -0.941878 1.208114
v 0.9049666 -0.9417202 1.208049
v 0.9048482 -0.9415755 1.208074
v 0.9047242 -0.9414826 1.208182
v 0.9046277 -0.9414665 1.208343
v 0.9045847 -0.9415314 1.208515
v 0.9046066 -0.9416599 1.208651
v 0.9046876 -0.9418177 1.208716
v 0.9049481 -0.9419385 1.208907
v 0.9051273 -0.9420727 1.208752
v 0.9052668 -0.9420961 1.208519
v 0.905329 -0.9420023 1.20827
v 0.9052973 -0.9418164 1.208073
v 0.9051802 -0.9415883 1.207981
v 0.9050091 -0.9413791 1.208017
v 0.9048298 -0.9412449 1.208172
v 0.9046904 -0.9412215 1.208405
v 0.9046282 -0.9413154 1.208654
v 0.9046599 -0.9415012 1.208851
v 0.904777 -0.9417293 1.208943
v 0.9051336 -0.9418319 1.209056
v 0.9053326 -0.941981 1.208883
v 0.9054874 -0.9420068 1.208624
v 0.9055564 -0.9419027 1.208348
v 0.9055213 -0.9416964 1.20813
v 0.9053913 -0.9414432 1.208027
v 0.9052014 -0.941211 1.208067
v 0.9050024 -0.941062 1.208239
v 0.9048476 -0.9410361 1.208498
v 0.9047785 -0.9411402 1.208774
v 0.9048137 -0.9413465 1.208993
v 0.9049437 -0.9415997 1.209096
v 0.9053513 -0.9416736 1.20917
v 0.9055503 -0.9418227 1.208997
v 0.905705 -0.9418486 1.208738
v 0.9057741 -0.9417444 1.208463
v 0.9057389 -0.9415382 1.208244
v 0.905609 -0.941285 1.208141
v 0.905419 -0.9410528 1.208181
v 0.90522 -0.9409037 1.208354
v 0.9050652 -0.9408779 1.208613
v 0.9049962 -0.940982 1.208888
v 0.9050314 -0.9411883 1.209107
v 0.9051613 -0.9414415 1.20921
v 0.9053513 -0.9416736 1.20917
v 0.9228188 -0.9307007 1.22362
v 0.924704 -0.931886 1.222171
v 0.9262139 -0.9319716 1.219987
v 0.9269437 -0.9309347 1.217653
v 0.926698 -0.9290531 1.215794
v 0.9255426 -0.926831 1.214908
v 0.9237871 -0.9248638 1.215233
v 0.9219018 -0.9236786 1.216681
v 0.920392 -0.9235929 1.218866
v 0.9196621 -0.9246298 1.2212
v 0.9199078 -0.9265114 1.223059
v 0.9210632 -0.9287335 1.223945
v 0.9228188 -0.9307007 1.22362
v 0.9431073 -0.9165751 1.241816
v 0.9467376 -0.918635 1.239228
v 0.9496861 -0.9186448 1.235301
v 0.9511629 -0.9166021 1.231086
v 0.9507721 -0.9130541 1.227714
v 0.9486186 -0.9089515 1.226087
v 0.9452793 -0.9053936 1.226641
v 0.941649 -0.9033338 1.229228
v 0.9387004 -0.9033239 1.233156
v 0.9372237 -0.9053667 1.23737
v 0.9376144 -0.9089147 1.240743
v 0.939768 -0.9130173 1.24237
v 0.9431073 -0.9165751 1.241816
v 0.9913092 -0.8796527 1.287968
v 0.9983339 -0.8832204 1.283373
v 1.00411 -0.8829567 1.27632
v 1.007089 -0.8789321 1.268697
v 1.006473 -0.8722251 1.262547
v 1.002427 -0.8646328 1.259518
v 0.9960361 -0.8581895 1.260422
v 0.9890114 -0.8546218 1.265017
v 0.9832357 -0.8548856 1.27207
v 0.9802566 -0.8589101 1.279693
v 0.9808723 -0.8656172 1.285843
v 0.9849179 -0.8732095 1.288872
v 0.9913092 -0.8796527 1.287968
v 1.110305 -0.7785708 1.407554
v 1.123255 -0.7846952 1.399689
v 1.133963 -0.78399 1.387365
v 1.139561 -0.7766441 1.373883
v 1.138549 -0.7646259 1.362857
v 1.131197 -0.7511556 1.357239
v 1.119475 -0.7398426 1.358537
v 1.106526 -0.7337182 1.366401
v 1.095817 -0.7344234 1.378725
v 1.090219 -0.7417693 1.392207
v 1.091232 -0.7537875 1.403234
v 1.098584 -0.7672578 1.408851
v 1.110305 -0.7785708 1.407554
v 1.243354 -0.6560848 1.540347
v 1.260824 -0.6645971 1.530115
v 1.275268 -0.6641475 1.513576
v 1.282815 -0.6548563 1.495161
v 1.281444 -0.6392133 1.479806
v 1.271521 -0.62141 1.471624
v 1.255705 -0.6062165 1.472808
v 1.238235 -0.5977042 1.48304
v 1.223791 -0.5981539 1.499579
v 1.216243 -0.607445 1.517993
v 1.217615 -0.623088 1.533349
v 1.227538 -0.6408914 1.541531
v 1.243354 -0.6560848 1.540347
v 1.309104 -0.5923232 1.602995
v 1.328255 -0.6021125 1.591963
v 1.344065 -0.6022686 1.573678
v 1.352297 -0.5927495 1.55304
v 1.350746 -0.5761058 1.535579
v 1.339827 -0.5567973 1.525973
v 1.322466 -0.5399976 1.526797
v 1.303315 -0.5302083 1.537829
v 1.287505 -0.5300523 1.556114
v 1.279273 -0.5395714 1.576752
v 1.280824 -0.556215 1.594213
v 1.291743 -0.5755235 1.603819
v 1.309104 -0.5923232 1.602995
v 1.371239 -0.5296073 1.658572
v 1.391643 -0.5408295 1.647051
v 1.408413 -0.5420986 1.627248
v 1.417055 -0.5330744 1.604469
v 1.415254 -0.516175 1.584818
v 1.403492 -0.4959286 1.573561
v 1.384922 -0.4777602 1.573713
v 1.364518 -0.466538 1.585234
v 1.347748 -0.4652689 1.605036
v 1.339105 -0.4742931 1.627815
v 1.340907 -0.4911925 1.647466
v 1.352668 -0.5114389 1.658724
v 1.371239 -0.5296073 1.658572
v 1.428535 -0.4684981 1.704356
v 1.449756 -0.4813041 1.692824
v 1.466991 -0.4843748 1.671829
v 1.475623 -0.4768871 1.646995
v 1.473337 -0.4608476 1.624976
v 1.460747 -0.4405539 1.611673
v 1.441227 -0.4214438 1.61065
v 1.420006 -0.4086377 1.622182
v 1.40277 -0.4055671 1.643177
v 1.394139 -0.4130547 1.668011
v 1.396424 -0.4290942 1.69003
v 1.409014 -0.4493879 1.703333
v 1.428535 -0.4684981 1.704356
v 1.483016 -0.4053615 1.739758
v 1.504598 -0.4195889 1.729023
v 1.521805 -0.4250326 1.707628
v 1.530025 -0.4202338 1.681306
v 1.527058 -0.4064785 1.65711
v 1.513697 -0.3874522 1.641524
v 1.493522 -0.3682532 1.638723
v 1.47194 -0.3540258 1.649458
v 1.454733 -0.3485821 1.670853
v 1.446512 -0.3533809 1.697175
v 1.44948 -0.3671362 1.721371
v 1.462841 -0.3861624 1.736958
v 1.483016 -0.4053615 1.739758
v 1.53697 -0.3366154 1.764298
v 1.558383 -0.3516015 1.755305
v 1.575201 -0.3594229 1.734812
v 1.582916 -0.3579838 1.708309
v 1.579463 -0.3476698 1.682899
v 1.565766 -0.3312446 1.66539
v 1.545495 -0.3131093 1.660473
v 1.524081 -0.2981232 1.669466
v 1.507264 -0.2903018 1.689959
v 1.499548 -0.2917409 1.716462
v 1.503002 -0.3020549 1.741872
v 1.516699 -0.3184801 1.759381
v 1.53697 -0.3366154 1.764298
v 1.592599 -0.2596278 1.777763
v 1.613076 -0.2742509 1.771277
v 1.629182 -0.2836637 1.753186
v 1.636599 -0.2853439 1.728339
v 1.633341 -0.2788413 1.703392
v 1.62028 -0.2658981 1.68503
v 1.600917 -0.2499827 1.678174
v 1.58044 -0.2353595 1.68466
v 1.564334 -0.2259467 1.702751
v 1.556917 -0.2242666 1.727598
v 1.560175 -0.2307692 1.752545
v 1.573236 -0.2437124 1.770907
v 1.592599 -0.2596278 1.777763
v 1.65281 -0.1716576 1.780629
v 1.67114 -0.1845943 1.777011
v 1.685905 -0.1942383 1.762678
v 1.693147 -0.1980052 1.741469
v 1.690928 -0.194886 1.719069
v 1.67984 -0.1857162 1.701479
v 1.662856 -0.172953 1.693412
v 1.644526 -0.1600162 1.697029
v 1.629762 -0.1503723 1.711363
v 1.622519 -0.1466053 1.732571
v 1.624739 -0.1497246 1.754972
v 1.635826 -0.1588944 1.772562
v 1.65281 -0.1716576 1.780629
v 1.721522 -0.06931508 1.773764
v 1.735983 -0.07922912 1.77281
v 1.748156 -0.08748257 1.763218
v 1.754779 -0.09186399 1.747558
v 1.754079 -0.09119934 1.730026
v 1.746242 -0.08566666 1.715319
v 1.733368 -0.07674855 1.707379
v 1.718908 -0.06683451 1.708333
v 1.706735 -0.05858105 1.717925
v 1.700111 -0.0541997 1.733585
v 1.700812 -0.05486435 1.751117
v 1.708649 -0.06039697 1.765823
v 1.721522 -0.06931508 1.773764
v 1.80349 0.05112165 1.758279
v 1.811963 0.04550993 1.758948
v 1.81953 0.04039019 1.754447
v 1.824163 0.03713423 1.745982
v 1.824621 0.03661442 1.73582
v 1.820781 0.03897011 1.726686
v 1.813672 0.04357004 1.721026
v 1.805199 0.0491817 1.720357
v 1.797632 0.05430144 1.724859
v 1.792999 0.05755746 1.733324
v 1.792541 0.05807728 1.743485
v 1.796381 0.05572152 1.752619
v 1.80349 0.05112165 1.758279
v 1.85109 0.1192759 1.747786
v 1.855723 0.1162595 1.748517
v 1.860002 0.1133884 1.746386
v 1.862781 0.1114321 1.741965
v 1.863315 0.1109146 1.736439
v 1.861462 0.1119746 1.731288
v 1.857717 0.1143283 1.727892
v 1.853085 0.1173447 1.727162
v 1.848805 0.1202157 1.729293
v 1.846026 0.1221721 1.733713
v 1.845492 0.1226896 1.739239
v 1.847346 0.1216295 1.74439
v 1.85109 0.1192759 1.747786
v 1.904176 0.1935587 1.735809
v 1.904426 0.1933987 1.735869
v 1.904665 0.19324 1.735773
v 1.90483 0.193125 1.735547
v 1.904876 0.1930847 1.73525
v 1.90479 0.1931298 1.734963
v 1.904597 0.1932482 1.734763
v 1.904347 0.1934083 1.734703
v 1.904108 0.193567 1.734799
v 1.903944 0.193682 1.735025
v 1.903898 0.1937222 1.735322
v 1.903983 0.1936772 1.735609
v 1.904176 0.1935587 1.735809
v 1.904426 0.1933987 1.735869
v 1.904665 0.19324 1.735773
v 1.90483 0.193125 1.735547
v 1.904876 0.1930847 1.73525
v 1.90479 0.1931298 1.734963
v 1.904597 0.1932482 1.734763
v 1.904347 0.1934083 1.734703
v 1.904108 0.193567 1.734799
v 1.903944 0.193682 1.735025
v 1.903898 0.1937222 1.735322
v 1.903983 0.1936772 1.735609
v 1.904176 0.1935587 1.735809
v 1.904561 0.193612 1.735804
v 1.904776 0.1934689 1.735718
v 1.904924 0.1933653 1.735513
v 1.904965 0.1933291 1.735246
v 1.904889 0.1933696 1.734988
v 1.904714 0.1934763 1.734807
v 1.904489 0.1936206 1.734753
v 1.904274 0.1937636 1.734839
v 1.904126 0.1938671 1.735044
v 1.904084 0.1939034 1.735311
v 1.904161 0.1938628 1.735569
v 1.904335 0.1937561 1.73575
v 1.90466 0.1937839 1.735636
v 1.904809 0.1936849 1.735576
v 1.904912 0.1936132 1.735435
v 1.90494 0.1935881 1.73525
v 1.904887 0.1936162 1.735071
v 1.904767 0.1936901 1.734946
v 1.904611 0.1937898 1.734909
v 1.904462 0.1938888 1.734969
v 1.904359 0.1939603 1.73511
v 1.904331 0.1939855 1.735295
v 1.904384 0.1939573 1.735473
v 1.904505 0.1938835 1.735598
v 1.904706 0.1938798 1.735401
v 1.90476 0.1938438 1.735379
v 1.904797 0.1938179 1.735328
v 1.904808 0.1938087 1.735261
v 1.904788 0.1938189 1.735196
v 1.904744 0.1938457 1.735151
v 1.904688 0.193882 1.735137
v 1.904634 0.193918 1.735159
v 1.904596 0.193944 1.73521
v 1.904586 0.1939532 1.735277
v 1.904605 0.1939429 1.735342
v 1.904649 0.1939161 1.735388
v 1.904705 0.1938937 1.735269

vn -0.744419 -0.5412893 -0.3909555
vn -0.7461279 -0.5989999 -0.2906754
vn -0.7068099 -0.6284419 -0.3247777
vn -0.6762338 -0.6335604 -0.3759109
vn -0.6625926 -0.6129838 -0.430374
vn -0.6695413 -0.5722258 -0.4735736
vn -0.6952181 -0.5222074 -0.4939343
vn -0.7327428 -0.4763309 -0.4860008
vn -0.7720609 -0.446889 -0.4518985
vn -0.8026369 -0.4417706 -0.4007653
vn -0.8162782 -0.4623471 -0.3463021
vn -0.8093295 -0.503105 -0.3031025
vn -0.7836527 -0.5531235 -0.2827417
vn -0.7129765 -0.6993886 -0.05020142
vn -0.586975 -0.7937405 -0.1594882
vn -0.4889887 -0.8101434 -0.3233536
vn -0.445273 -0.7442024 -0.4978902
vn -0.4675413 -0.6135863 -0.6363308
vn -0.549827 -0.4532934 -0.7015806
vn -0.6700817 -0.3062742 -0.6761557
vn -0.7960832 -0.2119224 -0.566869
vn -0.8940696 -0.1955194 -0.4030034
vn -0.9377853 -0.2614603 -0.228467
vn -0.9155169 -0.3920765 -0.09002631
vn -0.8332312 -0.5523695 -0.02477664
vn -0.558221 -0.7579175 0.3375655
vn -0.3131154 -0.9414565 0.1249742
vn -0.1225065 -0.9733647 -0.1937868
vn -0.0374679 -0.8450922 -0.5333059
vn -0.08078573 -0.5910097 -0.8026089
vn -0.2408528 -0.2791984 -0.9295365
vn -0.4747795 0.006792217 -0.8800786
vn -0.7198853 0.1903311 -0.6674872
vn -0.9104942 0.2222393 -0.3487264
vn -0.9955327 0.09396691 -0.009207487
vn -0.9522149 -0.1601157 0.2600957
vn -0.7921475 -0.4719271 0.3870234
vn -0.05793432 -0.5309459 0.845423
vn 0.2824245 -0.785812 0.5502145
vn 0.5471081 -0.8301205 0.1075761
vn 0.6651946 -0.6519988 -0.3638871
vn 0.6050425 -0.2991743 -0.7378471
vn 0.3827697 0.1338134 -0.9141014
vn 0.05793433 0.530946 -0.845423
vn -0.2824246 0.7858121 -0.5502142
vn -0.5471081 0.8301205 -0.1075761
vn -0.6651945 0.6519988 0.3638871
vn -0.6050425 0.2991745 0.7378471
vn -0.3827695 -0.1338137 0.9141014
vn -0.05793432 -0.5309459 0.845423
vn 0.2824245 -0.785812 0.5502145
vn 0.5471081 -0.8301205 0.1075761
vn 0.6651946 -0.6519988 -0.3638871
vn 0.6050425 -0.2991743 -0.7378471
vn 0.3827697 0.1338134 -0.9141014
vn 0.05793433 0.530946 -0.845423
vn -0.2824246 0.7858121 -0.5502142
vn -0.5471081 0.8301205 -0.1075761
vn -0.6651945 0.6519988 0.3638871
vn -0.6050425 0.2991745 0.7378471
vn -0.3827695 -0.1338137 0.9141014
vn -0.05793432 -0.5309459 0.845423
vn -0.09433649 -0.5686688 0.8171391
vn 0.2730077 -0.79961 0.5348745
vn 0.5671999 -0.8162963 0.1092905
vn 0.7094114 -0.6142568 -0.345578
vn 0.6615365 -0.2476273 -0.707849
vn 0.4364034 0.1853534 -0.8804522
vn 0.09433649 0.5686688 -0.8171391
vn -0.2730078 0.79961 -0.5348744
vn -0.5671999 0.8162963 -0.1092905
vn -0.7094114 0.6142568 0.345578
vn -0.6615365 0.2476274 0.7078489
vn -0.4364032 -0.1853537 0.8804523
vn -0.09433649 -0.5686688 0.8171391
vn -0.1144719 -0.5893026 0.7997616
vn 0.2681832 -0.8064228 0.5270295
vn 0.5789792 -0.8074626 0.1130803
vn 0.7346382 -0.5921435 -0.331169
vn 0.6934512 -0.2181597 -0.6866817
vn 0.4664546 0.2142795 -0.8581984
vn 0.1144719 0.5893027 -0.7997616
vn -0.2681834 0.8064228 -0.5270294
vn -0.5789793 0.8074626 -0.1130802
vn -0.7346382 0.5921435 0.331169
vn -0.6934512 0.2181599 0.6866816
vn -0.4664544 -0.2142798 0.8581984
vn -0.1144719 -0.5893026 0.7997616
vn -0.1341372 -0.6090817 0.781682
vn 0.264553 -0.8115708 0.5209267
vn 0.5923566 -0.7966002 0.1205894
vn 0.7614387 -0.568181 -0.3120598
vn 0.7264937 -0.1875181 -0.6610928
vn 0.4968854 0.2433899 -0.8329863
vn 0.1341371 0.6090818 -0.7816819
vn -0.2645531 0.8115708 -0.5209265
vn -0.5923566 0.7966002 -0.1205894
vn -0.7614387 0.5681811 0.3120598
vn -0.7264938 0.1875183 0.6610928
vn -0.4968852 -0.2433901 0.8329864
vn -0.1341372 -0.6090817 0.781682
vn -0.145238 -0.6133741 0.7763234
vn 0.2649556 -0.8073693 0.5272128
vn 0.6041547 -0.7850306 0.1368358
vn 0.7814711 -0.5523434 -0.2902063
vn 0.7493927 -0.1716561 -0.6394879
vn 0.5165151 0.2550261 -0.817419
vn 0.1452378 0.6133742 -0.7763234
vn -0.2649557 0.8073693 -0.5272127
vn -0.6041548 0.7850306 -0.1368358
vn -0.781471 0.5523435 0.2902063
vn -0.7493926 0.1716563 0.6394879
vn -0.5165149 -0.2550263 0.817419
vn -0.145238 -0.6133741 0.7763234
vn -0.1455523 -0.5876628 0.7959064
vn 0.2662006 -0.7882861 0.5547451
vn 0.6066254 -0.777689 0.1649402
vn 0.7845055 -0.5587106 -0.2690604
vn 0.7521777 -0.190026 -0.6309665
vn 0.5183046 0.2295757 -0.8238054
vn 0.1455522 0.5876628 -0.7959064
vn -0.2662008 0.7882862 -0.554745
vn -0.6066255 0.777689 -0.1649402
vn -0.7845055 0.5587106 0.2690605
vn -0.7521778 0.1900261 0.6309664
vn -0.5183045 -0.229576 0.8238054
vn -0.1455523 -0.5876628 0.7959064
vn -0.143071 -0.5602583 0.8158684
vn 0.2670377 -0.7698913 0.579619
vn 0.6055944 -0.7732325 0.1880613
vn 0.7818823 -0.5693867 -0.2538876
vn 0.7486654 -0.2129739 -0.6278074
vn 0.5148443 0.2005048 -0.8335066
vn 0.143071 0.5602584 -0.8158684
vn -0.267038 0.7698913 -0.5796189
vn -0.6055943 0.7732325 -0.1880612
vn -0.7818822 0.5693867 0.2538876
vn -0.7486654 0.212974 0.6278074
vn -0.514844 -0.2005051 0.8335067
vn -0.143071 -0.5602583 0.8158684
vn -0.1363039 -0.5165018 0.845368
vn 0.2702248 -0.7400934 0.6158248
vn 0.6043474 -0.7653776 0.2212717
vn 0.7765355 -0.5855796 -0.2325711
vn 0.7406513 -0.2488756 -0.6240966
vn 0.5063102 0.1545142 -0.8483957
vn 0.1363039 0.516502 -0.845368
vn -0.270225 0.7400935 -0.6158246
vn -0.6043474 0.7653778 -0.2212717
vn -0.7765355 0.5855795 0.232571
vn -0.7406514 0.2488757 0.6240965
vn -0.5063101 -0.1545144 0.8483958
vn -0.1363039 -0.5165018 0.845368
vn -0.1201661 -0.4454998 0.887181
vn 0.2816676 -0.6879897 0.6688299
vn 0.6080289 -0.7461336 0.2712662
vn 0.7714695 -0.6043513 -0.198983
vn 0.7281953 -0.3006335 -0.6159149
vn 0.4898016 0.08363862 -0.8678128
vn 0.1201661 0.4454998 -0.887181
vn -0.2816678 0.6879899 -0.6688298
vn -0.6080291 0.7461335 -0.2712663
vn -0.7714695 0.6043513 0.198983
vn -0.7281952 0.3006336 0.6159148
vn -0.4898014 -0.08363888 0.8678128
vn -0.1201661 -0.4454998 0.887181
vn -0.09715074 -0.3431303 0.9342501
vn 0.301977 -0.6062455 0.7357149
vn 0.6201906 -0.7069179 0.3400451
vn 0.7722245 -0.6181722 -0.1467396
vn 0.7173412 -0.3637875 -0.5942054
vn 0.4702472 -0.01192647 -0.8824542
vn 0.09715075 0.3431303 -0.9342502
vn -0.3019772 0.6062456 -0.7357146
vn -0.6201906 0.706918 -0.340045
vn -0.7722245 0.6181722 0.1467395
vn -0.7173414 0.3637877 0.5942053
vn -0.4702469 0.01192621 0.8824543
vn -0.09715074 -0.3431303 0.9342501
vn -0.07982261 -0.2201082 0.972204
vn 0.3211955 -0.5007645 0.8037837
vn 0.6361499 -0.6472416 0.41999
vn 0.7806482 -0.6202906 -0.07633974
vn 0.7159724 -0.4271331 -0.5522144
vn 0.4594524 -0.1195259 -0.8801233
vn 0.07982261 0.2201083 -0.972204
vn -0.3211958 0.5007647 -0.8037835
vn -0.6361499 0.6472416 -0.4199899
vn -0.7806483 0.6202906 0.07633972
vn -0.7159725 0.4271333 0.5522141
vn -0.4594522 0.1195256 0.8801235
vn -0.07982261 -0.2201082 0.972204
vn -0.08285173 -0.09606604 0.9919208
vn 0.3250695 -0.3873653 0.8627155
vn 0.6458888 -0.5748703 0.5023462
vn 0.7936427 -0.6083395 0.007373393
vn 0.7287405 -0.4788043 -0.4895751
vn 0.4685728 -0.220974 -0.855342
vn 0.08285173 0.0960661 -0.9919208
vn -0.3250697 0.3873653 -0.8627154
vn -0.6458888 0.5748703 -0.5023462
vn -0.7936427 0.6083394 -0.007373452
vn -0.7287405 0.4788043 0.489575
vn -0.4685726 0.2209738 0.8553421
vn -0.08285173 -0.09606604 0.9919208
vn -0.1144102 0.01475333 0.993324
vn 0.3031116 -0.2799216 0.9109156
vn 0.6394151 -0.499592 0.5844281
vn 0.8043879 -0.5853971 0.1013433
vn 0.7538254 -0.5143453 -0.4088964
vn 0.5012759 -0.3054752 -0.8095723
vn 0.1144101 -0.01475333 -0.993324
vn -0.3031117 0.2799217 -0.9109156
vn -0.6394151 0.499592 -0.584428
vn -0.8043879 0.5853971 -0.1013433
vn -0.7538253 0.5143454 0.4088962
vn -0.5012757 0.305475 0.8095725
vn -0.1144102 0.01475333 0.993324
vn -0.1746152 0.1095706 0.9785212
vn 0.2516903 -0.1827001 0.9504066
vn 0.6105558 -0.4260167 0.6676312
vn 0.8058233 -0.5551824 0.2059644
vn 0.7851709 -0.5355873 -0.3108904
vn 0.5541327 -0.372482 -0.7444421
vn 0.1746151 -0.1095706 -0.9785212
vn -0.2516904 0.1827003 -0.9504064
vn -0.6105558 0.4260167 -0.6676311
vn -0.8058233 0.5551823 -0.2059644
vn -0.7851709 0.5355874 0.3108903
vn -0.5541325 0.3724819 0.7444424
vn -0.1746152 0.1095706 0.9785212
vn -0.2587523 0.1919032 0.9466892
vn 0.1718832 -0.09330893 0.9806883
vn 0.5564632 -0.3535189 0.751913
vn 0.7919393 -0.5190042 0.3216628
vn 0.8152156 -0.5454224 -0.1947767
vn 0.6200556 -0.425695 -0.6590255
vn 0.2587522 -0.1919032 -0.9466892
vn -0.1718834 0.09330899 -0.9806883
vn -0.5564632 0.3535191 -0.7519129
vn -0.7919393 0.5190041 -0.3216629
vn -0.8152157 0.5454224 0.1947765
vn -0.6200554 0.4256949 0.6590259
vn -0.2587523 0.1919032 0.9466892
vn -0.307585 0.2296532 0.9233909
vn 0.1224595 -0.0503708 0.9911944
vn 0.5196913 -0.316898 0.7934081
vn 0.7776724 -0.4985126 0.3830285
vn 0.8272765 -0.5465511 -0.1299833
vn 0.6552125 -0.4481416 -0.6081657
vn 0.3075849 -0.2296531 -0.923391
vn -0.1224597 0.05037086 -0.9911944
vn -0.5196914 0.316898 -0.7934081
vn -0.7776724 0.4985125 -0.3830286
vn -0.8272765 0.5465511 0.1299831
vn -0.6552123 0.4481416 0.6081661
vn -0.307585 0.2296532 0.9233909
vn -0.3594816 0.2655363 0.8945744
vn 0.06761536 -0.008154746 0.9976781
vn 0.4765951 -0.2796609 0.8334548
vn 0.7578715 -0.4762322 0.4459077
vn 0.8360767 -0.5451973 -0.06112012
vn 0.6902558 -0.4680772 -0.5517705
vn 0.3594816 -0.2655363 -0.8945745
vn -0.06761565 0.008154805 -0.9976781
vn -0.4765951 0.2796609 -0.8334548
vn -0.7578715 0.4762321 -0.4459077
vn -0.8360767 0.5451973 0.06111992
vn -0.6902556 0.4680771 0.5517708
vn -0.3594816 0.2655363 0.8945744
vn 0.06761536 -0.008154746 0.9976781
vn 0.4765951 -0.2796609 0.8334548
vn 0.7578715 -0.4762322 0.4459077
vn 0.8360767 -0.5451973 -0.06112012
vn 0.6902558 -0.4680772 -0.5517705
vn 0.3594816 -0.2655363 -0.8945745
vn -0.06761565 0.008154805 -0.9976781
vn -0.4765951 0.2796609 -0.8334548
vn -0.7578715 0.4762321 -0.4459077
vn -0.8360767 0.5451973 0.06111992
vn -0.6902556 0.4680771 0.5517708
vn -0.3594816 0.2655363 0.8945744
vn 0.4264342 0.575743 0.6976202
vn 0.7209563 0.3802209 0.5793566
vn 0.9235144 0.2386623 0.3002689
vn 0.9798331 0.1889978 -0.0648616
vn 0.8748217 0.2445348 -0.418198
vn 0.6366183 0.3903924 -0.6650646
vn 0.329049 0.5874881 -0.7393135
vn 0.03452718 0.7830102 -0.6210498
vn -0.1680309 0.9245688 -0.3419621
vn -0.2243495 0.9742333 0.02316821
vn -0.1193383 0.918696 0.376505
vn 0.118865 0.7728385 0.6233713
vn 0.5307801 0.7756914 0.3414313
vn 0.6821851 0.6751794 0.2806354
vn 0.7863142 0.6024083 0.1371647
vn 0.8152659 0.5768773 -0.05053783
vn 0.7612828 0.6054273 -0.2321774
vn 0.6388295 0.6804083 -0.3590843
vn 0.4807173 0.7817293 -0.3972533
vn 0.3293124 0.8822413 -0.3364574
vn 0.2251835 0.9550123 -0.1929868
vn 0.1962318 0.9805433 -0.005284309
vn 0.2502149 0.9519933 0.1763555
vn 0.372668 0.8770123 0.3032621
vn 0.5485959 0.8317141 0.0854063
vn 0.5958409 0.8003499 0.06643546
vn 0.6283337 0.7776421 0.02166629
vn 0.6373679 0.7696754 -0.03690517
vn 0.6205229 0.7785841 -0.09358478
vn 0.5823121 0.8019815 -0.1331852
vn 0.5329741 0.8335981 -0.1450956
vn 0.4857291 0.8649623 -0.1261247
vn 0.4532363 0.8876701 -0.08135557
vn 0.444202 0.8956369 -0.02278411
vn 0.4610471 0.886728 0.03389555
vn 0.4992579 0.8633307 0.07349598
vn 0.5444298 0.8382682 -0.03004575

vt 0 -0.00125
vt 0.9815734 -0.001185
vt 0.9840243 -0.001185
vt 0.9907557 -0.001185
vt 0 -0.001185
vt 0.009244293 -0.001185
vt 0.01597574 -0.001185
vt 0.0184266 -0.001185
vt 0.01597574 -0.001185
vt 0.009244293 -0.001185
vt 1 -0.001185
vt 0.9907557 -0.001185
vt 0.9840243 -0.001185
vt 0.9396443 -0.0007050002
vt 0.9471089 -0.0007050002
vt 0.9686971 -0.0007050002
vt 0 -0.0007050002
vt 0.0313029 -0.0007050002
vt 0.05289117 -0.0007050002
vt 0.06035572 -0.0007050002
vt 0.05289117 -0.0007050002
vt 0.0313029 -0.0007050002
vt 1 -0.0007050002
vt 0.9686971 -0.0007050002
vt 0.9471089 -0.0007050002
vt 0.8720391 0.0001650001
vt 0.8834689 0.0001650001
vt 0.9238126 0.0001650001
vt 2.980232E-08 0.0001650001
vt 0.07618743 0.0001650001
vt 0.1165311 0.0001650001
vt 0.1279609 0.0001650001
vt 0.1165311 0.0001650001
vt 0.07618737 0.0001650001
vt 1 0.0001650001
vt 0.9238126 0.0001650001
vt 0.8834688 0.0001650001
vt 0.75 0.00125
vt 0.75 0.00125
vt 0.75 0.00125
vt 0.25 0.00125
vt 0.25 0.00125
vt 0.25 0.00125
vt 0.25 0.00125
vt 0.25 0.00125
vt 0.25 0.00125
vt 0.75 0.00125
vt 0.75 0.00125
vt 0.75 0.00125
vt 0 0.002500001
vt 0.08333334 0.002500001
vt 0.1666667 0.002500001
vt 0.25 0.002500001
vt 0.3333333 0.002500001
vt 0.4166667 0.002500001
vt 0.5 0.002500001
vt 0.5833333 0.002500001
vt 0.6666667 0.002500001
vt 0.75 0.002500001
vt 0.8333333 0.002500001
vt 0.9166667 0.002500001
vt 1 0.002500001
vt 0 0.1090545
vt 0.08333334 0.1090545
vt 0.1666667 0.1090545
vt 0.25 0.1090545
vt 0.3333333 0.1090545
vt 0.4166667 0.1090545
vt 0.5 0.1090545
vt 0.5833333 0.1090545
vt 0.6666667 0.1090545
vt 0.75 0.1090545
vt 0.8333333 0.1090545
vt 0.9166667 0.1090545
vt 1 0.1090545
vt 0 0.2399811
vt 0.08333334 0.2399811
vt 0.1666667 0.2399811
vt 0.25 0.2399811
vt 0.3333333 0.2399811
vt 0.4166667 0.2399811
vt 0.5 0.2399811
vt 0.5833333 0.2399811
vt 0.6666667 0.2399811
vt 0.75 0.2399811
vt 0.8333333 0.2399811
vt 0.9166667 0.2399811
vt 1 0.2399811
vt 0 0.5660211
vt 0.08333334 0.5660211
vt 0.1666667 0.5660211
vt 0.25 0.5660211
vt 0.3333333 0.5660211
vt 0.4166667 0.5660211
vt 0.5 0.5660211
vt 0.5833333 0.5660211
vt 0.6666667 0.5660211
vt 0.75 0.5660211
vt 0.8333333 0.5660211
vt 0.9166667 0.5660211
vt 1 0.5660211
vt 0 1.405827
vt 0.08333334 1.405827
vt 0.1666667 1.405827
vt 0.25 1.405827
vt 0.3333333 1.405827
vt 0.4166667 1.405827
vt 0.5 1.405827
vt 0.5833333 1.405827
vt 0.6666667 1.405827
vt 0.75 1.405827
vt 0.8333333 1.405827
vt 0.9166667 1.405827
vt 1 1.405827
vt 0 2.359843
vt 0.08333334 2.359843
vt 0.1666667 2.359843
vt 0.25 2.359843
vt 0.3333333 2.359843
vt 0.4166667 2.359843
vt 0.5 2.359843
vt 0.5833333 2.359843
vt 0.6666667 2.359843
vt 0.75 2.359843
vt 0.8333333 2.359843
vt 0.9166667 2.359843
vt 1 2.359843
vt 0 2.828503
vt 0.08333334 2.828503
vt 0.1666667 2.828503
vt 0.25 2.828503
vt 0.3333333 2.828503
vt 0.4166667 2.828503
vt 0.5 2.828503
vt 0.5833333 2.828503
vt 0.6666667 2.828503
vt 0.75 2.828503
vt 0.8333333 2.828503
vt 0.9166667 2.828503
vt 1 2.828503
vt 0 3.264748
vt 0.08333334 3.264748
vt 0.1666667 3.264748
vt 0.25 3.264748
vt 0.3333333 3.264748
vt 0.4166667 3.264748
vt 0.5 3.264748
vt 0.5833333 3.264748
vt 0.6666667 3.264748
vt 0.75 3.264748
vt 0.8333333 3.264748
vt 0.9166667 3.264748
vt 1 3.264748
vt 0 3.656248
vt 0.08333334 3.656248
vt 0.1666667 3.656248
vt 0.25 3.656248
vt 0.3333333 3.656248
vt 0.4166667 3.656248
vt 0.5 3.656248
vt 0.5833333 3.656248
vt 0.6666667 3.656248
vt 0.75 3.656248
vt 0.8333333 3.656248
vt 0.9166667 3.656248
vt 1 3.656248
vt 0 4.02007
vt 0.08333334 4.02007
vt 0.1666667 4.02007
vt 0.25 4.02007
vt 0.3333333 4.02007
vt 0.4166667 4.02007
vt 0.5 4.02007
vt 0.5833333 4.02007
vt 0.6666667 4.02007
vt 0.75 4.02007
vt 0.8333333 4.02007
vt 0.9166667 4.02007
vt 1 4.02007
vt 0 4.382315
vt 0.08333334 4.382315
vt 0.1666667 4.382315
vt 0.25 4.382315
vt 0.3333333 4.382315
vt 0.4166667 4.382315
vt 0.5 4.382315
vt 0.5833333 4.382315
vt 0.6666667 4.382315
vt 0.75 4.382315
vt 0.8333333 4.382315
vt 0.9166667 4.382315
vt 1 4.382315
vt 0 4.770291
vt 0.08333334 4.770291
vt 0.1666667 4.770291
vt 0.25 4.770291
vt 0.3333333 4.770291
vt 0.4166667 4.770291
vt 0.5 4.770291
vt 0.5833333 4.770291
vt 0.6666667 4.770291
vt 0.75 4.770291
vt 0.8333333 4.770291
vt 0.9166667 4.770291
vt 1 4.770291
vt 0 5.210876
vt 0.08333334 5.210876
vt 0.1666667 5.210876
vt 0.25 5.210876
vt 0.3333333 5.210876
vt 0.4166667 5.210876
vt 0.5 5.210876
vt 0.5833333 5.210876
vt 0.6666667 5.210876
vt 0.75 5.210876
vt 0.8333333 5.210876
vt 0.9166667 5.210876
vt 1 5.210876
vt 0 5.729511
vt 0.08333334 5.729511
vt 0.1666667 5.729511
vt 0.25 5.729511
vt 0.3333333 5.729511
vt 0.4166667 5.729511
vt 0.5 5.729511
vt 0.5833333 5.729511
vt 0.6666667 5.729511
vt 0.75 5.729511
vt 0.8333333 5.729511
vt 0.9166667 5.729511
vt 1 5.729511
vt 0 6.350211
vt 0.08333334 6.350211
vt 0.1666667 6.350211
vt 0.25 6.350211
vt 0.3333333 6.350211
vt 0.4166667 6.350211
vt 0.5 6.350211
vt 0.5833333 6.350211
vt 0.6666667 6.350211
vt 0.75 6.350211
vt 0.8333333 6.350211
vt 0.9166667 6.350211
vt 1 6.350211
vt 0 6.706071
vt 0.08333334 6.706071
vt 0.1666667 6.706071
vt 0.25 6.706071
vt 0.3333333 6.706071
vt 0.4166667 6.706071
vt 0.5 6.706071
vt 0.5833333 6.706071
vt 0.6666667 6.706071
vt 0.75 6.706071
vt 0.8333333 6.706071
vt 0.9166667 6.706071
vt 1 6.706071
vt 0 7.097301
vt 0.08333334 7.097301
vt 0.1666667 7.097301
vt 0.25 7.097301
vt 0.3333333 7.097301
vt 0.4166667 7.097301
vt 0.5 7.097301
vt 0.5833333 7.097301
vt 0.6666667 7.097301
vt 0.75 7.097301
vt 0.8333333 7.097301
vt 0.9166667 7.097301
vt 1 7.097301
vt 0.75 7.097301
vt 0.75 7.097301
vt 0.25 7.097301
vt 0.25 7.097301
vt 0.25 7.097301
vt 0.25 7.097301
vt 0.25 7.097301
vt 0.25 7.097301
vt 0.75 7.097301
vt 0.75 7.097301
vt 0.75 7.097301
vt 0.75 7.097301
vt 0.6165311 7.098386
vt 0.5761874 7.098386
vt 0.5 7.098386
vt 0.4238126 7.098386
vt 0.3834689 7.098386
vt 0.3720391 7.098386
vt 0.3834689 7.098386
vt 0.4238126 7.098386
vt 0.5 7.098386
vt 0.5761874 7.098386
vt 0.6165311 7.098386
vt 0.6279609 7.098386
vt 0.5528911 7.099256
vt 0.5313029 7.099256
vt 0.5 7.099256
vt 0.4686971 7.099256
vt 0.4471088 7.099256
vt 0.4396443 7.099256
vt 0.4471089 7.099256
vt 0.4686971 7.099256
vt 0.5 7.099256
vt 0.5313029 7.099256
vt 0.5528911 7.099256
vt 0.5603557 7.099256
vt 0.5159757 7.099736
vt 0.5092443 7.099736
vt 0.5 7.099736
vt 0.4907557 7.099736
vt 0.4840243 7.099736
vt 0.4815734 7.099736
vt 0.4840243 7.099736
vt 0.4907557 7.099736
vt 0.5 7.099736
vt 0.5092443 7.099736
vt 0.5159757 7.099736
vt 0.5184266 7.099736
vt 0 7.099801

usemap Standard_FF301B
usemtl Standard_FF301B
f 964/964/964 963/963/963 962/962/962 961/961/961 
f 966/966/966 965/965/965 964/964/964 961/961/961 
f 968/968/968 967/967/967 966/966/966 961/961/961 
f 970/970/970 969/969/969 968/968/968 961/961/961 
f 972/972/972 971/971/971 970/970/970 961/961/961 
f 962/962/962 973/973/973 972/972/972 961/961/961 
f 963/963/963 975/975/975 974/974/974 962/962/962 
f 964/964/964 976/976/976 975/975/975 963/963/963 
f 965/965/965 977/977/977 976/976/976 964/964/964 
f 966/966/966 978/978/978 977/977/977 965/965/965 
f 967/967/967 979/979/979 978/978/978 966/966/966 
f 968/968/968 980/980/980 979/979/979 967/967/967 
f 969/969/969 981/981/981 980/980/980 968/968/968 
f 970/970/970 982/982/982 981/981/981 969/969/969 
f 971/971/971 983/983/983 982/982/982 970/970/970 
f 972/972/972 984/984/984 983/983/983 971/971/971 
f 973/973/973 985/985/985 984/984/984 972/972/972 
f 962/962/962 974/974/974 985/985/985 973/973/973 
f 975/975/975 987/987/987 986/986/986 974/974/974 
f 976/976/976 988/988/988 987/987/987 975/975/975 
f 977/977/977 989/989/989 988/988/988 976/976/976 
f 978/978/978 990/990/990 989/989/989 977/977/977 
f 979/979/979 991/991/991 990/990/990 978/978/978 
f 980/980/980 992/992/992 991/991/991 979/979/979 
f 981/981/981 993/993/993 992/992/992 980/980/980 
f 982/982/982 994/994/994 993/993/993 981/981/981 
f 983/983/983 995/995/995 994/994/994 982/982/982 
f 984/984/984 996/996/996 995/995/995 983/983/983 
f 985/985/985 997/997/997 996/996/996 984/984/984 
f 974/974/974 986/986/986 997/997/997 985/985/985 
f 987/987/987 999/999/999 998/998/998 986/986/986 
f 988/988/988 1000/1000/1000 999/999/999 987/987/987 
f 989/989/989 1001/1001/1001 1000/1000/1000 988/988/988 
f 990/990/990 1002/1002/1002 1001/1001/1001 989/989/989 
f 991/991/991 1003/1003/1003 1002/1002/1002 990/990/990 
f 992/992/992 1004/1004/1004 1003/1003/1003 991/991/991 
f 993/993/993 1005/1005/1005 1004/1004/1004 992/992/992 
f 994/994/994 1006/1006/1006 1005/1005/1005 993/993/993 
f 995/995/995 1007/1007/1007 1006/1006/1006 994/994/994 
f 996/996/996 1008/1008/1008 1007/1007/1007 995/995/995 
f 997/997/997 1009/1009/1009 1008/1008/1008 996/996/996 
f 986/986/986 998/998/998 1009/1009/1009 997/997/997 
f 999/999/999 1011/1011/1011 1010/1010/1010 998/998/998 
f 1000/1000/1000 1012/1012/1012 1011/1011/1011 999/999/999 
f 1001/1001/1001 1013/1013/1013 1012/1012/1012 1000/1000/1000 
f 1002/1002/1002 1014/1014/1014 1013/1013/1013 1001/1001/1001 
f 1003/1003/1003 1015/1015/1015 1014/1014/1014 1002/1002/1002 
f 1004/1004/1004 1016/1016/1016 1015/1015/1015 1003/1003/1003 
f 1005/1005/1005 1017/1017/1017 1016/1016/1016 1004/1004/1004 
f 1006/1006/1006 1018/1018/1018 1017/1017/1017 1005/1005/1005 
f 1007/1007/1007 1019/1019/1019 1018/1018/1018 1006/1006/1006 
f 1008/1008/1008 1020/1020/1020 1019/1019/1019 1007/1007/1007 
f 1009/1009/1009 1021/1021/1021 1020/1020/1020 1008/1008/1008 
f 998/998/998 1022/1022/1022 1021/1021/1021 1009/1009/1009 
f 1011/1011/1011 1024/1024/1024 1023/1023/1023 1010/1010/1010 
f 1012/1012/1012 1025/1025/1025 1024/1024/1024 1011/1011/1011 
f 1013/1013/1013 1026/1026/1026 1025/1025/1025 1012/1012/1012 
f 1014/1014/1014 1027/1027/1027 1026/1026/1026 1013/1013/1013 
f 1015/1015/1015 1028/1028/1028 1027/1027/1027 1014/1014/1014 
f 1016/1016/1016 1029/1029/1029 1028/1028/1028 1015/1015/1015 
f 1017/1017/1017 1030/1030/1030 1029/1029/1029 1016/1016/1016 
f 1018/1018/1018 1031/1031/1031 1030/1030/1030 1017/1017/1017 
f 1019/1019/1019 1032/1032/1032 1031/1031/1031 1018/1018/1018 
f 1020/1020/1020 1033/1033/1033 1032/1032/1032 1019/1019/1019 
f 1021/1021/1021 1034/1034/1034 1033/1033/1033 1020/1020/1020 
f 1022/1022/1022 1035/1035/1035 1034/1034/1034 1021/1021/1021 
f 1024/1024/1024 1037/1037/1037 1036/1036/1036 1023/1023/1023 
f 1025/1025/1025 1038/1038/1038 1037/1037/1037 1024/1024/1024 
f 1026/1026/1026 1039/1039/1039 1038/1038/1038 1025/1025/1025 
f 1027/1027/1027 1040/1040/1040 1039/1039/1039 1026/1026/1026 
f 1028/1028/1028 1041/1041/1041 1040/1040/1040 1027/1027/1027 
f 1029/1029/1029 1042/1042/1042 1041/1041/1041 1028/1028/1028 
f 1030/1030/1030 1043/1043/1043 1042/1042/1042 1029/1029/1029 
f 1031/1031/1031 1044/1044/1044 1043/1043/1043 1030/1030/1030 
f 1032/1032/1032 1045/1045/1045 1044/1044/1044 1031/1031/1031 
f 1033/1033/1033 1046/1046/1046 1045/1045/1045 1032/1032/1032 
f 1034/1034/1034 1047/1047/1047 1046/1046/1046 1033/1033/1033 
f 1035/1035/1035 1048/1048/1048 1047/1047/1047 1034/1034/1034 
f 1037/1037/1037 1050/1050/1050 1049/1049/1049 1036/1036/1036 
f 1038/1038/1038 1051/1051/1051 1050/1050/1050 1037/1037/1037 
f 1039/1039/1039 1052/1052/1052 1051/1051/1051 1038/1038/1038 
f 1040/1040/1040 1053/1053/1053 1052/1052/1052 1039/1039/1039 
f 1041/1041/1041 1054/1054/1054 1053/1053/1053 1040/1040/1040 
f 1042/1042/1042 1055/1055/1055 1054/1054/1054 1041/1041/1041 
f 1043/1043/1043 1056/1056/1056 1055/1055/1055 1042/1042/1042 
f 1044/1044/1044 1057/1057/1057 1056/1056/1056 1043/1043/1043 
f 1045/1045/1045 1058/1058/1058 1057/1057/1057 1044/1044/1044 
f 1046/1046/1046 1059/1059/1059 1058/1058/1058 1045/1045/1045 
f 1047/1047/1047 1060/1060/1060 1059/1059/1059 1046/1046/1046 
f 1048/1048/1048 1061/1061/1061 1060/1060/1060 1047/1047/1047 
f 1050/1050/1050 1063/1063/1063 1062/1062/1062 1049/1049/1049 
f 1051/1051/1051 1064/1064/1064 1063/1063/1063 1050/1050/1050 
f 1052/1052/1052 1065/1065/1065 1064/1064/1064 1051/1051/1051 
f 1053/1053/1053 1066/1066/1066 1065/1065/1065 1052/1052/1052 
f 1054/1054/1054 1067/1067/1067 1066/1066/1066 1053/1053/1053 
f 1055/1055/1055 1068/1068/1068 1067/1067/1067 1054/1054/1054 
f 1056/1056/1056 1069/1069/1069 1068/1068/1068 1055/1055/1055 
f 1057/1057/1057 1070/1070/1070 1069/1069/1069 1056/1056/1056 
f 1058/1058/1058 1071/1071/1071 1070/1070/1070 1057/1057/1057 
f 1059/1059/1059 1072/1072/1072 1071/1071/1071 1058/1058/1058 
f 1060/1060/1060 1073/1073/1073 1072/1072/1072 1059/1059/1059 
f 1061/1061/1061 1074/1074/1074 1073/1073/1073 1060/1060/1060 
f 1063/1063/1063 1076/1076/1076 1075/1075/1075 1062/1062/1062 
f 1064/1064/1064 1077/1077/1077 1076/1076/1076 1063/1063/1063 
f 1065/1065/1065 1078/1078/1078 1077/1077/1077 1064/1064/1064 
f 1066/1066/1066 1079/1079/1079 1078/1078/1078 1065/1065/1065 
f 1067/1067/1067 1080/1080/1080 1079/1079/1079 1066/1066/1066 
f 1068/1068/1068 1081/1081/1081 1080/1080/1080 1067/1067/1067 
f 1069/1069/1069 1082/1082/1082 1081/1081/1081 1068/1068/1068 
f 1070/1070/1070 1083/1083/1083 1082/1082/1082 1069/1069/1069 
f 1071/1071/1071 1084/1084/1084 1083/1083/1083 1070/1070/1070 
f 1072/1072/1072 1085/1085/1085 1084/1084/1084 1071/1071/1071 
f 1073/1073/1073 1086/1086/1086 1085/1085/1085 1072/1072/1072 
f 1074/1074/1074 1087/1087/1087 1086/1086/1086 1073/1073/1073 
f 1076/1076/1076 1089/1089/1089 1088/1088/1088 1075/1075/1075 
f 1077/1077/1077 1090/1090/1090 1089/1089/1089 1076/1076/1076 
f 1078/1078/1078 1091/1091/1091 1090/1090/1090 1077/1077/1077 
f 1079/1079/1079 1092/1092/1092 1091/1091/1091 1078/1078/1078 
f 1080/1080/1080 1093/1093/1093 1092/1092/1092 1079/1079/1079 
f 1081/1081/1081 1094/1094/1094 1093/1093/1093 1080/1080/1080 
f 1082/1082/1082 1095/1095/1095 1094/1094/1094 1081/1081/1081 
f 1083/1083/1083 1096/1096/1096 1095/1095/1095 1082/1082/1082 
f 1084/1084/1084 1097/1097/1097 1096/1096/1096 1083/1083/1083 
f 1085/1085/1085 1098/1098/1098 1097/1097/1097 1084/1084/1084 
f 1086/1086/1086 1099/1099/1099 1098/1098/1098 1085/1085/1085 
f 1087/1087/1087 1100/1100/1100 1099/1099/1099 1086/1086/1086 
f 1089/1089/1089 1102/1102/1102 1101/1101/1101 1088/1088/1088 
f 1090/1090/1090 1103/1103/1103 1102/1102/1102 1089/1089/1089 
f 1091/1091/1091 1104/1104/1104 1103/1103/1103 1090/1090/1090 
f 1092/1092/1092 1105/1105/1105 1104/1104/1104 1091/1091/1091 
f 1093/1093/1093 1106/1106/1106 1105/1105/1105 1092/1092/1092 
f 1094/1094/1094 1107/1107/1107 1106/1106/1106 1093/1093/1093 
f 1095/1095/1095 1108/1108/1108 1107/1107/1107 1094/1094/1094 
f 1096/1096/1096 1109/1109/1109 1108/1108/1108 1095/1095/1095 
f 1097/1097/1097 1110/1110/1110 1109/1109/1109 1096/1096/1096 
f 1098/1098/1098 1111/1111/1111 1110/1110/1110 1097/1097/1097 
f 1099/1099/1099 1112/1112/1112 1111/1111/1111 1098/1098/1098 
f 1100/1100/1100 1113/1113/1113 1112/1112/1112 1099/1099/1099 
f 1102/1102/1102 1115/1115/1115 1114/1114/1114 1101/1101/1101 
f 1103/1103/1103 1116/1116/1116 1115/1115/1115 1102/1102/1102 
f 1104/1104/1104 1117/1117/1117 1116/1116/1116 1103/1103/1103 
f 1105/1105/1105 1118/1118/1118 1117/1117/1117 1104/1104/1104 
f 1106/1106/1106 1119/1119/1119 1118/1118/1118 1105/1105/1105 
f 1107/1107/1107 1120/1120/1120 1119/1119/1119 1106/1106/1106 
f 1108/1108/1108 1121/1121/1121 1120/1120/1120 1107/1107/1107 
f 1109/1109/1109 1122/1122/1122 1121/1121/1121 1108/1108/1108 
f 1110/1110/1110 1123/1123/1123 1122/1122/1122 1109/1109/1109 
f 1111/1111/1111 1124/1124/1124 1123/1123/1123 1110/1110/1110 
f 1112/1112/1112 1125/1125/1125 1124/1124/1124 1111/1111/1111 
f 1113/1113/1113 1126/1126/1126 1125/1125/1125 1112/1112/1112 
f 1115/1115/1115 1128/1128/1128 1127/1127/1127 1114/1114/1114 
f 1116/1116/1116 1129/1129/1129 1128/1128/1128 1115/1115/1115 
f 1117/1117/1117 1130/1130/1130 1129/1129/1129 1116/1116/1116 
f 1118/1118/1118 1131/1131/1131 1130/1130/1130 1117/1117/1117 
f 1119/1119/1119 1132/1132/1132 1131/1131/1131 1118/1118/1118 
f 1120/1120/1120 1133/1133/1133 1132/1132/1132 1119/1119/1119 
f 1121/1121/1121 1134/1134/1134 1133/1133/1133 1120/1120/1120 
f 1122/1122/1122 1135/1135/1135 1134/1134/1134 1121/1121/1121 
f 1123/1123/1123 1136/1136/1136 1135/1135/1135 1122/1122/1122 
f 1124/1124/1124 1137/1137/1137 1136/1136/1136 1123/1123/1123 
f 1125/1125/1125 1138/1138/1138 1137/1137/1137 1124/1124/1124 
f 1126/1126/1126 1139/1139/1139 1138/1138/1138 1125/1125/1125 
f 1128/1128/1128 1141/1141/1141 1140/1140/1140 1127/1127/1127 
f 1129/1129/1129 1142/1142/1142 1141/1141/1141 1128/1128/1128 
f 1130/1130/1130 1143/1143/1143 1142/1142/1142 1129/1129/1129 
f 1131/1131/1131 1144/1144/1144 1143/1143/1143 1130/1130/1130 
f 1132/1132/1132 1145/1145/1145 1144/1144/1144 1131/1131/1131 
f 1133/1133/1133 1146/1146/1146 1145/1145/1145 1132/1132/1132 
f 1134/1134/1134 1147/1147/1147 1146/1146/1146 1133/1133/1133 
f 1135/1135/1135 1148/1148/1148 1147/1147/1147 1134/1134/1134 
f 1136/1136/1136 1149/1149/1149 1148/1148/1148 1135/1135/1135 
f 1137/1137/1137 1150/1150/1150 1149/1149/1149 1136/1136/1136 
f 1138/1138/1138 1151/1151/1151 1150/1150/1150 1137/1137/1137 
f 1139/1139/1139 1152/1152/1152 1151/1151/1151 1138/1138/1138 
f 1141/1141/1141 1154/1154/1154 1153/1153/1153 1140/1140/1140 
f 1142/1142/1142 1155/1155/1155 1154/1154/1154 1141/1141/1141 
f 1143/1143/1143 1156/1156/1156 1155/1155/1155 1142/1142/1142 
f 1144/1144/1144 1157/1157/1157 1156/1156/1156 1143/1143/1143 
f 1145/1145/1145 1158/1158/1158 1157/1157/1157 1144/1144/1144 
f 1146/1146/1146 1159/1159/1159 1158/1158/1158 1145/1145/1145 
f 1147/1147/1147 1160/1160/1160 1159/1159/1159 1146/1146/1146 
f 1148/1148/1148 1161/1161/1161 1160/1160/1160 1147/1147/1147 
f 1149/1149/1149 1162/1162/1162 1161/1161/1161 1148/1148/1148 
f 1150/1150/1150 1163/1163/1163 1162/1162/1162 1149/1149/1149 
f 1151/1151/1151 1164/1164/1164 1163/1163/1163 1150/1150/1150 
f 1152/1152/1152 1165/1165/1165 1164/1164/1164 1151/1151/1151 
f 1154/1154/1154 1167/1167/1167 1166/1166/1166 1153/1153/1153 
f 1155/1155/1155 1168/1168/1168 1167/1167/1167 1154/1154/1154 
f 1156/1156/1156 1169/1169/1169 1168/1168/1168 1155/1155/1155 
f 1157/1157/1157 1170/1170/1170 1169/1169/1169 1156/1156/1156 
f 1158/1158/1158 1171/1171/1171 1170/1170/1170 1157/1157/1157 
f 1159/1159/1159 1172/1172/1172 1171/1171/1171 1158/1158/1158 
f 1160/1160/1160 1173/1173/1173 1172/1172/1172 1159/1159/1159 
f 1161/1161/1161 1174/1174/1174 1173/1173/1173 1160/1160/1160 
f 1162/1162/1162 1175/1175/1175 1174/1174/1174 1161/1161/1161 
f 1163/1163/1163 1176/1176/1176 1175/1175/1175 1162/1162/1162 
f 1164/1164/1164 1177/1177/1177 1176/1176/1176 1163/1163/1163 
f 1165/1165/1165 1178/1178/1178 1177/1177/1177 1164/1164/1164 
f 1167/1167/1167 1180/1180/1180 1179/1179/1179 1166/1166/1166 
f 1168/1168/1168 1181/1181/1181 1180/1180/1180 1167/1167/1167 
f 1169/1169/1169 1182/1182/1182 1181/1181/1181 1168/1168/1168 
f 1170/1170/1170 1183/1183/1183 1182/1182/1182 1169/1169/1169 
f 1171/1171/1171 1184/1184/1184 1183/1183/1183 1170/1170/1170 
f 1172/1172/1172 1185/1185/1185 1184/1184/1184 1171/1171/1171 
f 1173/1173/1173 1186/1186/1186 1185/1185/1185 1172/1172/1172 
f 1174/1174/1174 1187/1187/1187 1186/1186/1186 1173/1173/1173 
f 1175/1175/1175 1188/1188/1188 1187/1187/1187 1174/1174/1174 
f 1176/1176/1176 1189/1189/1189 1188/1188/1188 1175/1175/1175 
f 1177/1177/1177 1190/1190/1190 1189/1189/1189 1176/1176/1176 
f 1178/1178/1178 1191/1191/1191 1190/1190/1190 1177/1177/1177 
f 1180/1180/1180 1193/1193/1193 1192/1192/1192 1179/1179/1179 
f 1181/1181/1181 1194/1194/1194 1193/1193/1193 1180/1180/1180 
f 1182/1182/1182 1195/1195/1195 1194/1194/1194 1181/1181/1181 
f 1183/1183/1183 1196/1196/1196 1195/1195/1195 1182/1182/1182 
f 1184/1184/1184 1197/1197/1197 1196/1196/1196 1183/1183/1183 
f 1185/1185/1185 1198/1198/1198 1197/1197/1197 1184/1184/1184 
f 1186/1186/1186 1199/1199/1199 1198/1198/1198 1185/1185/1185 
f 1187/1187/1187 1200/1200/1200 1199/1199/1199 1186/1186/1186 
f 1188/1188/1188 1201/1201/1201 1200/1200/1200 1187/1187/1187 
f 1189/1189/1189 1202/1202/1202 1201/1201/1201 1188/1188/1188 
f 1190/1190/1190 1203/1203/1203 1202/1202/1202 1189/1189/1189 
f 1191/1191/1191 1204/1204/1204 1203/1203/1203 1190/1190/1190 
f 1193/1193/1193 1206/1206/1206 1205/1205/1205 1192/1192/1192 
f 1194/1194/1194 1207/1207/1207 1206/1206/1206 1193/1193/1193 
f 1195/1195/1195 1208/1208/1208 1207/1207/1207 1194/1194/1194 
f 1196/1196/1196 1209/1209/1209 1208/1208/1208 1195/1195/1195 
f 1197/1197/1197 1210/1210/1210 1209/1209/1209 1196/1196/1196 
f 1198/1198/1198 1211/1211/1211 1210/1210/1210 1197/1197/1197 
f 1199/1199/1199 1212/1212/1212 1211/1211/1211 1198/1198/1198 
f 1200/1200/1200 1213/1213/1213 1212/1212/1212 1199/1199/1199 
f 1201/1201/1201 1214/1214/1214 1213/1213/1213 1200/1200/1200 
f 1202/1202/1202 1215/1215/1215 1214/1214/1214 1201/1201/1201 
f 1203/1203/1203 1216/1216/1216 1215/1215/1215 1202/1202/1202 
f 1204/1204/1204 1217/1217/1217 1216/1216/1216 1203/1203/1203 
f 1206/1206/1206 1219/1219/1219 1218/1218/1218 1205/1205/1205 
f 1207/1207/1207 1220/1220/1220 1219/1219/1219 1206/1206/1206 
f 1208/1208/1208 1221/1221/1221 1220/1220/1220 1207/1207/1207 
f 1209/1209/1209 1222/1222/1222 1221/1221/1221 1208/1208/1208 
f 1210/1210/1210 1223/1223/1223 1222/1222/1222 1209/1209/1209 
f 1211/1211/1211 1224/1224/1224 1223/1223/1223 1210/1210/1210 
f 1212/1212/1212 1225/1225/1225 1224/1224/1224 1211/1211/1211 
f 1213/1213/1213 1226/1226/1226 1225/1225/1225 1212/1212/1212 
f 1214/1214/1214 1227/1227/1227 1226/1226/1226 1213/1213/1213 
f 1215/1215/1215 1228/1228/1228 1227/1227/1227 1214/1214/1214 
f 1216/1216/1216 1229/1229/1229 1228/1228/1228 1215/1215/1215 
f 1217/1217/1217 1230/1230/1230 1229/1229/1229 1216/1216/1216 
f 1232/1232/1232 1244/1244/1244 1243/1243/1243 1231/1231/1231 
f 1233/1233/1233 1245/1245/1245 1244/1244/1244 1232/1232/1232 
f 1234/1234/1234 1246/1246/1246 1245/1245/1245 1233/1233/1233 
f 1235/1235/1235 1247/1247/1247 1246/1246/1246 1234/1234/1234 
f 1236/1236/1236 1248/1248/1248 1247/1247/1247 1235/1235/1235 
f 1237/1237/1237 1249/1249/1249 1248/1248/1248 1236/1236/1236 
f 1238/1238/1238 1250/1250/1250 1249/1249/1249 1237/1237/1237 
f 1239/1239/1239 1251/1251/1251 1250/1250/1250 1238/1238/1238 
f 1240/1240/1240 1252/1252/1252 1251/1251/1251 1239/1239/1239 
f 1241/1241/1241 1253/1253/1253 1252/1252/1252 1240/1240/1240 
f 1242/1242/1242 1254/1254/1254 1253/1253/1253 1241/1241/1241 
f 1231/1231/1231 1243/1243/1243 1254/1254/1254 1242/1242/1242 
f 1244/1244/1244 1256/1256/1256 1255/1255/1255 1243/1243/1243 
f 1245/1245/1245 1257/1257/1257 1256/1256/1256 1244/1244/1244 
f 1246/1246/1246 1258/1258/1258 1257/1257/1257 1245/1245/1245 
f 1247/1247/1247 1259/1259/1259 1258/1258/1258 1246/1246/1246 
f 1248/1248/1248 1260/1260/1260 1259/1259/1259 1247/1247/1247 
f 1249/1249/1249 1261/1261/1261 1260/1260/1260 1248/1248/1248 
f 1250/1250/1250 1262/1262/1262 1261/1261/1261 1249/1249/1249 
f 1251/1251/1251 1263/1263/1263 1262/1262/1262 1250/1250/1250 
f 1252/1252/1252 1264/1264/1264 1263/1263/1263 1251/1251/1251 
f 1253/1253/1253 1265/1265/1265 1264/1264/1264 1252/1252/1252 
f 1254/1254/1254 1266/1266/1266 1265/1265/1265 1253/1253/1253 
f 1243/1243/1243 1255/1255/1255 1266/1266/1266 1254/1254/1254 
f 1256/1256/1256 1268/1268/1268 1267/1267/1267 1255/1255/1255 
f 1257/1257/1257 1269/1269/1269 1268/1268/1268 1256/1256/1256 
f 1258/1258/1258 1270/1270/1270 1269/1269/1269 1257/1257/1257 
f 1259/1259/1259 1271/1271/1271 1270/1270/1270 1258/1258/1258 
f 1260/1260/1260 1272/1272/1272 1271/1271/1271 1259/1259/1259 
f 1261/1261/1261 1273/1273/1273 1272/1272/1272 1260/1260/1260 
f 1262/1262/1262 1274/1274/1274 1273/1273/1273 1261/1261/1261 
f 1263/1263/1263 1275/1275/1275 1274/1274/1274 1262/1262/1262 
f 1264/1264/1264 1276/1276/1276 1275/1275/1275 1263/1263/1263 
f 1265/1265/1265 1277/1277/1277 1276/1276/1276 1264/1264/1264 
f 1266/1266/1266 1278/1278/1278 1277/1277/1277 1265/1265/1265 
f 1255/1255/1255 1267/1267/1267 1278/1278/1278 1266/1266/1266 
f 1267/1267/1267 1268/1268/1268 1269/1269/1269 1279/1279/1279 
f 1269/1269/1269 1270/1270/1270 1271/1271/1271 1279/1279/1279 
f 1271/1271/1271 1272/1272/1272 1273/1273/1273 1279/1279/1279 
f 1273/1273/1273 1274/1274/1274 1275/1275/1275 1279/1279/1279 
f 1275/1275/1275 1276/1276/1276 1277/1277/1277 1279/1279/1279 
f 1277/1277/1277 1278/1278/1278 1267/1267/1267 1279/1279/1279 

g s.0091
usemap Standard_FF301B
usemtl Standard_FF301B
v 0.6321408 -0.9104895 1.189397
v 0.6321033 -0.9105204 1.189521
v 0.6321589 -0.9105588 1.189509
v 0.632212 -0.9105759 1.189469
v 0.6322483 -0.910567 1.189412
v 0.6322581 -0.9105346 1.189352
v 0.6322388 -0.9104873 1.189306
v 0.6321956 -0.9104379 1.189287
v 0.63214 -0.9103995 1.189298
v 0.6320869 -0.9103824 1.189338
v 0.6320506 -0.9103913 1.189396
v 0.6320407 -0.9104237 1.189455
v 0.6320601 -0.910471 1.189501
v 0.6320862 -0.9105163 1.189778
v 0.6322392 -0.9106219 1.189746
v 0.6323851 -0.9106688 1.189636
v 0.632485 -0.9106444 1.189478
v 0.6325121 -0.9105552 1.189314
v 0.632459 -0.9104252 1.189188
v 0.6323401 -0.9102892 1.189134
v 0.6321871 -0.9101835 1.189166
v 0.6320411 -0.9101367 1.189276
v 0.6319412 -0.9101611 1.189434
v 0.6319141 -0.9102502 1.189598
v 0.6319672 -0.9103802 1.189724
v 0.632145 -0.9104284 1.190016
v 0.6323662 -0.910581 1.189969
v 0.6325772 -0.9106488 1.18981
v 0.6327216 -0.9106135 1.189582
v 0.6327607 -0.9104846 1.189345
v 0.632684 -0.9102967 1.189163
v 0.632512 -0.9101001 1.189084
v 0.632291 -0.9099475 1.189131
v 0.6320799 -0.9098797 1.18929
v 0.6319355 -0.909915 1.189518
v 0.6318964 -0.9100438 1.189755
v 0.6319731 -0.9102318 1.189937
v 0.6322688 -0.9102737 1.190185
v 0.6325143 -0.9104431 1.190133
v 0.6327485 -0.9105183 1.189957
v 0.6329088 -0.9104792 1.189703
v 0.6329522 -0.9103361 1.18944
v 0.6328671 -0.9101275 1.189238
v 0.6326762 -0.9099093 1.189151
v 0.6324308 -0.9097399 1.189202
v 0.6321965 -0.9096647 1.189379
v 0.6320362 -0.9097039 1.189632
v 0.6319929 -0.9098468 1.189896
v 0.632078 -0.9100555 1.190098
v 0.6324347 -0.9100747 1.19032
v 0.6326801 -0.9102441 1.190268
v 0.6329144 -0.9103193 1.190092
v 0.6330747 -0.9102802 1.189838
v 0.6331181 -0.9101371 1.189575
v 0.6330329 -0.9099286 1.189373
v 0.6328421 -0.9097103 1.189286
v 0.6325967 -0.9095409 1.189338
v 0.6323624 -0.9094657 1.189514
v 0.6322021 -0.9095048 1.189768
v 0.6321587 -0.9096479 1.190031
v 0.6322439 -0.9098564 1.190233
v 0.6324347 -0.9100747 1.19032
v 0.6590955 -0.8736616 1.219504
v 0.6615773 -0.8751324 1.219108
v 0.6639206 -0.8757349 1.217487
v 0.6654973 -0.8753077 1.215077
v 0.6658852 -0.8739653 1.212522
v 0.6649801 -0.8720673 1.210507
v 0.6630247 -0.8701223 1.209573
v 0.6605429 -0.8686515 1.209969
v 0.6581997 -0.868049 1.211589
v 0.6566229 -0.8684762 1.214
v 0.6562351 -0.8698187 1.216555
v 0.6571401 -0.8717167 1.218569
v 0.6590955 -0.8736616 1.219504
v 0.6911721 -0.8236478 1.256102
v 0.6961493 -0.8263697 1.255422
v 0.7008219 -0.8274349 1.252312
v 0.7039379 -0.8265579 1.247604
v 0.7046624 -0.8239737 1.24256
v 0.7028013 -0.8203748 1.238532
v 0.6988533 -0.8167255 1.236599
v 0.6938761 -0.8140036 1.237278
v 0.6892035 -0.8129384 1.240389
v 0.6860875 -0.8138154 1.245097
v 0.685363 -0.8163996 1.25014
v 0.6872241 -0.8199984 1.254169
v 0.6911721 -0.8236478 1.256102
v 0.7274538 -0.7625913 1.298234
v 0.7350606 -0.7665464 1.297295
v 0.7421719 -0.7680558 1.292653
v 0.7468821 -0.766715 1.285554
v 0.7479292 -0.7628833 1.277898
v 0.7450325 -0.7575874 1.271738
v 0.7389684 -0.7522464 1.268723
v 0.7313615 -0.7482913 1.269662
v 0.7242503 -0.7467819 1.274303
v 0.7195401 -0.7481226 1.281403
v 0.718493 -0.7519544 1.289059
v 0.7213896 -0.7572502 1.295219
v 0.7274538 -0.7625913 1.298234
v 0.766726 -0.6930561 1.344013
v 0.7770079 -0.6982157 1.34283
v 0.7865832 -0.7001638 1.336645
v 0.792886 -0.6983787 1.327114
v 0.7942274 -0.6933386 1.316793
v 0.7902482 -0.686394 1.308445
v 0.7820145 -0.6794056 1.304309
v 0.7717324 -0.674246 1.305492
v 0.7621572 -0.6722978 1.311678
v 0.7558545 -0.6740829 1.321208
v 0.754513 -0.6791231 1.33153
v 0.7584922 -0.6860678 1.339877
v 0.766726 -0.6930561 1.344013
v 0.8493994 -0.53878 1.438981
v 0.8648514 -0.5461599 1.437357
v 0.8791187 -0.5489856 1.428174
v 0.8883786 -0.5465 1.413894
v 0.89015 -0.5393691 1.398341
v 0.883958 -0.5295036 1.385685
v 0.8714619 -0.5195469 1.379315
v 0.8560099 -0.512167 1.380939
v 0.8417425 -0.5093414 1.390121
v 0.8324826 -0.5118269 1.404402
v 0.8307113 -0.5189579 1.419954
v 0.8369033 -0.5288234 1.432611
v 0.8493994 -0.53878 1.438981
v 0.8903998 -0.4591207 1.484412
v 0.9081948 -0.4674531 1.482596
v 0.9245341 -0.4707254 1.472026
v 0.9350395 -0.4680609 1.455536
v 0.9368961 -0.4601734 1.437543
v 0.9296065 -0.4491765 1.42287
v 0.9151238 -0.4380167 1.415446
v 0.8973289 -0.4296843 1.417263
v 0.8809896 -0.426412 1.427832
v 0.8704841 -0.4290765 1.444322
v 0.8686275 -0.436964 1.462315
v 0.8759172 -0.4479609 1.476989
v 0.8903998 -0.4591207 1.484412
v 0.9296058 -0.381119 1.525986
v 0.9494843 -0.39025 1.523996
v 0.9676023 -0.3939881 1.512154
v 0.9791049 -0.3913315 1.49363
v 0.9809102 -0.3829921 1.473389
v 0.9725343 -0.3712044 1.456855
v 0.9562215 -0.359127 1.448457
v 0.936343 -0.3499959 1.450446
v 0.918225 -0.3462579 1.462289
v 0.9067224 -0.3489144 1.480813
v 0.9049171 -0.3572538 1.501054
v 0.9132931 -0.3690415 1.517588
v 0.9296058 -0.381119 1.525986
v 0.9661348 -0.3067216 1.562224
v 0.9877777 -0.3164769 1.560076
v 1.007322 -0.3207006 1.547101
v 1.019531 -0.3182608 1.526774
v 1.021134 -0.3098114 1.504543
v 1.0117 -0.2976162 1.486364
v 0.9937581 -0.2849431 1.477108
v 0.9721152 -0.2751878 1.479255
v 0.9525706 -0.2709641 1.492231
v 0.9403614 -0.2734039 1.512558
v 0.938759 -0.2818534 1.534789
v 0.9481927 -0.2940485 1.552968
v 0.9661348 -0.3067216 1.562224
v 1.000358 -0.2355068 1.593337
v 1.023451 -0.2457455 1.591031
v 1.044092 -0.250468 1.577065
v 1.056751 -0.2484089 1.555181
v 1.058036 -0.2401197 1.531242
v 1.047603 -0.2278218 1.511663
v 1.028246 -0.2148101 1.501691
v 1.005154 -0.2045714 1.503996
v 0.9845121 -0.1998489 1.517963
v 0.971853 -0.2019081 1.539847
v 0.9705681 -0.2101973 1.563786
v 0.9810017 -0.2224952 1.583364
v 1.000358 -0.2355068 1.593337
v 1.032996 -0.166397 1.619996
v 1.057248 -0.1770201 1.617522
v 1.078692 -0.1822593 1.602695
v 1.091582 -0.1807106 1.579487
v 1.092464 -0.172789 1.554118
v 1.081102 -0.1606171 1.533384
v 1.06054 -0.1474565 1.522842
v 1.036288 -0.1368334 1.525316
v 1.014844 -0.1315942 1.540143
v 1.001954 -0.1331429 1.56335
v 1.001072 -0.1410645 1.58872
v 1.012434 -0.1532364 1.609453
v 1.032996 -0.166397 1.619996
v 1.064748 -0.09834898 1.642869
v 1.089895 -0.1092976 1.640215
v 1.11189 -0.1150654 1.624652
v 1.124839 -0.114107 1.600348
v 1.125273 -0.106679 1.573817
v 1.113076 -0.09477186 1.552167
v 1.091516 -0.08157605 1.5412
v 1.066369 -0.07062745 1.543853
v 1.044374 -0.06485969 1.559417
v 1.031425 -0.06581813 1.583721
v 1.030991 -0.07324612 1.610252
v 1.043188 -0.08515316 1.631902
v 1.064748 -0.09834898 1.642869
v 1.0963 -0.03033644 1.662638
v 1.122106 -0.04158455 1.6598
v 1.144449 -0.04787743 1.643621
v 1.157342 -0.04752886 1.618438
v 1.15733 -0.04063231 1.590998
v 1.144417 -0.02903569 1.568653
v 1.122062 -0.01584625 1.557391
v 1.096256 -0.004598141 1.560229
v 1.073913 0.001694739 1.576407
v 1.06102 0.001346171 1.60159
v 1.061032 -0.005550385 1.62903
v 1.073945 -0.01714706 1.651375
v 1.0963 -0.03033644 1.662638
v 1.12834 0.03867543 1.680001
v 1.154606 0.02713269 1.676985
v 1.177146 0.02034038 1.660312
v 1.189921 0.02011853 1.634447
v 1.189508 0.02652639 1.606323
v 1.176018 0.03784716 1.583474
v 1.153064 0.05104744 1.572023
v 1.126799 0.06259018 1.575039
v 1.104258 0.06938249 1.591712
v 1.091483 0.06960434 1.617577
v 1.091896 0.06319648 1.645701
v 1.105386 0.05187571 1.66855
v 1.12834 0.03867543 1.680001
v 1.196745 0.1840171 1.710404
v 1.223492 0.1718712 1.707092
v 1.246172 0.1642376 1.689735
v 1.258707 0.1631613 1.662984
v 1.257738 0.1689309 1.634007
v 1.243526 0.1800005 1.610569
v 1.219879 0.1934038 1.598948
v 1.193131 0.2055495 1.60226
v 1.170452 0.2131832 1.619617
v 1.157917 0.2142594 1.646368
v 1.158885 0.20849 1.675345
v 1.173097 0.1974204 1.698784
v 1.196745 0.1840171 1.710404
v 1.278923 0.3499853 1.739151
v 1.305192 0.3370394 1.735592
v 1.327326 0.3285603 1.718027
v 1.339394 0.32682 1.691164
v 1.338162 0.3322846 1.662199
v 1.323961 0.3434899 1.638895
v 1.300596 0.3574337 1.627495
v 1.274328 0.3703796 1.631055
v 1.252194 0.3788586 1.648619
v 1.240126 0.3805991 1.675483
v 1.241357 0.3751344 1.704447
v 1.255558 0.363929 1.727751
v 1.278923 0.3499853 1.739151
v 1.331191 0.4479017 1.75341
v 1.356283 0.4348373 1.749833
v 1.377385 0.4261491 1.732736
v 1.388843 0.4241654 1.706701
v 1.387586 0.4294178 1.678702
v 1.373952 0.4404987 1.656243
v 1.351594 0.4544387 1.645342
v 1.326502 0.4675034 1.648918
v 1.3054 0.4761913 1.666015
v 1.293942 0.478175 1.692051
v 1.295199 0.4729226 1.720049
v 1.308833 0.4618419 1.742508
v 1.331191 0.4479017 1.75341
v 1.394595 0.5600836 1.76766
v 1.417569 0.5474705 1.764224
v 1.436866 0.5389915 1.748273
v 1.447316 0.5369188 1.724082
v 1.446119 0.5418077 1.698132
v 1.433595 0.5523483 1.677378
v 1.4131 0.5657162 1.667379
v 1.390126 0.5783293 1.670815
v 1.370829 0.5868081 1.686766
v 1.360379 0.588881 1.710957
v 1.361576 0.5839919 1.736907
v 1.3741 0.5734513 1.757661
v 1.394595 0.5600836 1.76766
v 1.471909 0.6897935 1.781957
v 1.491588 0.6784648 1.77888
v 1.508105 0.6707951 1.764972
v 1.517034 0.6688392 1.74396
v 1.515983 0.6731212 1.721474
v 1.505234 0.6824939 1.703539
v 1.487666 0.6944457 1.694961
v 1.467988 0.7057742 1.698038
v 1.451471 0.7134441 1.711946
v 1.442541 0.7153999 1.732958
v 1.443592 0.7111179 1.755443
v 1.454341 0.7017452 1.773378
v 1.471909 0.6897935 1.781957
v 1.56591 0.8403081 1.796355
v 1.580872 0.8313374 1.793918
v 1.593423 0.8252372 1.78317
v 1.600201 0.8236422 1.76699
v 1.599389 0.8269799 1.749714
v 1.591205 0.8343558 1.73597
v 1.577842 0.8437936 1.729442
v 1.56288 0.8527643 1.731878
v 1.550328 0.8588644 1.742626
v 1.54355 0.8604594 1.758806
v 1.544362 0.8571218 1.776083
v 1.552546 0.8497459 1.789826
v 1.56591 0.8403081 1.796355
v 1.679368 1.014913 1.810908
v 1.68794 1.009595 1.809459
v 1.695128 1.00597 1.803209
v 1.699006 1.00501 1.793833
v 1.698535 1.006971 1.783843
v 1.69384 1.011329 1.775916
v 1.68618 1.016916 1.772175
v 1.677608 1.022234 1.773624
v 1.67042 1.025859 1.779874
v 1.666542 1.026819 1.78925
v 1.667013 1.024858 1.79924
v 1.671708 1.0205 1.807168
v 1.679368 1.014913 1.810908
v 1.744257 1.112279 1.818259
v 1.748927 1.109338 1.817456
v 1.752842 1.107332 1.814027
v 1.754953 1.106799 1.808893
v 1.754694 1.107882 1.803428
v 1.752135 1.110289 1.799097
v 1.747962 1.113377 1.797061
v 1.743292 1.116318 1.797864
v 1.739377 1.118323 1.801292
v 1.737266 1.118856 1.806427
v 1.737524 1.117774 1.811891
v 1.740083 1.115366 1.816222
v 1.744257 1.112279 1.818259
v 1.815206 1.217143 1.825709
v 1.815459 1.216982 1.825665
v 1.81567 1.216872 1.825478
v 1.815784 1.216843 1.825199
v 1.81577 1.216902 1.824903
v 1.815632 1.217034 1.824668
v 1.815406 1.217203 1.824558
v 1.815154 1.217364 1.824602
v 1.814942 1.217474 1.824789
v 1.814828 1.217503 1.825068
v 1.814842 1.217444 1.825364
v 1.814981 1.217312 1.825599
v 1.815206 1.217143 1.825709
v 1.815459 1.216982 1.825665
v 1.81567 1.216872 1.825478
v 1.815784 1.216843 1.825199
v 1.81577 1.216902 1.824903
v 1.815632 1.217034 1.824668
v 1.815406 1.217203 1.824558
v 1.815154 1.217364 1.824602
v 1.814942 1.217474 1.824789
v 1.814828 1.217503 1.825068
v 1.814842 1.217444 1.825364
v 1.814981 1.217312 1.825599
v 1.815206 1.217143 1.825709
v 1.815583 1.21721 1.825647
v 1.815774 1.217111 1.825479
v 1.815876 1.217085 1.825228
v 1.815864 1.217138 1.824961
v 1.815739 1.217257 1.824749
v 1.815536 1.217409 1.82465
v 1.815308 1.217554 1.82469
v 1.815118 1.217653 1.824858
v 1.815015 1.21768 1.825109
v 1.815028 1.217626 1.825377
v 1.815152 1.217507 1.825588
v 1.815356 1.217355 1.825687
v 1.815653 1.217431 1.825528
v 1.815784 1.217362 1.825412
v 1.815856 1.217344 1.825238
v 1.815847 1.217381 1.825053
v 1.81576 1.217463 1.824907
v 1.81562 1.217568 1.824838
v 1.815463 1.217669 1.824866
v 1.815331 1.217737 1.824982
v 1.81526 1.217756 1.825156
v 1.815269 1.217719 1.825341
v 1.815355 1.217636 1.825487
v 1.815495 1.217531 1.825555
v 1.815654 1.217599 1.825333
v 1.815702 1.217574 1.82529
v 1.815728 1.217567 1.825227
v 1.815724 1.217581 1.82516
v 1.815693 1.217611 1.825107
v 1.815642 1.217649 1.825082
v 1.815585 1.217685 1.825092
v 1.815537 1.21771 1.825134
v 1.815511 1.217717 1.825197
v 1.815514 1.217704 1.825265
v 1.815546 1.217674 1.825318
v 1.815597 1.217635 1.825343
v 1.815628 1.217655 1.825214

vn -0.56734 -0.6806694 -0.4634809
vn -0.603783 -0.7121102 -0.3582529
vn -0.5552928 -0.7455828 -0.3684511
vn -0.5090131 -0.7604408 -0.4032811
vn -0.4773442 -0.752703 -0.4534101
vn -0.4687719 -0.7244429 -0.5054061
vn -0.4855932 -0.6832327 -0.5453368
vn -0.5233007 -0.6401147 -0.5625029
vn -0.5717909 -0.6066421 -0.5523048
vn -0.6180706 -0.5917841 -0.5174748
vn -0.6497395 -0.5995219 -0.4673459
vn -0.6583117 -0.627782 -0.4153498
vn -0.6414905 -0.6689922 -0.375419
vn -0.655991 -0.74767 -0.1032736
vn -0.500596 -0.8549384 -0.1359556
vn -0.3522843 -0.9025536 -0.2475742
vn -0.250796 -0.8777567 -0.4082213
vn -0.2233246 -0.7871922 -0.5748518
vn -0.2772312 -0.6551269 -0.7028168
vn -0.3980716 -0.5169474 -0.7578286
vn -0.5534667 -0.409679 -0.7251467
vn -0.7017784 -0.362064 -0.6135281
vn -0.8032667 -0.3868609 -0.452881
vn -0.830738 -0.4774253 -0.2862507
vn -0.7768313 -0.6094907 -0.1582854
vn -0.6444976 -0.6966765 0.3150632
vn -0.342214 -0.9053415 0.2514883
vn -0.05370902 -0.9979652 0.03436103
vn 0.1437123 -0.949729 -0.2781396
vn 0.1971512 -0.7735574 -0.6022792
vn 0.0922887 -0.516656 -0.8512046
vn -0.1427773 -0.247861 -0.9582168
vn -0.4450612 -0.03919594 -0.8946419
vn -0.733566 0.05342756 -0.6775149
vn -0.9309874 0.005191266 -0.3650144
vn -0.9844262 -0.1709802 -0.04087483
vn -0.8795635 -0.4278817 0.208051
vn -0.3483497 -0.3116173 0.8840516
vn 0.07140781 -0.6013739 0.7957702
vn 0.4720319 -0.7299931 0.4942629
vn 0.7461755 -0.6630113 0.06031805
vn 0.8203817 -0.4183758 -0.389789
vn 0.6747673 -0.061637 -0.7354522
vn 0.3483497 0.3116173 -0.8840516
vn -0.07140804 0.601374 -0.7957701
vn -0.4720319 0.7299932 -0.4942629
vn -0.7461755 0.6630112 -0.06031808
vn -0.8203817 0.4183759 0.3897889
vn -0.6747672 0.06163674 0.7354524
vn -0.3483497 -0.3116173 0.8840516
vn 0.07140781 -0.6013739 0.7957702
vn 0.4720319 -0.7299931 0.4942629
vn 0.7461755 -0.6630113 0.06031805
vn 0.8203817 -0.4183758 -0.389789
vn 0.6747673 -0.061637 -0.7354522
vn 0.3483497 0.3116173 -0.8840516
vn -0.07140804 0.601374 -0.7957701
vn -0.4720319 0.7299932 -0.4942629
vn -0.7461755 0.6630112 -0.06031808
vn -0.8203817 0.4183759 0.3897889
vn -0.6747672 0.06163674 0.7354524
vn -0.3483497 -0.3116173 0.8840516
vn -0.3492342 -0.3145807 0.882652
vn 0.09193977 -0.5760319 0.8122404
vn 0.5084788 -0.6831359 0.5241897
vn 0.7887713 -0.6071942 0.09568247
vn 0.857713 -0.368555 -0.3584627
vn 0.6968312 -0.03116205 -0.7165579
vn 0.3492341 0.3145807 -0.882652
vn -0.09193993 0.5760319 -0.8122402
vn -0.5084787 0.6831359 -0.5241895
vn -0.7887713 0.6071942 -0.0956825
vn -0.857713 0.3685551 0.3584626
vn -0.696831 0.03116184 0.7165581
vn -0.3492342 -0.3145807 0.882652
vn -0.3479578 -0.3135859 0.8835096
vn 0.102976 -0.5601953 0.8219351
vn 0.5263177 -0.656701 0.5401235
vn 0.8086331 -0.577244 0.1135862
vn 0.8742756 -0.3431149 -0.3433865
vn 0.7056567 -0.01704849 -0.7083488
vn 0.3479578 0.313586 -0.8835096
vn -0.1029762 0.5601954 -0.8219348
vn -0.5263177 0.656701 -0.5401234
vn -0.8086331 0.577244 -0.1135863
vn -0.8742757 0.343115 0.3433863
vn -0.7056566 0.01704828 0.7083489
vn -0.3479578 -0.3135859 0.8835096
vn -0.345535 -0.310436 0.8855705
vn 0.1110025 -0.5478084 0.8292071
vn 0.5377973 -0.6383961 0.5506583
vn 0.8204895 -0.5579259 0.124561
vn 0.8833323 -0.3279599 -0.3349125
vn 0.7094868 -0.01011739 -0.7046461
vn 0.345535 0.310436 -0.8855705
vn -0.1110028 0.5478085 -0.829207
vn -0.5377973 0.6383961 -0.5506583
vn -0.8204896 0.5579259 -0.124561
vn -0.8833323 0.32796 0.3349123
vn -0.7094865 0.01011712 0.7046463
vn -0.345535 -0.310436 0.8855705
vn -0.3421613 -0.3055029 0.8885908
vn 0.1180664 -0.5364465 0.8356346
vn 0.5466587 -0.6236499 0.558771
vn 0.8287742 -0.5437467 0.1321849
vn 0.8888201 -0.3181469 -0.3298202
vn 0.7107074 -0.007299941 -0.7034498
vn 0.3421613 0.3055029 -0.8885908
vn -0.1180667 0.5364466 -0.8356346
vn -0.5466588 0.6236498 -0.558771
vn -0.8287742 0.5437467 -0.132185
vn -0.8888201 0.318147 0.32982
vn -0.7107072 0.007299733 0.7034501
vn -0.3421613 -0.3055029 0.8885908
vn -0.3319751 -0.2894014 0.8977969
vn 0.1330366 -0.5114931 0.8489264
vn 0.5624015 -0.5965307 0.5725867
vn 0.8410714 -0.5217285 0.1428227
vn 0.8943766 -0.3071292 -0.3252106
vn 0.7080344 -0.01023513 -0.7061037
vn 0.3319751 0.2894014 -0.8977969
vn -0.1330368 0.5114931 -0.8489263
vn -0.5624015 0.5965307 -0.5725867
vn -0.8410714 0.5217285 -0.1428227
vn -0.8943767 0.3071294 0.3252105
vn -0.7080343 0.01023492 0.7061039
vn -0.3319751 -0.2894014 0.8977969
vn -0.3242818 -0.2768012 0.9045565
vn 0.142519 -0.4953772 0.8569071
vn 0.5711322 -0.5812173 0.5796501
vn 0.846711 -0.5113208 0.1470763
vn 0.8954141 -0.3044161 -0.3249066
vn 0.7041917 -0.01594339 -0.7098309
vn 0.3242818 0.2768012 -0.9045565
vn -0.1425192 0.4953774 -0.856907
vn -0.5711322 0.5812173 -0.5796501
vn -0.846711 0.5113208 -0.1470763
vn -0.8954141 0.3044161 0.3249065
vn -0.7041914 0.01594321 0.7098311
vn -0.3242818 -0.2768012 0.9045565
vn -0.3136109 -0.2591293 0.9135098
vn 0.1548425 -0.4743103 0.8666334
vn 0.5818064 -0.5624003 0.5875432
vn 0.8528756 -0.4997957 0.1510212
vn 0.8954173 -0.303271 -0.325967
vn 0.6980327 -0.02548519 -0.7156122
vn 0.3136109 0.2591293 -0.9135098
vn -0.1548428 0.4743103 -0.8666334
vn -0.5818065 0.5624004 -0.5875432
vn -0.8528756 0.4997957 -0.1510212
vn -0.8954174 0.3032711 0.3259668
vn -0.6980325 0.02548501 0.7156124
vn -0.3136109 -0.2591293 0.9135098
vn -0.2999322 -0.2364694 0.9241877
vn 0.170063 -0.4483148 0.8775491
vn 0.5944899 -0.5400347 0.5957718
vn 0.8596239 -0.4870528 0.1543579
vn 0.8944221 -0.3035653 -0.3284163
vn 0.6895606 -0.03873786 -0.7231912
vn 0.2999321 0.2364694 -0.9241877
vn -0.1700631 0.4483148 -0.8775491
vn -0.59449 0.5400348 -0.5957718
vn -0.8596238 0.4870528 -0.1543579
vn -0.8944221 0.3035654 0.3284161
vn -0.6895604 0.03873764 0.7231914
vn -0.2999322 -0.2364694 0.9241877
vn -0.2845557 -0.2111772 0.9351108
vn 0.1866962 -0.4201184 0.8880569
vn 0.6079233 -0.5164893 0.6030489
vn 0.8662579 -0.4744673 0.1564542
vn 0.8924792 -0.3053122 -0.3320624
vn 0.6795613 -0.05434883 -0.7316028
vn 0.2845557 0.2111772 -0.9351108
vn -0.1866965 0.4201185 -0.8880568
vn -0.6079234 0.5164894 -0.6030488
vn -0.8662579 0.4744674 -0.1564542
vn -0.8924792 0.3053122 0.3320622
vn -0.6795611 0.05434862 0.731603
vn -0.2845557 -0.2111772 0.9351108
vn -0.2680825 -0.1843484 0.9455937
vn 0.2040068 -0.3911371 0.897437
vn 0.621433 -0.4931208 0.6088127
vn 0.8723466 -0.4629733 0.1570573
vn 0.8895155 -0.3087724 -0.3367815
vn 0.6683394 -0.0718362 -0.7403796
vn 0.2680825 0.1843484 -0.9455937
vn -0.2040072 0.3911371 -0.8974368
vn -0.621433 0.4931208 -0.6088127
vn -0.8723466 0.4629734 -0.1570574
vn -0.8895156 0.3087725 0.3367813
vn -0.6683392 0.07183598 0.7403798
vn -0.2680825 -0.1843484 0.9455937
vn -0.2514227 -0.1575455 0.9549691
vn 0.2209758 -0.3632235 0.9051179
vn 0.6341642 -0.4715762 0.6127411
vn 0.8774289 -0.4535704 0.1561805
vn 0.885587 -0.3140306 -0.3422285
vn 0.6564528 -0.09034667 -0.7489373
vn 0.2514227 0.1575455 -0.9549691
vn -0.2209759 0.3632236 -0.9051179
vn -0.6341643 0.4715762 -0.612741
vn -0.8774289 0.4535704 -0.1561806
vn -0.8855871 0.3140307 0.3422283
vn -0.6564525 0.09034651 0.7489375
vn -0.2514227 -0.1575455 0.9549691
vn -0.2356598 -0.1325501 0.9627538
vn 0.2364684 -0.3383358 0.9108301
vn 0.6452355 -0.453465 0.6148502
vn 0.8811122 -0.4470884 0.1541214
vn 0.8808953 -0.3209147 -0.3479041
vn 0.6446434 -0.1087523 -0.7567086
vn 0.2356598 0.1325501 -0.9627538
vn -0.2364687 0.338336 -0.91083
vn -0.6452355 0.4534649 -0.6148501
vn -0.8811122 0.4470884 -0.1541215
vn -0.8808953 0.3209148 0.3479039
vn -0.6446431 0.1087522 0.7567088
vn -0.2356598 -0.1325501 0.9627538
vn -0.2218239 -0.1109982 0.9687485
vn 0.2494764 -0.3181143 0.9146392
vn 0.65393 -0.4399922 0.6154529
vn 0.8831636 -0.4439744 0.1513565
vn 0.8757541 -0.3289939 -0.3532959
vn 0.6336868 -0.1258599 -0.7632826
vn 0.2218239 0.1109982 -0.9687485
vn -0.2494766 0.3181145 -0.914639
vn -0.6539301 0.4399922 -0.6154529
vn -0.8831636 0.4439744 -0.1513566
vn -0.8757541 0.328994 0.3532957
vn -0.6336866 0.1258597 0.7632828
vn -0.2218239 -0.1109982 0.9687485
vn -0.2025402 -0.08218275 0.9758194
vn 0.2658124 -0.2948596 0.9178243
vn 0.662941 -0.4285291 0.613899
vn 0.882435 -0.4473747 0.1454797
vn 0.8654811 -0.3463464 -0.3619209
vn 0.6166221 -0.1525149 -0.7723446
vn 0.2025401 0.08218275 -0.9758194
vn -0.2658126 0.2948596 -0.9178243
vn -0.662941 0.4285292 -0.6138989
vn -0.882435 0.4473747 -0.1454798
vn -0.8654811 0.3463465 0.3619207
vn -0.616622 0.1525148 0.7723449
vn -0.2025402 -0.08218275 0.9758194
vn -0.190141 -0.06534772 0.9795796
vn 0.2707825 -0.2924999 0.9171262
vn 0.6591501 -0.4412773 0.6089298
vn 0.8708991 -0.4718147 0.1375708
vn 0.8492911 -0.3759295 -0.3706503
vn 0.6001163 -0.1793145 -0.7795556
vn 0.1901409 0.06534775 -0.9795796
vn -0.2707827 0.2925001 -0.9171262
vn -0.6591502 0.4412774 -0.6089297
vn -0.8708991 0.4718147 -0.1375709
vn -0.8492912 0.3759296 0.3706501
vn -0.600116 0.1793143 0.7795557
vn -0.190141 -0.06534772 0.9795796
vn -0.1851938 -0.05933729 0.980909
vn 0.2703119 -0.2965032 0.915979
vn 0.6533878 -0.4542214 0.6056131
vn 0.8613891 -0.4902314 0.1329735
vn 0.8385817 -0.3948841 -0.3752963
vn 0.5910769 -0.193728 -0.7830054
vn 0.1851937 0.05933731 -0.980909
vn -0.270312 0.2965032 -0.9159788
vn -0.6533879 0.4542214 -0.605613
vn -0.8613891 0.4902314 -0.1329736
vn -0.8385817 0.3948841 0.3752961
vn -0.5910767 0.1937278 0.7830057
vn -0.1851938 -0.05933729 0.980909
vn -0.1811971 -0.05515068 0.9818991
vn 0.2687021 -0.3021548 0.9146047
vn 0.646603 -0.468197 0.6022425
vn 0.8512473 -0.5087861 0.1285098
vn 0.8278002 -0.4130463 -0.3796571
vn 0.5825447 -0.2066311 -0.7860949
vn 0.181197 0.05515067 -0.9818991
vn -0.2687024 0.3021549 -0.9146045
vn -0.646603 0.468197 -0.6022425
vn -0.8512472 0.5087861 -0.1285099
vn -0.8278003 0.4130464 0.3796569
vn -0.5825445 0.2066309 0.7860951
vn -0.1811971 -0.05515068 0.9818991
vn -0.1779795 -0.0525473 0.9826301
vn 0.2665702 -0.3084632 0.9131215
vn 0.639693 -0.4817268 0.5989426
vn 0.8414105 -0.5259121 0.1242773
vn 0.8176726 -0.4291795 -0.3836881
vn 0.5748399 -0.2174486 -0.7888442
vn 0.1779795 0.05254733 -0.9826303
vn -0.2665703 0.3084634 -0.9131213
vn -0.6396929 0.4817268 -0.5989425
vn -0.8414105 0.5259121 -0.1242774
vn -0.8176726 0.4291795 0.3836879
vn -0.5748398 0.2174485 0.7888444
vn -0.1779795 -0.0525473 0.9826301
vn -0.1753201 -0.05121124 0.9831787
vn 0.2643684 -0.3148349 0.9115856
vn 0.6332199 -0.4940988 0.5957339
vn 0.8324006 -0.5409694 0.1202555
vn 0.8085399 -0.4428875 -0.3874452
vn 0.5680317 -0.2261344 -0.79133
vn 0.17532 0.05121127 -0.9831787
vn -0.2643686 0.314835 -0.9115855
vn -0.63322 0.494099 -0.5957338
vn -0.8324006 0.5409694 -0.1202556
vn -0.80854 0.4428875 0.387445
vn -0.5680315 0.2261342 0.7913302
vn -0.1753201 -0.05121124 0.9831787
vn -0.1730121 -0.05085314 0.983606
vn 0.2623835 -0.3209722 0.9100174
vn 0.6274739 -0.5050872 0.5925904
vn 0.8244332 -0.5538645 0.116379
vn 0.800486 -0.454234 -0.391016
vn 0.5620493 -0.232892 -0.7936383
vn 0.173012 0.05085317 -0.983606
vn -0.2623837 0.3209724 -0.9100173
vn -0.627474 0.5050873 -0.5925903
vn -0.8244332 0.5538644 -0.1163791
vn -0.8004861 0.454234 0.3910158
vn -0.5620491 0.2328918 0.7936385
vn -0.1730121 -0.05085314 0.983606
vn -0.1719359 -0.05096724 0.9837888
vn 0.2615262 -0.3239129 0.9092218
vn 0.6249129 -0.5100664 0.5910296
vn 0.8208545 -0.5595481 0.1144714
vn 0.7968488 -0.4590991 -0.3927595
vn 0.559328 -0.235635 -0.7947505
vn 0.1719358 0.05096724 -0.9837888
vn -0.2615263 0.3239129 -0.9092218
vn -0.6249129 0.5100666 -0.5910296
vn -0.8208546 0.5595481 -0.1144714
vn -0.7968488 0.4590992 0.3927593
vn -0.5593278 0.2356348 0.7947506
vn -0.1719359 -0.05096724 0.9837888
vn -0.1708876 -0.05124527 0.983957
vn 0.2607762 -0.3267613 0.9084178
vn 0.6225655 -0.514722 0.5894687
vn 0.8175389 -0.5647634 0.1125717
vn 0.7934531 -0.4634767 -0.3944888
vn 0.5567624 -0.2380018 -0.7958459
vn 0.1708875 0.05124527 -0.983957
vn -0.2607764 0.3267615 -0.9084177
vn -0.6225655 0.514722 -0.5894686
vn -0.8175389 0.5647634 -0.1125718
vn -0.7934532 0.4634768 0.3944886
vn -0.5567621 0.2380017 0.7958462
vn -0.1708876 -0.05124527 0.983957
vn 0.2607762 -0.3267613 0.9084178
vn 0.6225655 -0.514722 0.5894687
vn 0.8175389 -0.5647634 0.1125717
vn 0.7934531 -0.4634767 -0.3944888
vn 0.5567624 -0.2380018 -0.7958459
vn 0.1708875 0.05124527 -0.983957
vn -0.2607764 0.3267615 -0.9084177
vn -0.6225655 0.514722 -0.5894686
vn -0.8175389 0.5647634 -0.1125718
vn -0.7934532 0.4634768 0.3944886
vn -0.5567621 0.2380017 0.7958462
vn -0.1708876 -0.05124527 0.983957
vn 0.5693559 0.3361666 0.7502173
vn 0.8298944 0.2008088 0.5205296
vn 0.9703023 0.1647721 0.1770976
vn 0.9529572 0.2377126 -0.1880563
vn 0.782507 0.4000857 -0.4770894
vn 0.5046235 0.6083838 -0.6125555
vn 0.1937656 0.8067937 -0.5581566
vn -0.06677275 0.9421515 -0.3284689
vn -0.2071806 0.9781882 0.01496303
vn -0.1898356 0.9052479 0.3801169
vn -0.01938535 0.7428743 0.6691501
vn 0.2584979 0.5345763 0.8046161
vn 0.6074018 0.6441726 0.4648704
vn 0.7413369 0.5745894 0.3467948
vn 0.8135164 0.5560639 0.1702469
vn 0.8045999 0.5935605 -0.0174678
vn 0.7169765 0.6770316 -0.166051
vn 0.574125 0.7841114 -0.2356901
vn 0.4143221 0.886108 -0.2077252
vn 0.2803872 0.9556913 -0.0896498
vn 0.2082078 0.9742166 0.08689826
vn 0.2171244 0.9367203 0.2746129
vn 0.3047478 0.853249 0.4231962
vn 0.4475991 0.7461691 0.4928352
vn 0.5763772 0.7803987 0.2424192
vn 0.6181708 0.7586856 0.2055745
vn 0.640694 0.752905 0.1504837
vn 0.6379116 0.7646055 0.09190845
vn 0.6105692 0.7906522 0.04554391
vn 0.5659934 0.8240658 0.02381349
vn 0.5161278 0.8558933 0.03253978
vn 0.4743342 0.8776063 0.06938445
vn 0.4518111 0.883387 0.1244752
vn 0.4545934 0.8716865 0.1830505
vn 0.4819357 0.8456398 0.2294151
vn 0.5265116 0.8122262 0.2511455
vn 0.5499341 0.8236603 0.1384062

vt 0 -0.00125
vt 0.9815734 -0.001185
vt 0.9840243 -0.001185
vt 0.9907557 -0.001185
vt 0 -0.001185
vt 0.009244293 -0.001185
vt 0.01597574 -0.001185
vt 0.0184266 -0.001185
vt 0.01597574 -0.001185
vt 0.009244293 -0.001185
vt 1 -0.001185
vt 0.9907557 -0.001185
vt 0.9840243 -0.001185
vt 0.9396443 -0.0007050002
vt 0.9471089 -0.0007050002
vt 0.9686971 -0.0007050002
vt 0 -0.0007050002
vt 0.0313029 -0.0007050002
vt 0.05289117 -0.0007050002
vt 0.06035572 -0.0007050002
vt 0.05289117 -0.0007050002
vt 0.0313029 -0.0007050002
vt 1 -0.0007050002
vt 0.9686971 -0.0007050002
vt 0.9471089 -0.0007050002
vt 0.8720391 0.0001650001
vt 0.8834689 0.0001650001
vt 0.9238126 0.0001650001
vt 2.980232E-08 0.0001650001
vt 0.07618743 0.0001650001
vt 0.1165311 0.0001650001
vt 0.1279609 0.0001650001
vt 0.1165311 0.0001650001
vt 0.07618737 0.0001650001
vt 1 0.0001650001
vt 0.9238126 0.0001650001
vt 0.8834688 0.0001650001
vt 0.75 0.00125
vt 0.75 0.00125
vt 0.75 0.00125
vt 0.25 0.00125
vt 0.25 0.00125
vt 0.25 0.00125
vt 0.25 0.00125
vt 0.25 0.00125
vt 0.25 0.00125
vt 0.75 0.00125
vt 0.75 0.00125
vt 0.75 0.00125
vt 0 0.002500001
vt 0.08333334 0.002500001
vt 0.1666667 0.002500001
vt 0.25 0.002500001
vt 0.3333333 0.002500001
vt 0.4166667 0.002500001
vt 0.5 0.002500001
vt 0.5833333 0.002500001
vt 0.6666667 0.002500001
vt 0.75 0.002500001
vt 0.8333333 0.002500001
vt 0.9166667 0.002500001
vt 1 0.002500001
vt 0 0.2313033
vt 0.08333334 0.2313033
vt 0.1666667 0.2313033
vt 0.25 0.2313033
vt 0.3333333 0.2313033
vt 0.4166667 0.2313033
vt 0.5 0.2313033
vt 0.5833333 0.2313033
vt 0.6666667 0.2313033
vt 0.75 0.2313033
vt 0.8333333 0.2313033
vt 0.9166667 0.2313033
vt 1 0.2313033
vt 0 0.5287057
vt 0.08333334 0.5287057
vt 0.1666667 0.5287057
vt 0.25 0.5287057
vt 0.3333333 0.5287057
vt 0.4166667 0.5287057
vt 0.5 0.5287057
vt 0.5833333 0.5287057
vt 0.6666667 0.5287057
vt 0.75 0.5287057
vt 0.8333333 0.5287057
vt 0.9166667 0.5287057
vt 1 0.5287057
vt 0 0.8806979
vt 0.08333334 0.8806979
vt 0.1666667 0.8806979
vt 0.25 0.8806979
vt 0.3333333 0.8806979
vt 0.4166667 0.8806979
vt 0.5 0.8806979
vt 0.5833333 0.8806979
vt 0.6666667 0.8806979
vt 0.75 0.8806979
vt 0.8333333 0.8806979
vt 0.9166667 0.8806979
vt 1 0.8806979
vt 0 1.272961
vt 0.08333334 1.272961
vt 0.1666667 1.272961
vt 0.25 1.272961
vt 0.3333333 1.272961
vt 0.4166667 1.272961
vt 0.5 1.272961
vt 0.5833333 1.272961
vt 0.6666667 1.272961
vt 0.75 1.272961
vt 0.8333333 1.272961
vt 0.9166667 1.272961
vt 1 1.272961
vt 0 2.120566
vt 0.08333334 2.120566
vt 0.1666667 2.120566
vt 0.25 2.120566
vt 0.3333333 2.120566
vt 0.4166667 2.120566
vt 0.5 2.120566
vt 0.5833333 2.120566
vt 0.6666667 2.120566
vt 0.75 2.120566
vt 0.8333333 2.120566
vt 0.9166667 2.120566
vt 1 2.120566
vt 0 2.547073
vt 0.08333334 2.547073
vt 0.1666667 2.547073
vt 0.25 2.547073
vt 0.3333333 2.547073
vt 0.4166667 2.547073
vt 0.5 2.547073
vt 0.5833333 2.547073
vt 0.6666667 2.547073
vt 0.75 2.547073
vt 0.8333333 2.547073
vt 0.9166667 2.547073
vt 1 2.547073
vt 0 2.95621
vt 0.08333334 2.95621
vt 0.1666667 2.95621
vt 0.25 2.95621
vt 0.3333333 2.95621
vt 0.4166667 2.95621
vt 0.5 2.95621
vt 0.5833333 2.95621
vt 0.6666667 2.95621
vt 0.75 2.95621
vt 0.8333333 2.95621
vt 0.9166667 2.95621
vt 1 2.95621
vt 0 3.337274
vt 0.08333334 3.337274
vt 0.1666667 3.337274
vt 0.25 3.337274
vt 0.3333333 3.337274
vt 0.4166667 3.337274
vt 0.5 3.337274
vt 0.5833333 3.337274
vt 0.6666667 3.337274
vt 0.75 3.337274
vt 0.8333333 3.337274
vt 0.9166667 3.337274
vt 1 3.337274
vt 0 3.693736
vt 0.08333334 3.693736
vt 0.1666667 3.693736
vt 0.25 3.693736
vt 0.3333333 3.693736
vt 0.4166667 3.693736
vt 0.5 3.693736
vt 0.5833333 3.693736
vt 0.6666667 3.693736
vt 0.75 3.693736
vt 0.8333333 3.693736
vt 0.9166667 3.693736
vt 1 3.693736
vt 0 4.032595
vt 0.08333334 4.032595
vt 0.1666667 4.032595
vt 0.25 4.032595
vt 0.3333333 4.032595
vt 0.4166667 4.032595
vt 0.5 4.032595
vt 0.5833333 4.032595
vt 0.6666667 4.032595
vt 0.75 4.032595
vt 0.8333333 4.032595
vt 0.9166667 4.032595
vt 1 4.032595
vt 0 4.360815
vt 0.08333334 4.360815
vt 0.1666667 4.360815
vt 0.25 4.360815
vt 0.3333333 4.360815
vt 0.4166667 4.360815
vt 0.5 4.360815
vt 0.5833333 4.360815
vt 0.6666667 4.360815
vt 0.75 4.360815
vt 0.8333333 4.360815
vt 0.9166667 4.360815
vt 1 4.360815
vt 0 4.685287
vt 0.08333334 4.685287
vt 0.1666667 4.685287
vt 0.25 4.685287
vt 0.3333333 4.685287
vt 0.4166667 4.685287
vt 0.5 4.685287
vt 0.5833333 4.685287
vt 0.6666667 4.685287
vt 0.75 4.685287
vt 0.8333333 4.685287
vt 0.9166667 4.685287
vt 1 4.685287
vt 0 5.012789
vt 0.08333334 5.012789
vt 0.1666667 5.012789
vt 0.25 5.012789
vt 0.3333333 5.012789
vt 0.4166667 5.012789
vt 0.5 5.012789
vt 0.5833333 5.012789
vt 0.6666667 5.012789
vt 0.75 5.012789
vt 0.8333333 5.012789
vt 0.9166667 5.012789
vt 1 5.012789
vt 0 5.703344
vt 0.08333334 5.703344
vt 0.1666667 5.703344
vt 0.25 5.703344
vt 0.3333333 5.703344
vt 0.4166667 5.703344
vt 0.5 5.703344
vt 0.5833333 5.703344
vt 0.6666667 5.703344
vt 0.75 5.703344
vt 0.8333333 5.703344
vt 0.9166667 5.703344
vt 1 5.703344
vt 0 6.499568
vt 0.08333334 6.499568
vt 0.1666667 6.499568
vt 0.25 6.499568
vt 0.3333333 6.499568
vt 0.4166667 6.499568
vt 0.5 6.499568
vt 0.5833333 6.499568
vt 0.6666667 6.499568
vt 0.75 6.499568
vt 0.8333333 6.499568
vt 0.9166667 6.499568
vt 1 6.499568
vt 0 6.97611
vt 0.08333334 6.97611
vt 0.1666667 6.97611
vt 0.25 6.97611
vt 0.3333333 6.97611
vt 0.4166667 6.97611
vt 0.5 6.97611
vt 0.5833333 6.97611
vt 0.6666667 6.97611
vt 0.75 6.97611
vt 0.8333333 6.97611
vt 0.9166667 6.97611
vt 1 6.97611
vt 0 7.528865
vt 0.08333334 7.528865
vt 0.1666667 7.528865
vt 0.25 7.528865
vt 0.3333333 7.528865
vt 0.4166667 7.528865
vt 0.5 7.528865
vt 0.5833333 7.528865
vt 0.6666667 7.528865
vt 0.75 7.528865
vt 0.8333333 7.528865
vt 0.9166667 7.528865
vt 1 7.528865
vt 0 8.175931
vt 0.08333334 8.175931
vt 0.1666667 8.175931
vt 0.25 8.175931
vt 0.3333333 8.175931
vt 0.4166667 8.175931
vt 0.5 8.175931
vt 0.5833333 8.175931
vt 0.6666667 8.175931
vt 0.75 8.175931
vt 0.8333333 8.175931
vt 0.9166667 8.175931
vt 1 8.175931
vt 0 8.935467
vt 0.08333334 8.935467
vt 0.1666667 8.935467
vt 0.25 8.935467
vt 0.3333333 8.935467
vt 0.4166667 8.935467
vt 0.5 8.935467
vt 0.5833333 8.935467
vt 0.6666667 8.935467
vt 0.75 8.935467
vt 0.8333333 8.935467
vt 0.9166667 8.935467
vt 1 8.935467
vt 0 9.825659
vt 0.08333334 9.825659
vt 0.1666667 9.825659
vt 0.25 9.825659
vt 0.3333333 9.825659
vt 0.4166667 9.825659
vt 0.5 9.825659
vt 0.5833333 9.825659
vt 0.6666667 9.825659
vt 0.75 9.825659
vt 0.8333333 9.825659
vt 0.9166667 9.825659
vt 1 9.825659
vt 0 10.32544
vt 0.08333334 10.32544
vt 0.1666667 10.32544
vt 0.25 10.32544
vt 0.3333333 10.32544
vt 0.4166667 10.32544
vt 0.5 10.32544
vt 0.5833333 10.32544
vt 0.6666667 10.32544
vt 0.75 10.32544
vt 0.8333333 10.32544
vt 0.9166667 10.32544
vt 1 10.32544
vt 0 10.86596
vt 0.08333334 10.86596
vt 0.1666667 10.86596
vt 0.25 10.86596
vt 0.3333333 10.86596
vt 0.4166667 10.86596
vt 0.5 10.86596
vt 0.5833333 10.86596
vt 0.6666667 10.86596
vt 0.75 10.86596
vt 0.8333333 10.86596
vt 0.9166667 10.86596
vt 1 10.86596
vt 0.75 10.86596
vt 0.75 10.86596
vt 0.25 10.86596
vt 0.25 10.86596
vt 0.25 10.86596
vt 0.25 10.86596
vt 0.25 10.86596
vt 0.25 10.86596
vt 0.75 10.86596
vt 0.75 10.86596
vt 0.75 10.86596
vt 0.75 10.86596
vt 0.6165311 10.86704
vt 0.5761874 10.86704
vt 0.5 10.86704
vt 0.4238126 10.86704
vt 0.3834689 10.86704
vt 0.3720391 10.86704
vt 0.3834689 10.86704
vt 0.4238126 10.86704
vt 0.5 10.86704
vt 0.5761874 10.86704
vt 0.6165311 10.86704
vt 0.6279609 10.86704
vt 0.5528911 10.86791
vt 0.5313029 10.86791
vt 0.5 10.86791
vt 0.4686971 10.86791
vt 0.4471088 10.86791
vt 0.4396443 10.86791
vt 0.4471089 10.86791
vt 0.4686971 10.86791
vt 0.5 10.86791
vt 0.5313029 10.86791
vt 0.5528911 10.86791
vt 0.5603557 10.86791
vt 0.5159757 10.86839
vt 0.5092443 10.86839
vt 0.5 10.86839
vt 0.4907557 10.86839
vt 0.4840243 10.86839
vt 0.4815734 10.86839
vt 0.4840243 10.86839
vt 0.4907557 10.86839
vt 0.5 10.86839
vt 0.5092443 10.86839
vt 0.5159757 10.86839
vt 0.5184266 10.86839
vt 0 10.86846

usemap Standard_FF301B
usemtl Standard_FF301B
f 1283/1283/1283 1282/1282/1282 1281/1281/1281 1280/1280/1280 
f 1285/1285/1285 1284/1284/1284 1283/1283/1283 1280/1280/1280 
f 1287/1287/1287 1286/1286/1286 1285/1285/1285 1280/1280/1280 
f 1289/1289/1289 1288/1288/1288 1287/1287/1287 1280/1280/1280 
f 1291/1291/1291 1290/1290/1290 1289/1289/1289 1280/1280/1280 
f 1281/1281/1281 1292/1292/1292 1291/1291/1291 1280/1280/1280 
f 1282/1282/1282 1294/1294/1294 1293/1293/1293 1281/1281/1281 
f 1283/1283/1283 1295/1295/1295 1294/1294/1294 1282/1282/1282 
f 1284/1284/1284 1296/1296/1296 1295/1295/1295 1283/1283/1283 
f 1285/1285/1285 1297/1297/1297 1296/1296/1296 1284/1284/1284 
f 1286/1286/1286 1298/1298/1298 1297/1297/1297 1285/1285/1285 
f 1287/1287/1287 1299/1299/1299 1298/1298/1298 1286/1286/1286 
f 1288/1288/1288 1300/1300/1300 1299/1299/1299 1287/1287/1287 
f 1289/1289/1289 1301/1301/1301 1300/1300/1300 1288/1288/1288 
f 1290/1290/1290 1302/1302/1302 1301/1301/1301 1289/1289/1289 
f 1291/1291/1291 1303/1303/1303 1302/1302/1302 1290/1290/1290 
f 1292/1292/1292 1304/1304/1304 1303/1303/1303 1291/1291/1291 
f 1281/1281/1281 1293/1293/1293 1304/1304/1304 1292/1292/1292 
f 1294/1294/1294 1306/1306/1306 1305/1305/1305 1293/1293/1293 
f 1295/1295/1295 1307/1307/1307 1306/1306/1306 1294/1294/1294 
f 1296/1296/1296 1308/1308/1308 1307/1307/1307 1295/1295/1295 
f 1297/1297/1297 1309/1309/1309 1308/1308/1308 1296/1296/1296 
f 1298/1298/1298 1310/1310/1310 1309/1309/1309 1297/1297/1297 
f 1299/1299/1299 1311/1311/1311 1310/1310/1310 1298/1298/1298 
f 1300/1300/1300 1312/1312/1312 1311/1311/1311 1299/1299/1299 
f 1301/1301/1301 1313/1313/1313 1312/1312/1312 1300/1300/1300 
f 1302/1302/1302 1314/1314/1314 1313/1313/1313 1301/1301/1301 
f 1303/1303/1303 1315/1315/1315 1314/1314/1314 1302/1302/1302 
f 1304/1304/1304 1316/1316/1316 1315/1315/1315 1303/1303/1303 
f 1293/1293/1293 1305/1305/1305 1316/1316/1316 1304/1304/1304 
f 1306/1306/1306 1318/1318/1318 1317/1317/1317 1305/1305/1305 
f 1307/1307/1307 1319/1319/1319 1318/1318/1318 1306/1306/1306 
f 1308/1308/1308 1320/1320/1320 1319/1319/1319 1307/1307/1307 
f 1309/1309/1309 1321/1321/1321 1320/1320/1320 1308/1308/1308 
f 1310/1310/1310 1322/1322/1322 1321/1321/1321 1309/1309/1309 
f 1311/1311/1311 1323/1323/1323 1322/1322/1322 1310/1310/1310 
f 1312/1312/1312 1324/1324/1324 1323/1323/1323 1311/1311/1311 
f 1313/1313/1313 1325/1325/1325 1324/1324/1324 1312/1312/1312 
f 1314/1314/1314 1326/1326/1326 1325/1325/1325 1313/1313/1313 
f 1315/1315/1315 1327/1327/1327 1326/1326/1326 1314/1314/1314 
f 1316/1316/1316 1328/1328/1328 1327/1327/1327 1315/1315/1315 
f 1305/1305/1305 1317/1317/1317 1328/1328/1328 1316/1316/1316 
f 1318/1318/1318 1330/1330/1330 1329/1329/1329 1317/1317/1317 
f 1319/1319/1319 1331/1331/1331 1330/1330/1330 1318/1318/1318 
f 1320/1320/1320 1332/1332/1332 1331/1331/1331 1319/1319/1319 
f 1321/1321/1321 1333/1333/1333 1332/1332/1332 1320/1320/1320 
f 1322/1322/1322 1334/1334/1334 1333/1333/1333 1321/1321/1321 
f 1323/1323/1323 1335/1335/1335 1334/1334/1334 1322/1322/1322 
f 1324/1324/1324 1336/1336/1336 1335/1335/1335 1323/1323/1323 
f 1325/1325/1325 1337/1337/1337 1336/1336/1336 1324/1324/1324 
f 1326/1326/1326 1338/1338/1338 1337/1337/1337 1325/1325/1325 
f 1327/1327/1327 1339/1339/1339 1338/1338/1338 1326/1326/1326 
f 1328/1328/1328 1340/1340/1340 1339/1339/1339 1327/1327/1327 
f 1317/1317/1317 1341/1341/1341 1340/1340/1340 1328/1328/1328 
f 1330/1330/1330 1343/1343/1343 1342/1342/1342 1329/1329/1329 
f 1331/1331/1331 1344/1344/1344 1343/1343/1343 1330/1330/1330 
f 1332/1332/1332 1345/1345/1345 1344/1344/1344 1331/1331/1331 
f 1333/1333/1333 1346/1346/1346 1345/1345/1345 1332/1332/1332 
f 1334/1334/1334 1347/1347/1347 1346/1346/1346 1333/1333/1333 
f 1335/1335/1335 1348/1348/1348 1347/1347/1347 1334/1334/1334 
f 1336/1336/1336 1349/1349/1349 1348/1348/1348 1335/1335/1335 
f 1337/1337/1337 1350/1350/1350 1349/1349/1349 1336/1336/1336 
f 1338/1338/1338 1351/1351/1351 1350/1350/1350 1337/1337/1337 
f 1339/1339/1339 1352/1352/1352 1351/1351/1351 1338/1338/1338 
f 1340/1340/1340 1353/1353/1353 1352/1352/1352 1339/1339/1339 
f 1341/1341/1341 1354/1354/1354 1353/1353/1353 1340/1340/1340 
f 1343/1343/1343 1356/1356/1356 1355/1355/1355 1342/1342/1342 
f 1344/1344/1344 1357/1357/1357 1356/1356/1356 1343/1343/1343 
f 1345/1345/1345 1358/1358/1358 1357/1357/1357 1344/1344/1344 
f 1346/1346/1346 1359/1359/1359 1358/1358/1358 1345/1345/1345 
f 1347/1347/1347 1360/1360/1360 1359/1359/1359 1346/1346/1346 
f 1348/1348/1348 1361/1361/1361 1360/1360/1360 1347/1347/1347 
f 1349/1349/1349 1362/1362/1362 1361/1361/1361 1348/1348/1348 
f 1350/1350/1350 1363/1363/1363 1362/1362/1362 1349/1349/1349 
f 1351/1351/1351 1364/1364/1364 1363/1363/1363 1350/1350/1350 
f 1352/1352/1352 1365/1365/1365 1364/1364/1364 1351/1351/1351 
f 1353/1353/1353 1366/1366/1366 1365/1365/1365 1352/1352/1352 
f 1354/1354/1354 1367/1367/1367 1366/1366/1366 1353/1353/1353 
f 1356/1356/1356 1369/1369/1369 1368/1368/1368 1355/1355/1355 
f 1357/1357/1357 1370/1370/1370 1369/1369/1369 1356/1356/1356 
f 1358/1358/1358 1371/1371/1371 1370/1370/1370 1357/1357/1357 
f 1359/1359/1359 1372/1372/1372 1371/1371/1371 1358/1358/1358 
f 1360/1360/1360 1373/1373/1373 1372/1372/1372 1359/1359/1359 
f 1361/1361/1361 1374/1374/1374 1373/1373/1373 1360/1360/1360 
f 1362/1362/1362 1375/1375/1375 1374/1374/1374 1361/1361/1361 
f 1363/1363/1363 1376/1376/1376 1375/1375/1375 1362/1362/1362 
f 1364/1364/1364 1377/1377/1377 1376/1376/1376 1363/1363/1363 
f 1365/1365/1365 1378/1378/1378 1377/1377/1377 1364/1364/1364 
f 1366/1366/1366 1379/1379/1379 1378/1378/1378 1365/1365/1365 
f 1367/1367/1367 1380/1380/1380 1379/1379/1379 1366/1366/1366 
f 1369/1369/1369 1382/1382/1382 1381/1381/1381 1368/1368/1368 
f 1370/1370/1370 1383/1383/1383 1382/1382/1382 1369/1369/1369 
f 1371/1371/1371 1384/1384/1384 1383/1383/1383 1370/1370/1370 
f 1372/1372/1372 1385/1385/1385 1384/1384/1384 1371/1371/1371 
f 1373/1373/1373 1386/1386/1386 1385/1385/1385 1372/1372/1372 
f 1374/1374/1374 1387/1387/1387 1386/1386/1386 1373/1373/1373 
f 1375/1375/1375 1388/1388/1388 1387/1387/1387 1374/1374/1374 
f 1376/1376/1376 1389/1389/1389 1388/1388/1388 1375/1375/1375 
f 1377/1377/1377 1390/1390/1390 1389/1389/1389 1376/1376/1376 
f 1378/1378/1378 1391/1391/1391 1390/1390/1390 1377/1377/1377 
f 1379/1379/1379 1392/1392/1392 1391/1391/1391 1378/1378/1378 
f 1380/1380/1380 1393/1393/1393 1392/1392/1392 1379/1379/1379 
f 1382/1382/1382 1395/1395/1395 1394/1394/1394 1381/1381/1381 
f 1383/1383/1383 1396/1396/1396 1395/1395/1395 1382/1382/1382 
f 1384/1384/1384 1397/1397/1397 1396/1396/1396 1383/1383/1383 
f 1385/1385/1385 1398/1398/1398 1397/1397/1397 1384/1384/1384 
f 1386/1386/1386 1399/1399/1399 1398/1398/1398 1385/1385/1385 
f 1387/1387/1387 1400/1400/1400 1399/1399/1399 1386/1386/1386 
f 1388/1388/1388 1401/1401/1401 1400/1400/1400 1387/1387/1387 
f 1389/1389/1389 1402/1402/1402 1401/1401/1401 1388/1388/1388 
f 1390/1390/1390 1403/1403/1403 1402/1402/1402 1389/1389/1389 
f 1391/1391/1391 1404/1404/1404 1403/1403/1403 1390/1390/1390 
f 1392/1392/1392 1405/1405/1405 1404/1404/1404 1391/1391/1391 
f 1393/1393/1393 1406/1406/1406 1405/1405/1405 1392/1392/1392 
f 1395/1395/1395 1408/1408/1408 1407/1407/1407 1394/1394/1394 
f 1396/1396/1396 1409/1409/1409 1408/1408/1408 1395/1395/1395 
f 1397/1397/1397 1410/1410/1410 1409/1409/1409 1396/1396/1396 
f 1398/1398/1398 1411/1411/1411 1410/1410/1410 1397/1397/1397 
f 1399/1399/1399 1412/1412/1412 1411/1411/1411 1398/1398/1398 
f 1400/1400/1400 1413/1413/1413 1412/1412/1412 1399/1399/1399 
f 1401/1401/1401 1414/1414/1414 1413/1413/1413 1400/1400/1400 
f 1402/1402/1402 1415/1415/1415 1414/1414/1414 1401/1401/1401 
f 1403/1403/1403 1416/1416/1416 1415/1415/1415 1402/1402/1402 
f 1404/1404/1404 1417/1417/1417 1416/1416/1416 1403/1403/1403 
f 1405/1405/1405 1418/1418/1418 1417/1417/1417 1404/1404/1404 
f 1406/1406/1406 1419/1419/1419 1418/1418/1418 1405/1405/1405 
f 1408/1408/1408 1421/1421/1421 1420/1420/1420 1407/1407/1407 
f 1409/1409/1409 1422/1422/1422 1421/1421/1421 1408/1408/1408 
f 1410/1410/1410 1423/1423/1423 1422/1422/1422 1409/1409/1409 
f 1411/1411/1411 1424/1424/1424 1423/1423/1423 1410/1410/1410 
f 1412/1412/1412 1425/1425/1425 1424/1424/1424 1411/1411/1411 
f 1413/1413/1413 1426/1426/1426 1425/1425/1425 1412/1412/1412 
f 1414/1414/1414 1427/1427/1427 1426/1426/1426 1413/1413/1413 
f 1415/1415/1415 1428/1428/1428 1427/1427/1427 1414/1414/1414 
f 1416/1416/1416 1429/1429/1429 1428/1428/1428 1415/1415/1415 
f 1417/1417/1417 1430/1430/1430 1429/1429/1429 1416/1416/1416 
f 1418/1418/1418 1431/1431/1431 1430/1430/1430 1417/1417/1417 
f 1419/1419/1419 1432/1432/1432 1431/1431/1431 1418/1418/1418 
f 1421/1421/1421 1434/1434/1434 1433/1433/1433 1420/1420/1420 
f 1422/1422/1422 1435/1435/1435 1434/1434/1434 1421/1421/1421 
f 1423/1423/1423 1436/1436/1436 1435/1435/1435 1422/1422/1422 
f 1424/1424/1424 1437/1437/1437 1436/1436/1436 1423/1423/1423 
f 1425/1425/1425 1438/1438/1438 1437/1437/1437 1424/1424/1424 
f 1426/1426/1426 1439/1439/1439 1438/1438/1438 1425/1425/1425 
f 1427/1427/1427 1440/1440/1440 1439/1439/1439 1426/1426/1426 
f 1428/1428/1428 1441/1441/1441 1440/1440/1440 1427/1427/1427 
f 1429/1429/1429 1442/1442/1442 1441/1441/1441 1428/1428/1428 
f 1430/1430/1430 1443/1443/1443 1442/1442/1442 1429/1429/1429 
f 1431/1431/1431 1444/1444/1444 1443/1443/1443 1430/1430/1430 
f 1432/1432/1432 1445/1445/1445 1444/1444/1444 1431/1431/1431 
f 1434/1434/1434 1447/1447/1447 1446/1446/1446 1433/1433/1433 
f 1435/1435/1435 1448/1448/1448 1447/1447/1447 1434/1434/1434 
f 1436/1436/1436 1449/1449/1449 1448/1448/1448 1435/1435/1435 
f 1437/1437/1437 1450/1450/1450 1449/1449/1449 1436/1436/1436 
f 1438/1438/1438 1451/1451/1451 1450/1450/1450 1437/1437/1437 
f 1439/1439/1439 1452/1452/1452 1451/1451/1451 1438/1438/1438 
f 1440/1440/1440 1453/1453/1453 1452/1452/1452 1439/1439/1439 
f 1441/1441/1441 1454/1454/1454 1453/1453/1453 1440/1440/1440 
f 1442/1442/1442 1455/1455/1455 1454/1454/1454 1441/1441/1441 
f 1443/1443/1443 1456/1456/1456 1455/1455/1455 1442/1442/1442 
f 1444/1444/1444 1457/1457/1457 1456/1456/1456 1443/1443/1443 
f 1445/1445/1445 1458/1458/1458 1457/1457/1457 1444/1444/1444 
f 1447/1447/1447 1460/1460/1460 1459/1459/1459 1446/1446/1446 
f 1448/1448/1448 1461/1461/1461 1460/1460/1460 1447/1447/1447 
f 1449/1449/1449 1462/1462/1462 1461/1461/1461 1448/1448/1448 
f 1450/1450/1450 1463/1463/1463 1462/1462/1462 1449/1449/1449 
f 1451/1451/1451 1464/1464/1464 1463/1463/1463 1450/1450/1450 
f 1452/1452/1452 1465/1465/1465 1464/1464/1464 1451/1451/1451 
f 1453/1453/1453 1466/1466/1466 1465/1465/1465 1452/1452/1452 
f 1454/1454/1454 1467/1467/1467 1466/1466/1466 1453/1453/1453 
f 1455/1455/1455 1468/1468/1468 1467/1467/1467 1454/1454/1454 
f 1456/1456/1456 1469/1469/1469 1468/1468/1468 1455/1455/1455 
f 1457/1457/1457 1470/1470/1470 1469/1469/1469 1456/1456/1456 
f 1458/1458/1458 1471/1471/1471 1470/1470/1470 1457/1457/1457 
f 1460/1460/1460 1473/1473/1473 1472/1472/1472 1459/1459/1459 
f 1461/1461/1461 1474/1474/1474 1473/1473/1473 1460/1460/1460 
f 1462/1462/1462 1475/1475/1475 1474/1474/1474 1461/1461/1461 
f 1463/1463/1463 1476/1476/1476 1475/1475/1475 1462/1462/1462 
f 1464/1464/1464 1477/1477/1477 1476/1476/1476 1463/1463/1463 
f 1465/1465/1465 1478/1478/1478 1477/1477/1477 1464/1464/1464 
f 1466/1466/1466 1479/1479/1479 1478/1478/1478 1465/1465/1465 
f 1467/1467/1467 1480/1480/1480 1479/1479/1479 1466/1466/1466 
f 1468/1468/1468 1481/1481/1481 1480/1480/1480 1467/1467/1467 
f 1469/1469/1469 1482/1482/1482 1481/1481/1481 1468/1468/1468 
f 1470/1470/1470 1483/1483/1483 1482/1482/1482 1469/1469/1469 
f 1471/1471/1471 1484/1484/1484 1483/1483/1483 1470/1470/1470 
f 1473/1473/1473 1486/1486/1486 1485/1485/1485 1472/1472/1472 
f 1474/1474/1474 1487/1487/1487 1486/1486/1486 1473/1473/1473 
f 1475/1475/1475 1488/1488/1488 1487/1487/1487 1474/1474/1474 
f 1476/1476/1476 1489/1489/1489 1488/1488/1488 1475/1475/1475 
f 1477/1477/1477 1490/1490/1490 1489/1489/1489 1476/1476/1476 
f 1478/1478/1478 1491/1491/1491 1490/1490/1490 1477/1477/1477 
f 1479/1479/1479 1492/1492/1492 1491/1491/1491 1478/1478/1478 
f 1480/1480/1480 1493/1493/1493 1492/1492/1492 1479/1479/1479 
f 1481/1481/1481 1494/1494/1494 1493/1493/1493 1480/1480/1480 
f 1482/1482/1482 1495/1495/1495 1494/1494/1494 1481/1481/1481 
f 1483/1483/1483 1496/1496/1496 1495/1495/1495 1482/1482/1482 
f 1484/1484/1484 1497/1497/1497 1496/1496/1496 1483/1483/1483 
f 1486/1486/1486 1499/1499/1499 1498/1498/1498 1485/1485/1485 
f 1487/1487/1487 1500/1500/1500 1499/1499/1499 1486/1486/1486 
f 1488/1488/1488 1501/1501/1501 1500/1500/1500 1487/1487/1487 
f 1489/1489/1489 1502/1502/1502 1501/1501/1501 1488/1488/1488 
f 1490/1490/1490 1503/1503/1503 1502/1502/1502 1489/1489/1489 
f 1491/1491/1491 1504/1504/1504 1503/1503/1503 1490/1490/1490 
f 1492/1492/1492 1505/1505/1505 1504/1504/1504 1491/1491/1491 
f 1493/1493/1493 1506/1506/1506 1505/1505/1505 1492/1492/1492 
f 1494/1494/1494 1507/1507/1507 1506/1506/1506 1493/1493/1493 
f 1495/1495/1495 1508/1508/1508 1507/1507/1507 1494/1494/1494 
f 1496/1496/1496 1509/1509/1509 1508/1508/1508 1495/1495/1495 
f 1497/1497/1497 1510/1510/1510 1509/1509/1509 1496/1496/1496 
f 1499/1499/1499 1512/1512/1512 1511/1511/1511 1498/1498/1498 
f 1500/1500/1500 1513/1513/1513 1512/1512/1512 1499/1499/1499 
f 1501/1501/1501 1514/1514/1514 1513/1513/1513 1500/1500/1500 
f 1502/1502/1502 1515/1515/1515 1514/1514/1514 1501/1501/1501 
f 1503/1503/1503 1516/1516/1516 1515/1515/1515 1502/1502/1502 
f 1504/1504/1504 1517/1517/1517 1516/1516/1516 1503/1503/1503 
f 1505/1505/1505 1518/1518/1518 1517/1517/1517 1504/1504/1504 
f 1506/1506/1506 1519/1519/1519 1518/1518/1518 1505/1505/1505 
f 1507/1507/1507 1520/1520/1520 1519/1519/1519 1506/1506/1506 
f 1508/1508/1508 1521/1521/1521 1520/1520/1520 1507/1507/1507 
f 1509/1509/1509 1522/1522/1522 1521/1521/1521 1508/1508/1508 
f 1510/1510/1510 1523/1523/1523 1522/1522/1522 1509/1509/1509 
f 1512/1512/1512 1525/1525/1525 1524/1524/1524 1511/1511/1511 
f 1513/1513/1513 1526/1526/1526 1525/1525/1525 1512/1512/1512 
f 1514/1514/1514 1527/1527/1527 1526/1526/1526 1513/1513/1513 
f 1515/1515/1515 1528/1528/1528 1527/1527/1527 1514/1514/1514 
f 1516/1516/1516 1529/1529/1529 1528/1528/1528 1515/1515/1515 
f 1517/1517/1517 1530/1530/1530 1529/1529/1529 1516/1516/1516 
f 1518/1518/1518 1531/1531/1531 1530/1530/1530 1517/1517/1517 
f 1519/1519/1519 1532/1532/1532 1531/1531/1531 1518/1518/1518 
f 1520/1520/1520 1533/1533/1533 1532/1532/1532 1519/1519/1519 
f 1521/1521/1521 1534/1534/1534 1533/1533/1533 1520/1520/1520 
f 1522/1522/1522 1535/1535/1535 1534/1534/1534 1521/1521/1521 
f 1523/1523/1523 1536/1536/1536 1535/1535/1535 1522/1522/1522 
f 1525/1525/1525 1538/1538/1538 1537/1537/1537 1524/1524/1524 
f 1526/1526/1526 1539/1539/1539 1538/1538/1538 1525/1525/1525 
f 1527/1527/1527 1540/1540/1540 1539/1539/1539 1526/1526/1526 
f 1528/1528/1528 1541/1541/1541 1540/1540/1540 1527/1527/1527 
f 1529/1529/1529 1542/1542/1542 1541/1541/1541 1528/1528/1528 
f 1530/1530/1530 1543/1543/1543 1542/1542/1542 1529/1529/1529 
f 1531/1531/1531 1544/1544/1544 1543/1543/1543 1530/1530/1530 
f 1532/1532/1532 1545/1545/1545 1544/1544/1544 1531/1531/1531 
f 1533/1533/1533 1546/1546/1546 1545/1545/1545 1532/1532/1532 
f 1534/1534/1534 1547/1547/1547 1546/1546/1546 1533/1533/1533 
f 1535/1535/1535 1548/1548/1548 1547/1547/1547 1534/1534/1534 
f 1536/1536/1536 1549/1549/1549 1548/1548/1548 1535/1535/1535 
f 1538/1538/1538 1551/1551/1551 1550/1550/1550 1537/1537/1537 
f 1539/1539/1539 1552/1552/1552 1551/1551/1551 1538/1538/1538 
f 1540/1540/1540 1553/1553/1553 1552/1552/1552 1539/1539/1539 
f 1541/1541/1541 1554/1554/1554 1553/1553/1553 1540/1540/1540 
f 1542/1542/1542 1555/1555/1555 1554/1554/1554 1541/1541/1541 
f 1543/1543/1543 1556/1556/1556 1555/1555/1555 1542/1542/1542 
f 1544/1544/1544 1557/1557/1557 1556/1556/1556 1543/1543/1543 
f 1545/1545/1545 1558/1558/1558 1557/1557/1557 1544/1544/1544 
f 1546/1546/1546 1559/1559/1559 1558/1558/1558 1545/1545/1545 
f 1547/1547/1547 1560/1560/1560 1559/1559/1559 1546/1546/1546 
f 1548/1548/1548 1561/1561/1561 1560/1560/1560 1547/1547/1547 
f 1549/1549/1549 1562/1562/1562 1561/1561/1561 1548/1548/1548 
f 1551/1551/1551 1564/1564/1564 1563/1563/1563 1550/1550/1550 
f 1552/1552/1552 1565/1565/1565 1564/1564/1564 1551/1551/1551 
f 1553/1553/1553 1566/1566/1566 1565/1565/1565 1552/1552/1552 
f 1554/1554/1554 1567/1567/1567 1566/1566/1566 1553/1553/1553 
f 1555/1555/1555 1568/1568/1568 1567/1567/1567 1554/1554/1554 
f 1556/1556/1556 1569/1569/1569 1568/1568/1568 1555/1555/1555 
f 1557/1557/1557 1570/1570/1570 1569/1569/1569 1556/1556/1556 
f 1558/1558/1558 1571/1571/1571 1570/1570/1570 1557/1557/1557 
f 1559/1559/1559 1572/1572/1572 1571/1571/1571 1558/1558/1558 
f 1560/1560/1560 1573/1573/1573 1572/1572/1572 1559/1559/1559 
f 1561/1561/1561 1574/1574/1574 1573/1573/1573 1560/1560/1560 
f 1562/1562/1562 1575/1575/1575 1574/1574/1574 1561/1561/1561 
f 1564/1564/1564 1577/1577/1577 1576/1576/1576 1563/1563/1563 
f 1565/1565/1565 1578/1578/1578 1577/1577/1577 1564/1564/1564 
f 1566/1566/1566 1579/1579/1579 1578/1578/1578 1565/1565/1565 
f 1567/1567/1567 1580/1580/1580 1579/1579/1579 1566/1566/1566 
f 1568/1568/1568 1581/1581/1581 1580/1580/1580 1567/1567/1567 
f 1569/1569/1569 1582/1582/1582 1581/1581/1581 1568/1568/1568 
f 1570/1570/1570 1583/1583/1583 1582/1582/1582 1569/1569/1569 
f 1571/1571/1571 1584/1584/1584 1583/1583/1583 1570/1570/1570 
f 1572/1572/1572 1585/1585/1585 1584/1584/1584 1571/1571/1571 
f 1573/1573/1573 1586/1586/1586 1585/1585/1585 1572/1572/1572 
f 1574/1574/1574 1587/1587/1587 1586/1586/1586 1573/1573/1573 
f 1575/1575/1575 1588/1588/1588 1587/1587/1587 1574/1574/1574 
f 1577/1577/1577 1590/1590/1590 1589/1589/1589 1576/1576/1576 
f 1578/1578/1578 1591/1591/1591 1590/1590/1590 1577/1577/1577 
f 1579/1579/1579 1592/1592/1592 1591/1591/1591 1578/1578/1578 
f 1580/1580/1580 1593/1593/1593 1592/1592/1592 1579/1579/1579 
f 1581/1581/1581 1594/1594/1594 1593/1593/1593 1580/1580/1580 
f 1582/1582/1582 1595/1595/1595 1594/1594/1594 1581/1581/1581 
f 1583/1583/1583 1596/1596/1596 1595/1595/1595 1582/1582/1582 
f 1584/1584/1584 1597/1597/1597 1596/1596/1596 1583/1583/1583 
f 1585/1585/1585 1598/1598/1598 1597/1597/1597 1584/1584/1584 
f 1586/1586/1586 1599/1599/1599 1598/1598/1598 1585/1585/1585 
f 1587/1587/1587 1600/1600/1600 1599/1599/1599 1586/1586/1586 
f 1588/1588/1588 1601/1601/1601 1600/1600/1600 1587/1587/1587 
f 1590/1590/1590 1603/1603/1603 1602/1602/1602 1589/1589/1589 
f 1591/1591/1591 1604/1604/1604 1603/1603/1603 1590/1590/1590 
f 1592/1592/1592 1605/1605/1605 1604/1604/1604 1591/1591/1591 
f 1593/1593/1593 1606/1606/1606 1605/1605/1605 1592/1592/1592 
f 1594/1594/1594 1607/1607/1607 1606/1606/1606 1593/1593/1593 
f 1595/1595/1595 1608/1608/1608 1607/1607/1607 1594/1594/1594 
f 1596/1596/1596 1609/1609/1609 1608/1608/1608 1595/1595/1595 
f 1597/1597/1597 1610/1610/1610 1609/1609/1609 1596/1596/1596 
f 1598/1598/1598 1611/1611/1611 1610/1610/1610 1597/1597/1597 
f 1599/1599/1599 1612/1612/1612 1611/1611/1611 1598/1598/1598 
f 1600/1600/1600 1613/1613/1613 1612/1612/1612 1599/1599/1599 
f 1601/1601/1601 1614/1614/1614 1613/1613/1613 1600/1600/1600 
f 1603/1603/1603 1616/1616/1616 1615/1615/1615 1602/1602/1602 
f 1604/1604/1604 1617/1617/1617 1616/1616/1616 1603/1603/1603 
f 1605/1605/1605 1618/1618/1618 1617/1617/1617 1604/1604/1604 
f 1606/1606/1606 1619/1619/1619 1618/1618/1618 1605/1605/1605 
f 1607/1607/1607 1620/1620/1620 1619/1619/1619 1606/1606/1606 
f 1608/1608/1608 1621/1621/1621 1620/1620/1620 1607/1607/1607 
f 1609/1609/1609 1622/1622/1622 1621/1621/1621 1608/1608/1608 
f 1610/1610/1610 1623/1623/1623 1622/1622/1622 1609/1609/1609 
f 1611/1611/1611 1624/1624/1624 1623/1623/1623 1610/1610/1610 
f 1612/1612/1612 1625/1625/1625 1624/1624/1624 1611/1611/1611 
f 1613/1613/1613 1626/1626/1626 1625/1625/1625 1612/1612/1612 
f 1614/1614/1614 1627/1627/1627 1626/1626/1626 1613/1613/1613 
f 1629/1629/1629 1641/1641/1641 1640/1640/1640 1628/1628/1628 
f 1630/1630/1630 1642/1642/1642 1641/1641/1641 1629/1629/1629 
f 1631/1631/1631 1643/1643/1643 1642/1642/1642 1630/1630/1630 
f 1632/1632/1632 1644/1644/1644 1643/1643/1643 1631/1631/1631 
f 1633/1633/1633 1645/1645/1645 1644/1644/1644 1632/1632/1632 
f 1634/1634/1634 1646/1646/1646 1645/1645/1645 1633/1633/1633 
f 1635/1635/1635 1647/1647/1647 1646/1646/1646 1634/1634/1634 
f 1636/1636/1636 1648/1648/1648 1647/1647/1647 1635/1635/1635 
f 1637/1637/1637 1649/1649/1649 1648/1648/1648 1636/1636/1636 
f 1638/1638/1638 1650/1650/1650 1649/1649/1649 1637/1637/1637 
f 1639/1639/1639 1651/1651/1651 1650/1650/1650 1638/1638/1638 
f 1628/1628/1628 1640/1640/1640 1651/1651/1651 1639/1639/1639 
f 1641/1641/1641 1653/1653/1653 1652/1652/1652 1640/1640/1640 
f 1642/1642/1642 1654/1654/1654 1653/1653/1653 1641/1641/1641 
f 1643/1643/1643 1655/1655/1655 1654/1654/1654 1642/1642/1642 
f 1644/1644/1644 1656/1656/1656 1655/1655/1655 1643/1643/1643 
f 1645/1645/1645 1657/1657/1657 1656/1656/1656 1644/1644/1644 
f 1646/1646/1646 1658/1658/1658 1657/1657/1657 1645/1645/1645 
f 1647/1647/1647 1659/1659/1659 1658/1658/1658 1646/1646/1646 
f 1648/1648/1648 1660/1660/1660 1659/1659/1659 1647/1647/1647 
f 1649/1649/1649 1661/1661/1661 1660/1660/1660 1648/1648/1648 
f 1650/1650/1650 1662/1662/1662 1661/1661/1661 1649/1649/1649 
f 1651/1651/1651 1663/1663/1663 1662/1662/1662 1650/1650/1650 
f 1640/1640/1640 1652/1652/1652 1663/1663/1663 1651/1651/1651 
f 1653/1653/1653 1665/1665/1665 1664/1664/1664 1652/1652/1652 
f 1654/1654/1654 1666/1666/1666 1665/1665/1665 1653/1653/1653 
f 1655/1655/1655 1667/1667/1667 1666/1666/1666 1654/1654/1654 
f 1656/1656/1656 1668/1668/1668 1667/1667/1667 1655/1655/1655 
f 1657/1657/1657 1669/1669/1669 1668/1668/1668 1656/1656/1656 
f 1658/1658/1658 1670/1670/1670 1669/1669/1669 1657/1657/1657 
f 1659/1659/1659 1671/1671/1671 1670/1670/1670 1658/1658/1658 
f 1660/1660/1660 1672/1672/1672 1671/1671/1671 1659/1659/1659 
f 1661/1661/1661 1673/1673/1673 1672/1672/1672 1660/1660/1660 
f 1662/1662/1662 1674/1674/1674 1673/1673/1673 1661/1661/1661 
f 1663/1663/1663 1675/1675/1675 1674/1674/1674 1662/1662/1662 
f 1652/1652/1652 1664/1664/1664 1675/1675/1675 1663/1663/1663 
f 1664/1664/1664 1665/1665/1665 1666/1666/1666 1676/1676/1676 
f 1666/1666/1666 1667/1667/1667 1668/1668/1668 1676/1676/1676 
f 1668/1668/1668 1669/1669/1669 1670/1670/1670 1676/1676/1676 
f 1670/1670/1670 1671/1671/1671 1672/1672/1672 1676/1676/1676 
f 1672/1672/1672 1673/1673/1673 1674/1674/1674 1676/1676/1676 
f 1674/1674/1674 1675/1675/1675 1664/1664/1664 1676/1676/1676 

g s.0092
usemap Standard_FF301B
usemtl Standard_FF301B
v 0.8730955 0.616371 1.388288
v 0.873184 0.6162897 1.388346
v 0.8732122 0.6163068 1.388286
v 0.8732114 0.6163439 1.388228
v 0.8731816 0.6163913 1.388188
v 0.873131 0.6164361 1.388177
v 0.8730729 0.6164664 1.388198
v 0.8730231 0.616474 1.388244
v 0.8729948 0.616457 1.388304
v 0.8729957 0.6164199 1.388362
v 0.8730254 0.6163725 1.388402
v 0.8730761 0.6163277 1.388413
v 0.8731341 0.6162974 1.388392
v 0.8733846 0.6162086 1.388486
v 0.8734624 0.6162555 1.38832
v 0.8734601 0.6163577 1.388162
v 0.8733782 0.616488 1.388053
v 0.8732388 0.6166113 1.388022
v 0.8730791 0.6166946 1.388078
v 0.872942 0.6167157 1.388206
v 0.8728642 0.6166688 1.388371
v 0.8728666 0.6165665 1.38853
v 0.8729485 0.6164363 1.388639
v 0.8730879 0.616313 1.38867
v 0.8732475 0.6162296 1.388614
v 0.8735915 0.616241 1.38864
v 0.873704 0.6163088 1.388401
v 0.8737006 0.6164566 1.388172
v 0.8735823 0.6166449 1.388014
v 0.8733808 0.6168232 1.38797
v 0.87315 0.6169437 1.388051
v 0.8729519 0.6169741 1.388236
v 0.8728394 0.6169063 1.388475
v 0.8728428 0.6167585 1.388704
v 0.8729611 0.6165702 1.388862
v 0.8731626 0.616392 1.388906
v 0.8733934 0.6162715 1.388825
v 0.8737619 0.6163821 1.388777
v 0.8738867 0.6164573 1.388512
v 0.8738829 0.6166214 1.388258
v 0.8737516 0.6168304 1.388083
v 0.8735279 0.6170282 1.388034
v 0.8732718 0.617162 1.388124
v 0.8730518 0.6171958 1.388329
v 0.872927 0.6171206 1.388594
v 0.8729308 0.6169565 1.388848
v 0.8730621 0.6167475 1.389024
v 0.8732858 0.6165496 1.389073
v 0.873542 0.6164159 1.388983
v 0.8739176 0.616591 1.38891
v 0.8740424 0.6166663 1.388645
v 0.8740386 0.6168303 1.38839
v 0.8739073 0.6170393 1.388215
v 0.8736836 0.6172372 1.388166
v 0.8734275 0.617371 1.388256
v 0.8732076 0.6174048 1.388461
v 0.8730828 0.6173295 1.388727
v 0.8730865 0.6171654 1.388981
v 0.8732178 0.6169565 1.389156
v 0.8734415 0.6167586 1.389205
v 0.8736976 0.6166248 1.389115
v 0.8739176 0.616591 1.38891
v 0.9007605 0.648572 1.411386
v 0.9018601 0.6492165 1.408945
v 0.901737 0.6505911 1.406562
v 0.9004239 0.6523274 1.404876
v 0.8982729 0.6539601 1.404338
v 0.8958603 0.6550518 1.405092
v 0.8938324 0.65531 1.406937
v 0.8927328 0.6546654 1.409378
v 0.892856 0.6532909 1.411761
v 0.894169 0.6515546 1.413447
v 0.89632 0.6499218 1.413985
v 0.8987327 0.6488301 1.41323
v 0.9007605 0.648572 1.411386
v 0.9270561 0.6858135 1.43383
v 0.9290723 0.6869825 1.429134
v 0.9286801 0.6894001 1.424499
v 0.9259847 0.6924186 1.421167
v 0.9217081 0.6952291 1.420031
v 0.9169964 0.6970785 1.421394
v 0.913112 0.6974714 1.424892
v 0.9110958 0.6963024 1.429588
v 0.911488 0.6938847 1.434222
v 0.9141835 0.6908663 1.437554
v 0.91846 0.6880558 1.438691
v 0.9231718 0.6862064 1.437328
v 0.9270561 0.6858135 1.43383
v 0.9523587 0.7276127 1.455761
v 0.9552012 0.7292659 1.44876
v 0.9543918 0.7325602 1.441809
v 0.9501476 0.7366126 1.43677
v 0.9436055 0.7403375 1.434993
v 0.9365187 0.7427367 1.436955
v 0.9307861 0.7431673 1.44213
v 0.9279436 0.741514 1.449131
v 0.928753 0.7382197 1.456083
v 0.9329973 0.7341673 1.461122
v 0.9395393 0.7304425 1.462898
v 0.9466261 0.7280433 1.460936
v 0.9523587 0.7276127 1.455761
v 0.9762384 0.7732883 1.47674
v 0.9797879 0.7753764 1.467409
v 0.9784126 0.7793657 1.458125
v 0.9724811 0.784187 1.451373
v 0.9635827 0.7885486 1.448964
v 0.9541017 0.7912817 1.451543
v 0.9465785 0.7916541 1.458418
v 0.943029 0.7895659 1.467749
v 0.9444042 0.7855767 1.477033
v 0.9503357 0.7807554 1.483785
v 0.9592342 0.7763938 1.486194
v 0.9687152 0.7736607 1.483615
v 0.9762384 0.7732883 1.47674
v 0.9982616 0.822179 1.496355
v 1.00238 0.8246298 1.484703
v 1.000298 0.8291022 1.473109
v 0.992573 0.8343975 1.464681
v 0.9812754 0.839097 1.461676
v 0.9694322 0.8419414 1.4649
v 0.9602168 0.8421686 1.47349
v 0.9560984 0.8397177 1.485142
v 0.9581805 0.8352454 1.496736
v 0.9659054 0.82995 1.505164
v 0.977203 0.8252506 1.508168
v 0.9890462 0.8224062 1.504944
v 0.9982616 0.822179 1.496355
v 1.01798 0.8736408 1.514229
v 1.022526 0.8763477 1.500295
v 1.019618 0.8810475 1.486453
v 1.010037 0.8864809 1.476412
v 0.9963495 0.8911921 1.472862
v 0.982223 0.8939186 1.476755
v 0.9714429 0.89393 1.487047
v 0.9668976 0.8912231 1.500982
v 0.9698051 0.8865232 1.514824
v 0.9793862 0.8810898 1.524865
v 0.9930738 0.8763787 1.528414
v 1.0072 0.8736521 1.524521
v 1.01798 0.8736408 1.514229
v 1.034925 0.9270474 1.53001
v 1.03977 0.9298592 1.513874
v 1.035962 0.9344755 1.497877
v 1.02452 0.9396594 1.486304
v 1.00851 0.9440218 1.482256
v 0.992222 0.9463937 1.486819
v 0.9800206 0.9461398 1.498768
v 0.9751751 0.9433279 1.514904
v 0.9789838 0.9387115 1.530901
v 0.990426 0.9335277 1.542474
v 1.006436 0.9291654 1.546522
v 1.022724 0.9267933 1.541959
v 1.034925 0.9270474 1.53001
v 1.048596 0.9817916 1.543367
v 1.053653 0.9845073 1.525157
v 1.048935 0.9886644 1.50713
v 1.035705 0.9931488 1.494115
v 1.017508 0.9967589 1.4896
v 0.9992208 0.9985275 1.494794
v 0.9857429 0.9979805 1.508307
v 0.9806857 0.9952648 1.526516
v 0.9854043 0.9911077 1.544544
v 0.9986345 0.9866233 1.557559
v 1.016831 0.9830132 1.562074
v 1.035118 0.9812446 1.556879
v 1.048596 0.9817916 1.543367
v 1.058558 1.037073 1.554044
v 1.063806 1.039516 1.533945
v 1.05827 1.042902 1.514061
v 1.043434 1.046324 1.499721
v 1.023273 1.048866 1.494766
v 1.003189 1.049846 1.500524
v 0.9885637 1.049001 1.515453
v 0.983316 1.046558 1.535552
v 0.9888519 1.043172 1.555436
v 1.003688 1.03975 1.569777
v 1.023849 1.037208 1.574731
v 1.043933 1.036228 1.568973
v 1.058558 1.037073 1.554044
v 1.064917 1.092243 1.562199
v 1.070382 1.094327 1.540421
v 1.064183 1.096796 1.518881
v 1.047982 1.09899 1.503351
v 1.026119 1.10032 1.497992
v 1.004452 1.10043 1.504239
v 0.9887878 1.099291 1.52042
v 0.9833226 1.097207 1.542198
v 0.9895213 1.094738 1.563738
v 1.005723 1.092544 1.579268
v 1.027586 1.091214 1.584627
v 1.049252 1.091104 1.57838
v 1.064917 1.092243 1.562199
v 1.067987 1.146953 1.568135
v 1.073712 1.148641 1.544889
v 1.067017 1.150126 1.521889
v 1.049696 1.151009 1.505298
v 1.026391 1.151055 1.499563
v 1.003346 1.150251 1.506219
v 0.9867358 1.148812 1.523483
v 0.9810113 1.147124 1.54673
v 0.9877062 1.145639 1.56973
v 1.005027 1.144756 1.586321
v 1.028332 1.14471 1.592056
v 1.051377 1.145514 1.5854
v 1.067987 1.146953 1.568135
v 1.06811 1.200879 1.572156
v 1.074135 1.202179 1.547644
v 1.067104 1.202679 1.523371
v 1.0489 1.202244 1.505841
v 1.0244 1.200992 1.499753
v 1.00017 1.199256 1.506736
v 0.9827024 1.197504 1.52492
v 0.9766768 1.196203 1.549432
v 0.9837082 1.195703 1.573705
v 1.001912 1.196138 1.591235
v 1.026412 1.197391 1.597323
v 1.050642 1.199126 1.59034
v 1.06811 1.200879 1.572156
v 1.065642 1.253719 1.574559
v 1.071999 1.254677 1.548972
v 1.064771 1.254248 1.523603
v 1.045897 1.252547 1.50525
v 1.020432 1.250029 1.49883
v 0.9952013 1.247369 1.506063
v 0.9769643 1.245281 1.525011
v 0.9706079 1.244322 1.550598
v 0.9778352 1.244752 1.575967
v 0.9967098 1.246453 1.59432
v 1.022174 1.248971 1.600741
v 1.047405 1.25163 1.593507
v 1.065642 1.253719 1.574559
v 1.060954 1.305193 1.575638
v 1.067652 1.305883 1.549155
v 1.060342 1.304625 1.522856
v 1.040981 1.301757 1.503787
v 1.014758 1.298047 1.497059
v 0.9886996 1.294489 1.504472
v 0.9697874 1.292037 1.524043
v 0.9630892 1.291348 1.550526
v 0.9704 1.292605 1.576825
v 0.9897606 1.295474 1.595894
v 1.015983 1.299184 1.602623
v 1.042042 1.302741 1.595209
v 1.060954 1.305193 1.575638
v 1.054421 1.355039 1.575685
v 1.061449 1.355554 1.548468
v 1.054135 1.353602 1.521393
v 1.03444 1.349705 1.501713
v 1.00764 1.344907 1.494703
v 0.9809173 1.340495 1.502239
v 0.9614316 1.337649 1.522304
v 0.9544039 1.337134 1.54952
v 0.9617177 1.339086 1.576596
v 0.9814129 1.342983 1.596275
v 1.008212 1.347781 1.603286
v 1.034935 1.352194 1.595749
v 1.054421 1.355039 1.575685
v 1.04642 1.403006 1.574985
v 1.05374 1.403458 1.547183
v 1.04647 1.400972 1.519475
v 1.026557 1.396214 1.499287
v 0.9993368 1.39046 1.492026
v 0.9721035 1.385251 1.49964
v 0.952154 1.381982 1.520087
v 0.9448339 1.38153 1.547889
v 0.9521043 1.384016 1.575597
v 0.9720175 1.388773 1.595785
v 0.9992374 1.394528 1.603046
v 1.026471 1.399737 1.595433
v 1.04642 1.403006 1.574985
v 1.036986 1.449739 1.573688
v 1.044571 1.450128 1.54544
v 1.037418 1.447042 1.517245
v 1.017445 1.441309 1.496658
v 0.9900024 1.434464 1.489195
v 0.9624442 1.428342 1.496857
v 0.9421543 1.424583 1.517589
v 0.9345695 1.424195 1.545837
v 0.941722 1.42728 1.574031
v 0.9616955 1.433014 1.594618
v 0.9891379 1.439858 1.602081
v 1.016696 1.44598 1.59442
v 1.036986 1.449739 1.573688
v 1.025301 1.49692 1.571456
v 1.03315 1.497137 1.542901
v 1.026246 1.493192 1.514374
v 1.006438 1.48614 1.493519
v 0.9790337 1.477873 1.485924
v 0.9513767 1.470605 1.493623
v 0.9308774 1.466284 1.514555
v 0.9230285 1.466067 1.543109
v 0.9299331 1.470013 1.571636
v 0.9497411 1.477064 1.592491
v 0.9771451 1.485331 1.600086
v 1.004802 1.492599 1.592387
v 1.025301 1.49692 1.571456
v 1.010519 1.545731 1.567861
v 1.018631 1.545703 1.539134
v 1.012093 1.54076 1.510431
v 0.9926577 1.532228 1.489442
v 0.9655322 1.522392 1.481792
v 0.937985 1.513887 1.489531
v 0.9173973 1.508994 1.510585
v 0.9092855 1.509022 1.539312
v 0.9158233 1.513965 1.568016
v 0.9352588 1.522497 1.589004
v 0.9623843 1.532333 1.596654
v 0.9899315 1.540838 1.588915
v 1.010519 1.545731 1.567861
v 0.9918617 1.597314 1.562512
v 1.000228 1.597015 1.533738
v 0.9941413 1.591082 1.505002
v 0.9752331 1.581104 1.484003
v 0.9485695 1.569755 1.476369
v 0.9212952 1.560076 1.484144
v 0.9007182 1.554661 1.505246
v 0.8923521 1.55496 1.53402
v 0.8984386 1.560893 1.562756
v 0.9173468 1.570871 1.583755
v 0.9440104 1.58222 1.591389
v 0.9712847 1.591899 1.583614
v 0.9918617 1.597314 1.562512
v 0.9685828 1.65292 1.555044
v 0.9771833 1.652367 1.526338
v 0.9715863 1.645559 1.497692
v 0.9532917 1.634321 1.476781
v 0.9272014 1.621663 1.469208
v 0.9003064 1.610978 1.477003
v 0.879813 1.605128 1.498076
v 0.8712126 1.605681 1.526781
v 0.8768095 1.612489 1.555427
v 0.8951041 1.623728 1.576338
v 0.9211944 1.636385 1.583911
v 0.9480895 1.647071 1.576117
v 0.9685828 1.65292 1.555044
v 0.9399166 1.713954 1.545096
v 0.9487202 1.713189 1.516563
v 0.9436105 1.705679 1.488107
v 0.9259568 1.693437 1.467353
v 0.9004894 1.679743 1.459863
v 0.8740321 1.668266 1.467642
v 0.8536743 1.662081 1.488607
v 0.8448707 1.662846 1.517141
v 0.8499804 1.670355 1.545597
v 0.867634 1.682597 1.56635
v 0.8931015 1.696292 1.573841
v 0.9195588 1.707769 1.566061
v 0.9399166 1.713954 1.545096
v 0.9050513 1.781945 1.532296
v 0.9140193 1.781021 1.504027
v 0.9093693 1.772994 1.475842
v 0.8923472 1.760016 1.455294
v 0.8675138 1.745563 1.447888
v 0.8415236 1.733508 1.455609
v 0.8213403 1.727082 1.476388
v 0.8123723 1.728006 1.504657
v 0.8170223 1.736032 1.532842
v 0.8340445 1.749011 1.55339
v 0.8588778 1.763464 1.560796
v 0.8848681 1.775518 1.553075
v 0.9050513 1.781945 1.532296
v 0.8631323 1.858491 1.516253
v 0.8722235 1.85746 1.48833
v 0.8679947 1.849087 1.460485
v 0.8515789 1.835615 1.440177
v 0.8273748 1.820654 1.432849
v 0.8018678 1.808213 1.440464
v 0.7818925 1.801625 1.460981
v 0.7728013 1.802656 1.488903
v 0.7770302 1.811029 1.516749
v 0.7934459 1.824501 1.537057
v 0.81765 1.839462 1.544385
v 0.843157 1.851903 1.53677
v 0.8631323 1.858491 1.516253
v 0.7607939 2.035615 1.475724
v 0.7697675 2.034722 1.449022
v 0.766016 2.026693 1.422268
v 0.7505447 2.013682 1.40263
v 0.7274989 1.999173 1.395371
v 0.7030539 1.987055 1.402435
v 0.6837596 1.980575 1.42193
v 0.674786 1.981468 1.448632
v 0.6785374 1.989497 1.475386
v 0.6940088 2.002509 1.495023
v 0.7170545 2.017017 1.502283
v 0.7414996 2.029135 1.495218
v 0.7607939 2.035615 1.475724
v 0.7060568 2.130082 1.453959
v 0.7146173 2.129426 1.428611
v 0.7109823 2.1222 1.4031
v 0.6961261 2.110341 1.384261
v 0.6740292 2.097025 1.377144
v 0.6506127 2.085821 1.383654
v 0.6321507 2.079732 1.402047
v 0.6235902 2.080388 1.427395
v 0.6272251 2.087614 1.452906
v 0.6420813 2.099473 1.471744
v 0.6641781 2.112789 1.478862
v 0.6875948 2.123993 1.472352
v 0.7060568 2.130082 1.453959
v 0.6530624 2.223963 1.433147
v 0.6608608 2.223631 1.410005
v 0.6573465 2.217663 1.386585
v 0.643461 2.207657 1.369162
v 0.6229249 2.196295 1.362404
v 0.601241 2.186621 1.368123
v 0.5842193 2.181228 1.384786
v 0.5764209 2.18156 1.407928
v 0.5799353 2.187528 1.431349
v 0.5938208 2.197534 1.448772
v 0.6143568 2.208896 1.455529
v 0.6360407 2.218569 1.44981
v 0.6530624 2.223963 1.433147
v 0.6048371 2.31391 1.414711
v 0.6114448 2.313964 1.394898
v 0.6081395 2.309719 1.374717
v 0.5958067 2.302313 1.359575
v 0.5777509 2.29373 1.35353
v 0.5588103 2.28627 1.358201
v 0.5440599 2.281932 1.372337
v 0.537452 2.281878 1.39215
v 0.5407574 2.286123 1.412331
v 0.5530902 2.293529 1.427473
v 0.571146 2.302112 1.433518
v 0.5900866 2.309572 1.428847
v 0.6048371 2.31391 1.414711
v 0.5642155 2.396885 1.399992
v 0.5691469 2.397324 1.384912
v 0.5662917 2.395169 1.369448
v 0.5564148 2.390998 1.357743
v 0.5421628 2.385929 1.352935
v 0.5273545 2.381319 1.356312
v 0.5159577 2.378404 1.366968
v 0.5110263 2.377965 1.382049
v 0.5138816 2.38012 1.397513
v 0.5237584 2.384291 1.409217
v 0.5380104 2.38936 1.414025
v 0.5528187 2.39397 1.410649
v 0.5642155 2.396885 1.399992
v 0.5475444 2.435046 1.394418
v 0.5514498 2.435629 1.38232
v 0.5489928 2.434541 1.369882
v 0.5408316 2.432074 1.360436
v 0.5291531 2.428888 1.356512
v 0.5170866 2.425838 1.359162
v 0.5078651 2.42374 1.367677
v 0.5039597 2.423157 1.379774
v 0.5064167 2.424246 1.392212
v 0.5145779 2.426713 1.401659
v 0.5262563 2.429898 1.405582
v 0.5383229 2.432948 1.402932
v 0.5475444 2.435046 1.394418
v 0.5336639 2.470879 1.390241
v 0.5364223 2.471514 1.381588
v 0.5345434 2.471349 1.372681
v 0.5285307 2.470428 1.365907
v 0.5199951 2.468997 1.363081
v 0.5112239 2.46744 1.36496
v 0.5045673 2.466174 1.371041
v 0.5018089 2.465539 1.379694
v 0.5036877 2.465704 1.388601
v 0.5097005 2.466625 1.395375
v 0.518236 2.468056 1.398201
v 0.5270072 2.469613 1.396322
v 0.5336639 2.470879 1.390241
v 0.5228556 2.50467 1.387673
v 0.5243489 2.505178 1.382955
v 0.5232738 2.505541 1.378111
v 0.5199186 2.505663 1.37444
v 0.5151823 2.505511 1.372924
v 0.510334 2.505125 1.373971
v 0.5066727 2.504609 1.3773
v 0.5051795 2.504102 1.382019
v 0.5062546 2.503738 1.386863
v 0.5096097 2.503617 1.390534
v 0.514346 2.503769 1.392049
v 0.5191944 2.504155 1.391002
v 0.5228556 2.50467 1.387673
v 0.5187327 2.521028 1.387104
v 0.519545 2.521359 1.384541
v 0.5189565 2.52171 1.38192
v 0.5171248 2.521988 1.379943
v 0.5145406 2.522119 1.379141
v 0.5118964 2.522067 1.379728
v 0.5099008 2.521846 1.381547
v 0.5090884 2.521516 1.38411
v 0.5096769 2.521164 1.386731
v 0.5115087 2.520886 1.388707
v 0.5140929 2.520756 1.389509
v 0.516737 2.520808 1.388922
v 0.5187327 2.521028 1.387104
v 0.5156124 2.537514 1.387165
v 0.5157036 2.537558 1.38688
v 0.5156388 2.537617 1.38659
v 0.5154355 2.537675 1.386374
v 0.5151482 2.537717 1.386289
v 0.5148538 2.537731 1.386357
v 0.5146312 2.537714 1.386562
v 0.51454 2.537671 1.386847
v 0.5146048 2.537612 1.387137
v 0.5148081 2.537554 1.387353
v 0.5150954 2.537512 1.387439
v 0.5153898 2.537497 1.38737
v 0.5156124 2.537514 1.387165
v 0.5157036 2.537558 1.38688
v 0.5156388 2.537617 1.38659
v 0.5154355 2.537675 1.386374
v 0.5151482 2.537717 1.386289
v 0.5148538 2.537731 1.386357
v 0.5146312 2.537714 1.386562
v 0.51454 2.537671 1.386847
v 0.5146048 2.537612 1.387137
v 0.5148081 2.537554 1.387353
v 0.5150954 2.537512 1.387439
v 0.5153898 2.537497 1.38737
v 0.5156124 2.537514 1.387165
v 0.5156686 2.537812 1.386924
v 0.5156103 2.537865 1.386663
v 0.5154272 2.537918 1.386468
v 0.5151683 2.537956 1.386391
v 0.5149031 2.537968 1.386453
v 0.5147026 2.537953 1.386637
v 0.5146204 2.537914 1.386894
v 0.5146787 2.537861 1.387155
v 0.5148618 2.537808 1.38735
v 0.5151207 2.537771 1.387427
v 0.515386 2.537757 1.387365
v 0.5155865 2.537773 1.387181
v 0.5155253 2.538027 1.386956
v 0.515485 2.538064 1.386775
v 0.5153583 2.5381 1.38664
v 0.5151792 2.538126 1.386587
v 0.5149957 2.538135 1.38663
v 0.5148569 2.538125 1.386757
v 0.5148002 2.538097 1.386935
v 0.5148405 2.538061 1.387116
v 0.5149672 2.538024 1.387251
v 0.5151463 2.537998 1.387304
v 0.5153298 2.537989 1.387261
v 0.5154685 2.538 1.387134
v 0.5153046 2.53816 1.386969
v 0.51529 2.538173 1.386904
v 0.5152439 2.538186 1.386855
v 0.5151788 2.538196 1.386835
v 0.5151121 2.538199 1.386851
v 0.5150617 2.538195 1.386897
v 0.515041 2.538185 1.386962
v 0.5150557 2.538172 1.387027
v 0.5151017 2.538158 1.387076
v 0.5151669 2.538149 1.387096
v 0.5152335 2.538146 1.38708
v 0.5152839 2.53815 1.387034
v 0.5151742 2.538187 1.386968

vn -0.5326163 -0.7147377 -0.4532878
vn -0.4589083 -0.79033 -0.4059331
vn -0.4342499 -0.775467 -0.4583426
vn -0.4349934 -0.7430494 -0.5085845
vn -0.4609394 -0.7017637 -0.5431967
vn -0.5051357 -0.6626722 -0.5529045
vn -0.55574 -0.6362495 -0.5351071
vn -0.5991929 -0.6295755 -0.4945731
vn -0.6238512 -0.6444386 -0.4421636
vn -0.6231077 -0.6768562 -0.3919216
vn -0.5971618 -0.7181419 -0.3573095
vn -0.5529653 -0.7572334 -0.3476015
vn -0.5023611 -0.7836561 -0.365399
vn -0.2699913 -0.9215396 -0.279051
vn -0.1909695 -0.8739083 -0.4470065
vn -0.193352 -0.7700208 -0.6080157
vn -0.2765005 -0.6377134 -0.7189361
vn -0.4181354 -0.5124378 -0.7500469
vn -0.5803056 -0.4277615 -0.6930118
vn -0.7195579 -0.4063738 -0.5631135
vn -0.7985799 -0.454005 -0.3951578
vn -0.7961973 -0.5578926 -0.2341488
vn -0.7130488 -0.6902001 -0.1232284
vn -0.5714141 -0.8154755 -0.09211762
vn -0.4092435 -0.9001518 -0.1491527
vn 0.06771706 -0.9969724 -0.03821688
vn 0.221435 -0.9043171 -0.3649341
vn 0.2168003 -0.7022287 -0.6781389
vn 0.05505492 -0.4448563 -0.8939082
vn -0.2204618 -0.2011627 -0.9544266
vn -0.5359251 -0.03644552 -0.8434784
vn -0.8068072 0.005159436 -0.5907923
vn -0.9605253 -0.0874958 -0.264075
vn -0.9558908 -0.2895842 0.04912967
vn -0.7941454 -0.5469568 0.2648989
vn -0.5186286 -0.7906504 0.3254174
vn -0.2031648 -0.9553674 0.2144692
vn 0.6071913 -0.6957905 0.3836588
vn 0.8206474 -0.5671277 -0.07002751
vn 0.8142119 -0.2865034 -0.5049503
vn 0.5896087 0.07088935 -0.804572
vn 0.2070203 0.4092875 -0.8886092
vn -0.2310388 0.638017 -0.7345443
vn -0.6071914 0.6957906 -0.3836589
vn -0.8206475 0.5671276 0.07002772
vn -0.8142119 0.2865033 0.5049504
vn -0.5896087 -0.07088935 0.804572
vn -0.2070204 -0.4092873 0.8886092
vn 0.2310392 -0.6380172 0.734544
vn 0.6071913 -0.6957905 0.3836588
vn 0.8206474 -0.5671277 -0.07002751
vn 0.8142119 -0.2865034 -0.5049503
vn 0.5896087 0.07088935 -0.804572
vn 0.2070203 0.4092875 -0.8886092
vn -0.2310388 0.638017 -0.7345443
vn -0.6071914 0.6957906 -0.3836589
vn -0.8206475 0.5671276 0.07002772
vn -0.8142119 0.2865033 0.5049504
vn -0.5896087 -0.07088935 0.804572
vn -0.2070204 -0.4092873 0.8886092
vn 0.2310392 -0.6380172 0.734544
vn 0.6071913 -0.6957905 0.3836588
vn 0.6511966 -0.633337 0.4181234
vn 0.8579206 -0.5121666 -0.04071406
vn 0.8347655 -0.2537615 -0.4886425
vn 0.5879356 0.07263886 -0.8056396
vn 0.1835687 0.3795758 -0.9067661
vn -0.2699852 0.5848055 -0.7649252
vn -0.6511966 0.633337 -0.4181234
vn -0.8579206 0.5121666 0.0407143
vn -0.8347655 0.2537615 0.4886425
vn -0.5879356 -0.07263886 0.8056396
vn -0.1835688 -0.3795757 0.9067661
vn 0.2699854 -0.5848055 0.7649251
vn 0.6511966 -0.633337 0.4181234
vn 0.6884642 -0.5755854 0.4412692
vn 0.8875582 -0.4601508 -0.02239587
vn 0.8488319 -0.2214191 -0.4800602
vn 0.5826617 0.07664178 -0.8090929
vn 0.1603674 0.3541667 -0.9213297
vn -0.3048967 0.5367925 -0.7866967
vn -0.6884642 0.5755854 -0.4412692
vn -0.8875583 0.4601508 0.0223961
vn -0.8488319 0.2214191 0.4800603
vn -0.5826617 -0.07664179 0.8090929
vn -0.1603676 -0.3541665 0.9213297
vn 0.3048972 -0.5367927 0.7866965
vn 0.6884642 -0.5755854 0.4412692
vn 0.7218496 -0.5204778 0.4561097
vn 0.912075 -0.409835 -0.01242139
vn 0.8579109 -0.1893774 -0.4776244
vn 0.57387 0.08182406 -0.8148485
vn 0.1360609 0.3311006 -0.9337343
vn -0.3382053 0.4916589 -0.8024267
vn -0.7218496 0.5204778 -0.4561096
vn -0.9120751 0.409835 0.0124216
vn -0.8579109 0.1893773 0.4776244
vn -0.57387 -0.08182406 0.8148485
vn -0.136061 -0.3311006 0.9337343
vn 0.3382056 -0.491659 0.8024265
vn 0.7218496 -0.5204778 0.4561097
vn 0.752713 -0.4660901 0.4649549
vn 0.932873 -0.3601025 -0.008604017
vn 0.8630705 -0.1576257 -0.4798578
vn 0.5620087 0.08708669 -0.822534
vn 0.110357 0.3084644 -0.9448127
vn -0.3708645 0.4471892 -0.8139295
vn -0.7527131 0.4660901 -0.4649549
vn -0.932873 0.3601025 0.008604285
vn -0.8630705 0.1576257 0.4798578
vn -0.5620087 -0.08708669 0.822534
vn -0.1103572 -0.3084644 0.9448127
vn 0.3708647 -0.4471893 0.8139294
vn 0.752713 -0.4660901 0.4649549
vn 0.7815152 -0.4106268 0.4697015
vn 0.9507152 -0.3099339 -0.00902733
vn 0.865172 -0.1261944 -0.4853375
vn 0.5478063 0.0913588 -0.831602
vn 0.08365631 0.2844326 -0.9550391
vn -0.4029091 0.4012927 -0.8225743
vn -0.7815153 0.4106269 -0.4697014
vn -0.9507152 0.3099338 0.009027598
vn -0.865172 0.1261943 0.4853375
vn -0.5478063 -0.09135879 0.831602
vn -0.08365649 -0.2844325 0.9550391
vn 0.4029093 -0.4012927 0.8225741
vn 0.7815152 -0.4106268 0.4697015
vn 0.8081289 -0.3523238 0.4720122
vn 0.9659877 -0.2583131 -0.01192122
vn 0.8650109 -0.09508757 -0.4926606
vn 0.5322549 0.0936166 -0.8413921
vn 0.05688153 0.2572364 -0.9646729
vn -0.4337329 0.3519297 -0.8294704
vn -0.808129 0.3523239 -0.4720121
vn -0.9659877 0.2583131 0.01192146
vn -0.8650109 0.09508757 0.4926606
vn -0.532255 -0.0936166 0.8413921
vn -0.05688177 -0.2572363 0.9646729
vn 0.4337333 -0.3519298 0.8294702
vn 0.8081289 -0.3523238 0.4720122
vn 0.8319771 -0.2893116 0.4734058
vn 0.9788272 -0.2040933 -0.01559507
vn 0.8634015 -0.06418846 -0.5004175
vn 0.5166278 0.09291577 -0.8511535
vn 0.03142404 0.2251233 -0.9738234
vn -0.4621996 0.297009 -0.835558
vn -0.8319771 0.2893115 -0.4734056
vn -0.9788272 0.2040933 0.01559533
vn -0.8634015 0.06418833 0.5004175
vn -0.5166279 -0.09291577 0.8511535
vn -0.03142416 -0.2251232 0.9738234
vn 0.4622 -0.297009 0.8355578
vn 0.8319771 -0.2893116 0.4734058
vn 0.8520308 -0.2194553 0.4752715
vn 0.989139 -0.1458246 -0.01841751
vn 0.8612083 -0.03312027 -0.5071718
vn 0.5025175 0.08845868 -0.8600299
vn 0.009177207 0.1863351 -0.9824433
vn -0.4866216 0.2342831 -0.841612
vn -0.8520308 0.2194553 -0.4752714
vn -0.989139 0.1458246 0.01841777
vn -0.8612083 0.03312027 0.5071718
vn -0.5025175 -0.08845867 0.8600298
vn -0.009177445 -0.1863351 0.9824433
vn 0.486622 -0.2342832 0.8416118
vn 0.8520308 -0.2194553 0.4752715
vn 0.8661257 -0.147599 0.4775362
vn 0.995997 -0.08714684 -0.01988502
vn 0.8589918 -0.00334382 -0.5119785
vn 0.4918203 0.08135533 -0.8668876
vn -0.007134317 0.1442553 -0.9895147
vn -0.5041769 0.1685021 -0.8470021
vn -0.8661257 0.147599 -0.4775362
vn -0.995997 0.08714683 0.01988526
vn -0.8589918 0.00334382 0.5119784
vn -0.4918203 -0.08135533 0.8668876
vn 0.007134079 -0.1442553 0.9895148
vn 0.5041772 -0.1685022 0.847002
vn 0.8661257 -0.147599 0.4775362
vn 0.8737905 -0.08088949 0.479528
vn 0.9992452 -0.03306094 -0.02039446
vn 0.8569531 0.02362632 -0.5148526
vn 0.4850409 0.07398282 -0.8713562
vn -0.01683777 0.1045159 -0.9943807
vn -0.5142044 0.1070438 -0.8509614
vn -0.8737905 0.08088949 -0.4795279
vn -0.9992452 0.03306094 0.0203947
vn -0.8569531 -0.02362632 0.5148526
vn -0.4850409 -0.07398282 0.8713562
vn 0.01683759 -0.1045159 0.9943807
vn 0.5142048 -0.1070438 0.8509613
vn 0.8737905 -0.08088949 0.479528
vn 0.8762034 -0.02004225 0.4815244
vn 0.999669 0.01636164 -0.01985351
vn 0.8552741 0.04838162 -0.5159121
vn 0.4817091 0.06743764 -0.8737324
vn -0.02092969 0.06842379 -0.9974368
vn -0.5179602 0.05107585 -0.8538786
vn -0.8762035 0.02004226 -0.4815244
vn -0.999669 -0.01636164 0.01985374
vn -0.8552741 -0.04838162 0.5159121
vn -0.4817091 -0.06743764 0.8737324
vn 0.02092951 -0.06842386 0.9974368
vn 0.5179603 -0.05107582 0.8538784
vn 0.8762034 -0.02004225 0.4815244
vn 0.8745563 0.03456431 0.4836904
vn 0.9979576 0.06119677 -0.01831724
vn 0.8539571 0.07143151 -0.5154173
vn 0.4811392 0.06252635 -0.8744115
vn -0.02059972 0.03686713 -0.9991078
vn -0.5168186 0.001329541 -0.8560939
vn -0.8745564 -0.03456431 -0.4836904
vn -0.9979576 -0.06119677 0.01831748
vn -0.8539571 -0.07143151 0.5154173
vn -0.4811392 -0.06252635 0.8744115
vn 0.02059954 -0.03686725 0.9991078
vn 0.5168189 -0.001329511 0.8560936
vn 0.8745563 0.03456431 0.4836904
vn 0.8699794 0.08278568 0.4860889
vn 0.9946991 0.1015846 -0.01594755
vn 0.85289 0.09316409 -0.5137112
vn 0.4825496 0.05978014 -0.8738262
vn -0.01708972 0.01037824 -0.9998001
vn -0.5121496 -0.04180443 -0.8578784
vn -0.8699794 -0.08278568 -0.4860888
vn -0.9946991 -0.1015846 0.0159478
vn -0.8528899 -0.09316409 0.5137112
vn -0.4825496 -0.05978014 0.8738262
vn 0.01708955 -0.01037836 0.9998001
vn 0.5121499 0.04180448 0.8578781
vn 0.8699794 0.08278568 0.4860889
vn 0.8635076 0.124614 0.4886981
vn 0.9903927 0.1376736 -0.01297756
vn 0.8519028 0.1138436 -0.5111762
vn 0.4851462 0.05950939 -0.8724058
vn -0.0116052 -0.01077038 -0.9998746
vn -0.5052467 -0.07816423 -0.8594278
vn -0.8635077 -0.124614 -0.488698
vn -0.9903926 -0.1376736 0.01297783
vn -0.8519028 -0.1138436 0.5111763
vn -0.4851462 -0.0595094 0.8724058
vn 0.01160508 0.01077044 0.9998746
vn 0.505247 0.07816426 0.8594275
vn 0.8635076 0.124614 0.4886981
vn 0.8560748 0.1600918 0.4914331
vn 0.9854685 0.1695821 -0.009681802
vn 0.8508068 0.1336329 -0.5082027
vn 0.4881719 0.06187677 -0.8705512
vn -0.005268394 -0.02645903 -0.999636
vn -0.4972967 -0.1077052 -0.8608692
vn -0.8560748 -0.1600918 -0.491433
vn -0.9854685 -0.1695821 0.00968207
vn -0.8508068 -0.1336329 0.5082028
vn -0.4881719 -0.06187677 0.8705512
vn 0.005268216 0.02645903 0.999636
vn 0.497297 0.1077053 0.8608689
vn 0.8560748 0.1600918 0.4914331
vn 0.8485242 0.1892384 0.4941615
vn 0.9803076 0.1973746 -0.006354138
vn 0.8494184 0.1526244 -0.5051675
vn 0.4909281 0.06697869 -0.8686216
vn 0.0008938311 -0.036614 -0.9993291
vn -0.4893796 -0.1303959 -0.8622671
vn -0.8485242 -0.1892383 -0.4941615
vn -0.9803076 -0.1973746 0.006354299
vn -0.8494184 -0.1526244 0.5051674
vn -0.4909281 -0.06697881 0.8686216
vn -0.00089401 0.03661394 0.9993291
vn 0.4893799 0.1303959 0.862267
vn 0.8485242 0.1892384 0.4941615
vn 0.8390874 0.2225844 0.4963755
vn 0.9733108 0.2294639 -0.003510087
vn 0.8467366 0.1748587 -0.5024555
vn 0.4932798 0.07340014 -0.8667684
vn 0.007648944 -0.04772585 -0.9988312
vn -0.4800311 -0.1560637 -0.8632579
vn -0.8390874 -0.2225844 -0.4963755
vn -0.9733108 -0.2294639 0.003510295
vn -0.8467366 -0.1748587 0.5024556
vn -0.4932799 -0.07340014 0.8667684
vn -0.007649123 0.04772579 0.9988312
vn 0.4800314 0.1560637 0.8632578
vn 0.8390874 0.2225844 0.4963755
vn 0.8252312 0.2677523 0.4972948
vn 0.9624243 0.2715441 -0.001816934
vn 0.8417367 0.2025759 -0.5004421
vn 0.4955062 0.07932769 -0.8649744
vn 0.016505 -0.06517635 -0.9977373
vn -0.4669183 -0.1922164 -0.863157
vn -0.8252313 -0.2677523 -0.4972948
vn -0.9624243 -0.2715441 0.001817128
vn -0.8417367 -0.202576 0.5004421
vn -0.4955062 -0.07932781 0.8649744
vn -0.01650518 0.06517629 0.9977372
vn 0.4669186 0.1922164 0.8631569
vn 0.8252312 0.2677523 0.4972948
vn 0.807412 0.3185278 0.4966145
vn 0.9480771 0.3180367 -0.001544207
vn 0.8347058 0.2323279 -0.4992895
vn 0.4976756 0.08436706 -0.8632504
vn 0.02729351 -0.0862 -0.995904
vn -0.4504016 -0.2336696 -0.8617058
vn -0.807412 -0.3185278 -0.4966144
vn -0.9480771 -0.3180367 0.001544416
vn -0.8347058 -0.2323279 0.4992895
vn -0.4976756 -0.08436705 0.8632503
vn -0.02729369 0.08619989 0.995904
vn 0.450402 0.2336698 0.8617057
vn 0.807412 0.3185278 0.4966145
vn 0.7871866 0.368389 0.4945976
vn 0.9316989 0.3632235 -0.002432137
vn 0.8265631 0.2607326 -0.4988104
vn 0.4999505 0.08837844 -0.8615329
vn 0.03937626 -0.1076567 -0.993408
vn -0.4317485 -0.2748451 -0.8591003
vn -0.7871866 -0.3683891 -0.4945975
vn -0.9316989 -0.3632235 0.002432316
vn -0.8265632 -0.2607325 0.4988104
vn -0.4999505 -0.08837843 0.8615327
vn -0.03937643 0.1076566 0.993408
vn 0.4317487 0.2748452 0.8591001
vn 0.7871866 0.368389 0.4945976
vn 0.7665803 0.4127169 0.4919547
vn 0.9151203 0.4031629 -0.003821086
vn 0.8184546 0.2855816 -0.4985732
vn 0.5024844 0.09147894 -0.8597331
vn 0.0518739 -0.1271355 -0.990528
vn -0.4126358 -0.3116839 -0.8559117
vn -0.7665803 -0.4127169 -0.4919546
vn -0.9151203 -0.4031627 0.003821256
vn -0.8184545 -0.2855815 0.4985733
vn -0.5024845 -0.09147894 0.859733
vn -0.05187408 0.1271354 0.990528
vn 0.4126361 0.311684 0.8559115
vn 0.7665803 0.4127169 0.4919547
vn 0.7472687 0.4494652 0.4894593
vn 0.8998303 0.4362114 -0.005008409
vn 0.8112831 0.306075 -0.4981344
vn 0.505353 0.09392609 -0.8577856
vn 0.06401383 -0.1433903 -0.9875938
vn -0.3944773 -0.3422853 -0.8527769
vn -0.7472689 -0.4494652 -0.4894592
vn -0.8998303 -0.4362114 0.005008614
vn -0.8112831 -0.306075 0.4981344
vn -0.505353 -0.09392621 0.8577856
vn -0.06401401 0.1433902 0.9875938
vn 0.3944777 0.3422853 0.8527766
vn 0.7472687 0.4494652 0.4894593
vn 0.7301862 0.4785489 0.487667
vn 0.8866379 0.4624315 -0.005498243
vn 0.805516 0.322406 -0.4971906
vn 0.5085564 0.09599186 -0.8556611
vn 0.07532944 -0.1561431 -0.9848577
vn -0.3780816 -0.3664397 -0.8501626
vn -0.7301862 -0.4785489 -0.4876669
vn -0.8866379 -0.4624315 0.005498449
vn -0.8055159 -0.322406 0.4971906
vn -0.5085565 -0.09599186 0.8556611
vn -0.07532962 0.1561431 0.9848577
vn 0.3780819 0.3664397 0.8501624
vn 0.7301862 0.4785489 0.487667
vn 0.7155918 0.500898 0.4868567
vn 0.8757498 0.4827389 -0.0050463
vn 0.8012512 0.3352304 -0.4955975
vn 0.5120581 0.09789694 -0.8533537
vn 0.0856591 -0.1656679 -0.9824544
vn -0.3636918 -0.3848419 -0.8483072
vn -0.715592 -0.500898 -0.4868566
vn -0.8757498 -0.4827389 0.005046567
vn -0.8012513 -0.3352304 0.4955975
vn -0.5120581 -0.09789706 0.8533537
vn -0.08565929 0.1656678 0.9824544
vn 0.3636921 0.384842 0.848307
vn 0.7155918 0.500898 0.4868567
vn 0.7074354 0.5054593 0.4940102
vn 0.872252 0.4890434 0.003586976
vn 0.8033497 0.3415886 -0.4877976
vn 0.5191901 0.1026055 -0.8484773
vn 0.09591384 -0.1638708 -0.981808
vn -0.353062 -0.3864379 -0.8520639
vn -0.7074354 -0.5054594 -0.4940101
vn -0.872252 -0.4890433 -0.003586797
vn -0.8033496 -0.3415887 0.4877977
vn -0.5191902 -0.1026056 0.8484773
vn -0.09591402 0.1638708 0.9818079
vn 0.3530624 0.386438 0.8520638
vn 0.7074354 0.5054593 0.4940102
vn 0.7147406 0.4869331 0.5020379
vn 0.8803149 0.4742442 0.01175937
vn 0.8100097 0.3344818 -0.4816704
vn 0.5226628 0.1050953 -0.846037
vn 0.09526864 -0.1524515 -0.9837085
vn -0.3576523 -0.3691489 -0.857796
vn -0.7147406 -0.4869331 -0.5020378
vn -0.8803149 -0.474244 -0.0117591
vn -0.8100095 -0.3344818 0.4816705
vn -0.5226628 -0.1050953 0.846037
vn -0.09526882 0.1524514 0.9837085
vn 0.3576527 0.369149 0.8577958
vn 0.7147406 0.4869331 0.5020379
vn 0.729555 0.4528775 0.5124954
vn 0.8948406 0.445843 0.02200574
vn 0.8203546 0.3193452 -0.4743807
vn 0.526055 0.1072791 -0.8436571
vn 0.09079929 -0.1335324 -0.9868761
vn -0.3687857 -0.3385639 -0.8656625
vn -0.729555 -0.4528776 -0.5124953
vn -0.8948407 -0.445843 -0.02200553
vn -0.8203546 -0.3193452 0.4743807
vn -0.526055 -0.1072791 0.8436571
vn -0.09079947 0.1335324 0.9868761
vn 0.368786 0.338564 0.8656623
vn 0.729555 0.4528775 0.5124954
vn 0.7531571 0.3962655 0.5250981
vn 0.9169264 0.3976009 0.03405147
vn 0.835006 0.2923995 -0.4661195
vn 0.5293463 0.1088498 -0.8413942
vn 0.08184855 -0.1038661 -0.9912178
vn -0.3875801 -0.2887511 -0.8754452
vn -0.7531572 -0.3962655 -0.525098
vn -0.9169264 -0.3976009 -0.03405121
vn -0.835006 -0.2923994 0.4661196
vn -0.5293463 -0.1088498 0.8413941
vn -0.08184873 0.1038662 0.9912177
vn 0.3875805 0.2887512 0.8754451
vn 0.7531571 0.3962655 0.5250981
vn 0.7868973 0.3013467 0.5385005
vn 0.9477224 0.3156617 0.04668833
vn 0.8546063 0.2453955 -0.4576343
vn 0.5324988 0.1093756 -0.8393342
vn 0.06770866 -0.05595147 -0.9961351
vn -0.4152238 -0.2062862 -0.8860222
vn -0.7868973 -0.3013467 -0.5385005
vn -0.9477224 -0.3156617 -0.04668812
vn -0.8546063 -0.2453955 0.4576343
vn -0.5324989 -0.1093756 0.8393342
vn -0.06770884 0.05595129 0.9961351
vn 0.415224 0.2062862 0.886022
vn 0.7868973 0.3013467 0.5385005
vn 0.8070412 0.2299445 0.5438841
vn 0.9659071 0.2536542 0.05179831
vn 0.8659589 0.2093975 -0.4541672
vn 0.5339777 0.1090328 -0.8384389
vn 0.05891733 -0.02054709 -0.9980513
vn -0.4319296 -0.1446214 -0.8902367
vn -0.8070412 -0.2299445 -0.543884
vn -0.9659071 -0.2536542 -0.05179807
vn -0.8659589 -0.2093974 0.4541671
vn -0.5339777 -0.1090328 0.8384387
vn -0.05891757 0.02054715 0.9980513
vn 0.4319298 0.1446215 0.8902366
vn 0.8070412 0.2299445 0.5438841
vn 0.8271588 0.1337429 0.5458214
vn 0.9839929 0.1698807 0.05383965
vn 0.8771667 0.1604991 -0.4525689
vn 0.5353044 0.1081119 -0.8377118
vn 0.05000752 0.02675616 -0.9983904
vn -0.4486885 -0.06176886 -0.891551
vn -0.8271589 -0.1337429 -0.5458214
vn -0.9839928 -0.1698807 -0.0538394
vn -0.8771667 -0.1604991 0.4525689
vn -0.5353045 -0.1081119 0.8377117
vn -0.0500077 -0.02675622 0.9983904
vn 0.4486889 0.0617689 0.8915509
vn 0.8271588 0.1337429 0.5458214
vn 0.8418845 0.003191648 0.5396483
vn 0.9972425 0.05599336 0.04870547
vn 0.8853902 0.09379172 -0.4552882
vn 0.5362981 0.1064585 -0.8372878
vn 0.04350518 0.0906 -0.9949366
vn -0.4609444 0.0504652 -0.8859929
vn -0.8418845 -0.003191648 -0.5396482
vn -0.9972425 -0.05599341 -0.04870522
vn -0.8853902 -0.09379165 0.4552883
vn -0.5362982 -0.1064585 0.8372878
vn -0.04350543 -0.09060001 0.9949366
vn 0.4609449 -0.05046514 0.8859927
vn 0.8418845 0.003191648 0.5396483
vn 0.8438075 -0.07811844 0.5309297
vn 0.9990398 -0.01498793 0.04116822
vn 0.8865803 0.05215857 -0.4596245
vn 0.5365621 0.1053294 -0.8372614
vn 0.04277228 0.1302772 -0.9905546
vn -0.462478 0.1203173 -0.8784292
vn -0.8438076 0.07811845 -0.5309297
vn -0.9990398 0.01498787 -0.04116799
vn -0.8865802 -0.0521587 0.4596246
vn -0.5365621 -0.1053294 0.8372614
vn -0.04277252 -0.1302771 0.9905546
vn 0.4624783 -0.1203171 0.8784291
vn 0.8438075 -0.07811844 0.5309297
vn 0.8390749 -0.171164 0.5163879
vn 0.9949517 -0.09622277 0.02849932
vn 0.8842322 0.004501342 -0.4670257
vn 0.5365833 0.1040192 -0.8374118
vn 0.04515707 0.1756652 -0.9834137
vn -0.4583686 0.2002419 -0.8659108
vn -0.8390749 0.171164 -0.5163878
vn -0.9949517 0.09622283 -0.02849908
vn -0.8842322 -0.004501342 0.4670258
vn -0.5365833 -0.1040192 0.8374118
vn -0.04515719 -0.1756653 0.9834137
vn 0.458369 -0.2002419 0.8659105
vn 0.8390749 -0.171164 0.5163879
vn 0.9949517 -0.09622277 0.02849932
vn 0.8842322 0.004501342 -0.4670257
vn 0.5365833 0.1040192 -0.8374118
vn 0.04515707 0.1756652 -0.9834137
vn -0.4583686 0.2002419 -0.8659108
vn -0.8390749 0.171164 -0.5163878
vn -0.9949517 0.09622283 -0.02849908
vn -0.8842322 -0.004501342 0.4670258
vn -0.5365833 -0.1040192 0.8374118
vn -0.04515719 -0.1756653 0.9834137
vn 0.458369 -0.2002419 0.8659105
vn 0.8390749 -0.171164 0.5163879
vn 0.7786849 0.6104766 0.1448048
vn 0.6989514 0.6830118 -0.212042
vn 0.4485958 0.7546786 -0.4787714
vn 0.09470068 0.8062737 -0.5839131
vn -0.2679076 0.8239723 -0.4992947
vn -0.5420692 0.803032 -0.2475896
vn -0.654322 0.749064 0.103758
vn -0.5745885 0.6765288 0.4606048
vn -0.324233 0.604862 0.727334
vn 0.02966195 0.5532669 0.8324757
vn 0.3922707 0.5355682 0.7478572
vn 0.6664319 0.5565082 0.4961523
vn 0.451586 0.8745054 0.1769477
vn 0.4105974 0.9117936 -0.006496667
vn 0.2818971 0.9486354 -0.1436141
vn 0.09997027 0.9751589 -0.1976642
vn -0.08643585 0.9842571 -0.1541645
vn -0.227374 0.9734924 -0.0247705
vn -0.2850798 0.9457491 0.1558468
vn -0.2440912 0.9084609 0.3392909
vn -0.115391 0.8716192 0.4764084
vn 0.06653576 0.8450957 0.5304586
vn 0.2529421 0.8359973 0.4869587
vn 0.3938801 0.846762 0.3575649
vn 0.2039566 0.9620614 0.1812167
vn 0.1911664 0.973697 0.1239741
vn 0.1510062 0.9851933 0.08118731
vn 0.09423704 0.9934698 0.06432123
vn 0.03607008 0.9963088 0.0778951
vn -0.007908821 0.9929498 0.1182718
vn -0.02591565 0.9842926 0.1746323
vn -0.01312536 0.972657 0.2318749
vn 0.02703479 0.9611607 0.2746617
vn 0.08380396 0.9528844 0.2915277
vn 0.141971 0.9500452 0.2779539
vn 0.1859498 0.9534042 0.2375773
vn 0.08962047 0.9797361 0.1791236

vt 0 -0.00125
vt 0.9815734 -0.001185
vt 0.9840243 -0.001185
vt 0.9907557 -0.001185
vt 0 -0.001185
vt 0.009244293 -0.001185
vt 0.01597574 -0.001185
vt 0.0184266 -0.001185
vt 0.01597574 -0.001185
vt 0.009244293 -0.001185
vt 1 -0.001185
vt 0.9907557 -0.001185
vt 0.9840243 -0.001185
vt 0.9396443 -0.0007050002
vt 0.9471089 -0.0007050002
vt 0.9686971 -0.0007050002
vt 0 -0.0007050002
vt 0.0313029 -0.0007050002
vt 0.05289117 -0.0007050002
vt 0.06035572 -0.0007050002
vt 0.05289117 -0.0007050002
vt 0.0313029 -0.0007050002
vt 1 -0.0007050002
vt 0.9686971 -0.0007050002
vt 0.9471089 -0.0007050002
vt 0.8720391 0.0001650001
vt 0.8834689 0.0001650001
vt 0.9238126 0.0001650001
vt 2.980232E-08 0.0001650001
vt 0.07618743 0.0001650001
vt 0.1165311 0.0001650001
vt 0.1279609 0.0001650001
vt 0.1165311 0.0001650001
vt 0.07618737 0.0001650001
vt 1 0.0001650001
vt 0.9238126 0.0001650001
vt 0.8834688 0.0001650001
vt 0.75 0.00125
vt 0.75 0.00125
vt 0.75 0.00125
vt 0.25 0.00125
vt 0.25 0.00125
vt 0.25 0.00125
vt 0.25 0.00125
vt 0.25 0.00125
vt 0.25 0.00125
vt 0.75 0.00125
vt 0.75 0.00125
vt 0.75 0.00125
vt 0 0.002500001
vt 0.08333334 0.002500001
vt 0.1666667 0.002500001
vt 0.25 0.002500001
vt 0.3333333 0.002500001
vt 0.4166667 0.002500001
vt 0.5 0.002500001
vt 0.5833333 0.002500001
vt 0.6666667 0.002500001
vt 0.75 0.002500001
vt 0.8333333 0.002500001
vt 0.9166667 0.002500001
vt 1 0.002500001
vt 0 0.2032083
vt 0.08333334 0.2032083
vt 0.1666667 0.2032083
vt 0.25 0.2032083
vt 0.3333333 0.2032083
vt 0.4166667 0.2032083
vt 0.5 0.2032083
vt 0.5833333 0.2032083
vt 0.6666667 0.2032083
vt 0.75 0.2032083
vt 0.8333333 0.2032083
vt 0.9166667 0.2032083
vt 1 0.2032083
vt 0 0.4171397
vt 0.08333334 0.4171397
vt 0.1666667 0.4171397
vt 0.25 0.4171397
vt 0.3333333 0.4171397
vt 0.4166667 0.4171397
vt 0.5 0.4171397
vt 0.5833333 0.4171397
vt 0.6666667 0.4171397
vt 0.75 0.4171397
vt 0.8333333 0.4171397
vt 0.9166667 0.4171397
vt 1 0.4171397
vt 0 0.6417298
vt 0.08333334 0.6417298
vt 0.1666667 0.6417298
vt 0.25 0.6417298
vt 0.3333333 0.6417298
vt 0.4166667 0.6417298
vt 0.5 0.6417298
vt 0.5833333 0.6417298
vt 0.6666667 0.6417298
vt 0.75 0.6417298
vt 0.8333333 0.6417298
vt 0.9166667 0.6417298
vt 1 0.6417298
vt 0 0.8742439
vt 0.08333334 0.8742439
vt 0.1666667 0.8742439
vt 0.25 0.8742439
vt 0.3333333 0.8742439
vt 0.4166667 0.8742439
vt 0.5 0.8742439
vt 0.5833333 0.8742439
vt 0.6666667 0.8742439
vt 0.75 0.8742439
vt 0.8333333 0.8742439
vt 0.9166667 0.8742439
vt 1 0.8742439
vt 0 1.111882
vt 0.08333334 1.111882
vt 0.1666667 1.111882
vt 0.25 1.111882
vt 0.3333333 1.111882
vt 0.4166667 1.111882
vt 0.5 1.111882
vt 0.5833333 1.111882
vt 0.6666667 1.111882
vt 0.75 1.111882
vt 0.8333333 1.111882
vt 0.9166667 1.111882
vt 1 1.111882
vt 0 1.351857
vt 0.08333334 1.351857
vt 0.1666667 1.351857
vt 0.25 1.351857
vt 0.3333333 1.351857
vt 0.4166667 1.351857
vt 0.5 1.351857
vt 0.5833333 1.351857
vt 0.6666667 1.351857
vt 0.75 1.351857
vt 0.8333333 1.351857
vt 0.9166667 1.351857
vt 1 1.351857
vt 0 1.59147
vt 0.08333334 1.59147
vt 0.1666667 1.59147
vt 0.25 1.59147
vt 0.3333333 1.59147
vt 0.4166667 1.59147
vt 0.5 1.59147
vt 0.5833333 1.59147
vt 0.6666667 1.59147
vt 0.75 1.59147
vt 0.8333333 1.59147
vt 0.9166667 1.59147
vt 1 1.59147
vt 0 1.828187
vt 0.08333334 1.828187
vt 0.1666667 1.828187
vt 0.25 1.828187
vt 0.3333333 1.828187
vt 0.4166667 1.828187
vt 0.5 1.828187
vt 0.5833333 1.828187
vt 0.6666667 1.828187
vt 0.75 1.828187
vt 0.8333333 1.828187
vt 0.9166667 1.828187
vt 1 1.828187
vt 0 2.060228
vt 0.08333334 2.060228
vt 0.1666667 2.060228
vt 0.25 2.060228
vt 0.3333333 2.060228
vt 0.4166667 2.060228
vt 0.5 2.060228
vt 0.5833333 2.060228
vt 0.6666667 2.060228
vt 0.75 2.060228
vt 0.8333333 2.060228
vt 0.9166667 2.060228
vt 1 2.060228
vt 0 2.287856
vt 0.08333334 2.287856
vt 0.1666667 2.287856
vt 0.25 2.287856
vt 0.3333333 2.287856
vt 0.4166667 2.287856
vt 0.5 2.287856
vt 0.5833333 2.287856
vt 0.6666667 2.287856
vt 0.75 2.287856
vt 0.8333333 2.287856
vt 0.9166667 2.287856
vt 1 2.287856
vt 0 2.511524
vt 0.08333334 2.511524
vt 0.1666667 2.511524
vt 0.25 2.511524
vt 0.3333333 2.511524
vt 0.4166667 2.511524
vt 0.5 2.511524
vt 0.5833333 2.511524
vt 0.6666667 2.511524
vt 0.75 2.511524
vt 0.8333333 2.511524
vt 0.9166667 2.511524
vt 1 2.511524
vt 0 2.73137
vt 0.08333334 2.73137
vt 0.1666667 2.73137
vt 0.25 2.73137
vt 0.3333333 2.73137
vt 0.4166667 2.73137
vt 0.5 2.73137
vt 0.5833333 2.73137
vt 0.6666667 2.73137
vt 0.75 2.73137
vt 0.8333333 2.73137
vt 0.9166667 2.73137
vt 1 2.73137
vt 0 2.947252
vt 0.08333334 2.947252
vt 0.1666667 2.947252
vt 0.25 2.947252
vt 0.3333333 2.947252
vt 0.4166667 2.947252
vt 0.5 2.947252
vt 0.5833333 2.947252
vt 0.6666667 2.947252
vt 0.75 2.947252
vt 0.8333333 2.947252
vt 0.9166667 2.947252
vt 1 2.947252
vt 0 3.158778
vt 0.08333334 3.158778
vt 0.1666667 3.158778
vt 0.25 3.158778
vt 0.3333333 3.158778
vt 0.4166667 3.158778
vt 0.5 3.158778
vt 0.5833333 3.158778
vt 0.6666667 3.158778
vt 0.75 3.158778
vt 0.8333333 3.158778
vt 0.9166667 3.158778
vt 1 3.158778
vt 0 3.365349
vt 0.08333334 3.365349
vt 0.1666667 3.365349
vt 0.25 3.365349
vt 0.3333333 3.365349
vt 0.4166667 3.365349
vt 0.5 3.365349
vt 0.5833333 3.365349
vt 0.6666667 3.365349
vt 0.75 3.365349
vt 0.8333333 3.365349
vt 0.9166667 3.365349
vt 1 3.365349
vt 0 3.566193
vt 0.08333334 3.566193
vt 0.1666667 3.566193
vt 0.25 3.566193
vt 0.3333333 3.566193
vt 0.4166667 3.566193
vt 0.5 3.566193
vt 0.5833333 3.566193
vt 0.6666667 3.566193
vt 0.75 3.566193
vt 0.8333333 3.566193
vt 0.9166667 3.566193
vt 1 3.566193
vt 0 3.76181
vt 0.08333334 3.76181
vt 0.1666667 3.76181
vt 0.25 3.76181
vt 0.3333333 3.76181
vt 0.4166667 3.76181
vt 0.5 3.76181
vt 0.5833333 3.76181
vt 0.6666667 3.76181
vt 0.75 3.76181
vt 0.8333333 3.76181
vt 0.9166667 3.76181
vt 1 3.76181
vt 0 3.958384
vt 0.08333334 3.958384
vt 0.1666667 3.958384
vt 0.25 3.958384
vt 0.3333333 3.958384
vt 0.4166667 3.958384
vt 0.5 3.958384
vt 0.5833333 3.958384
vt 0.6666667 3.958384
vt 0.75 3.958384
vt 0.8333333 3.958384
vt 0.9166667 3.958384
vt 1 3.958384
vt 0 4.163793
vt 0.08333334 4.163793
vt 0.1666667 4.163793
vt 0.25 4.163793
vt 0.3333333 4.163793
vt 0.4166667 4.163793
vt 0.5 4.163793
vt 0.5833333 4.163793
vt 0.6666667 4.163793
vt 0.75 4.163793
vt 0.8333333 4.163793
vt 0.9166667 4.163793
vt 1 4.163793
vt 0 4.386174
vt 0.08333334 4.386174
vt 0.1666667 4.386174
vt 0.25 4.386174
vt 0.3333333 4.386174
vt 0.4166667 4.386174
vt 0.5 4.386174
vt 0.5833333 4.386174
vt 0.6666667 4.386174
vt 0.75 4.386174
vt 0.8333333 4.386174
vt 0.9166667 4.386174
vt 1 4.386174
vt 0 4.63381
vt 0.08333334 4.63381
vt 0.1666667 4.63381
vt 0.25 4.63381
vt 0.3333333 4.63381
vt 0.4166667 4.63381
vt 0.5 4.63381
vt 0.5833333 4.63381
vt 0.6666667 4.63381
vt 0.75 4.63381
vt 0.8333333 4.63381
vt 0.9166667 4.63381
vt 1 4.63381
vt 0 4.915008
vt 0.08333334 4.915008
vt 0.1666667 4.915008
vt 0.25 4.915008
vt 0.3333333 4.915008
vt 0.4166667 4.915008
vt 0.5 4.915008
vt 0.5833333 4.915008
vt 0.6666667 4.915008
vt 0.75 4.915008
vt 0.8333333 4.915008
vt 0.9166667 4.915008
vt 1 4.915008
vt 0 5.238014
vt 0.08333334 5.238014
vt 0.1666667 5.238014
vt 0.25 5.238014
vt 0.3333333 5.238014
vt 0.4166667 5.238014
vt 0.5 5.238014
vt 0.5833333 5.238014
vt 0.6666667 5.238014
vt 0.75 5.238014
vt 0.8333333 5.238014
vt 0.9166667 5.238014
vt 1 5.238014
vt 0 5.610986
vt 0.08333334 5.610986
vt 0.1666667 5.610986
vt 0.25 5.610986
vt 0.3333333 5.610986
vt 0.4166667 5.610986
vt 0.5 5.610986
vt 0.5833333 5.610986
vt 0.6666667 5.610986
vt 0.75 5.610986
vt 0.8333333 5.610986
vt 0.9166667 5.610986
vt 1 5.610986
vt 0 6.500974
vt 0.08333334 6.500974
vt 0.1666667 6.500974
vt 0.25 6.500974
vt 0.3333333 6.500974
vt 0.4166667 6.500974
vt 0.5 6.500974
vt 0.5833333 6.500974
vt 0.6666667 6.500974
vt 0.75 6.500974
vt 0.8333333 6.500974
vt 0.9166667 6.500974
vt 1 6.500974
vt 0 6.981553
vt 0.08333334 6.981553
vt 0.1666667 6.981553
vt 0.25 6.981553
vt 0.3333333 6.981553
vt 0.4166667 6.981553
vt 0.5 6.981553
vt 0.5833333 6.981553
vt 0.6666667 6.981553
vt 0.75 6.981553
vt 0.8333333 6.981553
vt 0.9166667 6.981553
vt 1 6.981553
vt 0 7.458663
vt 0.08333334 7.458663
vt 0.1666667 7.458663
vt 0.25 7.458663
vt 0.3333333 7.458663
vt 0.4166667 7.458663
vt 0.5 7.458663
vt 0.5833333 7.458663
vt 0.6666667 7.458663
vt 0.75 7.458663
vt 0.8333333 7.458663
vt 0.9166667 7.458663
vt 1 7.458663
vt 0 7.912736
vt 0.08333334 7.912736
vt 0.1666667 7.912736
vt 0.25 7.912736
vt 0.3333333 7.912736
vt 0.4166667 7.912736
vt 0.5 7.912736
vt 0.5833333 7.912736
vt 0.6666667 7.912736
vt 0.75 7.912736
vt 0.8333333 7.912736
vt 0.9166667 7.912736
vt 1 7.912736
vt 0 8.32577
vt 0.08333334 8.32577
vt 0.1666667 8.32577
vt 0.25 8.32577
vt 0.3333333 8.32577
vt 0.4166667 8.32577
vt 0.5 8.32577
vt 0.5833333 8.32577
vt 0.6666667 8.32577
vt 0.75 8.32577
vt 0.8333333 8.32577
vt 0.9166667 8.32577
vt 1 8.32577
vt 0 8.512249
vt 0.08333334 8.512249
vt 0.1666667 8.512249
vt 0.25 8.512249
vt 0.3333333 8.512249
vt 0.4166667 8.512249
vt 0.5 8.512249
vt 0.5833333 8.512249
vt 0.6666667 8.512249
vt 0.75 8.512249
vt 0.8333333 8.512249
vt 0.9166667 8.512249
vt 1 8.512249
vt 0 8.68356
vt 0.08333334 8.68356
vt 0.1666667 8.68356
vt 0.25 8.68356
vt 0.3333333 8.68356
vt 0.4166667 8.68356
vt 0.5 8.68356
vt 0.5833333 8.68356
vt 0.6666667 8.68356
vt 0.75 8.68356
vt 0.8333333 8.68356
vt 0.9166667 8.68356
vt 1 8.68356
vt 0 8.839285
vt 0.08333334 8.839285
vt 0.1666667 8.839285
vt 0.25 8.839285
vt 0.3333333 8.839285
vt 0.4166667 8.839285
vt 0.5 8.839285
vt 0.5833333 8.839285
vt 0.6666667 8.839285
vt 0.75 8.839285
vt 0.8333333 8.839285
vt 0.9166667 8.839285
vt 1 8.839285
vt 0 8.911559
vt 0.08333334 8.911559
vt 0.1666667 8.911559
vt 0.25 8.911559
vt 0.3333333 8.911559
vt 0.4166667 8.911559
vt 0.5 8.911559
vt 0.5833333 8.911559
vt 0.6666667 8.911559
vt 0.75 8.911559
vt 0.8333333 8.911559
vt 0.9166667 8.911559
vt 1 8.911559
vt 0 8.981659
vt 0.08333334 8.981659
vt 0.1666667 8.981659
vt 0.25 8.981659
vt 0.3333333 8.981659
vt 0.4166667 8.981659
vt 0.5 8.981659
vt 0.5833333 8.981659
vt 0.6666667 8.981659
vt 0.75 8.981659
vt 0.8333333 8.981659
vt 0.9166667 8.981659
vt 1 8.981659
vt 0.75 8.981659
vt 0.75 8.981659
vt 0.25 8.981659
vt 0.25 8.981659
vt 0.25 8.981659
vt 0.25 8.981659
vt 0.25 8.981659
vt 0.25 8.981659
vt 0.75 8.981659
vt 0.75 8.981659
vt 0.75 8.981659
vt 0.75 8.981659
vt 0.6165311 8.982744
vt 0.5761874 8.982744
vt 0.5 8.982744
vt 0.4238126 8.982744
vt 0.3834689 8.982744
vt 0.3720391 8.982744
vt 0.3834689 8.982744
vt 0.4238126 8.982744
vt 0.5 8.982744
vt 0.5761874 8.982744
vt 0.6165311 8.982744
vt 0.6279609 8.982744
vt 0.5528911 8.983614
vt 0.5313029 8.983614
vt 0.5 8.983614
vt 0.4686971 8.983614
vt 0.4471088 8.983614
vt 0.4396443 8.983614
vt 0.4471089 8.983614
vt 0.4686971 8.983614
vt 0.5 8.983614
vt 0.5313029 8.983614
vt 0.5528911 8.983614
vt 0.5603557 8.983614
vt 0.5159757 8.984095
vt 0.5092443 8.984095
vt 0.5 8.984095
vt 0.4907557 8.984095
vt 0.4840243 8.984095
vt 0.4815734 8.984095
vt 0.4840243 8.984095
vt 0.4907557 8.984095
vt 0.5 8.984095
vt 0.5092443 8.984095
vt 0.5159757 8.984095
vt 0.5184266 8.984095
vt 0 8.984159

usemap Standard_FF301B
usemtl Standard_FF301B
f 1680/1680/1680 1679/1679/1679 1678/1678/1678 1677/1677/1677 
f 1682/1682/1682 1681/1681/1681 1680/1680/1680 1677/1677/1677 
f 1684/1684/1684 1683/1683/1683 1682/1682/1682 1677/1677/1677 
f 1686/1686/1686 1685/1685/1685 1684/1684/1684 1677/1677/1677 
f 1688/1688/1688 1687/1687/1687 1686/1686/1686 1677/1677/1677 
f 1678/1678/1678 1689/1689/1689 1688/1688/1688 1677/1677/1677 
f 1679/1679/1679 1691/1691/1691 1690/1690/1690 1678/1678/1678 
f 1680/1680/1680 1692/1692/1692 1691/1691/1691 1679/1679/1679 
f 1681/1681/1681 1693/1693/1693 1692/1692/1692 1680/1680/1680 
f 1682/1682/1682 1694/1694/1694 1693/1693/1693 1681/1681/1681 
f 1683/1683/1683 1695/1695/1695 1694/1694/1694 1682/1682/1682 
f 1684/1684/1684 1696/1696/1696 1695/1695/1695 1683/1683/1683 
f 1685/1685/1685 1697/1697/1697 1696/1696/1696 1684/1684/1684 
f 1686/1686/1686 1698/1698/1698 1697/1697/1697 1685/1685/1685 
f 1687/1687/1687 1699/1699/1699 1698/1698/1698 1686/1686/1686 
f 1688/1688/1688 1700/1700/1700 1699/1699/1699 1687/1687/1687 
f 1689/1689/1689 1701/1701/1701 1700/1700/1700 1688/1688/1688 
f 1678/1678/1678 1690/1690/1690 1701/1701/1701 1689/1689/1689 
f 1691/1691/1691 1703/1703/1703 1702/1702/1702 1690/1690/1690 
f 1692/1692/1692 1704/1704/1704 1703/1703/1703 1691/1691/1691 
f 1693/1693/1693 1705/1705/1705 1704/1704/1704 1692/1692/1692 
f 1694/1694/1694 1706/1706/1706 1705/1705/1705 1693/1693/1693 
f 1695/1695/1695 1707/1707/1707 1706/1706/1706 1694/1694/1694 
f 1696/1696/1696 1708/1708/1708 1707/1707/1707 1695/1695/1695 
f 1697/1697/1697 1709/1709/1709 1708/1708/1708 1696/1696/1696 
f 1698/1698/1698 1710/1710/1710 1709/1709/1709 1697/1697/1697 
f 1699/1699/1699 1711/1711/1711 1710/1710/1710 1698/1698/1698 
f 1700/1700/1700 1712/1712/1712 1711/1711/1711 1699/1699/1699 
f 1701/1701/1701 1713/1713/1713 1712/1712/1712 1700/1700/1700 
f 1690/1690/1690 1702/1702/1702 1713/1713/1713 1701/1701/1701 
f 1703/1703/1703 1715/1715/1715 1714/1714/1714 1702/1702/1702 
f 1704/1704/1704 1716/1716/1716 1715/1715/1715 1703/1703/1703 
f 1705/1705/1705 1717/1717/1717 1716/1716/1716 1704/1704/1704 
f 1706/1706/1706 1718/1718/1718 1717/1717/1717 1705/1705/1705 
f 1707/1707/1707 1719/1719/1719 1718/1718/1718 1706/1706/1706 
f 1708/1708/1708 1720/1720/1720 1719/1719/1719 1707/1707/1707 
f 1709/1709/1709 1721/1721/1721 1720/1720/1720 1708/1708/1708 
f 1710/1710/1710 1722/1722/1722 1721/1721/1721 1709/1709/1709 
f 1711/1711/1711 1723/1723/1723 1722/1722/1722 1710/1710/1710 
f 1712/1712/1712 1724/1724/1724 1723/1723/1723 1711/1711/1711 
f 1713/1713/1713 1725/1725/1725 1724/1724/1724 1712/1712/1712 
f 1702/1702/1702 1714/1714/1714 1725/1725/1725 1713/1713/1713 
f 1715/1715/1715 1727/1727/1727 1726/1726/1726 1714/1714/1714 
f 1716/1716/1716 1728/1728/1728 1727/1727/1727 1715/1715/1715 
f 1717/1717/1717 1729/1729/1729 1728/1728/1728 1716/1716/1716 
f 1718/1718/1718 1730/1730/1730 1729/1729/1729 1717/1717/1717 
f 1719/1719/1719 1731/1731/1731 1730/1730/1730 1718/1718/1718 
f 1720/1720/1720 1732/1732/1732 1731/1731/1731 1719/1719/1719 
f 1721/1721/1721 1733/1733/1733 1732/1732/1732 1720/1720/1720 
f 1722/1722/1722 1734/1734/1734 1733/1733/1733 1721/1721/1721 
f 1723/1723/1723 1735/1735/1735 1734/1734/1734 1722/1722/1722 
f 1724/1724/1724 1736/1736/1736 1735/1735/1735 1723/1723/1723 
f 1725/1725/1725 1737/1737/1737 1736/1736/1736 1724/1724/1724 
f 1714/1714/1714 1738/1738/1738 1737/1737/1737 1725/1725/1725 
f 1727/1727/1727 1740/1740/1740 1739/1739/1739 1726/1726/1726 
f 1728/1728/1728 1741/1741/1741 1740/1740/1740 1727/1727/1727 
f 1729/1729/1729 1742/1742/1742 1741/1741/1741 1728/1728/1728 
f 1730/1730/1730 1743/1743/1743 1742/1742/1742 1729/1729/1729 
f 1731/1731/1731 1744/1744/1744 1743/1743/1743 1730/1730/1730 
f 1732/1732/1732 1745/1745/1745 1744/1744/1744 1731/1731/1731 
f 1733/1733/1733 1746/1746/1746 1745/1745/1745 1732/1732/1732 
f 1734/1734/1734 1747/1747/1747 1746/1746/1746 1733/1733/1733 
f 1735/1735/1735 1748/1748/1748 1747/1747/1747 1734/1734/1734 
f 1736/1736/1736 1749/1749/1749 1748/1748/1748 1735/1735/1735 
f 1737/1737/1737 1750/1750/1750 1749/1749/1749 1736/1736/1736 
f 1738/1738/1738 1751/1751/1751 1750/1750/1750 1737/1737/1737 
f 1740/1740/1740 1753/1753/1753 1752/1752/1752 1739/1739/1739 
f 1741/1741/1741 1754/1754/1754 1753/1753/1753 1740/1740/1740 
f 1742/1742/1742 1755/1755/1755 1754/1754/1754 1741/1741/1741 
f 1743/1743/1743 1756/1756/1756 1755/1755/1755 1742/1742/1742 
f 1744/1744/1744 1757/1757/1757 1756/1756/1756 1743/1743/1743 
f 1745/1745/1745 1758/1758/1758 1757/1757/1757 1744/1744/1744 
f 1746/1746/1746 1759/1759/1759 1758/1758/1758 1745/1745/1745 
f 1747/1747/1747 1760/1760/1760 1759/1759/1759 1746/1746/1746 
f 1748/1748/1748 1761/1761/1761 1760/1760/1760 1747/1747/1747 
f 1749/1749/1749 1762/1762/1762 1761/1761/1761 1748/1748/1748 
f 1750/1750/1750 1763/1763/1763 1762/1762/1762 1749/1749/1749 
f 1751/1751/1751 1764/1764/1764 1763/1763/1763 1750/1750/1750 
f 1753/1753/1753 1766/1766/1766 1765/1765/1765 1752/1752/1752 
f 1754/1754/1754 1767/1767/1767 1766/1766/1766 1753/1753/1753 
f 1755/1755/1755 1768/1768/1768 1767/1767/1767 1754/1754/1754 
f 1756/1756/1756 1769/1769/1769 1768/1768/1768 1755/1755/1755 
f 1757/1757/1757 1770/1770/1770 1769/1769/1769 1756/1756/1756 
f 1758/1758/1758 1771/1771/1771 1770/1770/1770 1757/1757/1757 
f 1759/1759/1759 1772/1772/1772 1771/1771/1771 1758/1758/1758 
f 1760/1760/1760 1773/1773/1773 1772/1772/1772 1759/1759/1759 
f 1761/1761/1761 1774/1774/1774 1773/1773/1773 1760/1760/1760 
f 1762/1762/1762 1775/1775/1775 1774/1774/1774 1761/1761/1761 
f 1763/1763/1763 1776/1776/1776 1775/1775/1775 1762/1762/1762 
f 1764/1764/1764 1777/1777/1777 1776/1776/1776 1763/1763/1763 
f 1766/1766/1766 1779/1779/1779 1778/1778/1778 1765/1765/1765 
f 1767/1767/1767 1780/1780/1780 1779/1779/1779 1766/1766/1766 
f 1768/1768/1768 1781/1781/1781 1780/1780/1780 1767/1767/1767 
f 1769/1769/1769 1782/1782/1782 1781/1781/1781 1768/1768/1768 
f 1770/1770/1770 1783/1783/1783 1782/1782/1782 1769/1769/1769 
f 1771/1771/1771 1784/1784/1784 1783/1783/1783 1770/1770/1770 
f 1772/1772/1772 1785/1785/1785 1784/1784/1784 1771/1771/1771 
f 1773/1773/1773 1786/1786/1786 1785/1785/1785 1772/1772/1772 
f 1774/1774/1774 1787/1787/1787 1786/1786/1786 1773/1773/1773 
f 1775/1775/1775 1788/1788/1788 1787/1787/1787 1774/1774/1774 
f 1776/1776/1776 1789/1789/1789 1788/1788/1788 1775/1775/1775 
f 1777/1777/1777 1790/1790/1790 1789/1789/1789 1776/1776/1776 
f 1779/1779/1779 1792/1792/1792 1791/1791/1791 1778/1778/1778 
f 1780/1780/1780 1793/1793/1793 1792/1792/1792 1779/1779/1779 
f 1781/1781/1781 1794/1794/1794 1793/1793/1793 1780/1780/1780 
f 1782/1782/1782 1795/1795/1795 1794/1794/1794 1781/1781/1781 
f 1783/1783/1783 1796/1796/1796 1795/1795/1795 1782/1782/1782 
f 1784/1784/1784 1797/1797/1797 1796/1796/1796 1783/1783/1783 
f 1785/1785/1785 1798/1798/1798 1797/1797/1797 1784/1784/1784 
f 1786/1786/1786 1799/1799/1799 1798/1798/1798 1785/1785/1785 
f 1787/1787/1787 1800/1800/1800 1799/1799/1799 1786/1786/1786 
f 1788/1788/1788 1801/1801/1801 1800/1800/1800 1787/1787/1787 
f 1789/1789/1789 1802/1802/1802 1801/1801/1801 1788/1788/1788 
f 1790/1790/1790 1803/1803/1803 1802/1802/1802 1789/1789/1789 
f 1792/1792/1792 1805/1805/1805 1804/1804/1804 1791/1791/1791 
f 1793/1793/1793 1806/1806/1806 1805/1805/1805 1792/1792/1792 
f 1794/1794/1794 1807/1807/1807 1806/1806/1806 1793/1793/1793 
f 1795/1795/1795 1808/1808/1808 1807/1807/1807 1794/1794/1794 
f 1796/1796/1796 1809/1809/1809 1808/1808/1808 1795/1795/1795 
f 1797/1797/1797 1810/1810/1810 1809/1809/1809 1796/1796/1796 
f 1798/1798/1798 1811/1811/1811 1810/1810/1810 1797/1797/1797 
f 1799/1799/1799 1812/1812/1812 1811/1811/1811 1798/1798/1798 
f 1800/1800/1800 1813/1813/1813 1812/1812/1812 1799/1799/1799 
f 1801/1801/1801 1814/1814/1814 1813/1813/1813 1800/1800/1800 
f 1802/1802/1802 1815/1815/1815 1814/1814/1814 1801/1801/1801 
f 1803/1803/1803 1816/1816/1816 1815/1815/1815 1802/1802/1802 
f 1805/1805/1805 1818/1818/1818 1817/1817/1817 1804/1804/1804 
f 1806/1806/1806 1819/1819/1819 1818/1818/1818 1805/1805/1805 
f 1807/1807/1807 1820/1820/1820 1819/1819/1819 1806/1806/1806 
f 1808/1808/1808 1821/1821/1821 1820/1820/1820 1807/1807/1807 
f 1809/1809/1809 1822/1822/1822 1821/1821/1821 1808/1808/1808 
f 1810/1810/1810 1823/1823/1823 1822/1822/1822 1809/1809/1809 
f 1811/1811/1811 1824/1824/1824 1823/1823/1823 1810/1810/1810 
f 1812/1812/1812 1825/1825/1825 1824/1824/1824 1811/1811/1811 
f 1813/1813/1813 1826/1826/1826 1825/1825/1825 1812/1812/1812 
f 1814/1814/1814 1827/1827/1827 1826/1826/1826 1813/1813/1813 
f 1815/1815/1815 1828/1828/1828 1827/1827/1827 1814/1814/1814 
f 1816/1816/1816 1829/1829/1829 1828/1828/1828 1815/1815/1815 
f 1818/1818/1818 1831/1831/1831 1830/1830/1830 1817/1817/1817 
f 1819/1819/1819 1832/1832/1832 1831/1831/1831 1818/1818/1818 
f 1820/1820/1820 1833/1833/1833 1832/1832/1832 1819/1819/1819 
f 1821/1821/1821 1834/1834/1834 1833/1833/1833 1820/1820/1820 
f 1822/1822/1822 1835/1835/1835 1834/1834/1834 1821/1821/1821 
f 1823/1823/1823 1836/1836/1836 1835/1835/1835 1822/1822/1822 
f 1824/1824/1824 1837/1837/1837 1836/1836/1836 1823/1823/1823 
f 1825/1825/1825 1838/1838/1838 1837/1837/1837 1824/1824/1824 
f 1826/1826/1826 1839/1839/1839 1838/1838/1838 1825/1825/1825 
f 1827/1827/1827 1840/1840/1840 1839/1839/1839 1826/1826/1826 
f 1828/1828/1828 1841/1841/1841 1840/1840/1840 1827/1827/1827 
f 1829/1829/1829 1842/1842/1842 1841/1841/1841 1828/1828/1828 
f 1831/1831/1831 1844/1844/1844 1843/1843/1843 1830/1830/1830 
f 1832/1832/1832 1845/1845/1845 1844/1844/1844 1831/1831/1831 
f 1833/1833/1833 1846/1846/1846 1845/1845/1845 1832/1832/1832 
f 1834/1834/1834 1847/1847/1847 1846/1846/1846 1833/1833/1833 
f 1835/1835/1835 1848/1848/1848 1847/1847/1847 1834/1834/1834 
f 1836/1836/1836 1849/1849/1849 1848/1848/1848 1835/1835/1835 
f 1837/1837/1837 1850/1850/1850 1849/1849/1849 1836/1836/1836 
f 1838/1838/1838 1851/1851/1851 1850/1850/1850 1837/1837/1837 
f 1839/1839/1839 1852/1852/1852 1851/1851/1851 1838/1838/1838 
f 1840/1840/1840 1853/1853/1853 1852/1852/1852 1839/1839/1839 
f 1841/1841/1841 1854/1854/1854 1853/1853/1853 1840/1840/1840 
f 1842/1842/1842 1855/1855/1855 1854/1854/1854 1841/1841/1841 
f 1844/1844/1844 1857/1857/1857 1856/1856/1856 1843/1843/1843 
f 1845/1845/1845 1858/1858/1858 1857/1857/1857 1844/1844/1844 
f 1846/1846/1846 1859/1859/1859 1858/1858/1858 1845/1845/1845 
f 1847/1847/1847 1860/1860/1860 1859/1859/1859 1846/1846/1846 
f 1848/1848/1848 1861/1861/1861 1860/1860/1860 1847/1847/1847 
f 1849/1849/1849 1862/1862/1862 1861/1861/1861 1848/1848/1848 
f 1850/1850/1850 1863/1863/1863 1862/1862/1862 1849/1849/1849 
f 1851/1851/1851 1864/1864/1864 1863/1863/1863 1850/1850/1850 
f 1852/1852/1852 1865/1865/1865 1864/1864/1864 1851/1851/1851 
f 1853/1853/1853 1866/1866/1866 1865/1865/1865 1852/1852/1852 
f 1854/1854/1854 1867/1867/1867 1866/1866/1866 1853/1853/1853 
f 1855/1855/1855 1868/1868/1868 1867/1867/1867 1854/1854/1854 
f 1857/1857/1857 1870/1870/1870 1869/1869/1869 1856/1856/1856 
f 1858/1858/1858 1871/1871/1871 1870/1870/1870 1857/1857/1857 
f 1859/1859/1859 1872/1872/1872 1871/1871/1871 1858/1858/1858 
f 1860/1860/1860 1873/1873/1873 1872/1872/1872 1859/1859/1859 
f 1861/1861/1861 1874/1874/1874 1873/1873/1873 1860/1860/1860 
f 1862/1862/1862 1875/1875/1875 1874/1874/1874 1861/1861/1861 
f 1863/1863/1863 1876/1876/1876 1875/1875/1875 1862/1862/1862 
f 1864/1864/1864 1877/1877/1877 1876/1876/1876 1863/1863/1863 
f 1865/1865/1865 1878/1878/1878 1877/1877/1877 1864/1864/1864 
f 1866/1866/1866 1879/1879/1879 1878/1878/1878 1865/1865/1865 
f 1867/1867/1867 1880/1880/1880 1879/1879/1879 1866/1866/1866 
f 1868/1868/1868 1881/1881/1881 1880/1880/1880 1867/1867/1867 
f 1870/1870/1870 1883/1883/1883 1882/1882/1882 1869/1869/1869 
f 1871/1871/1871 1884/1884/1884 1883/1883/1883 1870/1870/1870 
f 1872/1872/1872 1885/1885/1885 1884/1884/1884 1871/1871/1871 
f 1873/1873/1873 1886/1886/1886 1885/1885/1885 1872/1872/1872 
f 1874/1874/1874 1887/1887/1887 1886/1886/1886 1873/1873/1873 
f 1875/1875/1875 1888/1888/1888 1887/1887/1887 1874/1874/1874 
f 1876/1876/1876 1889/1889/1889 1888/1888/1888 1875/1875/1875 
f 1877/1877/1877 1890/1890/1890 1889/1889/1889 1876/1876/1876 
f 1878/1878/1878 1891/1891/1891 1890/1890/1890 1877/1877/1877 
f 1879/1879/1879 1892/1892/1892 1891/1891/1891 1878/1878/1878 
f 1880/1880/1880 1893/1893/1893 1892/1892/1892 1879/1879/1879 
f 1881/1881/1881 1894/1894/1894 1893/1893/1893 1880/1880/1880 
f 1883/1883/1883 1896/1896/1896 1895/1895/1895 1882/1882/1882 
f 1884/1884/1884 1897/1897/1897 1896/1896/1896 1883/1883/1883 
f 1885/1885/1885 1898/1898/1898 1897/1897/1897 1884/1884/1884 
f 1886/1886/1886 1899/1899/1899 1898/1898/1898 1885/1885/1885 
f 1887/1887/1887 1900/1900/1900 1899/1899/1899 1886/1886/1886 
f 1888/1888/1888 1901/1901/1901 1900/1900/1900 1887/1887/1887 
f 1889/1889/1889 1902/1902/1902 1901/1901/1901 1888/1888/1888 
f 1890/1890/1890 1903/1903/1903 1902/1902/1902 1889/1889/1889 
f 1891/1891/1891 1904/1904/1904 1903/1903/1903 1890/1890/1890 
f 1892/1892/1892 1905/1905/1905 1904/1904/1904 1891/1891/1891 
f 1893/1893/1893 1906/1906/1906 1905/1905/1905 1892/1892/1892 
f 1894/1894/1894 1907/1907/1907 1906/1906/1906 1893/1893/1893 
f 1896/1896/1896 1909/1909/1909 1908/1908/1908 1895/1895/1895 
f 1897/1897/1897 1910/1910/1910 1909/1909/1909 1896/1896/1896 
f 1898/1898/1898 1911/1911/1911 1910/1910/1910 1897/1897/1897 
f 1899/1899/1899 1912/1912/1912 1911/1911/1911 1898/1898/1898 
f 1900/1900/1900 1913/1913/1913 1912/1912/1912 1899/1899/1899 
f 1901/1901/1901 1914/1914/1914 1913/1913/1913 1900/1900/1900 
f 1902/1902/1902 1915/1915/1915 1914/1914/1914 1901/1901/1901 
f 1903/1903/1903 1916/1916/1916 1915/1915/1915 1902/1902/1902 
f 1904/1904/1904 1917/1917/1917 1916/1916/1916 1903/1903/1903 
f 1905/1905/1905 1918/1918/1918 1917/1917/1917 1904/1904/1904 
f 1906/1906/1906 1919/1919/1919 1918/1918/1918 1905/1905/1905 
f 1907/1907/1907 1920/1920/1920 1919/1919/1919 1906/1906/1906 
f 1909/1909/1909 1922/1922/1922 1921/1921/1921 1908/1908/1908 
f 1910/1910/1910 1923/1923/1923 1922/1922/1922 1909/1909/1909 
f 1911/1911/1911 1924/1924/1924 1923/1923/1923 1910/1910/1910 
f 1912/1912/1912 1925/1925/1925 1924/1924/1924 1911/1911/1911 
f 1913/1913/1913 1926/1926/1926 1925/1925/1925 1912/1912/1912 
f 1914/1914/1914 1927/1927/1927 1926/1926/1926 1913/1913/1913 
f 1915/1915/1915 1928/1928/1928 1927/1927/1927 1914/1914/1914 
f 1916/1916/1916 1929/1929/1929 1928/1928/1928 1915/1915/1915 
f 1917/1917/1917 1930/1930/1930 1929/1929/1929 1916/1916/1916 
f 1918/1918/1918 1931/1931/1931 1930/1930/1930 1917/1917/1917 
f 1919/1919/1919 1932/1932/1932 1931/1931/1931 1918/1918/1918 
f 1920/1920/1920 1933/1933/1933 1932/1932/1932 1919/1919/1919 
f 1922/1922/1922 1935/1935/1935 1934/1934/1934 1921/1921/1921 
f 1923/1923/1923 1936/1936/1936 1935/1935/1935 1922/1922/1922 
f 1924/1924/1924 1937/1937/1937 1936/1936/1936 1923/1923/1923 
f 1925/1925/1925 1938/1938/1938 1937/1937/1937 1924/1924/1924 
f 1926/1926/1926 1939/1939/1939 1938/1938/1938 1925/1925/1925 
f 1927/1927/1927 1940/1940/1940 1939/1939/1939 1926/1926/1926 
f 1928/1928/1928 1941/1941/1941 1940/1940/1940 1927/1927/1927 
f 1929/1929/1929 1942/1942/1942 1941/1941/1941 1928/1928/1928 
f 1930/1930/1930 1943/1943/1943 1942/1942/1942 1929/1929/1929 
f 1931/1931/1931 1944/1944/1944 1943/1943/1943 1930/1930/1930 
f 1932/1932/1932 1945/1945/1945 1944/1944/1944 1931/1931/1931 
f 1933/1933/1933 1946/1946/1946 1945/1945/1945 1932/1932/1932 
f 1935/1935/1935 1948/1948/1948 1947/1947/1947 1934/1934/1934 
f 1936/1936/1936 1949/1949/1949 1948/1948/1948 1935/1935/1935 
f 1937/1937/1937 1950/1950/1950 1949/1949/1949 1936/1936/1936 
f 1938/1938/1938 1951/1951/1951 1950/1950/1950 1937/1937/1937 
f 1939/1939/1939 1952/1952/1952 1951/1951/1951 1938/1938/1938 
f 1940/1940/1940 1953/1953/1953 1952/1952/1952 1939/1939/1939 
f 1941/1941/1941 1954/1954/1954 1953/1953/1953 1940/1940/1940 
f 1942/1942/1942 1955/1955/1955 1954/1954/1954 1941/1941/1941 
f 1943/1943/1943 1956/1956/1956 1955/1955/1955 1942/1942/1942 
f 1944/1944/1944 1957/1957/1957 1956/1956/1956 1943/1943/1943 
f 1945/1945/1945 1958/1958/1958 1957/1957/1957 1944/1944/1944 
f 1946/1946/1946 1959/1959/1959 1958/1958/1958 1945/1945/1945 
f 1948/1948/1948 1961/1961/1961 1960/1960/1960 1947/1947/1947 
f 1949/1949/1949 1962/1962/1962 1961/1961/1961 1948/1948/1948 
f 1950/1950/1950 1963/1963/1963 1962/1962/1962 1949/1949/1949 
f 1951/1951/1951 1964/1964/1964 1963/1963/1963 1950/1950/1950 
f 1952/1952/1952 1965/1965/1965 1964/1964/1964 1951/1951/1951 
f 1953/1953/1953 1966/1966/1966 1965/1965/1965 1952/1952/1952 
f 1954/1954/1954 1967/1967/1967 1966/1966/1966 1953/1953/1953 
f 1955/1955/1955 1968/1968/1968 1967/1967/1967 1954/1954/1954 
f 1956/1956/1956 1969/1969/1969 1968/1968/1968 1955/1955/1955 
f 1957/1957/1957 1970/1970/1970 1969/1969/1969 1956/1956/1956 
f 1958/1958/1958 1971/1971/1971 1970/1970/1970 1957/1957/1957 
f 1959/1959/1959 1972/1972/1972 1971/1971/1971 1958/1958/1958 
f 1961/1961/1961 1974/1974/1974 1973/1973/1973 1960/1960/1960 
f 1962/1962/1962 1975/1975/1975 1974/1974/1974 1961/1961/1961 
f 1963/1963/1963 1976/1976/1976 1975/1975/1975 1962/1962/1962 
f 1964/1964/1964 1977/1977/1977 1976/1976/1976 1963/1963/1963 
f 1965/1965/1965 1978/1978/1978 1977/1977/1977 1964/1964/1964 
f 1966/1966/1966 1979/1979/1979 1978/1978/1978 1965/1965/1965 
f 1967/1967/1967 1980/1980/1980 1979/1979/1979 1966/1966/1966 
f 1968/1968/1968 1981/1981/1981 1980/1980/1980 1967/1967/1967 
f 1969/1969/1969 1982/1982/1982 1981/1981/1981 1968/1968/1968 
f 1970/1970/1970 1983/1983/1983 1982/1982/1982 1969/1969/1969 
f 1971/1971/1971 1984/1984/1984 1983/1983/1983 1970/1970/1970 
f 1972/1972/1972 1985/1985/1985 1984/1984/1984 1971/1971/1971 
f 1974/1974/1974 1987/1987/1987 1986/1986/1986 1973/1973/1973 
f 1975/1975/1975 1988/1988/1988 1987/1987/1987 1974/1974/1974 
f 1976/1976/1976 1989/1989/1989 1988/1988/1988 1975/1975/1975 
f 1977/1977/1977 1990/1990/1990 1989/1989/1989 1976/1976/1976 
f 1978/1978/1978 1991/1991/1991 1990/1990/1990 1977/1977/1977 
f 1979/1979/1979 1992/1992/1992 1991/1991/1991 1978/1978/1978 
f 1980/1980/1980 1993/1993/1993 1992/1992/1992 1979/1979/1979 
f 1981/1981/1981 1994/1994/1994 1993/1993/1993 1980/1980/1980 
f 1982/1982/1982 1995/1995/1995 1994/1994/1994 1981/1981/1981 
f 1983/1983/1983 1996/1996/1996 1995/1995/1995 1982/1982/1982 
f 1984/1984/1984 1997/1997/1997 1996/1996/1996 1983/1983/1983 
f 1985/1985/1985 1998/1998/1998 1997/1997/1997 1984/1984/1984 
f 1987/1987/1987 2000/2000/2000 1999/1999/1999 1986/1986/1986 
f 1988/1988/1988 2001/2001/2001 2000/2000/2000 1987/1987/1987 
f 1989/1989/1989 2002/2002/2002 2001/2001/2001 1988/1988/1988 
f 1990/1990/1990 2003/2003/2003 2002/2002/2002 1989/1989/1989 
f 1991/1991/1991 2004/2004/2004 2003/2003/2003 1990/1990/1990 
f 1992/1992/1992 2005/2005/2005 2004/2004/2004 1991/1991/1991 
f 1993/1993/1993 2006/2006/2006 2005/2005/2005 1992/1992/1992 
f 1994/1994/1994 2007/2007/2007 2006/2006/2006 1993/1993/1993 
f 1995/1995/1995 2008/2008/2008 2007/2007/2007 1994/1994/1994 
f 1996/1996/1996 2009/2009/2009 2008/2008/2008 1995/1995/1995 
f 1997/1997/1997 2010/2010/2010 2009/2009/2009 1996/1996/1996 
f 1998/1998/1998 2011/2011/2011 2010/2010/2010 1997/1997/1997 
f 2000/2000/2000 2013/2013/2013 2012/2012/2012 1999/1999/1999 
f 2001/2001/2001 2014/2014/2014 2013/2013/2013 2000/2000/2000 
f 2002/2002/2002 2015/2015/2015 2014/2014/2014 2001/2001/2001 
f 2003/2003/2003 2016/2016/2016 2015/2015/2015 2002/2002/2002 
f 2004/2004/2004 2017/2017/2017 2016/2016/2016 2003/2003/2003 
f 2005/2005/2005 2018/2018/2018 2017/2017/2017 2004/2004/2004 
f 2006/2006/2006 2019/2019/2019 2018/2018/2018 2005/2005/2005 
f 2007/2007/2007 2020/2020/2020 2019/2019/2019 2006/2006/2006 
f 2008/2008/2008 2021/2021/2021 2020/2020/2020 2007/2007/2007 
f 2009/2009/2009 2022/2022/2022 2021/2021/2021 2008/2008/2008 
f 2010/2010/2010 2023/2023/2023 2022/2022/2022 2009/2009/2009 
f 2011/2011/2011 2024/2024/2024 2023/2023/2023 2010/2010/2010 
f 2013/2013/2013 2026/2026/2026 2025/2025/2025 2012/2012/2012 
f 2014/2014/2014 2027/2027/2027 2026/2026/2026 2013/2013/2013 
f 2015/2015/2015 2028/2028/2028 2027/2027/2027 2014/2014/2014 
f 2016/2016/2016 2029/2029/2029 2028/2028/2028 2015/2015/2015 
f 2017/2017/2017 2030/2030/2030 2029/2029/2029 2016/2016/2016 
f 2018/2018/2018 2031/2031/2031 2030/2030/2030 2017/2017/2017 
f 2019/2019/2019 2032/2032/2032 2031/2031/2031 2018/2018/2018 
f 2020/2020/2020 2033/2033/2033 2032/2032/2032 2019/2019/2019 
f 2021/2021/2021 2034/2034/2034 2033/2033/2033 2020/2020/2020 
f 2022/2022/2022 2035/2035/2035 2034/2034/2034 2021/2021/2021 
f 2023/2023/2023 2036/2036/2036 2035/2035/2035 2022/2022/2022 
f 2024/2024/2024 2037/2037/2037 2036/2036/2036 2023/2023/2023 
f 2026/2026/2026 2039/2039/2039 2038/2038/2038 2025/2025/2025 
f 2027/2027/2027 2040/2040/2040 2039/2039/2039 2026/2026/2026 
f 2028/2028/2028 2041/2041/2041 2040/2040/2040 2027/2027/2027 
f 2029/2029/2029 2042/2042/2042 2041/2041/2041 2028/2028/2028 
f 2030/2030/2030 2043/2043/2043 2042/2042/2042 2029/2029/2029 
f 2031/2031/2031 2044/2044/2044 2043/2043/2043 2030/2030/2030 
f 2032/2032/2032 2045/2045/2045 2044/2044/2044 2031/2031/2031 
f 2033/2033/2033 2046/2046/2046 2045/2045/2045 2032/2032/2032 
f 2034/2034/2034 2047/2047/2047 2046/2046/2046 2033/2033/2033 
f 2035/2035/2035 2048/2048/2048 2047/2047/2047 2034/2034/2034 
f 2036/2036/2036 2049/2049/2049 2048/2048/2048 2035/2035/2035 
f 2037/2037/2037 2050/2050/2050 2049/2049/2049 2036/2036/2036 
f 2039/2039/2039 2052/2052/2052 2051/2051/2051 2038/2038/2038 
f 2040/2040/2040 2053/2053/2053 2052/2052/2052 2039/2039/2039 
f 2041/2041/2041 2054/2054/2054 2053/2053/2053 2040/2040/2040 
f 2042/2042/2042 2055/2055/2055 2054/2054/2054 2041/2041/2041 
f 2043/2043/2043 2056/2056/2056 2055/2055/2055 2042/2042/2042 
f 2044/2044/2044 2057/2057/2057 2056/2056/2056 2043/2043/2043 
f 2045/2045/2045 2058/2058/2058 2057/2057/2057 2044/2044/2044 
f 2046/2046/2046 2059/2059/2059 2058/2058/2058 2045/2045/2045 
f 2047/2047/2047 2060/2060/2060 2059/2059/2059 2046/2046/2046 
f 2048/2048/2048 2061/2061/2061 2060/2060/2060 2047/2047/2047 
f 2049/2049/2049 2062/2062/2062 2061/2061/2061 2048/2048/2048 
f 2050/2050/2050 2063/2063/2063 2062/2062/2062 2049/2049/2049 
f 2052/2052/2052 2065/2065/2065 2064/2064/2064 2051/2051/2051 
f 2053/2053/2053 2066/2066/2066 2065/2065/2065 2052/2052/2052 
f 2054/2054/2054 2067/2067/2067 2066/2066/2066 2053/2053/2053 
f 2055/2055/2055 2068/2068/2068 2067/2067/2067 2054/2054/2054 
f 2056/2056/2056 2069/2069/2069 2068/2068/2068 2055/2055/2055 
f 2057/2057/2057 2070/2070/2070 2069/2069/2069 2056/2056/2056 
f 2058/2058/2058 2071/2071/2071 2070/2070/2070 2057/2057/2057 
f 2059/2059/2059 2072/2072/2072 2071/2071/2071 2058/2058/2058 
f 2060/2060/2060 2073/2073/2073 2072/2072/2072 2059/2059/2059 
f 2061/2061/2061 2074/2074/2074 2073/2073/2073 2060/2060/2060 
f 2062/2062/2062 2075/2075/2075 2074/2074/2074 2061/2061/2061 
f 2063/2063/2063 2076/2076/2076 2075/2075/2075 2062/2062/2062 
f 2065/2065/2065 2078/2078/2078 2077/2077/2077 2064/2064/2064 
f 2066/2066/2066 2079/2079/2079 2078/2078/2078 2065/2065/2065 
f 2067/2067/2067 2080/2080/2080 2079/2079/2079 2066/2066/2066 
f 2068/2068/2068 2081/2081/2081 2080/2080/2080 2067/2067/2067 
f 2069/2069/2069 2082/2082/2082 2081/2081/2081 2068/2068/2068 
f 2070/2070/2070 2083/2083/2083 2082/2082/2082 2069/2069/2069 
f 2071/2071/2071 2084/2084/2084 2083/2083/2083 2070/2070/2070 
f 2072/2072/2072 2085/2085/2085 2084/2084/2084 2071/2071/2071 
f 2073/2073/2073 2086/2086/2086 2085/2085/2085 2072/2072/2072 
f 2074/2074/2074 2087/2087/2087 2086/2086/2086 2073/2073/2073 
f 2075/2075/2075 2088/2088/2088 2087/2087/2087 2074/2074/2074 
f 2076/2076/2076 2089/2089/2089 2088/2088/2088 2075/2075/2075 
f 2078/2078/2078 2091/2091/2091 2090/2090/2090 2077/2077/2077 
f 2079/2079/2079 2092/2092/2092 2091/2091/2091 2078/2078/2078 
f 2080/2080/2080 2093/2093/2093 2092/2092/2092 2079/2079/2079 
f 2081/2081/2081 2094/2094/2094 2093/2093/2093 2080/2080/2080 
f 2082/2082/2082 2095/2095/2095 2094/2094/2094 2081/2081/2081 
f 2083/2083/2083 2096/2096/2096 2095/2095/2095 2082/2082/2082 
f 2084/2084/2084 2097/2097/2097 2096/2096/2096 2083/2083/2083 
f 2085/2085/2085 2098/2098/2098 2097/2097/2097 2084/2084/2084 
f 2086/2086/2086 2099/2099/2099 2098/2098/2098 2085/2085/2085 
f 2087/2087/2087 2100/2100/2100 2099/2099/2099 2086/2086/2086 
f 2088/2088/2088 2101/2101/2101 2100/2100/2100 2087/2087/2087 
f 2089/2089/2089 2102/2102/2102 2101/2101/2101 2088/2088/2088 
f 2091/2091/2091 2104/2104/2104 2103/2103/2103 2090/2090/2090 
f 2092/2092/2092 2105/2105/2105 2104/2104/2104 2091/2091/2091 
f 2093/2093/2093 2106/2106/2106 2105/2105/2105 2092/2092/2092 
f 2094/2094/2094 2107/2107/2107 2106/2106/2106 2093/2093/2093 
f 2095/2095/2095 2108/2108/2108 2107/2107/2107 2094/2094/2094 
f 2096/2096/2096 2109/2109/2109 2108/2108/2108 2095/2095/2095 
f 2097/2097/2097 2110/2110/2110 2109/2109/2109 2096/2096/2096 
f 2098/2098/2098 2111/2111/2111 2110/2110/2110 2097/2097/2097 
f 2099/2099/2099 2112/2112/2112 2111/2111/2111 2098/2098/2098 
f 2100/2100/2100 2113/2113/2113 2112/2112/2112 2099/2099/2099 
f 2101/2101/2101 2114/2114/2114 2113/2113/2113 2100/2100/2100 
f 2102/2102/2102 2115/2115/2115 2114/2114/2114 2101/2101/2101 
f 2104/2104/2104 2117/2117/2117 2116/2116/2116 2103/2103/2103 
f 2105/2105/2105 2118/2118/2118 2117/2117/2117 2104/2104/2104 
f 2106/2106/2106 2119/2119/2119 2118/2118/2118 2105/2105/2105 
f 2107/2107/2107 2120/2120/2120 2119/2119/2119 2106/2106/2106 
f 2108/2108/2108 2121/2121/2121 2120/2120/2120 2107/2107/2107 
f 2109/2109/2109 2122/2122/2122 2121/2121/2121 2108/2108/2108 
f 2110/2110/2110 2123/2123/2123 2122/2122/2122 2109/2109/2109 
f 2111/2111/2111 2124/2124/2124 2123/2123/2123 2110/2110/2110 
f 2112/2112/2112 2125/2125/2125 2124/2124/2124 2111/2111/2111 
f 2113/2113/2113 2126/2126/2126 2125/2125/2125 2112/2112/2112 
f 2114/2114/2114 2127/2127/2127 2126/2126/2126 2113/2113/2113 
f 2115/2115/2115 2128/2128/2128 2127/2127/2127 2114/2114/2114 
f 2117/2117/2117 2130/2130/2130 2129/2129/2129 2116/2116/2116 
f 2118/2118/2118 2131/2131/2131 2130/2130/2130 2117/2117/2117 
f 2119/2119/2119 2132/2132/2132 2131/2131/2131 2118/2118/2118 
f 2120/2120/2120 2133/2133/2133 2132/2132/2132 2119/2119/2119 
f 2121/2121/2121 2134/2134/2134 2133/2133/2133 2120/2120/2120 
f 2122/2122/2122 2135/2135/2135 2134/2134/2134 2121/2121/2121 
f 2123/2123/2123 2136/2136/2136 2135/2135/2135 2122/2122/2122 
f 2124/2124/2124 2137/2137/2137 2136/2136/2136 2123/2123/2123 
f 2125/2125/2125 2138/2138/2138 2137/2137/2137 2124/2124/2124 
f 2126/2126/2126 2139/2139/2139 2138/2138/2138 2125/2125/2125 
f 2127/2127/2127 2140/2140/2140 2139/2139/2139 2126/2126/2126 
f 2128/2128/2128 2141/2141/2141 2140/2140/2140 2127/2127/2127 
f 2130/2130/2130 2143/2143/2143 2142/2142/2142 2129/2129/2129 
f 2131/2131/2131 2144/2144/2144 2143/2143/2143 2130/2130/2130 
f 2132/2132/2132 2145/2145/2145 2144/2144/2144 2131/2131/2131 
f 2133/2133/2133 2146/2146/2146 2145/2145/2145 2132/2132/2132 
f 2134/2134/2134 2147/2147/2147 2146/2146/2146 2133/2133/2133 
f 2135/2135/2135 2148/2148/2148 2147/2147/2147 2134/2134/2134 
f 2136/2136/2136 2149/2149/2149 2148/2148/2148 2135/2135/2135 
f 2137/2137/2137 2150/2150/2150 2149/2149/2149 2136/2136/2136 
f 2138/2138/2138 2151/2151/2151 2150/2150/2150 2137/2137/2137 
f 2139/2139/2139 2152/2152/2152 2151/2151/2151 2138/2138/2138 
f 2140/2140/2140 2153/2153/2153 2152/2152/2152 2139/2139/2139 
f 2141/2141/2141 2154/2154/2154 2153/2153/2153 2140/2140/2140 
f 2143/2143/2143 2156/2156/2156 2155/2155/2155 2142/2142/2142 
f 2144/2144/2144 2157/2157/2157 2156/2156/2156 2143/2143/2143 
f 2145/2145/2145 2158/2158/2158 2157/2157/2157 2144/2144/2144 
f 2146/2146/2146 2159/2159/2159 2158/2158/2158 2145/2145/2145 
f 2147/2147/2147 2160/2160/2160 2159/2159/2159 2146/2146/2146 
f 2148/2148/2148 2161/2161/2161 2160/2160/2160 2147/2147/2147 
f 2149/2149/2149 2162/2162/2162 2161/2161/2161 2148/2148/2148 
f 2150/2150/2150 2163/2163/2163 2162/2162/2162 2149/2149/2149 
f 2151/2151/2151 2164/2164/2164 2163/2163/2163 2150/2150/2150 
f 2152/2152/2152 2165/2165/2165 2164/2164/2164 2151/2151/2151 
f 2153/2153/2153 2166/2166/2166 2165/2165/2165 2152/2152/2152 
f 2154/2154/2154 2167/2167/2167 2166/2166/2166 2153/2153/2153 
f 2156/2156/2156 2169/2169/2169 2168/2168/2168 2155/2155/2155 
f 2157/2157/2157 2170/2170/2170 2169/2169/2169 2156/2156/2156 
f 2158/2158/2158 2171/2171/2171 2170/2170/2170 2157/2157/2157 
f 2159/2159/2159 2172/2172/2172 2171/2171/2171 2158/2158/2158 
f 2160/2160/2160 2173/2173/2173 2172/2172/2172 2159/2159/2159 
f 2161/2161/2161 2174/2174/2174 2173/2173/2173 2160/2160/2160 
f 2162/2162/2162 2175/2175/2175 2174/2174/2174 2161/2161/2161 
f 2163/2163/2163 2176/2176/2176 2175/2175/2175 2162/2162/2162 
f 2164/2164/2164 2177/2177/2177 2176/2176/2176 2163/2163/2163 
f 2165/2165/2165 2178/2178/2178 2177/2177/2177 2164/2164/2164 
f 2166/2166/2166 2179/2179/2179 2178/2178/2178 2165/2165/2165 
f 2167/2167/2167 2180/2180/2180 2179/2179/2179 2166/2166/2166 
f 2182/2182/2182 2194/2194/2194 2193/2193/2193 2181/2181/2181 
f 2183/2183/2183 2195/2195/2195 2194/2194/2194 2182/2182/2182 
f 2184/2184/2184 2196/2196/2196 2195/2195/2195 2183/2183/2183 
f 2185/2185/2185 2197/2197/2197 2196/2196/2196 2184/2184/2184 
f 2186/2186/2186 2198/2198/2198 2197/2197/2197 2185/2185/2185 
f 2187/2187/2187 2199/2199/2199 2198/2198/2198 2186/2186/2186 
f 2188/2188/2188 2200/2200/2200 2199/2199/2199 2187/2187/2187 
f 2189/2189/2189 2201/2201/2201 2200/2200/2200 2188/2188/2188 
f 2190/2190/2190 2202/2202/2202 2201/2201/2201 2189/2189/2189 
f 2191/2191/2191 2203/2203/2203 2202/2202/2202 2190/2190/2190 
f 2192/2192/2192 2204/2204/2204 2203/2203/2203 2191/2191/2191 
f 2181/2181/2181 2193/2193/2193 2204/2204/2204 2192/2192/2192 
f 2194/2194/2194 2206/2206/2206 2205/2205/2205 2193/2193/2193 
f 2195/2195/2195 2207/2207/2207 2206/2206/2206 2194/2194/2194 
f 2196/2196/2196 2208/2208/2208 2207/2207/2207 2195/2195/2195 
f 2197/2197/2197 2209/2209/2209 2208/2208/2208 2196/2196/2196 
f 2198/2198/2198 2210/2210/2210 2209/2209/2209 2197/2197/2197 
f 2199/2199/2199 2211/2211/2211 2210/2210/2210 2198/2198/2198 
f 2200/2200/2200 2212/2212/2212 2211/2211/2211 2199/2199/2199 
f 2201/2201/2201 2213/2213/2213 2212/2212/2212 2200/2200/2200 
f 2202/2202/2202 2214/2214/2214 2213/2213/2213 2201/2201/2201 
f 2203/2203/2203 2215/2215/2215 2214/2214/2214 2202/2202/2202 
f 2204/2204/2204 2216/2216/2216 2215/2215/2215 2203/2203/2203 
f 2193/2193/2193 2205/2205/2205 2216/2216/2216 2204/2204/2204 
f 2206/2206/2206 2218/2218/2218 2217/2217/2217 2205/2205/2205 
f 2207/2207/2207 2219/2219/2219 2218/2218/2218 2206/2206/2206 
f 2208/2208/2208 2220/2220/2220 2219/2219/2219 2207/2207/2207 
f 2209/2209/2209 2221/2221/2221 2220/2220/2220 2208/2208/2208 
f 2210/2210/2210 2222/2222/2222 2221/2221/2221 2209/2209/2209 
f 2211/2211/2211 2223/2223/2223 2222/2222/2222 2210/2210/2210 
f 2212/2212/2212 2224/2224/2224 2223/2223/2223 2211/2211/2211 
f 2213/2213/2213 2225/2225/2225 2224/2224/2224 2212/2212/2212 
f 2214/2214/2214 2226/2226/2226 2225/2225/2225 2213/2213/2213 
f 2215/2215/2215 2227/2227/2227 2226/2226/2226 2214/2214/2214 
f 2216/2216/2216 2228/2228/2228 2227/2227/2227 2215/2215/2215 
f 2205/2205/2205 2217/2217/2217 2228/2228/2228 2216/2216/2216 
f 2217/2217/2217 2218/2218/2218 2219/2219/2219 2229/2229/2229 
f 2219/2219/2219 2220/2220/2220 2221/2221/2221 2229/2229/2229 
f 2221/2221/2221 2222/2222/2222 2223/2223/2223 2229/2229/2229 
f 2223/2223/2223 2224/2224/2224 2225/2225/2225 2229/2229/2229 
f 2225/2225/2225 2226/2226/2226 2227/2227/2227 2229/2229/2229 
f 2227/2227/2227 2228/2228/2228 2217/2217/2217 2229/2229/2229 

g s.0093
usemap Standard_FF301B
usemtl Standard_FF301B
v 1.018214 0.6663313 1.522052
v 1.018289 0.6662294 1.522094
v 1.018311 0.6662427 1.52203
v 1.01831 0.6662821 1.521974
v 1.018286 0.6663368 1.52194
v 1.018246 0.6663924 1.521938
v 1.018201 0.6664338 1.521968
v 1.018161 0.66645 1.522021
v 1.018139 0.6664367 1.522085
v 1.01814 0.6663973 1.522141
v 1.018164 0.6663425 1.522175
v 1.018204 0.666287 1.522177
v 1.01825 0.6662456 1.522147
v 1.018484 0.6660982 1.522199
v 1.018545 0.666135 1.522024
v 1.018543 0.6662432 1.52187
v 1.018478 0.6663939 1.521777
v 1.018367 0.6665468 1.52177
v 1.018241 0.6666607 1.521852
v 1.018133 0.6667053 1.522
v 1.018072 0.6666685 1.522175
v 1.018075 0.6665603 1.52233
v 1.01814 0.6664096 1.522422
v 1.01825 0.6662568 1.522429
v 1.018376 0.6661428 1.522347
v 1.018714 0.6660755 1.522319
v 1.018802 0.6661286 1.522067
v 1.018798 0.6662851 1.521844
v 1.018704 0.666503 1.521709
v 1.018544 0.6667238 1.5217
v 1.018362 0.6668886 1.521819
v 1.018206 0.666953 1.522033
v 1.018118 0.6668999 1.522285
v 1.018122 0.6667435 1.522508
v 1.018216 0.6665256 1.522643
v 1.018375 0.6663047 1.522652
v 1.018558 0.66614 1.522534
v 1.01893 0.6661676 1.522431
v 1.019028 0.6662266 1.52215
v 1.019024 0.6664003 1.521902
v 1.01892 0.6666421 1.521753
v 1.018742 0.6668872 1.521743
v 1.01854 0.6670701 1.521875
v 1.018367 0.6671416 1.522112
v 1.018269 0.6670827 1.522393
v 1.018273 0.666909 1.52264
v 1.018378 0.6666672 1.522789
v 1.018555 0.666422 1.522799
v 1.018757 0.6662391 1.522668
v 1.019148 0.6663293 1.52254
v 1.019246 0.6663883 1.52226
v 1.019242 0.6665619 1.522012
v 1.019137 0.6668037 1.521863
v 1.01896 0.6670489 1.521853
v 1.018758 0.6672317 1.521984
v 1.018584 0.6673033 1.522222
v 1.018487 0.6672443 1.522502
v 1.018491 0.6670707 1.52275
v 1.018595 0.6668289 1.522899
v 1.018772 0.6665837 1.522909
v 1.018975 0.6664008 1.522778
v 1.019148 0.6663293 1.52254
v 1.05199 0.6891136 1.539998
v 1.052703 0.6895391 1.537999
v 1.052625 0.6907328 1.536195
v 1.051775 0.6923747 1.535069
v 1.050381 0.6940249 1.534923
v 1.048817 0.6952413 1.535796
v 1.047502 0.6956979 1.537454
v 1.046789 0.6952724 1.539453
v 1.046868 0.6940787 1.541257
v 1.047718 0.6924368 1.542383
v 1.049111 0.6907866 1.54253
v 1.050675 0.6895702 1.541657
v 1.05199 0.6891136 1.539998
v 1.091932 0.7217718 1.56238
v 1.093314 0.7225958 1.558533
v 1.093105 0.724839 1.555025
v 1.091362 0.7279004 1.552794
v 1.088551 0.7309597 1.55244
v 1.085425 0.7331972 1.554056
v 1.082823 0.7340133 1.55721
v 1.081441 0.7331895 1.561057
v 1.08165 0.7309462 1.564566
v 1.083393 0.7278848 1.566797
v 1.086205 0.7248255 1.567151
v 1.08933 0.722588 1.565535
v 1.091932 0.7217718 1.56238
v 1.137111 0.7624382 1.588463
v 1.13919 0.7636807 1.582669
v 1.138809 0.7669951 1.57735
v 1.136072 0.7714934 1.573931
v 1.131711 0.7759702 1.573327
v 1.126895 0.7792259 1.5757
v 1.122915 0.7803882 1.580415
v 1.120837 0.7791456 1.586208
v 1.121217 0.7758312 1.591527
v 1.123955 0.7713329 1.594947
v 1.128316 0.7668561 1.595551
v 1.133131 0.7636005 1.593178
v 1.137111 0.7624382 1.588463
v 1.185728 0.8092961 1.617054
v 1.188509 0.8109677 1.609249
v 1.187914 0.8153553 1.602048
v 1.184101 0.8212832 1.597381
v 1.178092 0.8271629 1.596499
v 1.171497 0.8314191 1.599638
v 1.166084 0.8329114 1.605957
v 1.163302 0.8312398 1.613762
v 1.163898 0.8268522 1.620963
v 1.167711 0.8209243 1.62563
v 1.17372 0.8150446 1.626512
v 1.180315 0.8107884 1.623373
v 1.185728 0.8092961 1.617054
v 1.236006 0.8605524 1.646973
v 1.239474 0.8626541 1.63712
v 1.238611 0.868091 1.627998
v 1.233648 0.875406 1.62205
v 1.225914 0.8826393 1.62087
v 1.217482 0.8878527 1.624775
v 1.210612 0.8896492 1.632718
v 1.207143 0.8875474 1.642571
v 1.208007 0.8821105 1.651693
v 1.21297 0.8747954 1.657641
v 1.220704 0.8675622 1.65882
v 1.229135 0.8623489 1.654915
v 1.236006 0.8605524 1.646973
v 1.286185 0.9144343 1.677041
v 1.290298 0.9169567 1.665137
v 1.289099 0.9233868 1.654083
v 1.28291 0.9320017 1.64684
v 1.273388 0.940493 1.64535
v 1.263086 0.9465855 1.650011
v 1.254764 0.9486467 1.659575
v 1.250651 0.9461243 1.671479
v 1.25185 0.9396942 1.682533
v 1.258039 0.9310793 1.689775
v 1.26756 0.922588 1.691266
v 1.277863 0.9164954 1.686605
v 1.286185 0.9144343 1.677041
v 1.334526 0.9691998 1.706089
v 1.339209 0.9721185 1.692158
v 1.337582 0.9794425 1.679188
v 1.330079 0.9892094 1.670653
v 1.318712 0.9988021 1.668841
v 1.306525 1.00565 1.674237
v 1.296785 1.007919 1.685396
v 1.292102 1.005 1.699327
v 1.29373 0.9976761 1.712297
v 1.301233 0.9879092 1.720832
v 1.3126 0.9783165 1.722644
v 1.324786 0.9714684 1.717247
v 1.334526 0.9691998 1.706089
v 1.37932 1.023165 1.73296
v 1.384461 1.02643 1.717051
v 1.382272 1.034482 1.7022
v 1.373339 1.045163 1.692386
v 1.360057 1.055611 1.690239
v 1.345984 1.063026 1.696334
v 1.334891 1.065422 1.709038
v 1.32975 1.062157 1.724947
v 1.33194 1.054105 1.739798
v 1.340872 1.043424 1.749612
v 1.354154 1.032976 1.751759
v 1.368227 1.02556 1.745664
v 1.37932 1.023165 1.73296
v 1.41923 1.075097 1.756729
v 1.424679 1.078638 1.738914
v 1.421763 1.087188 1.72224
v 1.411265 1.098457 1.711176
v 1.395996 1.109424 1.708686
v 1.380048 1.117151 1.715437
v 1.367695 1.119568 1.729621
v 1.362246 1.116027 1.747436
v 1.365162 1.107477 1.76411
v 1.375661 1.096208 1.775174
v 1.39093 1.085241 1.777664
v 1.406877 1.077514 1.770913
v 1.41923 1.075097 1.756729
v 1.454402 1.125455 1.77741
v 1.459987 1.129199 1.757771
v 1.456173 1.138001 1.739364
v 1.443982 1.149504 1.727118
v 1.42668 1.160624 1.724317
v 1.408903 1.168383 1.73171
v 1.395415 1.170701 1.747317
v 1.389829 1.166958 1.766955
v 1.393643 1.158155 1.785363
v 1.405834 1.146653 1.797608
v 1.423136 1.135532 1.80041
v 1.440913 1.127773 1.793016
v 1.454402 1.125455 1.77741
v 1.48535 1.175124 1.795247
v 1.490874 1.178989 1.773875
v 1.485985 1.187784 1.753852
v 1.471992 1.199151 1.740541
v 1.452644 1.210045 1.73751
v 1.433126 1.217547 1.745571
v 1.418668 1.219647 1.762564
v 1.413144 1.215781 1.783935
v 1.418033 1.206987 1.803959
v 1.432026 1.195619 1.817269
v 1.451374 1.184725 1.8203
v 1.470891 1.177223 1.81224
v 1.48535 1.175124 1.795247
v 1.51254 1.224902 1.81046
v 1.517786 1.228805 1.787458
v 1.511656 1.237344 1.76598
v 1.495794 1.248232 1.751779
v 1.474448 1.25855 1.748662
v 1.453339 1.265535 1.757462
v 1.438123 1.267315 1.775823
v 1.432878 1.263412 1.798825
v 1.439007 1.254873 1.820304
v 1.45487 1.243985 1.834504
v 1.476215 1.233667 1.837622
v 1.497324 1.226682 1.828821
v 1.51254 1.224902 1.81046
v 1.536406 1.275487 1.823259
v 1.541145 1.27935 1.798751
v 1.533638 1.287434 1.776028
v 1.515897 1.297573 1.761178
v 1.492675 1.307049 1.758182
v 1.470195 1.313325 1.767841
v 1.45448 1.314718 1.787568
v 1.449741 1.310855 1.812076
v 1.457248 1.302772 1.8348
v 1.47499 1.292633 1.849648
v 1.498211 1.283156 1.852645
v 1.520691 1.27688 1.842986
v 1.536406 1.275487 1.823259
v 1.557387 1.327494 1.833865
v 1.561383 1.331263 1.807999
v 1.55239 1.338773 1.784294
v 1.532819 1.348011 1.769101
v 1.507913 1.356502 1.766491
v 1.484347 1.361971 1.777164
v 1.468434 1.362952 1.798259
v 1.464439 1.359183 1.824125
v 1.473431 1.351673 1.84783
v 1.493002 1.342435 1.863023
v 1.517908 1.333944 1.865632
v 1.541474 1.328475 1.85496
v 1.557387 1.327494 1.833865
v 1.575954 1.381513 1.842518
v 1.578959 1.385172 1.815475
v 1.568389 1.392088 1.791099
v 1.547078 1.400406 1.775922
v 1.520736 1.407899 1.774009
v 1.49642 1.412558 1.785874
v 1.480647 1.413135 1.808337
v 1.477643 1.409476 1.83538
v 1.488212 1.40256 1.859756
v 1.509523 1.394242 1.874934
v 1.535866 1.386749 1.876847
v 1.560181 1.38209 1.864982
v 1.575954 1.381513 1.842518
v 1.592618 1.43818 1.849477
v 1.594361 1.441759 1.821471
v 1.582122 1.448153 1.796782
v 1.55918 1.455647 1.782027
v 1.531684 1.462234 1.781157
v 1.507 1.466148 1.794408
v 1.491742 1.466342 1.818228
v 1.49 1.462762 1.846234
v 1.502239 1.456369 1.870922
v 1.52518 1.448875 1.885678
v 1.552676 1.442288 1.886547
v 1.57736 1.438373 1.873297
v 1.592618 1.43818 1.849477
v 1.607841 1.497795 1.854993
v 1.608034 1.501388 1.826276
v 1.594033 1.50743 1.801679
v 1.56959 1.514303 1.787791
v 1.541254 1.520165 1.788334
v 1.516618 1.523445 1.803162
v 1.502283 1.523264 1.828303
v 1.50209 1.519671 1.857019
v 1.516091 1.513628 1.881617
v 1.540534 1.506755 1.895505
v 1.56887 1.500894 1.894962
v 1.593506 1.497614 1.880134
v 1.607841 1.497795 1.854993
v 1.621895 1.559385 1.859334
v 1.620281 1.563116 1.830184
v 1.604456 1.569011 1.806079
v 1.57866 1.575491 1.793478
v 1.549804 1.580818 1.795756
v 1.525621 1.583567 1.812305
v 1.51259 1.582999 1.838689
v 1.514203 1.579268 1.867839
v 1.530028 1.573373 1.891943
v 1.555825 1.566894 1.904545
v 1.58468 1.561566 1.902266
v 1.608864 1.558818 1.885718
v 1.621895 1.559385 1.859334
v 1.647361 1.683537 1.865565
v 1.641551 1.687975 1.83645
v 1.622054 1.694166 1.814479
v 1.594094 1.700452 1.805541
v 1.565163 1.705147 1.812029
v 1.543013 1.706994 1.832206
v 1.533579 1.705498 1.860665
v 1.539388 1.701061 1.889781
v 1.558885 1.69487 1.911751
v 1.586845 1.688584 1.92069
v 1.615776 1.683889 1.914201
v 1.637926 1.682042 1.894024
v 1.647361 1.683537 1.865565
v 1.67062 1.800569 1.870048
v 1.660133 1.806587 1.842335
v 1.63723 1.814021 1.824048
v 1.60805 1.820878 1.820086
v 1.580411 1.825323 1.831511
v 1.561719 1.826162 1.855262
v 1.556982 1.823173 1.884974
v 1.56747 1.817155 1.912687
v 1.590372 1.809721 1.930974
v 1.619552 1.802864 1.934936
v 1.647191 1.798419 1.923511
v 1.665884 1.79758 1.89976
v 1.67062 1.800569 1.870048
v 1.68183 1.853252 1.872051
v 1.668933 1.86062 1.845684
v 1.644563 1.869181 1.829916
v 1.615248 1.876639 1.828971
v 1.588845 1.880996 1.843103
v 1.572428 1.881086 1.868526
v 1.570395 1.876884 1.898426
v 1.583292 1.869515 1.924793
v 1.607662 1.860955 1.940562
v 1.636976 1.853497 1.941507
v 1.663379 1.849139 1.927374
v 1.679797 1.849049 1.901952
v 1.68183 1.853252 1.872051
v 1.692866 1.900417 1.874028
v 1.677625 1.909756 1.849604
v 1.652081 1.919933 1.836953
v 1.62308 1.928221 1.839466
v 1.598392 1.932399 1.856469
v 1.584632 1.931348 1.883407
v 1.585488 1.92535 1.913061
v 1.600729 1.916011 1.937485
v 1.626272 1.905834 1.950136
v 1.655273 1.897546 1.947623
v 1.679961 1.893368 1.93062
v 1.693721 1.894419 1.903682
v 1.692866 1.900417 1.874028
v 1.703796 1.941539 1.876147
v 1.686403 1.953393 1.854397
v 1.660118 1.965507 1.845544
v 1.631983 1.974637 1.851959
v 1.609537 1.978335 1.871924
v 1.598796 1.975611 1.900089
v 1.602636 1.967195 1.928907
v 1.620029 1.955342 1.950657
v 1.646314 1.943227 1.95951
v 1.674449 1.934098 1.953095
v 1.696895 1.930399 1.93313
v 1.707636 1.933123 1.904965
v 1.703796 1.941539 1.876147
v 1.71469 1.977583 1.878539
v 1.695473 1.99215 1.860247
v 1.668994 2.006127 1.855824
v 1.642346 2.015767 1.866455
v 1.62267 2.018488 1.889292
v 1.615239 2.013561 1.918216
v 1.622043 2.002306 1.945476
v 1.641259 1.987739 1.963768
v 1.667739 1.973763 1.968191
v 1.694386 1.964122 1.957559
v 1.714062 1.961401 1.934722
v 1.721494 1.966328 1.905799
v 1.71469 1.977583 1.878539
v 1.725697 2.009602 1.881422
v 1.705216 2.026886 1.867355
v 1.67925 2.042428 1.867859
v 1.654755 2.052064 1.8828
v 1.638296 2.053213 1.908174
v 1.634282 2.045566 1.937182
v 1.643789 2.031173 1.962052
v 1.66427 2.013889 1.97612
v 1.690236 1.998347 1.975616
v 1.714731 1.988711 1.960675
v 1.73119 1.987562 1.935301
v 1.735204 1.995209 1.906292
v 1.725697 2.009602 1.881422
v 1.737237 2.038438 1.885154
v 1.716246 2.058164 1.875863
v 1.691561 2.074756 1.881472
v 1.669797 2.083767 1.900477
v 1.656786 2.082784 1.927786
v 1.656013 2.07207 1.956082
v 1.667686 2.054494 1.977783
v 1.688677 2.034768 1.987074
v 1.713362 2.018177 1.981466
v 1.735125 2.009165 1.962461
v 1.748137 2.010148 1.935151
v 1.74891 2.020863 1.906855
v 1.737237 2.038438 1.885154
v 1.749922 2.064609 1.889964
v 1.729213 2.086251 1.885616
v 1.706475 2.103256 1.896096
v 1.687799 2.111071 1.918595
v 1.67819 2.107599 1.947085
v 1.680222 2.093772 1.973932
v 1.693351 2.073295 1.991943
v 1.714059 2.051653 1.99629
v 1.736798 2.034647 1.98581
v 1.755474 2.026833 1.963311
v 1.765083 2.030305 1.934821
v 1.763051 2.044132 1.907974
v 1.749922 2.064609 1.889964
v 1.764338 2.088383 1.895751
v 1.744551 2.111284 1.896089
v 1.724184 2.128111 1.910857
v 1.708693 2.134356 1.936098
v 1.70223 2.128344 1.965049
v 1.706526 2.111687 1.989952
v 1.720429 2.088849 2.004135
v 1.740216 2.065948 2.003797
v 1.760583 2.04912 1.989029
v 1.776074 2.042876 1.963788
v 1.782537 2.048887 1.934837
v 1.778241 2.065544 1.909934
v 1.764338 2.088383 1.895751
v 1.780863 2.109971 1.902088
v 1.762369 2.133514 1.906533
v 1.744531 2.149746 1.92482
v 1.732129 2.154318 1.952048
v 1.728486 2.146004 1.980922
v 1.734578 2.127033 2.003704
v 1.748773 2.102487 2.014291
v 1.767267 2.078943 2.009845
v 1.785104 2.062711 1.991559
v 1.797506 2.058139 1.964331
v 1.80115 2.066453 1.935457
v 1.795058 2.085425 1.912675
v 1.780863 2.109971 1.902088
v 1.799663 2.129701 1.908389
v 1.782563 2.15342 1.916206
v 1.767203 2.16887 1.937216
v 1.757699 2.171912 1.96579
v 1.756596 2.161731 1.994272
v 1.76419 2.141054 2.015029
v 1.778447 2.115422 2.0225
v 1.795547 2.091703 2.014683
v 1.810906 2.076253 1.993673
v 1.820411 2.073211 1.965099
v 1.821514 2.083392 1.936617
v 1.81392 2.104069 1.91586
v 1.799663 2.129701 1.908389
v 1.820943 2.148116 1.914138
v 1.805242 2.171783 1.924598
v 1.792196 2.186474 1.947622
v 1.785301 2.188251 1.977039
v 1.786403 2.176639 2.004967
v 1.795208 2.154749 2.023924
v 1.809357 2.128446 2.02883
v 1.825057 2.104778 2.01837
v 1.838103 2.090088 1.995346
v 1.844998 2.08831 1.965929
v 1.843896 2.099923 1.938001
v 1.835091 2.121813 1.919044
v 1.820943 2.148116 1.914138
v 1.844538 2.165595 1.918969
v 1.830224 2.18914 1.931491
v 1.819311 2.203171 1.955988
v 1.814723 2.203929 1.985896
v 1.81769 2.19121 2.0132
v 1.827417 2.168423 2.030584
v 1.841296 2.141674 2.033391
v 1.855611 2.118129 2.020868
v 1.866524 2.104098 1.996371
v 1.871111 2.10334 1.966464
v 1.868144 2.116059 1.93916
v 1.858418 2.138845 1.921775
v 1.844538 2.165595 1.918969
v 1.869979 2.182379 1.922605
v 1.856984 2.205766 1.936756
v 1.848042 2.219238 1.962342
v 1.84555 2.219186 1.992506
v 1.850176 2.205624 2.019166
v 1.860679 2.182186 2.035178
v 1.874246 2.155151 2.036252
v 1.887241 2.131765 2.0221
v 1.896183 2.118293 1.996515
v 1.898675 2.118345 1.966351
v 1.894049 2.131907 1.939691
v 1.883546 2.155345 1.923679
v 1.869979 2.182379 1.922605
v 1.896841 2.198719 1.924869
v 1.885082 2.221925 1.940338
v 1.877988 2.234919 1.966737
v 1.87746 2.234221 1.996991
v 1.883638 2.220018 2.022994
v 1.894868 2.196114 2.037778
v 1.908141 2.168916 2.037383
v 1.919899 2.14571 2.021913
v 1.926993 2.132715 1.995514
v 1.927522 2.133413 1.96526
v 1.921343 2.147617 1.939257
v 1.910113 2.17152 1.924473
v 1.896841 2.198719 1.924869
v 1.924736 2.214862 1.925645
v 1.914141 2.237861 1.942223
v 1.908816 2.25043 1.969237
v 1.910187 2.2492 1.999448
v 1.917887 2.234501 2.02476
v 1.929853 2.210272 2.038392
v 1.942878 2.183004 2.036691
v 1.953473 2.160005 2.020112
v 1.958798 2.147436 1.993098
v 1.957427 2.148666 1.962888
v 1.949727 2.163365 1.937575
v 1.937761 2.187594 1.923943
v 1.924736 2.214862 1.925645
v 1.953311 2.231054 1.924859
v 1.943833 2.253809 1.942422
v 1.940245 2.265965 1.969907
v 1.943508 2.264266 1.999949
v 1.95275 2.249167 2.024498
v 1.965492 2.224714 2.036978
v 1.978321 2.197458 2.034043
v 1.987799 2.174704 2.016479
v 1.991387 2.162547 1.988995
v 1.988124 2.164246 1.958953
v 1.978882 2.179345 1.934403
v 1.96614 2.203799 1.921924
v 1.953311 2.231054 1.924859
v 1.982238 2.247541 1.922471
v 1.97387 2.269991 1.940965
v 1.97204 2.281707 1.968812
v 1.97724 2.279549 1.99855
v 1.988075 2.264096 2.022212
v 2.001643 2.239488 2.033456
v 2.014308 2.212319 2.029271
v 2.022676 2.189869 2.010777
v 2.024506 2.178153 1.982929
v 2.019307 2.180311 1.953191
v 2.008471 2.195764 1.929529
v 1.994903 2.220372 1.918285
v 1.982238 2.247541 1.922471
v 2.011213 2.264565 1.918469
v 2.004005 2.286623 1.937899
v 2.004012 2.297823 1.966017
v 2.011232 2.295163 1.99529
v 2.023731 2.279356 2.017872
v 2.03816 2.254637 2.027714
v 2.050653 2.22763 2.022178
v 2.057861 2.205572 2.002748
v 2.057854 2.194372 1.97463
v 2.050634 2.197032 1.945358
v 2.038135 2.212839 1.922775
v 2.023705 2.237558 1.912933
v 2.011213 2.264565 1.918469
v 2.040048 2.282356 1.912852
v 2.034148 2.303926 1.933247
v 2.036124 2.314495 1.96154
v 2.045449 2.31123 1.990148
v 2.059622 2.295006 2.011408
v 2.074847 2.27017 2.019622
v 2.087043 2.243377 2.012589
v 2.092944 2.221807 1.992193
v 2.090967 2.211238 1.963901
v 2.081643 2.214503 1.935292
v 2.067469 2.230727 1.914033
v 2.052245 2.255563 1.905819
v 2.040048 2.282356 1.912852
v 2.068567 2.30094 1.905647
v 2.064205 2.321929 1.927012
v 2.068319 2.331738 1.955348
v 2.079808 2.327738 1.983063
v 2.095592 2.311 2.002729
v 2.111443 2.286009 2.009078
v 2.123113 2.259463 2.000408
v 2.127474 2.238473 1.979043
v 2.12336 2.228664 1.950707
v 2.111871 2.232664 1.922993
v 2.096087 2.249402 1.903327
v 2.080236 2.274393 1.896978
v 2.068567 2.30094 1.905647
v 2.096525 2.32025 1.896918
v 2.093978 2.340553 1.91922
v 2.100423 2.349463 1.947418
v 2.114133 2.344591 1.973958
v 2.131435 2.327243 1.991728
v 2.147693 2.302068 1.995966
v 2.15855 2.27581 1.985538
v 2.161097 2.255507 1.963236
v 2.154652 2.246597 1.935038
v 2.140942 2.251469 1.908498
v 2.12364 2.268817 1.890728
v 2.107382 2.293992 1.88649
v 2.096525 2.32025 1.896918
v 2.123719 2.340209 1.88673
v 2.123304 2.35971 1.909874
v 2.132283 2.367574 1.937687
v 2.14825 2.361694 1.962719
v 2.166926 2.343647 1.97826
v 2.183308 2.318267 1.980148
v 2.193006 2.292355 1.967875
v 2.193421 2.272855 1.944732
v 2.184442 2.26499 1.916918
v 2.168475 2.27087 1.891887
v 2.149798 2.288917 1.876345
v 2.133416 2.314297 1.874458
v 2.123719 2.340209 1.88673
v 2.149988 2.360729 1.875133
v 2.152052 2.379302 1.898941
v 2.163758 2.385975 1.926043
v 2.18197 2.378958 1.949177
v 2.201807 2.360132 1.962144
v 2.217955 2.334542 1.961469
v 2.226087 2.309044 1.947334
v 2.224022 2.29047 1.923526
v 2.212316 2.283798 1.896424
v 2.194104 2.290814 1.87329
v 2.174267 2.30964 1.860323
v 2.158119 2.335231 1.860998
v 2.149988 2.360729 1.875133
v 2.17522 2.381702 1.862142
v 2.180116 2.399225 1.88633
v 2.194702 2.404568 1.912306
v 2.215072 2.3963 1.93311
v 2.235767 2.376636 1.943167
v 2.251241 2.350846 1.939782
v 2.257349 2.325839 1.923863
v 2.252454 2.308316 1.899674
v 2.237868 2.302973 1.873698
v 2.217498 2.311241 1.852895
v 2.196803 2.330905 1.842838
v 2.181329 2.356696 1.846223
v 2.17522 2.381702 1.862142
v 2.199344 2.40301 1.847708
v 2.207392 2.419367 1.871869
v 2.224934 2.423264 1.896224
v 2.247272 2.413656 1.914246
v 2.268419 2.393118 1.921106
v 2.282709 2.367153 1.914968
v 2.286314 2.342719 1.897474
v 2.278266 2.326361 1.873313
v 2.260724 2.322465 1.848958
v 2.238386 2.332072 1.830936
v 2.217239 2.35261 1.824075
v 2.202949 2.378575 1.830215
v 2.199344 2.40301 1.847708
v 2.222303 2.42452 1.831695
v 2.233747 2.43962 1.855298
v 2.254206 2.441985 1.877477
v 2.278198 2.430982 1.892288
v 2.299295 2.40956 1.895763
v 2.311844 2.383458 1.886971
v 2.312482 2.359671 1.868268
v 2.301038 2.344572 1.844664
v 2.280579 2.342206 1.822485
v 2.256586 2.353209 1.807674
v 2.235489 2.374631 1.804199
v 2.22294 2.400733 1.812991
v 2.222303 2.42452 1.831695
v 2.243536 2.445921 1.814435
v 2.258678 2.459738 1.836624
v 2.282141 2.460706 1.855626
v 2.307639 2.448565 1.86635
v 2.328339 2.426568 1.865921
v 2.338696 2.40061 1.854455
v 2.335933 2.377646 1.835024
v 2.320791 2.363829 1.812835
v 2.297328 2.362862 1.793833
v 2.271831 2.375003 1.78311
v 2.25113 2.396999 1.783538
v 2.240774 2.422957 1.795004
v 2.243536 2.445921 1.814435
v 2.253705 2.456927 1.804778
v 2.270699 2.470093 1.825802
v 2.295555 2.470469 1.842718
v 2.321614 2.457956 1.850994
v 2.341893 2.435905 1.848412
v 2.350959 2.410225 1.835663
v 2.346381 2.387797 1.816164
v 2.329387 2.374631 1.79514
v 2.304531 2.374255 1.778224
v 2.278472 2.386768 1.769948
v 2.258193 2.408819 1.77253
v 2.249127 2.434499 1.785279
v 2.253705 2.456927 1.804778
v 2.263886 2.468561 1.793703
v 2.282583 2.481029 1.813271
v 2.308564 2.480844 1.827862
v 2.334868 2.468056 1.833566
v 2.354445 2.446091 1.828855
v 2.362052 2.420835 1.814991
v 2.355649 2.399055 1.795689
v 2.336951 2.386586 1.776121
v 2.31097 2.386771 1.76153
v 2.284667 2.39956 1.755826
v 2.265089 2.421525 1.760537
v 2.257483 2.446781 1.774401
v 2.263886 2.468561 1.793703
v 2.284868 2.495054 1.765104
v 2.306164 2.505765 1.781062
v 2.33316 2.504332 1.790657
v 2.358623 2.491137 1.791318
v 2.37573 2.469716 1.782867
v 2.379898 2.445809 1.76757
v 2.370008 2.425822 1.749524
v 2.348713 2.41511 1.733566
v 2.321717 2.416544 1.723971
v 2.296253 2.429739 1.72331
v 2.279146 2.45116 1.731761
v 2.274979 2.475067 1.747058
v 2.284868 2.495054 1.765104
v 2.3071 2.527774 1.724629
v 2.329487 2.53589 1.736305
v 2.355412 2.532766 1.740939
v 2.377931 2.51924 1.737287
v 2.391008 2.498935 1.726329
v 2.39114 2.477293 1.711
v 2.378291 2.460112 1.695409
v 2.355905 2.451996 1.683732
v 2.329978 2.45512 1.679099
v 2.30746 2.468646 1.68275
v 2.294383 2.488951 1.693709
v 2.294251 2.510593 1.709037
v 2.3071 2.527774 1.724629
v 2.330473 2.568245 1.668638
v 2.351868 2.572791 1.675592
v 2.374233 2.567637 1.675754
v 2.391574 2.554166 1.669081
v 2.399247 2.535985 1.657361
v 2.395194 2.517967 1.643734
v 2.380501 2.504941 1.631851
v 2.359107 2.500395 1.624897
v 2.336742 2.505549 1.624734
v 2.3194 2.519021 1.631407
v 2.311728 2.537201 1.643128
v 2.315781 2.555219 1.656755
v 2.330473 2.568245 1.668638
v 2.353547 2.616973 1.59325
v 2.371006 2.617591 1.595587
v 2.38706 2.610992 1.592523
v 2.397407 2.598944 1.584877
v 2.399274 2.584676 1.574698
v 2.392162 2.572011 1.564715
v 2.377976 2.564342 1.557601
v 2.360518 2.563725 1.555263
v 2.344464 2.570323 1.558328
v 2.334117 2.582371 1.565974
v 2.332249 2.596639 1.576152
v 2.339361 2.609304 1.586136
v 2.353547 2.616973 1.59325
v 2.371955 2.674248 1.494593
v 2.381961 2.672441 1.493887
v 2.389692 2.666874 1.490263
v 2.393075 2.659037 1.484691
v 2.391205 2.651031 1.478665
v 2.384581 2.645002 1.4738
v 2.374979 2.642564 1.471398
v 2.364973 2.644371 1.472104
v 2.357242 2.649939 1.475729
v 2.353859 2.657775 1.4813
v 2.35573 2.665781 1.487326
v 2.362353 2.67181 1.492192
v 2.371955 2.674248 1.494593
v 2.377195 2.706723 1.435807
v 2.382447 2.705111 1.434846
v 2.386063 2.701626 1.43242
v 2.387073 2.697202 1.429178
v 2.385208 2.693025 1.425989
v 2.380966 2.690212 1.423707
v 2.375485 2.68952 1.422944
v 2.370233 2.691132 1.423905
v 2.366618 2.694617 1.426331
v 2.365607 2.69904 1.429573
v 2.367473 2.703218 1.432763
v 2.371714 2.70603 1.435044
v 2.377195 2.706723 1.435807
v 2.378694 2.742737 1.3705
v 2.37896 2.742618 1.370419
v 2.379118 2.742409 1.370268
v 2.379127 2.742167 1.370086
v 2.378983 2.741956 1.369924
v 2.378725 2.741832 1.369824
v 2.378423 2.74183 1.369813
v 2.378157 2.74195 1.369894
v 2.377998 2.742158 1.370046
v 2.37799 2.742401 1.370227
v 2.378134 2.742612 1.370389
v 2.378392 2.742735 1.370489
v 2.378694 2.742737 1.3705
v 2.37896 2.742618 1.370419
v 2.379118 2.742409 1.370268
v 2.379127 2.742167 1.370086
v 2.378983 2.741956 1.369924
v 2.378725 2.741832 1.369824
v 2.378423 2.74183 1.369813
v 2.378157 2.74195 1.369894
v 2.377998 2.742158 1.370046
v 2.37799 2.742401 1.370227
v 2.378134 2.742612 1.370389
v 2.378392 2.742735 1.370489
v 2.378694 2.742737 1.3705
v 2.378927 2.742737 1.37019
v 2.379069 2.742549 1.370053
v 2.379077 2.742331 1.36989
v 2.378947 2.74214 1.369744
v 2.378715 2.742029 1.369654
v 2.378442 2.742027 1.369644
v 2.378203 2.742135 1.369717
v 2.37806 2.742323 1.369854
v 2.378052 2.742541 1.370017
v 2.378182 2.742731 1.370163
v 2.378414 2.742842 1.370253
v 2.378687 2.742844 1.370263
v 2.37882 2.742766 1.369954
v 2.378919 2.742636 1.36986
v 2.378924 2.742485 1.369747
v 2.378834 2.742353 1.369646
v 2.378674 2.742276 1.369583
v 2.378485 2.742275 1.369577
v 2.378319 2.742349 1.369627
v 2.37822 2.74248 1.369721
v 2.378215 2.74263 1.369834
v 2.378305 2.742762 1.369936
v 2.378466 2.742839 1.369998
v 2.378654 2.74284 1.370005
v 2.378664 2.742701 1.36976
v 2.378699 2.742653 1.369726
v 2.378701 2.742598 1.369685
v 2.378668 2.742551 1.369648
v 2.37861 2.742523 1.369625
v 2.378541 2.742522 1.369623
v 2.378481 2.742549 1.369641
v 2.378445 2.742596 1.369676
v 2.378443 2.742651 1.369717
v 2.378476 2.742699 1.369753
v 2.378534 2.742727 1.369776
v 2.378603 2.742728 1.369779
v 2.378572 2.742634 1.369689

vn -0.74368 -0.5530104 -0.3756588
vn -0.6830426 -0.6455238 -0.3416896
vn -0.66373 -0.633875 -0.3970704
vn -0.664506 -0.5995665 -0.4460401
vn -0.6851625 -0.5517914 -0.4754772
vn -0.7201647 -0.5033508 -0.4774944
vn -0.7601336 -0.4672245 -0.4515507
vn -0.7943599 -0.4530925 -0.404598
vn -0.8136724 -0.4647413 -0.3492172
vn -0.8128964 -0.4990498 -0.3002476
vn -0.79224 -0.5468249 -0.2708104
vn -0.7572378 -0.5952655 -0.2687934
vn -0.7172688 -0.6313918 -0.294737
vn -0.5124746 -0.8220598 -0.2481683
vn -0.4505843 -0.7847289 -0.4256458
vn -0.453071 -0.6747814 -0.5825777
vn -0.5192683 -0.5216776 -0.6769143
vn -0.6314389 -0.3664414 -0.6833781
vn -0.7595266 -0.2506683 -0.6002373
vn -0.8692105 -0.2053797 -0.4497691
vn -0.9311008 -0.2427107 -0.2722918
vn -0.9286142 -0.3526581 -0.1153599
vn -0.8624169 -0.505762 -0.02102333
vn -0.7502463 -0.660998 -0.01455945
vn -0.6221584 -0.7767712 -0.09770042
vn -0.1690153 -0.9834967 -0.06456021
vn -0.04862254 -0.9108787 -0.4098
vn -0.05345973 -0.6970021 -0.7150734
vn -0.1822309 -0.3991752 -0.8985828
vn -0.4004319 -0.09720035 -0.9111567
vn -0.6495957 0.1280083 -0.7494259
vn -0.8629594 0.2161064 -0.4567265
vn -0.9833524 0.1434882 -0.1114865
vn -0.9785152 -0.07038819 0.1937868
vn -0.8497442 -0.3682153 0.377296
vn -0.6315432 -0.67019 0.3898699
vn -0.3823789 -0.8953987 0.2281391
vn 0.4818125 -0.8328971 0.2722851
vn 0.6489928 -0.7320579 -0.207122
vn 0.6422759 -0.4350645 -0.6310313
vn 0.4634615 -0.02149582 -0.8858562
vn 0.160463 0.3978328 -0.9033165
vn -0.1855314 0.7105622 -0.6787338
vn -0.4818126 0.8328971 -0.2722851
vn -0.6489928 0.7320579 0.2071223
vn -0.6422758 0.4350646 0.6310313
vn -0.4634616 0.02149582 0.8858562
vn -0.1604631 -0.3978327 0.9033166
vn 0.1855316 -0.7105623 0.6787335
vn 0.4818125 -0.8328971 0.2722851
vn 0.6489928 -0.7320579 -0.207122
vn 0.6422759 -0.4350645 -0.6310313
vn 0.4634615 -0.02149582 -0.8858562
vn 0.160463 0.3978328 -0.9033165
vn -0.1855314 0.7105622 -0.6787338
vn -0.4818126 0.8328971 -0.2722851
vn -0.6489928 0.7320579 0.2071223
vn -0.6422758 0.4350646 0.6310313
vn -0.4634616 0.02149582 0.8858562
vn -0.1604631 -0.3978327 0.9033166
vn 0.1855316 -0.7105623 0.6787335
vn 0.4818125 -0.8328971 0.2722851
vn 0.5364775 -0.7871702 0.3042285
vn 0.7071083 -0.6854213 -0.1737686
vn 0.6882702 -0.4000141 -0.6052048
vn 0.4850105 -0.00742352 -0.8744768
vn 0.1517925 0.3871563 -0.9094334
vn -0.2220981 0.6779977 -0.700708
vn -0.5364775 0.7871702 -0.3042284
vn -0.7071084 0.6854212 0.1737688
vn -0.6882702 0.4000142 0.6052048
vn -0.4850105 0.00742352 0.8744768
vn -0.1517926 -0.3871562 0.9094334
vn 0.2220983 -0.6779978 0.7007077
vn 0.5364775 -0.7871702 0.3042285
vn 0.5654001 -0.7598333 0.320899
vn 0.7369416 -0.6575525 -0.1566583
vn 0.7110204 -0.3790808 -0.5922394
vn 0.4945818 0.0009652376 -0.8691306
vn 0.1456202 0.3807527 -0.9131386
vn -0.24236 0.6585177 -0.7124719
vn -0.5654001 0.7598333 -0.320899
vn -0.7369417 0.6575524 0.1566585
vn -0.7110204 0.3790807 0.5922395
vn -0.4945818 -0.0009652376 0.8691306
vn -0.1456202 -0.3807526 0.9131386
vn 0.2423602 -0.6585177 0.7124717
vn 0.5654001 -0.7598333 0.320899
vn 0.5851968 -0.7399265 0.3317432
vn 0.7565296 -0.6374866 -0.1458551
vn 0.725151 -0.3642327 -0.5843719
vn 0.4994686 0.00661707 -0.8663067
vn 0.1399538 0.3756939 -0.9161152
vn -0.2570612 0.6441036 -0.7204513
vn -0.5851969 0.7399265 -0.3317431
vn -0.7565297 0.6374865 0.1458553
vn -0.725151 0.3642327 0.584372
vn -0.4994686 -0.00661707 0.8663067
vn -0.1399541 -0.3756938 0.9161152
vn 0.2570614 -0.6441038 0.7204511
vn 0.5851968 -0.7399265 0.3317432
vn 0.6014654 -0.7230462 0.3397697
vn 0.7717836 -0.6206839 -0.1382079
vn 0.7353032 -0.3520097 -0.5791531
vn 0.5017987 0.01098526 -0.8649147
vn 0.1338376 0.3710368 -0.9189228
vn -0.2699852 0.6316691 -0.7267064
vn -0.6014655 0.7230463 -0.3397697
vn -0.7717837 0.6206838 0.1382081
vn -0.7353032 0.3520097 0.5791531
vn -0.5017987 -0.01098526 0.8649147
vn -0.1338377 -0.3710367 0.9189229
vn 0.2699854 -0.6316692 0.7267062
vn 0.6014654 -0.7230462 0.3397697
vn 0.6168677 -0.7068079 0.3462614
vn 0.7853709 -0.6046977 -0.1324129
vn 0.7434348 -0.3405592 -0.5756076
vn 0.5022959 0.01483202 -0.8645686
vn 0.126567 0.366249 -0.921869
vn -0.2830752 0.6195296 -0.7321553
vn -0.6168677 0.7068079 -0.3462613
vn -0.7853709 0.6046977 0.1324131
vn -0.7434348 0.3405592 0.5756076
vn -0.5022959 -0.01483202 0.8645686
vn -0.1265672 -0.366249 0.921869
vn 0.2830755 -0.6195298 0.7321551
vn 0.6168677 -0.7068079 0.3462614
vn 0.6331466 -0.6893912 0.3519449
vn 0.7988958 -0.5877379 -0.1277869
vn 0.7505819 -0.3286006 -0.5732788
vn 0.50115 0.01858497 -0.8651609
vn 0.1174351 0.3607909 -0.9252237
vn -0.2977461 0.6063229 -0.7373736
vn -0.6331466 0.6893912 -0.3519449
vn -0.798896 0.5877378 0.1277872
vn -0.7505819 0.3286005 0.5732788
vn -0.50115 -0.01858497 0.8651609
vn -0.1174353 -0.3607908 0.9252237
vn 0.2977463 -0.606323 0.7373735
vn 0.6331466 -0.6893912 0.3519449
vn 0.6518906 -0.6687939 0.357426
vn 0.8136854 -0.5679638 -0.1238272
vn 0.7574538 -0.3149484 -0.5719013
vn 0.4982631 0.02245748 -0.8667349
vn 0.1055629 0.3538459 -0.9293275
vn -0.3154225 0.5904213 -0.7429074
vn -0.6518906 0.6687938 -0.357426
vn -0.8136854 0.5679637 0.1238274
vn -0.7574538 0.3149484 0.5719014
vn -0.4982631 -0.02245748 0.8667349
vn -0.1055631 -0.3538457 0.9293275
vn 0.3154227 -0.5904214 0.7429072
vn 0.6518906 -0.6687939 0.357426
vn 0.6750397 -0.6420398 0.3634644
vn 0.8312463 -0.5428063 -0.1199621
vn 0.7647213 -0.2981282 -0.571245
vn 0.4932898 0.02643335 -0.8694633
vn 0.08968136 0.343912 -0.9347094
vn -0.3379566 0.5692395 -0.7495009
vn -0.6750397 0.6420398 -0.3634643
vn -0.8312463 0.5428062 0.1199623
vn -0.7647213 0.2981282 0.5712451
vn -0.4932898 -0.02643335 0.8694633
vn -0.08968163 -0.3439118 0.9347095
vn 0.3379571 -0.5692395 0.7495007
vn 0.6750397 -0.6420398 0.3634644
vn 0.7033675 -0.6069508 0.3699794
vn 0.8520981 -0.5102929 -0.1163182
vn 0.7725098 -0.2769024 -0.5714487
vn 0.485928 0.03068399 -0.8734601
vn 0.06914191 0.3300488 -0.9414282
vn -0.3661703 0.5409769 -0.7571415
vn -0.7033676 0.6069508 -0.3699794
vn -0.8520981 0.5102929 0.1163184
vn -0.7725098 0.2769024 0.5714488
vn -0.485928 -0.03068399 0.8734601
vn -0.06914204 -0.3300487 0.9414282
vn 0.3661707 -0.5409771 0.7571412
vn 0.7033675 -0.6069508 0.3699794
vn 0.7354863 -0.5641583 0.3752137
vn 0.8747756 -0.4708021 -0.1145128
vn 0.7796695 -0.2512947 -0.5735559
vn 0.4756514 0.03554678 -0.8789153
vn 0.04418289 0.3128637 -0.9487697
vn -0.3991242 0.5063488 -0.7644022
vn -0.7354863 0.5641583 -0.3752137
vn -0.8747756 0.470802 0.114513
vn -0.7796694 0.2512948 0.573556
vn -0.4756514 -0.03554678 0.8789153
vn -0.04418301 -0.3128637 0.9487699
vn 0.3991245 -0.506349 0.7644019
vn 0.7354863 -0.5641583 0.3752137
vn 0.7701302 -0.5142136 0.3774705
vn 0.8977402 -0.4249283 -0.116182
vn 0.7848017 -0.2217839 -0.5787038
vn 0.4615759 0.04078734 -0.8861625
vn 0.01467109 0.2924298 -0.9561744
vn -0.4361645 0.4657156 -0.7699801
vn -0.7701302 0.5142136 -0.3774704
vn -0.8977404 0.4249282 0.1161823
vn -0.7848017 0.221784 0.5787039
vn -0.461576 -0.04078734 0.8861625
vn -0.01467132 -0.2924297 0.9561744
vn 0.4361648 -0.4657157 0.76998
vn 0.7701302 -0.5142136 0.3774705
vn 0.8054402 -0.4590498 0.3748857
vn 0.9190007 -0.3745695 -0.123026
vn 0.7863157 -0.1897235 -0.5879733
vn 0.4429379 0.04595876 -0.8953736
vn -0.01912486 0.2693265 -0.962859
vn -0.476063 0.4205282 -0.7723471
vn -0.8054402 0.4590498 -0.3748856
vn -0.9190007 0.3745694 0.1230262
vn -0.7863157 0.1897235 0.5879734
vn -0.4429379 -0.04595875 0.8953735
vn 0.0191248 -0.2693264 0.962859
vn 0.4760632 -0.4205283 0.7723469
vn 0.8054402 -0.4590498 0.3748857
vn 0.8394486 -0.4019787 0.3657036
vn 0.9365602 -0.3228174 -0.1365431
vn 0.7827212 -0.1571575 -0.6022035
vn 0.4191525 0.05061268 -0.906504
vn -0.05672787 0.2448213 -0.9679072
vn -0.5174077 0.37343 -0.7699605
vn -0.8394487 0.4019787 -0.3657036
vn -0.9365602 0.3228174 0.1365433
vn -0.7827212 0.1571575 0.6022035
vn -0.4191525 -0.05061268 0.906504
vn 0.05672769 -0.2448213 0.9679073
vn 0.5174081 -0.3734301 0.7699603
vn 0.8394486 -0.4019787 0.3657036
vn 0.8706791 -0.3470722 0.3485094
vn 0.948895 -0.2732868 -0.1578373
vn 0.7728552 -0.1262745 -0.621892
vn 0.3897294 0.05457306 -0.919311
vn -0.09782425 0.2207977 -0.9704013
vn -0.5591657 0.3278598 -0.7614733
vn -0.8706791 0.3470722 -0.3485093
vn -0.948895 0.2732868 0.1578376
vn -0.7728552 0.1262745 0.621892
vn -0.3897294 -0.05457306 0.919311
vn 0.09782413 -0.2207978 0.9704013
vn 0.5591659 -0.3278599 0.7614731
vn 0.8706791 -0.3470722 0.3485094
vn 0.8984941 -0.2981169 0.322234
vn 0.9551404 -0.2291183 -0.1876477
vn 0.7558576 -0.09872767 -0.6472496
vn 0.3540432 0.05811714 -0.9334215
vn -0.1426369 0.1993894 -0.9694837
vn -0.6010973 0.2872353 -0.7457734
vn -0.8984941 0.2981169 -0.3222339
vn -0.9551404 0.2291183 0.187648
vn -0.7558576 0.09872768 0.6472496
vn -0.3540432 -0.05811714 0.9334215
vn 0.1426368 -0.1993893 0.9694837
vn 0.6010975 -0.2872353 0.7457731
vn 0.8984941 -0.2981169 0.322234
vn 0.9229609 -0.2576694 0.285919
vn 0.9548503 -0.1921678 -0.2265667
vn 0.7308883 -0.07517497 -0.6783442
vn 0.3110852 0.06196093 -0.94836
vn -0.1920731 0.1824945 -0.9642633
vn -0.6437651 0.2541287 -0.7217929
vn -0.9229609 0.2576693 -0.2859189
vn -0.9548503 0.1921678 0.2265669
vn -0.7308884 0.07517485 0.6783443
vn -0.3110853 -0.06196093 0.94836
vn 0.1920728 -0.1824945 0.9642633
vn 0.6437653 -0.2541287 0.7217928
vn 0.9229609 -0.2576694 0.285919
vn 0.944006 -0.227771 0.23869
vn 0.9474589 -0.1635062 -0.2749313
vn 0.697041 -0.05543003 -0.7148855
vn 0.2598512 0.06749868 -0.9632867
vn -0.2469656 0.1723411 -0.9535757
vn -0.6876078 0.2310048 -0.6883547
vn -0.944006 0.227771 -0.2386899
vn -0.9474589 0.1635061 0.2749316
vn -0.697041 0.05542998 0.7148856
vn -0.2598513 -0.06749868 0.9632867
vn 0.2469654 -0.172341 0.9535757
vn 0.687608 -0.2310048 0.6883546
vn 0.944006 -0.227771 0.23869
vn 0.9612051 -0.2076644 0.1815497
vn 0.9328336 -0.1420429 -0.3311275
vn 0.65451 -0.03836113 -0.7550795
vn 0.2008109 0.07559944 -0.9767086
vn -0.3066954 0.1693034 -0.9366292
vn -0.7320226 0.2176424 -0.6455808
vn -0.9612051 0.2076644 -0.1815497
vn -0.9328334 0.1420429 0.3311277
vn -0.65451 0.03836113 0.7550796
vn -0.2008109 -0.07559944 0.9767086
vn 0.3066952 -0.1693033 0.9366293
vn 0.7320229 -0.2176424 0.6455806
vn 0.9612051 -0.2076644 0.1815497
vn 0.9810019 -0.1893427 0.04224625
vn 0.8808235 -0.1128175 -0.4598066
vn 0.5446292 -0.006062805 -0.8386551
vn 0.06250174 0.1023165 -0.9927864
vn -0.4363731 0.18328 -0.8809012
vn -0.8183216 0.2151338 -0.5329793
vn -0.9810019 0.1893427 -0.04224616
vn -0.8808235 0.1128174 0.4598069
vn -0.5446292 0.006062805 0.8386551
vn -0.06250177 -0.1023165 0.9927864
vn 0.4363729 -0.18328 0.8809013
vn 0.8183219 -0.2151338 0.532979
vn 0.9810019 -0.1893427 0.04224625
vn 0.972747 -0.1934907 -0.127768
vn 0.7931952 -0.09046447 -0.6022105
vn 0.4011075 0.03680163 -0.9152915
vn -0.09845705 0.1542069 -0.9831208
vn -0.5716401 0.2302925 -0.7875233
vn -0.8916522 0.2446713 -0.3809098
vn -0.972747 0.1934907 0.1277681
vn -0.7931952 0.0904644 0.6022106
vn -0.4011075 -0.03680163 0.9152915
vn 0.09845702 -0.1542069 0.9831208
vn 0.5716399 -0.2302924 0.7875234
vn 0.8916523 -0.2446713 0.3809095
vn 0.972747 -0.1934907 -0.127768
vn 0.9530327 -0.2021076 -0.2255686
vn 0.7324388 -0.07607078 -0.6765697
vn 0.3155884 0.07034916 -0.9462848
vn -0.1858238 0.1979191 -0.9624435
vn -0.6374447 0.2724567 -0.720716
vn -0.9182625 0.2739899 -0.2858734
vn -0.9530327 0.2021075 0.2255687
vn -0.7324387 0.07607076 0.6765699
vn -0.3155884 -0.07034916 0.9462848
vn 0.1858237 -0.1979191 0.9624435
vn 0.6374445 -0.2724567 0.7207162
vn 0.9182625 -0.2739898 0.2858731
vn 0.9530327 -0.2021076 -0.2255686
vn 0.9182241 -0.2132048 -0.3337786
vn 0.657559 -0.05348707 -0.751502
vn 0.2207014 0.1205627 -0.9678614
vn -0.2752932 0.2623076 -0.9248829
vn -0.6975231 0.3337676 -0.6340825
vn -0.9328521 0.3157947 -0.1733805
vn -0.9182241 0.2132048 0.3337787
vn -0.6575589 0.05348698 0.7515022
vn -0.2207013 -0.1205627 0.9678614
vn 0.2752932 -0.2623077 0.9248829
vn 0.6975231 -0.3337675 0.6340826
vn 0.9328521 -0.3157947 0.1733802
vn 0.9182241 -0.2132048 -0.3337786
vn 0.865052 -0.2193909 -0.4511682
vn 0.5675864 -0.01666825 -0.823145
vn 0.1180365 0.1905208 -0.974561
vn -0.3631415 0.3466598 -0.864844
vn -0.7470157 0.4099118 -0.5233926
vn -0.9307277 0.363328 -0.04169865
vn -0.8650519 0.2193908 0.4511682
vn -0.5675862 0.01666819 0.8231453
vn -0.1180365 -0.1905208 0.974561
vn 0.3631414 -0.3466598 0.864844
vn 0.7470157 -0.4099118 0.5233926
vn 0.9307277 -0.3633279 0.04169831
vn 0.865052 -0.2193909 -0.4511682
vn 0.7922511 -0.2114187 -0.5723988
vn 0.4636037 0.0377212 -0.8852394
vn 0.01073396 0.2767539 -0.9608808
vn -0.445012 0.4416306 -0.779055
vn -0.7815173 0.4881727 -0.3884817
vn -0.9086155 0.4039092 0.1061846
vn -0.792251 0.2114187 0.5723988
vn -0.4636036 -0.03772132 0.8852394
vn -0.01073396 -0.2767539 0.9608808
vn 0.445012 -0.4416306 0.779055
vn 0.7815172 -0.4881728 0.3884819
vn 0.9086155 -0.4039092 -0.1061849
vn 0.7922511 -0.2114187 -0.5723988
vn 0.7004172 -0.1844576 -0.6894861
vn 0.3501457 0.1111326 -0.9300793
vn -0.09394763 0.3769451 -0.9214588
vn -0.5128676 0.5417554 -0.665934
vn -0.7943651 0.5614026 -0.2319723
vn -0.863013 0.4306225 0.2641456
vn -0.7004172 0.1844575 0.6894861
vn -0.3501454 -0.1111327 0.9300793
vn 0.09394757 -0.3769451 0.9214588
vn 0.5128676 -0.5417554 0.665934
vn 0.794365 -0.5614027 0.2319725
vn 0.8630129 -0.4306225 -0.264146
vn 0.7004172 -0.1844576 -0.6894861
vn 0.594749 -0.1373055 -0.792099
vn 0.235748 0.2000642 -0.950998
vn -0.1864217 0.4838271 -0.855078
vn -0.5586399 0.6379489 -0.5300403
vn -0.781171 0.6211326 -0.06297861
vn -0.7943876 0.4378844 0.4209579
vn -0.5947489 0.1373054 0.7920991
vn -0.2357479 -0.2000644 0.950998
vn 0.1864217 -0.4838271 0.855078
vn 0.5586398 -0.6379489 0.5300403
vn 0.7811709 -0.6211326 0.06297883
vn 0.7943876 -0.4378842 -0.4209582
vn 0.594749 -0.1373055 -0.792099
vn 0.4837539 -0.07426946 -0.8720471
vn 0.1295898 0.2958491 -0.9464036
vn -0.259298 0.5866954 -0.7671721
vn -0.5787073 0.7203371 -0.3823772
vn -0.7430523 0.6609648 0.1048753
vn -0.7082968 0.4244878 0.5640264
vn -0.4837539 0.0742694 0.8720471
vn -0.1295897 -0.2958493 0.9464036
vn 0.2592981 -0.5866954 0.7671721
vn 0.5787073 -0.7203371 0.3823773
vn 0.7430522 -0.6609648 -0.1048752
vn 0.7082968 -0.4244875 -0.5640266
vn 0.4837539 -0.07426946 -0.8720471
vn 0.375471 -0.003983018 -0.9268256
vn 0.03707431 0.3876842 -0.9210463
vn -0.3112566 0.675472 -0.6684735
vn -0.5761866 0.7822675 -0.2367837
vn -0.6867277 0.679455 0.2583523
vn -0.6132606 0.3945831 0.6842628
vn -0.375471 0.003982929 0.9268256
vn -0.03707419 -0.3876844 0.9210463
vn 0.3112566 -0.675472 0.6684735
vn 0.5761866 -0.7822676 0.2367837
vn 0.6867277 -0.6794551 -0.2583522
vn 0.6132606 -0.3945829 -0.6842629
vn 0.375471 -0.003983018 -0.9268256
vn 0.2744136 0.06399891 -0.9594797
vn -0.04187892 0.4666495 -0.8834503
vn -0.3469502 0.7442619 -0.5707011
vn -0.5590564 0.82245 -0.1050328
vn -0.6213639 0.680263 0.388779
vn -0.5171773 0.3558002 0.7784175
vn -0.2744136 -0.06399898 0.9594797
vn 0.04187916 -0.4666496 0.8834502
vn 0.3469502 -0.744262 0.5707011
vn 0.5590564 -0.82245 0.1050328
vn 0.6213639 -0.680263 -0.388779
vn 0.5171772 -0.3557999 -0.7784177
vn 0.2744136 0.06399891 -0.9594797
vn 0.1814177 0.122102 -0.9757964
vn -0.1110239 0.5277552 -0.8421093
vn -0.373717 0.7919971 -0.4827797
vn -0.536273 0.8440238 0.005910636
vn -0.555135 0.6698949 0.4930173
vn -0.4252488 0.3162683 0.84802
vn -0.1814177 -0.1221021 0.9757964
vn 0.111024 -0.5277554 0.8421091
vn 0.3737171 -0.7919971 0.4827797
vn 0.536273 -0.8440238 -0.005910607
vn 0.5551349 -0.6698951 -0.4930171
vn 0.4252487 -0.3162681 -0.8480201
vn 0.1814177 0.122102 -0.9757964
vn 0.09907395 0.1682009 -0.9807613
vn -0.1694439 0.5729761 -0.8018647
vn -0.3925596 0.8242232 -0.408109
vn -0.5104894 0.8546202 0.09499936
vn -0.4916337 0.6560222 0.5726527
vn -0.3410453 0.2816437 0.896864
vn -0.09907395 -0.168201 0.9807613
vn 0.169444 -0.5729764 0.8018646
vn 0.3925598 -0.8242232 0.408109
vn 0.5104894 -0.8546202 -0.09499933
vn 0.4916337 -0.6560224 -0.5726526
vn 0.3410451 -0.2816433 -0.8968641
vn 0.09907395 0.1682009 -0.9807613
vn 0.02771805 0.204559 -0.9784617
vn -0.2170917 0.607234 -0.7642892
vn -0.4037322 0.8472014 -0.3453259
vn -0.4821928 0.8601618 0.1661674
vn -0.4314502 0.6426424 0.6331362
vn -0.2651009 0.2529276 0.9304564
vn -0.02771805 -0.204559 0.9784617
vn 0.2170918 -0.6072342 0.764289
vn 0.4037322 -0.8472015 0.3453258
vn 0.4821928 -0.8601618 -0.1661673
vn 0.4314503 -0.6426424 -0.6331361
vn 0.2651007 -0.2529272 -0.9304565
vn 0.02771805 0.204559 -0.9784617
vn -0.0364835 0.2328365 -0.9718313
vn -0.2587358 0.6328055 -0.7298033
vn -0.4116603 0.8632151 -0.292225
vn -0.4542806 0.8623269 0.2236549
vn -0.3751767 0.6303785 0.6796067
vn -0.1955446 0.2295208 0.9534582
vn 0.03648351 -0.2328365 0.9718313
vn 0.258736 -0.6328057 0.7298032
vn 0.4116603 -0.8632151 0.292225
vn 0.4542806 -0.8623269 -0.2236549
vn 0.3751768 -0.6303786 -0.6796067
vn 0.1955444 -0.2295206 -0.9534583
vn -0.0364835 0.2328365 -0.9718313
vn -0.09663212 0.2548577 -0.9621382
vn -0.2977324 0.6517327 -0.697567
vn -0.4190556 0.8739768 -0.2460833
vn -0.4280931 0.8620393 0.2713383
vn -0.3224233 0.619119 0.7160552
vn -0.1303606 0.2103062 0.9689053
vn 0.09663212 -0.2548578 0.9621381
vn 0.2977324 -0.6517329 0.6975669
vn 0.4190556 -0.8739768 0.2460833
vn 0.4280931 -0.8620393 -0.2713383
vn 0.3224234 -0.6191191 -0.7160549
vn 0.1303604 -0.2103059 -0.9689053
vn -0.09663212 0.2548577 -0.9621382
vn -0.1551408 0.2724236 -0.9495877
vn -0.3363394 0.6657718 -0.6660509
vn -0.4274163 0.8807272 -0.204046
vn -0.4039673 0.8596925 0.3126329
vn -0.2722755 0.6083035 0.745542
vn -0.06762781 0.1939202 0.9786835
vn 0.1551408 -0.2724237 0.9495876
vn 0.3363394 -0.665772 0.6660506
vn 0.4274163 -0.8807272 0.204046
vn 0.4039673 -0.8596925 -0.3126329
vn 0.2722755 -0.6083037 -0.7455419
vn 0.06762764 -0.19392 -0.9786835
vn -0.1551408 0.2724236 -0.9495877
vn -0.2138688 0.2872905 -0.9336618
vn -0.375974 0.6764528 -0.6332892
vn -0.4373372 0.8843602 -0.1632273
vn -0.3815163 0.855304 0.3505715
vn -0.2234683 0.5970696 0.7704349
vn -0.005542275 0.1788509 0.9838606
vn 0.2138689 -0.2872906 0.9336617
vn 0.375974 -0.6764528 0.6332891
vn 0.4373372 -0.8843602 0.1632272
vn 0.3815163 -0.855304 -0.3505715
vn 0.2234684 -0.5970697 -0.7704347
vn 0.005542037 -0.1788507 -0.9838606
vn -0.2138688 0.2872905 -0.9336618
vn -0.2742349 0.3011916 -0.9132791
vn -0.4173569 0.6851463 -0.5969821
vn -0.4486487 0.8855168 -0.120724
vn -0.3597253 0.8486137 0.3878821
vn -0.1744137 0.584325 0.7925555
vn 0.05763182 0.163467 0.9848641
vn 0.2742349 -0.3011917 0.9132791
vn 0.4173571 -0.6851465 0.5969818
vn 0.4486486 -0.8855169 0.120724
vn 0.3597253 -0.8486137 -0.387882
vn 0.1744137 -0.5843251 -0.7925553
vn -0.05763206 -0.1634669 -0.9848641
vn -0.2742349 0.3011916 -0.9132791
vn -0.3372587 0.3158399 -0.8868493
vn -0.4605421 0.6930968 -0.5545431
vn -0.4604235 0.8846391 -0.07364725
vn -0.3369347 0.839143 0.4269823
vn -0.1231646 0.5687991 0.8132023
vn 0.1236073 0.146046 0.9815252
vn 0.3372587 -0.3158399 0.8868493
vn 0.460542 -0.6930969 0.5545428
vn 0.4604236 -0.8846391 0.07364716
vn 0.3369347 -0.839143 -0.4269823
vn 0.1231647 -0.5687991 -0.8132023
vn -0.1236075 -0.1460457 -0.9815252
vn -0.3372587 0.3158399 -0.8868493
vn -0.4018712 0.3333133 -0.8528786
vn -0.5027831 0.7022275 -0.5040691
vn -0.468975 0.8829806 -0.02019462
vn -0.3095051 0.8271396 0.4690912
vn -0.06710362 0.5496671 0.8326843
vn 0.1932782 0.1249119 0.9731601
vn 0.4018712 -0.3333134 0.8528785
vn 0.5027831 -0.7022275 0.504069
vn 0.4689749 -0.8829806 0.02019459
vn 0.3095051 -0.8271396 -0.4690912
vn 0.06710365 -0.5496673 -0.8326842
vn -0.1932783 -0.1249116 -0.9731601
vn -0.4018712 0.3333133 -0.8528786
vn -0.4664381 0.3546815 -0.8103312
vn -0.5410372 0.7136626 -0.4449321
vn -0.4706658 0.8814185 0.03968643
vn -0.27418 0.812999 0.513671
vn -0.004227697 0.5267367 0.850018
vn 0.2668573 0.09933621 0.9586029
vn 0.466438 -0.3546815 0.8103311
vn 0.5410371 -0.7136627 0.4449319
vn 0.4706659 -0.8814185 -0.03968649
vn 0.27418 -0.812999 -0.513671
vn 0.004227771 -0.5267369 -0.8500178
vn -0.2668574 -0.09933591 -0.9586029
vn -0.4664381 0.3546815 -0.8103312
vn -0.5303906 0.3800119 -0.7578105
vn -0.573954 0.7272547 -0.3764005
vn -0.4637269 0.8796304 0.1058659
vn -0.2292445 0.7963098 0.5597657
vn 0.06666385 0.4996183 0.8636767
vn 0.3447095 0.0690548 0.936166
vn 0.5303906 -0.380012 0.7578105
vn 0.573954 -0.7272549 0.3764003
vn 0.463727 -0.8796304 -0.1058659
vn 0.2292446 -0.7963098 -0.5597657
vn -0.06666376 -0.4996184 -0.8636766
vn -0.3447097 -0.06905445 -0.936166
vn -0.5303906 0.3800119 -0.7578105
vn -0.5924955 0.4092129 -0.6938975
vn -0.5995916 0.7427226 -0.2980822
vn -0.4460276 0.8772206 0.1776043
vn -0.1729508 0.776668 0.605702
vn 0.1464682 0.4680076 0.8715021
vn 0.4266408 0.03394506 0.9037839
vn 0.5924956 -0.4092129 0.6938975
vn 0.5995916 -0.7427227 0.298082
vn 0.4460276 -0.8772206 -0.1776044
vn 0.1729508 -0.776668 -0.605702
vn -0.146468 -0.4680078 -0.8715021
vn -0.426641 -0.03394471 -0.9037838
vn -0.5924955 0.4092129 -0.6938975
vn -0.6507421 0.4419712 -0.6174109
vn -0.6154417 0.7596282 -0.2102294
vn -0.4152343 0.8737437 0.2532833
vn -0.103765 0.7537401 0.6489289
vn 0.235508 0.4317723 0.8706943
vn 0.5116767 -0.005888459 0.8591579
vn 0.6507421 -0.4419713 0.6174109
vn 0.6154417 -0.7596283 0.2102292
vn 0.4152343 -0.8737437 -0.2532833
vn 0.1037651 -0.7537401 -0.6489288
vn -0.2355079 -0.4317724 -0.8706943
vn -0.5116768 0.005888817 -0.8591578
vn -0.6507421 0.4419712 -0.6174109
vn -0.7023078 0.4777042 -0.5277902
vn -0.6185892 0.7773844 -0.1141092
vn -0.3691201 0.8687651 0.3301475
vn -0.02074557 0.727361 0.6859414
vn 0.3331878 0.3910608 0.8579378
vn 0.5978436 -0.05002359 0.8000504
vn 0.7023078 -0.4777043 0.5277901
vn 0.6185892 -0.7773844 0.1141089
vn 0.3691201 -0.8687651 -0.3301476
vn 0.02074558 -0.727361 -0.6859413
vn -0.3331877 -0.391061 -0.8579378
vn -0.5978438 0.05002395 -0.8000503
vn -0.7023078 0.4777042 -0.5277902
vn -0.7437013 0.5155643 -0.4255607
vn -0.6060712 0.7953145 -0.01234558
vn -0.3060451 0.8619611 0.4041778
vn 0.07598598 0.6976457 0.7124019
vn 0.4376566 0.3463965 0.8297387
vn 0.6820573 -0.09766901 0.7247472
vn 0.7437013 -0.5155643 0.4255607
vn 0.6060712 -0.7953145 0.01234537
vn 0.306045 -0.8619611 -0.4041778
vn -0.07598596 -0.6976457 -0.712402
vn -0.4376564 -0.3463966 -0.8297386
vn -0.6820573 0.09766937 -0.7247472
vn -0.7437013 0.5155643 -0.4255607
vn -0.7711473 0.5545468 -0.3127455
vn -0.5754271 0.812782 0.09093395
vn -0.2255216 0.8532331 0.470248
vn 0.1848124 0.6650609 0.7235596
vn 0.545626 0.2986858 0.7829936
vn 0.7602393 -0.1477215 0.6326251
vn 0.7711471 -0.5545469 0.3127455
vn 0.5754271 -0.812782 -0.09093413
vn 0.2255216 -0.8532331 -0.4702481
vn -0.1848124 -0.6650609 -0.7235596
vn -0.5456259 -0.2986861 -0.7829936
vn -0.7602394 0.1477218 -0.6326249
vn -0.7711473 0.5545468 -0.3127455
vn -0.7916396 0.5849685 -0.1764047
vn -0.5321802 0.82173 0.2038238
vn -0.1301233 0.8383098 0.5294381
vn 0.3068001 0.6302649 0.7131899
vn 0.6615165 0.253341 0.7058429
vn 0.8389801 -0.1914652 0.5093659
vn 0.7916396 -0.5849686 0.1764047
vn 0.53218 -0.8217301 -0.203824
vn 0.1301233 -0.8383097 -0.5294381
vn -0.3068 -0.6302649 -0.7131899
vn -0.6615165 -0.253341 -0.7058429
vn -0.8389801 0.1914655 -0.5093657
vn -0.7916396 0.5849685 -0.1764047
vn -0.7977065 0.5950278 -0.09801052
vn -0.5051607 0.8216801 0.2639211
vn -0.07725717 0.8281642 0.5551355
vn 0.3713476 0.6127418 0.6976019
vn 0.7204499 0.2331358 0.653146
vn 0.8765079 -0.2089386 0.4336803
vn 0.7977066 -0.5950279 0.09801047
vn 0.5051606 -0.8216802 -0.2639212
vn 0.07725711 -0.8281642 -0.5551355
vn -0.3713476 -0.6127418 -0.6976019
vn -0.7204497 -0.2331359 -0.653146
vn -0.8765079 0.2089388 -0.4336801
vn -0.7977065 0.5950278 -0.09801052
vn -0.7970183 0.6037089 -0.01724783
vn -0.4722243 0.8202954 0.3226758
vn -0.02089804 0.8170846 0.576139
vn 0.436028 0.5949364 0.6752261
vn 0.7761205 0.2133753 0.5933867
vn 0.908252 -0.2253592 0.3525499
vn 0.7970182 -0.603709 0.01724777
vn 0.472224 -0.8202955 -0.322676
vn 0.02089798 -0.8170846 -0.576139
vn -0.436028 -0.5949364 -0.6752261
vn -0.7761205 -0.2133754 -0.5933869
vn -0.9082521 0.2253596 -0.3525498
vn -0.7970183 0.6037089 -0.01724783
vn -0.7681648 0.6246321 0.140562
vn -0.3838906 0.8179222 0.4285223
vn 0.103247 0.7920508 0.6016607
vn 0.5627198 0.55395 0.6135845
vn 0.871412 0.1674185 0.4610987
vn 0.9466102 -0.2639724 0.185062
vn 0.7681647 -0.6246321 -0.140562
vn 0.3838903 -0.8179222 -0.4285224
vn -0.1032471 -0.7920508 -0.6016607
vn -0.5627197 -0.55395 -0.6135845
vn -0.871412 -0.1674186 -0.4610988
vn -0.94661 0.2639727 -0.1850617
vn -0.7681648 0.6246321 0.140562
vn -0.6947473 0.6603125 0.2851555
vn -0.2578093 0.8187195 0.513062
vn 0.2482086 0.7577515 0.603494
vn 0.6877193 0.4937445 0.5322203
vn 0.9429561 0.09743861 0.3183384
vn 0.9455284 -0.3249754 0.01915817
vn 0.6947471 -0.6603126 -0.2851555
vn 0.2578091 -0.8187195 -0.5130621
vn -0.2482087 -0.7577515 -0.603494
vn -0.6877193 -0.4937445 -0.5322203
vn -0.9429561 -0.0974388 -0.3183385
vn -0.9455283 0.3249756 -0.01915795
vn -0.6947473 0.6603125 0.2851555
vn -0.5641648 0.7138818 0.4148384
vn -0.08163215 0.8164027 0.5716844
vn 0.422774 0.7001691 0.575348
vn 0.8138983 0.3963258 0.4248476
vn 0.9869391 -0.01371288 0.1605095
vn 0.8955302 -0.4200769 -0.1468368
vn 0.5641648 -0.7138818 -0.4148384
vn 0.08163203 -0.8164026 -0.5716844
vn -0.422774 -0.7001691 -0.575348
vn -0.8138983 -0.3963258 -0.4248476
vn -0.986939 0.0137127 -0.1605096
vn -0.89553 0.4200772 0.1468371
vn -0.5641648 0.7138818 0.4148384
vn -0.3587205 0.7728482 0.5234742
vn 0.1540235 0.7909868 0.5921289
vn 0.6254974 0.597181 0.5021233
vn 0.9293697 0.243361 0.2775741
vn 0.984218 -0.1756676 -0.02135105
vn 0.7753458 -0.5476258 -0.3145549
vn 0.3587205 -0.7728482 -0.5234742
vn -0.1540238 -0.7909868 -0.5921289
vn -0.6254975 -0.597181 -0.5021232
vn -0.9293697 -0.243361 -0.2775741
vn -0.984218 0.1756674 0.02135092
vn -0.7753456 0.5476261 0.3145551
vn -0.3587205 0.7728482 0.5234742
vn -0.07681012 0.8045104 0.5889509
vn 0.4313657 0.7127454 0.5530983
vn 0.8239577 0.4300008 0.3690435
vn 0.9957709 0.03203785 0.0861036
vn 0.900768 -0.37451 -0.2199078
vn 0.5644048 -0.6807077 -0.4669949
vn 0.07681001 -0.8045104 -0.588951
vn -0.4313659 -0.7127452 -0.5530983
vn -0.8239577 -0.4300008 -0.3690434
vn -0.9957709 -0.03203785 -0.08610361
vn -0.900768 0.3745098 0.2199077
vn -0.5644045 0.6807079 0.4669949
vn -0.07681012 0.8045104 0.5889509
vn 0.07935663 0.7983629 0.5969249
vn 0.5668179 0.6487534 0.507776
vn 0.902401 0.325311 0.2825689
vn 0.9961864 -0.08529854 -0.01835245
vn 0.8230442 -0.4730522 -0.3143563
vn 0.4293681 -0.7340518 -0.5261284
vn -0.07935675 -0.7983629 -0.5969249
vn -0.5668181 -0.6487534 -0.5077759
vn -0.902401 -0.3253109 -0.2825688
vn -0.9961864 0.08529841 0.01835242
vn -0.8230444 0.4730521 0.3143562
vn -0.4293678 0.7340518 0.5261285
vn 0.07935663 0.7983629 0.5969249
vn 0.2320009 0.7754574 0.5872319
vn 0.6871241 0.5715657 0.4485231
vn 0.9581331 0.2145235 0.1896327
vn 0.972411 -0.2000003 -0.1200696
vn 0.7261319 -0.5609342 -0.3975994
vn 0.2852865 -0.771566 -0.5685926
vn -0.2320011 -0.7754574 -0.587232
vn -0.6871243 -0.5715657 -0.448523
vn -0.9581331 -0.2145234 -0.1896327
vn -0.972411 0.2000003 0.1200696
vn -0.7261321 0.560934 0.3975994
vn -0.2852862 0.771566 0.5685927
vn 0.2320009 0.7754574 0.5872319
vn 0.6871241 0.5715657 0.4485231
vn 0.9581331 0.2145235 0.1896327
vn 0.972411 -0.2000003 -0.1200696
vn 0.7261319 -0.5609342 -0.3975994
vn 0.2852865 -0.771566 -0.5685926
vn -0.2320011 -0.7754574 -0.587232
vn -0.6871243 -0.5715657 -0.448523
vn -0.9581331 -0.2145234 -0.1896327
vn -0.972411 0.2000003 0.1200696
vn -0.7261321 0.560934 0.3975994
vn -0.2852862 0.771566 0.5685927
vn 0.2320009 0.7754574 0.5872319
vn 0.5117111 0.8271326 -0.2323867
vn 0.706875 0.5700126 -0.4188236
vn 0.7171571 0.2714978 -0.6418524
vn 0.539802 0.01157537 -0.8417124
vn 0.2223321 -0.1401089 -0.9648513
vn -0.1501868 -0.1429113 -0.9782742
vn -0.4779387 0.003919123 -0.8783845
vn -0.6731027 0.2610391 -0.6919475
vn -0.6833847 0.5595538 -0.4689189
vn -0.5060297 0.8194762 -0.2690588
vn -0.1885595 0.9711605 -0.1459198
vn 0.1839591 0.9739628 -0.1324968
vn 0.2769831 0.7679317 -0.5775476
vn 0.377311 0.635754 -0.6733893
vn 0.3825967 0.4822966 -0.7880417
vn 0.2914238 0.3486782 -0.8907837
vn 0.1282222 0.2707019 -0.9540857
vn -0.06327873 0.2692612 -0.960986
vn -0.2317662 0.3447424 -0.9096357
vn -0.332094 0.47692 -0.8137941
vn -0.3373796 0.6303774 -0.6991418
vn -0.2462068 0.7639958 -0.5963998
vn -0.08300501 0.8419721 -0.5330977
vn 0.1084958 0.8434128 -0.5261973
vn 0.1035508 0.6609046 -0.7432916
vn 0.1348576 0.6196592 -0.7731984
vn 0.1365069 0.5717738 -0.808975
vn 0.108057 0.530079 -0.8410351
vn 0.05713085 0.505747 -0.860788
vn -0.002625883 0.5052974 -0.8629412
vn -0.05520134 0.5288509 -0.8469177
vn -0.08650807 0.5700961 -0.8170108
vn -0.08815745 0.6179816 -0.7812343
vn -0.05970751 0.6596764 -0.7491743
vn -0.008781329 0.6840085 -0.7294213
vn 0.05097533 0.684458 -0.727268
vn 0.02433768 0.5988871 -0.8004635

vt 0 -0.00125
vt 0.9815734 -0.001185
vt 0.9840243 -0.001185
vt 0.9907557 -0.001185
vt 0 -0.001185
vt 0.009244293 -0.001185
vt 0.01597574 -0.001185
vt 0.0184266 -0.001185
vt 0.01597574 -0.001185
vt 0.009244293 -0.001185
vt 1 -0.001185
vt 0.9907557 -0.001185
vt 0.9840243 -0.001185
vt 0.9396443 -0.0007050002
vt 0.9471089 -0.0007050002
vt 0.9686971 -0.0007050002
vt 0 -0.0007050002
vt 0.0313029 -0.0007050002
vt 0.05289117 -0.0007050002
vt 0.06035572 -0.0007050002
vt 0.05289117 -0.0007050002
vt 0.0313029 -0.0007050002
vt 1 -0.0007050002
vt 0.9686971 -0.0007050002
vt 0.9471089 -0.0007050002
vt 0.8720391 0.0001650001
vt 0.8834689 0.0001650001
vt 0.9238126 0.0001650001
vt 2.980232E-08 0.0001650001
vt 0.07618743 0.0001650001
vt 0.1165311 0.0001650001
vt 0.1279609 0.0001650001
vt 0.1165311 0.0001650001
vt 0.07618737 0.0001650001
vt 1 0.0001650001
vt 0.9238126 0.0001650001
vt 0.8834688 0.0001650001
vt 0.75 0.00125
vt 0.75 0.00125
vt 0.75 0.00125
vt 0.25 0.00125
vt 0.25 0.00125
vt 0.25 0.00125
vt 0.25 0.00125
vt 0.25 0.00125
vt 0.25 0.00125
vt 0.75 0.00125
vt 0.75 0.00125
vt 0.75 0.00125
vt 0 0.002500001
vt 0.08333334 0.002500001
vt 0.1666667 0.002500001
vt 0.25 0.002500001
vt 0.3333333 0.002500001
vt 0.4166667 0.002500001
vt 0.5 0.002500001
vt 0.5833333 0.002500001
vt 0.6666667 0.002500001
vt 0.75 0.002500001
vt 0.8333333 0.002500001
vt 0.9166667 0.002500001
vt 1 0.002500001
vt 0 0.1876682
vt 0.08333334 0.1876682
vt 0.1666667 0.1876682
vt 0.25 0.1876682
vt 0.3333333 0.1876682
vt 0.4166667 0.1876682
vt 0.5 0.1876682
vt 0.5833333 0.1876682
vt 0.6666667 0.1876682
vt 0.75 0.1876682
vt 0.8333333 0.1876682
vt 0.9166667 0.1876682
vt 1 0.1876682
vt 0 0.4264679
vt 0.08333334 0.4264679
vt 0.1666667 0.4264679
vt 0.25 0.4264679
vt 0.3333333 0.4264679
vt 0.4166667 0.4264679
vt 0.5 0.4264679
vt 0.5833333 0.4264679
vt 0.6666667 0.4264679
vt 0.75 0.4264679
vt 0.8333333 0.4264679
vt 0.9166667 0.4264679
vt 1 0.4264679
vt 0 0.7074635
vt 0.08333334 0.7074635
vt 0.1666667 0.7074635
vt 0.25 0.7074635
vt 0.3333333 0.7074635
vt 0.4166667 0.7074635
vt 0.5 0.7074635
vt 0.5833333 0.7074635
vt 0.6666667 0.7074635
vt 0.75 0.7074635
vt 0.8333333 0.7074635
vt 0.9166667 0.7074635
vt 1 0.7074635
vt 0 1.018967
vt 0.08333334 1.018967
vt 0.1666667 1.018967
vt 0.25 1.018967
vt 0.3333333 1.018967
vt 0.4166667 1.018967
vt 0.5 1.018967
vt 0.5833333 1.018967
vt 0.6666667 1.018967
vt 0.75 1.018967
vt 0.8333333 1.018967
vt 0.9166667 1.018967
vt 1 1.018967
vt 0 1.349213
vt 0.08333334 1.349213
vt 0.1666667 1.349213
vt 0.25 1.349213
vt 0.3333333 1.349213
vt 0.4166667 1.349213
vt 0.5 1.349213
vt 0.5833333 1.349213
vt 0.6666667 1.349213
vt 0.75 1.349213
vt 0.8333333 1.349213
vt 0.9166667 1.349213
vt 1 1.349213
vt 0 1.686425
vt 0.08333334 1.686425
vt 0.1666667 1.686425
vt 0.25 1.686425
vt 0.3333333 1.686425
vt 0.4166667 1.686425
vt 0.5 1.686425
vt 0.5833333 1.686425
vt 0.6666667 1.686425
vt 0.75 1.686425
vt 0.8333333 1.686425
vt 0.9166667 1.686425
vt 1 1.686425
vt 0 2.018858
vt 0.08333334 2.018858
vt 0.1666667 2.018858
vt 0.25 2.018858
vt 0.3333333 2.018858
vt 0.4166667 2.018858
vt 0.5 2.018858
vt 0.5833333 2.018858
vt 0.6666667 2.018858
vt 0.75 2.018858
vt 0.8333333 2.018858
vt 0.9166667 2.018858
vt 1 2.018858
vt 0 2.334859
vt 0.08333334 2.334859
vt 0.1666667 2.334859
vt 0.25 2.334859
vt 0.3333333 2.334859
vt 0.4166667 2.334859
vt 0.5 2.334859
vt 0.5833333 2.334859
vt 0.6666667 2.334859
vt 0.75 2.334859
vt 0.8333333 2.334859
vt 0.9166667 2.334859
vt 1 2.334859
vt 0 2.62569
vt 0.08333334 2.62569
vt 0.1666667 2.62569
vt 0.25 2.62569
vt 0.3333333 2.62569
vt 0.4166667 2.62569
vt 0.5 2.62569
vt 0.5833333 2.62569
vt 0.6666667 2.62569
vt 0.75 2.62569
vt 0.8333333 2.62569
vt 0.9166667 2.62569
vt 1 2.62569
vt 0 2.893801
vt 0.08333334 2.893801
vt 0.1666667 2.893801
vt 0.25 2.893801
vt 0.3333333 2.893801
vt 0.4166667 2.893801
vt 0.5 2.893801
vt 0.5833333 2.893801
vt 0.6666667 2.893801
vt 0.75 2.893801
vt 0.8333333 2.893801
vt 0.9166667 2.893801
vt 1 2.893801
vt 0 3.144547
vt 0.08333334 3.144547
vt 0.1666667 3.144547
vt 0.25 3.144547
vt 0.3333333 3.144547
vt 0.4166667 3.144547
vt 0.5 3.144547
vt 0.5833333 3.144547
vt 0.6666667 3.144547
vt 0.75 3.144547
vt 0.8333333 3.144547
vt 0.9166667 3.144547
vt 1 3.144547
vt 0 3.383394
vt 0.08333334 3.383394
vt 0.1666667 3.383394
vt 0.25 3.383394
vt 0.3333333 3.383394
vt 0.4166667 3.383394
vt 0.5 3.383394
vt 0.5833333 3.383394
vt 0.6666667 3.383394
vt 0.75 3.383394
vt 0.8333333 3.383394
vt 0.9166667 3.383394
vt 1 3.383394
vt 0 3.615838
vt 0.08333334 3.615838
vt 0.1666667 3.615838
vt 0.25 3.615838
vt 0.3333333 3.615838
vt 0.4166667 3.615838
vt 0.5 3.615838
vt 0.5833333 3.615838
vt 0.6666667 3.615838
vt 0.75 3.615838
vt 0.8333333 3.615838
vt 0.9166667 3.615838
vt 1 3.615838
vt 0 3.847298
vt 0.08333334 3.847298
vt 0.1666667 3.847298
vt 0.25 3.847298
vt 0.3333333 3.847298
vt 0.4166667 3.847298
vt 0.5 3.847298
vt 0.5833333 3.847298
vt 0.6666667 3.847298
vt 0.75 3.847298
vt 0.8333333 3.847298
vt 0.9166667 3.847298
vt 1 3.847298
vt 0 4.083005
vt 0.08333334 4.083005
vt 0.1666667 4.083005
vt 0.25 4.083005
vt 0.3333333 4.083005
vt 0.4166667 4.083005
vt 0.5 4.083005
vt 0.5833333 4.083005
vt 0.6666667 4.083005
vt 0.75 4.083005
vt 0.8333333 4.083005
vt 0.9166667 4.083005
vt 1 4.083005
vt 0 4.327937
vt 0.08333334 4.327937
vt 0.1666667 4.327937
vt 0.25 4.327937
vt 0.3333333 4.327937
vt 0.4166667 4.327937
vt 0.5 4.327937
vt 0.5833333 4.327937
vt 0.6666667 4.327937
vt 0.75 4.327937
vt 0.8333333 4.327937
vt 0.9166667 4.327937
vt 1 4.327937
vt 0 4.585256
vt 0.08333334 4.585256
vt 0.1666667 4.585256
vt 0.25 4.585256
vt 0.3333333 4.585256
vt 0.4166667 4.585256
vt 0.5 4.585256
vt 0.5833333 4.585256
vt 0.6666667 4.585256
vt 0.75 4.585256
vt 0.8333333 4.585256
vt 0.9166667 4.585256
vt 1 4.585256
vt 0 4.851673
vt 0.08333334 4.851673
vt 0.1666667 4.851673
vt 0.25 4.851673
vt 0.3333333 4.851673
vt 0.4166667 4.851673
vt 0.5 4.851673
vt 0.5833333 4.851673
vt 0.6666667 4.851673
vt 0.75 4.851673
vt 0.8333333 4.851673
vt 0.9166667 4.851673
vt 1 4.851673
vt 0 5.391619
vt 0.08333334 5.391619
vt 0.1666667 5.391619
vt 0.25 5.391619
vt 0.3333333 5.391619
vt 0.4166667 5.391619
vt 0.5 5.391619
vt 0.5833333 5.391619
vt 0.6666667 5.391619
vt 0.75 5.391619
vt 0.8333333 5.391619
vt 0.9166667 5.391619
vt 1 5.391619
vt 0 5.906888
vt 0.08333334 5.906888
vt 0.1666667 5.906888
vt 0.25 5.906888
vt 0.3333333 5.906888
vt 0.4166667 5.906888
vt 0.5 5.906888
vt 0.5833333 5.906888
vt 0.6666667 5.906888
vt 0.75 5.906888
vt 0.8333333 5.906888
vt 0.9166667 5.906888
vt 1 5.906888
vt 0 6.142677
vt 0.08333334 6.142677
vt 0.1666667 6.142677
vt 0.25 6.142677
vt 0.3333333 6.142677
vt 0.4166667 6.142677
vt 0.5 6.142677
vt 0.5833333 6.142677
vt 0.6666667 6.142677
vt 0.75 6.142677
vt 0.8333333 6.142677
vt 0.9166667 6.142677
vt 1 6.142677
vt 0 6.357569
vt 0.08333334 6.357569
vt 0.1666667 6.357569
vt 0.25 6.357569
vt 0.3333333 6.357569
vt 0.4166667 6.357569
vt 0.5 6.357569
vt 0.5833333 6.357569
vt 0.6666667 6.357569
vt 0.75 6.357569
vt 0.8333333 6.357569
vt 0.9166667 6.357569
vt 1 6.357569
vt 0 6.548717
vt 0.08333334 6.548717
vt 0.1666667 6.548717
vt 0.25 6.548717
vt 0.3333333 6.548717
vt 0.4166667 6.548717
vt 0.5 6.548717
vt 0.5833333 6.548717
vt 0.6666667 6.548717
vt 0.75 6.548717
vt 0.8333333 6.548717
vt 0.9166667 6.548717
vt 1 6.548717
vt 0 6.718948
vt 0.08333334 6.718948
vt 0.1666667 6.718948
vt 0.25 6.718948
vt 0.3333333 6.718948
vt 0.4166667 6.718948
vt 0.5 6.718948
vt 0.5833333 6.718948
vt 0.6666667 6.718948
vt 0.75 6.718948
vt 0.8333333 6.718948
vt 0.9166667 6.718948
vt 1 6.718948
vt 0 6.872493
vt 0.08333334 6.872493
vt 0.1666667 6.872493
vt 0.25 6.872493
vt 0.3333333 6.872493
vt 0.4166667 6.872493
vt 0.5 6.872493
vt 0.5833333 6.872493
vt 0.6666667 6.872493
vt 0.75 6.872493
vt 0.8333333 6.872493
vt 0.9166667 6.872493
vt 1 6.872493
vt 0 7.013572
vt 0.08333334 7.013572
vt 0.1666667 7.013572
vt 0.25 7.013572
vt 0.3333333 7.013572
vt 0.4166667 7.013572
vt 0.5 7.013572
vt 0.5833333 7.013572
vt 0.6666667 7.013572
vt 0.75 7.013572
vt 0.8333333 7.013572
vt 0.9166667 7.013572
vt 1 7.013572
vt 0 7.146273
vt 0.08333334 7.146273
vt 0.1666667 7.146273
vt 0.25 7.146273
vt 0.3333333 7.146273
vt 0.4166667 7.146273
vt 0.5 7.146273
vt 0.5833333 7.146273
vt 0.6666667 7.146273
vt 0.75 7.146273
vt 0.8333333 7.146273
vt 0.9166667 7.146273
vt 1 7.146273
vt 0 7.274394
vt 0.08333334 7.274394
vt 0.1666667 7.274394
vt 0.25 7.274394
vt 0.3333333 7.274394
vt 0.4166667 7.274394
vt 0.5 7.274394
vt 0.5833333 7.274394
vt 0.6666667 7.274394
vt 0.75 7.274394
vt 0.8333333 7.274394
vt 0.9166667 7.274394
vt 1 7.274394
vt 0 7.40134
vt 0.08333334 7.40134
vt 0.1666667 7.40134
vt 0.25 7.40134
vt 0.3333333 7.40134
vt 0.4166667 7.40134
vt 0.5 7.40134
vt 0.5833333 7.40134
vt 0.6666667 7.40134
vt 0.75 7.40134
vt 0.8333333 7.40134
vt 0.9166667 7.40134
vt 1 7.40134
vt 0 7.530095
vt 0.08333334 7.530095
vt 0.1666667 7.530095
vt 0.25 7.530095
vt 0.3333333 7.530095
vt 0.4166667 7.530095
vt 0.5 7.530095
vt 0.5833333 7.530095
vt 0.6666667 7.530095
vt 0.75 7.530095
vt 0.8333333 7.530095
vt 0.9166667 7.530095
vt 1 7.530095
vt 0 7.662881
vt 0.08333334 7.662881
vt 0.1666667 7.662881
vt 0.25 7.662881
vt 0.3333333 7.662881
vt 0.4166667 7.662881
vt 0.5 7.662881
vt 0.5833333 7.662881
vt 0.6666667 7.662881
vt 0.75 7.662881
vt 0.8333333 7.662881
vt 0.9166667 7.662881
vt 1 7.662881
vt 0 7.800023
vt 0.08333334 7.800023
vt 0.1666667 7.800023
vt 0.25 7.800023
vt 0.3333333 7.800023
vt 0.4166667 7.800023
vt 0.5 7.800023
vt 0.5833333 7.800023
vt 0.6666667 7.800023
vt 0.75 7.800023
vt 0.8333333 7.800023
vt 0.9166667 7.800023
vt 1 7.800023
vt 0 7.941305
vt 0.08333334 7.941305
vt 0.1666667 7.941305
vt 0.25 7.941305
vt 0.3333333 7.941305
vt 0.4166667 7.941305
vt 0.5 7.941305
vt 0.5833333 7.941305
vt 0.6666667 7.941305
vt 0.75 7.941305
vt 0.8333333 7.941305
vt 0.9166667 7.941305
vt 1 7.941305
vt 0 8.086443
vt 0.08333334 8.086443
vt 0.1666667 8.086443
vt 0.25 8.086443
vt 0.3333333 8.086443
vt 0.4166667 8.086443
vt 0.5 8.086443
vt 0.5833333 8.086443
vt 0.6666667 8.086443
vt 0.75 8.086443
vt 0.8333333 8.086443
vt 0.9166667 8.086443
vt 1 8.086443
vt 0 8.235122
vt 0.08333334 8.235122
vt 0.1666667 8.235122
vt 0.25 8.235122
vt 0.3333333 8.235122
vt 0.4166667 8.235122
vt 0.5 8.235122
vt 0.5833333 8.235122
vt 0.6666667 8.235122
vt 0.75 8.235122
vt 0.8333333 8.235122
vt 0.9166667 8.235122
vt 1 8.235122
vt 0 8.387032
vt 0.08333334 8.387032
vt 0.1666667 8.387032
vt 0.25 8.387032
vt 0.3333333 8.387032
vt 0.4166667 8.387032
vt 0.5 8.387032
vt 0.5833333 8.387032
vt 0.6666667 8.387032
vt 0.75 8.387032
vt 0.8333333 8.387032
vt 0.9166667 8.387032
vt 1 8.387032
vt 0 8.541899
vt 0.08333334 8.541899
vt 0.1666667 8.541899
vt 0.25 8.541899
vt 0.3333333 8.541899
vt 0.4166667 8.541899
vt 0.5 8.541899
vt 0.5833333 8.541899
vt 0.6666667 8.541899
vt 0.75 8.541899
vt 0.8333333 8.541899
vt 0.9166667 8.541899
vt 1 8.541899
vt 0 8.69951
vt 0.08333334 8.69951
vt 0.1666667 8.69951
vt 0.25 8.69951
vt 0.3333333 8.69951
vt 0.4166667 8.69951
vt 0.5 8.69951
vt 0.5833333 8.69951
vt 0.6666667 8.69951
vt 0.75 8.69951
vt 0.8333333 8.69951
vt 0.9166667 8.69951
vt 1 8.69951
vt 0 8.859638
vt 0.08333334 8.859638
vt 0.1666667 8.859638
vt 0.25 8.859638
vt 0.3333333 8.859638
vt 0.4166667 8.859638
vt 0.5 8.859638
vt 0.5833333 8.859638
vt 0.6666667 8.859638
vt 0.75 8.859638
vt 0.8333333 8.859638
vt 0.9166667 8.859638
vt 1 8.859638
vt 0 9.021736
vt 0.08333334 9.021736
vt 0.1666667 9.021736
vt 0.25 9.021736
vt 0.3333333 9.021736
vt 0.4166667 9.021736
vt 0.5 9.021736
vt 0.5833333 9.021736
vt 0.6666667 9.021736
vt 0.75 9.021736
vt 0.8333333 9.021736
vt 0.9166667 9.021736
vt 1 9.021736
vt 0 9.185212
vt 0.08333334 9.185212
vt 0.1666667 9.185212
vt 0.25 9.185212
vt 0.3333333 9.185212
vt 0.4166667 9.185212
vt 0.5 9.185212
vt 0.5833333 9.185212
vt 0.6666667 9.185212
vt 0.75 9.185212
vt 0.8333333 9.185212
vt 0.9166667 9.185212
vt 1 9.185212
vt 0 9.349545
vt 0.08333334 9.349545
vt 0.1666667 9.349545
vt 0.25 9.349545
vt 0.3333333 9.349545
vt 0.4166667 9.349545
vt 0.5 9.349545
vt 0.5833333 9.349545
vt 0.6666667 9.349545
vt 0.75 9.349545
vt 0.8333333 9.349545
vt 0.9166667 9.349545
vt 1 9.349545
vt 0 9.514306
vt 0.08333334 9.514306
vt 0.1666667 9.514306
vt 0.25 9.514306
vt 0.3333333 9.514306
vt 0.4166667 9.514306
vt 0.5 9.514306
vt 0.5833333 9.514306
vt 0.6666667 9.514306
vt 0.75 9.514306
vt 0.8333333 9.514306
vt 0.9166667 9.514306
vt 1 9.514306
vt 0 9.679179
vt 0.08333334 9.679179
vt 0.1666667 9.679179
vt 0.25 9.679179
vt 0.3333333 9.679179
vt 0.4166667 9.679179
vt 0.5 9.679179
vt 0.5833333 9.679179
vt 0.6666667 9.679179
vt 0.75 9.679179
vt 0.8333333 9.679179
vt 0.9166667 9.679179
vt 1 9.679179
vt 0 9.843987
vt 0.08333334 9.843987
vt 0.1666667 9.843987
vt 0.25 9.843987
vt 0.3333333 9.843987
vt 0.4166667 9.843987
vt 0.5 9.843987
vt 0.5833333 9.843987
vt 0.6666667 9.843987
vt 0.75 9.843987
vt 0.8333333 9.843987
vt 0.9166667 9.843987
vt 1 9.843987
vt 0 10.00872
vt 0.08333334 10.00872
vt 0.1666667 10.00872
vt 0.25 10.00872
vt 0.3333333 10.00872
vt 0.4166667 10.00872
vt 0.5 10.00872
vt 0.5833333 10.00872
vt 0.6666667 10.00872
vt 0.75 10.00872
vt 0.8333333 10.00872
vt 0.9166667 10.00872
vt 1 10.00872
vt 0 10.17566
vt 0.08333334 10.17566
vt 0.1666667 10.17566
vt 0.25 10.17566
vt 0.3333333 10.17566
vt 0.4166667 10.17566
vt 0.5 10.17566
vt 0.5833333 10.17566
vt 0.6666667 10.17566
vt 0.75 10.17566
vt 0.8333333 10.17566
vt 0.9166667 10.17566
vt 1 10.17566
vt 0 10.26344
vt 0.08333334 10.26344
vt 0.1666667 10.26344
vt 0.25 10.26344
vt 0.3333333 10.26344
vt 0.4166667 10.26344
vt 0.5 10.26344
vt 0.5833333 10.26344
vt 0.6666667 10.26344
vt 0.75 10.26344
vt 0.8333333 10.26344
vt 0.9166667 10.26344
vt 1 10.26344
vt 0 10.35656
vt 0.08333334 10.35656
vt 0.1666667 10.35656
vt 0.25 10.35656
vt 0.3333333 10.35656
vt 0.4166667 10.35656
vt 0.5 10.35656
vt 0.5833333 10.35656
vt 0.6666667 10.35656
vt 0.75 10.35656
vt 0.8333333 10.35656
vt 0.9166667 10.35656
vt 1 10.35656
vt 0 10.56685
vt 0.08333334 10.56685
vt 0.1666667 10.56685
vt 0.25 10.56685
vt 0.3333333 10.56685
vt 0.4166667 10.56685
vt 0.5 10.56685
vt 0.5833333 10.56685
vt 0.6666667 10.56685
vt 0.75 10.56685
vt 0.8333333 10.56685
vt 0.9166667 10.56685
vt 1 10.56685
vt 0 10.82311
vt 0.08333334 10.82311
vt 0.1666667 10.82311
vt 0.25 10.82311
vt 0.3333333 10.82311
vt 0.4166667 10.82311
vt 0.5 10.82311
vt 0.5833333 10.82311
vt 0.6666667 10.82311
vt 0.75 10.82311
vt 0.8333333 10.82311
vt 0.9166667 10.82311
vt 1 10.82311
vt 0 11.1418
vt 0.08333334 11.1418
vt 0.1666667 11.1418
vt 0.25 11.1418
vt 0.3333333 11.1418
vt 0.4166667 11.1418
vt 0.5 11.1418
vt 0.5833333 11.1418
vt 0.6666667 11.1418
vt 0.75 11.1418
vt 0.8333333 11.1418
vt 0.9166667 11.1418
vt 1 11.1418
vt 0 11.53891
vt 0.08333334 11.53891
vt 0.1666667 11.53891
vt 0.25 11.53891
vt 0.3333333 11.53891
vt 0.4166667 11.53891
vt 0.5 11.53891
vt 0.5833333 11.53891
vt 0.6666667 11.53891
vt 0.75 11.53891
vt 0.8333333 11.53891
vt 0.9166667 11.53891
vt 1 11.53891
vt 0 12.03001
vt 0.08333334 12.03001
vt 0.1666667 12.03001
vt 0.25 12.03001
vt 0.3333333 12.03001
vt 0.4166667 12.03001
vt 0.5 12.03001
vt 0.5833333 12.03001
vt 0.6666667 12.03001
vt 0.75 12.03001
vt 0.8333333 12.03001
vt 0.9166667 12.03001
vt 1 12.03001
vt 0 12.31557
vt 0.08333334 12.31557
vt 0.1666667 12.31557
vt 0.25 12.31557
vt 0.3333333 12.31557
vt 0.4166667 12.31557
vt 0.5 12.31557
vt 0.5833333 12.31557
vt 0.6666667 12.31557
vt 0.75 12.31557
vt 0.8333333 12.31557
vt 0.9166667 12.31557
vt 1 12.31557
vt 0 12.63157
vt 0.08333334 12.63157
vt 0.1666667 12.63157
vt 0.25 12.63157
vt 0.3333333 12.63157
vt 0.4166667 12.63157
vt 0.5 12.63157
vt 0.5833333 12.63157
vt 0.6666667 12.63157
vt 0.75 12.63157
vt 0.8333333 12.63157
vt 0.9166667 12.63157
vt 1 12.63157
vt 0.75 12.63157
vt 0.75 12.63157
vt 0.25 12.63157
vt 0.25 12.63157
vt 0.25 12.63157
vt 0.25 12.63157
vt 0.25 12.63157
vt 0.25 12.63157
vt 0.75 12.63157
vt 0.75 12.63157
vt 0.75 12.63157
vt 0.75 12.63157
vt 0.6165311 12.63265
vt 0.5761874 12.63265
vt 0.5 12.63265
vt 0.4238126 12.63265
vt 0.3834689 12.63265
vt 0.3720391 12.63265
vt 0.3834689 12.63265
vt 0.4238126 12.63265
vt 0.5 12.63265
vt 0.5761874 12.63265
vt 0.6165311 12.63265
vt 0.6279609 12.63265
vt 0.5528911 12.63352
vt 0.5313029 12.63352
vt 0.5 12.63352
vt 0.4686971 12.63352
vt 0.4471088 12.63352
vt 0.4396443 12.63352
vt 0.4471089 12.63352
vt 0.4686971 12.63352
vt 0.5 12.63352
vt 0.5313029 12.63352
vt 0.5528911 12.63352
vt 0.5603557 12.63352
vt 0.5159757 12.634
vt 0.5092443 12.634
vt 0.5 12.634
vt 0.4907557 12.634
vt 0.4840243 12.634
vt 0.4815734 12.634
vt 0.4840243 12.634
vt 0.4907557 12.634
vt 0.5 12.634
vt 0.5092443 12.634
vt 0.5159757 12.634
vt 0.5184266 12.634
vt 0 12.63407

usemap Standard_FF301B
usemtl Standard_FF301B
f 2233/2233/2233 2232/2232/2232 2231/2231/2231 2230/2230/2230 
f 2235/2235/2235 2234/2234/2234 2233/2233/2233 2230/2230/2230 
f 2237/2237/2237 2236/2236/2236 2235/2235/2235 2230/2230/2230 
f 2239/2239/2239 2238/2238/2238 2237/2237/2237 2230/2230/2230 
f 2241/2241/2241 2240/2240/2240 2239/2239/2239 2230/2230/2230 
f 2231/2231/2231 2242/2242/2242 2241/2241/2241 2230/2230/2230 
f 2232/2232/2232 2244/2244/2244 2243/2243/2243 2231/2231/2231 
f 2233/2233/2233 2245/2245/2245 2244/2244/2244 2232/2232/2232 
f 2234/2234/2234 2246/2246/2246 2245/2245/2245 2233/2233/2233 
f 2235/2235/2235 2247/2247/2247 2246/2246/2246 2234/2234/2234 
f 2236/2236/2236 2248/2248/2248 2247/2247/2247 2235/2235/2235 
f 2237/2237/2237 2249/2249/2249 2248/2248/2248 2236/2236/2236 
f 2238/2238/2238 2250/2250/2250 2249/2249/2249 2237/2237/2237 
f 2239/2239/2239 2251/2251/2251 2250/2250/2250 2238/2238/2238 
f 2240/2240/2240 2252/2252/2252 2251/2251/2251 2239/2239/2239 
f 2241/2241/2241 2253/2253/2253 2252/2252/2252 2240/2240/2240 
f 2242/2242/2242 2254/2254/2254 2253/2253/2253 2241/2241/2241 
f 2231/2231/2231 2243/2243/2243 2254/2254/2254 2242/2242/2242 
f 2244/2244/2244 2256/2256/2256 2255/2255/2255 2243/2243/2243 
f 2245/2245/2245 2257/2257/2257 2256/2256/2256 2244/2244/2244 
f 2246/2246/2246 2258/2258/2258 2257/2257/2257 2245/2245/2245 
f 2247/2247/2247 2259/2259/2259 2258/2258/2258 2246/2246/2246 
f 2248/2248/2248 2260/2260/2260 2259/2259/2259 2247/2247/2247 
f 2249/2249/2249 2261/2261/2261 2260/2260/2260 2248/2248/2248 
f 2250/2250/2250 2262/2262/2262 2261/2261/2261 2249/2249/2249 
f 2251/2251/2251 2263/2263/2263 2262/2262/2262 2250/2250/2250 
f 2252/2252/2252 2264/2264/2264 2263/2263/2263 2251/2251/2251 
f 2253/2253/2253 2265/2265/2265 2264/2264/2264 2252/2252/2252 
f 2254/2254/2254 2266/2266/2266 2265/2265/2265 2253/2253/2253 
f 2243/2243/2243 2255/2255/2255 2266/2266/2266 2254/2254/2254 
f 2256/2256/2256 2268/2268/2268 2267/2267/2267 2255/2255/2255 
f 2257/2257/2257 2269/2269/2269 2268/2268/2268 2256/2256/2256 
f 2258/2258/2258 2270/2270/2270 2269/2269/2269 2257/2257/2257 
f 2259/2259/2259 2271/2271/2271 2270/2270/2270 2258/2258/2258 
f 2260/2260/2260 2272/2272/2272 2271/2271/2271 2259/2259/2259 
f 2261/2261/2261 2273/2273/2273 2272/2272/2272 2260/2260/2260 
f 2262/2262/2262 2274/2274/2274 2273/2273/2273 2261/2261/2261 
f 2263/2263/2263 2275/2275/2275 2274/2274/2274 2262/2262/2262 
f 2264/2264/2264 2276/2276/2276 2275/2275/2275 2263/2263/2263 
f 2265/2265/2265 2277/2277/2277 2276/2276/2276 2264/2264/2264 
f 2266/2266/2266 2278/2278/2278 2277/2277/2277 2265/2265/2265 
f 2255/2255/2255 2267/2267/2267 2278/2278/2278 2266/2266/2266 
f 2268/2268/2268 2280/2280/2280 2279/2279/2279 2267/2267/2267 
f 2269/2269/2269 2281/2281/2281 2280/2280/2280 2268/2268/2268 
f 2270/2270/2270 2282/2282/2282 2281/2281/2281 2269/2269/2269 
f 2271/2271/2271 2283/2283/2283 2282/2282/2282 2270/2270/2270 
f 2272/2272/2272 2284/2284/2284 2283/2283/2283 2271/2271/2271 
f 2273/2273/2273 2285/2285/2285 2284/2284/2284 2272/2272/2272 
f 2274/2274/2274 2286/2286/2286 2285/2285/2285 2273/2273/2273 
f 2275/2275/2275 2287/2287/2287 2286/2286/2286 2274/2274/2274 
f 2276/2276/2276 2288/2288/2288 2287/2287/2287 2275/2275/2275 
f 2277/2277/2277 2289/2289/2289 2288/2288/2288 2276/2276/2276 
f 2278/2278/2278 2290/2290/2290 2289/2289/2289 2277/2277/2277 
f 2267/2267/2267 2291/2291/2291 2290/2290/2290 2278/2278/2278 
f 2280/2280/2280 2293/2293/2293 2292/2292/2292 2279/2279/2279 
f 2281/2281/2281 2294/2294/2294 2293/2293/2293 2280/2280/2280 
f 2282/2282/2282 2295/2295/2295 2294/2294/2294 2281/2281/2281 
f 2283/2283/2283 2296/2296/2296 2295/2295/2295 2282/2282/2282 
f 2284/2284/2284 2297/2297/2297 2296/2296/2296 2283/2283/2283 
f 2285/2285/2285 2298/2298/2298 2297/2297/2297 2284/2284/2284 
f 2286/2286/2286 2299/2299/2299 2298/2298/2298 2285/2285/2285 
f 2287/2287/2287 2300/2300/2300 2299/2299/2299 2286/2286/2286 
f 2288/2288/2288 2301/2301/2301 2300/2300/2300 2287/2287/2287 
f 2289/2289/2289 2302/2302/2302 2301/2301/2301 2288/2288/2288 
f 2290/2290/2290 2303/2303/2303 2302/2302/2302 2289/2289/2289 
f 2291/2291/2291 2304/2304/2304 2303/2303/2303 2290/2290/2290 
f 2293/2293/2293 2306/2306/2306 2305/2305/2305 2292/2292/2292 
f 2294/2294/2294 2307/2307/2307 2306/2306/2306 2293/2293/2293 
f 2295/2295/2295 2308/2308/2308 2307/2307/2307 2294/2294/2294 
f 2296/2296/2296 2309/2309/2309 2308/2308/2308 2295/2295/2295 
f 2297/2297/2297 2310/2310/2310 2309/2309/2309 2296/2296/2296 
f 2298/2298/2298 2311/2311/2311 2310/2310/2310 2297/2297/2297 
f 2299/2299/2299 2312/2312/2312 2311/2311/2311 2298/2298/2298 
f 2300/2300/2300 2313/2313/2313 2312/2312/2312 2299/2299/2299 
f 2301/2301/2301 2314/2314/2314 2313/2313/2313 2300/2300/2300 
f 2302/2302/2302 2315/2315/2315 2314/2314/2314 2301/2301/2301 
f 2303/2303/2303 2316/2316/2316 2315/2315/2315 2302/2302/2302 
f 2304/2304/2304 2317/2317/2317 2316/2316/2316 2303/2303/2303 
f 2306/2306/2306 2319/2319/2319 2318/2318/2318 2305/2305/2305 
f 2307/2307/2307 2320/2320/2320 2319/2319/2319 2306/2306/2306 
f 2308/2308/2308 2321/2321/2321 2320/2320/2320 2307/2307/2307 
f 2309/2309/2309 2322/2322/2322 2321/2321/2321 2308/2308/2308 
f 2310/2310/2310 2323/2323/2323 2322/2322/2322 2309/2309/2309 
f 2311/2311/2311 2324/2324/2324 2323/2323/2323 2310/2310/2310 
f 2312/2312/2312 2325/2325/2325 2324/2324/2324 2311/2311/2311 
f 2313/2313/2313 2326/2326/2326 2325/2325/2325 2312/2312/2312 
f 2314/2314/2314 2327/2327/2327 2326/2326/2326 2313/2313/2313 
f 2315/2315/2315 2328/2328/2328 2327/2327/2327 2314/2314/2314 
f 2316/2316/2316 2329/2329/2329 2328/2328/2328 2315/2315/2315 
f 2317/2317/2317 2330/2330/2330 2329/2329/2329 2316/2316/2316 
f 2319/2319/2319 2332/2332/2332 2331/2331/2331 2318/2318/2318 
f 2320/2320/2320 2333/2333/2333 2332/2332/2332 2319/2319/2319 
f 2321/2321/2321 2334/2334/2334 2333/2333/2333 2320/2320/2320 
f 2322/2322/2322 2335/2335/2335 2334/2334/2334 2321/2321/2321 
f 2323/2323/2323 2336/2336/2336 2335/2335/2335 2322/2322/2322 
f 2324/2324/2324 2337/2337/2337 2336/2336/2336 2323/2323/2323 
f 2325/2325/2325 2338/2338/2338 2337/2337/2337 2324/2324/2324 
f 2326/2326/2326 2339/2339/2339 2338/2338/2338 2325/2325/2325 
f 2327/2327/2327 2340/2340/2340 2339/2339/2339 2326/2326/2326 
f 2328/2328/2328 2341/2341/2341 2340/2340/2340 2327/2327/2327 
f 2329/2329/2329 2342/2342/2342 2341/2341/2341 2328/2328/2328 
f 2330/2330/2330 2343/2343/2343 2342/2342/2342 2329/2329/2329 
f 2332/2332/2332 2345/2345/2345 2344/2344/2344 2331/2331/2331 
f 2333/2333/2333 2346/2346/2346 2345/2345/2345 2332/2332/2332 
f 2334/2334/2334 2347/2347/2347 2346/2346/2346 2333/2333/2333 
f 2335/2335/2335 2348/2348/2348 2347/2347/2347 2334/2334/2334 
f 2336/2336/2336 2349/2349/2349 2348/2348/2348 2335/2335/2335 
f 2337/2337/2337 2350/2350/2350 2349/2349/2349 2336/2336/2336 
f 2338/2338/2338 2351/2351/2351 2350/2350/2350 2337/2337/2337 
f 2339/2339/2339 2352/2352/2352 2351/2351/2351 2338/2338/2338 
f 2340/2340/2340 2353/2353/2353 2352/2352/2352 2339/2339/2339 
f 2341/2341/2341 2354/2354/2354 2353/2353/2353 2340/2340/2340 
f 2342/2342/2342 2355/2355/2355 2354/2354/2354 2341/2341/2341 
f 2343/2343/2343 2356/2356/2356 2355/2355/2355 2342/2342/2342 
f 2345/2345/2345 2358/2358/2358 2357/2357/2357 2344/2344/2344 
f 2346/2346/2346 2359/2359/2359 2358/2358/2358 2345/2345/2345 
f 2347/2347/2347 2360/2360/2360 2359/2359/2359 2346/2346/2346 
f 2348/2348/2348 2361/2361/2361 2360/2360/2360 2347/2347/2347 
f 2349/2349/2349 2362/2362/2362 2361/2361/2361 2348/2348/2348 
f 2350/2350/2350 2363/2363/2363 2362/2362/2362 2349/2349/2349 
f 2351/2351/2351 2364/2364/2364 2363/2363/2363 2350/2350/2350 
f 2352/2352/2352 2365/2365/2365 2364/2364/2364 2351/2351/2351 
f 2353/2353/2353 2366/2366/2366 2365/2365/2365 2352/2352/2352 
f 2354/2354/2354 2367/2367/2367 2366/2366/2366 2353/2353/2353 
f 2355/2355/2355 2368/2368/2368 2367/2367/2367 2354/2354/2354 
f 2356/2356/2356 2369/2369/2369 2368/2368/2368 2355/2355/2355 
f 2358/2358/2358 2371/2371/2371 2370/2370/2370 2357/2357/2357 
f 2359/2359/2359 2372/2372/2372 2371/2371/2371 2358/2358/2358 
f 2360/2360/2360 2373/2373/2373 2372/2372/2372 2359/2359/2359 
f 2361/2361/2361 2374/2374/2374 2373/2373/2373 2360/2360/2360 
f 2362/2362/2362 2375/2375/2375 2374/2374/2374 2361/2361/2361 
f 2363/2363/2363 2376/2376/2376 2375/2375/2375 2362/2362/2362 
f 2364/2364/2364 2377/2377/2377 2376/2376/2376 2363/2363/2363 
f 2365/2365/2365 2378/2378/2378 2377/2377/2377 2364/2364/2364 
f 2366/2366/2366 2379/2379/2379 2378/2378/2378 2365/2365/2365 
f 2367/2367/2367 2380/2380/2380 2379/2379/2379 2366/2366/2366 
f 2368/2368/2368 2381/2381/2381 2380/2380/2380 2367/2367/2367 
f 2369/2369/2369 2382/2382/2382 2381/2381/2381 2368/2368/2368 
f 2371/2371/2371 2384/2384/2384 2383/2383/2383 2370/2370/2370 
f 2372/2372/2372 2385/2385/2385 2384/2384/2384 2371/2371/2371 
f 2373/2373/2373 2386/2386/2386 2385/2385/2385 2372/2372/2372 
f 2374/2374/2374 2387/2387/2387 2386/2386/2386 2373/2373/2373 
f 2375/2375/2375 2388/2388/2388 2387/2387/2387 2374/2374/2374 
f 2376/2376/2376 2389/2389/2389 2388/2388/2388 2375/2375/2375 
f 2377/2377/2377 2390/2390/2390 2389/2389/2389 2376/2376/2376 
f 2378/2378/2378 2391/2391/2391 2390/2390/2390 2377/2377/2377 
f 2379/2379/2379 2392/2392/2392 2391/2391/2391 2378/2378/2378 
f 2380/2380/2380 2393/2393/2393 2392/2392/2392 2379/2379/2379 
f 2381/2381/2381 2394/2394/2394 2393/2393/2393 2380/2380/2380 
f 2382/2382/2382 2395/2395/2395 2394/2394/2394 2381/2381/2381 
f 2384/2384/2384 2397/2397/2397 2396/2396/2396 2383/2383/2383 
f 2385/2385/2385 2398/2398/2398 2397/2397/2397 2384/2384/2384 
f 2386/2386/2386 2399/2399/2399 2398/2398/2398 2385/2385/2385 
f 2387/2387/2387 2400/2400/2400 2399/2399/2399 2386/2386/2386 
f 2388/2388/2388 2401/2401/2401 2400/2400/2400 2387/2387/2387 
f 2389/2389/2389 2402/2402/2402 2401/2401/2401 2388/2388/2388 
f 2390/2390/2390 2403/2403/2403 2402/2402/2402 2389/2389/2389 
f 2391/2391/2391 2404/2404/2404 2403/2403/2403 2390/2390/2390 
f 2392/2392/2392 2405/2405/2405 2404/2404/2404 2391/2391/2391 
f 2393/2393/2393 2406/2406/2406 2405/2405/2405 2392/2392/2392 
f 2394/2394/2394 2407/2407/2407 2406/2406/2406 2393/2393/2393 
f 2395/2395/2395 2408/2408/2408 2407/2407/2407 2394/2394/2394 
f 2397/2397/2397 2410/2410/2410 2409/2409/2409 2396/2396/2396 
f 2398/2398/2398 2411/2411/2411 2410/2410/2410 2397/2397/2397 
f 2399/2399/2399 2412/2412/2412 2411/2411/2411 2398/2398/2398 
f 2400/2400/2400 2413/2413/2413 2412/2412/2412 2399/2399/2399 
f 2401/2401/2401 2414/2414/2414 2413/2413/2413 2400/2400/2400 
f 2402/2402/2402 2415/2415/2415 2414/2414/2414 2401/2401/2401 
f 2403/2403/2403 2416/2416/2416 2415/2415/2415 2402/2402/2402 
f 2404/2404/2404 2417/2417/2417 2416/2416/2416 2403/2403/2403 
f 2405/2405/2405 2418/2418/2418 2417/2417/2417 2404/2404/2404 
f 2406/2406/2406 2419/2419/2419 2418/2418/2418 2405/2405/2405 
f 2407/2407/2407 2420/2420/2420 2419/2419/2419 2406/2406/2406 
f 2408/2408/2408 2421/2421/2421 2420/2420/2420 2407/2407/2407 
f 2410/2410/2410 2423/2423/2423 2422/2422/2422 2409/2409/2409 
f 2411/2411/2411 2424/2424/2424 2423/2423/2423 2410/2410/2410 
f 2412/2412/2412 2425/2425/2425 2424/2424/2424 2411/2411/2411 
f 2413/2413/2413 2426/2426/2426 2425/2425/2425 2412/2412/2412 
f 2414/2414/2414 2427/2427/2427 2426/2426/2426 2413/2413/2413 
f 2415/2415/2415 2428/2428/2428 2427/2427/2427 2414/2414/2414 
f 2416/2416/2416 2429/2429/2429 2428/2428/2428 2415/2415/2415 
f 2417/2417/2417 2430/2430/2430 2429/2429/2429 2416/2416/2416 
f 2418/2418/2418 2431/2431/2431 2430/2430/2430 2417/2417/2417 
f 2419/2419/2419 2432/2432/2432 2431/2431/2431 2418/2418/2418 
f 2420/2420/2420 2433/2433/2433 2432/2432/2432 2419/2419/2419 
f 2421/2421/2421 2434/2434/2434 2433/2433/2433 2420/2420/2420 
f 2423/2423/2423 2436/2436/2436 2435/2435/2435 2422/2422/2422 
f 2424/2424/2424 2437/2437/2437 2436/2436/2436 2423/2423/2423 
f 2425/2425/2425 2438/2438/2438 2437/2437/2437 2424/2424/2424 
f 2426/2426/2426 2439/2439/2439 2438/2438/2438 2425/2425/2425 
f 2427/2427/2427 2440/2440/2440 2439/2439/2439 2426/2426/2426 
f 2428/2428/2428 2441/2441/2441 2440/2440/2440 2427/2427/2427 
f 2429/2429/2429 2442/2442/2442 2441/2441/2441 2428/2428/2428 
f 2430/2430/2430 2443/2443/2443 2442/2442/2442 2429/2429/2429 
f 2431/2431/2431 2444/2444/2444 2443/2443/2443 2430/2430/2430 
f 2432/2432/2432 2445/2445/2445 2444/2444/2444 2431/2431/2431 
f 2433/2433/2433 2446/2446/2446 2445/2445/2445 2432/2432/2432 
f 2434/2434/2434 2447/2447/2447 2446/2446/2446 2433/2433/2433 
f 2436/2436/2436 2449/2449/2449 2448/2448/2448 2435/2435/2435 
f 2437/2437/2437 2450/2450/2450 2449/2449/2449 2436/2436/2436 
f 2438/2438/2438 2451/2451/2451 2450/2450/2450 2437/2437/2437 
f 2439/2439/2439 2452/2452/2452 2451/2451/2451 2438/2438/2438 
f 2440/2440/2440 2453/2453/2453 2452/2452/2452 2439/2439/2439 
f 2441/2441/2441 2454/2454/2454 2453/2453/2453 2440/2440/2440 
f 2442/2442/2442 2455/2455/2455 2454/2454/2454 2441/2441/2441 
f 2443/2443/2443 2456/2456/2456 2455/2455/2455 2442/2442/2442 
f 2444/2444/2444 2457/2457/2457 2456/2456/2456 2443/2443/2443 
f 2445/2445/2445 2458/2458/2458 2457/2457/2457 2444/2444/2444 
f 2446/2446/2446 2459/2459/2459 2458/2458/2458 2445/2445/2445 
f 2447/2447/2447 2460/2460/2460 2459/2459/2459 2446/2446/2446 
f 2449/2449/2449 2462/2462/2462 2461/2461/2461 2448/2448/2448 
f 2450/2450/2450 2463/2463/2463 2462/2462/2462 2449/2449/2449 
f 2451/2451/2451 2464/2464/2464 2463/2463/2463 2450/2450/2450 
f 2452/2452/2452 2465/2465/2465 2464/2464/2464 2451/2451/2451 
f 2453/2453/2453 2466/2466/2466 2465/2465/2465 2452/2452/2452 
f 2454/2454/2454 2467/2467/2467 2466/2466/2466 2453/2453/2453 
f 2455/2455/2455 2468/2468/2468 2467/2467/2467 2454/2454/2454 
f 2456/2456/2456 2469/2469/2469 2468/2468/2468 2455/2455/2455 
f 2457/2457/2457 2470/2470/2470 2469/2469/2469 2456/2456/2456 
f 2458/2458/2458 2471/2471/2471 2470/2470/2470 2457/2457/2457 
f 2459/2459/2459 2472/2472/2472 2471/2471/2471 2458/2458/2458 
f 2460/2460/2460 2473/2473/2473 2472/2472/2472 2459/2459/2459 
f 2462/2462/2462 2475/2475/2475 2474/2474/2474 2461/2461/2461 
f 2463/2463/2463 2476/2476/2476 2475/2475/2475 2462/2462/2462 
f 2464/2464/2464 2477/2477/2477 2476/2476/2476 2463/2463/2463 
f 2465/2465/2465 2478/2478/2478 2477/2477/2477 2464/2464/2464 
f 2466/2466/2466 2479/2479/2479 2478/2478/2478 2465/2465/2465 
f 2467/2467/2467 2480/2480/2480 2479/2479/2479 2466/2466/2466 
f 2468/2468/2468 2481/2481/2481 2480/2480/2480 2467/2467/2467 
f 2469/2469/2469 2482/2482/2482 2481/2481/2481 2468/2468/2468 
f 2470/2470/2470 2483/2483/2483 2482/2482/2482 2469/2469/2469 
f 2471/2471/2471 2484/2484/2484 2483/2483/2483 2470/2470/2470 
f 2472/2472/2472 2485/2485/2485 2484/2484/2484 2471/2471/2471 
f 2473/2473/2473 2486/2486/2486 2485/2485/2485 2472/2472/2472 
f 2475/2475/2475 2488/2488/2488 2487/2487/2487 2474/2474/2474 
f 2476/2476/2476 2489/2489/2489 2488/2488/2488 2475/2475/2475 
f 2477/2477/2477 2490/2490/2490 2489/2489/2489 2476/2476/2476 
f 2478/2478/2478 2491/2491/2491 2490/2490/2490 2477/2477/2477 
f 2479/2479/2479 2492/2492/2492 2491/2491/2491 2478/2478/2478 
f 2480/2480/2480 2493/2493/2493 2492/2492/2492 2479/2479/2479 
f 2481/2481/2481 2494/2494/2494 2493/2493/2493 2480/2480/2480 
f 2482/2482/2482 2495/2495/2495 2494/2494/2494 2481/2481/2481 
f 2483/2483/2483 2496/2496/2496 2495/2495/2495 2482/2482/2482 
f 2484/2484/2484 2497/2497/2497 2496/2496/2496 2483/2483/2483 
f 2485/2485/2485 2498/2498/2498 2497/2497/2497 2484/2484/2484 
f 2486/2486/2486 2499/2499/2499 2498/2498/2498 2485/2485/2485 
f 2488/2488/2488 2501/2501/2501 2500/2500/2500 2487/2487/2487 
f 2489/2489/2489 2502/2502/2502 2501/2501/2501 2488/2488/2488 
f 2490/2490/2490 2503/2503/2503 2502/2502/2502 2489/2489/2489 
f 2491/2491/2491 2504/2504/2504 2503/2503/2503 2490/2490/2490 
f 2492/2492/2492 2505/2505/2505 2504/2504/2504 2491/2491/2491 
f 2493/2493/2493 2506/2506/2506 2505/2505/2505 2492/2492/2492 
f 2494/2494/2494 2507/2507/2507 2506/2506/2506 2493/2493/2493 
f 2495/2495/2495 2508/2508/2508 2507/2507/2507 2494/2494/2494 
f 2496/2496/2496 2509/2509/2509 2508/2508/2508 2495/2495/2495 
f 2497/2497/2497 2510/2510/2510 2509/2509/2509 2496/2496/2496 
f 2498/2498/2498 2511/2511/2511 2510/2510/2510 2497/2497/2497 
f 2499/2499/2499 2512/2512/2512 2511/2511/2511 2498/2498/2498 
f 2501/2501/2501 2514/2514/2514 2513/2513/2513 2500/2500/2500 
f 2502/2502/2502 2515/2515/2515 2514/2514/2514 2501/2501/2501 
f 2503/2503/2503 2516/2516/2516 2515/2515/2515 2502/2502/2502 
f 2504/2504/2504 2517/2517/2517 2516/2516/2516 2503/2503/2503 
f 2505/2505/2505 2518/2518/2518 2517/2517/2517 2504/2504/2504 
f 2506/2506/2506 2519/2519/2519 2518/2518/2518 2505/2505/2505 
f 2507/2507/2507 2520/2520/2520 2519/2519/2519 2506/2506/2506 
f 2508/2508/2508 2521/2521/2521 2520/2520/2520 2507/2507/2507 
f 2509/2509/2509 2522/2522/2522 2521/2521/2521 2508/2508/2508 
f 2510/2510/2510 2523/2523/2523 2522/2522/2522 2509/2509/2509 
f 2511/2511/2511 2524/2524/2524 2523/2523/2523 2510/2510/2510 
f 2512/2512/2512 2525/2525/2525 2524/2524/2524 2511/2511/2511 
f 2514/2514/2514 2527/2527/2527 2526/2526/2526 2513/2513/2513 
f 2515/2515/2515 2528/2528/2528 2527/2527/2527 2514/2514/2514 
f 2516/2516/2516 2529/2529/2529 2528/2528/2528 2515/2515/2515 
f 2517/2517/2517 2530/2530/2530 2529/2529/2529 2516/2516/2516 
f 2518/2518/2518 2531/2531/2531 2530/2530/2530 2517/2517/2517 
f 2519/2519/2519 2532/2532/2532 2531/2531/2531 2518/2518/2518 
f 2520/2520/2520 2533/2533/2533 2532/2532/2532 2519/2519/2519 
f 2521/2521/2521 2534/2534/2534 2533/2533/2533 2520/2520/2520 
f 2522/2522/2522 2535/2535/2535 2534/2534/2534 2521/2521/2521 
f 2523/2523/2523 2536/2536/2536 2535/2535/2535 2522/2522/2522 
f 2524/2524/2524 2537/2537/2537 2536/2536/2536 2523/2523/2523 
f 2525/2525/2525 2538/2538/2538 2537/2537/2537 2524/2524/2524 
f 2527/2527/2527 2540/2540/2540 2539/2539/2539 2526/2526/2526 
f 2528/2528/2528 2541/2541/2541 2540/2540/2540 2527/2527/2527 
f 2529/2529/2529 2542/2542/2542 2541/2541/2541 2528/2528/2528 
f 2530/2530/2530 2543/2543/2543 2542/2542/2542 2529/2529/2529 
f 2531/2531/2531 2544/2544/2544 2543/2543/2543 2530/2530/2530 
f 2532/2532/2532 2545/2545/2545 2544/2544/2544 2531/2531/2531 
f 2533/2533/2533 2546/2546/2546 2545/2545/2545 2532/2532/2532 
f 2534/2534/2534 2547/2547/2547 2546/2546/2546 2533/2533/2533 
f 2535/2535/2535 2548/2548/2548 2547/2547/2547 2534/2534/2534 
f 2536/2536/2536 2549/2549/2549 2548/2548/2548 2535/2535/2535 
f 2537/2537/2537 2550/2550/2550 2549/2549/2549 2536/2536/2536 
f 2538/2538/2538 2551/2551/2551 2550/2550/2550 2537/2537/2537 
f 2540/2540/2540 2553/2553/2553 2552/2552/2552 2539/2539/2539 
f 2541/2541/2541 2554/2554/2554 2553/2553/2553 2540/2540/2540 
f 2542/2542/2542 2555/2555/2555 2554/2554/2554 2541/2541/2541 
f 2543/2543/2543 2556/2556/2556 2555/2555/2555 2542/2542/2542 
f 2544/2544/2544 2557/2557/2557 2556/2556/2556 2543/2543/2543 
f 2545/2545/2545 2558/2558/2558 2557/2557/2557 2544/2544/2544 
f 2546/2546/2546 2559/2559/2559 2558/2558/2558 2545/2545/2545 
f 2547/2547/2547 2560/2560/2560 2559/2559/2559 2546/2546/2546 
f 2548/2548/2548 2561/2561/2561 2560/2560/2560 2547/2547/2547 
f 2549/2549/2549 2562/2562/2562 2561/2561/2561 2548/2548/2548 
f 2550/2550/2550 2563/2563/2563 2562/2562/2562 2549/2549/2549 
f 2551/2551/2551 2564/2564/2564 2563/2563/2563 2550/2550/2550 
f 2553/2553/2553 2566/2566/2566 2565/2565/2565 2552/2552/2552 
f 2554/2554/2554 2567/2567/2567 2566/2566/2566 2553/2553/2553 
f 2555/2555/2555 2568/2568/2568 2567/2567/2567 2554/2554/2554 
f 2556/2556/2556 2569/2569/2569 2568/2568/2568 2555/2555/2555 
f 2557/2557/2557 2570/2570/2570 2569/2569/2569 2556/2556/2556 
f 2558/2558/2558 2571/2571/2571 2570/2570/2570 2557/2557/2557 
f 2559/2559/2559 2572/2572/2572 2571/2571/2571 2558/2558/2558 
f 2560/2560/2560 2573/2573/2573 2572/2572/2572 2559/2559/2559 
f 2561/2561/2561 2574/2574/2574 2573/2573/2573 2560/2560/2560 
f 2562/2562/2562 2575/2575/2575 2574/2574/2574 2561/2561/2561 
f 2563/2563/2563 2576/2576/2576 2575/2575/2575 2562/2562/2562 
f 2564/2564/2564 2577/2577/2577 2576/2576/2576 2563/2563/2563 
f 2566/2566/2566 2579/2579/2579 2578/2578/2578 2565/2565/2565 
f 2567/2567/2567 2580/2580/2580 2579/2579/2579 2566/2566/2566 
f 2568/2568/2568 2581/2581/2581 2580/2580/2580 2567/2567/2567 
f 2569/2569/2569 2582/2582/2582 2581/2581/2581 2568/2568/2568 
f 2570/2570/2570 2583/2583/2583 2582/2582/2582 2569/2569/2569 
f 2571/2571/2571 2584/2584/2584 2583/2583/2583 2570/2570/2570 
f 2572/2572/2572 2585/2585/2585 2584/2584/2584 2571/2571/2571 
f 2573/2573/2573 2586/2586/2586 2585/2585/2585 2572/2572/2572 
f 2574/2574/2574 2587/2587/2587 2586/2586/2586 2573/2573/2573 
f 2575/2575/2575 2588/2588/2588 2587/2587/2587 2574/2574/2574 
f 2576/2576/2576 2589/2589/2589 2588/2588/2588 2575/2575/2575 
f 2577/2577/2577 2590/2590/2590 2589/2589/2589 2576/2576/2576 
f 2579/2579/2579 2592/2592/2592 2591/2591/2591 2578/2578/2578 
f 2580/2580/2580 2593/2593/2593 2592/2592/2592 2579/2579/2579 
f 2581/2581/2581 2594/2594/2594 2593/2593/2593 2580/2580/2580 
f 2582/2582/2582 2595/2595/2595 2594/2594/2594 2581/2581/2581 
f 2583/2583/2583 2596/2596/2596 2595/2595/2595 2582/2582/2582 
f 2584/2584/2584 2597/2597/2597 2596/2596/2596 2583/2583/2583 
f 2585/2585/2585 2598/2598/2598 2597/2597/2597 2584/2584/2584 
f 2586/2586/2586 2599/2599/2599 2598/2598/2598 2585/2585/2585 
f 2587/2587/2587 2600/2600/2600 2599/2599/2599 2586/2586/2586 
f 2588/2588/2588 2601/2601/2601 2600/2600/2600 2587/2587/2587 
f 2589/2589/2589 2602/2602/2602 2601/2601/2601 2588/2588/2588 
f 2590/2590/2590 2603/2603/2603 2602/2602/2602 2589/2589/2589 
f 2592/2592/2592 2605/2605/2605 2604/2604/2604 2591/2591/2591 
f 2593/2593/2593 2606/2606/2606 2605/2605/2605 2592/2592/2592 
f 2594/2594/2594 2607/2607/2607 2606/2606/2606 2593/2593/2593 
f 2595/2595/2595 2608/2608/2608 2607/2607/2607 2594/2594/2594 
f 2596/2596/2596 2609/2609/2609 2608/2608/2608 2595/2595/2595 
f 2597/2597/2597 2610/2610/2610 2609/2609/2609 2596/2596/2596 
f 2598/2598/2598 2611/2611/2611 2610/2610/2610 2597/2597/2597 
f 2599/2599/2599 2612/2612/2612 2611/2611/2611 2598/2598/2598 
f 2600/2600/2600 2613/2613/2613 2612/2612/2612 2599/2599/2599 
f 2601/2601/2601 2614/2614/2614 2613/2613/2613 2600/2600/2600 
f 2602/2602/2602 2615/2615/2615 2614/2614/2614 2601/2601/2601 
f 2603/2603/2603 2616/2616/2616 2615/2615/2615 2602/2602/2602 
f 2605/2605/2605 2618/2618/2618 2617/2617/2617 2604/2604/2604 
f 2606/2606/2606 2619/2619/2619 2618/2618/2618 2605/2605/2605 
f 2607/2607/2607 2620/2620/2620 2619/2619/2619 2606/2606/2606 
f 2608/2608/2608 2621/2621/2621 2620/2620/2620 2607/2607/2607 
f 2609/2609/2609 2622/2622/2622 2621/2621/2621 2608/2608/2608 
f 2610/2610/2610 2623/2623/2623 2622/2622/2622 2609/2609/2609 
f 2611/2611/2611 2624/2624/2624 2623/2623/2623 2610/2610/2610 
f 2612/2612/2612 2625/2625/2625 2624/2624/2624 2611/2611/2611 
f 2613/2613/2613 2626/2626/2626 2625/2625/2625 2612/2612/2612 
f 2614/2614/2614 2627/2627/2627 2626/2626/2626 2613/2613/2613 
f 2615/2615/2615 2628/2628/2628 2627/2627/2627 2614/2614/2614 
f 2616/2616/2616 2629/2629/2629 2628/2628/2628 2615/2615/2615 
f 2618/2618/2618 2631/2631/2631 2630/2630/2630 2617/2617/2617 
f 2619/2619/2619 2632/2632/2632 2631/2631/2631 2618/2618/2618 
f 2620/2620/2620 2633/2633/2633 2632/2632/2632 2619/2619/2619 
f 2621/2621/2621 2634/2634/2634 2633/2633/2633 2620/2620/2620 
f 2622/2622/2622 2635/2635/2635 2634/2634/2634 2621/2621/2621 
f 2623/2623/2623 2636/2636/2636 2635/2635/2635 2622/2622/2622 
f 2624/2624/2624 2637/2637/2637 2636/2636/2636 2623/2623/2623 
f 2625/2625/2625 2638/2638/2638 2637/2637/2637 2624/2624/2624 
f 2626/2626/2626 2639/2639/2639 2638/2638/2638 2625/2625/2625 
f 2627/2627/2627 2640/2640/2640 2639/2639/2639 2626/2626/2626 
f 2628/2628/2628 2641/2641/2641 2640/2640/2640 2627/2627/2627 
f 2629/2629/2629 2642/2642/2642 2641/2641/2641 2628/2628/2628 
f 2631/2631/2631 2644/2644/2644 2643/2643/2643 2630/2630/2630 
f 2632/2632/2632 2645/2645/2645 2644/2644/2644 2631/2631/2631 
f 2633/2633/2633 2646/2646/2646 2645/2645/2645 2632/2632/2632 
f 2634/2634/2634 2647/2647/2647 2646/2646/2646 2633/2633/2633 
f 2635/2635/2635 2648/2648/2648 2647/2647/2647 2634/2634/2634 
f 2636/2636/2636 2649/2649/2649 2648/2648/2648 2635/2635/2635 
f 2637/2637/2637 2650/2650/2650 2649/2649/2649 2636/2636/2636 
f 2638/2638/2638 2651/2651/2651 2650/2650/2650 2637/2637/2637 
f 2639/2639/2639 2652/2652/2652 2651/2651/2651 2638/2638/2638 
f 2640/2640/2640 2653/2653/2653 2652/2652/2652 2639/2639/2639 
f 2641/2641/2641 2654/2654/2654 2653/2653/2653 2640/2640/2640 
f 2642/2642/2642 2655/2655/2655 2654/2654/2654 2641/2641/2641 
f 2644/2644/2644 2657/2657/2657 2656/2656/2656 2643/2643/2643 
f 2645/2645/2645 2658/2658/2658 2657/2657/2657 2644/2644/2644 
f 2646/2646/2646 2659/2659/2659 2658/2658/2658 2645/2645/2645 
f 2647/2647/2647 2660/2660/2660 2659/2659/2659 2646/2646/2646 
f 2648/2648/2648 2661/2661/2661 2660/2660/2660 2647/2647/2647 
f 2649/2649/2649 2662/2662/2662 2661/2661/2661 2648/2648/2648 
f 2650/2650/2650 2663/2663/2663 2662/2662/2662 2649/2649/2649 
f 2651/2651/2651 2664/2664/2664 2663/2663/2663 2650/2650/2650 
f 2652/2652/2652 2665/2665/2665 2664/2664/2664 2651/2651/2651 
f 2653/2653/2653 2666/2666/2666 2665/2665/2665 2652/2652/2652 
f 2654/2654/2654 2667/2667/2667 2666/2666/2666 2653/2653/2653 
f 2655/2655/2655 2668/2668/2668 2667/2667/2667 2654/2654/2654 
f 2657/2657/2657 2670/2670/2670 2669/2669/2669 2656/2656/2656 
f 2658/2658/2658 2671/2671/2671 2670/2670/2670 2657/2657/2657 
f 2659/2659/2659 2672/2672/2672 2671/2671/2671 2658/2658/2658 
f 2660/2660/2660 2673/2673/2673 2672/2672/2672 2659/2659/2659 
f 2661/2661/2661 2674/2674/2674 2673/2673/2673 2660/2660/2660 
f 2662/2662/2662 2675/2675/2675 2674/2674/2674 2661/2661/2661 
f 2663/2663/2663 2676/2676/2676 2675/2675/2675 2662/2662/2662 
f 2664/2664/2664 2677/2677/2677 2676/2676/2676 2663/2663/2663 
f 2665/2665/2665 2678/2678/2678 2677/2677/2677 2664/2664/2664 
f 2666/2666/2666 2679/2679/2679 2678/2678/2678 2665/2665/2665 
f 2667/2667/2667 2680/2680/2680 2679/2679/2679 2666/2666/2666 
f 2668/2668/2668 2681/2681/2681 2680/2680/2680 2667/2667/2667 
f 2670/2670/2670 2683/2683/2683 2682/2682/2682 2669/2669/2669 
f 2671/2671/2671 2684/2684/2684 2683/2683/2683 2670/2670/2670 
f 2672/2672/2672 2685/2685/2685 2684/2684/2684 2671/2671/2671 
f 2673/2673/2673 2686/2686/2686 2685/2685/2685 2672/2672/2672 
f 2674/2674/2674 2687/2687/2687 2686/2686/2686 2673/2673/2673 
f 2675/2675/2675 2688/2688/2688 2687/2687/2687 2674/2674/2674 
f 2676/2676/2676 2689/2689/2689 2688/2688/2688 2675/2675/2675 
f 2677/2677/2677 2690/2690/2690 2689/2689/2689 2676/2676/2676 
f 2678/2678/2678 2691/2691/2691 2690/2690/2690 2677/2677/2677 
f 2679/2679/2679 2692/2692/2692 2691/2691/2691 2678/2678/2678 
f 2680/2680/2680 2693/2693/2693 2692/2692/2692 2679/2679/2679 
f 2681/2681/2681 2694/2694/2694 2693/2693/2693 2680/2680/2680 
f 2683/2683/2683 2696/2696/2696 2695/2695/2695 2682/2682/2682 
f 2684/2684/2684 2697/2697/2697 2696/2696/2696 2683/2683/2683 
f 2685/2685/2685 2698/2698/2698 2697/2697/2697 2684/2684/2684 
f 2686/2686/2686 2699/2699/2699 2698/2698/2698 2685/2685/2685 
f 2687/2687/2687 2700/2700/2700 2699/2699/2699 2686/2686/2686 
f 2688/2688/2688 2701/2701/2701 2700/2700/2700 2687/2687/2687 
f 2689/2689/2689 2702/2702/2702 2701/2701/2701 2688/2688/2688 
f 2690/2690/2690 2703/2703/2703 2702/2702/2702 2689/2689/2689 
f 2691/2691/2691 2704/2704/2704 2703/2703/2703 2690/2690/2690 
f 2692/2692/2692 2705/2705/2705 2704/2704/2704 2691/2691/2691 
f 2693/2693/2693 2706/2706/2706 2705/2705/2705 2692/2692/2692 
f 2694/2694/2694 2707/2707/2707 2706/2706/2706 2693/2693/2693 
f 2696/2696/2696 2709/2709/2709 2708/2708/2708 2695/2695/2695 
f 2697/2697/2697 2710/2710/2710 2709/2709/2709 2696/2696/2696 
f 2698/2698/2698 2711/2711/2711 2710/2710/2710 2697/2697/2697 
f 2699/2699/2699 2712/2712/2712 2711/2711/2711 2698/2698/2698 
f 2700/2700/2700 2713/2713/2713 2712/2712/2712 2699/2699/2699 
f 2701/2701/2701 2714/2714/2714 2713/2713/2713 2700/2700/2700 
f 2702/2702/2702 2715/2715/2715 2714/2714/2714 2701/2701/2701 
f 2703/2703/2703 2716/2716/2716 2715/2715/2715 2702/2702/2702 
f 2704/2704/2704 2717/2717/2717 2716/2716/2716 2703/2703/2703 
f 2705/2705/2705 2718/2718/2718 2717/2717/2717 2704/2704/2704 
f 2706/2706/2706 2719/2719/2719 2718/2718/2718 2705/2705/2705 
f 2707/2707/2707 2720/2720/2720 2719/2719/2719 2706/2706/2706 
f 2709/2709/2709 2722/2722/2722 2721/2721/2721 2708/2708/2708 
f 2710/2710/2710 2723/2723/2723 2722/2722/2722 2709/2709/2709 
f 2711/2711/2711 2724/2724/2724 2723/2723/2723 2710/2710/2710 
f 2712/2712/2712 2725/2725/2725 2724/2724/2724 2711/2711/2711 
f 2713/2713/2713 2726/2726/2726 2725/2725/2725 2712/2712/2712 
f 2714/2714/2714 2727/2727/2727 2726/2726/2726 2713/2713/2713 
f 2715/2715/2715 2728/2728/2728 2727/2727/2727 2714/2714/2714 
f 2716/2716/2716 2729/2729/2729 2728/2728/2728 2715/2715/2715 
f 2717/2717/2717 2730/2730/2730 2729/2729/2729 2716/2716/2716 
f 2718/2718/2718 2731/2731/2731 2730/2730/2730 2717/2717/2717 
f 2719/2719/2719 2732/2732/2732 2731/2731/2731 2718/2718/2718 
f 2720/2720/2720 2733/2733/2733 2732/2732/2732 2719/2719/2719 
f 2722/2722/2722 2735/2735/2735 2734/2734/2734 2721/2721/2721 
f 2723/2723/2723 2736/2736/2736 2735/2735/2735 2722/2722/2722 
f 2724/2724/2724 2737/2737/2737 2736/2736/2736 2723/2723/2723 
f 2725/2725/2725 2738/2738/2738 2737/2737/2737 2724/2724/2724 
f 2726/2726/2726 2739/2739/2739 2738/2738/2738 2725/2725/2725 
f 2727/2727/2727 2740/2740/2740 2739/2739/2739 2726/2726/2726 
f 2728/2728/2728 2741/2741/2741 2740/2740/2740 2727/2727/2727 
f 2729/2729/2729 2742/2742/2742 2741/2741/2741 2728/2728/2728 
f 2730/2730/2730 2743/2743/2743 2742/2742/2742 2729/2729/2729 
f 2731/2731/2731 2744/2744/2744 2743/2743/2743 2730/2730/2730 
f 2732/2732/2732 2745/2745/2745 2744/2744/2744 2731/2731/2731 
f 2733/2733/2733 2746/2746/2746 2745/2745/2745 2732/2732/2732 
f 2735/2735/2735 2748/2748/2748 2747/2747/2747 2734/2734/2734 
f 2736/2736/2736 2749/2749/2749 2748/2748/2748 2735/2735/2735 
f 2737/2737/2737 2750/2750/2750 2749/2749/2749 2736/2736/2736 
f 2738/2738/2738 2751/2751/2751 2750/2750/2750 2737/2737/2737 
f 2739/2739/2739 2752/2752/2752 2751/2751/2751 2738/2738/2738 
f 2740/2740/2740 2753/2753/2753 2752/2752/2752 2739/2739/2739 
f 2741/2741/2741 2754/2754/2754 2753/2753/2753 2740/2740/2740 
f 2742/2742/2742 2755/2755/2755 2754/2754/2754 2741/2741/2741 
f 2743/2743/2743 2756/2756/2756 2755/2755/2755 2742/2742/2742 
f 2744/2744/2744 2757/2757/2757 2756/2756/2756 2743/2743/2743 
f 2745/2745/2745 2758/2758/2758 2757/2757/2757 2744/2744/2744 
f 2746/2746/2746 2759/2759/2759 2758/2758/2758 2745/2745/2745 
f 2748/2748/2748 2761/2761/2761 2760/2760/2760 2747/2747/2747 
f 2749/2749/2749 2762/2762/2762 2761/2761/2761 2748/2748/2748 
f 2750/2750/2750 2763/2763/2763 2762/2762/2762 2749/2749/2749 
f 2751/2751/2751 2764/2764/2764 2763/2763/2763 2750/2750/2750 
f 2752/2752/2752 2765/2765/2765 2764/2764/2764 2751/2751/2751 
f 2753/2753/2753 2766/2766/2766 2765/2765/2765 2752/2752/2752 
f 2754/2754/2754 2767/2767/2767 2766/2766/2766 2753/2753/2753 
f 2755/2755/2755 2768/2768/2768 2767/2767/2767 2754/2754/2754 
f 2756/2756/2756 2769/2769/2769 2768/2768/2768 2755/2755/2755 
f 2757/2757/2757 2770/2770/2770 2769/2769/2769 2756/2756/2756 
f 2758/2758/2758 2771/2771/2771 2770/2770/2770 2757/2757/2757 
f 2759/2759/2759 2772/2772/2772 2771/2771/2771 2758/2758/2758 
f 2761/2761/2761 2774/2774/2774 2773/2773/2773 2760/2760/2760 
f 2762/2762/2762 2775/2775/2775 2774/2774/2774 2761/2761/2761 
f 2763/2763/2763 2776/2776/2776 2775/2775/2775 2762/2762/2762 
f 2764/2764/2764 2777/2777/2777 2776/2776/2776 2763/2763/2763 
f 2765/2765/2765 2778/2778/2778 2777/2777/2777 2764/2764/2764 
f 2766/2766/2766 2779/2779/2779 2778/2778/2778 2765/2765/2765 
f 2767/2767/2767 2780/2780/2780 2779/2779/2779 2766/2766/2766 
f 2768/2768/2768 2781/2781/2781 2780/2780/2780 2767/2767/2767 
f 2769/2769/2769 2782/2782/2782 2781/2781/2781 2768/2768/2768 
f 2770/2770/2770 2783/2783/2783 2782/2782/2782 2769/2769/2769 
f 2771/2771/2771 2784/2784/2784 2783/2783/2783 2770/2770/2770 
f 2772/2772/2772 2785/2785/2785 2784/2784/2784 2771/2771/2771 
f 2774/2774/2774 2787/2787/2787 2786/2786/2786 2773/2773/2773 
f 2775/2775/2775 2788/2788/2788 2787/2787/2787 2774/2774/2774 
f 2776/2776/2776 2789/2789/2789 2788/2788/2788 2775/2775/2775 
f 2777/2777/2777 2790/2790/2790 2789/2789/2789 2776/2776/2776 
f 2778/2778/2778 2791/2791/2791 2790/2790/2790 2777/2777/2777 
f 2779/2779/2779 2792/2792/2792 2791/2791/2791 2778/2778/2778 
f 2780/2780/2780 2793/2793/2793 2792/2792/2792 2779/2779/2779 
f 2781/2781/2781 2794/2794/2794 2793/2793/2793 2780/2780/2780 
f 2782/2782/2782 2795/2795/2795 2794/2794/2794 2781/2781/2781 
f 2783/2783/2783 2796/2796/2796 2795/2795/2795 2782/2782/2782 
f 2784/2784/2784 2797/2797/2797 2796/2796/2796 2783/2783/2783 
f 2785/2785/2785 2798/2798/2798 2797/2797/2797 2784/2784/2784 
f 2787/2787/2787 2800/2800/2800 2799/2799/2799 2786/2786/2786 
f 2788/2788/2788 2801/2801/2801 2800/2800/2800 2787/2787/2787 
f 2789/2789/2789 2802/2802/2802 2801/2801/2801 2788/2788/2788 
f 2790/2790/2790 2803/2803/2803 2802/2802/2802 2789/2789/2789 
f 2791/2791/2791 2804/2804/2804 2803/2803/2803 2790/2790/2790 
f 2792/2792/2792 2805/2805/2805 2804/2804/2804 2791/2791/2791 
f 2793/2793/2793 2806/2806/2806 2805/2805/2805 2792/2792/2792 
f 2794/2794/2794 2807/2807/2807 2806/2806/2806 2793/2793/2793 
f 2795/2795/2795 2808/2808/2808 2807/2807/2807 2794/2794/2794 
f 2796/2796/2796 2809/2809/2809 2808/2808/2808 2795/2795/2795 
f 2797/2797/2797 2810/2810/2810 2809/2809/2809 2796/2796/2796 
f 2798/2798/2798 2811/2811/2811 2810/2810/2810 2797/2797/2797 
f 2800/2800/2800 2813/2813/2813 2812/2812/2812 2799/2799/2799 
f 2801/2801/2801 2814/2814/2814 2813/2813/2813 2800/2800/2800 
f 2802/2802/2802 2815/2815/2815 2814/2814/2814 2801/2801/2801 
f 2803/2803/2803 2816/2816/2816 2815/2815/2815 2802/2802/2802 
f 2804/2804/2804 2817/2817/2817 2816/2816/2816 2803/2803/2803 
f 2805/2805/2805 2818/2818/2818 2817/2817/2817 2804/2804/2804 
f 2806/2806/2806 2819/2819/2819 2818/2818/2818 2805/2805/2805 
f 2807/2807/2807 2820/2820/2820 2819/2819/2819 2806/2806/2806 
f 2808/2808/2808 2821/2821/2821 2820/2820/2820 2807/2807/2807 
f 2809/2809/2809 2822/2822/2822 2821/2821/2821 2808/2808/2808 
f 2810/2810/2810 2823/2823/2823 2822/2822/2822 2809/2809/2809 
f 2811/2811/2811 2824/2824/2824 2823/2823/2823 2810/2810/2810 
f 2813/2813/2813 2826/2826/2826 2825/2825/2825 2812/2812/2812 
f 2814/2814/2814 2827/2827/2827 2826/2826/2826 2813/2813/2813 
f 2815/2815/2815 2828/2828/2828 2827/2827/2827 2814/2814/2814 
f 2816/2816/2816 2829/2829/2829 2828/2828/2828 2815/2815/2815 
f 2817/2817/2817 2830/2830/2830 2829/2829/2829 2816/2816/2816 
f 2818/2818/2818 2831/2831/2831 2830/2830/2830 2817/2817/2817 
f 2819/2819/2819 2832/2832/2832 2831/2831/2831 2818/2818/2818 
f 2820/2820/2820 2833/2833/2833 2832/2832/2832 2819/2819/2819 
f 2821/2821/2821 2834/2834/2834 2833/2833/2833 2820/2820/2820 
f 2822/2822/2822 2835/2835/2835 2834/2834/2834 2821/2821/2821 
f 2823/2823/2823 2836/2836/2836 2835/2835/2835 2822/2822/2822 
f 2824/2824/2824 2837/2837/2837 2836/2836/2836 2823/2823/2823 
f 2826/2826/2826 2839/2839/2839 2838/2838/2838 2825/2825/2825 
f 2827/2827/2827 2840/2840/2840 2839/2839/2839 2826/2826/2826 
f 2828/2828/2828 2841/2841/2841 2840/2840/2840 2827/2827/2827 
f 2829/2829/2829 2842/2842/2842 2841/2841/2841 2828/2828/2828 
f 2830/2830/2830 2843/2843/2843 2842/2842/2842 2829/2829/2829 
f 2831/2831/2831 2844/2844/2844 2843/2843/2843 2830/2830/2830 
f 2832/2832/2832 2845/2845/2845 2844/2844/2844 2831/2831/2831 
f 2833/2833/2833 2846/2846/2846 2845/2845/2845 2832/2832/2832 
f 2834/2834/2834 2847/2847/2847 2846/2846/2846 2833/2833/2833 
f 2835/2835/2835 2848/2848/2848 2847/2847/2847 2834/2834/2834 
f 2836/2836/2836 2849/2849/2849 2848/2848/2848 2835/2835/2835 
f 2837/2837/2837 2850/2850/2850 2849/2849/2849 2836/2836/2836 
f 2839/2839/2839 2852/2852/2852 2851/2851/2851 2838/2838/2838 
f 2840/2840/2840 2853/2853/2853 2852/2852/2852 2839/2839/2839 
f 2841/2841/2841 2854/2854/2854 2853/2853/2853 2840/2840/2840 
f 2842/2842/2842 2855/2855/2855 2854/2854/2854 2841/2841/2841 
f 2843/2843/2843 2856/2856/2856 2855/2855/2855 2842/2842/2842 
f 2844/2844/2844 2857/2857/2857 2856/2856/2856 2843/2843/2843 
f 2845/2845/2845 2858/2858/2858 2857/2857/2857 2844/2844/2844 
f 2846/2846/2846 2859/2859/2859 2858/2858/2858 2845/2845/2845 
f 2847/2847/2847 2860/2860/2860 2859/2859/2859 2846/2846/2846 
f 2848/2848/2848 2861/2861/2861 2860/2860/2860 2847/2847/2847 
f 2849/2849/2849 2862/2862/2862 2861/2861/2861 2848/2848/2848 
f 2850/2850/2850 2863/2863/2863 2862/2862/2862 2849/2849/2849 
f 2852/2852/2852 2865/2865/2865 2864/2864/2864 2851/2851/2851 
f 2853/2853/2853 2866/2866/2866 2865/2865/2865 2852/2852/2852 
f 2854/2854/2854 2867/2867/2867 2866/2866/2866 2853/2853/2853 
f 2855/2855/2855 2868/2868/2868 2867/2867/2867 2854/2854/2854 
f 2856/2856/2856 2869/2869/2869 2868/2868/2868 2855/2855/2855 
f 2857/2857/2857 2870/2870/2870 2869/2869/2869 2856/2856/2856 
f 2858/2858/2858 2871/2871/2871 2870/2870/2870 2857/2857/2857 
f 2859/2859/2859 2872/2872/2872 2871/2871/2871 2858/2858/2858 
f 2860/2860/2860 2873/2873/2873 2872/2872/2872 2859/2859/2859 
f 2861/2861/2861 2874/2874/2874 2873/2873/2873 2860/2860/2860 
f 2862/2862/2862 2875/2875/2875 2874/2874/2874 2861/2861/2861 
f 2863/2863/2863 2876/2876/2876 2875/2875/2875 2862/2862/2862 
f 2865/2865/2865 2878/2878/2878 2877/2877/2877 2864/2864/2864 
f 2866/2866/2866 2879/2879/2879 2878/2878/2878 2865/2865/2865 
f 2867/2867/2867 2880/2880/2880 2879/2879/2879 2866/2866/2866 
f 2868/2868/2868 2881/2881/2881 2880/2880/2880 2867/2867/2867 
f 2869/2869/2869 2882/2882/2882 2881/2881/2881 2868/2868/2868 
f 2870/2870/2870 2883/2883/2883 2882/2882/2882 2869/2869/2869 
f 2871/2871/2871 2884/2884/2884 2883/2883/2883 2870/2870/2870 
f 2872/2872/2872 2885/2885/2885 2884/2884/2884 2871/2871/2871 
f 2873/2873/2873 2886/2886/2886 2885/2885/2885 2872/2872/2872 
f 2874/2874/2874 2887/2887/2887 2886/2886/2886 2873/2873/2873 
f 2875/2875/2875 2888/2888/2888 2887/2887/2887 2874/2874/2874 
f 2876/2876/2876 2889/2889/2889 2888/2888/2888 2875/2875/2875 
f 2878/2878/2878 2891/2891/2891 2890/2890/2890 2877/2877/2877 
f 2879/2879/2879 2892/2892/2892 2891/2891/2891 2878/2878/2878 
f 2880/2880/2880 2893/2893/2893 2892/2892/2892 2879/2879/2879 
f 2881/2881/2881 2894/2894/2894 2893/2893/2893 2880/2880/2880 
f 2882/2882/2882 2895/2895/2895 2894/2894/2894 2881/2881/2881 
f 2883/2883/2883 2896/2896/2896 2895/2895/2895 2882/2882/2882 
f 2884/2884/2884 2897/2897/2897 2896/2896/2896 2883/2883/2883 
f 2885/2885/2885 2898/2898/2898 2897/2897/2897 2884/2884/2884 
f 2886/2886/2886 2899/2899/2899 2898/2898/2898 2885/2885/2885 
f 2887/2887/2887 2900/2900/2900 2899/2899/2899 2886/2886/2886 
f 2888/2888/2888 2901/2901/2901 2900/2900/2900 2887/2887/2887 
f 2889/2889/2889 2902/2902/2902 2901/2901/2901 2888/2888/2888 
f 2891/2891/2891 2904/2904/2904 2903/2903/2903 2890/2890/2890 
f 2892/2892/2892 2905/2905/2905 2904/2904/2904 2891/2891/2891 
f 2893/2893/2893 2906/2906/2906 2905/2905/2905 2892/2892/2892 
f 2894/2894/2894 2907/2907/2907 2906/2906/2906 2893/2893/2893 
f 2895/2895/2895 2908/2908/2908 2907/2907/2907 2894/2894/2894 
f 2896/2896/2896 2909/2909/2909 2908/2908/2908 2895/2895/2895 
f 2897/2897/2897 2910/2910/2910 2909/2909/2909 2896/2896/2896 
f 2898/2898/2898 2911/2911/2911 2910/2910/2910 2897/2897/2897 
f 2899/2899/2899 2912/2912/2912 2911/2911/2911 2898/2898/2898 
f 2900/2900/2900 2913/2913/2913 2912/2912/2912 2899/2899/2899 
f 2901/2901/2901 2914/2914/2914 2913/2913/2913 2900/2900/2900 
f 2902/2902/2902 2915/2915/2915 2914/2914/2914 2901/2901/2901 
f 2904/2904/2904 2917/2917/2917 2916/2916/2916 2903/2903/2903 
f 2905/2905/2905 2918/2918/2918 2917/2917/2917 2904/2904/2904 
f 2906/2906/2906 2919/2919/2919 2918/2918/2918 2905/2905/2905 
f 2907/2907/2907 2920/2920/2920 2919/2919/2919 2906/2906/2906 
f 2908/2908/2908 2921/2921/2921 2920/2920/2920 2907/2907/2907 
f 2909/2909/2909 2922/2922/2922 2921/2921/2921 2908/2908/2908 
f 2910/2910/2910 2923/2923/2923 2922/2922/2922 2909/2909/2909 
f 2911/2911/2911 2924/2924/2924 2923/2923/2923 2910/2910/2910 
f 2912/2912/2912 2925/2925/2925 2924/2924/2924 2911/2911/2911 
f 2913/2913/2913 2926/2926/2926 2925/2925/2925 2912/2912/2912 
f 2914/2914/2914 2927/2927/2927 2926/2926/2926 2913/2913/2913 
f 2915/2915/2915 2928/2928/2928 2927/2927/2927 2914/2914/2914 
f 2917/2917/2917 2930/2930/2930 2929/2929/2929 2916/2916/2916 
f 2918/2918/2918 2931/2931/2931 2930/2930/2930 2917/2917/2917 
f 2919/2919/2919 2932/2932/2932 2931/2931/2931 2918/2918/2918 
f 2920/2920/2920 2933/2933/2933 2932/2932/2932 2919/2919/2919 
f 2921/2921/2921 2934/2934/2934 2933/2933/2933 2920/2920/2920 
f 2922/2922/2922 2935/2935/2935 2934/2934/2934 2921/2921/2921 
f 2923/2923/2923 2936/2936/2936 2935/2935/2935 2922/2922/2922 
f 2924/2924/2924 2937/2937/2937 2936/2936/2936 2923/2923/2923 
f 2925/2925/2925 2938/2938/2938 2937/2937/2937 2924/2924/2924 
f 2926/2926/2926 2939/2939/2939 2938/2938/2938 2925/2925/2925 
f 2927/2927/2927 2940/2940/2940 2939/2939/2939 2926/2926/2926 
f 2928/2928/2928 2941/2941/2941 2940/2940/2940 2927/2927/2927 
f 2930/2930/2930 2943/2943/2943 2942/2942/2942 2929/2929/2929 
f 2931/2931/2931 2944/2944/2944 2943/2943/2943 2930/2930/2930 
f 2932/2932/2932 2945/2945/2945 2944/2944/2944 2931/2931/2931 
f 2933/2933/2933 2946/2946/2946 2945/2945/2945 2932/2932/2932 
f 2934/2934/2934 2947/2947/2947 2946/2946/2946 2933/2933/2933 
f 2935/2935/2935 2948/2948/2948 2947/2947/2947 2934/2934/2934 
f 2936/2936/2936 2949/2949/2949 2948/2948/2948 2935/2935/2935 
f 2937/2937/2937 2950/2950/2950 2949/2949/2949 2936/2936/2936 
f 2938/2938/2938 2951/2951/2951 2950/2950/2950 2937/2937/2937 
f 2939/2939/2939 2952/2952/2952 2951/2951/2951 2938/2938/2938 
f 2940/2940/2940 2953/2953/2953 2952/2952/2952 2939/2939/2939 
f 2941/2941/2941 2954/2954/2954 2953/2953/2953 2940/2940/2940 
f 2943/2943/2943 2956/2956/2956 2955/2955/2955 2942/2942/2942 
f 2944/2944/2944 2957/2957/2957 2956/2956/2956 2943/2943/2943 
f 2945/2945/2945 2958/2958/2958 2957/2957/2957 2944/2944/2944 
f 2946/2946/2946 2959/2959/2959 2958/2958/2958 2945/2945/2945 
f 2947/2947/2947 2960/2960/2960 2959/2959/2959 2946/2946/2946 
f 2948/2948/2948 2961/2961/2961 2960/2960/2960 2947/2947/2947 
f 2949/2949/2949 2962/2962/2962 2961/2961/2961 2948/2948/2948 
f 2950/2950/2950 2963/2963/2963 2962/2962/2962 2949/2949/2949 
f 2951/2951/2951 2964/2964/2964 2963/2963/2963 2950/2950/2950 
f 2952/2952/2952 2965/2965/2965 2964/2964/2964 2951/2951/2951 
f 2953/2953/2953 2966/2966/2966 2965/2965/2965 2952/2952/2952 
f 2954/2954/2954 2967/2967/2967 2966/2966/2966 2953/2953/2953 
f 2956/2956/2956 2969/2969/2969 2968/2968/2968 2955/2955/2955 
f 2957/2957/2957 2970/2970/2970 2969/2969/2969 2956/2956/2956 
f 2958/2958/2958 2971/2971/2971 2970/2970/2970 2957/2957/2957 
f 2959/2959/2959 2972/2972/2972 2971/2971/2971 2958/2958/2958 
f 2960/2960/2960 2973/2973/2973 2972/2972/2972 2959/2959/2959 
f 2961/2961/2961 2974/2974/2974 2973/2973/2973 2960/2960/2960 
f 2962/2962/2962 2975/2975/2975 2974/2974/2974 2961/2961/2961 
f 2963/2963/2963 2976/2976/2976 2975/2975/2975 2962/2962/2962 
f 2964/2964/2964 2977/2977/2977 2976/2976/2976 2963/2963/2963 
f 2965/2965/2965 2978/2978/2978 2977/2977/2977 2964/2964/2964 
f 2966/2966/2966 2979/2979/2979 2978/2978/2978 2965/2965/2965 
f 2967/2967/2967 2980/2980/2980 2979/2979/2979 2966/2966/2966 
f 2969/2969/2969 2982/2982/2982 2981/2981/2981 2968/2968/2968 
f 2970/2970/2970 2983/2983/2983 2982/2982/2982 2969/2969/2969 
f 2971/2971/2971 2984/2984/2984 2983/2983/2983 2970/2970/2970 
f 2972/2972/2972 2985/2985/2985 2984/2984/2984 2971/2971/2971 
f 2973/2973/2973 2986/2986/2986 2985/2985/2985 2972/2972/2972 
f 2974/2974/2974 2987/2987/2987 2986/2986/2986 2973/2973/2973 
f 2975/2975/2975 2988/2988/2988 2987/2987/2987 2974/2974/2974 
f 2976/2976/2976 2989/2989/2989 2988/2988/2988 2975/2975/2975 
f 2977/2977/2977 2990/2990/2990 2989/2989/2989 2976/2976/2976 
f 2978/2978/2978 2991/2991/2991 2990/2990/2990 2977/2977/2977 
f 2979/2979/2979 2992/2992/2992 2991/2991/2991 2978/2978/2978 
f 2980/2980/2980 2993/2993/2993 2992/2992/2992 2979/2979/2979 
f 2982/2982/2982 2995/2995/2995 2994/2994/2994 2981/2981/2981 
f 2983/2983/2983 2996/2996/2996 2995/2995/2995 2982/2982/2982 
f 2984/2984/2984 2997/2997/2997 2996/2996/2996 2983/2983/2983 
f 2985/2985/2985 2998/2998/2998 2997/2997/2997 2984/2984/2984 
f 2986/2986/2986 2999/2999/2999 2998/2998/2998 2985/2985/2985 
f 2987/2987/2987 3000/3000/3000 2999/2999/2999 2986/2986/2986 
f 2988/2988/2988 3001/3001/3001 3000/3000/3000 2987/2987/2987 
f 2989/2989/2989 3002/3002/3002 3001/3001/3001 2988/2988/2988 
f 2990/2990/2990 3003/3003/3003 3002/3002/3002 2989/2989/2989 
f 2991/2991/2991 3004/3004/3004 3003/3003/3003 2990/2990/2990 
f 2992/2992/2992 3005/3005/3005 3004/3004/3004 2991/2991/2991 
f 2993/2993/2993 3006/3006/3006 3005/3005/3005 2992/2992/2992 
f 2995/2995/2995 3008/3008/3008 3007/3007/3007 2994/2994/2994 
f 2996/2996/2996 3009/3009/3009 3008/3008/3008 2995/2995/2995 
f 2997/2997/2997 3010/3010/3010 3009/3009/3009 2996/2996/2996 
f 2998/2998/2998 3011/3011/3011 3010/3010/3010 2997/2997/2997 
f 2999/2999/2999 3012/3012/3012 3011/3011/3011 2998/2998/2998 
f 3000/3000/3000 3013/3013/3013 3012/3012/3012 2999/2999/2999 
f 3001/3001/3001 3014/3014/3014 3013/3013/3013 3000/3000/3000 
f 3002/3002/3002 3015/3015/3015 3014/3014/3014 3001/3001/3001 
f 3003/3003/3003 3016/3016/3016 3015/3015/3015 3002/3002/3002 
f 3004/3004/3004 3017/3017/3017 3016/3016/3016 3003/3003/3003 
f 3005/3005/3005 3018/3018/3018 3017/3017/3017 3004/3004/3004 
f 3006/3006/3006 3019/3019/3019 3018/3018/3018 3005/3005/3005 
f 3021/3021/3021 3033/3033/3033 3032/3032/3032 3020/3020/3020 
f 3022/3022/3022 3034/3034/3034 3033/3033/3033 3021/3021/3021 
f 3023/3023/3023 3035/3035/3035 3034/3034/3034 3022/3022/3022 
f 3024/3024/3024 3036/3036/3036 3035/3035/3035 3023/3023/3023 
f 3025/3025/3025 3037/3037/3037 3036/3036/3036 3024/3024/3024 
f 3026/3026/3026 3038/3038/3038 3037/3037/3037 3025/3025/3025 
f 3027/3027/3027 3039/3039/3039 3038/3038/3038 3026/3026/3026 
f 3028/3028/3028 3040/3040/3040 3039/3039/3039 3027/3027/3027 
f 3029/3029/3029 3041/3041/3041 3040/3040/3040 3028/3028/3028 
f 3030/3030/3030 3042/3042/3042 3041/3041/3041 3029/3029/3029 
f 3031/3031/3031 3043/3043/3043 3042/3042/3042 3030/3030/3030 
f 3020/3020/3020 3032/3032/3032 3043/3043/3043 3031/3031/3031 
f 3033/3033/3033 3045/3045/3045 3044/3044/3044 3032/3032/3032 
f 3034/3034/3034 3046/3046/3046 3045/3045/3045 3033/3033/3033 
f 3035/3035/3035 3047/3047/3047 3046/3046/3046 3034/3034/3034 
f 3036/3036/3036 3048/3048/3048 3047/3047/3047 3035/3035/3035 
f 3037/3037/3037 3049/3049/3049 3048/3048/3048 3036/3036/3036 
f 3038/3038/3038 3050/3050/3050 3049/3049/3049 3037/3037/3037 
f 3039/3039/3039 3051/3051/3051 3050/3050/3050 3038/3038/3038 
f 3040/3040/3040 3052/3052/3052 3051/3051/3051 3039/3039/3039 
f 3041/3041/3041 3053/3053/3053 3052/3052/3052 3040/3040/3040 
f 3042/3042/3042 3054/3054/3054 3053/3053/3053 3041/3041/3041 
f 3043/3043/3043 3055/3055/3055 3054/3054/3054 3042/3042/3042 
f 3032/3032/3032 3044/3044/3044 3055/3055/3055 3043/3043/3043 
f 3045/3045/3045 3057/3057/3057 3056/3056/3056 3044/3044/3044 
f 3046/3046/3046 3058/3058/3058 3057/3057/3057 3045/3045/3045 
f 3047/3047/3047 3059/3059/3059 3058/3058/3058 3046/3046/3046 
f 3048/3048/3048 3060/3060/3060 3059/3059/3059 3047/3047/3047 
f 3049/3049/3049 3061/3061/3061 3060/3060/3060 3048/3048/3048 
f 3050/3050/3050 3062/3062/3062 3061/3061/3061 3049/3049/3049 
f 3051/3051/3051 3063/3063/3063 3062/3062/3062 3050/3050/3050 
f 3052/3052/3052 3064/3064/3064 3063/3063/3063 3051/3051/3051 
f 3053/3053/3053 3065/3065/3065 3064/3064/3064 3052/3052/3052 
f 3054/3054/3054 3066/3066/3066 3065/3065/3065 3053/3053/3053 
f 3055/3055/3055 3067/3067/3067 3066/3066/3066 3054/3054/3054 
f 3044/3044/3044 3056/3056/3056 3067/3067/3067 3055/3055/3055 
f 3056/3056/3056 3057/3057/3057 3058/3058/3058 3068/3068/3068 
f 3058/3058/3058 3059/3059/3059 3060/3060/3060 3068/3068/3068 
f 3060/3060/3060 3061/3061/3061 3062/3062/3062 3068/3068/3068 
f 3062/3062/3062 3063/3063/3063 3064/3064/3064 3068/3068/3068 
f 3064/3064/3064 3065/3065/3065 3066/3066/3066 3068/3068/3068 
f 3066/3066/3066 3067/3067/3067 3056/3056/3056 3068/3068/3068 

g s.0094
usemap Standard_FF301B
usemtl Standard_FF301B
v 0.4447972 -0.6515689 1.346646
v 0.444687 -0.6516302 1.346602
v 0.4446644 -0.6515804 1.346644
v 0.4446768 -0.6515252 1.346683
v 0.4447208 -0.6514793 1.346708
v 0.4447847 -0.651455 1.346714
v 0.4448513 -0.6514589 1.346698
v 0.4449028 -0.6514898 1.346665
v 0.4449254 -0.6515395 1.346624
v 0.444913 -0.6515948 1.346585
v 0.444869 -0.6516407 1.346559
v 0.4448051 -0.6516649 1.346554
v 0.4447385 -0.6516611 1.346569
v 0.4444807 -0.6516868 1.346459
v 0.4444186 -0.6515499 1.346573
v 0.4444526 -0.6513981 1.346679
v 0.4445738 -0.6512718 1.34675
v 0.4447495 -0.6512049 1.346765
v 0.4449327 -0.6512155 1.346722
v 0.4450744 -0.6513006 1.346631
v 0.4451365 -0.6514375 1.346517
v 0.4451025 -0.6515894 1.34641
v 0.4449814 -0.6517156 1.34634
v 0.4448057 -0.6517825 1.346324
v 0.4446224 -0.6517719 1.346368
v 0.4443171 -0.6516527 1.346259
v 0.4442273 -0.6514549 1.346424
v 0.4442765 -0.6512353 1.346578
v 0.4444516 -0.6510528 1.34668
v 0.4447056 -0.6509562 1.346702
v 0.4449705 -0.6509715 1.34664
v 0.4451753 -0.6510945 1.346508
v 0.4452651 -0.6512923 1.346343
v 0.4452159 -0.6515119 1.346189
v 0.4450408 -0.6516944 1.346087
v 0.4447868 -0.651791 1.346065
v 0.4445219 -0.6517757 1.346128
v 0.4442308 -0.6515337 1.346044
v 0.4441311 -0.6513141 1.346227
v 0.4441858 -0.6510704 1.346398
v 0.4443801 -0.6508678 1.346511
v 0.444662 -0.6507605 1.346536
v 0.444956 -0.6507775 1.346467
v 0.4451833 -0.650914 1.346321
v 0.445283 -0.6511336 1.346138
v 0.4452284 -0.6513773 1.345967
v 0.4450341 -0.6515799 1.345854
v 0.4447521 -0.6516871 1.345829
v 0.4444581 -0.6516702 1.345899
v 0.4441857 -0.6513611 1.345813
v 0.444086 -0.6511415 1.345996
v 0.4441407 -0.6508978 1.346167
v 0.444335 -0.6506952 1.34628
v 0.444617 -0.650588 1.346305
v 0.444911 -0.650605 1.346235
v 0.4451383 -0.6507415 1.346089
v 0.445238 -0.650961 1.345906
v 0.4451833 -0.6512048 1.345735
v 0.444989 -0.6514074 1.345622
v 0.444707 -0.6515146 1.345597
v 0.444413 -0.6514976 1.345667
v 0.4441857 -0.6513611 1.345813
v 0.4386012 -0.6426465 1.329632
v 0.4380848 -0.6413714 1.330466
v 0.4383808 -0.6399592 1.331179
v 0.4394098 -0.6387884 1.331578
v 0.4408962 -0.6381727 1.331557
v 0.4424416 -0.638277 1.331121
v 0.4436321 -0.6390734 1.330388
v 0.4441485 -0.6403486 1.329554
v 0.4438525 -0.6417607 1.328841
v 0.4428235 -0.6429315 1.328442
v 0.4413371 -0.6435472 1.328463
v 0.4397916 -0.6434429 1.328899
v 0.4386012 -0.6426465 1.329632
v 0.4315643 -0.6350027 1.310739
v 0.430598 -0.63253 1.312077
v 0.4311192 -0.6297953 1.31312
v 0.4329883 -0.6275313 1.313589
v 0.4357044 -0.6263448 1.313358
v 0.4385398 -0.6265537 1.312488
v 0.4407347 -0.6281019 1.311214
v 0.4417009 -0.6305747 1.309876
v 0.4411797 -0.6333094 1.308833
v 0.4393106 -0.6355733 1.308364
v 0.4365945 -0.6367598 1.308596
v 0.4337592 -0.636551 1.309465
v 0.4315643 -0.6350027 1.310739
v 0.4232494 -0.6282864 1.289255
v 0.4217881 -0.6245373 1.290996
v 0.4225042 -0.6203932 1.292234
v 0.425206 -0.6169643 1.292638
v 0.4291695 -0.6151694 1.2921
v 0.4333327 -0.6154895 1.290763
v 0.4365799 -0.6178389 1.288987
v 0.4380413 -0.6215879 1.287246
v 0.4373251 -0.6257321 1.286008
v 0.4346233 -0.6291611 1.285604
v 0.4306599 -0.6309559 1.286142
v 0.4264967 -0.6306358 1.287479
v 0.4232494 -0.6282864 1.289255
v 0.4138158 -0.6223921 1.265361
v 0.4118177 -0.6173216 1.267437
v 0.4126998 -0.6117162 1.268783
v 0.4162256 -0.6070777 1.269039
v 0.4214506 -0.6046492 1.268137
v 0.4269745 -0.6050814 1.266317
v 0.4313174 -0.6082584 1.264068
v 0.4333154 -0.6133289 1.261992
v 0.4324334 -0.6189343 1.260645
v 0.4289075 -0.6235728 1.260389
v 0.4236826 -0.6260012 1.261292
v 0.4181587 -0.6255691 1.263111
v 0.4138158 -0.6223921 1.265361
v 0.3922244 -0.6127185 1.211201
v 0.3890564 -0.6049436 1.213826
v 0.3902 -0.5963382 1.215245
v 0.3953488 -0.5892081 1.215079
v 0.403123 -0.5854639 1.213371
v 0.4114397 -0.5861088 1.21058
v 0.4180704 -0.59097 1.207453
v 0.4212384 -0.5987449 1.204828
v 0.4200948 -0.6073503 1.203409
v 0.4149461 -0.6144803 1.203575
v 0.4071718 -0.6182246 1.205283
v 0.3988551 -0.6175797 1.208074
v 0.3922244 -0.6127185 1.211201
v 0.368074 -0.6053306 1.150117
v 0.3636512 -0.5948538 1.153199
v 0.3649825 -0.5832328 1.154614
v 0.3717113 -0.5735815 1.153984
v 0.3820346 -0.5684858 1.151476
v 0.3931862 -0.5693111 1.147764
v 0.4021782 -0.5758365 1.143841
v 0.406601 -0.5863132 1.140759
v 0.4052696 -0.5979342 1.139343
v 0.3985408 -0.6075857 1.139974
v 0.3882175 -0.6126813 1.142481
v 0.3770659 -0.6118559 1.146194
v 0.368074 -0.6053306 1.150117
v 0.3426769 -0.5996138 1.084058
v 0.3369542 -0.5865242 1.087551
v 0.3384078 -0.5719591 1.088976
v 0.3466483 -0.5598211 1.087951
v 0.3594675 -0.5533627 1.08475
v 0.3734306 -0.5543143 1.080233
v 0.3847962 -0.562421 1.075608
v 0.3905189 -0.5755106 1.072115
v 0.3890653 -0.5900757 1.07069
v 0.3808249 -0.6022137 1.071715
v 0.3680056 -0.6086721 1.074915
v 0.3540425 -0.6077205 1.079433
v 0.3426769 -0.5996138 1.084058
v 0.3173654 -0.5949641 1.014995
v 0.3103259 -0.5794357 1.018876
v 0.3118304 -0.562081 1.020393
v 0.3214759 -0.5475502 1.01914
v 0.3366779 -0.5397368 1.015452
v 0.353363 -0.5407344 1.010317
v 0.3670605 -0.5502758 1.005112
v 0.3741001 -0.5658042 1.00123
v 0.3725955 -0.583159 0.9997134
v 0.36295 -0.5976897 1.000967
v 0.347748 -0.6055031 1.004655
v 0.3310629 -0.6045055 1.009789
v 0.3173654 -0.5949641 1.014995
v 0.2934862 -0.5907779 0.9448732
v 0.2851316 -0.5730724 0.9491348
v 0.2865993 -0.5531679 0.950896
v 0.2974962 -0.5363977 0.949685
v 0.3149024 -0.5272555 0.9458262
v 0.3341539 -0.5281908 0.9403535
v 0.3500924 -0.5389531 0.9347334
v 0.3584471 -0.5566586 0.9304717
v 0.3569793 -0.5765632 0.9287105
v 0.3460824 -0.5933334 0.9299215
v 0.3286763 -0.6024756 0.9337804
v 0.3094247 -0.6015402 0.939253
v 0.2934862 -0.5907779 0.9448732
v 0.2724008 -0.5864385 0.8755801
v 0.262744 -0.5669101 0.8802207
v 0.2640613 -0.5447875 0.8824567
v 0.2759996 -0.5259984 0.881689
v 0.2953602 -0.5155773 0.8781233
v 0.3169553 -0.5163165 0.872715
v 0.3349986 -0.5280181 0.8669133
v 0.3446554 -0.5475464 0.8622727
v 0.3433381 -0.5696691 0.8600367
v 0.3313998 -0.5884582 0.8608044
v 0.3120392 -0.5988793 0.8643701
v 0.2904441 -0.59814 0.8697784
v 0.2724008 -0.5864385 0.8755801
v 0.2553119 -0.5814608 0.8089889
v 0.2443539 -0.5605387 0.8139704
v 0.2453395 -0.5365958 0.8168685
v 0.2580046 -0.5160478 0.8169065
v 0.2789556 -0.5044003 0.8140743
v 0.3025787 -0.5047744 0.8091308
v 0.3225442 -0.5170698 0.8034006
v 0.3335022 -0.5379919 0.7984191
v 0.3325166 -0.5619348 0.795521
v 0.3198515 -0.5824829 0.795483
v 0.2989004 -0.5941303 0.7983152
v 0.2752773 -0.5937563 0.8032587
v 0.2553119 -0.5814608 0.8089889
v 0.2423066 -0.5757751 0.7458456
v 0.2300326 -0.5538754 0.7510941
v 0.230466 -0.5284896 0.754723
v 0.2434909 -0.5064198 0.7557599
v 0.265617 -0.4935797 0.7539271
v 0.2909158 -0.4934096 0.7497156
v 0.3126085 -0.5059553 0.7442539
v 0.3248826 -0.5278551 0.7390054
v 0.3244491 -0.5532409 0.7353766
v 0.3114243 -0.5753106 0.7343397
v 0.2892981 -0.5881508 0.7361724
v 0.2639992 -0.5883208 0.740384
v 0.2423066 -0.5757751 0.7458456
v 0.2330683 -0.5693426 0.6862643
v 0.2194766 -0.5468397 0.6917036
v 0.2191603 -0.5203604 0.6961135
v 0.2322044 -0.4969998 0.6983123
v 0.2551135 -0.4830174 0.6977109
v 0.2817492 -0.4821596 0.6944705
v 0.3049746 -0.4946564 0.6894593
v 0.3185663 -0.5171593 0.68402
v 0.3188826 -0.5436385 0.6796101
v 0.3058386 -0.5669991 0.6774113
v 0.2829295 -0.5809816 0.6780127
v 0.2562937 -0.5818393 0.6812531
v 0.2330683 -0.5693426 0.6862643
v 0.227254 -0.5621002 0.6303497
v 0.212369 -0.5393182 0.6359046
v 0.211145 -0.5120673 0.6411315
v 0.2239102 -0.4876491 0.6446301
v 0.2472439 -0.4726065 0.6454628
v 0.2748941 -0.4709703 0.6434065
v 0.2994517 -0.4831788 0.6390122
v 0.3143367 -0.5059607 0.6334573
v 0.3155606 -0.5332117 0.6282303
v 0.3027955 -0.5576299 0.6247318
v 0.2794618 -0.5726724 0.6238991
v 0.2518116 -0.5743086 0.6259554
v 0.227254 -0.5621002 0.6303497
v 0.2244965 -0.5539682 0.57819
v 0.2083768 -0.5311723 0.5837935
v 0.206139 -0.5034419 0.5898696
v 0.2183827 -0.4782075 0.5947902
v 0.2418273 -0.4622304 0.5972368
v 0.2701907 -0.4597919 0.5965538
v 0.2958732 -0.4715452 0.5929242
v 0.3119929 -0.4943412 0.5873206
v 0.3142307 -0.5220715 0.5812445
v 0.301987 -0.547306 0.576324
v 0.2785424 -0.563283 0.5738774
v 0.2501789 -0.5657215 0.5745604
v 0.2244965 -0.5539682 0.57819
v 0.2244123 -0.5448554 0.5298485
v 0.2071518 -0.522245 0.5354543
v 0.2038511 -0.4942966 0.542423
v 0.2153947 -0.4684987 0.5488872
v 0.2386895 -0.4517639 0.553115
v 0.2674936 -0.4485762 0.5539734
v 0.294089 -0.4597899 0.5512326
v 0.3113495 -0.4824002 0.5456268
v 0.3146501 -0.5103487 0.5386581
v 0.3031065 -0.5361466 0.5321939
v 0.2798118 -0.5528814 0.5279661
v 0.2510077 -0.5560691 0.5271077
v 0.2244123 -0.5448554 0.5298485
v 0.2266107 -0.5346593 0.4853551
v 0.2083339 -0.5123664 0.4909528
v 0.2039768 -0.484431 0.4988891
v 0.214707 -0.4583385 0.5070377
v 0.2376494 -0.4410803 0.5132151
v 0.2666565 -0.4372809 0.5157661
v 0.2939559 -0.4479581 0.5140071
v 0.3122328 -0.4702511 0.5084095
v 0.3165898 -0.4981865 0.5004731
v 0.3058596 -0.524279 0.4923246
v 0.2829173 -0.5415371 0.4861472
v 0.2539101 -0.5453366 0.4835961
v 0.2266107 -0.5346593 0.4853551
v 0.2307087 -0.5232588 0.4446993
v 0.2115593 -0.5013508 0.4503345
v 0.2061976 -0.4736378 0.459371
v 0.2160604 -0.4475456 0.4693878
v 0.2385049 -0.4300654 0.4777007
v 0.2675171 -0.4258811 0.4820824
v 0.2953233 -0.436114 0.4813586
v 0.3144727 -0.4580219 0.4757235
v 0.3198344 -0.4857349 0.4666869
v 0.3099716 -0.5118272 0.4566702
v 0.2875271 -0.5293074 0.4483572
v 0.2585149 -0.5334916 0.4439756
v 0.2307087 -0.5232588 0.4446993
v 0.2363768 -0.5105382 0.4078636
v 0.216508 -0.4890164 0.4135909
v 0.2102217 -0.4617131 0.4238756
v 0.2192023 -0.4359444 0.435962
v 0.2410434 -0.4186149 0.4466115
v 0.2698927 -0.414368 0.4529706
v 0.2980201 -0.4243416 0.4533353
v 0.3178889 -0.4458635 0.447608
v 0.3241752 -0.4731667 0.4373233
v 0.3151947 -0.4989354 0.4252369
v 0.2933536 -0.5162649 0.4145874
v 0.2645042 -0.5205119 0.4082283
v 0.2363768 -0.5105382 0.4078636
v 0.2434629 -0.4964439 0.3747564
v 0.2230201 -0.4752817 0.380617
v 0.2158747 -0.4485792 0.3922793
v 0.2239414 -0.4234912 0.4066184
v 0.2450587 -0.4067401 0.4197922
v 0.2735682 -0.4028143 0.4282708
v 0.3018308 -0.4127657 0.4297823
v 0.3222736 -0.4339278 0.4239217
v 0.329419 -0.4606304 0.4122594
v 0.3213522 -0.4857183 0.3979203
v 0.300235 -0.5024694 0.3847465
v 0.2717255 -0.5063952 0.3762679
v 0.2434629 -0.4964439 0.3747564
v 0.2518877 -0.4809077 0.345258
v 0.23099 -0.460095 0.3513342
v 0.2230084 -0.4342272 0.3645235
v 0.2300817 -0.4102356 0.3812918
v 0.2503146 -0.3945487 0.3971461
v 0.2782856 -0.3913699 0.4078383
v 0.3065 -0.4015508 0.4105033
v 0.3273978 -0.4223636 0.4044271
v 0.3353793 -0.4482314 0.3912378
v 0.328306 -0.4722229 0.3744695
v 0.3080732 -0.4879099 0.3586152
v 0.2801021 -0.4910887 0.347923
v 0.2518877 -0.4809077 0.345258
v 0.2615976 -0.4638554 0.3193206
v 0.2403237 -0.4434187 0.3257304
v 0.2314689 -0.4186795 0.3405929
v 0.2374058 -0.3962668 0.3599253
v 0.2565436 -0.382186 0.3785478
v 0.2837544 -0.3802099 0.3914704
v 0.311747 -0.3908682 0.3952304
v 0.3330209 -0.4113049 0.3888205
v 0.3418757 -0.436044 0.3739581
v 0.3359388 -0.4584567 0.3546256
v 0.316801 -0.4725376 0.3360032
v 0.2895902 -0.4745136 0.3230805
v 0.2615976 -0.4638554 0.3193206
v 0.2669207 -0.4547438 0.3076993
v 0.2454713 -0.4345227 0.3143265
v 0.2361432 -0.4104795 0.3300682
v 0.2414358 -0.3890566 0.3507065
v 0.259931 -0.3759943 0.3707111
v 0.2866731 -0.3747925 0.3847222
v 0.3144964 -0.3857734 0.3889853
v 0.3359458 -0.4059945 0.3823581
v 0.3452739 -0.4300377 0.3666164
v 0.3399812 -0.4514605 0.3459781
v 0.321486 -0.4645228 0.3259734
v 0.294744 -0.4657246 0.3119624
v 0.2669207 -0.4547438 0.3076993
v 0.2725471 -0.4452413 0.2969972
v 0.2509196 -0.4252657 0.3038741
v 0.2410805 -0.4020171 0.3205103
v 0.2456664 -0.3817248 0.3424479
v 0.2634483 -0.3698262 0.3638089
v 0.2896616 -0.3695095 0.3788695
v 0.3172826 -0.3808596 0.3835945
v 0.3389102 -0.4008352 0.3767175
v 0.3487492 -0.4240839 0.3600814
v 0.3441634 -0.4443761 0.3381438
v 0.3263814 -0.4562747 0.3167827
v 0.300168 -0.4565914 0.301722
v 0.2725471 -0.4452413 0.2969972
v 0.2784672 -0.4353564 0.2872381
v 0.2566498 -0.4156656 0.2943925
v 0.2462525 -0.3933161 0.3119228
v 0.2500614 -0.3742966 0.3351319
v 0.2670557 -0.3637033 0.3578008
v 0.292682 -0.3643745 0.3738556
v 0.3200736 -0.3761306 0.3789943
v 0.3418911 -0.3958214 0.37184
v 0.3522883 -0.4181709 0.3543097
v 0.3484794 -0.4371904 0.3311006
v 0.3314851 -0.4477837 0.3084316
v 0.3058588 -0.4471124 0.2923769
v 0.2784672 -0.4353564 0.2872381
v 0.2846672 -0.4251069 0.2784514
v 0.2626392 -0.405749 0.285902
v 0.2516279 -0.3844068 0.304307
v 0.2545838 -0.366799 0.3287345
v 0.270715 -0.3576435 0.3526394
v 0.2956989 -0.3593937 0.3696162
v 0.3228414 -0.3715805 0.3751162
v 0.3448694 -0.3909385 0.3676655
v 0.3558807 -0.4122807 0.3492607
v 0.3529248 -0.4298885 0.3248332
v 0.3367936 -0.4390439 0.3009284
v 0.3118096 -0.4372937 0.2839514
v 0.2846672 -0.4251069 0.2784514
v 0.2911277 -0.4145221 0.2706685
v 0.2688599 -0.3955522 0.2784218
v 0.2571722 -0.3753244 0.2976586
v 0.2591964 -0.3592586 0.3232244
v 0.27439 -0.3516595 0.3482689
v 0.2986821 -0.3545635 0.3660815
v 0.3255634 -0.3671923 0.3718892
v 0.3478312 -0.3861621 0.3641359
v 0.3595189 -0.4063899 0.3448991
v 0.3574947 -0.4224557 0.3193332
v 0.3423011 -0.4300548 0.2942888
v 0.318009 -0.4271508 0.2764761
v 0.2911277 -0.4145221 0.2706685
v 0.2978229 -0.4036421 0.2639196
v 0.2752793 -0.3851205 0.2719655
v 0.2628493 -0.3661084 0.2919663
v 0.2638633 -0.3517 0.3185626
v 0.2780497 -0.3457561 0.3446282
v 0.3016073 -0.3498693 0.3631786
v 0.3282238 -0.3629375 0.3692435
v 0.3507674 -0.3814591 0.3611975
v 0.3631974 -0.4004712 0.3411968
v 0.3621834 -0.4148796 0.3146005
v 0.347997 -0.4208235 0.2885349
v 0.3244394 -0.4167103 0.2699844
v 0.2978229 -0.4036421 0.2639196
v 0.3047201 -0.3925185 0.25823
v 0.2818604 -0.3745061 0.2665395
v 0.2686217 -0.3567995 0.2872102
v 0.2685515 -0.3441434 0.3147035
v 0.2816684 -0.3399288 0.3416524
v 0.3044578 -0.3452851 0.3608361
v 0.3308133 -0.358777 0.3671143
v 0.353673 -0.3767895 0.3588048
v 0.3669117 -0.394496 0.3381341
v 0.366982 -0.4071521 0.3106408
v 0.3538651 -0.4113667 0.2836919
v 0.3310757 -0.4060104 0.2645081
v 0.3047201 -0.3925185 0.25823
v 0.3117806 -0.3812107 0.2536154
v 0.2885628 -0.3637651 0.2621393
v 0.2744531 -0.3474374 0.2833619
v 0.2732322 -0.3366025 0.3115964
v 0.2852273 -0.3341637 0.3392774
v 0.3072242 -0.3407744 0.3589879
v 0.3333289 -0.3546634 0.3654465
v 0.3565467 -0.372109 0.3569226
v 0.3706564 -0.3884367 0.3357
v 0.3718773 -0.3992716 0.3074657
v 0.3598822 -0.4017104 0.2797846
v 0.3378853 -0.3950996 0.2600739
v 0.3117806 -0.3812107 0.2536154
v 0.3190025 -0.3697208 0.2500676
v 0.2953963 -0.3528767 0.2587333
v 0.2803574 -0.3379852 0.28037
v 0.2779156 -0.3290365 0.3091801
v 0.2887251 -0.3284284 0.3374443
v 0.3098895 -0.3363238 0.3575888
v 0.3357378 -0.3506071 0.3642161
v 0.3593441 -0.3674512 0.3555505
v 0.3743829 -0.3823427 0.3339137
v 0.3768248 -0.3912914 0.3051035
v 0.3660153 -0.3918996 0.2768395
v 0.3448509 -0.3840042 0.2566949
v 0.3190025 -0.3697208 0.2500676
v 0.3263941 -0.3580509 0.247604
v 0.3023859 -0.3418138 0.2563238
v 0.286369 -0.3283962 0.2782214
v 0.2826352 -0.3213934 0.307429
v 0.2921849 -0.3226816 0.3361207
v 0.3124593 -0.3319157 0.3566086
v 0.3380259 -0.3466215 0.3634028
v 0.3620341 -0.3628585 0.354683
v 0.378051 -0.3762761 0.3327855
v 0.3817848 -0.383279 0.3035778
v 0.3722351 -0.3819908 0.2748861
v 0.3519607 -0.3727566 0.2543982
v 0.3263941 -0.3580509 0.247604
v 0.3339211 -0.3462725 0.2462602
v 0.3095074 -0.3306311 0.2549429
v 0.2924804 -0.3186955 0.2769359
v 0.2874025 -0.3136639 0.3063464
v 0.2956342 -0.3168845 0.3352935
v 0.3149699 -0.3274944 0.3560211
v 0.3402286 -0.3426505 0.3629752
v 0.3646423 -0.358292 0.3542924
v 0.3816693 -0.3702275 0.3322994
v 0.3867473 -0.3752591 0.3028891
v 0.3785156 -0.3720385 0.2739419
v 0.3591799 -0.3614287 0.2532142
v 0.3339211 -0.3462725 0.2462602
v 0.3415429 -0.334464 0.2460549
v 0.3167312 -0.3193892 0.2546107
v 0.2986809 -0.3089122 0.2765307
v 0.2922287 -0.30584 0.3059417
v 0.2991034 -0.3109961 0.3349628
v 0.3174629 -0.3229987 0.3558179
v 0.3423879 -0.3386318 0.362919
v 0.3671996 -0.3537066 0.3543632
v 0.3852499 -0.3641837 0.3324431
v 0.3917021 -0.3672558 0.3030322
v 0.3848274 -0.3620998 0.2740111
v 0.3664679 -0.3500971 0.2531558
v 0.3415429 -0.334464 0.2460549
v 0.3492159 -0.3227044 0.2469877
v 0.3240241 -0.3081512 0.2553332
v 0.3049572 -0.299078 0.2770174
v 0.297124 -0.2979161 0.3062297
v 0.3026235 -0.3049769 0.335143
v 0.319982 -0.3183682 0.3560097
v 0.3445485 -0.3345021 0.3632388
v 0.3697403 -0.3490554 0.3548932
v 0.3888073 -0.3581285 0.333209
v 0.3966405 -0.3592904 0.3039968
v 0.391141 -0.3522296 0.2750835
v 0.3737824 -0.3388382 0.2542168
v 0.3492159 -0.3227044 0.2469877
v 0.3568976 -0.3110676 0.2490394
v 0.3313531 -0.2969771 0.2571025
v 0.3112944 -0.2892259 0.2784014
v 0.3020961 -0.2898908 0.3072287
v 0.3062228 -0.2987937 0.3358605
v 0.3225689 -0.313549 0.3566248
v 0.3467544 -0.3302032 0.3639579
v 0.3722988 -0.3442937 0.3558947
v 0.3923576 -0.3520449 0.334596
v 0.4015559 -0.3513801 0.3057686
v 0.3974291 -0.3424771 0.2771368
v 0.381083 -0.3277218 0.2563725
v 0.3568976 -0.3110676 0.2490394
v 0.3645496 -0.2996177 0.2521759
v 0.3386874 -0.2859214 0.2598981
v 0.3176777 -0.2793877 0.2806821
v 0.3071501 -0.2817672 0.3089589
v 0.3099254 -0.2924224 0.3371518
v 0.32526 -0.3084981 0.3577064
v 0.3490449 -0.325687 0.3651152
v 0.3749072 -0.3393832 0.357393
v 0.3959168 -0.345917 0.336609
v 0.4064444 -0.3435375 0.3083322
v 0.4036691 -0.3328823 0.2801393
v 0.3883346 -0.3168066 0.2595847
v 0.3645496 -0.2996177 0.2521759
v 0.3721412 -0.2884052 0.2563514
v 0.3460011 -0.2750288 0.2636894
v 0.3240936 -0.2695926 0.2838532
v 0.3122886 -0.2735531 0.3114398
v 0.3137492 -0.2858493 0.3390576
v 0.3280842 -0.3031862 0.3593063
v 0.3514524 -0.3209186 0.3667604
v 0.3775924 -0.3342949 0.3594224
v 0.3995 -0.3397312 0.3392587
v 0.411305 -0.3357706 0.311672
v 0.4098443 -0.3234745 0.2840542
v 0.3955094 -0.3061375 0.2638054
v 0.3721412 -0.2884052 0.2563514
v 0.3796497 -0.2774664 0.261515
v 0.3532747 -0.2643335 0.2684405
v 0.3305305 -0.2598657 0.2879035
v 0.3175114 -0.2652601 0.3146893
v 0.3177059 -0.2790712 0.3416204
v 0.3310618 -0.2975985 0.3614807
v 0.3540004 -0.3158774 0.3689488
v 0.3803754 -0.3290103 0.3620234
v 0.4031196 -0.3334781 0.3425604
v 0.4161387 -0.3280838 0.3157747
v 0.4159442 -0.3142726 0.2888435
v 0.4025883 -0.2957454 0.268983
v 0.3796497 -0.2774664 0.261515
v 0.3870616 -0.2668241 0.2676153
v 0.3604952 -0.2538595 0.2741132
v 0.3369802 -0.2502279 0.2928194
v 0.3228172 -0.2569022 0.3187219
v 0.3218014 -0.2720942 0.3448799
v 0.3342048 -0.2917331 0.3642845
v 0.356704 -0.3105567 0.3717363
v 0.3832704 -0.3235213 0.3652385
v 0.4067855 -0.3271529 0.3465323
v 0.4209484 -0.3204785 0.3206298
v 0.4219643 -0.3052866 0.2944717
v 0.4095608 -0.2856477 0.2750671
v 0.3870616 -0.2668241 0.2676153
v 0.4015781 -0.2464634 0.2824378
v 0.3747559 -0.233625 0.2880784
v 0.3498987 -0.2312791 0.3051865
v 0.3336669 -0.2400546 0.329178
v 0.3304097 -0.2575999 0.3536244
v 0.3410001 -0.2792138 0.3719752
v 0.3626002 -0.2991049 0.3793135
v 0.3894224 -0.3119434 0.3736729
v 0.4142796 -0.3142892 0.3565648
v 0.4305115 -0.3055138 0.3325734
v 0.4337686 -0.2879685 0.308127
v 0.4231783 -0.2663546 0.2897761
v 0.4015781 -0.2464634 0.2824378
v 0.4157117 -0.2273187 0.3005072
v 0.3887888 -0.2143605 0.3053359
v 0.3628392 -0.2128291 0.3208389
v 0.344816 -0.2231351 0.3428621
v 0.3395484 -0.2425168 0.3655045
v 0.348448 -0.2657809 0.382699
v 0.3691301 -0.286694 0.3898382
v 0.3960529 -0.2996522 0.3850094
v 0.4220025 -0.3011836 0.3695064
v 0.4400257 -0.2908776 0.3474832
v 0.4452933 -0.271496 0.3248409
v 0.4363937 -0.2482318 0.3076464
v 0.4157117 -0.2273187 0.3005072
v 0.4295383 -0.2093199 0.3216219
v 0.4026506 -0.1960393 0.3257146
v 0.3758252 -0.1949185 0.3396864
v 0.3562498 -0.2062577 0.3597936
v 0.3491698 -0.2270187 0.3806484
v 0.3564822 -0.2516386 0.396663
v 0.3762276 -0.2735204 0.403546
v 0.4031153 -0.286801 0.3994533
v 0.4299407 -0.2879218 0.3854814
v 0.449516 -0.2765826 0.3653743
v 0.4565961 -0.2558216 0.3445194
v 0.4492837 -0.2312017 0.3285049
v 0.4295383 -0.2093199 0.3216219
v 0.4431432 -0.1923746 0.345698
v 0.416393 -0.1786306 0.3491034
v 0.388853 -0.17761 0.3616166
v 0.3679026 -0.1895864 0.3798845
v 0.3591555 -0.2113506 0.3990125
v 0.3649554 -0.2370709 0.413875
v 0.3837482 -0.2598557 0.4204898
v 0.4104986 -0.2735997 0.4170844
v 0.4380385 -0.2746203 0.4045712
v 0.4589889 -0.2626439 0.3863032
v 0.467736 -0.2408797 0.3671753
v 0.4619361 -0.2151593 0.3523127
v 0.4431432 -0.1923746 0.345698
v 0.4564715 -0.1764824 0.3726547
v 0.4299396 -0.1621773 0.3753925
v 0.4018004 -0.1610311 0.3864804
v 0.3795937 -0.1733508 0.4029473
v 0.3692698 -0.1958354 0.4203809
v 0.373595 -0.2224601 0.43411
v 0.3914104 -0.2460909 0.4404558
v 0.4179423 -0.260396 0.437718
v 0.4460815 -0.2615422 0.4266301
v 0.4682882 -0.2492225 0.4101632
v 0.4786121 -0.226738 0.3927295
v 0.4742869 -0.2001132 0.3790005
v 0.4564715 -0.1764824 0.3726547
v 0.4693694 -0.1617407 0.4023702
v 0.4431367 -0.146791 0.4044741
v 0.4145002 -0.1453369 0.4141646
v 0.391133 -0.1577677 0.4288451
v 0.3792963 -0.1807528 0.4445821
v 0.3821617 -0.2081332 0.4571587
v 0.3989616 -0.2325724 0.4632052
v 0.4251943 -0.2475221 0.4611013
v 0.4538308 -0.2489763 0.4514108
v 0.4771981 -0.2365454 0.4367302
v 0.4890347 -0.2135604 0.4209933
v 0.4861692 -0.1861799 0.4084166
v 0.4693694 -0.1617407 0.4023702
v 0.481648 -0.1482853 0.4347147
v 0.4557924 -0.132625 0.4362363
v 0.4267546 -0.1307164 0.444557
v 0.4023153 -0.1430708 0.4574473
v 0.3890229 -0.1663778 0.4714532
v 0.3904393 -0.1943924 0.4828221
v 0.4061848 -0.2196081 0.4885073
v 0.4320405 -0.2352683 0.4869857
v 0.4610783 -0.2371769 0.478665
v 0.4855176 -0.2248225 0.4657747
v 0.4988099 -0.2015155 0.4517687
v 0.4973935 -0.1735009 0.4403999
v 0.481648 -0.1482853 0.4347147
v 0.4930953 -0.1362742 0.4695477
v 0.4676874 -0.1198582 0.4705583
v 0.4383414 -0.117381 0.4775406
v 0.4129207 -0.1295064 0.4886237
v 0.3982368 -0.1529855 0.5008379
v 0.3982241 -0.181527 0.5109103
v 0.412886 -0.2074833 0.5161421
v 0.438294 -0.2238993 0.5151315
v 0.4676399 -0.2263765 0.5081493
v 0.4930606 -0.2142511 0.4970662
v 0.5077446 -0.190772 0.4848521
v 0.5077572 -0.1622305 0.4747796
v 0.4930953 -0.1362742 0.4695477
v 0.503484 -0.1258787 0.5067179
v 0.478582 -0.1086853 0.5073083
v 0.4490185 -0.1055564 0.5129899
v 0.4227151 -0.1173304 0.5222405
v 0.4067197 -0.1408525 0.5325813
v 0.4053183 -0.1698198 0.5412415
v 0.4188863 -0.1964707 0.5459006
v 0.4437884 -0.2136641 0.5453103
v 0.4733519 -0.216793 0.5396286
v 0.4996553 -0.205019 0.530378
v 0.5156507 -0.181497 0.5200372
v 0.5170521 -0.1525296 0.511377
v 0.503484 -0.1258787 0.5067179
v 0.5125778 -0.1172764 0.5460633
v 0.4882216 -0.09931046 0.5463411
v 0.4585267 -0.09547776 0.5507675
v 0.4314497 -0.1068053 0.5581565
v 0.4142459 -0.1302577 0.5665281
v 0.4115251 -0.159551 0.5736392
v 0.4240162 -0.1868362 0.5775844
v 0.4483724 -0.2048021 0.5773067
v 0.4780673 -0.2086348 0.5728802
v 0.5051444 -0.1973073 0.5654913
v 0.5223481 -0.1738549 0.5571197
v 0.5250689 -0.1445615 0.5500085
v 0.5125778 -0.1172764 0.5460633
v 0.5201351 -0.1106489 0.5874121
v 0.4963408 -0.09194338 0.5874971
v 0.4665932 -0.08738607 0.5907201
v 0.4388633 -0.09819818 0.5962176
v 0.4205812 -0.1214826 0.6025164
v 0.4166456 -0.1510001 0.6079289
v 0.4281111 -0.1788418 0.6110047
v 0.4519054 -0.1975473 0.6109196
v 0.4816529 -0.2021046 0.6076966
v 0.5093828 -0.1912925 0.6021991
v 0.5276649 -0.1680081 0.5959003
v 0.5316005 -0.1384905 0.5904878
v 0.5201351 -0.1106489 0.5874121
v 0.5259182 -0.1061461 0.6302809
v 0.5026685 -0.08676761 0.6302688
v 0.472941 -0.08149308 0.632397
v 0.4447013 -0.09173566 0.6360951
v 0.425516 -0.114751 0.6403723
v 0.4205259 -0.144372 0.6440824
v 0.4310681 -0.1726619 0.6462314
v 0.4543178 -0.1920404 0.6462433
v 0.4840453 -0.1973149 0.6441151
v 0.5122851 -0.1870723 0.640417
v 0.5314704 -0.164057 0.6361399
v 0.5364604 -0.134436 0.6324297
v 0.5259182 -0.1061461 0.6302809
v 0.5298976 -0.1036568 0.6741282
v 0.5071588 -0.08368146 0.6740659
v 0.4775093 -0.07771295 0.6752331
v 0.4488939 -0.08735061 0.677317
v 0.4289799 -0.110012 0.6797593
v 0.4231032 -0.139625 0.6819055
v 0.4328386 -0.1682549 0.6831806
v 0.4555774 -0.1882302 0.6832429
v 0.4852268 -0.1941987 0.6820757
v 0.5138422 -0.1845611 0.6799918
v 0.5337563 -0.1618997 0.6775495
v 0.5396329 -0.1322867 0.6754032
v 0.5298976 -0.1036568 0.6741282
v 0.5321285 -0.1029943 0.7186894
v 0.5098675 -0.08248782 0.718599
v 0.4803381 -0.07585502 0.7189011
v 0.4514526 -0.08487308 0.7195148
v 0.430951 -0.1071256 0.7202758
v 0.4243265 -0.13665 0.72098
v 0.4333542 -0.1655353 0.7214388
v 0.4556152 -0.1860417 0.7215292
v 0.4851446 -0.1926745 0.7212271
v 0.5140301 -0.1836565 0.7206134
v 0.5345318 -0.161404 0.7198524
v 0.5411562 -0.1318796 0.7191482
v 0.5321285 -0.1029943 0.7186894
v 0.5326498 -0.1039936 0.7636961
v 0.5108374 -0.08301079 0.7635815
v 0.4814606 -0.07574266 0.7630823
v 0.4523909 -0.08413672 0.7623323
v 0.4314174 -0.1059438 0.7615324
v 0.4241601 -0.1353207 0.7608969
v 0.4325635 -0.1643958 0.7605961
v 0.454376 -0.1853786 0.7607107
v 0.4837528 -0.1926467 0.7612098
v 0.5128225 -0.1842527 0.7619599
v 0.533796 -0.1624456 0.7627598
v 0.5410532 -0.1330687 0.7633953
v 0.5326498 -0.1039936 0.7636961
v 0.5314869 -0.1065061 0.8088741
v 0.5100998 -0.08509016 0.8087263
v 0.480904 -0.07721084 0.8074623
v 0.4517227 -0.08497947 0.8054211
v 0.4303747 -0.1063144 0.8031495
v 0.4225805 -0.1354989 0.8012561
v 0.4304283 -0.1647131 0.8002484
v 0.4518154 -0.186129 0.8003963
v 0.4810111 -0.1940083 0.8016602
v 0.5101925 -0.1862397 0.8037014
v 0.5315404 -0.1649048 0.8059731
v 0.5393347 -0.1357203 0.8078664
v 0.5314869 -0.1065061 0.8088741
v 0.5286541 -0.1103948 0.8539444
v 0.5076767 -0.08857775 0.853744
v 0.4786906 -0.0801034 0.8517287
v 0.4494625 -0.08724236 0.8484383
v 0.4278241 -0.1080818 0.8447546
v 0.4195735 -0.1370379 0.8416647
v 0.4269212 -0.1663517 0.8399963
v 0.4478986 -0.1881687 0.8401967
v 0.4768848 -0.196643 0.8422121
v 0.5061128 -0.189504 0.8455025
v 0.5277511 -0.1686646 0.8491862
v 0.5360018 -0.1397085 0.8522761
v 0.5286541 -0.1103948 0.8539444
v 0.5241561 -0.1155324 0.8986242
v 0.5035822 -0.09333533 0.8983448
v 0.4748381 -0.08427161 0.8955705
v 0.4456257 -0.09076983 0.891045
v 0.4237725 -0.1110888 0.8859807
v 0.415134 -0.1397841 0.8817346
v 0.4220248 -0.1691668 0.8794446
v 0.4425988 -0.1913638 0.8797241
v 0.4713429 -0.2004276 0.8824983
v 0.5005553 -0.1939293 0.8870238
v 0.5224085 -0.1736104 0.8920881
v 0.531047 -0.1449151 0.8963342
v 0.5241561 -0.1155324 0.8986242
v 0.5179884 -0.1218004 0.9426287
v 0.4978231 -0.09923321 0.9422379
v 0.4693611 -0.08957303 0.9386788
v 0.4402288 -0.09540814 0.9329052
v 0.4182323 -0.1151752 0.9264641
v 0.4092654 -0.1435776 0.9210814
v 0.4157309 -0.1730049 0.9181994
v 0.4358963 -0.195572 0.9185903
v 0.4643583 -0.2052322 0.9221494
v 0.4934905 -0.1993971 0.927923
v 0.5154871 -0.17963 0.9343641
v 0.5244539 -0.1512276 0.9397467
v 0.5179884 -0.1218004 0.9426287
v 0.5101554 -0.1290884 0.9856403
v 0.4904084 -0.1061564 0.9851345
v 0.462273 -0.09588468 0.9807799
v 0.433288 -0.1010255 0.9737434
v 0.4112199 -0.1202014 0.9659103
v 0.4019819 -0.1482741 0.9593797
v 0.4080492 -0.1777217 0.9559013
v 0.4277962 -0.2006537 0.9564071
v 0.4559315 -0.2109254 0.9607617
v 0.4849165 -0.2057846 0.9677982
v 0.5069847 -0.1866087 0.9756312
v 0.5162227 -0.1585359 0.9821619
v 0.5101554 -0.1290884 0.9856403
v 0.5007047 -0.137314 1.027341
v 0.4813822 -0.1140254 1.026746
v 0.4536186 -0.1031268 1.0216
v 0.4248531 -0.1075385 1.013285
v 0.4027933 -0.1260783 1.004026
v 0.3933502 -0.1537786 0.9963065
v 0.3990541 -0.183217 0.9921935
v 0.4183766 -0.2065056 0.9927894
v 0.4461403 -0.2174042 0.9979346
v 0.4749058 -0.2129925 1.00625
v 0.4969655 -0.1944527 1.015509
v 0.5064086 -0.1667524 1.023228
v 0.5007047 -0.137314 1.027341
v 0.4896798 -0.1464127 1.067451
v 0.4707879 -0.1227752 1.066786
v 0.4434497 -0.1112293 1.060837
v 0.4149904 -0.1148686 1.051199
v 0.3930356 -0.1327181 1.040454
v 0.3834681 -0.1599949 1.031481
v 0.3888515 -0.1893902 1.026685
v 0.4077434 -0.2130277 1.02735
v 0.4350816 -0.2245736 1.033298
v 0.4635409 -0.2209342 1.042937
v 0.4854957 -0.2030848 1.053682
v 0.4950632 -0.175808 1.062654
v 0.4896798 -0.1464127 1.067451
v 0.477107 -0.1563293 1.105693
v 0.4586528 -0.1323501 1.104975
v 0.4318072 -0.1201286 1.098192
v 0.4037634 -0.1229395 1.087159
v 0.3820357 -0.1400295 1.074834
v 0.3724461 -0.1668195 1.064518
v 0.3775641 -0.1961311 1.058977
v 0.3960184 -0.2201103 1.059694
v 0.422864 -0.2323318 1.066478
v 0.4509078 -0.2295209 1.07751
v 0.4726354 -0.2124309 1.089836
v 0.482225 -0.1856409 1.100151
v 0.477107 -0.1563293 1.105693
v 0.4629884 -0.1670232 1.141797
v 0.4449805 -0.1427082 1.141043
v 0.4187153 -0.1297707 1.133373
v 0.3912304 -0.1316772 1.120842
v 0.3698905 -0.1479168 1.106808
v 0.3604136 -0.1741383 1.095031
v 0.365339 -0.2033155 1.088667
v 0.3833469 -0.2276305 1.089421
v 0.4096122 -0.2405681 1.097091
v 0.437097 -0.2386616 1.109622
v 0.4584369 -0.2224219 1.123656
v 0.4679138 -0.1962005 1.135433
v 0.4629884 -0.1670232 1.141797
v 0.4472906 -0.1784733 1.1755
v 0.4297402 -0.1538267 1.174723
v 0.404174 -0.140115 1.166096
v 0.3774424 -0.1410123 1.151929
v 0.3567082 -0.156278 1.136019
v 0.347527 -0.1818218 1.12263
v 0.3523589 -0.2107993 1.115347
v 0.3699093 -0.2354459 1.116124
v 0.3954755 -0.2491575 1.124751
v 0.4222071 -0.2482603 1.138917
v 0.4429413 -0.2329946 1.154827
v 0.4521225 -0.2074508 1.168217
v 0.4472906 -0.1784733 1.1755
v 0.4299268 -0.190686 1.206533
v 0.4128486 -0.1657101 1.205749
v 0.3881457 -0.151141 1.196075
v 0.3624374 -0.1508824 1.180103
v 0.3426121 -0.1650036 1.162114
v 0.3339821 -0.1897208 1.146927
v 0.3388596 -0.2184111 1.138611
v 0.3559378 -0.243387 1.139395
v 0.3806406 -0.2579561 1.149069
v 0.4063489 -0.2582147 1.16504
v 0.4261742 -0.2440935 1.18303
v 0.4348043 -0.2193762 1.198217
v 0.4299268 -0.190686 1.206533
v 0.4107335 -0.2037027 1.234606
v 0.3941453 -0.1783985 1.233831
v 0.3705362 -0.1628543 1.223011
v 0.3462326 -0.1612353 1.205045
v 0.3277463 -0.1739752 1.184747
v 0.3200309 -0.1976603 1.167555
v 0.3251536 -0.2259444 1.158077
v 0.3417419 -0.2512485 1.158851
v 0.3653509 -0.2667927 1.169671
v 0.3896546 -0.2684117 1.187637
v 0.4081409 -0.2556718 1.207935
v 0.4158563 -0.2319866 1.225127
v 0.4107335 -0.2037027 1.234606
v 0.3898009 -0.2173641 1.259097
v 0.3737052 -0.1917429 1.258354
v 0.3514132 -0.17513 1.246389
v 0.328898 -0.1719769 1.226409
v 0.3121925 -0.1831285 1.203768
v 0.305773 -0.2055966 1.184531
v 0.3113595 -0.2333611 1.173854
v 0.3274551 -0.2589824 1.174598
v 0.3497471 -0.2755953 1.186562
v 0.3722623 -0.2787484 1.206542
v 0.3889678 -0.2675968 1.229184
v 0.3953874 -0.2451286 1.24842
v 0.3898009 -0.2173641 1.259097
v 0.3675552 -0.2313313 1.279629
v 0.3519458 -0.2054095 1.278935
v 0.3311326 -0.1876854 1.265945
v 0.3106927 -0.1829081 1.24414
v 0.2961027 -0.1923577 1.219363
v 0.2912722 -0.213502 1.198252
v 0.2974954 -0.2406757 1.186465
v 0.3131049 -0.2665974 1.18716
v 0.333918 -0.2843215 1.20015
v 0.354358 -0.2890988 1.221955
v 0.3689479 -0.2796493 1.246732
v 0.3737784 -0.2585049 1.267842
v 0.3675552 -0.2313313 1.279629
v 0.3442748 -0.2454053 1.296236
v 0.3291602 -0.2191904 1.295608
v 0.3099916 -0.2003111 1.281744
v 0.2919054 -0.1938262 1.258358
v 0.2797477 -0.2014733 1.231717
v 0.2767763 -0.2212034 1.208958
v 0.2837871 -0.2477298 1.19618
v 0.2989018 -0.2739448 1.196807
v 0.3180704 -0.292824 1.210671
v 0.3361565 -0.299309 1.234057
v 0.3483142 -0.2916618 1.260699
v 0.3512857 -0.2719317 1.283458
v 0.3442748 -0.2454053 1.296236
v 0.3202443 -0.2593924 1.308956
v 0.3056517 -0.2328811 1.308425
v 0.2882986 -0.2127994 1.293877
v 0.2728347 -0.2045281 1.269208
v 0.2634034 -0.2102834 1.24103
v 0.2625321 -0.2285233 1.216893
v 0.270454 -0.2543604 1.203263
v 0.2850466 -0.2808717 1.203794
v 0.3023997 -0.3009534 1.218343
v 0.3178636 -0.3092248 1.243011
v 0.3272949 -0.3034694 1.271189
v 0.3281662 -0.2852295 1.295327
v 0.3202443 -0.2593924 1.308956
v 0.3080359 -0.2662947 1.313872
v 0.2937208 -0.2396314 1.313407
v 0.2773414 -0.2189294 1.298602
v 0.2632865 -0.2097358 1.273422
v 0.2553222 -0.214514 1.244616
v 0.2555824 -0.2319838 1.219901
v 0.2639974 -0.257464 1.2059
v 0.2783126 -0.2841274 1.206365
v 0.294692 -0.3048294 1.221171
v 0.3087469 -0.314023 1.246351
v 0.3167112 -0.3092448 1.275157
v 0.316451 -0.291775 1.299872
v 0.3080359 -0.2662947 1.313872
v 0.2957445 -0.2731061 1.317832
v 0.2817208 -0.246287 1.31745
v 0.2663603 -0.2249514 1.302453
v 0.2537789 -0.2148161 1.276859
v 0.2473477 -0.2185968 1.247526
v 0.2487899 -0.2352806 1.222314
v 0.2577192 -0.260397 1.207979
v 0.2717428 -0.2872161 1.208361
v 0.2871033 -0.3085517 1.223358
v 0.2996848 -0.318687 1.248952
v 0.306116 -0.3149063 1.278285
v 0.3046738 -0.2982225 1.303497
v 0.2957445 -0.2731061 1.317832
v 0.2834032 -0.2798046 1.32084
v 0.2696868 -0.2528258 1.320562
v 0.2553914 -0.2308429 1.305447
v 0.2443475 -0.2197462 1.279544
v 0.2395142 -0.2225091 1.249794
v 0.2421868 -0.2383911 1.224168
v 0.251649 -0.2631368 1.209533
v 0.2653654 -0.2901157 1.20981
v 0.2796608 -0.3120985 1.224925
v 0.2907048 -0.3231952 1.250828
v 0.295538 -0.3204324 1.280578
v 0.2928654 -0.3045503 1.306204
v 0.2834032 -0.2798046 1.32084
v 0.2710443 -0.2863683 1.322895
v 0.2576522 -0.2592261 1.322751
v 0.2444688 -0.2365823 1.307601
v 0.2350265 -0.2245043 1.281504
v 0.2318554 -0.2262284 1.251453
v 0.2358053 -0.2412927 1.225501
v 0.2458176 -0.2656607 1.2106
v 0.2592098 -0.292803 1.210744
v 0.2723932 -0.3154468 1.225894
v 0.2818355 -0.3275248 1.251991
v 0.2850066 -0.3258006 1.282042
v 0.2810567 -0.3107363 1.307994
v 0.2710443 -0.2863683 1.322895
v 0.2586992 -0.2927755 1.323997
v 0.2456491 -0.2654668 1.324021
v 0.2336249 -0.2421488 1.308929
v 0.2258486 -0.2290698 1.282765
v 0.2244037 -0.229734 1.25254
v 0.2296775 -0.2439637 1.226353
v 0.2402568 -0.2679459 1.21122
v 0.2533069 -0.2952546 1.211196
v 0.265331 -0.3185725 1.226288
v 0.2731073 -0.3316516 1.252452
v 0.2745522 -0.3309873 1.282677
v 0.2692784 -0.3167577 1.308864
v 0.2586992 -0.2927755 1.323997
v 0.2463988 -0.2990036 1.324141
v 0.233708 -0.271527 1.324375
v 0.2228903 -0.247523 1.309446
v 0.2168444 -0.2334235 1.283356
v 0.2171901 -0.2330063 1.253094
v 0.2238349 -0.2463833 1.226769
v 0.2349984 -0.2699701 1.211436
v 0.2476892 -0.2974467 1.211202
v 0.2585069 -0.3214507 1.226131
v 0.2645528 -0.3355502 1.252221
v 0.2642071 -0.3359674 1.282483
v 0.2575622 -0.3225904 1.308808
v 0.2463988 -0.2990036 1.324141
v 0.2341746 -0.3050286 1.323316
v 0.2218586 -0.2773854 1.323811
v 0.2122934 -0.2526857 1.309165
v 0.2080418 -0.2375478 1.283303
v 0.2102432 -0.2360278 1.253155
v 0.2183075 -0.2485332 1.226798
v 0.2300741 -0.2717129 1.211296
v 0.24239 -0.2993561 1.210802
v 0.2519552 -0.3240558 1.225448
v 0.2562068 -0.3391936 1.251309
v 0.2540055 -0.3407136 1.281458
v 0.2459411 -0.3282083 1.307814
v 0.2341746 -0.3050286 1.323316
v 0.2220594 -0.3108242 1.321508
v 0.2101306 -0.2830193 1.322322
v 0.2018609 -0.257618 1.308093
v 0.1994662 -0.2414268 1.282634
v 0.2035881 -0.2387839 1.252766
v 0.2131222 -0.2503975 1.226492
v 0.2255138 -0.2731559 1.210853
v 0.2374426 -0.3009608 1.210039
v 0.2457123 -0.326362 1.224268
v 0.248107 -0.3425533 1.249727
v 0.2439851 -0.3451961 1.279595
v 0.234451 -0.3335825 1.305869
v 0.2220594 -0.3108242 1.321508
v 0.2100151 -0.3163949 1.31867
v 0.1984731 -0.2884412 1.319871
v 0.1915491 -0.2623324 1.306216
v 0.1910984 -0.2450645 1.281363
v 0.1972418 -0.2412643 1.251971
v 0.2083332 -0.2519501 1.225916
v 0.2214006 -0.2742586 1.210179
v 0.2329426 -0.3022123 1.208977
v 0.2398666 -0.328321 1.222632
v 0.2403173 -0.345589 1.247486
v 0.2341739 -0.3493892 1.276878
v 0.2230825 -0.3387034 1.302933
v 0.2100151 -0.3163949 1.31867
v 0.1980395 -0.3217197 1.314724
v 0.1868599 -0.2936423 1.316381
v 0.1813109 -0.2668343 1.303473
v 0.1828793 -0.248479 1.279459
v 0.1911449 -0.2434946 1.250773
v 0.2038929 -0.2532167 1.225101
v 0.2177075 -0.2750403 1.209322
v 0.2288871 -0.3031177 1.207665
v 0.2344361 -0.3299257 1.220573
v 0.2328677 -0.348281 1.244587
v 0.2246021 -0.3532654 1.273274
v 0.2118541 -0.3435433 1.298945
v 0.1980395 -0.3217197 1.314724
v 0.1862435 -0.3267247 1.309636
v 0.1753802 -0.2985581 1.311806
v 0.1711834 -0.2710869 1.299815
v 0.1747777 -0.251672 1.276875
v 0.1851998 -0.2455156 1.249135
v 0.1996574 -0.2542672 1.224026
v 0.2142763 -0.2755819 1.208276
v 0.2251396 -0.3037485 1.206107
v 0.2293364 -0.3312197 1.218098
v 0.2257421 -0.3506346 1.241037
v 0.21532 -0.356791 1.268778
v 0.2008624 -0.3480394 1.293887
v 0.1862435 -0.3267247 1.309636
v 0.1747527 -0.3313364 1.303421
v 0.164141 -0.3031217 1.306141
v 0.1612201 -0.2750487 1.295213
v 0.1667726 -0.2546394 1.273563
v 0.1793108 -0.2473624 1.246994
v 0.195475 -0.2551677 1.222625
v 0.210934 -0.2759638 1.206985
v 0.2215457 -0.3041785 1.204265
v 0.2244666 -0.3322515 1.215194
v 0.2189141 -0.3526609 1.236843
v 0.2063759 -0.3599378 1.263412
v 0.1902117 -0.3521326 1.287781
v 0.1747527 -0.3313364 1.303421
v 0.1636845 -0.3354955 1.296142
v 0.1532476 -0.3072757 1.299427
v 0.1514796 -0.2786804 1.289667
v 0.1588542 -0.2573716 1.269477
v 0.1733953 -0.2490589 1.244268
v 0.1912068 -0.2559697 1.220793
v 0.2075159 -0.2762524 1.205343
v 0.2179528 -0.3044721 1.202058
v 0.2197208 -0.3330674 1.211818
v 0.2123462 -0.3543763 1.232008
v 0.1978051 -0.362689 1.257217
v 0.1799936 -0.3557781 1.280692
v 0.1636845 -0.3354955 1.296142
v 0.1531265 -0.3391658 1.287893
v 0.1427837 -0.3109818 1.291735
v 0.1420128 -0.2819529 1.283203
v 0.1510205 -0.2598572 1.264583
v 0.1673931 -0.2506152 1.240864
v 0.1867436 -0.2567035 1.218402
v 0.203887 -0.2764905 1.203215
v 0.2142299 -0.3046745 1.199372
v 0.2150007 -0.3337035 1.207904
v 0.205993 -0.3557992 1.226524
v 0.1896204 -0.3650411 1.250244
v 0.1702699 -0.3589529 1.272706
v 0.1531265 -0.3391658 1.287893
v 0.143124 -0.342338 1.278784
v 0.1327978 -0.3142253 1.283157
v 0.1328523 -0.2848508 1.275862
v 0.143273 -0.2620854 1.258856
v 0.1612677 -0.2520291 1.236694
v 0.1820146 -0.2573765 1.215316
v 0.1999547 -0.2766947 1.200449
v 0.2102809 -0.3048074 1.196076
v 0.2102264 -0.3341819 1.203371
v 0.1998056 -0.3569472 1.220377
v 0.181811 -0.3670036 1.242539
v 0.161064 -0.3616562 1.263917
v 0.143124 -0.342338 1.278784
v 0.1336785 -0.3450253 1.268915
v 0.1233 -0.3170125 1.273777
v 0.1240076 -0.2873729 1.267688
v 0.1356119 -0.2640487 1.25228
v 0.1550034 -0.2532895 1.231682
v 0.1769862 -0.2579781 1.211413
v 0.19567 -0.2768584 1.196904
v 0.2060486 -0.3048713 1.192042
v 0.2053409 -0.3345107 1.198131
v 0.1937367 -0.357835 1.213538
v 0.1743452 -0.3685942 1.234136
v 0.1523623 -0.3639055 1.254405
v 0.1336785 -0.3450253 1.268915
v 0.1247556 -0.3472565 1.258361
v 0.1142667 -0.3193653 1.263666
v 0.1154661 -0.2895295 1.25872
v 0.1280324 -0.2657437 1.244849
v 0.1485984 -0.2543813 1.22577
v 0.1716535 -0.2584867 1.206595
v 0.1910202 -0.27696 1.192462
v 0.2015091 -0.3048512 1.187158
v 0.2003097 -0.3346869 1.192104
v 0.1877435 -0.3584727 1.205975
v 0.1671774 -0.3698352 1.225053
v 0.1441222 -0.3657297 1.244228
v 0.1247556 -0.3472565 1.258361
v 0.1162966 -0.3490674 1.247172
v 0.1056507 -0.3213136 1.25287
v 0.107198 -0.2913373 1.248984
v 0.120524 -0.2671706 1.236556
v 0.1420579 -0.2552889 1.218915
v 0.1660298 -0.2588759 1.200789
v 0.1860164 -0.2769705 1.187035
v 0.1966623 -0.3047242 1.181337
v 0.195115 -0.3347006 1.185222
v 0.181789 -0.3588673 1.19765
v 0.160255 -0.370749 1.215291
v 0.1362831 -0.367162 1.233417
v 0.1162966 -0.3490674 1.247172
v 0.1004817 -0.3515725 1.222943
v 0.08942178 -0.3241236 1.229292
v 0.09131509 -0.2939854 1.227248
v 0.1056543 -0.2692335 1.217358
v 0.1285973 -0.2565002 1.202273
v 0.1539965 -0.2591972 1.186035
v 0.1750462 -0.276602 1.172995
v 0.1861062 -0.3040509 1.166646
v 0.1842128 -0.3341891 1.16869
v 0.1698736 -0.358941 1.17858
v 0.1469306 -0.3716743 1.193664
v 0.1215314 -0.3689773 1.209903
v 0.1004817 -0.3515725 1.222943
v 0.08565077 -0.3527884 1.19616
v 0.07409477 -0.3256657 1.203008
v 0.07599315 -0.2954639 1.202442
v 0.09083727 -0.2702756 1.194614
v 0.1146497 -0.25685 1.181622
v 0.1410498 -0.2587844 1.166947
v 0.1629638 -0.2755605 1.154521
v 0.1745198 -0.3026832 1.147673
v 0.1726214 -0.332885 1.148239
v 0.1577773 -0.3580733 1.156066
v 0.1339649 -0.371499 1.169059
v 0.1075647 -0.3695646 1.183734
v 0.08565077 -0.3527884 1.19616
v 0.07128376 -0.3528844 1.166573
v 0.05919227 -0.3260973 1.173806
v 0.06087467 -0.2958834 1.174406
v 0.07588008 -0.2703384 1.168212
v 0.1001879 -0.2563072 1.156884
v 0.1272848 -0.2575494 1.143457
v 0.1499102 -0.2737322 1.131529
v 0.1620017 -0.3005193 1.124296
v 0.1603193 -0.3307332 1.123696
v 0.1453139 -0.3562781 1.129889
v 0.1210061 -0.3703094 1.141218
v 0.09390914 -0.3690672 1.154645
v 0.07128376 -0.3528844 1.166573
v 0.05697075 -0.3519395 1.133828
v 0.04433891 -0.3254957 1.141388
v 0.04569328 -0.295302 1.142968
v 0.06067097 -0.2694488 1.138144
v 0.08525872 -0.2548633 1.12821
v 0.1128683 -0.2554537 1.115826
v 0.1361017 -0.2710619 1.104312
v 0.1487335 -0.2975056 1.096752
v 0.1473792 -0.3276993 1.095171
v 0.1324015 -0.3535526 1.099995
v 0.1078137 -0.3681381 1.109929
v 0.08020413 -0.3675476 1.122313
v 0.05697075 -0.3519395 1.133828
v 0.04276887 -0.3499054 1.098069
v 0.02960923 -0.3238204 1.105931
v 0.03059438 -0.2936838 1.108427
v 0.04546034 -0.2675707 1.104889
v 0.07022384 -0.2524781 1.096263
v 0.09824944 -0.2524501 1.084863
v 0.1220278 -0.267494 1.073741
v 0.1351874 -0.293579 1.065879
v 0.1342023 -0.3237156 1.063383
v 0.1193363 -0.3498287 1.066922
v 0.09457284 -0.3649213 1.075547
v 0.06654719 -0.3649493 1.086948
v 0.04276887 -0.3499054 1.098069
v 0.02897358 -0.3466972 1.059798
v 0.01530403 -0.3209921 1.067937
v 0.01590142 -0.2909584 1.071324
v 0.0306057 -0.2646437 1.069051
v 0.05547693 -0.2490988 1.061728
v 0.08385083 -0.2484892 1.051316
v 0.1081247 -0.2629781 1.040606
v 0.1217943 -0.2886832 1.032467
v 0.1211969 -0.3187169 1.029081
v 0.1064925 -0.3450316 1.031353
v 0.08162135 -0.3605765 1.038677
v 0.05324739 -0.3611861 1.049088
v 0.02897358 -0.3466972 1.059798
v 0.0159159 -0.3422202 1.019551
v 0.00175935 -0.3169213 1.02794
v 0.001963615 -0.2870473 1.032219
v 0.01647392 -0.2606029 1.031243
v 0.04140228 -0.2446739 1.025272
v 0.07006913 -0.2435284 1.015907
v 0.09479323 -0.2574733 1.005656
v 0.1089498 -0.2827722 0.9972678
v 0.1087455 -0.3126462 0.9929885
v 0.09423521 -0.3390905 0.993965
v 0.06930685 -0.3550195 0.9999359
v 0.04063997 -0.3561651 1.009301
v 0.0159159 -0.3422202 1.019551
v 0.003947437 -0.3363704 0.9778817
v -0.0106684 -0.3115091 0.9864899
v -0.01085544 -0.281865 0.9916857
v 0.003436357 -0.2553811 0.992077
v 0.02837762 -0.2391538 0.9875587
v 0.05728528 -0.2375312 0.9793417
v 0.08241358 -0.250948 0.9696276
v 0.09702942 -0.2758092 0.9610193
v 0.09721646 -0.3054534 0.9558235
v 0.08292463 -0.3319372 0.9554323
v 0.05798343 -0.3481645 0.9599504
v 0.02907574 -0.3497872 0.9681675
v 0.003947437 -0.3363704 0.9778817
v -0.006563574 -0.3290332 0.9353433
v -0.02160707 -0.3046459 0.9441364
v -0.02218136 -0.2753179 0.9502935
v -0.008132517 -0.2489078 0.9521647
v 0.01677501 -0.232492 0.9492487
v 0.04586732 -0.2304691 0.9423268
v 0.07134914 -0.2433813 0.9332536
v 0.08639264 -0.2677687 0.9244605
v 0.08696693 -0.2970966 0.9183035
v 0.07291809 -0.3235067 0.9164323
v 0.04801056 -0.3399225 0.9193483
v 0.01891822 -0.3419454 0.9262702
v -0.006563574 -0.3290332 0.9353433
v -0.01523092 -0.3200777 0.8924831
v -0.03066728 -0.2962054 0.9014201
v -0.03162777 -0.2673004 0.9086045
v -0.01785508 -0.2411078 0.9121114
v 0.006960452 -0.2246458 0.911001
v 0.0361695 -0.2223256 0.9055709
v 0.06194553 -0.2347687 0.8972759
v 0.07738191 -0.258641 0.8883389
v 0.07834241 -0.287546 0.8811544
v 0.06456971 -0.3137386 0.8776475
v 0.03975418 -0.3302005 0.878758
v 0.0105451 -0.3325208 0.8841881
v -0.01523092 -0.3200777 0.8924831
v -0.02164319 -0.309348 0.849835
v -0.03743494 -0.2860362 0.8588662
v -0.03879097 -0.2576877 0.8671675
v -0.02534789 -0.2318985 0.8725143
v -0.000707835 -0.2155788 0.8734741
v 0.02852699 -0.2131015 0.8697897
v 0.05452311 -0.2251303 0.8624482
v 0.07031488 -0.2484423 0.853417
v 0.07167092 -0.2767907 0.8451158
v 0.05822784 -0.3025799 0.8397689
v 0.03358778 -0.3188996 0.8388091
v 0.004352927 -0.3213769 0.8424936
v -0.02164319 -0.309348 0.849835
v -0.02540746 -0.2967639 0.808171
v -0.04150477 -0.274058 0.8172378
v -0.04328367 -0.2464081 0.826683
v -0.03026751 -0.2212232 0.8339756
v -0.005943954 -0.2052512 0.8371618
v 0.02316952 -0.2027722 0.8353876
v 0.049272 -0.2144501 0.8291286
v 0.06536931 -0.237156 0.8200617
v 0.06714821 -0.2648059 0.8106166
v 0.05413204 -0.2899908 0.8033239
v 0.02980846 -0.3059627 0.8001378
v 0.0006949604 -0.3084418 0.8019119
v -0.02540746 -0.2967639 0.808171
v -0.02644864 -0.2823771 0.7680591
v -0.04278284 -0.2603309 0.7771
v -0.04501995 -0.2335219 0.7876288
v -0.03256059 -0.2091337 0.7968242
v -0.008743197 -0.1937009 0.8022223
v 0.02005035 -0.1913589 0.8023767
v 0.04610485 -0.2027351 0.7972462
v 0.06243905 -0.2247813 0.7882053
v 0.06467617 -0.2515902 0.7776766
v 0.0522168 -0.2759784 0.7684812
v 0.02839941 -0.2914112 0.763083
v -0.0003941655 -0.2937532 0.7629285
v -0.02644864 -0.2823771 0.7680591
v -0.02480501 -0.2662084 0.7297312
v -0.0412958 -0.2448914 0.7386814
v -0.04402927 -0.2190847 0.7502142
v -0.03227299 -0.1957031 0.7612395
v -0.009177059 -0.1810117 0.7688029
v 0.01907003 -0.1789471 0.770878
v 0.04489946 -0.1900624 0.7669086
v 0.06139025 -0.2113794 0.7579584
v 0.06412372 -0.2371861 0.7464256
v 0.05236745 -0.2605677 0.7354003
v 0.02927151 -0.2752591 0.7278369
v 0.001024425 -0.2773238 0.7257618
v -0.02480501 -0.2662084 0.7297312
v -0.02051687 -0.2482878 0.6934391
v -0.03707293 -0.2277851 0.7022278
v -0.04034352 -0.2031583 0.7146589
v -0.02945226 -0.1810062 0.7274014
v -0.007317513 -0.1672644 0.7370409
v 0.02012977 -0.165615 0.7409947
v 0.04553512 -0.1765 0.7382032
v 0.06209114 -0.1970027 0.7294145
v 0.06536177 -0.2216295 0.7169834
v 0.05447051 -0.2437816 0.7042409
v 0.03233579 -0.2575234 0.6946014
v 0.004888445 -0.2591728 0.6906476
v -0.02051687 -0.2482878 0.6934391
v -0.0136306 -0.2286589 0.6594571
v -0.03014904 -0.2090698 0.6680045
v -0.03399816 -0.1858128 0.6811931
v -0.02414665 -0.1651195 0.6954891
v -0.003234088 -0.1525345 0.7070619
v 0.02313593 -0.1514302 0.7128106
v 0.04789761 -0.1621023 0.7111948
v 0.06441608 -0.1816913 0.7026474
v 0.0682652 -0.2049483 0.6894588
v 0.05841365 -0.2256417 0.6751627
v 0.03750113 -0.2382266 0.66359
v 0.01113105 -0.239331 0.6578413
v -0.0136306 -0.2286589 0.6594571
v -0.004205614 -0.2073844 0.6280848
v -0.02057034 -0.1888207 0.6362983
v -0.02503538 -0.1671284 0.6500599
v -0.01640433 -0.1481198 0.6656821
v 0.003010124 -0.1368883 0.6789791
v 0.02800587 -0.1364434 0.6863878
v 0.0518854 -0.1469043 0.6859232
v 0.06825009 -0.165468 0.6777096
v 0.07271516 -0.1871603 0.6639481
v 0.06408411 -0.2061689 0.6483259
v 0.04466966 -0.2174004 0.6350288
v 0.01967385 -0.2178453 0.6276202
v -0.004205614 -0.2073844 0.6280848
v 0.007676601 -0.1845532 0.5996456
v -0.008401304 -0.1671346 0.6074178
v -0.01350686 -0.1471971 0.6215155
v -0.006272078 -0.1300831 0.6381611
v 0.01136452 -0.1203781 0.6528946
v 0.03467721 -0.1206827 0.6617681
v 0.05741933 -0.130915 0.662404
v 0.07349724 -0.1483337 0.6546318
v 0.07860279 -0.1682712 0.6405341
v 0.07136801 -0.1853852 0.6238884
v 0.05373141 -0.1950902 0.6091549
v 0.03041875 -0.1947857 0.6002815
v 0.007676601 -0.1845532 0.5996456
v 0.02190027 -0.1602865 0.5744827
v 0.006265223 -0.1441358 0.5816909
v 0.000520736 -0.1261263 0.5958301
v 0.006205976 -0.1110837 0.6131118
v 0.02179766 -0.1030386 0.6289053
v 0.04311791 -0.1041468 0.6389788
v 0.06445411 -0.1141112 0.6406331
v 0.08008915 -0.1302619 0.6334249
v 0.08583364 -0.1482714 0.6192857
v 0.0801484 -0.163314 0.6020041
v 0.06455678 -0.1713591 0.5862106
v 0.04323646 -0.170251 0.576137
v 0.02190027 -0.1602865 0.5744827
v 0.03003541 -0.1473894 0.5630241
v 0.01465452 -0.1319685 0.5699335
v 0.008531243 -0.1150824 0.5840574
v 0.01330644 -0.101256 0.6016113
v 0.02770051 -0.0941937 0.6178917
v 0.0478566 -0.09578806 0.6285363
v 0.06837392 -0.1056119 0.6306928
v 0.08375487 -0.1210328 0.6237834
v 0.08987808 -0.1379188 0.6096595
v 0.08510289 -0.1517454 0.5921056
v 0.07070884 -0.1588076 0.5758252
v 0.0505527 -0.1572132 0.5651806
v 0.03003541 -0.1473894 0.5630241
v 0.03918654 -0.1335448 0.5523543
v 0.02404207 -0.1189781 0.5589675
v 0.01740369 -0.1034513 0.5731144
v 0.02105016 -0.09112501 0.5910043
v 0.03400445 -0.08530194 0.6078435
v 0.05279541 -0.08754241 0.6191201
v 0.07238805 -0.09724611 0.6218124
v 0.08753252 -0.1118129 0.6151991
v 0.0941709 -0.1273396 0.6010523
v 0.09052444 -0.1396658 0.5831624
v 0.07757014 -0.1454889 0.5663232
v 0.05877918 -0.1432484 0.5550466
v 0.03918654 -0.1335448 0.5523543
v 0.04945821 -0.1186557 0.5429723
v 0.03454742 -0.1050491 0.5492442
v 0.02726582 -0.09109324 0.5633515
v 0.0295645 -0.08052731 0.5815141
v 0.04082751 -0.07618266 0.5988656
v 0.05803695 -0.07922339 0.6107565
v 0.0765816 -0.08883464 0.6140007
v 0.09149241 -0.1024412 0.6077288
v 0.09877402 -0.1163971 0.5936216
v 0.0964753 -0.126963 0.5754589
v 0.08521232 -0.1313077 0.5581074
v 0.06800282 -0.1282669 0.5462165
v 0.04945821 -0.1186557 0.5429723
v 0.06087995 -0.1027033 0.5354275
v 0.04623085 -0.09012926 0.5412679
v 0.0382179 -0.07789892 0.5551614
v 0.0389882 -0.06928933 0.5733848
v 0.04833534 -0.06660748 0.5910555
v 0.06375471 -0.0705719 0.6034385
v 0.08111483 -0.08012044 0.6072158
v 0.09576392 -0.0926944 0.6013753
v 0.1037769 -0.1049248 0.587482
v 0.1030066 -0.1135344 0.5692585
v 0.09365943 -0.1162162 0.5515878
v 0.07824004 -0.1122518 0.5392048
v 0.06087995 -0.1027033 0.5354275
v 0.07337528 -0.08577114 0.530259
v 0.05906269 -0.07425421 0.5355532
v 0.05031061 -0.06380993 0.5489634
v 0.04946408 -0.05723691 0.5668965
v 0.05674997 -0.05629623 0.5845473
v 0.07021606 -0.06124008 0.5971862
v 0.08625406 -0.07074368 0.6014266
v 0.1005667 -0.08226061 0.5961324
v 0.1093187 -0.09270483 0.5827221
v 0.1101653 -0.09927791 0.5647891
v 0.1028793 -0.1002186 0.5471383
v 0.08941329 -0.09527475 0.5344994
v 0.07337528 -0.08577114 0.530259
v 0.08677033 -0.06802452 0.5279033
v 0.07292271 -0.05754012 0.5325441
v 0.06353477 -0.0488252 0.5451589
v 0.06112206 -0.0442149 0.5623676
v 0.06633106 -0.04494458 0.5795591
v 0.07776597 -0.05081862 0.5921271
v 0.09236288 -0.06026328 0.5967039
v 0.1062105 -0.07074761 0.5920632
v 0.1155984 -0.07946259 0.5794483
v 0.1180112 -0.08407289 0.5622396
v 0.1128022 -0.08334321 0.5450481
v 0.1013673 -0.07746911 0.5324801
v 0.08677033 -0.06802452 0.5279033
v 0.1008587 -0.04963499 0.5286257
v 0.087648 -0.04012585 0.5325455
v 0.0778403 -0.03297669 0.5440785
v 0.07406354 -0.03010303 0.5601343
v 0.07732973 -0.0322749 0.5764108
v 0.08676368 -0.03891045 0.5885469
v 0.09983757 -0.04823154 0.5932904
v 0.1130483 -0.05774069 0.5893706
v 0.122856 -0.06488985 0.5778376
v 0.1266328 -0.06776351 0.5617818
v 0.1233666 -0.06559163 0.5455052
v 0.1139326 -0.05895609 0.5333692
v 0.1008587 -0.04963499 0.5286257
v 0.1154883 -0.03069043 0.5325303
v 0.1031078 -0.02209419 0.5357158
v 0.09317809 -0.0162828 0.5459602
v 0.08835977 -0.01481348 0.5605186
v 0.08994392 -0.01807988 0.5754898
v 0.09750611 -0.0252068 0.5868626
v 0.10902 -0.03428459 0.5915895
v 0.1214005 -0.04288083 0.5884041
v 0.1313302 -0.04869223 0.5781596
v 0.1361485 -0.05016154 0.5636013
v 0.1345644 -0.04689515 0.54863
v 0.1270022 -0.03976822 0.5372573
v 0.1154883 -0.03069043 0.5325303
v 0.1306142 -0.01114911 0.5396425
v 0.1192562 -0.003422558 0.5421282
v 0.109539 0.001290679 0.5509738
v 0.1040662 0.001727581 0.5638088
v 0.1043043 -0.002228737 0.5771943
v 0.1101894 -0.009518385 0.5875437
v 0.1201447 -0.018188 0.5920836
v 0.1315027 -0.02591455 0.5895979
v 0.1412199 -0.03062773 0.5807524
v 0.1466927 -0.03106469 0.5679173
v 0.1464547 -0.02710831 0.5545319
v 0.1405695 -0.01981866 0.5441825
v 0.1306142 -0.01114911 0.5396425
v 0.1462948 0.009146035 0.5499969
v 0.1361369 0.01601374 0.5518492
v 0.1269656 0.0198397 0.5592675
v 0.1212384 0.01959866 0.5702639
v 0.1204899 0.01535523 0.581892
v 0.1249206 0.008246362 0.591036
v 0.1333433 0.0001770258 0.5952459
v 0.1435012 -0.006690741 0.5933936
v 0.1526725 -0.01051664 0.5859753
v 0.1583997 -0.0102756 0.5749789
v 0.1591482 -0.006032109 0.5633508
v 0.1547175 0.001076698 0.5542068
v 0.1462948 0.009146035 0.5499969
v 0.162654 0.03042221 0.563686
v 0.1538543 0.03640693 0.564988
v 0.1455405 0.03950685 0.5710061
v 0.1399403 0.03889143 0.5801278
v 0.1385543 0.03472543 0.589909
v 0.1417538 0.02812529 0.5977287
v 0.1486815 0.02085942 0.6014916
v 0.1574813 0.01487464 0.6001896
v 0.165795 0.01177478 0.5941715
v 0.1713952 0.0123902 0.5850497
v 0.1727813 0.01655614 0.5752686
v 0.1695817 0.02315634 0.5674489
v 0.162654 0.03042221 0.563686
v 0.1798422 0.05293381 0.580866
v 0.1725399 0.05797869 0.5817083
v 0.1653664 0.06045902 0.5863853
v 0.1602438 0.05970997 0.5936434
v 0.1585447 0.05593246 0.6015382
v 0.1607245 0.05013853 0.6079541
v 0.1661989 0.04388076 0.611172
v 0.1735012 0.03883594 0.6103297
v 0.1806747 0.03635561 0.6056527
v 0.1857973 0.03710461 0.5983945
v 0.1874963 0.04088217 0.5904998
v 0.1853166 0.0466761 0.5840838
v 0.1798422 0.05293381 0.580866
v 0.2172962 0.1026748 0.6265545
v 0.2133408 0.105558 0.6267654
v 0.2091916 0.1069129 0.6289905
v 0.2059605 0.1063763 0.6326339
v 0.2045132 0.1040921 0.6367193
v 0.2052374 0.1006723 0.640152
v 0.2079392 0.0970332 0.6420121
v 0.2118946 0.09415001 0.6418012
v 0.2160437 0.09279507 0.639576
v 0.2192748 0.09333169 0.6359326
v 0.2207222 0.09561586 0.6318473
v 0.2199979 0.09903568 0.6284146
v 0.2172962 0.1026748 0.6265545
v 0.2598472 0.1604654 0.6891808
v 0.2596093 0.1606525 0.6891788
v 0.2593451 0.1607417 0.6892964
v 0.2591254 0.1607094 0.6895019
v 0.259009 0.160564 0.6897405
v 0.2590272 0.1603446 0.6899482
v 0.2591751 0.1601099 0.6900692
v 0.259413 0.1599228 0.6900712
v 0.2596773 0.1598335 0.6899537
v 0.259897 0.1598659 0.689748
v 0.2600133 0.1600112 0.6895095
v 0.2599951 0.1602308 0.6893018
v 0.2598472 0.1604654 0.6891808
v 0.2596093 0.1606525 0.6891788
v 0.2593451 0.1607417 0.6892964
v 0.2591254 0.1607094 0.6895019
v 0.259009 0.160564 0.6897405
v 0.2590272 0.1603446 0.6899482
v 0.2591751 0.1601099 0.6900692
v 0.259413 0.1599228 0.6900712
v 0.2596773 0.1598335 0.6899537
v 0.259897 0.1598659 0.689748
v 0.2600133 0.1600112 0.6895095
v 0.2599951 0.1602308 0.6893018
v 0.2598472 0.1604654 0.6891808
v 0.2597224 0.1607742 0.6893791
v 0.2594844 0.1608547 0.689485
v 0.2592865 0.1608255 0.6896702
v 0.2591816 0.1606945 0.6898853
v 0.259198 0.1604968 0.6900722
v 0.2593313 0.1602854 0.6901813
v 0.2595456 0.1601168 0.6901831
v 0.2597836 0.1600363 0.6900772
v 0.2599816 0.1600655 0.6898919
v 0.2600864 0.1601965 0.689677
v 0.26007 0.1603943 0.68949
v 0.2599368 0.1606057 0.6893809
v 0.2597937 0.1607996 0.6896282
v 0.259629 0.1608552 0.6897014
v 0.259492 0.160835 0.6898296
v 0.2594196 0.1607444 0.6899783
v 0.2594309 0.1606076 0.6901077
v 0.259523 0.1604613 0.6901832
v 0.2596713 0.1603447 0.6901845
v 0.259836 0.160289 0.6901112
v 0.259973 0.1603093 0.689983
v 0.2600455 0.1603999 0.6898343
v 0.2600341 0.1605366 0.6897048
v 0.259942 0.160683 0.6896294
v 0.2598091 0.1607246 0.6898743
v 0.2597492 0.1607449 0.6899009
v 0.2596995 0.1607375 0.6899474
v 0.2596731 0.1607046 0.6900015
v 0.2596772 0.1606549 0.6900486
v 0.2597107 0.1606017 0.690076
v 0.2597646 0.1605594 0.6900765
v 0.2598245 0.1605391 0.6900498
v 0.2598743 0.1605464 0.6900033
v 0.2599006 0.1605794 0.6899492
v 0.2598965 0.1606291 0.6899021
v 0.259863 0.1606823 0.6898747
v 0.2597942 0.1606514 0.6899847

vn 0.1541623 -0.590227 0.79238
vn 0.0590342 -0.6474819 0.7597909
vn 0.03933935 -0.6041051 0.7959331
vn 0.05013467 -0.5559508 0.8297018
vn 0.08852757 -0.515922 0.8520489
vn 0.1442307 -0.4947444 0.8569863
vn 0.2023184 -0.4980926 0.843191
vn 0.2472262 -0.5250692 0.8143595
vn 0.2669211 -0.5684461 0.7782173
vn 0.2561257 -0.6166003 0.7444485
vn 0.2177328 -0.6566291 0.7221016
vn 0.1620297 -0.6778066 0.7171642
vn 0.103942 -0.6744586 0.7309594
vn -0.1583378 -0.7444386 0.6486449
vn -0.2214534 -0.6054299 0.764469
vn -0.1868579 -0.4511111 0.8726871
vn -0.0638212 -0.322832 0.9443021
vn 0.1146892 -0.2549647 0.9601247
vn 0.3008415 -0.2656942 0.9159154
vn 0.4447564 -0.3521457 0.8235199
vn 0.5078719 -0.4911545 0.7076958
vn 0.4732764 -0.6454732 0.5994779
vn 0.3502397 -0.7737523 0.527863
vn 0.1717294 -0.8416197 0.5120404
vn -0.01442304 -0.8308901 0.5562496
vn -0.4796252 -0.7910731 0.379688
vn -0.6024015 -0.5206649 0.6049963
vn -0.5351043 -0.2204748 0.8155086
vn -0.2957658 0.02906168 0.9548183
vn 0.05148349 0.1610814 0.9855974
vn 0.4135981 0.1402094 0.8995988
vn 0.6935501 -0.02796116 0.7198656
vn 0.8163263 -0.2983695 0.4945574
vn 0.7490291 -0.5985596 0.2840455
vn 0.5096906 -0.8480961 0.1447358
vn 0.1624415 -0.9801156 0.1139565
vn -0.1996735 -0.9592437 0.1999552
vn -0.8145477 -0.5298365 -0.2361888
vn -0.9850375 -0.1543421 0.07667874
vn -0.8915873 0.2625083 0.3690005
vn -0.5592369 0.6090199 0.5624489
vn -0.07703917 0.7923451 0.6051894
vn 0.4258008 0.7633619 0.4857699
vn 0.8145478 0.5298365 0.2361888
vn 0.9850375 0.154342 -0.07667887
vn 0.8915873 -0.2625084 -0.3690005
vn 0.5592369 -0.6090199 -0.5624489
vn 0.07703941 -0.7923451 -0.6051894
vn -0.425801 -0.7633619 -0.4857697
vn -0.8145477 -0.5298365 -0.2361888
vn -0.9850375 -0.1543421 0.07667874
vn -0.8915873 0.2625083 0.3690005
vn -0.5592369 0.6090199 0.5624489
vn -0.07703917 0.7923451 0.6051894
vn 0.4258008 0.7633619 0.4857699
vn 0.8145478 0.5298365 0.2361888
vn 0.9850375 0.154342 -0.07667887
vn 0.8915873 -0.2625084 -0.3690005
vn 0.5592369 -0.6090199 -0.5624489
vn 0.07703941 -0.7923451 -0.6051894
vn -0.425801 -0.7633619 -0.4857697
vn -0.8145477 -0.5298365 -0.2361888
vn -0.8092443 -0.5747482 -0.1216065
vn -0.9753827 -0.1645222 0.1468367
vn -0.8801681 0.2897875 0.3759353
vn -0.549113 0.666449 0.5043021
vn -0.07092348 0.8645358 0.4975416
vn 0.4262697 0.8309709 0.3574653
vn 0.8092444 0.5747481 0.1216064
vn 0.9753827 0.1645221 -0.1468368
vn 0.8801681 -0.2897876 -0.3759353
vn 0.549113 -0.666449 -0.5043021
vn 0.07092366 -0.8645357 -0.4975417
vn -0.4262701 -0.8309707 -0.3574652
vn -0.8092443 -0.5747482 -0.1216065
vn -0.7983528 -0.6007682 -0.04135567
vn -0.9665984 -0.1702202 0.1916051
vn -0.8758448 0.3059385 0.3732256
vn -0.5504092 0.7001212 0.4548407
vn -0.07749168 0.9067069 0.4145813
vn 0.4161895 0.8703411 0.2632353
vn 0.798353 0.6007681 0.04135563
vn 0.9665984 0.1702199 -0.1916052
vn 0.8758448 -0.3059385 -0.3732257
vn 0.5504092 -0.7001212 -0.4548407
vn 0.07749181 -0.9067069 -0.4145814
vn -0.4161897 -0.8703409 -0.2632352
vn -0.7983528 -0.6007682 -0.04135567
vn -0.7869776 -0.6167778 0.01585433
vn -0.9595209 -0.1741219 0.2213619
vn -0.8749616 0.3151901 0.367556
vn -0.5559568 0.7200473 0.4152637
vn -0.08798355 0.9319683 0.3517016
vn 0.4035645 0.8941688 0.1939015
vn 0.7869776 0.6167777 -0.01585436
vn 0.9595209 0.1741218 -0.221362
vn 0.8749616 -0.3151902 -0.367556
vn 0.5559568 -0.7200472 -0.4152636
vn 0.08798373 -0.9319682 -0.3517017
vn -0.4035648 -0.8941687 -0.1939014
vn -0.7869776 -0.6167778 0.01585433
vn -0.7767044 -0.6272457 0.05738521
vn -0.9540505 -0.1771931 0.2416403
vn -0.8757598 0.3203385 0.3611483
vn -0.5628096 0.7320356 0.3838868
vn -0.09905498 0.9475843 0.3037631
vn 0.3912412 0.9092285 0.1422463
vn 0.7767045 0.6272456 -0.05738524
vn 0.9540506 0.1771929 -0.2416404
vn 0.8757598 -0.3203385 -0.3611483
vn 0.5628096 -0.7320356 -0.3838868
vn 0.09905516 -0.9475843 -0.3037631
vn -0.3912415 -0.9092283 -0.1422462
vn -0.7767044 -0.6272457 0.05738521
vn -0.7604839 -0.6399213 0.1102947
vn -0.9469111 -0.1823882 0.2647527
vn -0.8796143 0.3240161 0.3482704
vn -0.5766255 0.7436004 0.3384694
vn -0.11913 0.9639376 0.2379756
vn 0.3702859 0.9259883 0.07371656
vn 0.760484 0.6399212 -0.1102948
vn 0.9469112 0.1823879 -0.2647527
vn 0.8796142 -0.3240162 -0.3482704
vn 0.5766255 -0.7436004 -0.3384693
vn 0.1191302 -0.9639376 -0.2379756
vn -0.3702862 -0.9259882 -0.07371644
vn -0.7604839 -0.6399213 0.1102947
vn -0.7491565 -0.6478882 0.13786
vn -0.9434662 -0.1876082 0.2732665
vn -0.8849751 0.3229416 0.3354515
vn -0.5893555 0.7469594 0.3077525
vn -0.1358182 0.9708301 0.1975914
vn 0.354111 0.9345673 0.03448592
vn 0.7491566 0.6478882 -0.13786
vn 0.9434662 0.187608 -0.2732665
vn 0.8849751 -0.3229416 -0.3354515
vn 0.5893555 -0.7469594 -0.3077525
vn 0.1358184 -0.97083 -0.1975915
vn -0.3541113 -0.9345672 -0.0344858
vn -0.7491565 -0.6478882 0.13786
vn -0.741249 -0.6545473 0.1487209
vn -0.9426731 -0.1938266 0.2716591
vn -0.8915088 0.31883 0.3218066
vn -0.6014652 0.7460563 0.2857262
vn -0.1502595 0.9733773 0.1730857
vn 0.3412079 0.9398826 0.01406702
vn 0.741249 0.6545472 -0.1487209
vn 0.9426731 0.1938264 -0.2716592
vn 0.8915088 -0.31883 -0.3218066
vn 0.6014653 -0.7460563 -0.2857262
vn 0.1502597 -0.9733773 -0.1730857
vn -0.3412082 -0.9398825 -0.01406691
vn -0.741249 -0.6545473 0.1487209
vn -0.7355714 -0.6614644 0.1462857
vn -0.9439667 -0.2017697 0.2611816
vn -0.899427 0.3119893 0.3060942
vn -0.6138864 0.7421511 0.2689891
vn -0.1638552 0.973454 0.1598084
vn 0.3300805 0.9439205 0.00780734
vn 0.7355715 0.6614643 -0.1462857
vn 0.9439667 0.2017695 -0.2611817
vn 0.899427 -0.3119894 -0.3060942
vn 0.6138865 -0.7421511 -0.2689891
vn 0.1638554 -0.973454 -0.1598085
vn -0.3300809 -0.9439203 -0.007807238
vn -0.7355714 -0.6614644 0.1462857
vn -0.731216 -0.6694527 0.1309819
vn -0.9470606 -0.2120273 0.2410822
vn -0.9091411 0.3022109 0.2865848
vn -0.627618 0.735472 0.2552972
vn -0.1779249 0.9716638 0.1556028
vn 0.3194427 0.947499 0.01421485
vn 0.7312161 0.6694526 -0.130982
vn 0.9470606 0.2120271 -0.2410823
vn 0.9091411 -0.3022109 -0.2865848
vn 0.627618 -0.735472 -0.2552972
vn 0.1779251 -0.9716637 -0.1556028
vn -0.3194431 -0.9474989 -0.01421475
vn -0.731216 -0.6694527 0.1309819
vn -0.7273629 -0.6788238 0.1007054
vn -0.9517786 -0.2249998 0.2085488
vn -0.9211662 0.2891131 0.2605118
vn -0.643728 0.7257584 0.2426708
vn -0.193803 0.9679372 0.1598063
vn 0.3080509 0.9507578 0.03412194
vn 0.7273629 0.6788236 -0.1007054
vn 0.9517787 0.2249996 -0.2085488
vn 0.9211662 -0.2891131 -0.2605118
vn 0.643728 -0.7257583 -0.2426708
vn 0.1938032 -0.9679371 -0.1598064
vn -0.3080512 -0.9507577 -0.03412186
vn -0.7273629 -0.6788238 0.1007054
vn -0.7209045 -0.6904392 0.05992085
vn -0.9559008 -0.2417599 0.1667508
vn -0.9347644 0.2716989 0.2289001
vn -0.6631584 0.7123563 0.2297157
vn -0.2138596 0.9621382 0.1689792
vn 0.2927425 0.9541159 0.06296486
vn 0.7209045 0.690439 -0.05992087
vn 0.9559008 0.2417598 -0.1667508
vn 0.9347644 -0.271699 -0.2289001
vn 0.6631585 -0.7123563 -0.2297157
vn 0.2138598 -0.9621382 -0.1689793
vn -0.2927428 -0.9541159 -0.06296478
vn -0.7209045 -0.6904392 0.05992085
vn -0.7094441 -0.7045785 0.01606288
vn -0.9571673 -0.2625814 0.1219908
vn -0.9484183 0.2497745 0.1952315
vn -0.6855413 0.6952035 0.21616
vn -0.2389738 0.9543532 0.1791686
vn 0.2716262 0.9577847 0.09416912
vn 0.7094443 0.7045785 -0.0160629
vn 0.9571673 0.2625811 -0.1219909
vn 0.9484183 -0.2497745 -0.1952315
vn 0.6855413 -0.6952035 -0.2161601
vn 0.2389739 -0.9543532 -0.1791686
vn -0.2716266 -0.9577845 -0.09416906
vn -0.7094441 -0.7045785 0.01606288
vn -0.6932437 -0.7200447 -0.03080272
vn -0.9553178 -0.286148 0.07407638
vn -0.9614155 0.2244221 0.1591068
vn -0.7099025 0.6748587 0.2015048
vn -0.2681715 0.9444672 0.1899096
vn 0.2454156 0.9610063 0.1274283
vn 0.6932437 0.7200447 0.03080271
vn 0.9553179 0.2861477 -0.07407642
vn 0.9614155 -0.2244221 -0.1591068
vn 0.7099025 -0.6748587 -0.2015048
vn 0.2681716 -0.9444672 -0.1899096
vn -0.2454159 -0.9610062 -0.1274282
vn -0.6932437 -0.7200447 -0.03080272
vn -0.6727757 -0.7354298 -0.08072109
vn -0.9501877 -0.3108429 0.0228045
vn -0.9729977 0.1970346 0.1202197
vn -0.7350937 0.6521165 0.1854221
vn -0.3002217 0.9324643 0.2009407
vn 0.215094 0.962959 0.1626175
vn 0.6727757 0.7354297 0.08072107
vn 0.9501877 0.3108427 -0.02280455
vn 0.9729977 -0.1970346 -0.1202197
vn 0.7350937 -0.6521165 -0.1854221
vn 0.3002219 -0.9324643 -0.2009408
vn -0.2150944 -0.962959 -0.1626175
vn -0.6727757 -0.7354298 -0.08072109
vn -0.6487371 -0.7491367 -0.1339189
vn -0.9417593 -0.3347561 -0.03205793
vn -0.982438 0.1693223 0.07839297
vn -0.759873 0.6280312 0.1678385
vn -0.3337006 0.9184594 0.2123119
vn 0.1818864 0.962787 0.1998964
vn 0.6487372 0.7491366 0.1339189
vn 0.9417594 0.3347559 0.03205787
vn 0.982438 -0.1693224 -0.07839298
vn 0.759873 -0.6280312 -0.1678385
vn 0.3337007 -0.9184593 -0.2123119
vn -0.1818868 -0.962787 -0.1998964
vn -0.6487371 -0.7491367 -0.1339189
vn -0.6220082 -0.7593842 -0.1908965
vn -0.9301787 -0.3556979 -0.09081031
vn -0.9891089 0.1432977 0.03360844
vn -0.7830078 0.6038967 0.1490218
vn -0.3671003 0.902682 0.2245049
vn 0.1471711 0.9595943 0.2398321
vn 0.6220082 0.7593842 0.1908964
vn 0.9301788 0.3556977 0.09081026
vn 0.9891089 -0.1432977 -0.03360845
vn 0.7830078 -0.6038967 -0.1490218
vn 0.3671005 -0.902682 -0.2245049
vn -0.1471715 -0.9595942 -0.2398321
vn -0.6220082 -0.7593842 -0.1908965
vn -0.5935529 -0.7641498 -0.252527
vn -0.9157227 -0.3711872 -0.1538569
vn -0.9925256 0.1212351 -0.01396092
vn -0.803382 0.5811725 0.1296759
vn -0.3989724 0.8853853 0.2385662
vn 0.1123412 0.9523595 0.2835328
vn 0.5935531 0.7641497 0.252527
vn 0.9157228 0.3711869 0.1538569
vn 0.9925256 -0.1212351 0.01396091
vn 0.803382 -0.5811725 -0.1296759
vn 0.3989726 -0.8853852 -0.2385662
vn -0.1123415 -0.9523594 -0.2835328
vn -0.5935529 -0.7641498 -0.252527
vn -0.5642563 -0.7610057 -0.3201331
vn -0.8987071 -0.3783761 -0.2217139
vn -0.9923502 0.1056391 -0.06388664
vn -0.8200936 0.5613487 0.1110591
vn -0.4280935 0.8666451 0.2562465
vn 0.07861358 0.9397245 0.3327729
vn 0.5642564 0.7610056 0.3201331
vn 0.8987072 0.3783759 0.2217138
vn 0.9923501 -0.1056392 0.0638866
vn 0.8200936 -0.5613487 -0.111059
vn 0.4280937 -0.866645 -0.2562465
vn -0.078614 -0.9397244 -0.3327729
vn -0.5642563 -0.7610057 -0.3201331
vn -0.5345673 -0.7474914 -0.3943279
vn -0.8791689 -0.37422 -0.2949944
vn -0.988198 0.09932379 -0.1166172
vn -0.83244 0.5462538 0.09300741
vn -0.4536304 0.8468153 0.2777108
vn 0.04672882 0.9204733 0.3880016
vn 0.5345673 0.7474914 0.3943278
vn 0.8791689 0.3742197 0.2949943
vn 0.9881979 -0.09932389 0.1166172
vn 0.83244 -0.5462538 -0.09300739
vn 0.4536305 -0.8468153 -0.2777107
vn -0.04672917 -0.9204733 -0.3880017
vn -0.5345673 -0.7474914 -0.3943279
vn -0.5035332 -0.7218812 -0.4747018
vn -0.8562477 -0.3567552 -0.373585
vn -0.9795313 0.1039634 -0.1723662
vn -0.84035 0.5368251 0.0750379
vn -0.4759976 0.8258447 0.3023356
vn 0.01589774 0.8935797 0.4486227
vn 0.5035334 0.7218812 0.4747018
vn 0.8562478 0.356755 0.3735849
vn 0.9795313 -0.1039634 0.1723662
vn 0.84035 -0.536825 -0.07503787
vn 0.4759978 -0.8258446 -0.3023356
vn -0.01589804 -0.8935798 -0.4486228
vn -0.5035332 -0.7218812 -0.4747018
vn -0.4693851 -0.6820623 -0.560775
vn -0.8286114 -0.3242971 -0.456327
vn -0.9658124 0.1203633 -0.2296065
vn -0.8442245 0.5327727 0.05863702
vn -0.496427 0.802426 0.3311687
vn -0.01561259 0.8570697 0.514964
vn 0.4693852 0.6820623 0.560775
vn 0.8286116 0.3242969 0.4563269
vn 0.9658123 -0.1203635 0.2296064
vn 0.8442245 -0.5327727 -0.05863701
vn 0.4964272 -0.8024259 -0.3311687
vn 0.0156123 -0.8570696 -0.514964
vn -0.4693851 -0.6820623 -0.560775
vn -0.4299579 -0.6257589 -0.6508164
vn -0.7947424 -0.2753296 -0.5409048
vn -0.9465765 0.1488743 -0.2860582
vn -0.8447761 0.5331874 0.04543763
vn -0.5166184 0.7746333 0.3647585
vn -0.05003341 0.8085166 0.5863424
vn 0.429958 0.6257588 0.6508164
vn 0.7947426 0.2753294 0.5409048
vn 0.9465765 -0.1488742 0.2860582
vn 0.8447761 -0.5331873 -0.0454376
vn 0.5166185 -0.7746332 -0.3647584
vn 0.05003313 -0.8085166 -0.5863425
vn -0.4299579 -0.6257589 -0.6508164
vn -0.4075421 -0.5908133 -0.6963109
vn -0.7750205 -0.2443781 -0.5827715
vn -0.9348329 0.1675384 -0.3130788
vn -0.8441575 0.534563 0.04050326
vn -0.5272905 0.7583519 0.3832324
vn -0.06913675 0.7789409 0.6232746
vn 0.4075422 0.5908133 0.6963109
vn 0.7750207 0.2443779 0.5827713
vn 0.9348329 -0.1675384 0.3130787
vn 0.8441575 -0.534563 -0.04050323
vn 0.5272906 -0.7583519 -0.3832324
vn 0.06913634 -0.7789408 -0.6232747
vn -0.4075421 -0.5908133 -0.6963109
vn -0.382966 -0.5511501 -0.7413303
vn -0.7532579 -0.2091418 -0.6235882
vn -0.9217151 0.188906 -0.3387561
vn -0.8431994 0.5363368 0.03684551
vn -0.5387489 0.7400563 0.4025745
vn -0.08994127 0.7454783 0.6604337
vn 0.382966 0.5511501 0.7413303
vn 0.753258 0.2091416 0.6235882
vn 0.9217151 -0.188906 0.3387561
vn 0.8431995 -0.5363368 -0.03684548
vn 0.5387491 -0.7400563 -0.4025744
vn 0.08994097 -0.7454783 -0.6604337
vn -0.382966 -0.5511501 -0.7413303
vn -0.356014 -0.506778 -0.7851306
vn -0.7293843 -0.169801 -0.6626962
vn -0.9073169 0.2126742 -0.3626927
vn -0.8421342 0.5381636 0.03449413
vn -0.5513024 0.7194522 0.4224383
vn -0.1127498 0.7079643 0.6971901
vn 0.3560141 0.5067779 0.7851306
vn 0.7293844 0.1698009 0.6626961
vn 0.9073169 -0.2126743 0.3626926
vn 0.8421342 -0.5381636 -0.0344941
vn 0.5513026 -0.7194523 -0.4224382
vn 0.1127494 -0.7079642 -0.6971902
vn -0.356014 -0.506778 -0.7851306
vn -0.3265442 -0.457869 -0.8268766
vn -0.7034025 -0.1266907 -0.69941
vn -0.8917848 0.2384344 -0.384537
vn -0.8412139 0.5396714 0.03337237
vn -0.5652404 0.6963036 0.4423398
vn -0.1378112 0.6663617 0.7327824
vn 0.3265443 0.4578689 0.8268765
vn 0.7034026 0.1266905 0.6994099
vn 0.8917848 -0.2384345 0.384537
vn 0.8412139 -0.5396714 -0.03337234
vn 0.5652406 -0.6963035 -0.4423397
vn 0.1378109 -0.6663617 -0.7327825
vn -0.3265442 -0.457869 -0.8268766
vn -0.2945098 -0.4047858 -0.8656861
vn -0.6753987 -0.08030966 -0.7330668
vn -0.8753152 0.2656857 -0.4040227
vn -0.8406916 0.5404906 0.03327906
vn -0.5808051 0.6704715 0.4616637
vn -0.1652927 0.6208 0.7663456
vn 0.2945098 0.4047857 0.8656861
vn 0.6753988 0.0803095 0.7330667
vn 0.8753152 -0.2656857 0.4040227
vn 0.8406916 -0.5404906 -0.03327903
vn 0.5808053 -0.6704714 -0.4616636
vn 0.1652924 -0.6207999 -0.7663458
vn -0.2945098 -0.4047858 -0.8656861
vn -0.2599774 -0.3480911 -0.900691
vn -0.6455456 -0.03131168 -0.7630796
vn -0.8581406 0.2938579 -0.4210015
vn -0.8407974 0.5402884 0.03388375
vn -0.598163 0.6419491 0.4796899
vn -0.1952514 0.5715999 0.7969633
vn 0.2599774 0.348091 0.900691
vn 0.6455457 0.03131155 0.7630795
vn 0.8581405 -0.2938579 0.4210015
vn 0.8407974 -0.5402884 -0.03388372
vn 0.5981631 -0.641949 -0.4796897
vn 0.1952512 -0.5715997 -0.7969634
vn -0.2599774 -0.3480911 -0.900691
vn -0.2231315 -0.2885345 -0.931107
vn -0.6140932 0.01952582 -0.7889919
vn -0.8405093 0.3223544 -0.4354671
vn -0.8417116 0.5388085 0.0347409
vn -0.6173778 0.6108891 0.4956402
vn -0.2276181 0.5192824 0.8237329
vn 0.2231315 0.2885344 0.931107
vn 0.6140932 -0.019526 0.7889919
vn 0.8405094 -0.3223544 0.4354671
vn 0.8417116 -0.5388085 -0.03474087
vn 0.6173778 -0.6108891 -0.4956401
vn 0.2276179 -0.5192822 -0.823733
vn -0.2231315 -0.2885345 -0.931107
vn -0.1842661 -0.2270142 -0.9563004
vn -0.5813497 0.07135027 -0.8105193
vn -0.8226615 0.3505966 -0.4475602
vn -0.8435416 0.535901 0.03532258
vn -0.6383952 0.5776109 0.5087407
vn -0.2621915 0.4645504 0.8458419
vn 0.1842661 0.2270142 0.9563004
vn 0.5813499 -0.07135042 0.8105193
vn 0.8226615 -0.3505966 0.4475601
vn 0.8435416 -0.535901 -0.03532255
vn 0.6383954 -0.5776109 -0.5087405
vn 0.2621912 -0.4645503 -0.8458421
vn -0.1842661 -0.2270142 -0.9563004
vn -0.1431084 -0.1634468 -0.9761173
vn -0.5468355 0.1246303 -0.8279119
vn -0.8040388 0.3793132 -0.4578681
vn -0.8458005 0.5323591 0.03486127
vn -0.6609303 0.5427599 0.5182496
vn -0.2989645 0.4077286 0.8627732
vn 0.1431084 0.1634468 0.9761174
vn 0.5468357 -0.1246304 0.8279118
vn 0.8040388 -0.3793131 0.4578681
vn 0.8458005 -0.5323591 -0.03486124
vn 0.6609305 -0.5427601 -0.5182495
vn 0.2989642 -0.4077286 -0.8627733
vn -0.1431084 -0.1634468 -0.9761173
vn -0.09946661 -0.09773602 -0.9902293
vn -0.5100688 0.1799588 -0.8410972
vn -0.7839987 0.409434 -0.4665939
vn -0.8478566 0.5292017 0.03293321
vn -0.684532 0.5071701 0.5236359
vn -0.3377874 0.3492426 0.8740304
vn 0.09946667 0.09773596 0.9902293
vn 0.5100688 -0.179959 0.8410971
vn 0.7839987 -0.4094341 0.4665938
vn 0.8478566 -0.5292017 -0.03293318
vn 0.684532 -0.5071701 -0.5236357
vn 0.3377874 -0.3492425 -0.8740305
vn -0.09946661 -0.09773602 -0.9902293
vn -0.05393717 -0.03097267 -0.9980639
vn -0.4714736 0.2365359 -0.8495666
vn -0.7626792 0.4406649 -0.4734287
vn -0.8495257 0.5267181 0.02956435
vn -0.7087421 0.4716376 0.5246357
vn -0.3780517 0.2901821 0.879131
vn 0.05393717 0.03097264 0.9980639
vn 0.4714737 -0.236536 0.8495665
vn 0.7626793 -0.440665 0.4734286
vn 0.8495257 -0.5267181 -0.02956432
vn 0.7087422 -0.4716376 -0.5246355
vn 0.3780514 -0.290182 -0.8791311
vn -0.05393717 -0.03097267 -0.9980639
vn -0.007225272 0.03564019 -0.9993386
vn -0.4315696 0.2934572 -0.8530127
vn -0.7402754 0.4726427 -0.4781226
vn -0.8506249 0.5251839 0.02488017
vn -0.73305 0.4370023 0.5212164
vn -0.419055 0.2317265 0.8778927
vn 0.00722533 -0.03564021 0.9993385
vn 0.4315698 -0.2934572 0.8530125
vn 0.7402754 -0.4726427 0.4781225
vn 0.8506249 -0.5251839 -0.02488014
vn 0.7330501 -0.4370023 -0.5212163
vn 0.4190548 -0.2317264 -0.8778929
vn -0.007225272 0.03564019 -0.9993386
vn 0.03991268 0.1008857 -0.9940971
vn -0.3909314 0.3497836 -0.851366
vn -0.7170259 0.5049574 -0.4805121
vn -0.850994 0.5248283 0.01909495
vn -0.7569386 0.4040716 0.5135855
vn -0.4600621 0.1750444 0.870461
vn -0.03991256 -0.1008857 0.9940971
vn 0.3909315 -0.3497836 0.8513659
vn 0.7170259 -0.5049574 0.4805121
vn 0.850994 -0.5248283 -0.01909492
vn 0.7569387 -0.4040717 -0.5135854
vn 0.4600619 -0.1750443 -0.870461
vn 0.03991268 0.1008857 -0.9940971
vn 0.08673711 0.1636339 -0.9827007
vn -0.3501379 0.4046169 -0.8448009
vn -0.6931939 0.5371833 -0.4805374
vn -0.8505092 0.525812 0.01248586
vn -0.7799311 0.3735493 0.5021638
vn -0.500371 0.1211947 0.8572868
vn -0.0867371 -0.1636339 0.9827006
vn 0.3501379 -0.4046171 0.8448009
vn 0.693194 -0.5371834 0.4805374
vn 0.8505092 -0.5258119 -0.01248583
vn 0.7799312 -0.3735493 -0.5021635
vn 0.5003708 -0.1211946 -0.8572869
vn 0.08673711 0.1636339 -0.9827007
vn 0.1325848 0.2229263 -0.9657769
vn -0.309725 0.4571672 -0.8337077
vn -0.6690444 0.5689106 -0.4782473
vn -0.8490938 0.5282148 0.00535947
vn -0.8016291 0.3459841 0.4875301
vn -0.5393687 0.07104743 0.8390671
vn -0.1325848 -0.2229264 0.9657769
vn 0.309725 -0.4571672 0.8337077
vn 0.6690444 -0.5689105 0.4782472
vn 0.8490938 -0.5282148 -0.00535944
vn 0.8016292 -0.3459843 -0.48753
vn 0.5393684 -0.07104725 -0.8390673
vn 0.1325848 0.2229263 -0.9657769
vn 0.1769156 0.2780315 -0.9441395
vn -0.2701453 0.5068017 -0.8186412
vn -0.644821 0.599775 -0.4737887
vn -0.8467175 0.5320389 -0.001984775
vn -0.8217366 0.3217433 0.4703511
vn -0.5765719 0.02523695 0.8166565
vn -0.1769155 -0.2780315 0.9441395
vn 0.2701454 -0.5068017 0.8186411
vn 0.6448211 -0.599775 0.4737887
vn 0.8467175 -0.5320389 0.001984805
vn 0.8217367 -0.3217435 -0.470351
vn 0.5765718 -0.02523683 -0.8166566
vn 0.1769156 0.2780315 -0.9441395
vn 0.2193346 0.3284637 -0.9186969
vn -0.2317451 0.5530691 -0.8002554
vn -0.6207292 0.6294802 -0.4673861
vn -0.8433895 0.5372225 -0.00928098
vn -0.840064 0.3010163 0.4513111
vn -0.611644 -0.01584684 0.7909744
vn -0.2193346 -0.3284637 0.9186969
vn 0.2317453 -0.5530692 0.8002552
vn 0.6207293 -0.6294802 0.4673861
vn 0.8433895 -0.5372225 0.009281009
vn 0.840064 -0.3010164 -0.451311
vn 0.6116438 0.01584696 -0.7909746
vn 0.2193346 0.3284637 -0.9186969
vn 0.2595964 0.3739706 -0.8903682
vn -0.1947566 0.5956975 -0.7792395
vn -0.5969248 0.6578079 -0.4593142
vn -0.8391475 0.5436592 -0.01631582
vn -0.8565212 0.2838371 0.4310544
vn -0.6443907 -0.05203864 0.7629237
vn -0.2595964 -0.3739707 0.8903682
vn 0.1947566 -0.5956976 0.7792395
vn 0.5969247 -0.6578079 0.4593143
vn 0.8391475 -0.5436592 0.01631585
vn 0.8565212 -0.2838372 -0.4310543
vn 0.6443905 0.05203881 -0.7629238
vn 0.2595964 0.3739706 -0.8903682
vn 0.3333114 0.4501522 -0.828412
vn -0.1254166 0.6697233 -0.7319435
vn -0.5505394 0.7098427 -0.4393513
vn -0.8281459 0.5597602 -0.02903509
vn -0.8838509 0.2596901 0.3890611
vn -0.7027289 -0.1099634 0.7029084
vn -0.3333113 -0.4501523 0.828412
vn 0.1254168 -0.6697234 0.7319434
vn 0.5505395 -0.7098427 0.4393513
vn 0.8281459 -0.5597602 0.02903512
vn 0.8838509 -0.2596905 -0.3890609
vn 0.7027286 0.1099635 -0.7029085
vn 0.3333114 0.4501522 -0.828412
vn 0.3983329 0.5077344 -0.7638958
vn -0.06211635 0.7293538 -0.6813109
vn -0.5059219 0.7555436 -0.4161693
vn -0.8141659 0.5792861 -0.03951532
vn -0.9042548 0.2478089 0.3477268
vn -0.7520492 -0.1500681 0.6417956
vn -0.3983328 -0.5077345 0.7638958
vn 0.06211659 -0.7293539 0.6813108
vn 0.5059218 -0.7555437 0.4161692
vn 0.8141659 -0.5792861 0.03951535
vn 0.9042548 -0.2478091 -0.3477267
vn 0.7520491 0.1500682 -0.6417957
vn 0.3983329 0.5077344 -0.7638958
vn 0.4558754 0.5489973 -0.7005565
vn -0.003972886 0.7761297 -0.6305607
vn -0.4627567 0.7952989 -0.3916067
vn -0.7975455 0.6013682 -0.04772183
vn -0.9186324 0.2463014 0.3089502
vn -0.7935724 -0.1747617 0.5828389
vn -0.4558754 -0.5489974 0.7005565
vn 0.003973004 -0.7761298 0.6305606
vn 0.4627568 -0.7952989 0.3916067
vn 0.7975455 -0.6013682 0.04772185
vn 0.9186324 -0.2463014 -0.30895
vn 0.7935722 0.174762 -0.582839
vn 0.4558754 0.5489973 -0.7005565
vn 0.5079036 0.5770507 -0.6395672
vn 0.05040536 0.8121085 -0.5813253
vn -0.4205993 0.8295625 -0.3673177
vn -0.7789047 0.6247358 -0.05488753
vn -0.9285032 0.2525113 0.2722498
vn -0.8293097 -0.187373 0.5264378
vn -0.5079036 -0.5770509 0.6395672
vn -0.05040512 -0.8121086 0.5813252
vn 0.4205994 -0.8295624 0.3673176
vn 0.7789047 -0.6247358 0.05488756
vn 0.9285031 -0.2525116 -0.2722497
vn 0.8293096 0.1873733 -0.5264379
vn 0.5079036 0.5770507 -0.6395672
vn 0.5563566 0.595243 -0.5797871
vn 0.102593 0.839896 -0.5329627
vn -0.3786604 0.8594997 -0.3433315
vn -0.7584522 0.648801 -0.06170473
vn -0.9350173 0.2642564 0.2364558
vn -0.8610449 -0.1910953 0.4712579
vn -0.5563565 -0.5952431 0.579787
vn -0.1025928 -0.8398961 0.5329626
vn 0.3786604 -0.8594997 0.3433315
vn 0.7584522 -0.648801 0.06170475
vn 0.9350172 -0.2642565 -0.2364557
vn 0.8610449 0.1910956 -0.4712581
vn 0.5563566 0.595243 -0.5797871
vn 0.6020777 0.6057028 -0.5202178
vn 0.1534311 0.8613796 -0.4842357
vn -0.3363272 0.8862504 -0.318503
vn -0.7359672 0.6736511 -0.06742755
vn -0.9384051 0.2805472 0.2017151
vn -0.889398 -0.1877287 0.4168082
vn -0.6020777 -0.6057029 0.5202178
vn -0.1534309 -0.8613796 0.4842357
vn 0.3363273 -0.8862504 0.318503
vn 0.7359672 -0.6736511 0.06742757
vn 0.9384051 -0.2805475 -0.201715
vn 0.889398 0.1877289 -0.4168082
vn 0.6020777 0.6057028 -0.5202178
vn 0.645308 0.6099023 -0.4599966
vn 0.2031099 0.8777318 -0.4339737
vn -0.2935115 0.910374 -0.2916679
vn -0.7114867 0.6990821 -0.07120987
vn -0.9388196 0.3004714 0.1683289
vn -0.9145964 -0.17865 0.3627639
vn -0.6453079 -0.6099023 0.4599966
vn -0.2031097 -0.8777319 0.4339737
vn 0.2935116 -0.910374 0.2916679
vn 0.7114867 -0.6990821 0.07120989
vn 0.9388196 -0.3004717 -0.1683288
vn 0.9145963 0.1786504 -0.3627639
vn 0.645308 0.6099023 -0.4599966
vn 0.685893 0.6089291 -0.3984421
vn 0.2513519 0.8896856 -0.3811584
vn -0.250539 0.9320517 -0.2617435
vn -0.6852982 0.7246752 -0.07219465
vn -0.9364322 0.3231225 0.1366988
vn -0.9366499 -0.1650106 0.3089638
vn -0.685893 -0.6089292 0.3984422
vn -0.2513517 -0.8896857 0.3811584
vn 0.2505391 -0.9320518 0.2617435
vn 0.6852982 -0.7246752 0.07219467
vn 0.9364321 -0.3231226 -0.1366987
vn 0.9366497 0.1650109 -0.3089638
vn 0.685893 0.6089291 -0.3984421
vn 0.7234194 0.6036532 -0.335063
vn 0.2975309 0.8977039 -0.3249663
vn -0.2080813 0.9512158 -0.2277951
vn -0.6579381 0.7498501 -0.06958633
vn -0.931501 0.3475623 0.1072681
vn -0.9554687 -0.1478541 0.2553799
vn -0.7234193 -0.6036533 0.335063
vn -0.2975306 -0.897704 0.3249662
vn 0.2080812 -0.9512159 0.2277951
vn 0.6579381 -0.7498501 0.06958634
vn 0.931501 -0.3475623 -0.107268
vn 0.9554685 0.1478544 -0.25538
vn 0.7234194 0.6036532 -0.335063
vn 0.7573152 0.594826 -0.2695471
vn 0.3407625 0.9020887 -0.2647958
vn -0.1670973 0.9676375 -0.1890926
vn -0.6301837 0.7739085 -0.06272223
vn -0.9244128 0.3728111 0.08045459
vn -0.970946 -0.1281804 0.2020736
vn -0.7573152 -0.5948262 0.2695471
vn -0.3407623 -0.9020888 0.2647958
vn 0.1670973 -0.9676375 0.1890926
vn 0.6301837 -0.7739085 0.06272224
vn 0.9244126 -0.3728113 -0.08045452
vn 0.9709459 0.1281808 -0.2020736
vn 0.7573152 0.594826 -0.2695471
vn 0.7869239 0.5831372 -0.2017468
vn 0.3799804 0.9030492 -0.2002926
vn -0.1287788 0.9809901 -0.1451702
vn -0.6030321 0.7960754 -0.05114946
vn -0.9157032 0.3978526 0.05657671
vn -0.9830122 -0.1069741 0.1491431
vn -0.7869239 -0.5831372 0.2017468
vn -0.3799802 -0.9030492 0.2002926
vn 0.1287789 -0.9809901 0.1451702
vn 0.6030321 -0.7960754 0.05114947
vn 0.9157031 -0.3978529 -0.05657668
vn 0.9830121 0.1069744 -0.1491432
vn 0.7869239 0.5831372 -0.2017468
vn 0.8110901 0.5687958 -0.1363978
vn 0.4134607 0.9002166 -0.1366028
vn -0.09495534 0.9904253 -0.1002053
vn -0.5779284 0.8152503 -0.03695782
vn -0.9060457 0.4216294 0.03619252
vn -0.9913887 -0.08496667 0.09964506
vn -0.8110899 -0.5687958 0.1363978
vn -0.4134605 -0.9002166 0.1366028
vn 0.0949554 -0.9904253 0.1002053
vn 0.5779284 -0.8152503 0.03695782
vn 0.9060456 -0.4216295 -0.0361925
vn 0.9913887 0.08496703 -0.09964511
vn 0.8110901 0.5687958 -0.1363978
vn 0.8299795 0.5523964 -0.07741018
vn 0.4410878 0.8940263 -0.07847563
vn -0.0659933 0.9961029 -0.05851362
vn -0.5553914 0.8312744 -0.02287291
vn -0.895973 0.4437064 0.01889658
vn -0.996479 -0.06275228 0.05560273
vn -0.8299794 -0.5523965 0.07741017
vn -0.4410875 -0.8940265 0.07847563
vn 0.06599331 -0.9961029 0.05851363
vn 0.5553914 -0.8312744 0.02287292
vn 0.8959729 -0.4437065 -0.01889656
vn 0.996479 0.06275264 -0.05560274
vn 0.8299795 0.5523964 -0.07741018
vn 0.8446473 0.5348067 -0.02351063
vn 0.4639274 0.8855187 -0.02505785
vn -0.04110157 0.998957 -0.01989084
vn -0.5351176 0.8447254 -0.00939409
vn -0.8857492 0.46415 0.003619803
vn -0.9990448 -0.04079364 0.01566377
vn -0.8446473 -0.5348067 0.02351063
vn -0.4639273 -0.8855188 0.02505785
vn 0.04110163 -0.998957 0.01989084
vn 0.5351176 -0.8447254 0.009394091
vn 0.885749 -0.4641502 -0.003619798
vn 0.9990448 0.04079412 -0.01566377
vn 0.8446473 0.5348067 -0.02351063
vn 0.8558667 0.5165167 0.02650856
vn 0.4828185 0.8753763 0.02454926
vn -0.01960062 0.9996797 0.01601201
vn -0.516768 0.8561196 0.003184346
vn -0.8754677 0.4831626 -0.01049656
vn -0.9995862 -0.019257 -0.02136491
vn -0.8558667 -0.5165168 -0.02650855
vn -0.4828183 -0.8753764 -0.02454926
vn 0.01960068 -0.9996797 -0.01601201
vn 0.516768 -0.8561196 -0.003184347
vn 0.8754675 -0.4831628 0.01049656
vn 0.9995862 0.01925736 0.02136492
vn 0.8558667 0.5165167 0.02650856
vn 0.8641814 0.4977447 0.07376117
vn 0.498407 0.8640118 0.07123182
vn -0.0009154081 0.998768 0.04961598
vn -0.4999926 0.8659048 0.01470554
vn -0.8650972 0.5010228 -0.02414523
vn -0.9983994 0.001892625 -0.05652628
vn -0.8641814 -0.4977448 -0.07376116
vn -0.4984067 -0.864012 -0.07123182
vn 0.0009154678 -0.998768 -0.04961597
vn 0.4999926 -0.8659048 -0.01470554
vn 0.865097 -0.5010231 0.02414522
vn 0.9983994 -0.001892268 0.0565263
vn 0.8641814 0.4977447 0.07376117
vn 0.869947 0.4785039 0.119274
vn 0.51118 0.8516304 0.115847
vn 0.01544261 0.9965636 0.0813789
vn -0.4844328 0.8744681 0.02510534
vn -0.8545046 0.5180595 -0.03789519
vn -0.9956126 0.02283739 -0.09074171
vn -0.869947 -0.4785039 -0.119274
vn -0.5111798 -0.8516306 -0.115847
vn -0.01544261 -0.9965636 -0.08137889
vn 0.4844328 -0.8744681 -0.02510534
vn 0.8545045 -0.5180597 0.03789517
vn 0.9956126 -0.02283698 0.09074174
vn 0.869947 0.4785039 0.119274
vn 0.8733537 0.4586434 0.1640107
vn 0.5214875 0.8382699 0.1592304
vn 0.02988909 0.9932829 0.1117844
vn -0.4697184 0.8821464 0.03438587
vn -0.8434651 0.5346392 -0.05222636
vn -0.9912057 0.04387615 -0.1248445
vn -0.8733537 -0.4586434 -0.1640107
vn -0.5214873 -0.8382699 -0.1592304
vn -0.02988897 -0.9932829 -0.1117844
vn 0.4697183 -0.8821464 -0.03438588
vn 0.843465 -0.5346394 0.05222633
vn 0.9912057 -0.04387578 0.1248445
vn 0.8733537 0.4586434 0.1640107
vn 0.8744339 0.4378644 0.2089022
vn 0.5295542 0.8238208 0.2022171
vn 0.04278074 0.9890351 0.1413479
vn -0.455456 0.8892382 0.04260475
vn -0.8316535 0.5511704 -0.06755438
vn -0.9850098 0.06541719 -0.1596123
vn -0.8744338 -0.4378645 -0.2089022
vn -0.5295539 -0.8238209 -0.202217
vn -0.04278068 -0.9890351 -0.1413479
vn 0.4554559 -0.8892382 -0.04260476
vn 0.8316535 -0.5511706 0.06755434
vn 0.98501 -0.06541678 0.1596123
vn 0.8744339 0.4378644 0.2089022
vn 0.8731398 0.415878 0.2543074
vn 0.5354164 0.8080732 0.2456563
vn 0.0542285 0.9837459 0.1711818
vn -0.4414902 0.8958246 0.05083925
vn -0.8189118 0.5678676 -0.08312568
vn -0.9769064 0.08775114 -0.1948171
vn -0.8731398 -0.4158781 -0.2543074
vn -0.5354162 -0.8080733 -0.2456563
vn -0.05422838 -0.9837459 -0.1711818
vn 0.4414901 -0.8958247 -0.05083926
vn 0.8189117 -0.5678678 0.08312565
vn 0.9769064 -0.08775072 0.1948171
vn 0.8731398 0.415878 0.2543074
vn 0.8692435 0.3925294 0.3005601
vn 0.5387797 0.790824 0.2903685
vn 0.06394988 0.9772183 0.2023729
vn -0.4280153 0.9017675 0.06015153
vn -0.8052941 0.5846887 -0.09818742
vn -0.9667946 0.1109431 -0.230217
vn -0.8692435 -0.3925295 -0.3005601
vn -0.5387794 -0.7908242 -0.2903685
vn -0.06394982 -0.9772183 -0.2023729
vn 0.4280152 -0.9017675 -0.06015155
vn 0.8052939 -0.5846888 0.09818736
vn 0.9667946 -0.1109428 0.2302171
vn 0.8692435 0.3925294 0.3005601
vn 0.8622116 0.3675135 0.3486043
vn 0.5391129 0.7717742 0.3372268
vn 0.07155905 0.9692388 0.2354897
vn -0.415169 0.9069965 0.07065322
vn -0.7906529 0.601725 -0.1131148
vn -0.9542817 0.135222 -0.2665736
vn -0.8622116 -0.3675136 -0.3486043
vn -0.5391127 -0.7717744 -0.3372268
vn -0.071559 -0.9692388 -0.2354897
vn 0.415169 -0.9069965 -0.07065324
vn 0.7906528 -0.6017252 0.1131147
vn 0.9542817 -0.1352217 0.2665737
vn 0.8622116 0.3675135 0.3486043
vn 0.8512195 0.3403567 0.399478
vn 0.5356055 0.7504617 0.387213
vn 0.07647602 0.9594816 0.2711946
vn -0.4031451 0.9114089 0.08250979
vn -0.7747439 0.6191247 -0.1282835
vn -0.9387503 0.1609466 -0.3047032
vn -0.8512195 -0.3403567 -0.399478
vn -0.5356053 -0.7504619 -0.387213
vn -0.07647602 -0.9594816 -0.2711946
vn 0.4031451 -0.9114089 -0.08250981
vn 0.7747437 -0.6191248 0.1282835
vn 0.9387503 -0.1609463 0.3047033
vn 0.8512195 0.3403567 0.399478
vn 0.8350284 0.3103455 0.4543273
vn 0.5270469 0.7261941 0.4414337
vn 0.0778433 0.9474599 0.3102584
vn -0.3922183 0.9148543 0.09594936
vn -0.7571853 0.6371141 -0.1440692
vn -0.919265 0.1886598 -0.3454843
vn -0.8350283 -0.3103456 -0.4543273
vn -0.5270466 -0.7261943 -0.4414337
vn -0.0778433 -0.9474599 -0.3102584
vn 0.3922183 -0.9148544 -0.09594938
vn 0.7571853 -0.6371142 0.1440691
vn 0.919265 -0.1886595 0.3454845
vn 0.8350284 0.3103455 0.4543273
vn 0.8117883 0.2764283 0.5143804
vn 0.5116319 0.697948 0.5011001
vn 0.07438423 0.9324532 0.3535504
vn -0.3827949 0.9171083 0.1112671
vn -0.7374043 0.6560248 -0.1608302
vn -0.8944267 0.2191599 -0.3898329
vn -0.8117882 -0.2764284 -0.5143804
vn -0.5116318 -0.6979482 -0.5010999
vn -0.07438418 -0.9324532 -0.3535504
vn 0.3827949 -0.9171083 -0.1112671
vn 0.7374042 -0.6560249 0.1608301
vn 0.8944268 -0.2191597 0.3898331
vn 0.8117883 0.2764283 0.5143804
vn 0.7787418 0.2370858 0.5808197
vn 0.4866607 0.6642364 0.5674075
vn 0.06417903 0.9134058 0.4019589
vn -0.3754994 0.9178286 0.1288056
vn -0.714563 0.6763198 -0.1788611
vn -0.8621598 0.2535917 -0.438602
vn -0.7787418 -0.2370859 -0.5808197
vn -0.4866606 -0.6642366 -0.5674075
vn -0.06417909 -0.9134058 -0.4019589
vn 0.3754994 -0.9178286 -0.1288057
vn 0.7145628 -0.6763199 0.178861
vn 0.8621598 -0.2535915 0.4386021
vn 0.7787418 0.2370858 0.5808197
vn 0.7318184 0.1901954 0.6544215
vn 0.4481161 0.6229617 0.6411792
vn 0.04434139 0.888806 0.4561334
vn -0.3713147 0.9164955 0.1488668
vn -0.6874773 0.6986105 -0.1982884
vn -0.8194307 0.2935336 -0.4923123
vn -0.7318184 -0.1901955 -0.6544215
vn -0.4481159 -0.6229618 -0.6411791
vn -0.04434139 -0.888806 -0.4561334
vn 0.3713146 -0.9164955 -0.1488669
vn 0.6874772 -0.6986106 0.1982884
vn 0.8194306 -0.2935333 0.4923125
vn 0.7318184 0.1901954 0.6544215
vn 0.6707751 0.1367946 0.7289363
vn 0.3954984 0.574984 0.7162223
vn 0.01424801 0.8591073 0.511597
vn -0.3708202 0.9130333 0.1698898
vn -0.6565273 0.7223126 -0.2173394
vn -0.7663183 0.338049 -0.5463325
vn -0.6707751 -0.1367946 -0.7289363
vn -0.3954982 -0.5749841 -0.7162222
vn -0.01424801 -0.8591073 -0.511597
vn 0.3708201 -0.9130333 -0.1698899
vn 0.6565272 -0.7223127 0.2173392
vn 0.7663183 -0.3380487 0.5463327
vn 0.6707751 0.1367946 0.7289363
vn 0.5991016 0.07990722 0.7966757
vn 0.3321402 0.523235 0.7847981
vn -0.02381802 0.8263626 0.5626346
vn -0.3733943 0.9080669 0.1897134
vn -0.6229199 0.7464552 -0.2340415
vn -0.7055343 0.3848316 -0.5950847
vn -0.5991016 -0.07990731 -0.7966757
vn -0.3321401 -0.5232351 -0.784798
vn 0.02381802 -0.8263626 -0.5626346
vn 0.3733943 -0.9080669 -0.1897134
vn 0.6229199 -0.7464553 0.2340413
vn 0.7055344 -0.3848312 0.5950849
vn 0.5991016 0.07990722 0.7966757
vn 0.5172479 0.01987674 0.8556047
vn 0.2587478 0.4682199 0.8448784
vn -0.06908351 0.7911043 0.6077676
vn -0.3784041 0.9020128 0.2078057
vn -0.5863315 0.7712275 -0.2478376
vn -0.6371517 0.4337926 -0.6370728
vn -0.5172478 -0.0198768 -0.8556048
vn -0.2587477 -0.4682201 -0.8448784
vn 0.06908345 -0.7911043 -0.6077676
vn 0.3784041 -0.9020128 -0.2078057
vn 0.5863314 -0.7712276 0.2478375
vn 0.6371517 -0.4337921 0.637073
vn 0.5172479 0.01987674 0.8556047
vn 0.4257712 -0.04302986 0.9038072
vn 0.1762009 0.4103807 0.8947296
vn -0.1205826 0.7538303 0.64591
vn -0.385056 0.8952917 0.2240191
vn -0.5463539 0.7968602 -0.2578976
vn -0.5612567 0.4849107 -0.6707104
vn -0.4257712 0.04302979 -0.9038072
vn -0.1762007 -0.4103809 -0.8947295
vn 0.1205826 -0.7538303 -0.6459098
vn 0.385056 -0.8952917 -0.2240191
vn 0.5463539 -0.7968603 0.2578974
vn 0.5612566 -0.4849103 0.6707107
vn 0.4257712 -0.04302986 0.9038072
vn 0.3765856 -0.07551429 0.9232989
vn 0.1317606 0.3804971 0.9153475
vn -0.1483696 0.734555 0.6621294
vn -0.3887444 0.8917893 0.2314942
vn -0.5249553 0.8100692 -0.2611699
vn -0.5205048 0.5112917 -0.6838533
vn -0.3765856 0.0755142 -0.9232989
vn -0.1317605 -0.3804973 -0.9153475
vn 0.1483696 -0.734555 -0.6621294
vn 0.3887444 -0.8917893 -0.2314942
vn 0.5249553 -0.8100693 0.2611697
vn 0.5205047 -0.5112916 0.6838536
vn 0.3765856 -0.07551429 0.9232989
vn 0.3251657 -0.1086795 0.9393913
vn 0.08532485 0.3499954 0.9328574
vn -0.1773788 0.7148895 0.6763651
vn -0.392554 0.8882295 0.2386411
vn -0.5025446 0.823569 -0.2630266
vn -0.4778787 0.5382338 -0.6942163
vn -0.3251656 0.1086794 -0.9393913
vn -0.08532472 -0.3499956 -0.9328574
vn 0.1773788 -0.7148895 -0.6763651
vn 0.392554 -0.8882295 -0.2386412
vn 0.5025446 -0.8235691 0.2630264
vn 0.4778787 -0.5382336 0.6942165
vn 0.3251657 -0.1086795 0.9393913
vn 0.27154 -0.1425307 0.9518145
vn 0.03695361 0.3188755 0.9470759
vn -0.2075348 0.6948395 0.6885691
vn -0.3964144 0.8846218 0.2455605
vn -0.4790749 0.8373702 -0.2632459
vn -0.4333677 0.565746 -0.7015154
vn -0.27154 0.1425306 -0.9518145
vn -0.03695348 -0.3188757 -0.9470758
vn 0.2075348 -0.6948395 -0.6885691
vn 0.3964143 -0.8846218 -0.2455606
vn 0.479075 -0.8373703 0.2632457
vn 0.4333677 -0.5657457 0.7015157
vn 0.27154 -0.1425307 0.9518145
vn 0.2157208 -0.1770771 0.9602647
vn -0.01331871 0.2871251 0.9578004
vn -0.2387897 0.6743927 0.6986944
vn -0.4002771 0.8809573 0.2523735
vn -0.4545106 0.8514699 -0.2615707
vn -0.3869582 0.5938317 -0.7054269
vn -0.2157208 0.177077 -0.9602647
vn 0.01331883 -0.2871254 -0.9578004
vn 0.2387897 -0.6743928 -0.6986943
vn 0.4002771 -0.8809573 -0.2523736
vn 0.4545105 -0.8514699 0.2615705
vn 0.3869582 -0.5938315 0.7054271
vn 0.2157208 -0.1770771 0.9602647
vn 0.1577062 -0.2123258 0.9643892
vn -0.06548396 0.2547233 0.9647942
vn -0.2711279 0.6535199 0.7066835
vn -0.4041234 0.8772062 0.2592172
vn -0.4288342 0.8658457 -0.2577062
vn -0.3386392 0.6224825 -0.7055771
vn -0.1577061 0.2123258 -0.9643892
vn 0.06548408 -0.2547235 -0.9647942
vn 0.2711279 -0.6535199 -0.7066834
vn 0.4041233 -0.8772062 -0.2592173
vn 0.4288341 -0.8658457 0.257706
vn 0.3386391 -0.6224821 0.7055774
vn 0.1577062 -0.2123258 0.9643892
vn 0.09748799 -0.2482735 0.9637719
vn -0.1195573 0.2216461 0.9677702
vn -0.3045672 0.6321759 0.7124552
vn -0.4079688 0.8733147 0.2662382
vn -0.4020553 0.8804495 -0.2513172
vn -0.2884115 0.6516683 -0.701532
vn -0.09748799 0.2482734 -0.963772
vn 0.1195572 -0.2216462 -0.9677701
vn 0.3045673 -0.6321759 -0.7124551
vn 0.4079688 -0.8733147 -0.2662383
vn 0.4020553 -0.8804495 0.251317
vn 0.2884113 -0.6516682 0.7015322
vn 0.09748799 -0.2482735 0.9637719
vn 0.03506445 -0.2848923 0.957918
vn -0.1755693 0.187877 0.9663734
vn -0.3391595 0.6103051 0.7158899
vn -0.4118722 0.8692025 0.2735841
vn -0.374224 0.8951975 -0.2420285
vn -0.2363027 0.681325 -0.6927895
vn -0.03506445 0.2848922 -0.957918
vn 0.1755693 -0.1878773 -0.9663734
vn 0.3391595 -0.6103051 -0.7158899
vn 0.4118722 -0.8692025 -0.2735842
vn 0.374224 -0.8951976 0.2420283
vn 0.2363026 -0.6813248 0.6927896
vn 0.03506445 -0.2848923 0.957918
vn -0.02953975 -0.3221127 0.9462403
vn -0.2335527 0.1534224 0.9601639
vn -0.3749856 0.5878486 0.7168123
vn -0.4159414 0.8647611 0.2813913
vn -0.3454458 0.9099614 -0.2294285
vn -0.1823884 0.7113382 -0.6787728
vn 0.02953981 0.3221126 -0.9462403
vn 0.2335528 -0.1534227 -0.9601638
vn 0.3749856 -0.5878486 -0.7168123
vn 0.4159414 -0.8647611 -0.2813913
vn 0.3454459 -0.9099614 0.2294283
vn 0.1823883 -0.711338 0.678773
vn -0.02953975 -0.3221127 0.9462403
vn -0.09736019 -0.3603194 0.9277343
vn -0.2947587 0.1177604 0.9482878
vn -0.4131769 0.5642868 0.7147484
vn -0.4208846 0.8596129 0.2896926
vn -0.3158166 0.9246063 -0.2129862
vn -0.1261258 0.7418521 -0.6585952
vn 0.09736018 0.3603194 -0.9277343
vn 0.2947586 -0.1177607 -0.9482878
vn 0.4131769 -0.5642868 -0.7147484
vn 0.4208846 -0.8596129 -0.2896926
vn 0.3158167 -0.9246063 0.212986
vn 0.1261258 -0.7418519 0.6585954
vn -0.09736019 -0.3603194 0.9277343
vn -0.1681872 -0.3991694 0.9013195
vn -0.3593868 0.0810266 0.9296643
vn -0.4542893 0.5395119 0.7089063
vn -0.4274652 0.8534354 0.2981973
vn -0.2861019 0.9386813 -0.1924135
vn -0.06807812 0.7724084 -0.6314671
vn 0.1681873 0.3991693 -0.9013196
vn 0.359387 -0.08102684 -0.9296643
vn 0.4542893 -0.5395119 -0.7089063
vn 0.4274652 -0.8534354 -0.2981974
vn 0.2861021 -0.9386813 0.1924134
vn 0.068078 -0.7724081 0.6314673
vn -0.1681872 -0.3991694 0.9013195
vn -0.2397167 -0.4373365 0.8667598
vn -0.4255066 0.04438362 0.9038663
vn -0.4972823 0.5142115 0.6987824
vn -0.4358115 0.8462567 0.3064603
vn -0.2575654 0.951548 -0.1679777
vn -0.01030486 0.8018727 -0.597406
vn 0.2397167 0.4373365 -0.8667598
vn 0.4255067 -0.0443838 -0.9038663
vn 0.4972824 -0.5142115 -0.6987823
vn 0.4358115 -0.8462567 -0.3064603
vn 0.2575654 -0.9515481 0.1679776
vn 0.01030468 -0.8018726 0.5974062
vn -0.2397167 -0.4373365 0.8667598
vn -0.309397 -0.4735073 0.8246602
vn -0.4908838 0.009035584 0.8711782
vn -0.5408388 0.4891576 0.6842648
vn -0.4458764 0.8382102 0.314003
vn -0.2314416 0.9626649 -0.1403958
vn 0.04500757 0.8291743 -0.5571753
vn 0.309397 0.4735072 -0.8246602
vn 0.4908839 -0.009035761 -0.8711781
vn 0.5408388 -0.4891576 -0.6842647
vn 0.4458764 -0.8382102 -0.314003
vn 0.2314417 -0.962665 0.1403956
vn -0.04500774 -0.829174 0.5571756
vn -0.309397 -0.4735073 0.8246602
vn -0.3748155 -0.5066048 0.7764438
vn -0.5533125 -0.02397554 0.8326286
vn -0.58355 0.4650781 0.6657113
vn -0.4574257 0.8295147 0.3204171
vn -0.2087343 0.9716832 -0.1107328
vn 0.09588703 0.8534899 -0.5122116
vn 0.3748156 0.5066047 -0.7764438
vn 0.5533127 0.0239753 -0.8326286
vn 0.58355 -0.4650783 -0.6657113
vn 0.4574256 -0.8295147 -0.3204171
vn 0.2087345 -0.9716832 0.1107326
vn -0.09588732 -0.8534896 0.5122119
vn -0.3748155 -0.5066048 0.7764438
vn -0.434068 -0.5359547 0.7241116
vn -0.6109568 -0.05393681 0.7898244
vn -0.6241403 0.4425336 0.6439043
vn -0.4700858 0.8204275 0.3254506
vn -0.1900721 0.9784883 -0.08020743
vn 0.140871 0.874364 -0.4643737
vn 0.4340681 0.5359547 -0.7241116
vn 0.6109569 0.05393657 -0.7898244
vn 0.6241404 -0.4425336 -0.6439043
vn 0.4700858 -0.8204275 -0.3254507
vn 0.1900722 -0.9784883 0.08020727
vn -0.1408714 -0.8743638 0.4643739
vn -0.434068 -0.5359547 0.7241116
vn -0.4859757 -0.5613353 0.6698734
vn -0.6625804 -0.08053555 0.7446484
vn -0.6616473 0.4218439 0.6198956
vn -0.4834263 0.8111907 0.3290421
vn -0.1756713 0.9831795 -0.04997808
vn 0.1791543 0.8917259 -0.4156064
vn 0.4859757 0.5613352 -0.6698734
vn 0.6625804 0.08053537 -0.7446484
vn 0.6616473 -0.4218439 -0.6198956
vn 0.4834263 -0.8111907 -0.3290422
vn 0.1756714 -0.9831794 0.04997795
vn -0.1791545 -0.8917257 0.4156066
vn -0.4859757 -0.5613353 0.6698734
vn -0.5301073 -0.5829155 0.6157887
vn -0.7076072 -0.1038236 0.6989369
vn -0.6955045 0.403088 0.5948055
vn -0.4970416 0.8019927 0.3312964
vn -0.1653968 0.9860039 -0.02098355
vn 0.2105656 0.9058158 -0.3676406
vn 0.5301074 0.5829155 -0.6157888
vn 0.7076072 0.1038234 -0.6989369
vn 0.6955044 -0.403088 -0.5948055
vn 0.4970416 -0.8019927 -0.3312963
vn 0.165397 -0.9860039 0.02098341
vn -0.210566 -0.9058158 0.3676409
vn -0.5301073 -0.5829155 0.6157887
vn -0.5666479 -0.601126 0.5635226
vn -0.7460348 -0.1241146 0.6542382
vn -0.7255224 0.3861535 0.5696514
vn -0.5106068 0.7929522 0.3324268
vn -0.1588743 0.9872798 0.006128447
vn 0.2354283 0.9170663 -0.3218117
vn 0.5666479 0.6011258 -0.5635226
vn 0.7460348 0.1241144 -0.6542383
vn 0.7255224 -0.3861535 -0.5696513
vn 0.5106069 -0.7929522 -0.3324268
vn 0.1588744 -0.9872798 -0.006128582
vn -0.2354287 -0.9170662 0.321812
vn -0.5666479 -0.601126 0.5635226
vn -0.5961946 -0.6165214 0.5142502
vn -0.7782668 -0.1418612 0.6116993
vn -0.7518032 0.3708109 0.5452443
vn -0.5238942 0.7841246 0.3326913
vn -0.1556082 0.9873325 0.03099385
vn 0.2543726 0.9259854 -0.2790081
vn 0.5961947 0.6165214 -0.5142502
vn 0.7782668 0.1418609 -0.6116993
vn 0.7518032 -0.370811 -0.5452443
vn 0.5238943 -0.7841245 -0.3326913
vn 0.1556083 -0.9873325 -0.03099396
vn -0.2543729 -0.9259853 0.2790083
vn -0.5961946 -0.6165214 0.5142502
vn -0.6376227 -0.6410946 0.427124
vn -0.8267759 -0.1716478 0.5357038
vn -0.7943954 0.3437922 0.5007422
vn -0.5491571 0.7671135 0.331607
vn -0.1567724 0.9848872 0.07361791
vn 0.2776191 0.9387609 -0.2040969
vn 0.6376227 0.6410946 -0.4271241
vn 0.826776 0.1716476 -0.5357038
vn 0.7943954 -0.3437923 -0.5007421
vn 0.5491571 -0.7671135 -0.331607
vn 0.1567726 -0.9848871 -0.07361799
vn -0.2776193 -0.9387608 0.204097
vn -0.6376227 -0.6410946 0.427124
vn -0.6611257 -0.6603984 0.3560712
vn -0.8587631 -0.1965306 0.4731824
vn -0.8262958 0.3199976 0.4635048
vn -0.572423 0.750783 0.3296314
vn -0.1651697 0.9803964 0.1074334
vn 0.2863404 0.9473132 -0.1435512
vn 0.6611258 0.6603984 -0.3560713
vn 0.8587632 0.1965304 -0.4731825
vn 0.8262958 -0.3199976 -0.4635048
vn 0.572423 -0.750783 -0.3296314
vn 0.1651699 -0.9803963 -0.1074335
vn -0.2863406 -0.9473132 0.1435513
vn -0.6611257 -0.6603984 0.3560712
vn -0.6723576 -0.6768541 0.2996727
vn -0.8791527 -0.2187258 0.4233788
vn -0.8503796 0.2980101 0.4336409
vn -0.5937479 0.7348946 0.3277092
vn -0.1780217 0.9748645 0.1339681
vn 0.285405 0.95362 -0.09566963
vn 0.6723577 0.6768541 -0.2996728
vn 0.8791527 0.2187255 -0.4233789
vn 0.8503796 -0.2980103 -0.4336409
vn 0.5937479 -0.7348946 -0.3277093
vn 0.1780219 -0.9748645 -0.1339681
vn -0.2854053 -0.95362 0.09566978
vn -0.6723576 -0.6768541 0.2996727
vn -0.6767018 -0.6916385 0.25241
vn -0.8927486 -0.239363 0.3817138
vn -0.8695843 0.2770501 0.4087376
vn -0.6134154 0.7192278 0.3262406
vn -0.1928822 0.968689 0.1563275
vn 0.2793335 0.9585904 -0.05547331
vn 0.6767019 0.6916384 -0.25241
vn 0.8927486 0.2393627 -0.3817138
vn 0.8695843 -0.2770502 -0.4087377
vn 0.6134154 -0.7192278 -0.3262406
vn 0.1928823 -0.9686888 -0.1563276
vn -0.2793338 -0.9585902 0.05547344
vn -0.6767018 -0.6916385 0.25241
vn -0.6780097 -0.7049767 0.2081122
vn -0.9031544 -0.258696 0.3426199
vn -0.8862998 0.2569024 0.3853231
vn -0.6319617 0.703664 0.3247792
vn -0.2082897 0.9618793 0.1772108
vn 0.271193 0.9623597 -0.0178409
vn 0.6780098 0.7049766 -0.2081122
vn 0.9031544 0.2586958 -0.34262
vn 0.8862998 -0.2569025 -0.3853231
vn 0.6319617 -0.7036639 -0.3247792
vn 0.2082898 -0.9618793 -0.1772109
vn -0.2711932 -0.9623595 0.01784103
vn -0.6780097 -0.7049767 0.2081122
vn -0.6776661 -0.7167769 0.1643155
vn -0.9117352 -0.2766194 0.3036783
vn -0.9015059 0.2376583 0.3616708
vn -0.6497185 0.6882557 0.3227538
vn -0.2238395 0.9544353 0.1973552
vn 0.2620169 0.9648747 0.01907541
vn 0.6776661 0.7167768 -0.1643155
vn 0.9117354 0.2766192 -0.3036783
vn 0.9015059 -0.2376583 -0.3616708
vn 0.6497185 -0.6882556 -0.3227538
vn 0.2238396 -0.9544353 -0.1973552
vn -0.2620173 -0.9648747 -0.01907531
vn -0.6776661 -0.7167769 0.1643155
vn -0.6764491 -0.7267856 0.1191614
vn -0.9192609 -0.2928619 0.2630424
vn -0.9157575 0.2195341 0.3364415
vn -0.6668776 0.6731061 0.3196912
vn -0.2393082 0.9463196 0.21728
vn 0.2523835 0.9659677 0.05664879
vn 0.6764491 0.7267855 -0.1191614
vn 0.919261 0.2928618 -0.2630424
vn 0.9157576 -0.2195341 -0.3364415
vn 0.6668776 -0.6731061 -0.3196912
vn 0.2393084 -0.9463196 -0.21728
vn -0.2523837 -0.9659675 -0.05664868
vn -0.6764491 -0.7267856 0.1191614
vn -0.6747782 -0.7345993 0.07098134
vn -0.926159 -0.3070057 0.2190367
vn -0.9293763 0.20285 0.3084015
vn -0.683568 0.6583522 0.3151303
vn -0.2545979 0.9374495 0.2374201
vn 0.2425914 0.9653577 0.09609344
vn 0.6747783 0.7345992 -0.07098137
vn 0.926159 0.3070056 -0.2190368
vn 0.9293763 -0.20285 -0.3084015
vn 0.683568 -0.6583522 -0.3151303
vn 0.254598 -0.9374495 -0.2374201
vn -0.2425915 -0.9653577 -0.09609334
vn -0.6747782 -0.7345993 0.07098134
vn -0.6727872 -0.7396159 0.01804451
vn -0.9325923 -0.3184402 0.1699041
vn -0.9425101 0.1880616 0.2762381
vn -0.6998829 0.6441724 0.3085543
vn -0.2697225 0.9276777 0.2581936
vn 0.2327096 0.9626122 0.1386501
vn 0.6727873 0.7396158 -0.01804453
vn 0.9325924 0.31844 -0.1699042
vn 0.9425101 -0.1880616 -0.2762381
vn 0.6998829 -0.6441724 -0.3085544
vn 0.2697227 -0.9276776 -0.2581936
vn -0.2327099 -0.9626122 -0.13865
vn -0.6727872 -0.7396159 0.01804451
vn -0.6702938 -0.7409274 -0.04162731
vn -0.9384294 -0.3262554 0.1136123
vn -0.9551138 0.1758367 0.2384097
vn -0.715876 0.6308137 0.2993254
vn -0.2848196 0.9167644 0.280037
vn 0.2225538 0.9570687 0.185713
vn 0.6702939 0.7409273 0.04162729
vn 0.9384294 0.3262552 -0.1136124
vn 0.9551138 -0.1758369 -0.2384098
vn 0.715876 -0.6308137 -0.2993254
vn 0.2848197 -0.9167643 -0.2800371
vn -0.2225541 -0.9570686 -0.1857129
vn -0.6702938 -0.7409274 -0.04162731
vn -0.6666645 -0.7371365 -0.1104007
vn -0.9431068 -0.3290509 0.04769619
vn -0.9668449 0.1672036 0.193013
vn -0.7315173 0.6186565 0.2866121
vn -0.3001801 0.9043406 0.3034138
vn 0.2115899 0.9477072 0.2389158
vn 0.6666645 0.7371364 0.1104006
vn 0.9431069 0.3290507 -0.04769626
vn 0.9668449 -0.1672036 -0.193013
vn 0.7315173 -0.6186565 -0.2866121
vn 0.3001802 -0.9043406 -0.3034137
vn -0.2115903 -0.9477071 -0.2389158
vn -0.6666645 -0.7371365 -0.1104007
vn -0.6602911 -0.7277908 -0.1853
vn -0.944945 -0.3262753 -0.02496824
vn -0.9764018 0.1626657 0.1420538
vn -0.7462324 0.6080208 0.2710127
vn -0.3161104 0.890457 0.3273538
vn 0.1987129 0.9342957 0.2959808
vn 0.6602913 0.7277908 0.1852999
vn 0.944945 0.3262751 0.02496818
vn 0.9764019 -0.1626658 -0.1420538
vn 0.7462325 -0.6080208 -0.2710127
vn 0.3161106 -0.8904569 -0.3273538
vn -0.1987133 -0.9342957 -0.2959807
vn -0.6602911 -0.7277908 -0.1853
vn -0.6500119 -0.7135181 -0.2614889
vn -0.9426899 -0.3184918 -0.09949286
vn -0.982775 0.1618744 0.08916232
vn -0.7595263 0.5988666 0.2539265
vn -0.3327627 0.8753928 0.3506513
vn 0.1831639 0.9173581 0.3534193
vn 0.650012 0.7135181 0.2614889
vn 0.9426899 0.3184915 0.09949277
vn 0.982775 -0.1618744 -0.08916233
vn 0.7595263 -0.5988666 -0.2539265
vn 0.332763 -0.8753928 -0.3506513
vn -0.1831643 -0.917358 -0.3534192
vn -0.6500119 -0.7135181 -0.2614889
vn -0.635278 -0.6939857 -0.3388297
vn -0.9358681 -0.3054253 -0.175688
vn -0.9856933 0.1649738 0.03452922
vn -0.7714027 0.5911685 0.2354945
vn -0.3504149 0.85896 0.3733591
vn 0.1644658 0.8965936 0.4111824
vn 0.6352781 0.6939857 0.3388296
vn 0.9358681 0.305425 0.1756879
vn 0.9856933 -0.164974 -0.03452928
vn 0.7714027 -0.5911685 -0.2354945
vn 0.3504151 -0.85896 -0.3733591
vn -0.1644661 -0.8965935 -0.4111824
vn -0.635278 -0.6939857 -0.3388297
vn -0.6153982 -0.668838 -0.417062
vn -0.9238992 -0.2867956 -0.2532951
vn -0.9848425 0.1720937 -0.02165793
vn -0.7818978 0.5848707 0.2157825
vn -0.369444 0.840932 0.3954042
vn 0.1420019 0.871666 0.4690775
vn 0.6153983 0.668838 0.417062
vn 0.9238994 0.2867954 0.253295
vn 0.9848425 -0.1720937 0.02165793
vn 0.7818978 -0.5848707 -0.2157825
vn 0.3694441 -0.840932 -0.3954042
vn -0.1420022 -0.871666 -0.4690776
vn -0.6153982 -0.668838 -0.417062
vn -0.5895421 -0.6377221 -0.4957324
vn -0.9060903 -0.2623325 -0.331937
vn -0.9798523 0.1833492 -0.07919913
vn -0.7910636 0.5799025 0.19476
vn -0.3903099 0.8210713 0.4165334
vn 0.1150267 0.8422347 0.5266968
vn 0.5895422 0.6377221 0.4957323
vn 0.9060903 0.2623323 0.3319368
vn 0.9798523 -0.1833492 0.0791991
vn 0.7910636 -0.5799025 -0.19476
vn 0.3903101 -0.8210713 -0.4165333
vn -0.1150271 -0.8422347 -0.5266969
vn -0.5895421 -0.6377221 -0.4957324
vn -0.5567685 -0.6003355 -0.5741132
vn -0.8816462 -0.2318035 -0.411056
vn -0.9702877 0.1988402 -0.1378566
vn -0.7989412 0.576205 0.1722815
vn -0.4135188 0.7991759 0.4362569
vn 0.08270535 0.8080083 0.5833374
vn 0.5567687 0.6003354 0.5741132
vn 0.8816463 0.2318034 0.4110559
vn 0.9702877 -0.1988402 0.1378566
vn 0.7989412 -0.5762049 -0.1722814
vn 0.4135189 -0.7991759 -0.4362568
vn -0.08270576 -0.8080081 -0.5833374
vn -0.5567685 -0.6003355 -0.5741132
vn -0.5160857 -0.5565004 -0.6511242
vn -0.8497046 -0.1950614 -0.48985
vn -0.955646 0.2186443 -0.1973209
vn -0.8055225 0.5737645 0.1480804
vn -0.4395598 0.7751447 0.4538036
vn 0.04418227 0.7688257 0.6379303
vn 0.5160859 0.5565004 0.6511242
vn 0.8497047 0.1950613 0.48985
vn 0.9556459 -0.2186443 0.1973209
vn 0.8055225 -0.5737644 -0.1480803
vn 0.43956 -0.7751447 -0.4538034
vn -0.04418263 -0.7688255 -0.6379304
vn -0.5160857 -0.5565004 -0.6511242
vn -0.4665589 -0.5062656 -0.7252709
vn -0.8094031 -0.1521134 -0.5672109
vn -0.9353686 0.2427977 -0.2571672
vn -0.8107027 0.5726515 0.1217845
vn -0.4688094 0.7490636 0.4681041
vn -0.001299262 0.7247646 0.6889954
vn 0.466559 0.5062657 0.7252709
vn 0.8094032 0.1521132 0.5672107
vn 0.9353685 -0.2427977 0.2571671
vn 0.8107027 -0.5726515 -0.1217844
vn 0.4688095 -0.7490636 -0.468104
vn 0.001298963 -0.7247645 -0.6889954
vn -0.4665589 -0.5062656 -0.7252709
vn -0.4342578 -0.4732119 -0.7664794
vn -0.7826948 -0.1238685 -0.6099553
vn -0.9214096 0.2586655 -0.289994
vn -0.8132333 0.5718904 0.1076711
vn -0.4871515 0.7318775 0.4764857
vn -0.03053818 0.6957586 0.7176262
vn 0.4342578 0.4732119 0.7664794
vn 0.7826949 0.1238684 0.6099551
vn 0.9214096 -0.2586655 0.289994
vn 0.8132333 -0.5718904 -0.107671
vn 0.4871517 -0.7318775 -0.4764856
vn 0.03053789 -0.6957585 -0.7176263
vn -0.4342578 -0.4732119 -0.7664794
vn -0.3900832 -0.4264724 -0.8160616
vn -0.745947 -0.08418389 -0.6606634
vn -0.9019351 0.2806618 -0.3282409
vn -0.8162502 0.5703043 0.09213357
vn -0.5118515 0.7071342 0.4878209
vn -0.07030303 0.654488 0.7527967
vn 0.3900833 0.4264724 0.8160614
vn 0.7459471 0.08418374 0.6606632
vn 0.9019351 -0.2806618 0.3282409
vn 0.8162502 -0.5703043 -0.09213354
vn 0.5118517 -0.7071342 -0.4878207
vn 0.07030268 -0.6544878 -0.7527969
vn -0.3900832 -0.4264724 -0.8160616
vn -0.33211 -0.365141 -0.8696983
vn -0.6972569 -0.03193345 -0.7161097
vn -0.8755746 0.3098307 -0.37064
vn -0.8192827 0.5685761 0.07414255
vn -0.5434644 0.6749718 0.4990586
vn -0.1220256 0.6005093 0.7902521
vn 0.33211 0.3651409 0.8696983
vn 0.697257 0.03193332 0.7161096
vn 0.8755746 -0.3098307 0.37064
vn 0.8192827 -0.568576 -0.07414251
vn 0.5434646 -0.6749717 -0.4990585
vn 0.1220252 -0.6005092 -0.7902522
vn -0.33211 -0.365141 -0.8696983
vn -0.259656 -0.2897862 -0.9211963
vn -0.6356142 0.03291615 -0.7713048
vn -0.8412603 0.346799 -0.4147427
vn -0.8214914 0.5677572 0.05294947
vn -0.5816041 0.6365854 0.5064541
vn -0.1858767 0.5348408 0.8242543
vn 0.2596561 0.2897862 0.9211963
vn 0.6356143 -0.03291632 0.7713047
vn 0.8412603 -0.3467989 0.4147427
vn 0.8214914 -0.5677572 -0.05294944
vn 0.5816043 -0.6365853 -0.5064539
vn 0.1858764 -0.5348406 -0.8242545
vn -0.259656 -0.2897862 -0.9211963
vn -0.1743481 -0.2034358 -0.96344
vn -0.5618639 0.1083869 -0.8200983
vn -0.7988292 0.3911675 -0.4570119
vn -0.8217489 0.5691351 0.02853069
vn -0.6244812 0.5946034 0.5064287
vn -0.2598844 0.460748 0.8486291
vn 0.1743481 0.2034357 0.96344
vn 0.5618641 -0.108387 0.8200982
vn 0.7988292 -0.3911676 0.4570118
vn 0.8217489 -0.5691351 -0.02853066
vn 0.6244813 -0.5946035 -0.5064284
vn 0.2598841 -0.4607479 -0.8486292
vn -0.1743481 -0.2034358 -0.96344
vn -0.08051177 -0.1117336 -0.9904714
vn -0.4792198 0.1901384 -0.8568522
vn -0.7495216 0.4410633 -0.4936402
vn -0.8189896 0.5738055 0.001842529
vn -0.6690097 0.5527968 0.4968316
vn -0.3397694 0.3836668 0.8586946
vn 0.08051182 0.1117335 0.9904714
vn 0.4792201 -0.1901386 0.8568521
vn 0.7495216 -0.4410633 0.49364
vn 0.8189896 -0.5738055 -0.001842499
vn 0.6690098 -0.5527968 -0.4968315
vn 0.3397691 -0.3836667 -0.8586948
vn -0.08051177 -0.1117336 -0.9904714
vn 0.01578568 -0.02169581 -0.99964
vn -0.3926576 0.2723034 -0.878448
vn -0.6958889 0.4933392 -0.5218765
vn -0.8126572 0.5821852 -0.02546841
vn -0.7116745 0.5150349 0.4777639
vn -0.4199993 0.3098815 0.8529794
vn -0.01578568 0.02169578 0.99964
vn 0.3926579 -0.2723035 0.8784478
vn 0.6958889 -0.4933392 0.5218765
vn 0.8126572 -0.5821852 0.02546844
vn 0.7116746 -0.5150349 -0.4777638
vn 0.419999 -0.3098815 -0.8529797
vn 0.01578568 -0.02169581 -0.99964
vn 0.1086734 0.06038406 -0.9922419
vn -0.3073302 0.3492316 -0.8852036
vn -0.6409849 0.544503 -0.5409758
vn -0.8028883 0.5938753 -0.05179372
vn -0.7496582 0.4841189 0.4512665
vn -0.4955578 0.2446434 0.8334099
vn -0.1086733 -0.06038412 0.9922419
vn 0.3073303 -0.3492317 0.8852035
vn 0.640985 -0.544503 0.5409757
vn 0.8028883 -0.5938753 0.05179375
vn 0.7496583 -0.484119 -0.4512663
vn 0.4955576 -0.2446433 -0.83341
vn 0.1086734 0.06038406 -0.9922419
vn 0.1941042 0.1305008 -0.9722618
vn -0.2270492 0.417002 -0.8800897
vn -0.5873652 0.5917682 -0.5520982
vn -0.7902973 0.6079704 -0.07617232
vn -0.7814696 0.4612673 0.420164
vn -0.5632477 0.1909681 0.8039175
vn -0.1941042 -0.1305008 0.9722618
vn 0.2270494 -0.4170022 0.8800895
vn 0.5873653 -0.5917682 0.5520982
vn 0.7902973 -0.6079704 0.07617235
vn 0.7814696 -0.4612674 -0.4201638
vn 0.5632475 -0.1909679 -0.8039176
vn 0.1941042 0.1305008 -0.9722618
vn 0.2703117 0.1871941 -0.9443992
vn -0.1537019 0.4738697 -0.8670774
vn -0.5365313 0.6335723 -0.5574229
vn -0.7755976 0.6235097 -0.09840718
vn -0.806843 0.4463781 0.3869768
vn -0.6218955 0.1496399 0.7686703
vn -0.2703116 -0.1871941 0.9443992
vn 0.153702 -0.4738697 0.8670774
vn 0.5365314 -0.6335723 0.5574228
vn 0.7755976 -0.6235097 0.09840721
vn 0.8068431 -0.4463781 -0.3869766
vn 0.6218953 -0.1496396 -0.7686704
vn 0.2703117 0.1871941 -0.9443992
vn 0.3373039 0.2308535 -0.9126515
vn -0.08755584 0.5198022 -0.8497881
vn -0.4889552 0.6694706 -0.5592244
vn -0.7593395 0.6397547 -0.118817
vn -0.8262591 0.4386169 0.3534275
vn -0.6717833 0.1199524 0.730971
vn -0.3373037 -0.2308535 0.9126515
vn 0.08755606 -0.5198023 0.8497878
vn 0.4889552 -0.6694705 0.5592244
vn 0.7593395 -0.6397547 0.118817
vn 0.8262591 -0.4386171 -0.3534274
vn 0.6717831 -0.1199521 -0.7309712
vn 0.3373039 0.2308535 -0.9126515
vn 0.3960731 0.2628159 -0.8798034
vn -0.02790712 0.5557283 -0.8308954
vn -0.44441 0.699734 -0.5593497
vn -0.7418334 0.6562464 -0.1379265
vn -0.8404831 0.4369179 0.3204541
vn -0.713926 0.1005178 0.6929688
vn -0.396073 -0.262816 0.8798034
vn 0.02790735 -0.5557284 0.8308954
vn 0.44441 -0.699734 0.5593497
vn 0.7418334 -0.6562464 0.1379265
vn 0.8404831 -0.4369181 -0.3204539
vn 0.7139258 -0.1005176 -0.692969
vn 0.3960731 0.2628159 -0.8798034
vn 0.4943113 0.2980363 -0.816597
vn 0.07639834 0.6026698 -0.7943251
vn -0.3619857 0.7458186 -0.5592145
vn -0.7033762 0.6891259 -0.1742626
vn -0.8562973 0.4477823 0.2573828
vn -0.7797742 0.0864558 0.6200626
vn -0.4943113 -0.2980363 0.816597
vn -0.07639822 -0.60267 0.7943251
vn 0.3619858 -0.7458186 0.5592145
vn 0.7033762 -0.6891259 0.1742626
vn 0.8562974 -0.4477822 -0.2573827
vn 0.7797741 -0.08645554 -0.6200627
vn 0.4943113 0.2980363 -0.816597
vn 0.5747504 0.30405 -0.7597469
vn 0.1678449 0.6239952 -0.7631894
vn -0.2840349 0.7767416 -0.5621358
vn -0.6598077 0.7213605 -0.2104582
vn -0.8587855 0.4726914 0.1976116
vn -0.8276524 0.09736497 0.5527312
vn -0.5747503 -0.3040501 0.759747
vn -0.1678447 -0.6239953 0.7631893
vn 0.284035 -0.7767416 0.5621358
vn 0.6598077 -0.7213605 0.2104582
vn 0.8587855 -0.4726915 -0.1976114
vn 0.8276522 -0.09736472 -0.5527313
vn 0.5747504 0.30405 -0.7597469
vn 0.1678449 0.6239952 -0.7631894
vn -0.2840349 0.7767416 -0.5621358
vn -0.6598077 0.7213605 -0.2104582
vn -0.8587855 0.4726914 0.1976116
vn -0.8276524 0.09736497 0.5527312
vn -0.5747503 -0.3040501 0.759747
vn -0.1678447 -0.6239953 0.7631893
vn 0.284035 -0.7767416 0.5621358
vn 0.6598077 -0.7213605 0.2104582
vn 0.8587855 -0.4726915 -0.1976114
vn 0.8276522 -0.09736472 -0.5527313
vn 0.5747504 0.30405 -0.7597469
vn 0.456728 0.8810976 -0.1227466
vn 0.131312 0.991096 0.02204001
vn -0.1392966 0.951214 0.2752967
vn -0.2825883 0.7721376 0.5691636
vn -0.2601681 0.5018506 0.8248991
vn -0.07804368 0.2127759 0.9739793
vn 0.214985 -0.01762911 0.9764583
vn 0.540401 -0.1276275 0.8316718
vn 0.8110096 -0.08774536 0.578415
vn 0.9543014 0.09133088 0.2845482
vn 0.931881 0.3616181 0.02881246
vn 0.7497566 0.6506925 -0.1202677
vn 0.5118062 0.8090422 0.2889724
vn 0.3445195 0.8655892 0.3634029
vn 0.2054079 0.845087 0.4935945
vn 0.1317459 0.7530293 0.6446626
vn 0.1432714 0.6140828 0.7761285
vn 0.2368961 0.4654782 0.8527663
vn 0.3875334 0.3470339 0.8540406
vn 0.5548201 0.2904871 0.7796102
vn 0.6939317 0.3109892 0.6494185
vn 0.7675936 0.4030469 0.4983505
vn 0.7560681 0.5419935 0.3668844
vn 0.6624435 0.6905979 0.2902467
vn 0.5002103 0.6901657 0.522935
vn 0.4480096 0.7078108 0.5461606
vn 0.4046005 0.7014132 0.5867861
vn 0.3816147 0.6726871 0.633926
vn 0.3852112 0.6293297 0.6749492
vn 0.4144263 0.5829585 0.6988635
vn 0.4614317 0.5459986 0.6992612
vn 0.5136325 0.5283536 0.6760356
vn 0.5570415 0.5347512 0.6354101
vn 0.5800273 0.5634772 0.5882701
vn 0.5764308 0.6068347 0.547247
vn 0.5472158 0.6532058 0.5233326
vn 0.4840616 0.6222479 0.6152168

vt 0 -0.00125
vt 0.9815734 -0.001185
vt 0.9840243 -0.001185
vt 0.9907557 -0.001185
vt 0 -0.001185
vt 0.009244293 -0.001185
vt 0.01597574 -0.001185
vt 0.0184266 -0.001185
vt 0.01597574 -0.001185
vt 0.009244293 -0.001185
vt 1 -0.001185
vt 0.9907557 -0.001185
vt 0.9840243 -0.001185
vt 0.9396443 -0.0007050002
vt 0.9471089 -0.0007050002
vt 0.9686971 -0.0007050002
vt 0 -0.0007050002
vt 0.0313029 -0.0007050002
vt 0.05289117 -0.0007050002
vt 0.06035572 -0.0007050002
vt 0.05289117 -0.0007050002
vt 0.0313029 -0.0007050002
vt 1 -0.0007050002
vt 0.9686971 -0.0007050002
vt 0.9471089 -0.0007050002
vt 0.8720391 0.0001650001
vt 0.8834689 0.0001650001
vt 0.9238126 0.0001650001
vt 2.980232E-08 0.0001650001
vt 0.07618743 0.0001650001
vt 0.1165311 0.0001650001
vt 0.1279609 0.0001650001
vt 0.1165311 0.0001650001
vt 0.07618737 0.0001650001
vt 1 0.0001650001
vt 0.9238126 0.0001650001
vt 0.8834688 0.0001650001
vt 0.75 0.00125
vt 0.75 0.00125
vt 0.75 0.00125
vt 0.25 0.00125
vt 0.25 0.00125
vt 0.25 0.00125
vt 0.25 0.00125
vt 0.25 0.00125
vt 0.25 0.00125
vt 0.75 0.00125
vt 0.75 0.00125
vt 0.75 0.00125
vt 0 0.002500001
vt 0.08333334 0.002500001
vt 0.1666667 0.002500001
vt 0.25 0.002500001
vt 0.3333333 0.002500001
vt 0.4166667 0.002500001
vt 0.5 0.002500001
vt 0.5833333 0.002500001
vt 0.6666667 0.002500001
vt 0.75 0.002500001
vt 0.8333333 0.002500001
vt 0.9166667 0.002500001
vt 1 0.002500001
vt 0 0.08480399
vt 0.08333334 0.08480399
vt 0.1666667 0.08480399
vt 0.25 0.08480399
vt 0.3333333 0.08480399
vt 0.4166667 0.08480399
vt 0.5 0.08480399
vt 0.5833333 0.08480399
vt 0.6666667 0.08480399
vt 0.75 0.08480399
vt 0.8333333 0.08480399
vt 0.9166667 0.08480399
vt 1 0.08480399
vt 0 0.1778495
vt 0.08333334 0.1778495
vt 0.1666667 0.1778495
vt 0.25 0.1778495
vt 0.3333333 0.1778495
vt 0.4166667 0.1778495
vt 0.5 0.1778495
vt 0.5833333 0.1778495
vt 0.6666667 0.1778495
vt 0.75 0.1778495
vt 0.8333333 0.1778495
vt 0.9166667 0.1778495
vt 1 0.1778495
vt 0 0.2815819
vt 0.08333334 0.2815819
vt 0.1666667 0.2815819
vt 0.25 0.2815819
vt 0.3333333 0.2815819
vt 0.4166667 0.2815819
vt 0.5 0.2815819
vt 0.5833333 0.2815819
vt 0.6666667 0.2815819
vt 0.75 0.2815819
vt 0.8333333 0.2815819
vt 0.9166667 0.2815819
vt 1 0.2815819
vt 0 0.3954752
vt 0.08333334 0.3954752
vt 0.1666667 0.3954752
vt 0.25 0.3954752
vt 0.3333333 0.3954752
vt 0.4166667 0.3954752
vt 0.5 0.3954752
vt 0.5833333 0.3954752
vt 0.6666667 0.3954752
vt 0.75 0.3954752
vt 0.8333333 0.3954752
vt 0.9166667 0.3954752
vt 1 0.3954752
vt 0 0.6503304
vt 0.08333334 0.6503304
vt 0.1666667 0.6503304
vt 0.25 0.6503304
vt 0.3333333 0.6503304
vt 0.4166667 0.6503304
vt 0.5 0.6503304
vt 0.5833333 0.6503304
vt 0.6666667 0.6503304
vt 0.75 0.6503304
vt 0.8333333 0.6503304
vt 0.9166667 0.6503304
vt 1 0.6503304
vt 0 0.9344263
vt 0.08333334 0.9344263
vt 0.1666667 0.9344263
vt 0.25 0.9344263
vt 0.3333333 0.9344263
vt 0.4166667 0.9344263
vt 0.5 0.9344263
vt 0.5833333 0.9344263
vt 0.6666667 0.9344263
vt 0.75 0.9344263
vt 0.8333333 0.9344263
vt 0.9166667 0.9344263
vt 1 0.9344263
vt 0 1.238496
vt 0.08333334 1.238496
vt 0.1666667 1.238496
vt 0.25 1.238496
vt 0.3333333 1.238496
vt 0.4166667 1.238496
vt 0.5 1.238496
vt 0.5833333 1.238496
vt 0.6666667 1.238496
vt 0.75 1.238496
vt 0.8333333 1.238496
vt 0.9166667 1.238496
vt 1 1.238496
vt 0 1.552777
vt 0.08333334 1.552777
vt 0.1666667 1.552777
vt 0.25 1.552777
vt 0.3333333 1.552777
vt 0.4166667 1.552777
vt 0.5 1.552777
vt 0.5833333 1.552777
vt 0.6666667 1.552777
vt 0.75 1.552777
vt 0.8333333 1.552777
vt 0.9166667 1.552777
vt 1 1.552777
vt 0 1.867329
vt 0.08333334 1.867329
vt 0.1666667 1.867329
vt 0.25 1.867329
vt 0.3333333 1.867329
vt 0.4166667 1.867329
vt 0.5 1.867329
vt 0.5833333 1.867329
vt 0.6666667 1.867329
vt 0.75 1.867329
vt 0.8333333 1.867329
vt 0.9166667 1.867329
vt 1 1.867329
vt 0 2.172239
vt 0.08333334 2.172239
vt 0.1666667 2.172239
vt 0.25 2.172239
vt 0.3333333 2.172239
vt 0.4166667 2.172239
vt 0.5 2.172239
vt 0.5833333 2.172239
vt 0.6666667 2.172239
vt 0.75 2.172239
vt 0.8333333 2.172239
vt 0.9166667 2.172239
vt 1 2.172239
vt 0 2.459483
vt 0.08333334 2.459483
vt 0.1666667 2.459483
vt 0.25 2.459483
vt 0.3333333 2.459483
vt 0.4166667 2.459483
vt 0.5 2.459483
vt 0.5833333 2.459483
vt 0.6666667 2.459483
vt 0.75 2.459483
vt 0.8333333 2.459483
vt 0.9166667 2.459483
vt 1 2.459483
vt 0 2.727891
vt 0.08333334 2.727891
vt 0.1666667 2.727891
vt 0.25 2.727891
vt 0.3333333 2.727891
vt 0.4166667 2.727891
vt 0.5 2.727891
vt 0.5833333 2.727891
vt 0.6666667 2.727891
vt 0.75 2.727891
vt 0.8333333 2.727891
vt 0.9166667 2.727891
vt 1 2.727891
vt 0 2.977943
vt 0.08333334 2.977943
vt 0.1666667 2.977943
vt 0.25 2.977943
vt 0.3333333 2.977943
vt 0.4166667 2.977943
vt 0.5 2.977943
vt 0.5833333 2.977943
vt 0.6666667 2.977943
vt 0.75 2.977943
vt 0.8333333 2.977943
vt 0.9166667 2.977943
vt 1 2.977943
vt 0 3.210089
vt 0.08333334 3.210089
vt 0.1666667 3.210089
vt 0.25 3.210089
vt 0.3333333 3.210089
vt 0.4166667 3.210089
vt 0.5 3.210089
vt 0.5833333 3.210089
vt 0.6666667 3.210089
vt 0.75 3.210089
vt 0.8333333 3.210089
vt 0.9166667 3.210089
vt 1 3.210089
vt 0 3.424761
vt 0.08333334 3.424761
vt 0.1666667 3.424761
vt 0.25 3.424761
vt 0.3333333 3.424761
vt 0.4166667 3.424761
vt 0.5 3.424761
vt 0.5833333 3.424761
vt 0.6666667 3.424761
vt 0.75 3.424761
vt 0.8333333 3.424761
vt 0.9166667 3.424761
vt 1 3.424761
vt 0 3.622379
vt 0.08333334 3.622379
vt 0.1666667 3.622379
vt 0.25 3.622379
vt 0.3333333 3.622379
vt 0.4166667 3.622379
vt 0.5 3.622379
vt 0.5833333 3.622379
vt 0.6666667 3.622379
vt 0.75 3.622379
vt 0.8333333 3.622379
vt 0.9166667 3.622379
vt 1 3.622379
vt 0 3.803369
vt 0.08333334 3.803369
vt 0.1666667 3.803369
vt 0.25 3.803369
vt 0.3333333 3.803369
vt 0.4166667 3.803369
vt 0.5 3.803369
vt 0.5833333 3.803369
vt 0.6666667 3.803369
vt 0.75 3.803369
vt 0.8333333 3.803369
vt 0.9166667 3.803369
vt 1 3.803369
vt 0 3.968184
vt 0.08333334 3.968184
vt 0.1666667 3.968184
vt 0.25 3.968184
vt 0.3333333 3.968184
vt 0.4166667 3.968184
vt 0.5 3.968184
vt 0.5833333 3.968184
vt 0.6666667 3.968184
vt 0.75 3.968184
vt 0.8333333 3.968184
vt 0.9166667 3.968184
vt 1 3.968184
vt 0 4.117474
vt 0.08333334 4.117474
vt 0.1666667 4.117474
vt 0.25 4.117474
vt 0.3333333 4.117474
vt 0.4166667 4.117474
vt 0.5 4.117474
vt 0.5833333 4.117474
vt 0.6666667 4.117474
vt 0.75 4.117474
vt 0.8333333 4.117474
vt 0.9166667 4.117474
vt 1 4.117474
vt 0 4.25248
vt 0.08333334 4.25248
vt 0.1666667 4.25248
vt 0.25 4.25248
vt 0.3333333 4.25248
vt 0.4166667 4.25248
vt 0.5 4.25248
vt 0.5833333 4.25248
vt 0.6666667 4.25248
vt 0.75 4.25248
vt 0.8333333 4.25248
vt 0.9166667 4.25248
vt 1 4.25248
vt 0 4.37466
vt 0.08333334 4.37466
vt 0.1666667 4.37466
vt 0.25 4.37466
vt 0.3333333 4.37466
vt 0.4166667 4.37466
vt 0.5 4.37466
vt 0.5833333 4.37466
vt 0.6666667 4.37466
vt 0.75 4.37466
vt 0.8333333 4.37466
vt 0.9166667 4.37466
vt 1 4.37466
vt 0 4.485564
vt 0.08333334 4.485564
vt 0.1666667 4.485564
vt 0.25 4.485564
vt 0.3333333 4.485564
vt 0.4166667 4.485564
vt 0.5 4.485564
vt 0.5833333 4.485564
vt 0.6666667 4.485564
vt 0.75 4.485564
vt 0.8333333 4.485564
vt 0.9166667 4.485564
vt 1 4.485564
vt 0 4.537323
vt 0.08333334 4.537323
vt 0.1666667 4.537323
vt 0.25 4.537323
vt 0.3333333 4.537323
vt 0.4166667 4.537323
vt 0.5 4.537323
vt 0.5833333 4.537323
vt 0.6666667 4.537323
vt 0.75 4.537323
vt 0.8333333 4.537323
vt 0.9166667 4.537323
vt 1 4.537323
vt 0 4.58689
vt 0.08333334 4.58689
vt 0.1666667 4.58689
vt 0.25 4.58689
vt 0.3333333 4.58689
vt 0.4166667 4.58689
vt 0.5 4.58689
vt 0.5833333 4.58689
vt 0.6666667 4.58689
vt 0.75 4.58689
vt 0.8333333 4.58689
vt 0.9166667 4.58689
vt 1 4.58689
vt 0 4.634485
vt 0.08333334 4.634485
vt 0.1666667 4.634485
vt 0.25 4.634485
vt 0.3333333 4.634485
vt 0.4166667 4.634485
vt 0.5 4.634485
vt 0.5833333 4.634485
vt 0.6666667 4.634485
vt 0.75 4.634485
vt 0.8333333 4.634485
vt 0.9166667 4.634485
vt 1 4.634485
vt 0 4.680328
vt 0.08333334 4.680328
vt 0.1666667 4.680328
vt 0.25 4.680328
vt 0.3333333 4.680328
vt 0.4166667 4.680328
vt 0.5 4.680328
vt 0.5833333 4.680328
vt 0.6666667 4.680328
vt 0.75 4.680328
vt 0.8333333 4.680328
vt 0.9166667 4.680328
vt 1 4.680328
vt 0 4.724645
vt 0.08333334 4.724645
vt 0.1666667 4.724645
vt 0.25 4.724645
vt 0.3333333 4.724645
vt 0.4166667 4.724645
vt 0.5 4.724645
vt 0.5833333 4.724645
vt 0.6666667 4.724645
vt 0.75 4.724645
vt 0.8333333 4.724645
vt 0.9166667 4.724645
vt 1 4.724645
vt 0 4.76766
vt 0.08333334 4.76766
vt 0.1666667 4.76766
vt 0.25 4.76766
vt 0.3333333 4.76766
vt 0.4166667 4.76766
vt 0.5 4.76766
vt 0.5833333 4.76766
vt 0.6666667 4.76766
vt 0.75 4.76766
vt 0.8333333 4.76766
vt 0.9166667 4.76766
vt 1 4.76766
vt 0 4.809592
vt 0.08333334 4.809592
vt 0.1666667 4.809592
vt 0.25 4.809592
vt 0.3333333 4.809592
vt 0.4166667 4.809592
vt 0.5 4.809592
vt 0.5833333 4.809592
vt 0.6666667 4.809592
vt 0.75 4.809592
vt 0.8333333 4.809592
vt 0.9166667 4.809592
vt 1 4.809592
vt 0 4.850658
vt 0.08333334 4.850658
vt 0.1666667 4.850658
vt 0.25 4.850658
vt 0.3333333 4.850658
vt 0.4166667 4.850658
vt 0.5 4.850658
vt 0.5833333 4.850658
vt 0.6666667 4.850658
vt 0.75 4.850658
vt 0.8333333 4.850658
vt 0.9166667 4.850658
vt 1 4.850658
vt 0 4.891066
vt 0.08333334 4.891066
vt 0.1666667 4.891066
vt 0.25 4.891066
vt 0.3333333 4.891066
vt 0.4166667 4.891066
vt 0.5 4.891066
vt 0.5833333 4.891066
vt 0.6666667 4.891066
vt 0.75 4.891066
vt 0.8333333 4.891066
vt 0.9166667 4.891066
vt 1 4.891066
vt 0 4.931034
vt 0.08333334 4.931034
vt 0.1666667 4.931034
vt 0.25 4.931034
vt 0.3333333 4.931034
vt 0.4166667 4.931034
vt 0.5 4.931034
vt 0.5833333 4.931034
vt 0.6666667 4.931034
vt 0.75 4.931034
vt 0.8333333 4.931034
vt 0.9166667 4.931034
vt 1 4.931034
vt 0 4.970791
vt 0.08333334 4.970791
vt 0.1666667 4.970791
vt 0.25 4.970791
vt 0.3333333 4.970791
vt 0.4166667 4.970791
vt 0.5 4.970791
vt 0.5833333 4.970791
vt 0.6666667 4.970791
vt 0.75 4.970791
vt 0.8333333 4.970791
vt 0.9166667 4.970791
vt 1 4.970791
vt 0 5.010571
vt 0.08333334 5.010571
vt 0.1666667 5.010571
vt 0.25 5.010571
vt 0.3333333 5.010571
vt 0.4166667 5.010571
vt 0.5 5.010571
vt 0.5833333 5.010571
vt 0.6666667 5.010571
vt 0.75 5.010571
vt 0.8333333 5.010571
vt 0.9166667 5.010571
vt 1 5.010571
vt 0 5.050608
vt 0.08333334 5.050608
vt 0.1666667 5.050608
vt 0.25 5.050608
vt 0.3333333 5.050608
vt 0.4166667 5.050608
vt 0.5 5.050608
vt 0.5833333 5.050608
vt 0.6666667 5.050608
vt 0.75 5.050608
vt 0.8333333 5.050608
vt 0.9166667 5.050608
vt 1 5.050608
vt 0 5.091136
vt 0.08333334 5.091136
vt 0.1666667 5.091136
vt 0.25 5.091136
vt 0.3333333 5.091136
vt 0.4166667 5.091136
vt 0.5 5.091136
vt 0.5833333 5.091136
vt 0.6666667 5.091136
vt 0.75 5.091136
vt 0.8333333 5.091136
vt 0.9166667 5.091136
vt 1 5.091136
vt 0 5.13238
vt 0.08333334 5.13238
vt 0.1666667 5.13238
vt 0.25 5.13238
vt 0.3333333 5.13238
vt 0.4166667 5.13238
vt 0.5 5.13238
vt 0.5833333 5.13238
vt 0.6666667 5.13238
vt 0.75 5.13238
vt 0.8333333 5.13238
vt 0.9166667 5.13238
vt 1 5.13238
vt 0 5.174558
vt 0.08333334 5.174558
vt 0.1666667 5.174558
vt 0.25 5.174558
vt 0.3333333 5.174558
vt 0.4166667 5.174558
vt 0.5 5.174558
vt 0.5833333 5.174558
vt 0.6666667 5.174558
vt 0.75 5.174558
vt 0.8333333 5.174558
vt 0.9166667 5.174558
vt 1 5.174558
vt 0 5.217875
vt 0.08333334 5.217875
vt 0.1666667 5.217875
vt 0.25 5.217875
vt 0.3333333 5.217875
vt 0.4166667 5.217875
vt 0.5 5.217875
vt 0.5833333 5.217875
vt 0.6666667 5.217875
vt 0.75 5.217875
vt 0.8333333 5.217875
vt 0.9166667 5.217875
vt 1 5.217875
vt 0 5.26252
vt 0.08333334 5.26252
vt 0.1666667 5.26252
vt 0.25 5.26252
vt 0.3333333 5.26252
vt 0.4166667 5.26252
vt 0.5 5.26252
vt 0.5833333 5.26252
vt 0.6666667 5.26252
vt 0.75 5.26252
vt 0.8333333 5.26252
vt 0.9166667 5.26252
vt 1 5.26252
vt 0 5.35645
vt 0.08333334 5.35645
vt 0.1666667 5.35645
vt 0.25 5.35645
vt 0.3333333 5.35645
vt 0.4166667 5.35645
vt 0.5 5.35645
vt 0.5833333 5.35645
vt 0.6666667 5.35645
vt 0.75 5.35645
vt 0.8333333 5.35645
vt 0.9166667 5.35645
vt 1 5.35645
vt 0 5.457638
vt 0.08333334 5.457638
vt 0.1666667 5.457638
vt 0.25 5.457638
vt 0.3333333 5.457638
vt 0.4166667 5.457638
vt 0.5 5.457638
vt 0.5833333 5.457638
vt 0.6666667 5.457638
vt 0.75 5.457638
vt 0.8333333 5.457638
vt 0.9166667 5.457638
vt 1 5.457638
vt 0 5.567109
vt 0.08333334 5.567109
vt 0.1666667 5.567109
vt 0.25 5.567109
vt 0.3333333 5.567109
vt 0.4166667 5.567109
vt 0.5 5.567109
vt 0.5833333 5.567109
vt 0.6666667 5.567109
vt 0.75 5.567109
vt 0.8333333 5.567109
vt 0.9166667 5.567109
vt 1 5.567109
vt 0 5.685482
vt 0.08333334 5.685482
vt 0.1666667 5.685482
vt 0.25 5.685482
vt 0.3333333 5.685482
vt 0.4166667 5.685482
vt 0.5 5.685482
vt 0.5833333 5.685482
vt 0.6666667 5.685482
vt 0.75 5.685482
vt 0.8333333 5.685482
vt 0.9166667 5.685482
vt 1 5.685482
vt 0 5.812351
vt 0.08333334 5.812351
vt 0.1666667 5.812351
vt 0.25 5.812351
vt 0.3333333 5.812351
vt 0.4166667 5.812351
vt 0.5 5.812351
vt 0.5833333 5.812351
vt 0.6666667 5.812351
vt 0.75 5.812351
vt 0.8333333 5.812351
vt 0.9166667 5.812351
vt 1 5.812351
vt 0 5.94704
vt 0.08333334 5.94704
vt 0.1666667 5.94704
vt 0.25 5.94704
vt 0.3333333 5.94704
vt 0.4166667 5.94704
vt 0.5 5.94704
vt 0.5833333 5.94704
vt 0.6666667 5.94704
vt 0.75 5.94704
vt 0.8333333 5.94704
vt 0.9166667 5.94704
vt 1 5.94704
vt 0 6.088871
vt 0.08333334 6.088871
vt 0.1666667 6.088871
vt 0.25 6.088871
vt 0.3333333 6.088871
vt 0.4166667 6.088871
vt 0.5 6.088871
vt 0.5833333 6.088871
vt 0.6666667 6.088871
vt 0.75 6.088871
vt 0.8333333 6.088871
vt 0.9166667 6.088871
vt 1 6.088871
vt 0 6.237202
vt 0.08333334 6.237202
vt 0.1666667 6.237202
vt 0.25 6.237202
vt 0.3333333 6.237202
vt 0.4166667 6.237202
vt 0.5 6.237202
vt 0.5833333 6.237202
vt 0.6666667 6.237202
vt 0.75 6.237202
vt 0.8333333 6.237202
vt 0.9166667 6.237202
vt 1 6.237202
vt 0 6.391456
vt 0.08333334 6.391456
vt 0.1666667 6.391456
vt 0.25 6.391456
vt 0.3333333 6.391456
vt 0.4166667 6.391456
vt 0.5 6.391456
vt 0.5833333 6.391456
vt 0.6666667 6.391456
vt 0.75 6.391456
vt 0.8333333 6.391456
vt 0.9166667 6.391456
vt 1 6.391456
vt 0 6.551151
vt 0.08333334 6.551151
vt 0.1666667 6.551151
vt 0.25 6.551151
vt 0.3333333 6.551151
vt 0.4166667 6.551151
vt 0.5 6.551151
vt 0.5833333 6.551151
vt 0.6666667 6.551151
vt 0.75 6.551151
vt 0.8333333 6.551151
vt 0.9166667 6.551151
vt 1 6.551151
vt 0 6.715915
vt 0.08333334 6.715915
vt 0.1666667 6.715915
vt 0.25 6.715915
vt 0.3333333 6.715915
vt 0.4166667 6.715915
vt 0.5 6.715915
vt 0.5833333 6.715915
vt 0.6666667 6.715915
vt 0.75 6.715915
vt 0.8333333 6.715915
vt 0.9166667 6.715915
vt 1 6.715915
vt 0 6.885457
vt 0.08333334 6.885457
vt 0.1666667 6.885457
vt 0.25 6.885457
vt 0.3333333 6.885457
vt 0.4166667 6.885457
vt 0.5 6.885457
vt 0.5833333 6.885457
vt 0.6666667 6.885457
vt 0.75 6.885457
vt 0.8333333 6.885457
vt 0.9166667 6.885457
vt 1 6.885457
vt 0 7.059249
vt 0.08333334 7.059249
vt 0.1666667 7.059249
vt 0.25 7.059249
vt 0.3333333 7.059249
vt 0.4166667 7.059249
vt 0.5 7.059249
vt 0.5833333 7.059249
vt 0.6666667 7.059249
vt 0.75 7.059249
vt 0.8333333 7.059249
vt 0.9166667 7.059249
vt 1 7.059249
vt 0 7.236547
vt 0.08333334 7.236547
vt 0.1666667 7.236547
vt 0.25 7.236547
vt 0.3333333 7.236547
vt 0.4166667 7.236547
vt 0.5 7.236547
vt 0.5833333 7.236547
vt 0.6666667 7.236547
vt 0.75 7.236547
vt 0.8333333 7.236547
vt 0.9166667 7.236547
vt 1 7.236547
vt 0 7.416475
vt 0.08333334 7.416475
vt 0.1666667 7.416475
vt 0.25 7.416475
vt 0.3333333 7.416475
vt 0.4166667 7.416475
vt 0.5 7.416475
vt 0.5833333 7.416475
vt 0.6666667 7.416475
vt 0.75 7.416475
vt 0.8333333 7.416475
vt 0.9166667 7.416475
vt 1 7.416475
vt 0 7.598065
vt 0.08333334 7.598065
vt 0.1666667 7.598065
vt 0.25 7.598065
vt 0.3333333 7.598065
vt 0.4166667 7.598065
vt 0.5 7.598065
vt 0.5833333 7.598065
vt 0.6666667 7.598065
vt 0.75 7.598065
vt 0.8333333 7.598065
vt 0.9166667 7.598065
vt 1 7.598065
vt 0 7.780281
vt 0.08333334 7.780281
vt 0.1666667 7.780281
vt 0.25 7.780281
vt 0.3333333 7.780281
vt 0.4166667 7.780281
vt 0.5 7.780281
vt 0.5833333 7.780281
vt 0.6666667 7.780281
vt 0.75 7.780281
vt 0.8333333 7.780281
vt 0.9166667 7.780281
vt 1 7.780281
vt 0 7.962047
vt 0.08333334 7.962047
vt 0.1666667 7.962047
vt 0.25 7.962047
vt 0.3333333 7.962047
vt 0.4166667 7.962047
vt 0.5 7.962047
vt 0.5833333 7.962047
vt 0.6666667 7.962047
vt 0.75 7.962047
vt 0.8333333 7.962047
vt 0.9166667 7.962047
vt 1 7.962047
vt 0 8.142265
vt 0.08333334 8.142265
vt 0.1666667 8.142265
vt 0.25 8.142265
vt 0.3333333 8.142265
vt 0.4166667 8.142265
vt 0.5 8.142265
vt 0.5833333 8.142265
vt 0.6666667 8.142265
vt 0.75 8.142265
vt 0.8333333 8.142265
vt 0.9166667 8.142265
vt 1 8.142265
vt 0 8.319839
vt 0.08333334 8.319839
vt 0.1666667 8.319839
vt 0.25 8.319839
vt 0.3333333 8.319839
vt 0.4166667 8.319839
vt 0.5 8.319839
vt 0.5833333 8.319839
vt 0.6666667 8.319839
vt 0.75 8.319839
vt 0.8333333 8.319839
vt 0.9166667 8.319839
vt 1 8.319839
vt 0 8.493668
vt 0.08333334 8.493668
vt 0.1666667 8.493668
vt 0.25 8.493668
vt 0.3333333 8.493668
vt 0.4166667 8.493668
vt 0.5 8.493668
vt 0.5833333 8.493668
vt 0.6666667 8.493668
vt 0.75 8.493668
vt 0.8333333 8.493668
vt 0.9166667 8.493668
vt 1 8.493668
vt 0 8.662665
vt 0.08333334 8.662665
vt 0.1666667 8.662665
vt 0.25 8.662665
vt 0.3333333 8.662665
vt 0.4166667 8.662665
vt 0.5 8.662665
vt 0.5833333 8.662665
vt 0.6666667 8.662665
vt 0.75 8.662665
vt 0.8333333 8.662665
vt 0.9166667 8.662665
vt 1 8.662665
vt 0 8.825783
vt 0.08333334 8.825783
vt 0.1666667 8.825783
vt 0.25 8.825783
vt 0.3333333 8.825783
vt 0.4166667 8.825783
vt 0.5 8.825783
vt 0.5833333 8.825783
vt 0.6666667 8.825783
vt 0.75 8.825783
vt 0.8333333 8.825783
vt 0.9166667 8.825783
vt 1 8.825783
vt 0 8.982043
vt 0.08333334 8.982043
vt 0.1666667 8.982043
vt 0.25 8.982043
vt 0.3333333 8.982043
vt 0.4166667 8.982043
vt 0.5 8.982043
vt 0.5833333 8.982043
vt 0.6666667 8.982043
vt 0.75 8.982043
vt 0.8333333 8.982043
vt 0.9166667 8.982043
vt 1 8.982043
vt 0 9.130571
vt 0.08333334 9.130571
vt 0.1666667 9.130571
vt 0.25 9.130571
vt 0.3333333 9.130571
vt 0.4166667 9.130571
vt 0.5 9.130571
vt 0.5833333 9.130571
vt 0.6666667 9.130571
vt 0.75 9.130571
vt 0.8333333 9.130571
vt 0.9166667 9.130571
vt 1 9.130571
vt 0 9.270655
vt 0.08333334 9.270655
vt 0.1666667 9.270655
vt 0.25 9.270655
vt 0.3333333 9.270655
vt 0.4166667 9.270655
vt 0.5 9.270655
vt 0.5833333 9.270655
vt 0.6666667 9.270655
vt 0.75 9.270655
vt 0.8333333 9.270655
vt 0.9166667 9.270655
vt 1 9.270655
vt 0 9.401823
vt 0.08333334 9.401823
vt 0.1666667 9.401823
vt 0.25 9.401823
vt 0.3333333 9.401823
vt 0.4166667 9.401823
vt 0.5 9.401823
vt 0.5833333 9.401823
vt 0.6666667 9.401823
vt 0.75 9.401823
vt 0.8333333 9.401823
vt 0.9166667 9.401823
vt 1 9.401823
vt 0 9.524107
vt 0.08333334 9.524107
vt 0.1666667 9.524107
vt 0.25 9.524107
vt 0.3333333 9.524107
vt 0.4166667 9.524107
vt 0.5 9.524107
vt 0.5833333 9.524107
vt 0.6666667 9.524107
vt 0.75 9.524107
vt 0.8333333 9.524107
vt 0.9166667 9.524107
vt 1 9.524107
vt 0 9.638341
vt 0.08333334 9.638341
vt 0.1666667 9.638341
vt 0.25 9.638341
vt 0.3333333 9.638341
vt 0.4166667 9.638341
vt 0.5 9.638341
vt 0.5833333 9.638341
vt 0.6666667 9.638341
vt 0.75 9.638341
vt 0.8333333 9.638341
vt 0.9166667 9.638341
vt 1 9.638341
vt 0 9.74539
vt 0.08333334 9.74539
vt 0.1666667 9.74539
vt 0.25 9.74539
vt 0.3333333 9.74539
vt 0.4166667 9.74539
vt 0.5 9.74539
vt 0.5833333 9.74539
vt 0.6666667 9.74539
vt 0.75 9.74539
vt 0.8333333 9.74539
vt 0.9166667 9.74539
vt 1 9.74539
vt 0 9.845965
vt 0.08333334 9.845965
vt 0.1666667 9.845965
vt 0.25 9.845965
vt 0.3333333 9.845965
vt 0.4166667 9.845965
vt 0.5 9.845965
vt 0.5833333 9.845965
vt 0.6666667 9.845965
vt 0.75 9.845965
vt 0.8333333 9.845965
vt 0.9166667 9.845965
vt 1 9.845965
vt 0 9.894033
vt 0.08333334 9.894033
vt 0.1666667 9.894033
vt 0.25 9.894033
vt 0.3333333 9.894033
vt 0.4166667 9.894033
vt 0.5 9.894033
vt 0.5833333 9.894033
vt 0.6666667 9.894033
vt 0.75 9.894033
vt 0.8333333 9.894033
vt 0.9166667 9.894033
vt 1 9.894033
vt 0 9.940687
vt 0.08333334 9.940687
vt 0.1666667 9.940687
vt 0.25 9.940687
vt 0.3333333 9.940687
vt 0.4166667 9.940687
vt 0.5 9.940687
vt 0.5833333 9.940687
vt 0.6666667 9.940687
vt 0.75 9.940687
vt 0.8333333 9.940687
vt 0.9166667 9.940687
vt 1 9.940687
vt 0 9.98598
vt 0.08333334 9.98598
vt 0.1666667 9.98598
vt 0.25 9.98598
vt 0.3333333 9.98598
vt 0.4166667 9.98598
vt 0.5 9.98598
vt 0.5833333 9.98598
vt 0.6666667 9.98598
vt 0.75 9.98598
vt 0.8333333 9.98598
vt 0.9166667 9.98598
vt 1 9.98598
vt 0 10.02996
vt 0.08333334 10.02996
vt 0.1666667 10.02996
vt 0.25 10.02996
vt 0.3333333 10.02996
vt 0.4166667 10.02996
vt 0.5 10.02996
vt 0.5833333 10.02996
vt 0.6666667 10.02996
vt 0.75 10.02996
vt 0.8333333 10.02996
vt 0.9166667 10.02996
vt 1 10.02996
vt 0 10.07267
vt 0.08333334 10.07267
vt 0.1666667 10.07267
vt 0.25 10.07267
vt 0.3333333 10.07267
vt 0.4166667 10.07267
vt 0.5 10.07267
vt 0.5833333 10.07267
vt 0.6666667 10.07267
vt 0.75 10.07267
vt 0.8333333 10.07267
vt 0.9166667 10.07267
vt 1 10.07267
vt 0 10.11415
vt 0.08333334 10.11415
vt 0.1666667 10.11415
vt 0.25 10.11415
vt 0.3333333 10.11415
vt 0.4166667 10.11415
vt 0.5 10.11415
vt 0.5833333 10.11415
vt 0.6666667 10.11415
vt 0.75 10.11415
vt 0.8333333 10.11415
vt 0.9166667 10.11415
vt 1 10.11415
vt 0 10.15445
vt 0.08333334 10.15445
vt 0.1666667 10.15445
vt 0.25 10.15445
vt 0.3333333 10.15445
vt 0.4166667 10.15445
vt 0.5 10.15445
vt 0.5833333 10.15445
vt 0.6666667 10.15445
vt 0.75 10.15445
vt 0.8333333 10.15445
vt 0.9166667 10.15445
vt 1 10.15445
vt 0 10.19361
vt 0.08333334 10.19361
vt 0.1666667 10.19361
vt 0.25 10.19361
vt 0.3333333 10.19361
vt 0.4166667 10.19361
vt 0.5 10.19361
vt 0.5833333 10.19361
vt 0.6666667 10.19361
vt 0.75 10.19361
vt 0.8333333 10.19361
vt 0.9166667 10.19361
vt 1 10.19361
vt 0 10.23173
vt 0.08333334 10.23173
vt 0.1666667 10.23173
vt 0.25 10.23173
vt 0.3333333 10.23173
vt 0.4166667 10.23173
vt 0.5 10.23173
vt 0.5833333 10.23173
vt 0.6666667 10.23173
vt 0.75 10.23173
vt 0.8333333 10.23173
vt 0.9166667 10.23173
vt 1 10.23173
vt 0 10.26912
vt 0.08333334 10.26912
vt 0.1666667 10.26912
vt 0.25 10.26912
vt 0.3333333 10.26912
vt 0.4166667 10.26912
vt 0.5 10.26912
vt 0.5833333 10.26912
vt 0.6666667 10.26912
vt 0.75 10.26912
vt 0.8333333 10.26912
vt 0.9166667 10.26912
vt 1 10.26912
vt 0 10.30616
vt 0.08333334 10.30616
vt 0.1666667 10.30616
vt 0.25 10.30616
vt 0.3333333 10.30616
vt 0.4166667 10.30616
vt 0.5 10.30616
vt 0.5833333 10.30616
vt 0.6666667 10.30616
vt 0.75 10.30616
vt 0.8333333 10.30616
vt 0.9166667 10.30616
vt 1 10.30616
vt 0 10.34327
vt 0.08333334 10.34327
vt 0.1666667 10.34327
vt 0.25 10.34327
vt 0.3333333 10.34327
vt 0.4166667 10.34327
vt 0.5 10.34327
vt 0.5833333 10.34327
vt 0.6666667 10.34327
vt 0.75 10.34327
vt 0.8333333 10.34327
vt 0.9166667 10.34327
vt 1 10.34327
vt 0 10.38087
vt 0.08333334 10.38087
vt 0.1666667 10.38087
vt 0.25 10.38087
vt 0.3333333 10.38087
vt 0.4166667 10.38087
vt 0.5 10.38087
vt 0.5833333 10.38087
vt 0.6666667 10.38087
vt 0.75 10.38087
vt 0.8333333 10.38087
vt 0.9166667 10.38087
vt 1 10.38087
vt 0 10.41936
vt 0.08333334 10.41936
vt 0.1666667 10.41936
vt 0.25 10.41936
vt 0.3333333 10.41936
vt 0.4166667 10.41936
vt 0.5 10.41936
vt 0.5833333 10.41936
vt 0.6666667 10.41936
vt 0.75 10.41936
vt 0.8333333 10.41936
vt 0.9166667 10.41936
vt 1 10.41936
vt 0 10.45916
vt 0.08333334 10.45916
vt 0.1666667 10.45916
vt 0.25 10.45916
vt 0.3333333 10.45916
vt 0.4166667 10.45916
vt 0.5 10.45916
vt 0.5833333 10.45916
vt 0.6666667 10.45916
vt 0.75 10.45916
vt 0.8333333 10.45916
vt 0.9166667 10.45916
vt 1 10.45916
vt 0 10.50065
vt 0.08333334 10.50065
vt 0.1666667 10.50065
vt 0.25 10.50065
vt 0.3333333 10.50065
vt 0.4166667 10.50065
vt 0.5 10.50065
vt 0.5833333 10.50065
vt 0.6666667 10.50065
vt 0.75 10.50065
vt 0.8333333 10.50065
vt 0.9166667 10.50065
vt 1 10.50065
vt 0 10.54417
vt 0.08333334 10.54417
vt 0.1666667 10.54417
vt 0.25 10.54417
vt 0.3333333 10.54417
vt 0.4166667 10.54417
vt 0.5 10.54417
vt 0.5833333 10.54417
vt 0.6666667 10.54417
vt 0.75 10.54417
vt 0.8333333 10.54417
vt 0.9166667 10.54417
vt 1 10.54417
vt 0 10.59006
vt 0.08333334 10.59006
vt 0.1666667 10.59006
vt 0.25 10.59006
vt 0.3333333 10.59006
vt 0.4166667 10.59006
vt 0.5 10.59006
vt 0.5833333 10.59006
vt 0.6666667 10.59006
vt 0.75 10.59006
vt 0.8333333 10.59006
vt 0.9166667 10.59006
vt 1 10.59006
vt 0 10.69002
vt 0.08333334 10.69002
vt 0.1666667 10.69002
vt 0.25 10.69002
vt 0.3333333 10.69002
vt 0.4166667 10.69002
vt 0.5 10.69002
vt 0.5833333 10.69002
vt 0.6666667 10.69002
vt 0.75 10.69002
vt 0.8333333 10.69002
vt 0.9166667 10.69002
vt 1 10.69002
vt 0 10.80259
vt 0.08333334 10.80259
vt 0.1666667 10.80259
vt 0.25 10.80259
vt 0.3333333 10.80259
vt 0.4166667 10.80259
vt 0.5 10.80259
vt 0.5833333 10.80259
vt 0.6666667 10.80259
vt 0.75 10.80259
vt 0.8333333 10.80259
vt 0.9166667 10.80259
vt 1 10.80259
vt 0 10.92941
vt 0.08333334 10.92941
vt 0.1666667 10.92941
vt 0.25 10.92941
vt 0.3333333 10.92941
vt 0.4166667 10.92941
vt 0.5 10.92941
vt 0.5833333 10.92941
vt 0.6666667 10.92941
vt 0.75 10.92941
vt 0.8333333 10.92941
vt 0.9166667 10.92941
vt 1 10.92941
vt 0 11.07121
vt 0.08333334 11.07121
vt 0.1666667 11.07121
vt 0.25 11.07121
vt 0.3333333 11.07121
vt 0.4166667 11.07121
vt 0.5 11.07121
vt 0.5833333 11.07121
vt 0.6666667 11.07121
vt 0.75 11.07121
vt 0.8333333 11.07121
vt 0.9166667 11.07121
vt 1 11.07121
vt 0 11.22582
vt 0.08333334 11.22582
vt 0.1666667 11.22582
vt 0.25 11.22582
vt 0.3333333 11.22582
vt 0.4166667 11.22582
vt 0.5 11.22582
vt 0.5833333 11.22582
vt 0.6666667 11.22582
vt 0.75 11.22582
vt 0.8333333 11.22582
vt 0.9166667 11.22582
vt 1 11.22582
vt 0 11.39039
vt 0.08333334 11.39039
vt 0.1666667 11.39039
vt 0.25 11.39039
vt 0.3333333 11.39039
vt 0.4166667 11.39039
vt 0.5 11.39039
vt 0.5833333 11.39039
vt 0.6666667 11.39039
vt 0.75 11.39039
vt 0.8333333 11.39039
vt 0.9166667 11.39039
vt 1 11.39039
vt 0 11.56209
vt 0.08333334 11.56209
vt 0.1666667 11.56209
vt 0.25 11.56209
vt 0.3333333 11.56209
vt 0.4166667 11.56209
vt 0.5 11.56209
vt 0.5833333 11.56209
vt 0.6666667 11.56209
vt 0.75 11.56209
vt 0.8333333 11.56209
vt 0.9166667 11.56209
vt 1 11.56209
vt 0 11.73816
vt 0.08333334 11.73816
vt 0.1666667 11.73816
vt 0.25 11.73816
vt 0.3333333 11.73816
vt 0.4166667 11.73816
vt 0.5 11.73816
vt 0.5833333 11.73816
vt 0.6666667 11.73816
vt 0.75 11.73816
vt 0.8333333 11.73816
vt 0.9166667 11.73816
vt 1 11.73816
vt 0 11.91593
vt 0.08333334 11.91593
vt 0.1666667 11.91593
vt 0.25 11.91593
vt 0.3333333 11.91593
vt 0.4166667 11.91593
vt 0.5 11.91593
vt 0.5833333 11.91593
vt 0.6666667 11.91593
vt 0.75 11.91593
vt 0.8333333 11.91593
vt 0.9166667 11.91593
vt 1 11.91593
vt 0 12.09287
vt 0.08333334 12.09287
vt 0.1666667 12.09287
vt 0.25 12.09287
vt 0.3333333 12.09287
vt 0.4166667 12.09287
vt 0.5 12.09287
vt 0.5833333 12.09287
vt 0.6666667 12.09287
vt 0.75 12.09287
vt 0.8333333 12.09287
vt 0.9166667 12.09287
vt 1 12.09287
vt 0 12.26667
vt 0.08333334 12.26667
vt 0.1666667 12.26667
vt 0.25 12.26667
vt 0.3333333 12.26667
vt 0.4166667 12.26667
vt 0.5 12.26667
vt 0.5833333 12.26667
vt 0.6666667 12.26667
vt 0.75 12.26667
vt 0.8333333 12.26667
vt 0.9166667 12.26667
vt 1 12.26667
vt 0 12.43561
vt 0.08333334 12.43561
vt 0.1666667 12.43561
vt 0.25 12.43561
vt 0.3333333 12.43561
vt 0.4166667 12.43561
vt 0.5 12.43561
vt 0.5833333 12.43561
vt 0.6666667 12.43561
vt 0.75 12.43561
vt 0.8333333 12.43561
vt 0.9166667 12.43561
vt 1 12.43561
vt 0 12.59957
vt 0.08333334 12.59957
vt 0.1666667 12.59957
vt 0.25 12.59957
vt 0.3333333 12.59957
vt 0.4166667 12.59957
vt 0.5 12.59957
vt 0.5833333 12.59957
vt 0.6666667 12.59957
vt 0.75 12.59957
vt 0.8333333 12.59957
vt 0.9166667 12.59957
vt 1 12.59957
vt 0 12.75879
vt 0.08333334 12.75879
vt 0.1666667 12.75879
vt 0.25 12.75879
vt 0.3333333 12.75879
vt 0.4166667 12.75879
vt 0.5 12.75879
vt 0.5833333 12.75879
vt 0.6666667 12.75879
vt 0.75 12.75879
vt 0.8333333 12.75879
vt 0.9166667 12.75879
vt 1 12.75879
vt 0 12.91354
vt 0.08333334 12.91354
vt 0.1666667 12.91354
vt 0.25 12.91354
vt 0.3333333 12.91354
vt 0.4166667 12.91354
vt 0.5 12.91354
vt 0.5833333 12.91354
vt 0.6666667 12.91354
vt 0.75 12.91354
vt 0.8333333 12.91354
vt 0.9166667 12.91354
vt 1 12.91354
vt 0 13.06415
vt 0.08333334 13.06415
vt 0.1666667 13.06415
vt 0.25 13.06415
vt 0.3333333 13.06415
vt 0.4166667 13.06415
vt 0.5 13.06415
vt 0.5833333 13.06415
vt 0.6666667 13.06415
vt 0.75 13.06415
vt 0.8333333 13.06415
vt 0.9166667 13.06415
vt 1 13.06415
vt 0 13.21101
vt 0.08333334 13.21101
vt 0.1666667 13.21101
vt 0.25 13.21101
vt 0.3333333 13.21101
vt 0.4166667 13.21101
vt 0.5 13.21101
vt 0.5833333 13.21101
vt 0.6666667 13.21101
vt 0.75 13.21101
vt 0.8333333 13.21101
vt 0.9166667 13.21101
vt 1 13.21101
vt 0 13.35458
vt 0.08333334 13.35458
vt 0.1666667 13.35458
vt 0.25 13.35458
vt 0.3333333 13.35458
vt 0.4166667 13.35458
vt 0.5 13.35458
vt 0.5833333 13.35458
vt 0.6666667 13.35458
vt 0.75 13.35458
vt 0.8333333 13.35458
vt 0.9166667 13.35458
vt 1 13.35458
vt 0 13.49544
vt 0.08333334 13.49544
vt 0.1666667 13.49544
vt 0.25 13.49544
vt 0.3333333 13.49544
vt 0.4166667 13.49544
vt 0.5 13.49544
vt 0.5833333 13.49544
vt 0.6666667 13.49544
vt 0.75 13.49544
vt 0.8333333 13.49544
vt 0.9166667 13.49544
vt 1 13.49544
vt 0 13.56507
vt 0.08333334 13.56507
vt 0.1666667 13.56507
vt 0.25 13.56507
vt 0.3333333 13.56507
vt 0.4166667 13.56507
vt 0.5 13.56507
vt 0.5833333 13.56507
vt 0.6666667 13.56507
vt 0.75 13.56507
vt 0.8333333 13.56507
vt 0.9166667 13.56507
vt 1 13.56507
vt 0 13.63431
vt 0.08333334 13.63431
vt 0.1666667 13.63431
vt 0.25 13.63431
vt 0.3333333 13.63431
vt 0.4166667 13.63431
vt 0.5 13.63431
vt 0.5833333 13.63431
vt 0.6666667 13.63431
vt 0.75 13.63431
vt 0.8333333 13.63431
vt 0.9166667 13.63431
vt 1 13.63431
vt 0 13.70351
vt 0.08333334 13.70351
vt 0.1666667 13.70351
vt 0.25 13.70351
vt 0.3333333 13.70351
vt 0.4166667 13.70351
vt 0.5 13.70351
vt 0.5833333 13.70351
vt 0.6666667 13.70351
vt 0.75 13.70351
vt 0.8333333 13.70351
vt 0.9166667 13.70351
vt 1 13.70351
vt 0 13.77338
vt 0.08333334 13.77338
vt 0.1666667 13.77338
vt 0.25 13.77338
vt 0.3333333 13.77338
vt 0.4166667 13.77338
vt 0.5 13.77338
vt 0.5833333 13.77338
vt 0.6666667 13.77338
vt 0.75 13.77338
vt 0.8333333 13.77338
vt 0.9166667 13.77338
vt 1 13.77338
vt 0 13.84503
vt 0.08333334 13.84503
vt 0.1666667 13.84503
vt 0.25 13.84503
vt 0.3333333 13.84503
vt 0.4166667 13.84503
vt 0.5 13.84503
vt 0.5833333 13.84503
vt 0.6666667 13.84503
vt 0.75 13.84503
vt 0.8333333 13.84503
vt 0.9166667 13.84503
vt 1 13.84503
vt 0 13.91992
vt 0.08333334 13.91992
vt 0.1666667 13.91992
vt 0.25 13.91992
vt 0.3333333 13.91992
vt 0.4166667 13.91992
vt 0.5 13.91992
vt 0.5833333 13.91992
vt 0.6666667 13.91992
vt 0.75 13.91992
vt 0.8333333 13.91992
vt 0.9166667 13.91992
vt 1 13.91992
vt 0 13.99985
vt 0.08333334 13.99985
vt 0.1666667 13.99985
vt 0.25 13.99985
vt 0.3333333 13.99985
vt 0.4166667 13.99985
vt 0.5 13.99985
vt 0.5833333 13.99985
vt 0.6666667 13.99985
vt 0.75 13.99985
vt 0.8333333 13.99985
vt 0.9166667 13.99985
vt 1 13.99985
vt 0 14.08678
vt 0.08333334 14.08678
vt 0.1666667 14.08678
vt 0.25 14.08678
vt 0.3333333 14.08678
vt 0.4166667 14.08678
vt 0.5 14.08678
vt 0.5833333 14.08678
vt 0.6666667 14.08678
vt 0.75 14.08678
vt 0.8333333 14.08678
vt 0.9166667 14.08678
vt 1 14.08678
vt 0 14.1828
vt 0.08333334 14.1828
vt 0.1666667 14.1828
vt 0.25 14.1828
vt 0.3333333 14.1828
vt 0.4166667 14.1828
vt 0.5 14.1828
vt 0.5833333 14.1828
vt 0.6666667 14.1828
vt 0.75 14.1828
vt 0.8333333 14.1828
vt 0.9166667 14.1828
vt 1 14.1828
vt 0 14.28993
vt 0.08333334 14.28993
vt 0.1666667 14.28993
vt 0.25 14.28993
vt 0.3333333 14.28993
vt 0.4166667 14.28993
vt 0.5 14.28993
vt 0.5833333 14.28993
vt 0.6666667 14.28993
vt 0.75 14.28993
vt 0.8333333 14.28993
vt 0.9166667 14.28993
vt 1 14.28993
vt 0 14.41016
vt 0.08333334 14.41016
vt 0.1666667 14.41016
vt 0.25 14.41016
vt 0.3333333 14.41016
vt 0.4166667 14.41016
vt 0.5 14.41016
vt 0.5833333 14.41016
vt 0.6666667 14.41016
vt 0.75 14.41016
vt 0.8333333 14.41016
vt 0.9166667 14.41016
vt 1 14.41016
vt 0 14.54535
vt 0.08333334 14.54535
vt 0.1666667 14.54535
vt 0.25 14.54535
vt 0.3333333 14.54535
vt 0.4166667 14.54535
vt 0.5 14.54535
vt 0.5833333 14.54535
vt 0.6666667 14.54535
vt 0.75 14.54535
vt 0.8333333 14.54535
vt 0.9166667 14.54535
vt 1 14.54535
vt 0 14.86755
vt 0.08333334 14.86755
vt 0.1666667 14.86755
vt 0.25 14.86755
vt 0.3333333 14.86755
vt 0.4166667 14.86755
vt 0.5 14.86755
vt 0.5833333 14.86755
vt 0.6666667 14.86755
vt 0.75 14.86755
vt 0.8333333 14.86755
vt 0.9166667 14.86755
vt 1 14.86755
vt 0 15.27123
vt 0.08333334 15.27123
vt 0.1666667 15.27123
vt 0.25 15.27123
vt 0.3333333 15.27123
vt 0.4166667 15.27123
vt 0.5 15.27123
vt 0.5833333 15.27123
vt 0.6666667 15.27123
vt 0.75 15.27123
vt 0.8333333 15.27123
vt 0.9166667 15.27123
vt 1 15.27123
vt 0.75 15.27123
vt 0.75 15.27123
vt 0.25 15.27123
vt 0.25 15.27123
vt 0.25 15.27123
vt 0.25 15.27123
vt 0.25 15.27123
vt 0.25 15.27123
vt 0.75 15.27123
vt 0.75 15.27123
vt 0.75 15.27123
vt 0.75 15.27123
vt 0.6165311 15.27232
vt 0.5761874 15.27232
vt 0.5 15.27232
vt 0.4238126 15.27232
vt 0.3834689 15.27232
vt 0.3720391 15.27232
vt 0.3834689 15.27232
vt 0.4238126 15.27232
vt 0.5 15.27232
vt 0.5761874 15.27232
vt 0.6165311 15.27232
vt 0.6279609 15.27232
vt 0.5528911 15.27319
vt 0.5313029 15.27319
vt 0.5 15.27319
vt 0.4686971 15.27319
vt 0.4471088 15.27319
vt 0.4396443 15.27319
vt 0.4471089 15.27319
vt 0.4686971 15.27319
vt 0.5 15.27319
vt 0.5313029 15.27319
vt 0.5528911 15.27319
vt 0.5603557 15.27319
vt 0.5159757 15.27367
vt 0.5092443 15.27367
vt 0.5 15.27367
vt 0.4907557 15.27367
vt 0.4840243 15.27367
vt 0.4815734 15.27367
vt 0.4840243 15.27367
vt 0.4907557 15.27367
vt 0.5 15.27367
vt 0.5092443 15.27367
vt 0.5159757 15.27367
vt 0.5184266 15.27367
vt 0 15.27373

usemap Standard_FF301B
usemtl Standard_FF301B
f 3072/3072/3072 3071/3071/3071 3070/3070/3070 3069/3069/3069 
f 3074/3074/3074 3073/3073/3073 3072/3072/3072 3069/3069/3069 
f 3076/3076/3076 3075/3075/3075 3074/3074/3074 3069/3069/3069 
f 3078/3078/3078 3077/3077/3077 3076/3076/3076 3069/3069/3069 
f 3080/3080/3080 3079/3079/3079 3078/3078/3078 3069/3069/3069 
f 3070/3070/3070 3081/3081/3081 3080/3080/3080 3069/3069/3069 
f 3071/3071/3071 3083/3083/3083 3082/3082/3082 3070/3070/3070 
f 3072/3072/3072 3084/3084/3084 3083/3083/3083 3071/3071/3071 
f 3073/3073/3073 3085/3085/3085 3084/3084/3084 3072/3072/3072 
f 3074/3074/3074 3086/3086/3086 3085/3085/3085 3073/3073/3073 
f 3075/3075/3075 3087/3087/3087 3086/3086/3086 3074/3074/3074 
f 3076/3076/3076 3088/3088/3088 3087/3087/3087 3075/3075/3075 
f 3077/3077/3077 3089/3089/3089 3088/3088/3088 3076/3076/3076 
f 3078/3078/3078 3090/3090/3090 3089/3089/3089 3077/3077/3077 
f 3079/3079/3079 3091/3091/3091 3090/3090/3090 3078/3078/3078 
f 3080/3080/3080 3092/3092/3092 3091/3091/3091 3079/3079/3079 
f 3081/3081/3081 3093/3093/3093 3092/3092/3092 3080/3080/3080 
f 3070/3070/3070 3082/3082/3082 3093/3093/3093 3081/3081/3081 
f 3083/3083/3083 3095/3095/3095 3094/3094/3094 3082/3082/3082 
f 3084/3084/3084 3096/3096/3096 3095/3095/3095 3083/3083/3083 
f 3085/3085/3085 3097/3097/3097 3096/3096/3096 3084/3084/3084 
f 3086/3086/3086 3098/3098/3098 3097/3097/3097 3085/3085/3085 
f 3087/3087/3087 3099/3099/3099 3098/3098/3098 3086/3086/3086 
f 3088/3088/3088 3100/3100/3100 3099/3099/3099 3087/3087/3087 
f 3089/3089/3089 3101/3101/3101 3100/3100/3100 3088/3088/3088 
f 3090/3090/3090 3102/3102/3102 3101/3101/3101 3089/3089/3089 
f 3091/3091/3091 3103/3103/3103 3102/3102/3102 3090/3090/3090 
f 3092/3092/3092 3104/3104/3104 3103/3103/3103 3091/3091/3091 
f 3093/3093/3093 3105/3105/3105 3104/3104/3104 3092/3092/3092 
f 3082/3082/3082 3094/3094/3094 3105/3105/3105 3093/3093/3093 
f 3095/3095/3095 3107/3107/3107 3106/3106/3106 3094/3094/3094 
f 3096/3096/3096 3108/3108/3108 3107/3107/3107 3095/3095/3095 
f 3097/3097/3097 3109/3109/3109 3108/3108/3108 3096/3096/3096 
f 3098/3098/3098 3110/3110/3110 3109/3109/3109 3097/3097/3097 
f 3099/3099/3099 3111/3111/3111 3110/3110/3110 3098/3098/3098 
f 3100/3100/3100 3112/3112/3112 3111/3111/3111 3099/3099/3099 
f 3101/3101/3101 3113/3113/3113 3112/3112/3112 3100/3100/3100 
f 3102/3102/3102 3114/3114/3114 3113/3113/3113 3101/3101/3101 
f 3103/3103/3103 3115/3115/3115 3114/3114/3114 3102/3102/3102 
f 3104/3104/3104 3116/3116/3116 3115/3115/3115 3103/3103/3103 
f 3105/3105/3105 3117/3117/3117 3116/3116/3116 3104/3104/3104 
f 3094/3094/3094 3106/3106/3106 3117/3117/3117 3105/3105/3105 
f 3107/3107/3107 3119/3119/3119 3118/3118/3118 3106/3106/3106 
f 3108/3108/3108 3120/3120/3120 3119/3119/3119 3107/3107/3107 
f 3109/3109/3109 3121/3121/3121 3120/3120/3120 3108/3108/3108 
f 3110/3110/3110 3122/3122/3122 3121/3121/3121 3109/3109/3109 
f 3111/3111/3111 3123/3123/3123 3122/3122/3122 3110/3110/3110 
f 3112/3112/3112 3124/3124/3124 3123/3123/3123 3111/3111/3111 
f 3113/3113/3113 3125/3125/3125 3124/3124/3124 3112/3112/3112 
f 3114/3114/3114 3126/3126/3126 3125/3125/3125 3113/3113/3113 
f 3115/3115/3115 3127/3127/3127 3126/3126/3126 3114/3114/3114 
f 3116/3116/3116 3128/3128/3128 3127/3127/3127 3115/3115/3115 
f 3117/3117/3117 3129/3129/3129 3128/3128/3128 3116/3116/3116 
f 3106/3106/3106 3130/3130/3130 3129/3129/3129 3117/3117/3117 
f 3119/3119/3119 3132/3132/3132 3131/3131/3131 3118/3118/3118 
f 3120/3120/3120 3133/3133/3133 3132/3132/3132 3119/3119/3119 
f 3121/3121/3121 3134/3134/3134 3133/3133/3133 3120/3120/3120 
f 3122/3122/3122 3135/3135/3135 3134/3134/3134 3121/3121/3121 
f 3123/3123/3123 3136/3136/3136 3135/3135/3135 3122/3122/3122 
f 3124/3124/3124 3137/3137/3137 3136/3136/3136 3123/3123/3123 
f 3125/3125/3125 3138/3138/3138 3137/3137/3137 3124/3124/3124 
f 3126/3126/3126 3139/3139/3139 3138/3138/3138 3125/3125/3125 
f 3127/3127/3127 3140/3140/3140 3139/3139/3139 3126/3126/3126 
f 3128/3128/3128 3141/3141/3141 3140/3140/3140 3127/3127/3127 
f 3129/3129/3129 3142/3142/3142 3141/3141/3141 3128/3128/3128 
f 3130/3130/3130 3143/3143/3143 3142/3142/3142 3129/3129/3129 
f 3132/3132/3132 3145/3145/3145 3144/3144/3144 3131/3131/3131 
f 3133/3133/3133 3146/3146/3146 3145/3145/3145 3132/3132/3132 
f 3134/3134/3134 3147/3147/3147 3146/3146/3146 3133/3133/3133 
f 3135/3135/3135 3148/3148/3148 3147/3147/3147 3134/3134/3134 
f 3136/3136/3136 3149/3149/3149 3148/3148/3148 3135/3135/3135 
f 3137/3137/3137 3150/3150/3150 3149/3149/3149 3136/3136/3136 
f 3138/3138/3138 3151/3151/3151 3150/3150/3150 3137/3137/3137 
f 3139/3139/3139 3152/3152/3152 3151/3151/3151 3138/3138/3138 
f 3140/3140/3140 3153/3153/3153 3152/3152/3152 3139/3139/3139 
f 3141/3141/3141 3154/3154/3154 3153/3153/3153 3140/3140/3140 
f 3142/3142/3142 3155/3155/3155 3154/3154/3154 3141/3141/3141 
f 3143/3143/3143 3156/3156/3156 3155/3155/3155 3142/3142/3142 
f 3145/3145/3145 3158/3158/3158 3157/3157/3157 3144/3144/3144 
f 3146/3146/3146 3159/3159/3159 3158/3158/3158 3145/3145/3145 
f 3147/3147/3147 3160/3160/3160 3159/3159/3159 3146/3146/3146 
f 3148/3148/3148 3161/3161/3161 3160/3160/3160 3147/3147/3147 
f 3149/3149/3149 3162/3162/3162 3161/3161/3161 3148/3148/3148 
f 3150/3150/3150 3163/3163/3163 3162/3162/3162 3149/3149/3149 
f 3151/3151/3151 3164/3164/3164 3163/3163/3163 3150/3150/3150 
f 3152/3152/3152 3165/3165/3165 3164/3164/3164 3151/3151/3151 
f 3153/3153/3153 3166/3166/3166 3165/3165/3165 3152/3152/3152 
f 3154/3154/3154 3167/3167/3167 3166/3166/3166 3153/3153/3153 
f 3155/3155/3155 3168/3168/3168 3167/3167/3167 3154/3154/3154 
f 3156/3156/3156 3169/3169/3169 3168/3168/3168 3155/3155/3155 
f 3158/3158/3158 3171/3171/3171 3170/3170/3170 3157/3157/3157 
f 3159/3159/3159 3172/3172/3172 3171/3171/3171 3158/3158/3158 
f 3160/3160/3160 3173/3173/3173 3172/3172/3172 3159/3159/3159 
f 3161/3161/3161 3174/3174/3174 3173/3173/3173 3160/3160/3160 
f 3162/3162/3162 3175/3175/3175 3174/3174/3174 3161/3161/3161 
f 3163/3163/3163 3176/3176/3176 3175/3175/3175 3162/3162/3162 
f 3164/3164/3164 3177/3177/3177 3176/3176/3176 3163/3163/3163 
f 3165/3165/3165 3178/3178/3178 3177/3177/3177 3164/3164/3164 
f 3166/3166/3166 3179/3179/3179 3178/3178/3178 3165/3165/3165 
f 3167/3167/3167 3180/3180/3180 3179/3179/3179 3166/3166/3166 
f 3168/3168/3168 3181/3181/3181 3180/3180/3180 3167/3167/3167 
f 3169/3169/3169 3182/3182/3182 3181/3181/3181 3168/3168/3168 
f 3171/3171/3171 3184/3184/3184 3183/3183/3183 3170/3170/3170 
f 3172/3172/3172 3185/3185/3185 3184/3184/3184 3171/3171/3171 
f 3173/3173/3173 3186/3186/3186 3185/3185/3185 3172/3172/3172 
f 3174/3174/3174 3187/3187/3187 3186/3186/3186 3173/3173/3173 
f 3175/3175/3175 3188/3188/3188 3187/3187/3187 3174/3174/3174 
f 3176/3176/3176 3189/3189/3189 3188/3188/3188 3175/3175/3175 
f 3177/3177/3177 3190/3190/3190 3189/3189/3189 3176/3176/3176 
f 3178/3178/3178 3191/3191/3191 3190/3190/3190 3177/3177/3177 
f 3179/3179/3179 3192/3192/3192 3191/3191/3191 3178/3178/3178 
f 3180/3180/3180 3193/3193/3193 3192/3192/3192 3179/3179/3179 
f 3181/3181/3181 3194/3194/3194 3193/3193/3193 3180/3180/3180 
f 3182/3182/3182 3195/3195/3195 3194/3194/3194 3181/3181/3181 
f 3184/3184/3184 3197/3197/3197 3196/3196/3196 3183/3183/3183 
f 3185/3185/3185 3198/3198/3198 3197/3197/3197 3184/3184/3184 
f 3186/3186/3186 3199/3199/3199 3198/3198/3198 3185/3185/3185 
f 3187/3187/3187 3200/3200/3200 3199/3199/3199 3186/3186/3186 
f 3188/3188/3188 3201/3201/3201 3200/3200/3200 3187/3187/3187 
f 3189/3189/3189 3202/3202/3202 3201/3201/3201 3188/3188/3188 
f 3190/3190/3190 3203/3203/3203 3202/3202/3202 3189/3189/3189 
f 3191/3191/3191 3204/3204/3204 3203/3203/3203 3190/3190/3190 
f 3192/3192/3192 3205/3205/3205 3204/3204/3204 3191/3191/3191 
f 3193/3193/3193 3206/3206/3206 3205/3205/3205 3192/3192/3192 
f 3194/3194/3194 3207/3207/3207 3206/3206/3206 3193/3193/3193 
f 3195/3195/3195 3208/3208/3208 3207/3207/3207 3194/3194/3194 
f 3197/3197/3197 3210/3210/3210 3209/3209/3209 3196/3196/3196 
f 3198/3198/3198 3211/3211/3211 3210/3210/3210 3197/3197/3197 
f 3199/3199/3199 3212/3212/3212 3211/3211/3211 3198/3198/3198 
f 3200/3200/3200 3213/3213/3213 3212/3212/3212 3199/3199/3199 
f 3201/3201/3201 3214/3214/3214 3213/3213/3213 3200/3200/3200 
f 3202/3202/3202 3215/3215/3215 3214/3214/3214 3201/3201/3201 
f 3203/3203/3203 3216/3216/3216 3215/3215/3215 3202/3202/3202 
f 3204/3204/3204 3217/3217/3217 3216/3216/3216 3203/3203/3203 
f 3205/3205/3205 3218/3218/3218 3217/3217/3217 3204/3204/3204 
f 3206/3206/3206 3219/3219/3219 3218/3218/3218 3205/3205/3205 
f 3207/3207/3207 3220/3220/3220 3219/3219/3219 3206/3206/3206 
f 3208/3208/3208 3221/3221/3221 3220/3220/3220 3207/3207/3207 
f 3210/3210/3210 3223/3223/3223 3222/3222/3222 3209/3209/3209 
f 3211/3211/3211 3224/3224/3224 3223/3223/3223 3210/3210/3210 
f 3212/3212/3212 3225/3225/3225 3224/3224/3224 3211/3211/3211 
f 3213/3213/3213 3226/3226/3226 3225/3225/3225 3212/3212/3212 
f 3214/3214/3214 3227/3227/3227 3226/3226/3226 3213/3213/3213 
f 3215/3215/3215 3228/3228/3228 3227/3227/3227 3214/3214/3214 
f 3216/3216/3216 3229/3229/3229 3228/3228/3228 3215/3215/3215 
f 3217/3217/3217 3230/3230/3230 3229/3229/3229 3216/3216/3216 
f 3218/3218/3218 3231/3231/3231 3230/3230/3230 3217/3217/3217 
f 3219/3219/3219 3232/3232/3232 3231/3231/3231 3218/3218/3218 
f 3220/3220/3220 3233/3233/3233 3232/3232/3232 3219/3219/3219 
f 3221/3221/3221 3234/3234/3234 3233/3233/3233 3220/3220/3220 
f 3223/3223/3223 3236/3236/3236 3235/3235/3235 3222/3222/3222 
f 3224/3224/3224 3237/3237/3237 3236/3236/3236 3223/3223/3223 
f 3225/3225/3225 3238/3238/3238 3237/3237/3237 3224/3224/3224 
f 3226/3226/3226 3239/3239/3239 3238/3238/3238 3225/3225/3225 
f 3227/3227/3227 3240/3240/3240 3239/3239/3239 3226/3226/3226 
f 3228/3228/3228 3241/3241/3241 3240/3240/3240 3227/3227/3227 
f 3229/3229/3229 3242/3242/3242 3241/3241/3241 3228/3228/3228 
f 3230/3230/3230 3243/3243/3243 3242/3242/3242 3229/3229/3229 
f 3231/3231/3231 3244/3244/3244 3243/3243/3243 3230/3230/3230 
f 3232/3232/3232 3245/3245/3245 3244/3244/3244 3231/3231/3231 
f 3233/3233/3233 3246/3246/3246 3245/3245/3245 3232/3232/3232 
f 3234/3234/3234 3247/3247/3247 3246/3246/3246 3233/3233/3233 
f 3236/3236/3236 3249/3249/3249 3248/3248/3248 3235/3235/3235 
f 3237/3237/3237 3250/3250/3250 3249/3249/3249 3236/3236/3236 
f 3238/3238/3238 3251/3251/3251 3250/3250/3250 3237/3237/3237 
f 3239/3239/3239 3252/3252/3252 3251/3251/3251 3238/3238/3238 
f 3240/3240/3240 3253/3253/3253 3252/3252/3252 3239/3239/3239 
f 3241/3241/3241 3254/3254/3254 3253/3253/3253 3240/3240/3240 
f 3242/3242/3242 3255/3255/3255 3254/3254/3254 3241/3241/3241 
f 3243/3243/3243 3256/3256/3256 3255/3255/3255 3242/3242/3242 
f 3244/3244/3244 3257/3257/3257 3256/3256/3256 3243/3243/3243 
f 3245/3245/3245 3258/3258/3258 3257/3257/3257 3244/3244/3244 
f 3246/3246/3246 3259/3259/3259 3258/3258/3258 3245/3245/3245 
f 3247/3247/3247 3260/3260/3260 3259/3259/3259 3246/3246/3246 
f 3249/3249/3249 3262/3262/3262 3261/3261/3261 3248/3248/3248 
f 3250/3250/3250 3263/3263/3263 3262/3262/3262 3249/3249/3249 
f 3251/3251/3251 3264/3264/3264 3263/3263/3263 3250/3250/3250 
f 3252/3252/3252 3265/3265/3265 3264/3264/3264 3251/3251/3251 
f 3253/3253/3253 3266/3266/3266 3265/3265/3265 3252/3252/3252 
f 3254/3254/3254 3267/3267/3267 3266/3266/3266 3253/3253/3253 
f 3255/3255/3255 3268/3268/3268 3267/3267/3267 3254/3254/3254 
f 3256/3256/3256 3269/3269/3269 3268/3268/3268 3255/3255/3255 
f 3257/3257/3257 3270/3270/3270 3269/3269/3269 3256/3256/3256 
f 3258/3258/3258 3271/3271/3271 3270/3270/3270 3257/3257/3257 
f 3259/3259/3259 3272/3272/3272 3271/3271/3271 3258/3258/3258 
f 3260/3260/3260 3273/3273/3273 3272/3272/3272 3259/3259/3259 
f 3262/3262/3262 3275/3275/3275 3274/3274/3274 3261/3261/3261 
f 3263/3263/3263 3276/3276/3276 3275/3275/3275 3262/3262/3262 
f 3264/3264/3264 3277/3277/3277 3276/3276/3276 3263/3263/3263 
f 3265/3265/3265 3278/3278/3278 3277/3277/3277 3264/3264/3264 
f 3266/3266/3266 3279/3279/3279 3278/3278/3278 3265/3265/3265 
f 3267/3267/3267 3280/3280/3280 3279/3279/3279 3266/3266/3266 
f 3268/3268/3268 3281/3281/3281 3280/3280/3280 3267/3267/3267 
f 3269/3269/3269 3282/3282/3282 3281/3281/3281 3268/3268/3268 
f 3270/3270/3270 3283/3283/3283 3282/3282/3282 3269/3269/3269 
f 3271/3271/3271 3284/3284/3284 3283/3283/3283 3270/3270/3270 
f 3272/3272/3272 3285/3285/3285 3284/3284/3284 3271/3271/3271 
f 3273/3273/3273 3286/3286/3286 3285/3285/3285 3272/3272/3272 
f 3275/3275/3275 3288/3288/3288 3287/3287/3287 3274/3274/3274 
f 3276/3276/3276 3289/3289/3289 3288/3288/3288 3275/3275/3275 
f 3277/3277/3277 3290/3290/3290 3289/3289/3289 3276/3276/3276 
f 3278/3278/3278 3291/3291/3291 3290/3290/3290 3277/3277/3277 
f 3279/3279/3279 3292/3292/3292 3291/3291/3291 3278/3278/3278 
f 3280/3280/3280 3293/3293/3293 3292/3292/3292 3279/3279/3279 
f 3281/3281/3281 3294/3294/3294 3293/3293/3293 3280/3280/3280 
f 3282/3282/3282 3295/3295/3295 3294/3294/3294 3281/3281/3281 
f 3283/3283/3283 3296/3296/3296 3295/3295/3295 3282/3282/3282 
f 3284/3284/3284 3297/3297/3297 3296/3296/3296 3283/3283/3283 
f 3285/3285/3285 3298/3298/3298 3297/3297/3297 3284/3284/3284 
f 3286/3286/3286 3299/3299/3299 3298/3298/3298 3285/3285/3285 
f 3288/3288/3288 3301/3301/3301 3300/3300/3300 3287/3287/3287 
f 3289/3289/3289 3302/3302/3302 3301/3301/3301 3288/3288/3288 
f 3290/3290/3290 3303/3303/3303 3302/3302/3302 3289/3289/3289 
f 3291/3291/3291 3304/3304/3304 3303/3303/3303 3290/3290/3290 
f 3292/3292/3292 3305/3305/3305 3304/3304/3304 3291/3291/3291 
f 3293/3293/3293 3306/3306/3306 3305/3305/3305 3292/3292/3292 
f 3294/3294/3294 3307/3307/3307 3306/3306/3306 3293/3293/3293 
f 3295/3295/3295 3308/3308/3308 3307/3307/3307 3294/3294/3294 
f 3296/3296/3296 3309/3309/3309 3308/3308/3308 3295/3295/3295 
f 3297/3297/3297 3310/3310/3310 3309/3309/3309 3296/3296/3296 
f 3298/3298/3298 3311/3311/3311 3310/3310/3310 3297/3297/3297 
f 3299/3299/3299 3312/3312/3312 3311/3311/3311 3298/3298/3298 
f 3301/3301/3301 3314/3314/3314 3313/3313/3313 3300/3300/3300 
f 3302/3302/3302 3315/3315/3315 3314/3314/3314 3301/3301/3301 
f 3303/3303/3303 3316/3316/3316 3315/3315/3315 3302/3302/3302 
f 3304/3304/3304 3317/3317/3317 3316/3316/3316 3303/3303/3303 
f 3305/3305/3305 3318/3318/3318 3317/3317/3317 3304/3304/3304 
f 3306/3306/3306 3319/3319/3319 3318/3318/3318 3305/3305/3305 
f 3307/3307/3307 3320/3320/3320 3319/3319/3319 3306/3306/3306 
f 3308/3308/3308 3321/3321/3321 3320/3320/3320 3307/3307/3307 
f 3309/3309/3309 3322/3322/3322 3321/3321/3321 3308/3308/3308 
f 3310/3310/3310 3323/3323/3323 3322/3322/3322 3309/3309/3309 
f 3311/3311/3311 3324/3324/3324 3323/3323/3323 3310/3310/3310 
f 3312/3312/3312 3325/3325/3325 3324/3324/3324 3311/3311/3311 
f 3314/3314/3314 3327/3327/3327 3326/3326/3326 3313/3313/3313 
f 3315/3315/3315 3328/3328/3328 3327/3327/3327 3314/3314/3314 
f 3316/3316/3316 3329/3329/3329 3328/3328/3328 3315/3315/3315 
f 3317/3317/3317 3330/3330/3330 3329/3329/3329 3316/3316/3316 
f 3318/3318/3318 3331/3331/3331 3330/3330/3330 3317/3317/3317 
f 3319/3319/3319 3332/3332/3332 3331/3331/3331 3318/3318/3318 
f 3320/3320/3320 3333/3333/3333 3332/3332/3332 3319/3319/3319 
f 3321/3321/3321 3334/3334/3334 3333/3333/3333 3320/3320/3320 
f 3322/3322/3322 3335/3335/3335 3334/3334/3334 3321/3321/3321 
f 3323/3323/3323 3336/3336/3336 3335/3335/3335 3322/3322/3322 
f 3324/3324/3324 3337/3337/3337 3336/3336/3336 3323/3323/3323 
f 3325/3325/3325 3338/3338/3338 3337/3337/3337 3324/3324/3324 
f 3327/3327/3327 3340/3340/3340 3339/3339/3339 3326/3326/3326 
f 3328/3328/3328 3341/3341/3341 3340/3340/3340 3327/3327/3327 
f 3329/3329/3329 3342/3342/3342 3341/3341/3341 3328/3328/3328 
f 3330/3330/3330 3343/3343/3343 3342/3342/3342 3329/3329/3329 
f 3331/3331/3331 3344/3344/3344 3343/3343/3343 3330/3330/3330 
f 3332/3332/3332 3345/3345/3345 3344/3344/3344 3331/3331/3331 
f 3333/3333/3333 3346/3346/3346 3345/3345/3345 3332/3332/3332 
f 3334/3334/3334 3347/3347/3347 3346/3346/3346 3333/3333/3333 
f 3335/3335/3335 3348/3348/3348 3347/3347/3347 3334/3334/3334 
f 3336/3336/3336 3349/3349/3349 3348/3348/3348 3335/3335/3335 
f 3337/3337/3337 3350/3350/3350 3349/3349/3349 3336/3336/3336 
f 3338/3338/3338 3351/3351/3351 3350/3350/3350 3337/3337/3337 
f 3340/3340/3340 3353/3353/3353 3352/3352/3352 3339/3339/3339 
f 3341/3341/3341 3354/3354/3354 3353/3353/3353 3340/3340/3340 
f 3342/3342/3342 3355/3355/3355 3354/3354/3354 3341/3341/3341 
f 3343/3343/3343 3356/3356/3356 3355/3355/3355 3342/3342/3342 
f 3344/3344/3344 3357/3357/3357 3356/3356/3356 3343/3343/3343 
f 3345/3345/3345 3358/3358/3358 3357/3357/3357 3344/3344/3344 
f 3346/3346/3346 3359/3359/3359 3358/3358/3358 3345/3345/3345 
f 3347/3347/3347 3360/3360/3360 3359/3359/3359 3346/3346/3346 
f 3348/3348/3348 3361/3361/3361 3360/3360/3360 3347/3347/3347 
f 3349/3349/3349 3362/3362/3362 3361/3361/3361 3348/3348/3348 
f 3350/3350/3350 3363/3363/3363 3362/3362/3362 3349/3349/3349 
f 3351/3351/3351 3364/3364/3364 3363/3363/3363 3350/3350/3350 
f 3353/3353/3353 3366/3366/3366 3365/3365/3365 3352/3352/3352 
f 3354/3354/3354 3367/3367/3367 3366/3366/3366 3353/3353/3353 
f 3355/3355/3355 3368/3368/3368 3367/3367/3367 3354/3354/3354 
f 3356/3356/3356 3369/3369/3369 3368/3368/3368 3355/3355/3355 
f 3357/3357/3357 3370/3370/3370 3369/3369/3369 3356/3356/3356 
f 3358/3358/3358 3371/3371/3371 3370/3370/3370 3357/3357/3357 
f 3359/3359/3359 3372/3372/3372 3371/3371/3371 3358/3358/3358 
f 3360/3360/3360 3373/3373/3373 3372/3372/3372 3359/3359/3359 
f 3361/3361/3361 3374/3374/3374 3373/3373/3373 3360/3360/3360 
f 3362/3362/3362 3375/3375/3375 3374/3374/3374 3361/3361/3361 
f 3363/3363/3363 3376/3376/3376 3375/3375/3375 3362/3362/3362 
f 3364/3364/3364 3377/3377/3377 3376/3376/3376 3363/3363/3363 
f 3366/3366/3366 3379/3379/3379 3378/3378/3378 3365/3365/3365 
f 3367/3367/3367 3380/3380/3380 3379/3379/3379 3366/3366/3366 
f 3368/3368/3368 3381/3381/3381 3380/3380/3380 3367/3367/3367 
f 3369/3369/3369 3382/3382/3382 3381/3381/3381 3368/3368/3368 
f 3370/3370/3370 3383/3383/3383 3382/3382/3382 3369/3369/3369 
f 3371/3371/3371 3384/3384/3384 3383/3383/3383 3370/3370/3370 
f 3372/3372/3372 3385/3385/3385 3384/3384/3384 3371/3371/3371 
f 3373/3373/3373 3386/3386/3386 3385/3385/3385 3372/3372/3372 
f 3374/3374/3374 3387/3387/3387 3386/3386/3386 3373/3373/3373 
f 3375/3375/3375 3388/3388/3388 3387/3387/3387 3374/3374/3374 
f 3376/3376/3376 3389/3389/3389 3388/3388/3388 3375/3375/3375 
f 3377/3377/3377 3390/3390/3390 3389/3389/3389 3376/3376/3376 
f 3379/3379/3379 3392/3392/3392 3391/3391/3391 3378/3378/3378 
f 3380/3380/3380 3393/3393/3393 3392/3392/3392 3379/3379/3379 
f 3381/3381/3381 3394/3394/3394 3393/3393/3393 3380/3380/3380 
f 3382/3382/3382 3395/3395/3395 3394/3394/3394 3381/3381/3381 
f 3383/3383/3383 3396/3396/3396 3395/3395/3395 3382/3382/3382 
f 3384/3384/3384 3397/3397/3397 3396/3396/3396 3383/3383/3383 
f 3385/3385/3385 3398/3398/3398 3397/3397/3397 3384/3384/3384 
f 3386/3386/3386 3399/3399/3399 3398/3398/3398 3385/3385/3385 
f 3387/3387/3387 3400/3400/3400 3399/3399/3399 3386/3386/3386 
f 3388/3388/3388 3401/3401/3401 3400/3400/3400 3387/3387/3387 
f 3389/3389/3389 3402/3402/3402 3401/3401/3401 3388/3388/3388 
f 3390/3390/3390 3403/3403/3403 3402/3402/3402 3389/3389/3389 
f 3392/3392/3392 3405/3405/3405 3404/3404/3404 3391/3391/3391 
f 3393/3393/3393 3406/3406/3406 3405/3405/3405 3392/3392/3392 
f 3394/3394/3394 3407/3407/3407 3406/3406/3406 3393/3393/3393 
f 3395/3395/3395 3408/3408/3408 3407/3407/3407 3394/3394/3394 
f 3396/3396/3396 3409/3409/3409 3408/3408/3408 3395/3395/3395 
f 3397/3397/3397 3410/3410/3410 3409/3409/3409 3396/3396/3396 
f 3398/3398/3398 3411/3411/3411 3410/3410/3410 3397/3397/3397 
f 3399/3399/3399 3412/3412/3412 3411/3411/3411 3398/3398/3398 
f 3400/3400/3400 3413/3413/3413 3412/3412/3412 3399/3399/3399 
f 3401/3401/3401 3414/3414/3414 3413/3413/3413 3400/3400/3400 
f 3402/3402/3402 3415/3415/3415 3414/3414/3414 3401/3401/3401 
f 3403/3403/3403 3416/3416/3416 3415/3415/3415 3402/3402/3402 
f 3405/3405/3405 3418/3418/3418 3417/3417/3417 3404/3404/3404 
f 3406/3406/3406 3419/3419/3419 3418/3418/3418 3405/3405/3405 
f 3407/3407/3407 3420/3420/3420 3419/3419/3419 3406/3406/3406 
f 3408/3408/3408 3421/3421/3421 3420/3420/3420 3407/3407/3407 
f 3409/3409/3409 3422/3422/3422 3421/3421/3421 3408/3408/3408 
f 3410/3410/3410 3423/3423/3423 3422/3422/3422 3409/3409/3409 
f 3411/3411/3411 3424/3424/3424 3423/3423/3423 3410/3410/3410 
f 3412/3412/3412 3425/3425/3425 3424/3424/3424 3411/3411/3411 
f 3413/3413/3413 3426/3426/3426 3425/3425/3425 3412/3412/3412 
f 3414/3414/3414 3427/3427/3427 3426/3426/3426 3413/3413/3413 
f 3415/3415/3415 3428/3428/3428 3427/3427/3427 3414/3414/3414 
f 3416/3416/3416 3429/3429/3429 3428/3428/3428 3415/3415/3415 
f 3418/3418/3418 3431/3431/3431 3430/3430/3430 3417/3417/3417 
f 3419/3419/3419 3432/3432/3432 3431/3431/3431 3418/3418/3418 
f 3420/3420/3420 3433/3433/3433 3432/3432/3432 3419/3419/3419 
f 3421/3421/3421 3434/3434/3434 3433/3433/3433 3420/3420/3420 
f 3422/3422/3422 3435/3435/3435 3434/3434/3434 3421/3421/3421 
f 3423/3423/3423 3436/3436/3436 3435/3435/3435 3422/3422/3422 
f 3424/3424/3424 3437/3437/3437 3436/3436/3436 3423/3423/3423 
f 3425/3425/3425 3438/3438/3438 3437/3437/3437 3424/3424/3424 
f 3426/3426/3426 3439/3439/3439 3438/3438/3438 3425/3425/3425 
f 3427/3427/3427 3440/3440/3440 3439/3439/3439 3426/3426/3426 
f 3428/3428/3428 3441/3441/3441 3440/3440/3440 3427/3427/3427 
f 3429/3429/3429 3442/3442/3442 3441/3441/3441 3428/3428/3428 
f 3431/3431/3431 3444/3444/3444 3443/3443/3443 3430/3430/3430 
f 3432/3432/3432 3445/3445/3445 3444/3444/3444 3431/3431/3431 
f 3433/3433/3433 3446/3446/3446 3445/3445/3445 3432/3432/3432 
f 3434/3434/3434 3447/3447/3447 3446/3446/3446 3433/3433/3433 
f 3435/3435/3435 3448/3448/3448 3447/3447/3447 3434/3434/3434 
f 3436/3436/3436 3449/3449/3449 3448/3448/3448 3435/3435/3435 
f 3437/3437/3437 3450/3450/3450 3449/3449/3449 3436/3436/3436 
f 3438/3438/3438 3451/3451/3451 3450/3450/3450 3437/3437/3437 
f 3439/3439/3439 3452/3452/3452 3451/3451/3451 3438/3438/3438 
f 3440/3440/3440 3453/3453/3453 3452/3452/3452 3439/3439/3439 
f 3441/3441/3441 3454/3454/3454 3453/3453/3453 3440/3440/3440 
f 3442/3442/3442 3455/3455/3455 3454/3454/3454 3441/3441/3441 
f 3444/3444/3444 3457/3457/3457 3456/3456/3456 3443/3443/3443 
f 3445/3445/3445 3458/3458/3458 3457/3457/3457 3444/3444/3444 
f 3446/3446/3446 3459/3459/3459 3458/3458/3458 3445/3445/3445 
f 3447/3447/3447 3460/3460/3460 3459/3459/3459 3446/3446/3446 
f 3448/3448/3448 3461/3461/3461 3460/3460/3460 3447/3447/3447 
f 3449/3449/3449 3462/3462/3462 3461/3461/3461 3448/3448/3448 
f 3450/3450/3450 3463/3463/3463 3462/3462/3462 3449/3449/3449 
f 3451/3451/3451 3464/3464/3464 3463/3463/3463 3450/3450/3450 
f 3452/3452/3452 3465/3465/3465 3464/3464/3464 3451/3451/3451 
f 3453/3453/3453 3466/3466/3466 3465/3465/3465 3452/3452/3452 
f 3454/3454/3454 3467/3467/3467 3466/3466/3466 3453/3453/3453 
f 3455/3455/3455 3468/3468/3468 3467/3467/3467 3454/3454/3454 
f 3457/3457/3457 3470/3470/3470 3469/3469/3469 3456/3456/3456 
f 3458/3458/3458 3471/3471/3471 3470/3470/3470 3457/3457/3457 
f 3459/3459/3459 3472/3472/3472 3471/3471/3471 3458/3458/3458 
f 3460/3460/3460 3473/3473/3473 3472/3472/3472 3459/3459/3459 
f 3461/3461/3461 3474/3474/3474 3473/3473/3473 3460/3460/3460 
f 3462/3462/3462 3475/3475/3475 3474/3474/3474 3461/3461/3461 
f 3463/3463/3463 3476/3476/3476 3475/3475/3475 3462/3462/3462 
f 3464/3464/3464 3477/3477/3477 3476/3476/3476 3463/3463/3463 
f 3465/3465/3465 3478/3478/3478 3477/3477/3477 3464/3464/3464 
f 3466/3466/3466 3479/3479/3479 3478/3478/3478 3465/3465/3465 
f 3467/3467/3467 3480/3480/3480 3479/3479/3479 3466/3466/3466 
f 3468/3468/3468 3481/3481/3481 3480/3480/3480 3467/3467/3467 
f 3470/3470/3470 3483/3483/3483 3482/3482/3482 3469/3469/3469 
f 3471/3471/3471 3484/3484/3484 3483/3483/3483 3470/3470/3470 
f 3472/3472/3472 3485/3485/3485 3484/3484/3484 3471/3471/3471 
f 3473/3473/3473 3486/3486/3486 3485/3485/3485 3472/3472/3472 
f 3474/3474/3474 3487/3487/3487 3486/3486/3486 3473/3473/3473 
f 3475/3475/3475 3488/3488/3488 3487/3487/3487 3474/3474/3474 
f 3476/3476/3476 3489/3489/3489 3488/3488/3488 3475/3475/3475 
f 3477/3477/3477 3490/3490/3490 3489/3489/3489 3476/3476/3476 
f 3478/3478/3478 3491/3491/3491 3490/3490/3490 3477/3477/3477 
f 3479/3479/3479 3492/3492/3492 3491/3491/3491 3478/3478/3478 
f 3480/3480/3480 3493/3493/3493 3492/3492/3492 3479/3479/3479 
f 3481/3481/3481 3494/3494/3494 3493/3493/3493 3480/3480/3480 
f 3483/3483/3483 3496/3496/3496 3495/3495/3495 3482/3482/3482 
f 3484/3484/3484 3497/3497/3497 3496/3496/3496 3483/3483/3483 
f 3485/3485/3485 3498/3498/3498 3497/3497/3497 3484/3484/3484 
f 3486/3486/3486 3499/3499/3499 3498/3498/3498 3485/3485/3485 
f 3487/3487/3487 3500/3500/3500 3499/3499/3499 3486/3486/3486 
f 3488/3488/3488 3501/3501/3501 3500/3500/3500 3487/3487/3487 
f 3489/3489/3489 3502/3502/3502 3501/3501/3501 3488/3488/3488 
f 3490/3490/3490 3503/3503/3503 3502/3502/3502 3489/3489/3489 
f 3491/3491/3491 3504/3504/3504 3503/3503/3503 3490/3490/3490 
f 3492/3492/3492 3505/3505/3505 3504/3504/3504 3491/3491/3491 
f 3493/3493/3493 3506/3506/3506 3505/3505/3505 3492/3492/3492 
f 3494/3494/3494 3507/3507/3507 3506/3506/3506 3493/3493/3493 
f 3496/3496/3496 3509/3509/3509 3508/3508/3508 3495/3495/3495 
f 3497/3497/3497 3510/3510/3510 3509/3509/3509 3496/3496/3496 
f 3498/3498/3498 3511/3511/3511 3510/3510/3510 3497/3497/3497 
f 3499/3499/3499 3512/3512/3512 3511/3511/3511 3498/3498/3498 
f 3500/3500/3500 3513/3513/3513 3512/3512/3512 3499/3499/3499 
f 3501/3501/3501 3514/3514/3514 3513/3513/3513 3500/3500/3500 
f 3502/3502/3502 3515/3515/3515 3514/3514/3514 3501/3501/3501 
f 3503/3503/3503 3516/3516/3516 3515/3515/3515 3502/3502/3502 
f 3504/3504/3504 3517/3517/3517 3516/3516/3516 3503/3503/3503 
f 3505/3505/3505 3518/3518/3518 3517/3517/3517 3504/3504/3504 
f 3506/3506/3506 3519/3519/3519 3518/3518/3518 3505/3505/3505 
f 3507/3507/3507 3520/3520/3520 3519/3519/3519 3506/3506/3506 
f 3509/3509/3509 3522/3522/3522 3521/3521/3521 3508/3508/3508 
f 3510/3510/3510 3523/3523/3523 3522/3522/3522 3509/3509/3509 
f 3511/3511/3511 3524/3524/3524 3523/3523/3523 3510/3510/3510 
f 3512/3512/3512 3525/3525/3525 3524/3524/3524 3511/3511/3511 
f 3513/3513/3513 3526/3526/3526 3525/3525/3525 3512/3512/3512 
f 3514/3514/3514 3527/3527/3527 3526/3526/3526 3513/3513/3513 
f 3515/3515/3515 3528/3528/3528 3527/3527/3527 3514/3514/3514 
f 3516/3516/3516 3529/3529/3529 3528/3528/3528 3515/3515/3515 
f 3517/3517/3517 3530/3530/3530 3529/3529/3529 3516/3516/3516 
f 3518/3518/3518 3531/3531/3531 3530/3530/3530 3517/3517/3517 
f 3519/3519/3519 3532/3532/3532 3531/3531/3531 3518/3518/3518 
f 3520/3520/3520 3533/3533/3533 3532/3532/3532 3519/3519/3519 
f 3522/3522/3522 3535/3535/3535 3534/3534/3534 3521/3521/3521 
f 3523/3523/3523 3536/3536/3536 3535/3535/3535 3522/3522/3522 
f 3524/3524/3524 3537/3537/3537 3536/3536/3536 3523/3523/3523 
f 3525/3525/3525 3538/3538/3538 3537/3537/3537 3524/3524/3524 
f 3526/3526/3526 3539/3539/3539 3538/3538/3538 3525/3525/3525 
f 3527/3527/3527 3540/3540/3540 3539/3539/3539 3526/3526/3526 
f 3528/3528/3528 3541/3541/3541 3540/3540/3540 3527/3527/3527 
f 3529/3529/3529 3542/3542/3542 3541/3541/3541 3528/3528/3528 
f 3530/3530/3530 3543/3543/3543 3542/3542/3542 3529/3529/3529 
f 3531/3531/3531 3544/3544/3544 3543/3543/3543 3530/3530/3530 
f 3532/3532/3532 3545/3545/3545 3544/3544/3544 3531/3531/3531 
f 3533/3533/3533 3546/3546/3546 3545/3545/3545 3532/3532/3532 
f 3535/3535/3535 3548/3548/3548 3547/3547/3547 3534/3534/3534 
f 3536/3536/3536 3549/3549/3549 3548/3548/3548 3535/3535/3535 
f 3537/3537/3537 3550/3550/3550 3549/3549/3549 3536/3536/3536 
f 3538/3538/3538 3551/3551/3551 3550/3550/3550 3537/3537/3537 
f 3539/3539/3539 3552/3552/3552 3551/3551/3551 3538/3538/3538 
f 3540/3540/3540 3553/3553/3553 3552/3552/3552 3539/3539/3539 
f 3541/3541/3541 3554/3554/3554 3553/3553/3553 3540/3540/3540 
f 3542/3542/3542 3555/3555/3555 3554/3554/3554 3541/3541/3541 
f 3543/3543/3543 3556/3556/3556 3555/3555/3555 3542/3542/3542 
f 3544/3544/3544 3557/3557/3557 3556/3556/3556 3543/3543/3543 
f 3545/3545/3545 3558/3558/3558 3557/3557/3557 3544/3544/3544 
f 3546/3546/3546 3559/3559/3559 3558/3558/3558 3545/3545/3545 
f 3548/3548/3548 3561/3561/3561 3560/3560/3560 3547/3547/3547 
f 3549/3549/3549 3562/3562/3562 3561/3561/3561 3548/3548/3548 
f 3550/3550/3550 3563/3563/3563 3562/3562/3562 3549/3549/3549 
f 3551/3551/3551 3564/3564/3564 3563/3563/3563 3550/3550/3550 
f 3552/3552/3552 3565/3565/3565 3564/3564/3564 3551/3551/3551 
f 3553/3553/3553 3566/3566/3566 3565/3565/3565 3552/3552/3552 
f 3554/3554/3554 3567/3567/3567 3566/3566/3566 3553/3553/3553 
f 3555/3555/3555 3568/3568/3568 3567/3567/3567 3554/3554/3554 
f 3556/3556/3556 3569/3569/3569 3568/3568/3568 3555/3555/3555 
f 3557/3557/3557 3570/3570/3570 3569/3569/3569 3556/3556/3556 
f 3558/3558/3558 3571/3571/3571 3570/3570/3570 3557/3557/3557 
f 3559/3559/3559 3572/3572/3572 3571/3571/3571 3558/3558/3558 
f 3561/3561/3561 3574/3574/3574 3573/3573/3573 3560/3560/3560 
f 3562/3562/3562 3575/3575/3575 3574/3574/3574 3561/3561/3561 
f 3563/3563/3563 3576/3576/3576 3575/3575/3575 3562/3562/3562 
f 3564/3564/3564 3577/3577/3577 3576/3576/3576 3563/3563/3563 
f 3565/3565/3565 3578/3578/3578 3577/3577/3577 3564/3564/3564 
f 3566/3566/3566 3579/3579/3579 3578/3578/3578 3565/3565/3565 
f 3567/3567/3567 3580/3580/3580 3579/3579/3579 3566/3566/3566 
f 3568/3568/3568 3581/3581/3581 3580/3580/3580 3567/3567/3567 
f 3569/3569/3569 3582/3582/3582 3581/3581/3581 3568/3568/3568 
f 3570/3570/3570 3583/3583/3583 3582/3582/3582 3569/3569/3569 
f 3571/3571/3571 3584/3584/3584 3583/3583/3583 3570/3570/3570 
f 3572/3572/3572 3585/3585/3585 3584/3584/3584 3571/3571/3571 
f 3574/3574/3574 3587/3587/3587 3586/3586/3586 3573/3573/3573 
f 3575/3575/3575 3588/3588/3588 3587/3587/3587 3574/3574/3574 
f 3576/3576/3576 3589/3589/3589 3588/3588/3588 3575/3575/3575 
f 3577/3577/3577 3590/3590/3590 3589/3589/3589 3576/3576/3576 
f 3578/3578/3578 3591/3591/3591 3590/3590/3590 3577/3577/3577 
f 3579/3579/3579 3592/3592/3592 3591/3591/3591 3578/3578/3578 
f 3580/3580/3580 3593/3593/3593 3592/3592/3592 3579/3579/3579 
f 3581/3581/3581 3594/3594/3594 3593/3593/3593 3580/3580/3580 
f 3582/3582/3582 3595/3595/3595 3594/3594/3594 3581/3581/3581 
f 3583/3583/3583 3596/3596/3596 3595/3595/3595 3582/3582/3582 
f 3584/3584/3584 3597/3597/3597 3596/3596/3596 3583/3583/3583 
f 3585/3585/3585 3598/3598/3598 3597/3597/3597 3584/3584/3584 
f 3587/3587/3587 3600/3600/3600 3599/3599/3599 3586/3586/3586 
f 3588/3588/3588 3601/3601/3601 3600/3600/3600 3587/3587/3587 
f 3589/3589/3589 3602/3602/3602 3601/3601/3601 3588/3588/3588 
f 3590/3590/3590 3603/3603/3603 3602/3602/3602 3589/3589/3589 
f 3591/3591/3591 3604/3604/3604 3603/3603/3603 3590/3590/3590 
f 3592/3592/3592 3605/3605/3605 3604/3604/3604 3591/3591/3591 
f 3593/3593/3593 3606/3606/3606 3605/3605/3605 3592/3592/3592 
f 3594/3594/3594 3607/3607/3607 3606/3606/3606 3593/3593/3593 
f 3595/3595/3595 3608/3608/3608 3607/3607/3607 3594/3594/3594 
f 3596/3596/3596 3609/3609/3609 3608/3608/3608 3595/3595/3595 
f 3597/3597/3597 3610/3610/3610 3609/3609/3609 3596/3596/3596 
f 3598/3598/3598 3611/3611/3611 3610/3610/3610 3597/3597/3597 
f 3600/3600/3600 3613/3613/3613 3612/3612/3612 3599/3599/3599 
f 3601/3601/3601 3614/3614/3614 3613/3613/3613 3600/3600/3600 
f 3602/3602/3602 3615/3615/3615 3614/3614/3614 3601/3601/3601 
f 3603/3603/3603 3616/3616/3616 3615/3615/3615 3602/3602/3602 
f 3604/3604/3604 3617/3617/3617 3616/3616/3616 3603/3603/3603 
f 3605/3605/3605 3618/3618/3618 3617/3617/3617 3604/3604/3604 
f 3606/3606/3606 3619/3619/3619 3618/3618/3618 3605/3605/3605 
f 3607/3607/3607 3620/3620/3620 3619/3619/3619 3606/3606/3606 
f 3608/3608/3608 3621/3621/3621 3620/3620/3620 3607/3607/3607 
f 3609/3609/3609 3622/3622/3622 3621/3621/3621 3608/3608/3608 
f 3610/3610/3610 3623/3623/3623 3622/3622/3622 3609/3609/3609 
f 3611/3611/3611 3624/3624/3624 3623/3623/3623 3610/3610/3610 
f 3613/3613/3613 3626/3626/3626 3625/3625/3625 3612/3612/3612 
f 3614/3614/3614 3627/3627/3627 3626/3626/3626 3613/3613/3613 
f 3615/3615/3615 3628/3628/3628 3627/3627/3627 3614/3614/3614 
f 3616/3616/3616 3629/3629/3629 3628/3628/3628 3615/3615/3615 
f 3617/3617/3617 3630/3630/3630 3629/3629/3629 3616/3616/3616 
f 3618/3618/3618 3631/3631/3631 3630/3630/3630 3617/3617/3617 
f 3619/3619/3619 3632/3632/3632 3631/3631/3631 3618/3618/3618 
f 3620/3620/3620 3633/3633/3633 3632/3632/3632 3619/3619/3619 
f 3621/3621/3621 3634/3634/3634 3633/3633/3633 3620/3620/3620 
f 3622/3622/3622 3635/3635/3635 3634/3634/3634 3621/3621/3621 
f 3623/3623/3623 3636/3636/3636 3635/3635/3635 3622/3622/3622 
f 3624/3624/3624 3637/3637/3637 3636/3636/3636 3623/3623/3623 
f 3626/3626/3626 3639/3639/3639 3638/3638/3638 3625/3625/3625 
f 3627/3627/3627 3640/3640/3640 3639/3639/3639 3626/3626/3626 
f 3628/3628/3628 3641/3641/3641 3640/3640/3640 3627/3627/3627 
f 3629/3629/3629 3642/3642/3642 3641/3641/3641 3628/3628/3628 
f 3630/3630/3630 3643/3643/3643 3642/3642/3642 3629/3629/3629 
f 3631/3631/3631 3644/3644/3644 3643/3643/3643 3630/3630/3630 
f 3632/3632/3632 3645/3645/3645 3644/3644/3644 3631/3631/3631 
f 3633/3633/3633 3646/3646/3646 3645/3645/3645 3632/3632/3632 
f 3634/3634/3634 3647/3647/3647 3646/3646/3646 3633/3633/3633 
f 3635/3635/3635 3648/3648/3648 3647/3647/3647 3634/3634/3634 
f 3636/3636/3636 3649/3649/3649 3648/3648/3648 3635/3635/3635 
f 3637/3637/3637 3650/3650/3650 3649/3649/3649 3636/3636/3636 
f 3639/3639/3639 3652/3652/3652 3651/3651/3651 3638/3638/3638 
f 3640/3640/3640 3653/3653/3653 3652/3652/3652 3639/3639/3639 
f 3641/3641/3641 3654/3654/3654 3653/3653/3653 3640/3640/3640 
f 3642/3642/3642 3655/3655/3655 3654/3654/3654 3641/3641/3641 
f 3643/3643/3643 3656/3656/3656 3655/3655/3655 3642/3642/3642 
f 3644/3644/3644 3657/3657/3657 3656/3656/3656 3643/3643/3643 
f 3645/3645/3645 3658/3658/3658 3657/3657/3657 3644/3644/3644 
f 3646/3646/3646 3659/3659/3659 3658/3658/3658 3645/3645/3645 
f 3647/3647/3647 3660/3660/3660 3659/3659/3659 3646/3646/3646 
f 3648/3648/3648 3661/3661/3661 3660/3660/3660 3647/3647/3647 
f 3649/3649/3649 3662/3662/3662 3661/3661/3661 3648/3648/3648 
f 3650/3650/3650 3663/3663/3663 3662/3662/3662 3649/3649/3649 
f 3652/3652/3652 3665/3665/3665 3664/3664/3664 3651/3651/3651 
f 3653/3653/3653 3666/3666/3666 3665/3665/3665 3652/3652/3652 
f 3654/3654/3654 3667/3667/3667 3666/3666/3666 3653/3653/3653 
f 3655/3655/3655 3668/3668/3668 3667/3667/3667 3654/3654/3654 
f 3656/3656/3656 3669/3669/3669 3668/3668/3668 3655/3655/3655 
f 3657/3657/3657 3670/3670/3670 3669/3669/3669 3656/3656/3656 
f 3658/3658/3658 3671/3671/3671 3670/3670/3670 3657/3657/3657 
f 3659/3659/3659 3672/3672/3672 3671/3671/3671 3658/3658/3658 
f 3660/3660/3660 3673/3673/3673 3672/3672/3672 3659/3659/3659 
f 3661/3661/3661 3674/3674/3674 3673/3673/3673 3660/3660/3660 
f 3662/3662/3662 3675/3675/3675 3674/3674/3674 3661/3661/3661 
f 3663/3663/3663 3676/3676/3676 3675/3675/3675 3662/3662/3662 
f 3665/3665/3665 3678/3678/3678 3677/3677/3677 3664/3664/3664 
f 3666/3666/3666 3679/3679/3679 3678/3678/3678 3665/3665/3665 
f 3667/3667/3667 3680/3680/3680 3679/3679/3679 3666/3666/3666 
f 3668/3668/3668 3681/3681/3681 3680/3680/3680 3667/3667/3667 
f 3669/3669/3669 3682/3682/3682 3681/3681/3681 3668/3668/3668 
f 3670/3670/3670 3683/3683/3683 3682/3682/3682 3669/3669/3669 
f 3671/3671/3671 3684/3684/3684 3683/3683/3683 3670/3670/3670 
f 3672/3672/3672 3685/3685/3685 3684/3684/3684 3671/3671/3671 
f 3673/3673/3673 3686/3686/3686 3685/3685/3685 3672/3672/3672 
f 3674/3674/3674 3687/3687/3687 3686/3686/3686 3673/3673/3673 
f 3675/3675/3675 3688/3688/3688 3687/3687/3687 3674/3674/3674 
f 3676/3676/3676 3689/3689/3689 3688/3688/3688 3675/3675/3675 
f 3678/3678/3678 3691/3691/3691 3690/3690/3690 3677/3677/3677 
f 3679/3679/3679 3692/3692/3692 3691/3691/3691 3678/3678/3678 
f 3680/3680/3680 3693/3693/3693 3692/3692/3692 3679/3679/3679 
f 3681/3681/3681 3694/3694/3694 3693/3693/3693 3680/3680/3680 
f 3682/3682/3682 3695/3695/3695 3694/3694/3694 3681/3681/3681 
f 3683/3683/3683 3696/3696/3696 3695/3695/3695 3682/3682/3682 
f 3684/3684/3684 3697/3697/3697 3696/3696/3696 3683/3683/3683 
f 3685/3685/3685 3698/3698/3698 3697/3697/3697 3684/3684/3684 
f 3686/3686/3686 3699/3699/3699 3698/3698/3698 3685/3685/3685 
f 3687/3687/3687 3700/3700/3700 3699/3699/3699 3686/3686/3686 
f 3688/3688/3688 3701/3701/3701 3700/3700/3700 3687/3687/3687 
f 3689/3689/3689 3702/3702/3702 3701/3701/3701 3688/3688/3688 
f 3691/3691/3691 3704/3704/3704 3703/3703/3703 3690/3690/3690 
f 3692/3692/3692 3705/3705/3705 3704/3704/3704 3691/3691/3691 
f 3693/3693/3693 3706/3706/3706 3705/3705/3705 3692/3692/3692 
f 3694/3694/3694 3707/3707/3707 3706/3706/3706 3693/3693/3693 
f 3695/3695/3695 3708/3708/3708 3707/3707/3707 3694/3694/3694 
f 3696/3696/3696 3709/3709/3709 3708/3708/3708 3695/3695/3695 
f 3697/3697/3697 3710/3710/3710 3709/3709/3709 3696/3696/3696 
f 3698/3698/3698 3711/3711/3711 3710/3710/3710 3697/3697/3697 
f 3699/3699/3699 3712/3712/3712 3711/3711/3711 3698/3698/3698 
f 3700/3700/3700 3713/3713/3713 3712/3712/3712 3699/3699/3699 
f 3701/3701/3701 3714/3714/3714 3713/3713/3713 3700/3700/3700 
f 3702/3702/3702 3715/3715/3715 3714/3714/3714 3701/3701/3701 
f 3704/3704/3704 3717/3717/3717 3716/3716/3716 3703/3703/3703 
f 3705/3705/3705 3718/3718/3718 3717/3717/3717 3704/3704/3704 
f 3706/3706/3706 3719/3719/3719 3718/3718/3718 3705/3705/3705 
f 3707/3707/3707 3720/3720/3720 3719/3719/3719 3706/3706/3706 
f 3708/3708/3708 3721/3721/3721 3720/3720/3720 3707/3707/3707 
f 3709/3709/3709 3722/3722/3722 3721/3721/3721 3708/3708/3708 
f 3710/3710/3710 3723/3723/3723 3722/3722/3722 3709/3709/3709 
f 3711/3711/3711 3724/3724/3724 3723/3723/3723 3710/3710/3710 
f 3712/3712/3712 3725/3725/3725 3724/3724/3724 3711/3711/3711 
f 3713/3713/3713 3726/3726/3726 3725/3725/3725 3712/3712/3712 
f 3714/3714/3714 3727/3727/3727 3726/3726/3726 3713/3713/3713 
f 3715/3715/3715 3728/3728/3728 3727/3727/3727 3714/3714/3714 
f 3717/3717/3717 3730/3730/3730 3729/3729/3729 3716/3716/3716 
f 3718/3718/3718 3731/3731/3731 3730/3730/3730 3717/3717/3717 
f 3719/3719/3719 3732/3732/3732 3731/3731/3731 3718/3718/3718 
f 3720/3720/3720 3733/3733/3733 3732/3732/3732 3719/3719/3719 
f 3721/3721/3721 3734/3734/3734 3733/3733/3733 3720/3720/3720 
f 3722/3722/3722 3735/3735/3735 3734/3734/3734 3721/3721/3721 
f 3723/3723/3723 3736/3736/3736 3735/3735/3735 3722/3722/3722 
f 3724/3724/3724 3737/3737/3737 3736/3736/3736 3723/3723/3723 
f 3725/3725/3725 3738/3738/3738 3737/3737/3737 3724/3724/3724 
f 3726/3726/3726 3739/3739/3739 3738/3738/3738 3725/3725/3725 
f 3727/3727/3727 3740/3740/3740 3739/3739/3739 3726/3726/3726 
f 3728/3728/3728 3741/3741/3741 3740/3740/3740 3727/3727/3727 
f 3730/3730/3730 3743/3743/3743 3742/3742/3742 3729/3729/3729 
f 3731/3731/3731 3744/3744/3744 3743/3743/3743 3730/3730/3730 
f 3732/3732/3732 3745/3745/3745 3744/3744/3744 3731/3731/3731 
f 3733/3733/3733 3746/3746/3746 3745/3745/3745 3732/3732/3732 
f 3734/3734/3734 3747/3747/3747 3746/3746/3746 3733/3733/3733 
f 3735/3735/3735 3748/3748/3748 3747/3747/3747 3734/3734/3734 
f 3736/3736/3736 3749/3749/3749 3748/3748/3748 3735/3735/3735 
f 3737/3737/3737 3750/3750/3750 3749/3749/3749 3736/3736/3736 
f 3738/3738/3738 3751/3751/3751 3750/3750/3750 3737/3737/3737 
f 3739/3739/3739 3752/3752/3752 3751/3751/3751 3738/3738/3738 
f 3740/3740/3740 3753/3753/3753 3752/3752/3752 3739/3739/3739 
f 3741/3741/3741 3754/3754/3754 3753/3753/3753 3740/3740/3740 
f 3743/3743/3743 3756/3756/3756 3755/3755/3755 3742/3742/3742 
f 3744/3744/3744 3757/3757/3757 3756/3756/3756 3743/3743/3743 
f 3745/3745/3745 3758/3758/3758 3757/3757/3757 3744/3744/3744 
f 3746/3746/3746 3759/3759/3759 3758/3758/3758 3745/3745/3745 
f 3747/3747/3747 3760/3760/3760 3759/3759/3759 3746/3746/3746 
f 3748/3748/3748 3761/3761/3761 3760/3760/3760 3747/3747/3747 
f 3749/3749/3749 3762/3762/3762 3761/3761/3761 3748/3748/3748 
f 3750/3750/3750 3763/3763/3763 3762/3762/3762 3749/3749/3749 
f 3751/3751/3751 3764/3764/3764 3763/3763/3763 3750/3750/3750 
f 3752/3752/3752 3765/3765/3765 3764/3764/3764 3751/3751/3751 
f 3753/3753/3753 3766/3766/3766 3765/3765/3765 3752/3752/3752 
f 3754/3754/3754 3767/3767/3767 3766/3766/3766 3753/3753/3753 
f 3756/3756/3756 3769/3769/3769 3768/3768/3768 3755/3755/3755 
f 3757/3757/3757 3770/3770/3770 3769/3769/3769 3756/3756/3756 
f 3758/3758/3758 3771/3771/3771 3770/3770/3770 3757/3757/3757 
f 3759/3759/3759 3772/3772/3772 3771/3771/3771 3758/3758/3758 
f 3760/3760/3760 3773/3773/3773 3772/3772/3772 3759/3759/3759 
f 3761/3761/3761 3774/3774/3774 3773/3773/3773 3760/3760/3760 
f 3762/3762/3762 3775/3775/3775 3774/3774/3774 3761/3761/3761 
f 3763/3763/3763 3776/3776/3776 3775/3775/3775 3762/3762/3762 
f 3764/3764/3764 3777/3777/3777 3776/3776/3776 3763/3763/3763 
f 3765/3765/3765 3778/3778/3778 3777/3777/3777 3764/3764/3764 
f 3766/3766/3766 3779/3779/3779 3778/3778/3778 3765/3765/3765 
f 3767/3767/3767 3780/3780/3780 3779/3779/3779 3766/3766/3766 
f 3769/3769/3769 3782/3782/3782 3781/3781/3781 3768/3768/3768 
f 3770/3770/3770 3783/3783/3783 3782/3782/3782 3769/3769/3769 
f 3771/3771/3771 3784/3784/3784 3783/3783/3783 3770/3770/3770 
f 3772/3772/3772 3785/3785/3785 3784/3784/3784 3771/3771/3771 
f 3773/3773/3773 3786/3786/3786 3785/3785/3785 3772/3772/3772 
f 3774/3774/3774 3787/3787/3787 3786/3786/3786 3773/3773/3773 
f 3775/3775/3775 3788/3788/3788 3787/3787/3787 3774/3774/3774 
f 3776/3776/3776 3789/3789/3789 3788/3788/3788 3775/3775/3775 
f 3777/3777/3777 3790/3790/3790 3789/3789/3789 3776/3776/3776 
f 3778/3778/3778 3791/3791/3791 3790/3790/3790 3777/3777/3777 
f 3779/3779/3779 3792/3792/3792 3791/3791/3791 3778/3778/3778 
f 3780/3780/3780 3793/3793/3793 3792/3792/3792 3779/3779/3779 
f 3782/3782/3782 3795/3795/3795 3794/3794/3794 3781/3781/3781 
f 3783/3783/3783 3796/3796/3796 3795/3795/3795 3782/3782/3782 
f 3784/3784/3784 3797/3797/3797 3796/3796/3796 3783/3783/3783 
f 3785/3785/3785 3798/3798/3798 3797/3797/3797 3784/3784/3784 
f 3786/3786/3786 3799/3799/3799 3798/3798/3798 3785/3785/3785 
f 3787/3787/3787 3800/3800/3800 3799/3799/3799 3786/3786/3786 
f 3788/3788/3788 3801/3801/3801 3800/3800/3800 3787/3787/3787 
f 3789/3789/3789 3802/3802/3802 3801/3801/3801 3788/3788/3788 
f 3790/3790/3790 3803/3803/3803 3802/3802/3802 3789/3789/3789 
f 3791/3791/3791 3804/3804/3804 3803/3803/3803 3790/3790/3790 
f 3792/3792/3792 3805/3805/3805 3804/3804/3804 3791/3791/3791 
f 3793/3793/3793 3806/3806/3806 3805/3805/3805 3792/3792/3792 
f 3795/3795/3795 3808/3808/3808 3807/3807/3807 3794/3794/3794 
f 3796/3796/3796 3809/3809/3809 3808/3808/3808 3795/3795/3795 
f 3797/3797/3797 3810/3810/3810 3809/3809/3809 3796/3796/3796 
f 3798/3798/3798 3811/3811/3811 3810/3810/3810 3797/3797/3797 
f 3799/3799/3799 3812/3812/3812 3811/3811/3811 3798/3798/3798 
f 3800/3800/3800 3813/3813/3813 3812/3812/3812 3799/3799/3799 
f 3801/3801/3801 3814/3814/3814 3813/3813/3813 3800/3800/3800 
f 3802/3802/3802 3815/3815/3815 3814/3814/3814 3801/3801/3801 
f 3803/3803/3803 3816/3816/3816 3815/3815/3815 3802/3802/3802 
f 3804/3804/3804 3817/3817/3817 3816/3816/3816 3803/3803/3803 
f 3805/3805/3805 3818/3818/3818 3817/3817/3817 3804/3804/3804 
f 3806/3806/3806 3819/3819/3819 3818/3818/3818 3805/3805/3805 
f 3808/3808/3808 3821/3821/3821 3820/3820/3820 3807/3807/3807 
f 3809/3809/3809 3822/3822/3822 3821/3821/3821 3808/3808/3808 
f 3810/3810/3810 3823/3823/3823 3822/3822/3822 3809/3809/3809 
f 3811/3811/3811 3824/3824/3824 3823/3823/3823 3810/3810/3810 
f 3812/3812/3812 3825/3825/3825 3824/3824/3824 3811/3811/3811 
f 3813/3813/3813 3826/3826/3826 3825/3825/3825 3812/3812/3812 
f 3814/3814/3814 3827/3827/3827 3826/3826/3826 3813/3813/3813 
f 3815/3815/3815 3828/3828/3828 3827/3827/3827 3814/3814/3814 
f 3816/3816/3816 3829/3829/3829 3828/3828/3828 3815/3815/3815 
f 3817/3817/3817 3830/3830/3830 3829/3829/3829 3816/3816/3816 
f 3818/3818/3818 3831/3831/3831 3830/3830/3830 3817/3817/3817 
f 3819/3819/3819 3832/3832/3832 3831/3831/3831 3818/3818/3818 
f 3821/3821/3821 3834/3834/3834 3833/3833/3833 3820/3820/3820 
f 3822/3822/3822 3835/3835/3835 3834/3834/3834 3821/3821/3821 
f 3823/3823/3823 3836/3836/3836 3835/3835/3835 3822/3822/3822 
f 3824/3824/3824 3837/3837/3837 3836/3836/3836 3823/3823/3823 
f 3825/3825/3825 3838/3838/3838 3837/3837/3837 3824/3824/3824 
f 3826/3826/3826 3839/3839/3839 3838/3838/3838 3825/3825/3825 
f 3827/3827/3827 3840/3840/3840 3839/3839/3839 3826/3826/3826 
f 3828/3828/3828 3841/3841/3841 3840/3840/3840 3827/3827/3827 
f 3829/3829/3829 3842/3842/3842 3841/3841/3841 3828/3828/3828 
f 3830/3830/3830 3843/3843/3843 3842/3842/3842 3829/3829/3829 
f 3831/3831/3831 3844/3844/3844 3843/3843/3843 3830/3830/3830 
f 3832/3832/3832 3845/3845/3845 3844/3844/3844 3831/3831/3831 
f 3834/3834/3834 3847/3847/3847 3846/3846/3846 3833/3833/3833 
f 3835/3835/3835 3848/3848/3848 3847/3847/3847 3834/3834/3834 
f 3836/3836/3836 3849/3849/3849 3848/3848/3848 3835/3835/3835 
f 3837/3837/3837 3850/3850/3850 3849/3849/3849 3836/3836/3836 
f 3838/3838/3838 3851/3851/3851 3850/3850/3850 3837/3837/3837 
f 3839/3839/3839 3852/3852/3852 3851/3851/3851 3838/3838/3838 
f 3840/3840/3840 3853/3853/3853 3852/3852/3852 3839/3839/3839 
f 3841/3841/3841 3854/3854/3854 3853/3853/3853 3840/3840/3840 
f 3842/3842/3842 3855/3855/3855 3854/3854/3854 3841/3841/3841 
f 3843/3843/3843 3856/3856/3856 3855/3855/3855 3842/3842/3842 
f 3844/3844/3844 3857/3857/3857 3856/3856/3856 3843/3843/3843 
f 3845/3845/3845 3858/3858/3858 3857/3857/3857 3844/3844/3844 
f 3847/3847/3847 3860/3860/3860 3859/3859/3859 3846/3846/3846 
f 3848/3848/3848 3861/3861/3861 3860/3860/3860 3847/3847/3847 
f 3849/3849/3849 3862/3862/3862 3861/3861/3861 3848/3848/3848 
f 3850/3850/3850 3863/3863/3863 3862/3862/3862 3849/3849/3849 
f 3851/3851/3851 3864/3864/3864 3863/3863/3863 3850/3850/3850 
f 3852/3852/3852 3865/3865/3865 3864/3864/3864 3851/3851/3851 
f 3853/3853/3853 3866/3866/3866 3865/3865/3865 3852/3852/3852 
f 3854/3854/3854 3867/3867/3867 3866/3866/3866 3853/3853/3853 
f 3855/3855/3855 3868/3868/3868 3867/3867/3867 3854/3854/3854 
f 3856/3856/3856 3869/3869/3869 3868/3868/3868 3855/3855/3855 
f 3857/3857/3857 3870/3870/3870 3869/3869/3869 3856/3856/3856 
f 3858/3858/3858 3871/3871/3871 3870/3870/3870 3857/3857/3857 
f 3860/3860/3860 3873/3873/3873 3872/3872/3872 3859/3859/3859 
f 3861/3861/3861 3874/3874/3874 3873/3873/3873 3860/3860/3860 
f 3862/3862/3862 3875/3875/3875 3874/3874/3874 3861/3861/3861 
f 3863/3863/3863 3876/3876/3876 3875/3875/3875 3862/3862/3862 
f 3864/3864/3864 3877/3877/3877 3876/3876/3876 3863/3863/3863 
f 3865/3865/3865 3878/3878/3878 3877/3877/3877 3864/3864/3864 
f 3866/3866/3866 3879/3879/3879 3878/3878/3878 3865/3865/3865 
f 3867/3867/3867 3880/3880/3880 3879/3879/3879 3866/3866/3866 
f 3868/3868/3868 3881/3881/3881 3880/3880/3880 3867/3867/3867 
f 3869/3869/3869 3882/3882/3882 3881/3881/3881 3868/3868/3868 
f 3870/3870/3870 3883/3883/3883 3882/3882/3882 3869/3869/3869 
f 3871/3871/3871 3884/3884/3884 3883/3883/3883 3870/3870/3870 
f 3873/3873/3873 3886/3886/3886 3885/3885/3885 3872/3872/3872 
f 3874/3874/3874 3887/3887/3887 3886/3886/3886 3873/3873/3873 
f 3875/3875/3875 3888/3888/3888 3887/3887/3887 3874/3874/3874 
f 3876/3876/3876 3889/3889/3889 3888/3888/3888 3875/3875/3875 
f 3877/3877/3877 3890/3890/3890 3889/3889/3889 3876/3876/3876 
f 3878/3878/3878 3891/3891/3891 3890/3890/3890 3877/3877/3877 
f 3879/3879/3879 3892/3892/3892 3891/3891/3891 3878/3878/3878 
f 3880/3880/3880 3893/3893/3893 3892/3892/3892 3879/3879/3879 
f 3881/3881/3881 3894/3894/3894 3893/3893/3893 3880/3880/3880 
f 3882/3882/3882 3895/3895/3895 3894/3894/3894 3881/3881/3881 
f 3883/3883/3883 3896/3896/3896 3895/3895/3895 3882/3882/3882 
f 3884/3884/3884 3897/3897/3897 3896/3896/3896 3883/3883/3883 
f 3886/3886/3886 3899/3899/3899 3898/3898/3898 3885/3885/3885 
f 3887/3887/3887 3900/3900/3900 3899/3899/3899 3886/3886/3886 
f 3888/3888/3888 3901/3901/3901 3900/3900/3900 3887/3887/3887 
f 3889/3889/3889 3902/3902/3902 3901/3901/3901 3888/3888/3888 
f 3890/3890/3890 3903/3903/3903 3902/3902/3902 3889/3889/3889 
f 3891/3891/3891 3904/3904/3904 3903/3903/3903 3890/3890/3890 
f 3892/3892/3892 3905/3905/3905 3904/3904/3904 3891/3891/3891 
f 3893/3893/3893 3906/3906/3906 3905/3905/3905 3892/3892/3892 
f 3894/3894/3894 3907/3907/3907 3906/3906/3906 3893/3893/3893 
f 3895/3895/3895 3908/3908/3908 3907/3907/3907 3894/3894/3894 
f 3896/3896/3896 3909/3909/3909 3908/3908/3908 3895/3895/3895 
f 3897/3897/3897 3910/3910/3910 3909/3909/3909 3896/3896/3896 
f 3899/3899/3899 3912/3912/3912 3911/3911/3911 3898/3898/3898 
f 3900/3900/3900 3913/3913/3913 3912/3912/3912 3899/3899/3899 
f 3901/3901/3901 3914/3914/3914 3913/3913/3913 3900/3900/3900 
f 3902/3902/3902 3915/3915/3915 3914/3914/3914 3901/3901/3901 
f 3903/3903/3903 3916/3916/3916 3915/3915/3915 3902/3902/3902 
f 3904/3904/3904 3917/3917/3917 3916/3916/3916 3903/3903/3903 
f 3905/3905/3905 3918/3918/3918 3917/3917/3917 3904/3904/3904 
f 3906/3906/3906 3919/3919/3919 3918/3918/3918 3905/3905/3905 
f 3907/3907/3907 3920/3920/3920 3919/3919/3919 3906/3906/3906 
f 3908/3908/3908 3921/3921/3921 3920/3920/3920 3907/3907/3907 
f 3909/3909/3909 3922/3922/3922 3921/3921/3921 3908/3908/3908 
f 3910/3910/3910 3923/3923/3923 3922/3922/3922 3909/3909/3909 
f 3912/3912/3912 3925/3925/3925 3924/3924/3924 3911/3911/3911 
f 3913/3913/3913 3926/3926/3926 3925/3925/3925 3912/3912/3912 
f 3914/3914/3914 3927/3927/3927 3926/3926/3926 3913/3913/3913 
f 3915/3915/3915 3928/3928/3928 3927/3927/3927 3914/3914/3914 
f 3916/3916/3916 3929/3929/3929 3928/3928/3928 3915/3915/3915 
f 3917/3917/3917 3930/3930/3930 3929/3929/3929 3916/3916/3916 
f 3918/3918/3918 3931/3931/3931 3930/3930/3930 3917/3917/3917 
f 3919/3919/3919 3932/3932/3932 3931/3931/3931 3918/3918/3918 
f 3920/3920/3920 3933/3933/3933 3932/3932/3932 3919/3919/3919 
f 3921/3921/3921 3934/3934/3934 3933/3933/3933 3920/3920/3920 
f 3922/3922/3922 3935/3935/3935 3934/3934/3934 3921/3921/3921 
f 3923/3923/3923 3936/3936/3936 3935/3935/3935 3922/3922/3922 
f 3925/3925/3925 3938/3938/3938 3937/3937/3937 3924/3924/3924 
f 3926/3926/3926 3939/3939/3939 3938/3938/3938 3925/3925/3925 
f 3927/3927/3927 3940/3940/3940 3939/3939/3939 3926/3926/3926 
f 3928/3928/3928 3941/3941/3941 3940/3940/3940 3927/3927/3927 
f 3929/3929/3929 3942/3942/3942 3941/3941/3941 3928/3928/3928 
f 3930/3930/3930 3943/3943/3943 3942/3942/3942 3929/3929/3929 
f 3931/3931/3931 3944/3944/3944 3943/3943/3943 3930/3930/3930 
f 3932/3932/3932 3945/3945/3945 3944/3944/3944 3931/3931/3931 
f 3933/3933/3933 3946/3946/3946 3945/3945/3945 3932/3932/3932 
f 3934/3934/3934 3947/3947/3947 3946/3946/3946 3933/3933/3933 
f 3935/3935/3935 3948/3948/3948 3947/3947/3947 3934/3934/3934 
f 3936/3936/3936 3949/3949/3949 3948/3948/3948 3935/3935/3935 
f 3938/3938/3938 3951/3951/3951 3950/3950/3950 3937/3937/3937 
f 3939/3939/3939 3952/3952/3952 3951/3951/3951 3938/3938/3938 
f 3940/3940/3940 3953/3953/3953 3952/3952/3952 3939/3939/3939 
f 3941/3941/3941 3954/3954/3954 3953/3953/3953 3940/3940/3940 
f 3942/3942/3942 3955/3955/3955 3954/3954/3954 3941/3941/3941 
f 3943/3943/3943 3956/3956/3956 3955/3955/3955 3942/3942/3942 
f 3944/3944/3944 3957/3957/3957 3956/3956/3956 3943/3943/3943 
f 3945/3945/3945 3958/3958/3958 3957/3957/3957 3944/3944/3944 
f 3946/3946/3946 3959/3959/3959 3958/3958/3958 3945/3945/3945 
f 3947/3947/3947 3960/3960/3960 3959/3959/3959 3946/3946/3946 
f 3948/3948/3948 3961/3961/3961 3960/3960/3960 3947/3947/3947 
f 3949/3949/3949 3962/3962/3962 3961/3961/3961 3948/3948/3948 
f 3951/3951/3951 3964/3964/3964 3963/3963/3963 3950/3950/3950 
f 3952/3952/3952 3965/3965/3965 3964/3964/3964 3951/3951/3951 
f 3953/3953/3953 3966/3966/3966 3965/3965/3965 3952/3952/3952 
f 3954/3954/3954 3967/3967/3967 3966/3966/3966 3953/3953/3953 
f 3955/3955/3955 3968/3968/3968 3967/3967/3967 3954/3954/3954 
f 3956/3956/3956 3969/3969/3969 3968/3968/3968 3955/3955/3955 
f 3957/3957/3957 3970/3970/3970 3969/3969/3969 3956/3956/3956 
f 3958/3958/3958 3971/3971/3971 3970/3970/3970 3957/3957/3957 
f 3959/3959/3959 3972/3972/3972 3971/3971/3971 3958/3958/3958 
f 3960/3960/3960 3973/3973/3973 3972/3972/3972 3959/3959/3959 
f 3961/3961/3961 3974/3974/3974 3973/3973/3973 3960/3960/3960 
f 3962/3962/3962 3975/3975/3975 3974/3974/3974 3961/3961/3961 
f 3964/3964/3964 3977/3977/3977 3976/3976/3976 3963/3963/3963 
f 3965/3965/3965 3978/3978/3978 3977/3977/3977 3964/3964/3964 
f 3966/3966/3966 3979/3979/3979 3978/3978/3978 3965/3965/3965 
f 3967/3967/3967 3980/3980/3980 3979/3979/3979 3966/3966/3966 
f 3968/3968/3968 3981/3981/3981 3980/3980/3980 3967/3967/3967 
f 3969/3969/3969 3982/3982/3982 3981/3981/3981 3968/3968/3968 
f 3970/3970/3970 3983/3983/3983 3982/3982/3982 3969/3969/3969 
f 3971/3971/3971 3984/3984/3984 3983/3983/3983 3970/3970/3970 
f 3972/3972/3972 3985/3985/3985 3984/3984/3984 3971/3971/3971 
f 3973/3973/3973 3986/3986/3986 3985/3985/3985 3972/3972/3972 
f 3974/3974/3974 3987/3987/3987 3986/3986/3986 3973/3973/3973 
f 3975/3975/3975 3988/3988/3988 3987/3987/3987 3974/3974/3974 
f 3977/3977/3977 3990/3990/3990 3989/3989/3989 3976/3976/3976 
f 3978/3978/3978 3991/3991/3991 3990/3990/3990 3977/3977/3977 
f 3979/3979/3979 3992/3992/3992 3991/3991/3991 3978/3978/3978 
f 3980/3980/3980 3993/3993/3993 3992/3992/3992 3979/3979/3979 
f 3981/3981/3981 3994/3994/3994 3993/3993/3993 3980/3980/3980 
f 3982/3982/3982 3995/3995/3995 3994/3994/3994 3981/3981/3981 
f 3983/3983/3983 3996/3996/3996 3995/3995/3995 3982/3982/3982 
f 3984/3984/3984 3997/3997/3997 3996/3996/3996 3983/3983/3983 
f 3985/3985/3985 3998/3998/3998 3997/3997/3997 3984/3984/3984 
f 3986/3986/3986 3999/3999/3999 3998/3998/3998 3985/3985/3985 
f 3987/3987/3987 4000/4000/4000 3999/3999/3999 3986/3986/3986 
f 3988/3988/3988 4001/4001/4001 4000/4000/4000 3987/3987/3987 
f 3990/3990/3990 4003/4003/4003 4002/4002/4002 3989/3989/3989 
f 3991/3991/3991 4004/4004/4004 4003/4003/4003 3990/3990/3990 
f 3992/3992/3992 4005/4005/4005 4004/4004/4004 3991/3991/3991 
f 3993/3993/3993 4006/4006/4006 4005/4005/4005 3992/3992/3992 
f 3994/3994/3994 4007/4007/4007 4006/4006/4006 3993/3993/3993 
f 3995/3995/3995 4008/4008/4008 4007/4007/4007 3994/3994/3994 
f 3996/3996/3996 4009/4009/4009 4008/4008/4008 3995/3995/3995 
f 3997/3997/3997 4010/4010/4010 4009/4009/4009 3996/3996/3996 
f 3998/3998/3998 4011/4011/4011 4010/4010/4010 3997/3997/3997 
f 3999/3999/3999 4012/4012/4012 4011/4011/4011 3998/3998/3998 
f 4000/4000/4000 4013/4013/4013 4012/4012/4012 3999/3999/3999 
f 4001/4001/4001 4014/4014/4014 4013/4013/4013 4000/4000/4000 
f 4003/4003/4003 4016/4016/4016 4015/4015/4015 4002/4002/4002 
f 4004/4004/4004 4017/4017/4017 4016/4016/4016 4003/4003/4003 
f 4005/4005/4005 4018/4018/4018 4017/4017/4017 4004/4004/4004 
f 4006/4006/4006 4019/4019/4019 4018/4018/4018 4005/4005/4005 
f 4007/4007/4007 4020/4020/4020 4019/4019/4019 4006/4006/4006 
f 4008/4008/4008 4021/4021/4021 4020/4020/4020 4007/4007/4007 
f 4009/4009/4009 4022/4022/4022 4021/4021/4021 4008/4008/4008 
f 4010/4010/4010 4023/4023/4023 4022/4022/4022 4009/4009/4009 
f 4011/4011/4011 4024/4024/4024 4023/4023/4023 4010/4010/4010 
f 4012/4012/4012 4025/4025/4025 4024/4024/4024 4011/4011/4011 
f 4013/4013/4013 4026/4026/4026 4025/4025/4025 4012/4012/4012 
f 4014/4014/4014 4027/4027/4027 4026/4026/4026 4013/4013/4013 
f 4016/4016/4016 4029/4029/4029 4028/4028/4028 4015/4015/4015 
f 4017/4017/4017 4030/4030/4030 4029/4029/4029 4016/4016/4016 
f 4018/4018/4018 4031/4031/4031 4030/4030/4030 4017/4017/4017 
f 4019/4019/4019 4032/4032/4032 4031/4031/4031 4018/4018/4018 
f 4020/4020/4020 4033/4033/4033 4032/4032/4032 4019/4019/4019 
f 4021/4021/4021 4034/4034/4034 4033/4033/4033 4020/4020/4020 
f 4022/4022/4022 4035/4035/4035 4034/4034/4034 4021/4021/4021 
f 4023/4023/4023 4036/4036/4036 4035/4035/4035 4022/4022/4022 
f 4024/4024/4024 4037/4037/4037 4036/4036/4036 4023/4023/4023 
f 4025/4025/4025 4038/4038/4038 4037/4037/4037 4024/4024/4024 
f 4026/4026/4026 4039/4039/4039 4038/4038/4038 4025/4025/4025 
f 4027/4027/4027 4040/4040/4040 4039/4039/4039 4026/4026/4026 
f 4029/4029/4029 4042/4042/4042 4041/4041/4041 4028/4028/4028 
f 4030/4030/4030 4043/4043/4043 4042/4042/4042 4029/4029/4029 
f 4031/4031/4031 4044/4044/4044 4043/4043/4043 4030/4030/4030 
f 4032/4032/4032 4045/4045/4045 4044/4044/4044 4031/4031/4031 
f 4033/4033/4033 4046/4046/4046 4045/4045/4045 4032/4032/4032 
f 4034/4034/4034 4047/4047/4047 4046/4046/4046 4033/4033/4033 
f 4035/4035/4035 4048/4048/4048 4047/4047/4047 4034/4034/4034 
f 4036/4036/4036 4049/4049/4049 4048/4048/4048 4035/4035/4035 
f 4037/4037/4037 4050/4050/4050 4049/4049/4049 4036/4036/4036 
f 4038/4038/4038 4051/4051/4051 4050/4050/4050 4037/4037/4037 
f 4039/4039/4039 4052/4052/4052 4051/4051/4051 4038/4038/4038 
f 4040/4040/4040 4053/4053/4053 4052/4052/4052 4039/4039/4039 
f 4042/4042/4042 4055/4055/4055 4054/4054/4054 4041/4041/4041 
f 4043/4043/4043 4056/4056/4056 4055/4055/4055 4042/4042/4042 
f 4044/4044/4044 4057/4057/4057 4056/4056/4056 4043/4043/4043 
f 4045/4045/4045 4058/4058/4058 4057/4057/4057 4044/4044/4044 
f 4046/4046/4046 4059/4059/4059 4058/4058/4058 4045/4045/4045 
f 4047/4047/4047 4060/4060/4060 4059/4059/4059 4046/4046/4046 
f 4048/4048/4048 4061/4061/4061 4060/4060/4060 4047/4047/4047 
f 4049/4049/4049 4062/4062/4062 4061/4061/4061 4048/4048/4048 
f 4050/4050/4050 4063/4063/4063 4062/4062/4062 4049/4049/4049 
f 4051/4051/4051 4064/4064/4064 4063/4063/4063 4050/4050/4050 
f 4052/4052/4052 4065/4065/4065 4064/4064/4064 4051/4051/4051 
f 4053/4053/4053 4066/4066/4066 4065/4065/4065 4052/4052/4052 
f 4055/4055/4055 4068/4068/4068 4067/4067/4067 4054/4054/4054 
f 4056/4056/4056 4069/4069/4069 4068/4068/4068 4055/4055/4055 
f 4057/4057/4057 4070/4070/4070 4069/4069/4069 4056/4056/4056 
f 4058/4058/4058 4071/4071/4071 4070/4070/4070 4057/4057/4057 
f 4059/4059/4059 4072/4072/4072 4071/4071/4071 4058/4058/4058 
f 4060/4060/4060 4073/4073/4073 4072/4072/4072 4059/4059/4059 
f 4061/4061/4061 4074/4074/4074 4073/4073/4073 4060/4060/4060 
f 4062/4062/4062 4075/4075/4075 4074/4074/4074 4061/4061/4061 
f 4063/4063/4063 4076/4076/4076 4075/4075/4075 4062/4062/4062 
f 4064/4064/4064 4077/4077/4077 4076/4076/4076 4063/4063/4063 
f 4065/4065/4065 4078/4078/4078 4077/4077/4077 4064/4064/4064 
f 4066/4066/4066 4079/4079/4079 4078/4078/4078 4065/4065/4065 
f 4068/4068/4068 4081/4081/4081 4080/4080/4080 4067/4067/4067 
f 4069/4069/4069 4082/4082/4082 4081/4081/4081 4068/4068/4068 
f 4070/4070/4070 4083/4083/4083 4082/4082/4082 4069/4069/4069 
f 4071/4071/4071 4084/4084/4084 4083/4083/4083 4070/4070/4070 
f 4072/4072/4072 4085/4085/4085 4084/4084/4084 4071/4071/4071 
f 4073/4073/4073 4086/4086/4086 4085/4085/4085 4072/4072/4072 
f 4074/4074/4074 4087/4087/4087 4086/4086/4086 4073/4073/4073 
f 4075/4075/4075 4088/4088/4088 4087/4087/4087 4074/4074/4074 
f 4076/4076/4076 4089/4089/4089 4088/4088/4088 4075/4075/4075 
f 4077/4077/4077 4090/4090/4090 4089/4089/4089 4076/4076/4076 
f 4078/4078/4078 4091/4091/4091 4090/4090/4090 4077/4077/4077 
f 4079/4079/4079 4092/4092/4092 4091/4091/4091 4078/4078/4078 
f 4081/4081/4081 4094/4094/4094 4093/4093/4093 4080/4080/4080 
f 4082/4082/4082 4095/4095/4095 4094/4094/4094 4081/4081/4081 
f 4083/4083/4083 4096/4096/4096 4095/4095/4095 4082/4082/4082 
f 4084/4084/4084 4097/4097/4097 4096/4096/4096 4083/4083/4083 
f 4085/4085/4085 4098/4098/4098 4097/4097/4097 4084/4084/4084 
f 4086/4086/4086 4099/4099/4099 4098/4098/4098 4085/4085/4085 
f 4087/4087/4087 4100/4100/4100 4099/4099/4099 4086/4086/4086 
f 4088/4088/4088 4101/4101/4101 4100/4100/4100 4087/4087/4087 
f 4089/4089/4089 4102/4102/4102 4101/4101/4101 4088/4088/4088 
f 4090/4090/4090 4103/4103/4103 4102/4102/4102 4089/4089/4089 
f 4091/4091/4091 4104/4104/4104 4103/4103/4103 4090/4090/4090 
f 4092/4092/4092 4105/4105/4105 4104/4104/4104 4091/4091/4091 
f 4094/4094/4094 4107/4107/4107 4106/4106/4106 4093/4093/4093 
f 4095/4095/4095 4108/4108/4108 4107/4107/4107 4094/4094/4094 
f 4096/4096/4096 4109/4109/4109 4108/4108/4108 4095/4095/4095 
f 4097/4097/4097 4110/4110/4110 4109/4109/4109 4096/4096/4096 
f 4098/4098/4098 4111/4111/4111 4110/4110/4110 4097/4097/4097 
f 4099/4099/4099 4112/4112/4112 4111/4111/4111 4098/4098/4098 
f 4100/4100/4100 4113/4113/4113 4112/4112/4112 4099/4099/4099 
f 4101/4101/4101 4114/4114/4114 4113/4113/4113 4100/4100/4100 
f 4102/4102/4102 4115/4115/4115 4114/4114/4114 4101/4101/4101 
f 4103/4103/4103 4116/4116/4116 4115/4115/4115 4102/4102/4102 
f 4104/4104/4104 4117/4117/4117 4116/4116/4116 4103/4103/4103 
f 4105/4105/4105 4118/4118/4118 4117/4117/4117 4104/4104/4104 
f 4107/4107/4107 4120/4120/4120 4119/4119/4119 4106/4106/4106 
f 4108/4108/4108 4121/4121/4121 4120/4120/4120 4107/4107/4107 
f 4109/4109/4109 4122/4122/4122 4121/4121/4121 4108/4108/4108 
f 4110/4110/4110 4123/4123/4123 4122/4122/4122 4109/4109/4109 
f 4111/4111/4111 4124/4124/4124 4123/4123/4123 4110/4110/4110 
f 4112/4112/4112 4125/4125/4125 4124/4124/4124 4111/4111/4111 
f 4113/4113/4113 4126/4126/4126 4125/4125/4125 4112/4112/4112 
f 4114/4114/4114 4127/4127/4127 4126/4126/4126 4113/4113/4113 
f 4115/4115/4115 4128/4128/4128 4127/4127/4127 4114/4114/4114 
f 4116/4116/4116 4129/4129/4129 4128/4128/4128 4115/4115/4115 
f 4117/4117/4117 4130/4130/4130 4129/4129/4129 4116/4116/4116 
f 4118/4118/4118 4131/4131/4131 4130/4130/4130 4117/4117/4117 
f 4120/4120/4120 4133/4133/4133 4132/4132/4132 4119/4119/4119 
f 4121/4121/4121 4134/4134/4134 4133/4133/4133 4120/4120/4120 
f 4122/4122/4122 4135/4135/4135 4134/4134/4134 4121/4121/4121 
f 4123/4123/4123 4136/4136/4136 4135/4135/4135 4122/4122/4122 
f 4124/4124/4124 4137/4137/4137 4136/4136/4136 4123/4123/4123 
f 4125/4125/4125 4138/4138/4138 4137/4137/4137 4124/4124/4124 
f 4126/4126/4126 4139/4139/4139 4138/4138/4138 4125/4125/4125 
f 4127/4127/4127 4140/4140/4140 4139/4139/4139 4126/4126/4126 
f 4128/4128/4128 4141/4141/4141 4140/4140/4140 4127/4127/4127 
f 4129/4129/4129 4142/4142/4142 4141/4141/4141 4128/4128/4128 
f 4130/4130/4130 4143/4143/4143 4142/4142/4142 4129/4129/4129 
f 4131/4131/4131 4144/4144/4144 4143/4143/4143 4130/4130/4130 
f 4133/4133/4133 4146/4146/4146 4145/4145/4145 4132/4132/4132 
f 4134/4134/4134 4147/4147/4147 4146/4146/4146 4133/4133/4133 
f 4135/4135/4135 4148/4148/4148 4147/4147/4147 4134/4134/4134 
f 4136/4136/4136 4149/4149/4149 4148/4148/4148 4135/4135/4135 
f 4137/4137/4137 4150/4150/4150 4149/4149/4149 4136/4136/4136 
f 4138/4138/4138 4151/4151/4151 4150/4150/4150 4137/4137/4137 
f 4139/4139/4139 4152/4152/4152 4151/4151/4151 4138/4138/4138 
f 4140/4140/4140 4153/4153/4153 4152/4152/4152 4139/4139/4139 
f 4141/4141/4141 4154/4154/4154 4153/4153/4153 4140/4140/4140 
f 4142/4142/4142 4155/4155/4155 4154/4154/4154 4141/4141/4141 
f 4143/4143/4143 4156/4156/4156 4155/4155/4155 4142/4142/4142 
f 4144/4144/4144 4157/4157/4157 4156/4156/4156 4143/4143/4143 
f 4146/4146/4146 4159/4159/4159 4158/4158/4158 4145/4145/4145 
f 4147/4147/4147 4160/4160/4160 4159/4159/4159 4146/4146/4146 
f 4148/4148/4148 4161/4161/4161 4160/4160/4160 4147/4147/4147 
f 4149/4149/4149 4162/4162/4162 4161/4161/4161 4148/4148/4148 
f 4150/4150/4150 4163/4163/4163 4162/4162/4162 4149/4149/4149 
f 4151/4151/4151 4164/4164/4164 4163/4163/4163 4150/4150/4150 
f 4152/4152/4152 4165/4165/4165 4164/4164/4164 4151/4151/4151 
f 4153/4153/4153 4166/4166/4166 4165/4165/4165 4152/4152/4152 
f 4154/4154/4154 4167/4167/4167 4166/4166/4166 4153/4153/4153 
f 4155/4155/4155 4168/4168/4168 4167/4167/4167 4154/4154/4154 
f 4156/4156/4156 4169/4169/4169 4168/4168/4168 4155/4155/4155 
f 4157/4157/4157 4170/4170/4170 4169/4169/4169 4156/4156/4156 
f 4159/4159/4159 4172/4172/4172 4171/4171/4171 4158/4158/4158 
f 4160/4160/4160 4173/4173/4173 4172/4172/4172 4159/4159/4159 
f 4161/4161/4161 4174/4174/4174 4173/4173/4173 4160/4160/4160 
f 4162/4162/4162 4175/4175/4175 4174/4174/4174 4161/4161/4161 
f 4163/4163/4163 4176/4176/4176 4175/4175/4175 4162/4162/4162 
f 4164/4164/4164 4177/4177/4177 4176/4176/4176 4163/4163/4163 
f 4165/4165/4165 4178/4178/4178 4177/4177/4177 4164/4164/4164 
f 4166/4166/4166 4179/4179/4179 4178/4178/4178 4165/4165/4165 
f 4167/4167/4167 4180/4180/4180 4179/4179/4179 4166/4166/4166 
f 4168/4168/4168 4181/4181/4181 4180/4180/4180 4167/4167/4167 
f 4169/4169/4169 4182/4182/4182 4181/4181/4181 4168/4168/4168 
f 4170/4170/4170 4183/4183/4183 4182/4182/4182 4169/4169/4169 
f 4172/4172/4172 4185/4185/4185 4184/4184/4184 4171/4171/4171 
f 4173/4173/4173 4186/4186/4186 4185/4185/4185 4172/4172/4172 
f 4174/4174/4174 4187/4187/4187 4186/4186/4186 4173/4173/4173 
f 4175/4175/4175 4188/4188/4188 4187/4187/4187 4174/4174/4174 
f 4176/4176/4176 4189/4189/4189 4188/4188/4188 4175/4175/4175 
f 4177/4177/4177 4190/4190/4190 4189/4189/4189 4176/4176/4176 
f 4178/4178/4178 4191/4191/4191 4190/4190/4190 4177/4177/4177 
f 4179/4179/4179 4192/4192/4192 4191/4191/4191 4178/4178/4178 
f 4180/4180/4180 4193/4193/4193 4192/4192/4192 4179/4179/4179 
f 4181/4181/4181 4194/4194/4194 4193/4193/4193 4180/4180/4180 
f 4182/4182/4182 4195/4195/4195 4194/4194/4194 4181/4181/4181 
f 4183/4183/4183 4196/4196/4196 4195/4195/4195 4182/4182/4182 
f 4185/4185/4185 4198/4198/4198 4197/4197/4197 4184/4184/4184 
f 4186/4186/4186 4199/4199/4199 4198/4198/4198 4185/4185/4185 
f 4187/4187/4187 4200/4200/4200 4199/4199/4199 4186/4186/4186 
f 4188/4188/4188 4201/4201/4201 4200/4200/4200 4187/4187/4187 
f 4189/4189/4189 4202/4202/4202 4201/4201/4201 4188/4188/4188 
f 4190/4190/4190 4203/4203/4203 4202/4202/4202 4189/4189/4189 
f 4191/4191/4191 4204/4204/4204 4203/4203/4203 4190/4190/4190 
f 4192/4192/4192 4205/4205/4205 4204/4204/4204 4191/4191/4191 
f 4193/4193/4193 4206/4206/4206 4205/4205/4205 4192/4192/4192 
f 4194/4194/4194 4207/4207/4207 4206/4206/4206 4193/4193/4193 
f 4195/4195/4195 4208/4208/4208 4207/4207/4207 4194/4194/4194 
f 4196/4196/4196 4209/4209/4209 4208/4208/4208 4195/4195/4195 
f 4198/4198/4198 4211/4211/4211 4210/4210/4210 4197/4197/4197 
f 4199/4199/4199 4212/4212/4212 4211/4211/4211 4198/4198/4198 
f 4200/4200/4200 4213/4213/4213 4212/4212/4212 4199/4199/4199 
f 4201/4201/4201 4214/4214/4214 4213/4213/4213 4200/4200/4200 
f 4202/4202/4202 4215/4215/4215 4214/4214/4214 4201/4201/4201 
f 4203/4203/4203 4216/4216/4216 4215/4215/4215 4202/4202/4202 
f 4204/4204/4204 4217/4217/4217 4216/4216/4216 4203/4203/4203 
f 4205/4205/4205 4218/4218/4218 4217/4217/4217 4204/4204/4204 
f 4206/4206/4206 4219/4219/4219 4218/4218/4218 4205/4205/4205 
f 4207/4207/4207 4220/4220/4220 4219/4219/4219 4206/4206/4206 
f 4208/4208/4208 4221/4221/4221 4220/4220/4220 4207/4207/4207 
f 4209/4209/4209 4222/4222/4222 4221/4221/4221 4208/4208/4208 
f 4211/4211/4211 4224/4224/4224 4223/4223/4223 4210/4210/4210 
f 4212/4212/4212 4225/4225/4225 4224/4224/4224 4211/4211/4211 
f 4213/4213/4213 4226/4226/4226 4225/4225/4225 4212/4212/4212 
f 4214/4214/4214 4227/4227/4227 4226/4226/4226 4213/4213/4213 
f 4215/4215/4215 4228/4228/4228 4227/4227/4227 4214/4214/4214 
f 4216/4216/4216 4229/4229/4229 4228/4228/4228 4215/4215/4215 
f 4217/4217/4217 4230/4230/4230 4229/4229/4229 4216/4216/4216 
f 4218/4218/4218 4231/4231/4231 4230/4230/4230 4217/4217/4217 
f 4219/4219/4219 4232/4232/4232 4231/4231/4231 4218/4218/4218 
f 4220/4220/4220 4233/4233/4233 4232/4232/4232 4219/4219/4219 
f 4221/4221/4221 4234/4234/4234 4233/4233/4233 4220/4220/4220 
f 4222/4222/4222 4235/4235/4235 4234/4234/4234 4221/4221/4221 
f 4224/4224/4224 4237/4237/4237 4236/4236/4236 4223/4223/4223 
f 4225/4225/4225 4238/4238/4238 4237/4237/4237 4224/4224/4224 
f 4226/4226/4226 4239/4239/4239 4238/4238/4238 4225/4225/4225 
f 4227/4227/4227 4240/4240/4240 4239/4239/4239 4226/4226/4226 
f 4228/4228/4228 4241/4241/4241 4240/4240/4240 4227/4227/4227 
f 4229/4229/4229 4242/4242/4242 4241/4241/4241 4228/4228/4228 
f 4230/4230/4230 4243/4243/4243 4242/4242/4242 4229/4229/4229 
f 4231/4231/4231 4244/4244/4244 4243/4243/4243 4230/4230/4230 
f 4232/4232/4232 4245/4245/4245 4244/4244/4244 4231/4231/4231 
f 4233/4233/4233 4246/4246/4246 4245/4245/4245 4232/4232/4232 
f 4234/4234/4234 4247/4247/4247 4246/4246/4246 4233/4233/4233 
f 4235/4235/4235 4248/4248/4248 4247/4247/4247 4234/4234/4234 
f 4237/4237/4237 4250/4250/4250 4249/4249/4249 4236/4236/4236 
f 4238/4238/4238 4251/4251/4251 4250/4250/4250 4237/4237/4237 
f 4239/4239/4239 4252/4252/4252 4251/4251/4251 4238/4238/4238 
f 4240/4240/4240 4253/4253/4253 4252/4252/4252 4239/4239/4239 
f 4241/4241/4241 4254/4254/4254 4253/4253/4253 4240/4240/4240 
f 4242/4242/4242 4255/4255/4255 4254/4254/4254 4241/4241/4241 
f 4243/4243/4243 4256/4256/4256 4255/4255/4255 4242/4242/4242 
f 4244/4244/4244 4257/4257/4257 4256/4256/4256 4243/4243/4243 
f 4245/4245/4245 4258/4258/4258 4257/4257/4257 4244/4244/4244 
f 4246/4246/4246 4259/4259/4259 4258/4258/4258 4245/4245/4245 
f 4247/4247/4247 4260/4260/4260 4259/4259/4259 4246/4246/4246 
f 4248/4248/4248 4261/4261/4261 4260/4260/4260 4247/4247/4247 
f 4250/4250/4250 4263/4263/4263 4262/4262/4262 4249/4249/4249 
f 4251/4251/4251 4264/4264/4264 4263/4263/4263 4250/4250/4250 
f 4252/4252/4252 4265/4265/4265 4264/4264/4264 4251/4251/4251 
f 4253/4253/4253 4266/4266/4266 4265/4265/4265 4252/4252/4252 
f 4254/4254/4254 4267/4267/4267 4266/4266/4266 4253/4253/4253 
f 4255/4255/4255 4268/4268/4268 4267/4267/4267 4254/4254/4254 
f 4256/4256/4256 4269/4269/4269 4268/4268/4268 4255/4255/4255 
f 4257/4257/4257 4270/4270/4270 4269/4269/4269 4256/4256/4256 
f 4258/4258/4258 4271/4271/4271 4270/4270/4270 4257/4257/4257 
f 4259/4259/4259 4272/4272/4272 4271/4271/4271 4258/4258/4258 
f 4260/4260/4260 4273/4273/4273 4272/4272/4272 4259/4259/4259 
f 4261/4261/4261 4274/4274/4274 4273/4273/4273 4260/4260/4260 
f 4263/4263/4263 4276/4276/4276 4275/4275/4275 4262/4262/4262 
f 4264/4264/4264 4277/4277/4277 4276/4276/4276 4263/4263/4263 
f 4265/4265/4265 4278/4278/4278 4277/4277/4277 4264/4264/4264 
f 4266/4266/4266 4279/4279/4279 4278/4278/4278 4265/4265/4265 
f 4267/4267/4267 4280/4280/4280 4279/4279/4279 4266/4266/4266 
f 4268/4268/4268 4281/4281/4281 4280/4280/4280 4267/4267/4267 
f 4269/4269/4269 4282/4282/4282 4281/4281/4281 4268/4268/4268 
f 4270/4270/4270 4283/4283/4283 4282/4282/4282 4269/4269/4269 
f 4271/4271/4271 4284/4284/4284 4283/4283/4283 4270/4270/4270 
f 4272/4272/4272 4285/4285/4285 4284/4284/4284 4271/4271/4271 
f 4273/4273/4273 4286/4286/4286 4285/4285/4285 4272/4272/4272 
f 4274/4274/4274 4287/4287/4287 4286/4286/4286 4273/4273/4273 
f 4276/4276/4276 4289/4289/4289 4288/4288/4288 4275/4275/4275 
f 4277/4277/4277 4290/4290/4290 4289/4289/4289 4276/4276/4276 
f 4278/4278/4278 4291/4291/4291 4290/4290/4290 4277/4277/4277 
f 4279/4279/4279 4292/4292/4292 4291/4291/4291 4278/4278/4278 
f 4280/4280/4280 4293/4293/4293 4292/4292/4292 4279/4279/4279 
f 4281/4281/4281 4294/4294/4294 4293/4293/4293 4280/4280/4280 
f 4282/4282/4282 4295/4295/4295 4294/4294/4294 4281/4281/4281 
f 4283/4283/4283 4296/4296/4296 4295/4295/4295 4282/4282/4282 
f 4284/4284/4284 4297/4297/4297 4296/4296/4296 4283/4283/4283 
f 4285/4285/4285 4298/4298/4298 4297/4297/4297 4284/4284/4284 
f 4286/4286/4286 4299/4299/4299 4298/4298/4298 4285/4285/4285 
f 4287/4287/4287 4300/4300/4300 4299/4299/4299 4286/4286/4286 
f 4289/4289/4289 4302/4302/4302 4301/4301/4301 4288/4288/4288 
f 4290/4290/4290 4303/4303/4303 4302/4302/4302 4289/4289/4289 
f 4291/4291/4291 4304/4304/4304 4303/4303/4303 4290/4290/4290 
f 4292/4292/4292 4305/4305/4305 4304/4304/4304 4291/4291/4291 
f 4293/4293/4293 4306/4306/4306 4305/4305/4305 4292/4292/4292 
f 4294/4294/4294 4307/4307/4307 4306/4306/4306 4293/4293/4293 
f 4295/4295/4295 4308/4308/4308 4307/4307/4307 4294/4294/4294 
f 4296/4296/4296 4309/4309/4309 4308/4308/4308 4295/4295/4295 
f 4297/4297/4297 4310/4310/4310 4309/4309/4309 4296/4296/4296 
f 4298/4298/4298 4311/4311/4311 4310/4310/4310 4297/4297/4297 
f 4299/4299/4299 4312/4312/4312 4311/4311/4311 4298/4298/4298 
f 4300/4300/4300 4313/4313/4313 4312/4312/4312 4299/4299/4299 
f 4302/4302/4302 4315/4315/4315 4314/4314/4314 4301/4301/4301 
f 4303/4303/4303 4316/4316/4316 4315/4315/4315 4302/4302/4302 
f 4304/4304/4304 4317/4317/4317 4316/4316/4316 4303/4303/4303 
f 4305/4305/4305 4318/4318/4318 4317/4317/4317 4304/4304/4304 
f 4306/4306/4306 4319/4319/4319 4318/4318/4318 4305/4305/4305 
f 4307/4307/4307 4320/4320/4320 4319/4319/4319 4306/4306/4306 
f 4308/4308/4308 4321/4321/4321 4320/4320/4320 4307/4307/4307 
f 4309/4309/4309 4322/4322/4322 4321/4321/4321 4308/4308/4308 
f 4310/4310/4310 4323/4323/4323 4322/4322/4322 4309/4309/4309 
f 4311/4311/4311 4324/4324/4324 4323/4323/4323 4310/4310/4310 
f 4312/4312/4312 4325/4325/4325 4324/4324/4324 4311/4311/4311 
f 4313/4313/4313 4326/4326/4326 4325/4325/4325 4312/4312/4312 
f 4315/4315/4315 4328/4328/4328 4327/4327/4327 4314/4314/4314 
f 4316/4316/4316 4329/4329/4329 4328/4328/4328 4315/4315/4315 
f 4317/4317/4317 4330/4330/4330 4329/4329/4329 4316/4316/4316 
f 4318/4318/4318 4331/4331/4331 4330/4330/4330 4317/4317/4317 
f 4319/4319/4319 4332/4332/4332 4331/4331/4331 4318/4318/4318 
f 4320/4320/4320 4333/4333/4333 4332/4332/4332 4319/4319/4319 
f 4321/4321/4321 4334/4334/4334 4333/4333/4333 4320/4320/4320 
f 4322/4322/4322 4335/4335/4335 4334/4334/4334 4321/4321/4321 
f 4323/4323/4323 4336/4336/4336 4335/4335/4335 4322/4322/4322 
f 4324/4324/4324 4337/4337/4337 4336/4336/4336 4323/4323/4323 
f 4325/4325/4325 4338/4338/4338 4337/4337/4337 4324/4324/4324 
f 4326/4326/4326 4339/4339/4339 4338/4338/4338 4325/4325/4325 
f 4328/4328/4328 4341/4341/4341 4340/4340/4340 4327/4327/4327 
f 4329/4329/4329 4342/4342/4342 4341/4341/4341 4328/4328/4328 
f 4330/4330/4330 4343/4343/4343 4342/4342/4342 4329/4329/4329 
f 4331/4331/4331 4344/4344/4344 4343/4343/4343 4330/4330/4330 
f 4332/4332/4332 4345/4345/4345 4344/4344/4344 4331/4331/4331 
f 4333/4333/4333 4346/4346/4346 4345/4345/4345 4332/4332/4332 
f 4334/4334/4334 4347/4347/4347 4346/4346/4346 4333/4333/4333 
f 4335/4335/4335 4348/4348/4348 4347/4347/4347 4334/4334/4334 
f 4336/4336/4336 4349/4349/4349 4348/4348/4348 4335/4335/4335 
f 4337/4337/4337 4350/4350/4350 4349/4349/4349 4336/4336/4336 
f 4338/4338/4338 4351/4351/4351 4350/4350/4350 4337/4337/4337 
f 4339/4339/4339 4352/4352/4352 4351/4351/4351 4338/4338/4338 
f 4341/4341/4341 4354/4354/4354 4353/4353/4353 4340/4340/4340 
f 4342/4342/4342 4355/4355/4355 4354/4354/4354 4341/4341/4341 
f 4343/4343/4343 4356/4356/4356 4355/4355/4355 4342/4342/4342 
f 4344/4344/4344 4357/4357/4357 4356/4356/4356 4343/4343/4343 
f 4345/4345/4345 4358/4358/4358 4357/4357/4357 4344/4344/4344 
f 4346/4346/4346 4359/4359/4359 4358/4358/4358 4345/4345/4345 
f 4347/4347/4347 4360/4360/4360 4359/4359/4359 4346/4346/4346 
f 4348/4348/4348 4361/4361/4361 4360/4360/4360 4347/4347/4347 
f 4349/4349/4349 4362/4362/4362 4361/4361/4361 4348/4348/4348 
f 4350/4350/4350 4363/4363/4363 4362/4362/4362 4349/4349/4349 
f 4351/4351/4351 4364/4364/4364 4363/4363/4363 4350/4350/4350 
f 4352/4352/4352 4365/4365/4365 4364/4364/4364 4351/4351/4351 
f 4354/4354/4354 4367/4367/4367 4366/4366/4366 4353/4353/4353 
f 4355/4355/4355 4368/4368/4368 4367/4367/4367 4354/4354/4354 
f 4356/4356/4356 4369/4369/4369 4368/4368/4368 4355/4355/4355 
f 4357/4357/4357 4370/4370/4370 4369/4369/4369 4356/4356/4356 
f 4358/4358/4358 4371/4371/4371 4370/4370/4370 4357/4357/4357 
f 4359/4359/4359 4372/4372/4372 4371/4371/4371 4358/4358/4358 
f 4360/4360/4360 4373/4373/4373 4372/4372/4372 4359/4359/4359 
f 4361/4361/4361 4374/4374/4374 4373/4373/4373 4360/4360/4360 
f 4362/4362/4362 4375/4375/4375 4374/4374/4374 4361/4361/4361 
f 4363/4363/4363 4376/4376/4376 4375/4375/4375 4362/4362/4362 
f 4364/4364/4364 4377/4377/4377 4376/4376/4376 4363/4363/4363 
f 4365/4365/4365 4378/4378/4378 4377/4377/4377 4364/4364/4364 
f 4367/4367/4367 4380/4380/4380 4379/4379/4379 4366/4366/4366 
f 4368/4368/4368 4381/4381/4381 4380/4380/4380 4367/4367/4367 
f 4369/4369/4369 4382/4382/4382 4381/4381/4381 4368/4368/4368 
f 4370/4370/4370 4383/4383/4383 4382/4382/4382 4369/4369/4369 
f 4371/4371/4371 4384/4384/4384 4383/4383/4383 4370/4370/4370 
f 4372/4372/4372 4385/4385/4385 4384/4384/4384 4371/4371/4371 
f 4373/4373/4373 4386/4386/4386 4385/4385/4385 4372/4372/4372 
f 4374/4374/4374 4387/4387/4387 4386/4386/4386 4373/4373/4373 
f 4375/4375/4375 4388/4388/4388 4387/4387/4387 4374/4374/4374 
f 4376/4376/4376 4389/4389/4389 4388/4388/4388 4375/4375/4375 
f 4377/4377/4377 4390/4390/4390 4389/4389/4389 4376/4376/4376 
f 4378/4378/4378 4391/4391/4391 4390/4390/4390 4377/4377/4377 
f 4380/4380/4380 4393/4393/4393 4392/4392/4392 4379/4379/4379 
f 4381/4381/4381 4394/4394/4394 4393/4393/4393 4380/4380/4380 
f 4382/4382/4382 4395/4395/4395 4394/4394/4394 4381/4381/4381 
f 4383/4383/4383 4396/4396/4396 4395/4395/4395 4382/4382/4382 
f 4384/4384/4384 4397/4397/4397 4396/4396/4396 4383/4383/4383 
f 4385/4385/4385 4398/4398/4398 4397/4397/4397 4384/4384/4384 
f 4386/4386/4386 4399/4399/4399 4398/4398/4398 4385/4385/4385 
f 4387/4387/4387 4400/4400/4400 4399/4399/4399 4386/4386/4386 
f 4388/4388/4388 4401/4401/4401 4400/4400/4400 4387/4387/4387 
f 4389/4389/4389 4402/4402/4402 4401/4401/4401 4388/4388/4388 
f 4390/4390/4390 4403/4403/4403 4402/4402/4402 4389/4389/4389 
f 4391/4391/4391 4404/4404/4404 4403/4403/4403 4390/4390/4390 
f 4393/4393/4393 4406/4406/4406 4405/4405/4405 4392/4392/4392 
f 4394/4394/4394 4407/4407/4407 4406/4406/4406 4393/4393/4393 
f 4395/4395/4395 4408/4408/4408 4407/4407/4407 4394/4394/4394 
f 4396/4396/4396 4409/4409/4409 4408/4408/4408 4395/4395/4395 
f 4397/4397/4397 4410/4410/4410 4409/4409/4409 4396/4396/4396 
f 4398/4398/4398 4411/4411/4411 4410/4410/4410 4397/4397/4397 
f 4399/4399/4399 4412/4412/4412 4411/4411/4411 4398/4398/4398 
f 4400/4400/4400 4413/4413/4413 4412/4412/4412 4399/4399/4399 
f 4401/4401/4401 4414/4414/4414 4413/4413/4413 4400/4400/4400 
f 4402/4402/4402 4415/4415/4415 4414/4414/4414 4401/4401/4401 
f 4403/4403/4403 4416/4416/4416 4415/4415/4415 4402/4402/4402 
f 4404/4404/4404 4417/4417/4417 4416/4416/4416 4403/4403/4403 
f 4406/4406/4406 4419/4419/4419 4418/4418/4418 4405/4405/4405 
f 4407/4407/4407 4420/4420/4420 4419/4419/4419 4406/4406/4406 
f 4408/4408/4408 4421/4421/4421 4420/4420/4420 4407/4407/4407 
f 4409/4409/4409 4422/4422/4422 4421/4421/4421 4408/4408/4408 
f 4410/4410/4410 4423/4423/4423 4422/4422/4422 4409/4409/4409 
f 4411/4411/4411 4424/4424/4424 4423/4423/4423 4410/4410/4410 
f 4412/4412/4412 4425/4425/4425 4424/4424/4424 4411/4411/4411 
f 4413/4413/4413 4426/4426/4426 4425/4425/4425 4412/4412/4412 
f 4414/4414/4414 4427/4427/4427 4426/4426/4426 4413/4413/4413 
f 4415/4415/4415 4428/4428/4428 4427/4427/4427 4414/4414/4414 
f 4416/4416/4416 4429/4429/4429 4428/4428/4428 4415/4415/4415 
f 4417/4417/4417 4430/4430/4430 4429/4429/4429 4416/4416/4416 
f 4419/4419/4419 4432/4432/4432 4431/4431/4431 4418/4418/4418 
f 4420/4420/4420 4433/4433/4433 4432/4432/4432 4419/4419/4419 
f 4421/4421/4421 4434/4434/4434 4433/4433/4433 4420/4420/4420 
f 4422/4422/4422 4435/4435/4435 4434/4434/4434 4421/4421/4421 
f 4423/4423/4423 4436/4436/4436 4435/4435/4435 4422/4422/4422 
f 4424/4424/4424 4437/4437/4437 4436/4436/4436 4423/4423/4423 
f 4425/4425/4425 4438/4438/4438 4437/4437/4437 4424/4424/4424 
f 4426/4426/4426 4439/4439/4439 4438/4438/4438 4425/4425/4425 
f 4427/4427/4427 4440/4440/4440 4439/4439/4439 4426/4426/4426 
f 4428/4428/4428 4441/4441/4441 4440/4440/4440 4427/4427/4427 
f 4429/4429/4429 4442/4442/4442 4441/4441/4441 4428/4428/4428 
f 4430/4430/4430 4443/4443/4443 4442/4442/4442 4429/4429/4429 
f 4432/4432/4432 4445/4445/4445 4444/4444/4444 4431/4431/4431 
f 4433/4433/4433 4446/4446/4446 4445/4445/4445 4432/4432/4432 
f 4434/4434/4434 4447/4447/4447 4446/4446/4446 4433/4433/4433 
f 4435/4435/4435 4448/4448/4448 4447/4447/4447 4434/4434/4434 
f 4436/4436/4436 4449/4449/4449 4448/4448/4448 4435/4435/4435 
f 4437/4437/4437 4450/4450/4450 4449/4449/4449 4436/4436/4436 
f 4438/4438/4438 4451/4451/4451 4450/4450/4450 4437/4437/4437 
f 4439/4439/4439 4452/4452/4452 4451/4451/4451 4438/4438/4438 
f 4440/4440/4440 4453/4453/4453 4452/4452/4452 4439/4439/4439 
f 4441/4441/4441 4454/4454/4454 4453/4453/4453 4440/4440/4440 
f 4442/4442/4442 4455/4455/4455 4454/4454/4454 4441/4441/4441 
f 4443/4443/4443 4456/4456/4456 4455/4455/4455 4442/4442/4442 
f 4445/4445/4445 4458/4458/4458 4457/4457/4457 4444/4444/4444 
f 4446/4446/4446 4459/4459/4459 4458/4458/4458 4445/4445/4445 
f 4447/4447/4447 4460/4460/4460 4459/4459/4459 4446/4446/4446 
f 4448/4448/4448 4461/4461/4461 4460/4460/4460 4447/4447/4447 
f 4449/4449/4449 4462/4462/4462 4461/4461/4461 4448/4448/4448 
f 4450/4450/4450 4463/4463/4463 4462/4462/4462 4449/4449/4449 
f 4451/4451/4451 4464/4464/4464 4463/4463/4463 4450/4450/4450 
f 4452/4452/4452 4465/4465/4465 4464/4464/4464 4451/4451/4451 
f 4453/4453/4453 4466/4466/4466 4465/4465/4465 4452/4452/4452 
f 4454/4454/4454 4467/4467/4467 4466/4466/4466 4453/4453/4453 
f 4455/4455/4455 4468/4468/4468 4467/4467/4467 4454/4454/4454 
f 4456/4456/4456 4469/4469/4469 4468/4468/4468 4455/4455/4455 
f 4458/4458/4458 4471/4471/4471 4470/4470/4470 4457/4457/4457 
f 4459/4459/4459 4472/4472/4472 4471/4471/4471 4458/4458/4458 
f 4460/4460/4460 4473/4473/4473 4472/4472/4472 4459/4459/4459 
f 4461/4461/4461 4474/4474/4474 4473/4473/4473 4460/4460/4460 
f 4462/4462/4462 4475/4475/4475 4474/4474/4474 4461/4461/4461 
f 4463/4463/4463 4476/4476/4476 4475/4475/4475 4462/4462/4462 
f 4464/4464/4464 4477/4477/4477 4476/4476/4476 4463/4463/4463 
f 4465/4465/4465 4478/4478/4478 4477/4477/4477 4464/4464/4464 
f 4466/4466/4466 4479/4479/4479 4478/4478/4478 4465/4465/4465 
f 4467/4467/4467 4480/4480/4480 4479/4479/4479 4466/4466/4466 
f 4468/4468/4468 4481/4481/4481 4480/4480/4480 4467/4467/4467 
f 4469/4469/4469 4482/4482/4482 4481/4481/4481 4468/4468/4468 
f 4471/4471/4471 4484/4484/4484 4483/4483/4483 4470/4470/4470 
f 4472/4472/4472 4485/4485/4485 4484/4484/4484 4471/4471/4471 
f 4473/4473/4473 4486/4486/4486 4485/4485/4485 4472/4472/4472 
f 4474/4474/4474 4487/4487/4487 4486/4486/4486 4473/4473/4473 
f 4475/4475/4475 4488/4488/4488 4487/4487/4487 4474/4474/4474 
f 4476/4476/4476 4489/4489/4489 4488/4488/4488 4475/4475/4475 
f 4477/4477/4477 4490/4490/4490 4489/4489/4489 4476/4476/4476 
f 4478/4478/4478 4491/4491/4491 4490/4490/4490 4477/4477/4477 
f 4479/4479/4479 4492/4492/4492 4491/4491/4491 4478/4478/4478 
f 4480/4480/4480 4493/4493/4493 4492/4492/4492 4479/4479/4479 
f 4481/4481/4481 4494/4494/4494 4493/4493/4493 4480/4480/4480 
f 4482/4482/4482 4495/4495/4495 4494/4494/4494 4481/4481/4481 
f 4484/4484/4484 4497/4497/4497 4496/4496/4496 4483/4483/4483 
f 4485/4485/4485 4498/4498/4498 4497/4497/4497 4484/4484/4484 
f 4486/4486/4486 4499/4499/4499 4498/4498/4498 4485/4485/4485 
f 4487/4487/4487 4500/4500/4500 4499/4499/4499 4486/4486/4486 
f 4488/4488/4488 4501/4501/4501 4500/4500/4500 4487/4487/4487 
f 4489/4489/4489 4502/4502/4502 4501/4501/4501 4488/4488/4488 
f 4490/4490/4490 4503/4503/4503 4502/4502/4502 4489/4489/4489 
f 4491/4491/4491 4504/4504/4504 4503/4503/4503 4490/4490/4490 
f 4492/4492/4492 4505/4505/4505 4504/4504/4504 4491/4491/4491 
f 4493/4493/4493 4506/4506/4506 4505/4505/4505 4492/4492/4492 
f 4494/4494/4494 4507/4507/4507 4506/4506/4506 4493/4493/4493 
f 4495/4495/4495 4508/4508/4508 4507/4507/4507 4494/4494/4494 
f 4497/4497/4497 4510/4510/4510 4509/4509/4509 4496/4496/4496 
f 4498/4498/4498 4511/4511/4511 4510/4510/4510 4497/4497/4497 
f 4499/4499/4499 4512/4512/4512 4511/4511/4511 4498/4498/4498 
f 4500/4500/4500 4513/4513/4513 4512/4512/4512 4499/4499/4499 
f 4501/4501/4501 4514/4514/4514 4513/4513/4513 4500/4500/4500 
f 4502/4502/4502 4515/4515/4515 4514/4514/4514 4501/4501/4501 
f 4503/4503/4503 4516/4516/4516 4515/4515/4515 4502/4502/4502 
f 4504/4504/4504 4517/4517/4517 4516/4516/4516 4503/4503/4503 
f 4505/4505/4505 4518/4518/4518 4517/4517/4517 4504/4504/4504 
f 4506/4506/4506 4519/4519/4519 4518/4518/4518 4505/4505/4505 
f 4507/4507/4507 4520/4520/4520 4519/4519/4519 4506/4506/4506 
f 4508/4508/4508 4521/4521/4521 4520/4520/4520 4507/4507/4507 
f 4510/4510/4510 4523/4523/4523 4522/4522/4522 4509/4509/4509 
f 4511/4511/4511 4524/4524/4524 4523/4523/4523 4510/4510/4510 
f 4512/4512/4512 4525/4525/4525 4524/4524/4524 4511/4511/4511 
f 4513/4513/4513 4526/4526/4526 4525/4525/4525 4512/4512/4512 
f 4514/4514/4514 4527/4527/4527 4526/4526/4526 4513/4513/4513 
f 4515/4515/4515 4528/4528/4528 4527/4527/4527 4514/4514/4514 
f 4516/4516/4516 4529/4529/4529 4528/4528/4528 4515/4515/4515 
f 4517/4517/4517 4530/4530/4530 4529/4529/4529 4516/4516/4516 
f 4518/4518/4518 4531/4531/4531 4530/4530/4530 4517/4517/4517 
f 4519/4519/4519 4532/4532/4532 4531/4531/4531 4518/4518/4518 
f 4520/4520/4520 4533/4533/4533 4532/4532/4532 4519/4519/4519 
f 4521/4521/4521 4534/4534/4534 4533/4533/4533 4520/4520/4520 
f 4523/4523/4523 4536/4536/4536 4535/4535/4535 4522/4522/4522 
f 4524/4524/4524 4537/4537/4537 4536/4536/4536 4523/4523/4523 
f 4525/4525/4525 4538/4538/4538 4537/4537/4537 4524/4524/4524 
f 4526/4526/4526 4539/4539/4539 4538/4538/4538 4525/4525/4525 
f 4527/4527/4527 4540/4540/4540 4539/4539/4539 4526/4526/4526 
f 4528/4528/4528 4541/4541/4541 4540/4540/4540 4527/4527/4527 
f 4529/4529/4529 4542/4542/4542 4541/4541/4541 4528/4528/4528 
f 4530/4530/4530 4543/4543/4543 4542/4542/4542 4529/4529/4529 
f 4531/4531/4531 4544/4544/4544 4543/4543/4543 4530/4530/4530 
f 4532/4532/4532 4545/4545/4545 4544/4544/4544 4531/4531/4531 
f 4533/4533/4533 4546/4546/4546 4545/4545/4545 4532/4532/4532 
f 4534/4534/4534 4547/4547/4547 4546/4546/4546 4533/4533/4533 
f 4536/4536/4536 4549/4549/4549 4548/4548/4548 4535/4535/4535 
f 4537/4537/4537 4550/4550/4550 4549/4549/4549 4536/4536/4536 
f 4538/4538/4538 4551/4551/4551 4550/4550/4550 4537/4537/4537 
f 4539/4539/4539 4552/4552/4552 4551/4551/4551 4538/4538/4538 
f 4540/4540/4540 4553/4553/4553 4552/4552/4552 4539/4539/4539 
f 4541/4541/4541 4554/4554/4554 4553/4553/4553 4540/4540/4540 
f 4542/4542/4542 4555/4555/4555 4554/4554/4554 4541/4541/4541 
f 4543/4543/4543 4556/4556/4556 4555/4555/4555 4542/4542/4542 
f 4544/4544/4544 4557/4557/4557 4556/4556/4556 4543/4543/4543 
f 4545/4545/4545 4558/4558/4558 4557/4557/4557 4544/4544/4544 
f 4546/4546/4546 4559/4559/4559 4558/4558/4558 4545/4545/4545 
f 4547/4547/4547 4560/4560/4560 4559/4559/4559 4546/4546/4546 
f 4549/4549/4549 4562/4562/4562 4561/4561/4561 4548/4548/4548 
f 4550/4550/4550 4563/4563/4563 4562/4562/4562 4549/4549/4549 
f 4551/4551/4551 4564/4564/4564 4563/4563/4563 4550/4550/4550 
f 4552/4552/4552 4565/4565/4565 4564/4564/4564 4551/4551/4551 
f 4553/4553/4553 4566/4566/4566 4565/4565/4565 4552/4552/4552 
f 4554/4554/4554 4567/4567/4567 4566/4566/4566 4553/4553/4553 
f 4555/4555/4555 4568/4568/4568 4567/4567/4567 4554/4554/4554 
f 4556/4556/4556 4569/4569/4569 4568/4568/4568 4555/4555/4555 
f 4557/4557/4557 4570/4570/4570 4569/4569/4569 4556/4556/4556 
f 4558/4558/4558 4571/4571/4571 4570/4570/4570 4557/4557/4557 
f 4559/4559/4559 4572/4572/4572 4571/4571/4571 4558/4558/4558 
f 4560/4560/4560 4573/4573/4573 4572/4572/4572 4559/4559/4559 
f 4562/4562/4562 4575/4575/4575 4574/4574/4574 4561/4561/4561 
f 4563/4563/4563 4576/4576/4576 4575/4575/4575 4562/4562/4562 
f 4564/4564/4564 4577/4577/4577 4576/4576/4576 4563/4563/4563 
f 4565/4565/4565 4578/4578/4578 4577/4577/4577 4564/4564/4564 
f 4566/4566/4566 4579/4579/4579 4578/4578/4578 4565/4565/4565 
f 4567/4567/4567 4580/4580/4580 4579/4579/4579 4566/4566/4566 
f 4568/4568/4568 4581/4581/4581 4580/4580/4580 4567/4567/4567 
f 4569/4569/4569 4582/4582/4582 4581/4581/4581 4568/4568/4568 
f 4570/4570/4570 4583/4583/4583 4582/4582/4582 4569/4569/4569 
f 4571/4571/4571 4584/4584/4584 4583/4583/4583 4570/4570/4570 
f 4572/4572/4572 4585/4585/4585 4584/4584/4584 4571/4571/4571 
f 4573/4573/4573 4586/4586/4586 4585/4585/4585 4572/4572/4572 
f 4575/4575/4575 4588/4588/4588 4587/4587/4587 4574/4574/4574 
f 4576/4576/4576 4589/4589/4589 4588/4588/4588 4575/4575/4575 
f 4577/4577/4577 4590/4590/4590 4589/4589/4589 4576/4576/4576 
f 4578/4578/4578 4591/4591/4591 4590/4590/4590 4577/4577/4577 
f 4579/4579/4579 4592/4592/4592 4591/4591/4591 4578/4578/4578 
f 4580/4580/4580 4593/4593/4593 4592/4592/4592 4579/4579/4579 
f 4581/4581/4581 4594/4594/4594 4593/4593/4593 4580/4580/4580 
f 4582/4582/4582 4595/4595/4595 4594/4594/4594 4581/4581/4581 
f 4583/4583/4583 4596/4596/4596 4595/4595/4595 4582/4582/4582 
f 4584/4584/4584 4597/4597/4597 4596/4596/4596 4583/4583/4583 
f 4585/4585/4585 4598/4598/4598 4597/4597/4597 4584/4584/4584 
f 4586/4586/4586 4599/4599/4599 4598/4598/4598 4585/4585/4585 
f 4588/4588/4588 4601/4601/4601 4600/4600/4600 4587/4587/4587 
f 4589/4589/4589 4602/4602/4602 4601/4601/4601 4588/4588/4588 
f 4590/4590/4590 4603/4603/4603 4602/4602/4602 4589/4589/4589 
f 4591/4591/4591 4604/4604/4604 4603/4603/4603 4590/4590/4590 
f 4592/4592/4592 4605/4605/4605 4604/4604/4604 4591/4591/4591 
f 4593/4593/4593 4606/4606/4606 4605/4605/4605 4592/4592/4592 
f 4594/4594/4594 4607/4607/4607 4606/4606/4606 4593/4593/4593 
f 4595/4595/4595 4608/4608/4608 4607/4607/4607 4594/4594/4594 
f 4596/4596/4596 4609/4609/4609 4608/4608/4608 4595/4595/4595 
f 4597/4597/4597 4610/4610/4610 4609/4609/4609 4596/4596/4596 
f 4598/4598/4598 4611/4611/4611 4610/4610/4610 4597/4597/4597 
f 4599/4599/4599 4612/4612/4612 4611/4611/4611 4598/4598/4598 
f 4601/4601/4601 4614/4614/4614 4613/4613/4613 4600/4600/4600 
f 4602/4602/4602 4615/4615/4615 4614/4614/4614 4601/4601/4601 
f 4603/4603/4603 4616/4616/4616 4615/4615/4615 4602/4602/4602 
f 4604/4604/4604 4617/4617/4617 4616/4616/4616 4603/4603/4603 
f 4605/4605/4605 4618/4618/4618 4617/4617/4617 4604/4604/4604 
f 4606/4606/4606 4619/4619/4619 4618/4618/4618 4605/4605/4605 
f 4607/4607/4607 4620/4620/4620 4619/4619/4619 4606/4606/4606 
f 4608/4608/4608 4621/4621/4621 4620/4620/4620 4607/4607/4607 
f 4609/4609/4609 4622/4622/4622 4621/4621/4621 4608/4608/4608 
f 4610/4610/4610 4623/4623/4623 4622/4622/4622 4609/4609/4609 
f 4611/4611/4611 4624/4624/4624 4623/4623/4623 4610/4610/4610 
f 4612/4612/4612 4625/4625/4625 4624/4624/4624 4611/4611/4611 
f 4614/4614/4614 4627/4627/4627 4626/4626/4626 4613/4613/4613 
f 4615/4615/4615 4628/4628/4628 4627/4627/4627 4614/4614/4614 
f 4616/4616/4616 4629/4629/4629 4628/4628/4628 4615/4615/4615 
f 4617/4617/4617 4630/4630/4630 4629/4629/4629 4616/4616/4616 
f 4618/4618/4618 4631/4631/4631 4630/4630/4630 4617/4617/4617 
f 4619/4619/4619 4632/4632/4632 4631/4631/4631 4618/4618/4618 
f 4620/4620/4620 4633/4633/4633 4632/4632/4632 4619/4619/4619 
f 4621/4621/4621 4634/4634/4634 4633/4633/4633 4620/4620/4620 
f 4622/4622/4622 4635/4635/4635 4634/4634/4634 4621/4621/4621 
f 4623/4623/4623 4636/4636/4636 4635/4635/4635 4622/4622/4622 
f 4624/4624/4624 4637/4637/4637 4636/4636/4636 4623/4623/4623 
f 4625/4625/4625 4638/4638/4638 4637/4637/4637 4624/4624/4624 
f 4627/4627/4627 4640/4640/4640 4639/4639/4639 4626/4626/4626 
f 4628/4628/4628 4641/4641/4641 4640/4640/4640 4627/4627/4627 
f 4629/4629/4629 4642/4642/4642 4641/4641/4641 4628/4628/4628 
f 4630/4630/4630 4643/4643/4643 4642/4642/4642 4629/4629/4629 
f 4631/4631/4631 4644/4644/4644 4643/4643/4643 4630/4630/4630 
f 4632/4632/4632 4645/4645/4645 4644/4644/4644 4631/4631/4631 
f 4633/4633/4633 4646/4646/4646 4645/4645/4645 4632/4632/4632 
f 4634/4634/4634 4647/4647/4647 4646/4646/4646 4633/4633/4633 
f 4635/4635/4635 4648/4648/4648 4647/4647/4647 4634/4634/4634 
f 4636/4636/4636 4649/4649/4649 4648/4648/4648 4635/4635/4635 
f 4637/4637/4637 4650/4650/4650 4649/4649/4649 4636/4636/4636 
f 4638/4638/4638 4651/4651/4651 4650/4650/4650 4637/4637/4637 
f 4640/4640/4640 4653/4653/4653 4652/4652/4652 4639/4639/4639 
f 4641/4641/4641 4654/4654/4654 4653/4653/4653 4640/4640/4640 
f 4642/4642/4642 4655/4655/4655 4654/4654/4654 4641/4641/4641 
f 4643/4643/4643 4656/4656/4656 4655/4655/4655 4642/4642/4642 
f 4644/4644/4644 4657/4657/4657 4656/4656/4656 4643/4643/4643 
f 4645/4645/4645 4658/4658/4658 4657/4657/4657 4644/4644/4644 
f 4646/4646/4646 4659/4659/4659 4658/4658/4658 4645/4645/4645 
f 4647/4647/4647 4660/4660/4660 4659/4659/4659 4646/4646/4646 
f 4648/4648/4648 4661/4661/4661 4660/4660/4660 4647/4647/4647 
f 4649/4649/4649 4662/4662/4662 4661/4661/4661 4648/4648/4648 
f 4650/4650/4650 4663/4663/4663 4662/4662/4662 4649/4649/4649 
f 4651/4651/4651 4664/4664/4664 4663/4663/4663 4650/4650/4650 
f 4653/4653/4653 4666/4666/4666 4665/4665/4665 4652/4652/4652 
f 4654/4654/4654 4667/4667/4667 4666/4666/4666 4653/4653/4653 
f 4655/4655/4655 4668/4668/4668 4667/4667/4667 4654/4654/4654 
f 4656/4656/4656 4669/4669/4669 4668/4668/4668 4655/4655/4655 
f 4657/4657/4657 4670/4670/4670 4669/4669/4669 4656/4656/4656 
f 4658/4658/4658 4671/4671/4671 4670/4670/4670 4657/4657/4657 
f 4659/4659/4659 4672/4672/4672 4671/4671/4671 4658/4658/4658 
f 4660/4660/4660 4673/4673/4673 4672/4672/4672 4659/4659/4659 
f 4661/4661/4661 4674/4674/4674 4673/4673/4673 4660/4660/4660 
f 4662/4662/4662 4675/4675/4675 4674/4674/4674 4661/4661/4661 
f 4663/4663/4663 4676/4676/4676 4675/4675/4675 4662/4662/4662 
f 4664/4664/4664 4677/4677/4677 4676/4676/4676 4663/4663/4663 
f 4666/4666/4666 4679/4679/4679 4678/4678/4678 4665/4665/4665 
f 4667/4667/4667 4680/4680/4680 4679/4679/4679 4666/4666/4666 
f 4668/4668/4668 4681/4681/4681 4680/4680/4680 4667/4667/4667 
f 4669/4669/4669 4682/4682/4682 4681/4681/4681 4668/4668/4668 
f 4670/4670/4670 4683/4683/4683 4682/4682/4682 4669/4669/4669 
f 4671/4671/4671 4684/4684/4684 4683/4683/4683 4670/4670/4670 
f 4672/4672/4672 4685/4685/4685 4684/4684/4684 4671/4671/4671 
f 4673/4673/4673 4686/4686/4686 4685/4685/4685 4672/4672/4672 
f 4674/4674/4674 4687/4687/4687 4686/4686/4686 4673/4673/4673 
f 4675/4675/4675 4688/4688/4688 4687/4687/4687 4674/4674/4674 
f 4676/4676/4676 4689/4689/4689 4688/4688/4688 4675/4675/4675 
f 4677/4677/4677 4690/4690/4690 4689/4689/4689 4676/4676/4676 
f 4679/4679/4679 4692/4692/4692 4691/4691/4691 4678/4678/4678 
f 4680/4680/4680 4693/4693/4693 4692/4692/4692 4679/4679/4679 
f 4681/4681/4681 4694/4694/4694 4693/4693/4693 4680/4680/4680 
f 4682/4682/4682 4695/4695/4695 4694/4694/4694 4681/4681/4681 
f 4683/4683/4683 4696/4696/4696 4695/4695/4695 4682/4682/4682 
f 4684/4684/4684 4697/4697/4697 4696/4696/4696 4683/4683/4683 
f 4685/4685/4685 4698/4698/4698 4697/4697/4697 4684/4684/4684 
f 4686/4686/4686 4699/4699/4699 4698/4698/4698 4685/4685/4685 
f 4687/4687/4687 4700/4700/4700 4699/4699/4699 4686/4686/4686 
f 4688/4688/4688 4701/4701/4701 4700/4700/4700 4687/4687/4687 
f 4689/4689/4689 4702/4702/4702 4701/4701/4701 4688/4688/4688 
f 4690/4690/4690 4703/4703/4703 4702/4702/4702 4689/4689/4689 
f 4692/4692/4692 4705/4705/4705 4704/4704/4704 4691/4691/4691 
f 4693/4693/4693 4706/4706/4706 4705/4705/4705 4692/4692/4692 
f 4694/4694/4694 4707/4707/4707 4706/4706/4706 4693/4693/4693 
f 4695/4695/4695 4708/4708/4708 4707/4707/4707 4694/4694/4694 
f 4696/4696/4696 4709/4709/4709 4708/4708/4708 4695/4695/4695 
f 4697/4697/4697 4710/4710/4710 4709/4709/4709 4696/4696/4696 
f 4698/4698/4698 4711/4711/4711 4710/4710/4710 4697/4697/4697 
f 4699/4699/4699 4712/4712/4712 4711/4711/4711 4698/4698/4698 
f 4700/4700/4700 4713/4713/4713 4712/4712/4712 4699/4699/4699 
f 4701/4701/4701 4714/4714/4714 4713/4713/4713 4700/4700/4700 
f 4702/4702/4702 4715/4715/4715 4714/4714/4714 4701/4701/4701 
f 4703/4703/4703 4716/4716/4716 4715/4715/4715 4702/4702/4702 
f 4718/4718/4718 4730/4730/4730 4729/4729/4729 4717/4717/4717 
f 4719/4719/4719 4731/4731/4731 4730/4730/4730 4718/4718/4718 
f 4720/4720/4720 4732/4732/4732 4731/4731/4731 4719/4719/4719 
f 4721/4721/4721 4733/4733/4733 4732/4732/4732 4720/4720/4720 
f 4722/4722/4722 4734/4734/4734 4733/4733/4733 4721/4721/4721 
f 4723/4723/4723 4735/4735/4735 4734/4734/4734 4722/4722/4722 
f 4724/4724/4724 4736/4736/4736 4735/4735/4735 4723/4723/4723 
f 4725/4725/4725 4737/4737/4737 4736/4736/4736 4724/4724/4724 
f 4726/4726/4726 4738/4738/4738 4737/4737/4737 4725/4725/4725 
f 4727/4727/4727 4739/4739/4739 4738/4738/4738 4726/4726/4726 
f 4728/4728/4728 4740/4740/4740 4739/4739/4739 4727/4727/4727 
f 4717/4717/4717 4729/4729/4729 4740/4740/4740 4728/4728/4728 
f 4730/4730/4730 4742/4742/4742 4741/4741/4741 4729/4729/4729 
f 4731/4731/4731 4743/4743/4743 4742/4742/4742 4730/4730/4730 
f 4732/4732/4732 4744/4744/4744 4743/4743/4743 4731/4731/4731 
f 4733/4733/4733 4745/4745/4745 4744/4744/4744 4732/4732/4732 
f 4734/4734/4734 4746/4746/4746 4745/4745/4745 4733/4733/4733 
f 4735/4735/4735 4747/4747/4747 4746/4746/4746 4734/4734/4734 
f 4736/4736/4736 4748/4748/4748 4747/4747/4747 4735/4735/4735 
f 4737/4737/4737 4749/4749/4749 4748/4748/4748 4736/4736/4736 
f 4738/4738/4738 4750/4750/4750 4749/4749/4749 4737/4737/4737 
f 4739/4739/4739 4751/4751/4751 4750/4750/4750 4738/4738/4738 
f 4740/4740/4740 4752/4752/4752 4751/4751/4751 4739/4739/4739 
f 4729/4729/4729 4741/4741/4741 4752/4752/4752 4740/4740/4740 
f 4742/4742/4742 4754/4754/4754 4753/4753/4753 4741/4741/4741 
f 4743/4743/4743 4755/4755/4755 4754/4754/4754 4742/4742/4742 
f 4744/4744/4744 4756/4756/4756 4755/4755/4755 4743/4743/4743 
f 4745/4745/4745 4757/4757/4757 4756/4756/4756 4744/4744/4744 
f 4746/4746/4746 4758/4758/4758 4757/4757/4757 4745/4745/4745 
f 4747/4747/4747 4759/4759/4759 4758/4758/4758 4746/4746/4746 
f 4748/4748/4748 4760/4760/4760 4759/4759/4759 4747/4747/4747 
f 4749/4749/4749 4761/4761/4761 4760/4760/4760 4748/4748/4748 
f 4750/4750/4750 4762/4762/4762 4761/4761/4761 4749/4749/4749 
f 4751/4751/4751 4763/4763/4763 4762/4762/4762 4750/4750/4750 
f 4752/4752/4752 4764/4764/4764 4763/4763/4763 4751/4751/4751 
f 4741/4741/4741 4753/4753/4753 4764/4764/4764 4752/4752/4752 
f 4753/4753/4753 4754/4754/4754 4755/4755/4755 4765/4765/4765 
f 4755/4755/4755 4756/4756/4756 4757/4757/4757 4765/4765/4765 
f 4757/4757/4757 4758/4758/4758 4759/4759/4759 4765/4765/4765 
f 4759/4759/4759 4760/4760/4760 4761/4761/4761 4765/4765/4765 
f 4761/4761/4761 4762/4762/4762 4763/4763/4763 4765/4765/4765 
f 4763/4763/4763 4764/4764/4764 4753/4753/4753 4765/4765/4765 
