
mtllib ./soldier.mtl

g s.0075
usemap Standard_A68556
usemtl Standard_A68556
v 1.386528 3.059507 1.595545
v 2.141235 3.0668 1.907648
v 2.124782 2.252359 1.966463
v 1.370076 2.245066 1.654361
v 2.141235 3.0668 1.907648
v 2.452988 3.006163 1.155201
v 2.436536 2.191723 1.214017
v 2.124782 2.252359 1.966463
v 2.452988 3.006163 1.155201
v 1.698282 2.99887 0.8430985
v 1.681829 2.18443 0.9019142
v 2.436536 2.191723 1.214017
v 1.698282 2.99887 0.8430985
v 1.386528 3.059507 1.595545
v 1.370076 2.245066 1.654361
v 1.681829 2.18443 0.9019142
v 1.255668 1.524 1.601286
v 1.370076 2.245066 1.654361
v 2.124782 2.252359 1.966463
v 1.854459 1.393866 1.777538
v 1.698282 2.99887 0.8430985
v 2.452988 3.006163 1.155201
v 2.141235 3.0668 1.907648
v 1.386528 3.059507 1.595545
v 1.854459 1.393866 1.777538
v 2.124782 2.252359 1.966463
v 2.436536 2.191723 1.214017
v 2.032833 1.343027 1.147594
v 2.032833 1.343027 1.147594
v 2.436536 2.191723 1.214017
v 1.681829 2.18443 0.9019142
v 1.42511 1.492525 0.9755201
v 1.42511 1.492525 0.9755201
v 1.681829 2.18443 0.9019142
v 1.370076 2.245066 1.654361
v 1.255668 1.524 1.601286
v 1.64558 0.8547611 1.655458
v 1.255668 1.524 1.601286
v 1.854459 1.393866 1.777538
v 1.718366 1.08962 1.761811
v 1.718366 1.08962 1.761811
v 1.854459 1.393866 1.777538
v 2.032833 1.343027 1.147594
v 1.915483 1.036561 1.137662
v 1.915483 1.036561 1.137662
v 2.032833 1.343027 1.147594
v 1.42511 1.492525 0.9755201
v 1.850459 0.8085688 1.041313
v 1.010458 0.7840945 0.81466
v 1.850459 0.8085688 1.041313
v 1.42511 1.492525 0.9755201
v 0.8992069 1.463005 0.8346028
v 1.64558 0.8547611 1.655458
v 1.718366 1.08962 1.761811
v 1.915483 1.036561 1.137662
v 1.850459 0.8085688 1.041313
v 0.6560142 2.117175 0.7328852
v 0.8992069 1.463005 0.8346028
v 1.42511 1.492525 0.9755201
v 1.176081 2.192466 0.8783672
v 0.7297641 1.494481 1.460368
v 1.255668 1.524 1.601286
v 1.64558 0.8547611 1.655458
v 0.8246115 0.8404082 1.433995
v 0.7286735 0.2402279 1.482475
v 0.8246115 0.8404082 1.433995
v 1.64558 0.8547611 1.655458
v 1.835892 0.2613955 1.714745
v 1.010458 0.7840945 0.81466
v 0.8992069 1.463005 0.8346028
v 0.7297641 1.494481 1.460368
v 0.8246115 0.8404082 1.433995
v 1.176081 2.192466 0.8783672
v 1.42511 1.492525 0.9755201
v 1.255668 1.524 1.601286
v 0.9935265 2.256247 1.497955
v 0.9935265 2.256247 1.497955
v 1.255668 1.524 1.601286
v 0.7297641 1.494481 1.460368
v 0.4734594 2.180956 1.352473
v 0.4734594 2.180956 1.352473
v 0.7297641 1.494481 1.460368
v 0.8992069 1.463005 0.8346028
v 0.6560142 2.117175 0.7328852
v 0.6808518 2.977849 0.5907504
v 0.6560142 2.117175 0.7328852
v 1.176081 2.192466 0.8783672
v 1.209843 2.991933 0.8034773
v 1.209843 2.991933 0.8034773
v 1.176081 2.192466 0.8783672
v 0.9935265 2.256247 1.497955
v 0.9572037 3.097502 1.424734
v 0.9572037 3.097502 1.424734
v 0.9935265 2.256247 1.497955
v 0.4734594 2.180956 1.352473
v 0.4282115 3.083419 1.212006
v 0.4282115 3.083419 1.212006
v 0.4734594 2.180956 1.352473
v 0.6560142 2.117175 0.7328852
v 0.6808518 2.977849 0.5907504
v 0.6808518 2.977849 0.5907504
v 1.209843 2.991933 0.8034773
v 0.9572037 3.097502 1.424734
v 0.4282115 3.083419 1.212006
v 1.835892 0.2613955 1.714745
v 1.64558 0.8547611 1.655458
v 1.850459 0.8085688 1.041313
v 2.061802 0.2095575 0.8828411
v 2.061802 0.2095575 0.8828411
v 1.850459 0.8085688 1.041313
v 1.010458 0.7840945 0.81466
v 0.9289628 0.1748757 0.6449783
v 0.9289628 0.1748757 0.6449783
v 1.010458 0.7840945 0.81466
v 0.8246115 0.8404082 1.433995
v 0.7286735 0.2402279 1.482475
v 0.8081442 -0.6624897 1.423238
v 0.7286735 0.2402279 1.482475
v 1.835892 0.2613955 1.714745
v 1.927884 -0.6237378 1.581379
v 1.927884 -0.6237378 1.581379
v 1.835892 0.2613955 1.714745
v 2.061802 0.2095575 0.8828411
v 2.096111 -0.5905421 0.7349833
v 2.096111 -0.5905421 0.7349833
v 2.061802 0.2095575 0.8828411
v 0.9289628 0.1748757 0.6449783
v 0.9508222 -0.6431308 0.5717358
v 0.9508222 -0.6431308 0.5717358
v 0.9289628 0.1748757 0.6449783
v 0.7286735 0.2402279 1.482475
v 0.8081442 -0.6624897 1.423238
v 1.078391 -0.9153962 1.252615
v 0.8081442 -0.6624897 1.423238
v 1.927884 -0.6237378 1.581379
v 1.710317 -0.9159527 1.362116
v 2.348933 -0.8927326 1.417712
v 1.710317 -0.9159527 1.362116
v 1.927884 -0.6237378 1.581379
v 2.384471 -0.5323 1.640481
v 1.821062 -0.9504123 0.8865717
v 2.096111 -0.5905421 0.7349833
v 0.9508222 -0.6431308 0.5717358
v 1.174354 -0.9572265 0.774456
v 0.5151976 -0.8509326 0.603669
v 1.174354 -0.9572265 0.774456
v 0.9508222 -0.6431308 0.5717358
v 0.5324352 -0.4362364 0.471585
v 1.056181 -1.092809 1.225668
v 1.078391 -0.9153962 1.252615
v 1.710317 -0.9159527 1.362116
v 1.682732 -1.096772 1.362563
v 1.682732 -1.096772 1.362563
v 1.710317 -0.9159527 1.362116
v 1.821062 -0.9504123 0.8865717
v 1.813791 -1.135809 0.8925697
v 1.813791 -1.135809 0.8925697
v 1.821062 -0.9504123 0.8865717
v 1.174354 -0.9572265 0.774456
v 1.172533 -1.139135 0.7524755
v 1.172533 -1.139135 0.7524755
v 1.174354 -0.9572265 0.774456
v 1.078391 -0.9153962 1.252615
v 1.056181 -1.092809 1.225668
v 0.9514863 -1.42349 1.300225
v 1.056181 -1.092809 1.225668
v 1.682732 -1.096772 1.362563
v 1.833262 -1.428228 1.455842
v 1.833262 -1.428228 1.455842
v 1.682732 -1.096772 1.362563
v 1.813791 -1.135809 0.8925697
v 1.990053 -1.4544 0.7911915
v 1.990053 -1.4544 0.7911915
v 1.813791 -1.135809 0.8925697
v 1.172533 -1.139135 0.7524755
v 1.087665 -1.459846 0.6315233
v 1.087665 -1.459846 0.6315233
v 1.172533 -1.139135 0.7524755
v 1.056181 -1.092809 1.225668
v 0.9514863 -1.42349 1.300225
v 0.96817 -2.044871 1.263522
v 0.9514863 -1.42349 1.300225
v 1.833262 -1.428228 1.455842
v 1.846665 -2.079819 1.433205
v 1.846665 -2.079819 1.433205
v 1.833262 -1.428228 1.455842
v 1.990053 -1.4544 0.7911915
v 2.012675 -2.11969 0.7714809
v 2.012675 -2.11969 0.7714809
v 1.990053 -1.4544 0.7911915
v 1.087665 -1.459846 0.6315233
v 1.113274 -2.09422 0.5975345
v 1.113274 -2.09422 0.5975345
v 1.087665 -1.459846 0.6315233
v 0.9514863 -1.42349 1.300225
v 0.96817 -2.044871 1.263522
v 1.194215 -2.324343 1.067152
v 0.96817 -2.044871 1.263522
v 1.846665 -2.079819 1.433205
v 1.724737 -2.312586 1.234011
v 1.724737 -2.312586 1.234011
v 1.846665 -2.079819 1.433205
v 2.012675 -2.11969 0.7714809
v 1.875059 -2.367401 0.8407648
v 1.875059 -2.367401 0.8407648
v 2.012675 -2.11969 0.7714809
v 1.113274 -2.09422 0.5975345
v 1.332153 -2.385822 0.6703668
v 1.332153 -2.385822 0.6703668
v 1.113274 -2.09422 0.5975345
v 0.96817 -2.044871 1.263522
v 1.194215 -2.324343 1.067152
v 1.194215 -2.324343 1.067152
v 1.724737 -2.312586 1.234011
v 1.875059 -2.367401 0.8407648
v 1.332153 -2.385822 0.6703668
v 0.5324352 -0.4362364 0.471585
v 0.9508222 -0.6431308 0.5717358
v 0.8081442 -0.6624897 1.423238
v 0.3896905 -0.5141673 1.319723
v 0.3896905 -0.5141673 1.319723
v 0.8081442 -0.6624897 1.423238
v 1.078391 -0.9153962 1.252615
v 0.4544371 -0.8440592 1.08932
v 0.4544371 -0.8440592 1.08932
v 1.078391 -0.9153962 1.252615
v 1.174354 -0.9572265 0.774456
v 0.5151976 -0.8509326 0.603669
v -0.04323852 0.1935842 0.7263129
v 0.5151976 -0.8509326 0.603669
v 0.5324352 -0.4362364 0.471585
v 0.1903943 0.2263589 0.6678575
v 0.1903943 0.2263589 0.6678575
v 0.5324352 -0.4362364 0.471585
v 0.3896905 -0.5141673 1.319723
v 0.07512629 0.4161263 1.09556
v 0.07512629 0.4161263 1.09556
v 0.3896905 -0.5141673 1.319723
v 0.4544371 -0.8440592 1.08932
v -0.07871199 0.2990563 0.9757613
v -0.07871199 0.2990563 0.9757613
v 0.4544371 -0.8440592 1.08932
v 0.5151976 -0.8509326 0.603669
v -0.04323852 0.1935842 0.7263129
v -0.04323852 0.1935842 0.7263129
v 0.1903943 0.2263589 0.6678575
v 0.07512629 0.4161263 1.09556
v -0.07871199 0.2990563 0.9757613
v 2.384471 -0.5323 1.640481
v 1.927884 -0.6237378 1.581379
v 2.096111 -0.5905421 0.7349833
v 2.489676 -0.4051824 0.7928028
v 2.489676 -0.4051824 0.7928028
v 2.096111 -0.5905421 0.7349833
v 1.821062 -0.9504123 0.8865717
v 2.449867 -0.8578188 0.9400215
v 2.449867 -0.8578188 0.9400215
v 1.821062 -0.9504123 0.8865717
v 1.710317 -0.9159527 1.362116
v 2.348933 -0.8927326 1.417712
v 2.813437 -0.4512155 1.668601
v 2.348933 -0.8927326 1.417712
v 2.384471 -0.5323 1.640481
v 2.535607 -0.1703041 1.82576
v 2.535607 -0.1703041 1.82576
v 2.384471 -0.5323 1.640481
v 2.489676 -0.4051824 0.7928028
v 2.543228 -0.1754625 0.9622199
v 2.543228 -0.1754625 0.9622199
v 2.489676 -0.4051824 0.7928028
v 2.449867 -0.8578188 0.9400215
v 2.872054 -0.4426594 1.182713
v 2.872054 -0.4426594 1.182713
v 2.449867 -0.8578188 0.9400215
v 2.348933 -0.8927326 1.417712
v 2.813437 -0.4512155 1.668601
v 2.902893 0.6483899 1.688839
v 2.813437 -0.4512155 1.668601
v 2.535607 -0.1703041 1.82576
v 2.684401 0.7848085 1.729018
v 2.684401 0.7848085 1.729018
v 2.535607 -0.1703041 1.82576
v 2.543228 -0.1754625 0.9622199
v 2.716547 0.5981312 1.234587
v 2.716547 0.5981312 1.234587
v 2.543228 -0.1754625 0.9622199
v 2.872054 -0.4426594 1.182713
v 2.95065 0.5594492 1.40622
v 2.95065 0.5594492 1.40622
v 2.872054 -0.4426594 1.182713
v 2.813437 -0.4512155 1.668601
v 2.902893 0.6483899 1.688839
v 2.902893 0.6483899 1.688839
v 2.684401 0.7848085 1.729018
v 2.716547 0.5981312 1.234587
v 2.95065 0.5594492 1.40622

vn -0.3817108 0.07424333 0.9212952
vn -0.3817108 0.07424333 0.9212952
vn -0.3817108 0.07424333 0.9212952
vn -0.3817108 0.07424333 0.9212952
vn 0.9240621 0.008929537 0.3821381
vn 0.9240621 0.008929537 0.3821381
vn 0.9240621 0.008929537 0.3821381
vn 0.9240621 0.008929537 0.3821381
vn 0.3817108 -0.07424333 -0.9212952
vn 0.3817108 -0.07424333 -0.9212952
vn 0.3817108 -0.07424333 -0.9212952
vn 0.3817108 -0.07424333 -0.9212952
vn -0.9240621 -0.008929537 -0.3821381
vn -0.9240621 -0.008929537 -0.3821381
vn -0.9240621 -0.008929537 -0.3821381
vn -0.9240621 -0.008929537 -0.3821381
vn -0.3435893 -0.05989927 0.9372078
vn -0.3820814 -0.007396263 0.924099
vn -0.3435893 -0.05989927 0.9372078
vn -0.3030504 -0.1128174 0.946273
vn 0.02014444 0.9972001 -0.07201393
vn 0.02014444 0.9972001 -0.07201393
vn 0.02014444 0.9972001 -0.07201393
vn 0.02014444 0.9972001 -0.07201393
vn 0.8579795 -0.3889347 0.3355608
vn 0.853963 -0.3530193 0.3822626
vn 0.8579795 -0.3889347 0.3355608
vn 0.8588479 -0.4302832 0.2779151
vn 0.3184331 -0.1408768 -0.9374188
vn 0.3807665 -0.1092599 -0.9181934
vn 0.3184331 -0.1408768 -0.9374188
vn 0.2252427 -0.1853282 -0.9565141
vn -0.9127079 0.2348712 -0.334365
vn -0.8773676 0.2844233 -0.3864317
vn -0.9127079 0.2348712 -0.334365
vn -0.9489794 0.1701135 -0.2655172
vn -0.3788404 -0.0623107 0.923362
vn -0.3006098 -0.09835092 0.9486627
vn -0.3788404 -0.0623107 0.923362
vn -0.865952 0.4026837 -0.2966023
vn 0.8783092 -0.3768562 0.2941976
vn 0.871058 -0.404071 0.2792571
vn 0.8783092 -0.3768562 0.2941976
vn 0.884764 -0.3488055 0.3090751
vn 0.363785 0.0607052 -0.9295027
vn 0.2565353 -0.06698076 -0.9642112
vn 0.363785 0.0607052 -0.9295027
vn 0.4843295 0.2197416 -0.8468403
vn 0.2567146 0.06864359 -0.9640465
vn 0.2580667 0.06778403 -0.9637463
vn 0.2567146 0.06864359 -0.9640465
vn 0.2545164 0.0700397 -0.9645288
vn 0.8644137 -0.3941002 0.3122082
vn 0.8611298 -0.4056454 0.306443
vn 0.8644137 -0.3941002 0.3122082
vn 0.8676894 -0.3819311 0.3181883
vn 0.2679302 -0.04395409 -0.9624351
vn 0.2612234 -0.05275588 -0.9638357
vn 0.2679302 -0.04395409 -0.9624351
vn 0.2740372 -0.03589653 -0.961049
vn -0.2568603 -0.07385105 0.9636227
vn -0.2545051 -0.07020577 0.9645197
vn -0.2568603 -0.07385105 0.9636227
vn -0.2584452 -0.07630752 0.9630074
vn -0.2297181 0.06948853 0.9707734
vn -0.2605359 0.119038 0.9580976
vn -0.2297181 0.06948853 0.9707734
vn -0.2057859 0.03172331 0.9780827
vn -0.9548814 -0.1385102 -0.2627096
vn -0.956288 -0.1493182 -0.2514305
vn -0.9548814 -0.1385102 -0.2627096
vn -0.9531559 -0.1271511 -0.2744564
vn 0.906207 0.3554884 0.2289472
vn 0.9069697 0.3543008 0.2277651
vn 0.906207 0.3554884 0.2289472
vn 0.9054745 0.3566234 0.2300773
vn -0.2680427 0.04532641 0.9623402
vn -0.2608226 0.04272282 0.9644409
vn -0.2680427 0.04532641 0.9623402
vn -0.2755277 0.04802901 0.9600926
vn -0.900684 -0.3709448 -0.2262043
vn -0.9006454 -0.3716606 -0.2251801
vn -0.900684 -0.3709448 -0.2262043
vn -0.900723 -0.3701914 -0.2272808
vn 0.3304229 -0.1338014 -0.9343008
vn 0.287706 -0.1641243 -0.943551
vn 0.3304229 -0.1338014 -0.9343008
vn 0.3734872 -0.1021402 -0.9219949
vn 0.9445052 0.0309958 0.3270308
vn 0.9587487 -0.01389276 0.2839153
vn 0.9445052 0.0309958 0.3270308
vn 0.9281413 0.07186256 0.3652254
vn -0.3291257 0.09967676 0.9390106
vn -0.2782762 0.07135379 0.9578471
vn -0.3291257 0.09967676 0.9390106
vn -0.3730516 0.124404 0.9194325
vn -0.9444304 -0.06265391 -0.3226853
vn -0.957781 -0.09049548 -0.2728848
vn -0.9444304 -0.06265391 -0.3226853
vn -0.9278159 -0.03456461 -0.3714335
vn 0.03540158 0.9875277 -0.153414
vn 0.03540062 0.9875278 -0.1534137
vn 0.03540158 0.9875277 -0.153414
vn 0.03540254 0.9875275 -0.1534143
vn 0.9225228 0.2895256 0.2551993
vn 0.9061556 0.3184452 0.2783428
vn 0.9225228 0.2895256 0.2551993
vn 0.9341272 0.2668675 0.2370403
vn 0.2123124 0.2773126 -0.9370279
vn 0.2374258 0.3258679 -0.915117
vn 0.2123124 0.2773126 -0.9370279
vn 0.1924956 0.2393124 -0.9516696
vn -0.9496996 0.1659474 -0.2655787
vn -0.931553 0.2077316 -0.2984235
vn -0.9496996 0.1659474 -0.2655787
vn -0.9613486 0.1342529 -0.2403852
vn -0.1682246 -0.1215174 0.97823
vn -0.2031183 -0.08190951 0.9757221
vn -0.1682246 -0.1215174 0.97823
vn -0.1325448 -0.1611331 0.9779918
vn 0.9730095 0.0348564 0.2281174
vn 0.9641929 0.06133356 0.2580121
vn 0.9730095 0.0348564 0.2281174
vn 0.9807518 0.005989839 0.1951664
vn 0.1665417 0.1391656 -0.9761643
vn 0.1964242 0.1863208 -0.9626536
vn 0.1665417 0.1391656 -0.9761643
vn 0.1363736 0.09196252 -0.9863798
vn -0.9793411 -0.04244985 -0.197709
vn -0.9726526 -0.005200814 -0.2322067
vn -0.9793411 -0.04244985 -0.197709
vn -0.9831443 -0.07562819 -0.1664559
vn -0.1099886 -0.5852263 0.8033758
vn -0.08858569 -0.6203941 0.7792713
vn -0.1099886 -0.5852263 0.8033758
vn -0.1460905 -0.5218487 0.8404353
vn -0.02936075 -0.552703 0.8328609
vn -0.05015949 -0.5752615 0.8164302
vn -0.02936075 -0.552703 0.8328609
vn -0.004920145 -0.5253903 0.8508471
vn 0.1493065 -0.4690266 -0.8704721
vn 0.1454702 -0.4764302 -0.8670944
vn 0.1493065 -0.4690266 -0.8704721
vn 0.1568104 -0.4543658 -0.876905
vn 0.1175146 -0.3869011 -0.9146025
vn 0.1534783 -0.4564267 -0.876424
vn 0.1175146 -0.3869011 -0.9146025
vn 0.07614122 -0.305477 -0.9491503
vn -0.1920973 -0.04581445 0.9803059
vn -0.1694573 -0.1272265 0.977291
vn -0.1920973 -0.04581445 0.9803059
vn -0.2131134 0.03492892 0.9764029
vn 0.9634786 -0.08724793 0.2531736
vn 0.9611064 -0.1460423 0.2344059
vn 0.9634786 -0.08724793 0.2531736
vn 0.9622206 -0.02898036 0.2707244
vn 0.1917442 0.03792723 -0.9807118
vn 0.1710826 -0.03856106 -0.9845018
vn 0.1917442 0.03792723 -0.9807118
vn 0.2114431 0.1151617 -0.9705821
vn -0.9696097 0.09551548 -0.2252419
vn -0.9793093 0.0339096 -0.199508
vn -0.9696097 0.09551548 -0.2252419
vn -0.9552504 0.1576047 -0.2503147
vn -0.184025 0.2295209 0.9557484
vn -0.2034829 0.276207 0.9393106
vn -0.184025 0.2295209 0.9557484
vn -0.1694452 0.1949191 0.9660719
vn 0.8768807 0.4383687 0.1972644
vn 0.8682878 0.4519065 0.2045896
vn 0.8768807 0.4383687 0.1972644
vn 0.8833582 0.4277741 0.1915403
vn 0.1769779 0.3457644 -0.9214803
vn 0.1942731 0.3934235 -0.8985966
vn 0.1769779 0.3457644 -0.9214803
vn 0.163844 0.3098549 -0.9365603
vn -0.9307406 0.2869973 -0.2266153
vn -0.9063492 0.3363101 -0.255786
vn -0.9307406 0.2869973 -0.2266153
vn -0.9452857 0.2527785 -0.2062471
vn -0.1825873 -0.0500879 0.981913
vn -0.1737791 -0.06271717 0.9827855
vn -0.1825873 -0.0500879 0.981913
vn -0.1909671 -0.03800357 0.9808605
vn 0.9716805 0.01900655 0.2355329
vn 0.9733205 0.01206007 0.2291322
vn 0.9716805 0.01900655 0.2355329
vn 0.9699852 0.0258178 0.2417894
vn 0.182367 0.04734562 -0.98209
vn 0.1739203 0.03507068 -0.984135
vn 0.182367 0.04734562 -0.98209
vn 0.1911824 0.0602093 -0.9797062
vn -0.9785581 -0.021425 -0.2048535
vn -0.9797835 -0.02894714 -0.1979556
vn -0.9785581 -0.021425 -0.2048535
vn -0.9771964 -0.01372097 -0.2118935
vn -0.1912414 -0.623974 0.7576827
vn -0.1684317 -0.6542711 0.7372653
vn -0.1912414 -0.623974 0.7576827
vn -0.2380277 -0.556515 0.7960113
vn 0.8077044 -0.5142663 0.2883464
vn 0.7680981 -0.5980853 0.2287342
vn 0.8077044 -0.5142663 0.2883464
vn 0.8505753 -0.3672787 0.376335
vn 0.2257213 -0.2162939 -0.9498772
vn 0.1682029 -0.3510787 -0.9211143
vn 0.2257213 -0.2162939 -0.9498772
vn 0.2998401 -0.01318904 -0.9538983
vn -0.7953807 -0.587101 -0.1506057
vn -0.7784739 -0.6153027 -0.1240204
vn -0.7953807 -0.587101 -0.1506057
vn -0.8265854 -0.5236722 -0.2062137
vn -0.01610773 -0.9900405 0.1398585
vn -0.01918318 -0.9912187 0.1308335
vn -0.01610773 -0.9900405 0.1398585
vn -0.0131053 -0.9888026 0.1486527
vn 0.3645164 0.9241784 0.1141148
vn 0.4237268 0.9011579 0.09148758
vn 0.3645164 0.9241784 0.1141148
vn 0.3005741 0.9438226 0.1373102
vn -0.3139757 -0.6540418 0.6882214
vn -0.3966594 -0.7655749 0.506514
vn -0.3139757 -0.6540418 0.6882214
vn -0.2671653 -0.5864738 0.7646379
vn -0.143872 -0.9892389 0.02659347
vn -0.129045 -0.9897798 0.06068894
vn -0.143872 -0.9892389 0.02659347
vn -0.1577432 -0.9874634 -0.005760232
vn -0.4883565 -0.09555725 -0.8673965
vn -0.5881224 -0.2231543 -0.7773765
vn -0.4883565 -0.09555725 -0.8673965
vn -0.2595977 0.1486457 -0.9542084
vn 0.9129381 0.3789737 0.1514035
vn 0.8943461 0.4060356 0.1878303
vn 0.9129381 0.3789737 0.1514035
vn 0.9348444 0.3404173 0.1009058
vn -0.8150067 -0.2479076 0.5237422
vn -0.947513 -0.2859065 0.1430966
vn -0.8150067 -0.2479076 0.5237422
vn -0.5262692 -0.1625383 0.8346388
vn -0.8938032 -0.4457875 -0.04888102
vn -0.8970723 -0.4289412 -0.1061639
vn -0.8938032 -0.4457875 -0.04888102
vn -0.8754417 -0.4771121 0.07723833
vn -0.2642674 0.8611372 -0.4342873
vn -0.2328523 0.8641297 -0.4461611
vn -0.2642674 0.8611372 -0.4342873
vn -0.3309126 0.851364 -0.4070334
vn -0.314205 0.9485517 0.03904882
vn -0.1962957 0.9805446 -0.0005576586
vn -0.314205 0.9485517 0.03904882
vn -0.4343655 0.8971213 0.08062245
vn 0.2075712 -0.4074886 -0.8893072
vn 0.3828377 -0.5915134 -0.7096106
vn 0.2075712 -0.4074886 -0.8893072
vn 0.1265595 -0.3168605 -0.9399906
vn 0.08932886 -0.995814 0.01936201
vn 0.1363181 -0.9852812 0.1031423
vn 0.08932886 -0.995814 0.01936201
vn 0.04182845 -0.9970706 -0.06403631
vn 0.03752014 -0.4987868 0.8659122
vn 0.04429986 -0.5283886 0.8478462
vn 0.03752014 -0.4987868 0.8659122
vn 0.02996114 -0.4652945 0.8846486
vn -0.9373218 0.3464839 -0.03710726
vn -0.9117923 0.4073359 -0.05207928
vn -0.9373218 0.3464839 -0.03710726
vn -0.9721874 0.2339919 -0.009978038
vn 0.7084378 -0.07409655 -0.701873
vn 0.9823855 -0.1300464 -0.1341896
vn 0.7084378 -0.07409655 -0.701873
vn 0.5308256 -0.04509746 -0.8462803
vn 0.6700417 -0.7382518 0.07764221
vn 0.6721452 -0.7351364 0.08829138
vn 0.6700417 -0.7382518 0.07764221
vn 0.6679677 -0.7411197 0.0675328
vn 0.3639857 -0.007527147 0.9313741
vn 0.4504862 -0.05305123 0.8912058
vn 0.3639857 -0.007527147 0.9313741
vn 0.2192641 0.06444962 0.9735346
vn -0.980547 0.1883275 -0.05531947
vn -0.9881839 0.1529703 -0.009635231
vn -0.980547 0.1883275 -0.05531947
vn -0.9487824 0.2702074 -0.1637067
vn 0.6134509 0.1304772 -0.7788797
vn 0.623625 0.1315831 -0.7705698
vn 0.6134509 0.1304772 -0.7788797
vn 0.6001033 0.1290098 -0.7894508
vn 0.9846016 -0.09569462 0.1462948
vn 0.9876714 -0.1036316 0.1173278
vn 0.9846016 -0.09569462 0.1462948
vn 0.9779879 -0.08308516 0.1914064
vn 0.4140721 0.8704582 -0.2661707
vn 0.4693862 0.8357276 -0.2850193
vn 0.4140721 0.8704582 -0.2661707
vn 0.3230667 0.916994 -0.2339867

vt 0.4915283 0.05009982
vt 0.3394896 0.1096961
vt 0.3394896 0.1668797
vt 0.4915283 0.08806342
vt 0.3394896 0.1096961
vt 0.1904366 0.09130388
vt 0.1904366 0.1435418
vt 0.3394896 0.1668797
vt 0.1904366 0.09130388
vt 0.02110028 0
vt 0.02110028 0.01583722
vt 0.1904366 0.1435418
vt 0.02110028 0
vt 0.4915283 0.05009982
vt 0.4915283 0.08806342
vt 0.02110028 0.01583722
vt 0.5327863 0.1474279
vt 0.4915283 0.08806342
vt 0.3394896 0.1668797
vt 0.3564973 0.222656
vt 0.02110028 0
vt 0.1904366 0.09130388
vt 0.3394896 0.1096961
vt 0.4915283 0.05009982
vt 0.3564973 0.222656
vt 0.3394896 0.1668797
vt 0.1904366 0.1435418
vt 0.1685145 0.1690635
vt 0.1685145 0.1690635
vt 0.1904366 0.1435418
vt 0.02110028 0.01583722
vt 0.9338825 0.02363852
vt 0.9338825 0.02363852
vt 0.02110028 0.01583722
vt 0.4915283 0.08806342
vt 0.5327863 0.1474279
vt 0.3906654 0.3388956
vt 0.5327863 0.1474279
vt 0.3564973 0.222656
vt 0.3832427 0.2817892
vt 0.3832427 0.2817892
vt 0.3564973 0.222656
vt 0.1685145 0.1690635
vt 0.1566916 0.2100361
vt 0.1566916 0.2100361
vt 0.1685145 0.1690635
vt 0.9338825 0.02363852
vt 0.1018888 0.2929274
vt 0.8518197 0.3674326
vt 0.1018888 0.2929274
vt 0.9338825 0.02363852
vt 0.815823 0.1801408
vt 0.3906654 0.3388956
vt 0.3832427 0.2817892
vt 0.1566916 0.2100361
vt 0.1018888 0.2929274
vt 0.8038464 0.1477689
vt 0.815823 0.1801408
vt 0.9338825 0.02363852
vt 0.8276175 0.04568774
vt 0.658362 0.2232957
vt 0.5327863 0.1474279
vt 0.3906654 0.3388956
vt 0.66422 0.3858676
vt 0.6704515 0.6447853
vt 0.66422 0.3858676
vt 0.3906654 0.3388956
vt 0.3351015 0.6656389
vt 0.8518197 0.3674326
vt 0.815823 0.1801408
vt 0.658362 0.2232957
vt 0.66422 0.3858676
vt 0.8276175 0.04568774
vt 0.9338825 0.02363852
vt 0.5327863 0.1474279
vt 0.6076592 0.09954175
vt 0.6076592 0.09954175
vt 0.5327863 0.1474279
vt 0.658362 0.2232957
vt 0.6862241 0.1706191
vt 0.6862241 0.1706191
vt 0.658362 0.2232957
vt 0.815823 0.1801408
vt 0.8038464 0.1477689
vt 0.8187397 0.09344006
vt 0.8038464 0.1477689
vt 0.8276175 0.04568774
vt 0.8389679 0.01977971
vt 0.8389679 0.01977971
vt 0.8276175 0.04568774
vt 0.6076592 0.09954175
vt 0.6189014 0.06202725
vt 0.6189014 0.06202725
vt 0.6076592 0.09954175
vt 0.6862241 0.1706191
vt 0.7007827 0.1115357
vt 0.7007827 0.1115357
vt 0.6862241 0.1706191
vt 0.8038464 0.1477689
vt 0.8187397 0.09344006
vt 0.8187397 0.09344006
vt 0.8389679 0.01977971
vt 0.6189014 0.06202725
vt 0.7007827 0.1115357
vt 0.3351015 0.6656389
vt 0.3906654 0.3388956
vt 0.1018888 0.2929274
vt 0.06926751 0.6504764
vt 0.06926751 0.6504764
vt 0.1018888 0.2929274
vt 0.8518197 0.3674326
vt 0.8822567 0.6466665
vt 0.8822567 0.6466665
vt 0.8518197 0.3674326
vt 0.66422 0.3858676
vt 0.6704515 0.6447853
vt 0.6932068 0.8728004
vt 0.6704515 0.6447853
vt 0.3351015 0.6656389
vt 0.2679694 0.8889689
vt 0.2679694 0.8889689
vt 0.3351015 0.6656389
vt 0.06926751 0.6504764
vt 0.03484577 0.8188841
vt 0.03484577 0.8188841
vt 0.06926751 0.6504764
vt 0.8822567 0.6466665
vt 0.9076258 0.822283
vt 0.9076258 0.822283
vt 0.8822567 0.6466665
vt 0.6704515 0.6447853
vt 0.6932068 0.8728004
vt 0.7533319 0.9559818
vt 0.6932068 0.8728004
vt 0.2679694 0.8889689
vt 0.2108525 0.9784589
vt 0.1874701 0.8483266
vt 0.2108525 0.9784589
vt 0.2679694 0.8889689
vt 0.2319804 0.7875808
vt 0.01004717 0.9184257
vt 0.03484577 0.8188841
vt 0.9076258 0.822283
vt 0.9329081 0.9120027
vt 0.8499842 0.8017533
vt 0.9329081 0.9120027
vt 0.9076258 0.822283
vt 0.8631883 0.7314245
vt 0.7706584 0.9598985
vt 0.7533319 0.9559818
vt 0.2108525 0.9784589
vt 0.2065841 0.9904581
vt 0.2065841 0.9904581
vt 0.2108525 0.9784589
vt 0.01004717 0.9184257
vt 0.007534832 0.930575
vt 0.007534832 0.930575
vt 0.01004717 0.9184257
vt 0.9329081 0.9120027
vt 0.9382679 0.9193141
vt 0.9382679 0.9193141
vt 0.9329081 0.9120027
vt 0.7533319 0.9559818
vt 0.7706584 0.9598985
vt 0.7449867 0.9582731
vt 0.7706584 0.9598985
vt 0.2065841 0.9904581
vt 0.219139 0.9702923
vt 0.219139 0.9702923
vt 0.2065841 0.9904581
vt 0.007534832 0.930575
vt 0.02025145 0.9130996
vt 0.02025145 0.9130996
vt 0.007534832 0.930575
vt 0.9382679 0.9193141
vt 0.936725 0.912109
vt 0.936725 0.912109
vt 0.9382679 0.9193141
vt 0.7706584 0.9598985
vt 0.7449867 0.9582731
vt 0.777262 0.979461
vt 0.7449867 0.9582731
vt 0.219139 0.9702923
vt 0.1870085 0.9859836
vt 0.1870085 0.9859836
vt 0.219139 0.9702923
vt 0.02025145 0.9130996
vt 0.01518098 0.9345697
vt 0.01518098 0.9345697
vt 0.02025145 0.9130996
vt 0.936725 0.912109
vt 0.9520668 0.9344338
vt 0.9520668 0.9344338
vt 0.936725 0.912109
vt 0.7449867 0.9582731
vt 0.777262 0.979461
vt 0.9102812 0.9937575
vt 0.777262 0.979461
vt 0.1870085 0.9859836
vt 0.07446927 1
vt 0.07446927 1
vt 0.1870085 0.9859836
vt 0.01518098 0.9345697
vt 2.980232E-08 0.9574411
vt 2.980232E-08 0.9574411
vt 0.01518098 0.9345697
vt 0.9520668 0.9344338
vt 1 0.9563386
vt 1 0.9563386
vt 0.9520668 0.9344338
vt 0.777262 0.979461
vt 0.9102812 0.9937575
vt 0.9102812 0.9937575
vt 0.07446927 1
vt 2.980232E-08 0.9574411
vt 1 0.9563386
vt 0.8631883 0.7314245
vt 0.9076258 0.822283
vt 0.6932068 0.8728004
vt 0.7252209 0.7762104
vt 0.7252209 0.7762104
vt 0.6932068 0.8728004
vt 0.7533319 0.9559818
vt 0.7705276 0.8268229
vt 0.7705276 0.8268229
vt 0.7533319 0.9559818
vt 0.9329081 0.9120027
vt 0.8499842 0.8017533
vt 0.791558 0.5789354
vt 0.8499842 0.8017533
vt 0.8631883 0.7314245
vt 0.807847 0.5795956
vt 0.807847 0.5795956
vt 0.8631883 0.7314245
vt 0.7252209 0.7762104
vt 0.7480134 0.5419883
vt 0.7480134 0.5419883
vt 0.7252209 0.7762104
vt 0.7705276 0.8268229
vt 0.7616602 0.5618042
vt 0.7616602 0.5618042
vt 0.7705276 0.8268229
vt 0.8499842 0.8017533
vt 0.791558 0.5789354
vt 0.791558 0.5789354
vt 0.807847 0.5795956
vt 0.7480134 0.5419883
vt 0.7616602 0.5618042
vt 0.2319804 0.7875808
vt 0.2679694 0.8889689
vt 0.03484577 0.8188841
vt 0.08468878 0.7352789
vt 0.08468878 0.7352789
vt 0.03484577 0.8188841
vt 0.01004717 0.9184257
vt 0.1006141 0.8160357
vt 0.1006141 0.8160357
vt 0.01004717 0.9184257
vt 0.2108525 0.9784589
vt 0.1874701 0.8483266
vt 0.215205 0.7153255
vt 0.1874701 0.8483266
vt 0.2319804 0.7875808
vt 0.253091 0.6908778
vt 0.253091 0.6908778
vt 0.2319804 0.7875808
vt 0.08468878 0.7352789
vt 0.1159743 0.693131
vt 0.1159743 0.693131
vt 0.08468878 0.7352789
vt 0.1006141 0.8160357
vt 0.1519491 0.7082368
vt 0.1519491 0.7082368
vt 0.1006141 0.8160357
vt 0.1874701 0.8483266
vt 0.215205 0.7153255
vt 0.224339 0.48392
vt 0.215205 0.7153255
vt 0.253091 0.6908778
vt 0.2411453 0.4483943
vt 0.2411453 0.4483943
vt 0.253091 0.6908778
vt 0.1159743 0.693131
vt 0.1693299 0.4852898
vt 0.1693299 0.4852898
vt 0.1159743 0.693131
vt 0.1519491 0.7082368
vt 0.1887583 0.4990488
vt 0.1887583 0.4990488
vt 0.1519491 0.7082368
vt 0.215205 0.7153255
vt 0.224339 0.48392
vt 0.224339 0.48392
vt 0.2411453 0.4483943
vt 0.1693299 0.4852898
vt 0.1887583 0.4990488

usemap Standard_A68556
usemtl Standard_A68556
f 4/4/4 3/3/3 2/2/2 1/1/1 
f 8/8/8 7/7/7 6/6/6 5/5/5 
f 12/12/12 11/11/11 10/10/10 9/9/9 
f 16/16/16 15/15/15 14/14/14 13/13/13 
f 20/20/20 19/19/19 18/18/18 17/17/17 
f 24/24/24 23/23/23 22/22/22 21/21/21 
f 28/28/28 27/27/27 26/26/26 25/25/25 
f 32/32/32 31/31/31 30/30/30 29/29/29 
f 36/36/36 35/35/35 34/34/34 33/33/33 
f 40/40/40 39/39/39 38/38/38 37/37/37 
f 44/44/44 43/43/43 42/42/42 41/41/41 
f 48/48/48 47/47/47 46/46/46 45/45/45 
f 52/52/52 51/51/51 50/50/50 49/49/49 
f 56/56/56 55/55/55 54/54/54 53/53/53 
f 60/60/60 59/59/59 58/58/58 57/57/57 
f 64/64/64 63/63/63 62/62/62 61/61/61 
f 68/68/68 67/67/67 66/66/66 65/65/65 
f 72/72/72 71/71/71 70/70/70 69/69/69 
f 76/76/76 75/75/75 74/74/74 73/73/73 
f 80/80/80 79/79/79 78/78/78 77/77/77 
f 84/84/84 83/83/83 82/82/82 81/81/81 
f 88/88/88 87/87/87 86/86/86 85/85/85 
f 92/92/92 91/91/91 90/90/90 89/89/89 
f 96/96/96 95/95/95 94/94/94 93/93/93 
f 100/100/100 99/99/99 98/98/98 97/97/97 
f 104/104/104 103/103/103 102/102/102 101/101/101 
f 108/108/108 107/107/107 106/106/106 105/105/105 
f 112/112/112 111/111/111 110/110/110 109/109/109 
f 116/116/116 115/115/115 114/114/114 113/113/113 
f 120/120/120 119/119/119 118/118/118 117/117/117 
f 124/124/124 123/123/123 122/122/122 121/121/121 
f 128/128/128 127/127/127 126/126/126 125/125/125 
f 132/132/132 131/131/131 130/130/130 129/129/129 
f 136/136/136 135/135/135 134/134/134 133/133/133 
f 140/140/140 139/139/139 138/138/138 137/137/137 
f 144/144/144 143/143/143 142/142/142 141/141/141 
f 148/148/148 147/147/147 146/146/146 145/145/145 
f 152/152/152 151/151/151 150/150/150 149/149/149 
f 156/156/156 155/155/155 154/154/154 153/153/153 
f 160/160/160 159/159/159 158/158/158 157/157/157 
f 164/164/164 163/163/163 162/162/162 161/161/161 
f 168/168/168 167/167/167 166/166/166 165/165/165 
f 172/172/172 171/171/171 170/170/170 169/169/169 
f 176/176/176 175/175/175 174/174/174 173/173/173 
f 180/180/180 179/179/179 178/178/178 177/177/177 
f 184/184/184 183/183/183 182/182/182 181/181/181 
f 188/188/188 187/187/187 186/186/186 185/185/185 
f 192/192/192 191/191/191 190/190/190 189/189/189 
f 196/196/196 195/195/195 194/194/194 193/193/193 
f 200/200/200 199/199/199 198/198/198 197/197/197 
f 204/204/204 203/203/203 202/202/202 201/201/201 
f 208/208/208 207/207/207 206/206/206 205/205/205 
f 212/212/212 211/211/211 210/210/210 209/209/209 
f 216/216/216 215/215/215 214/214/214 213/213/213 
f 220/220/220 219/219/219 218/218/218 217/217/217 
f 224/224/224 223/223/223 222/222/222 221/221/221 
f 228/228/228 227/227/227 226/226/226 225/225/225 
f 232/232/232 231/231/231 230/230/230 229/229/229 
f 236/236/236 235/235/235 234/234/234 233/233/233 
f 240/240/240 239/239/239 238/238/238 237/237/237 
f 244/244/244 243/243/243 242/242/242 241/241/241 
f 248/248/248 247/247/247 246/246/246 245/245/245 
f 252/252/252 251/251/251 250/250/250 249/249/249 
f 256/256/256 255/255/255 254/254/254 253/253/253 
f 260/260/260 259/259/259 258/258/258 257/257/257 
f 264/264/264 263/263/263 262/262/262 261/261/261 
f 268/268/268 267/267/267 266/266/266 265/265/265 
f 272/272/272 271/271/271 270/270/270 269/269/269 
f 276/276/276 275/275/275 274/274/274 273/273/273 
f 280/280/280 279/279/279 278/278/278 277/277/277 
f 284/284/284 283/283/283 282/282/282 281/281/281 
f 288/288/288 287/287/287 286/286/286 285/285/285 
f 292/292/292 291/291/291 290/290/290 289/289/289 
f 296/296/296 295/295/295 294/294/294 293/293/293 

g p.0077
usemap Standard_5A3C20
usemtl Standard_5A3C20
v 1.634045 -1.940894 1.499653
v 1.621987 -1.94221 1.499984
v 1.610294 -1.944316 1.497522
v 1.599645 -1.947088 1.492411
v 1.590658 -1.950367 1.484946
v 1.583856 -1.95396 1.475562
v 1.579635 -1.95766 1.464805
v 1.57824 -1.961252 1.4533
v 1.579751 -1.964526 1.441714
v 1.584081 -1.967293 1.430722
v 1.590979 -1.969391 1.420963
v 1.600042 -1.970699 1.413003
v 1.610746 -1.971141 1.407305
v 1.622467 -1.970691 1.4042
v 1.634524 -1.969375 1.403869
v 1.646218 -1.967269 1.406331
v 1.656867 -1.964497 1.411443
v 1.665854 -1.961219 1.418908
v 1.672655 -1.957625 1.428291
v 1.676876 -1.953925 1.439049
v 1.678272 -1.950333 1.450554
v 1.676761 -1.947059 1.462139
v 1.672431 -1.944292 1.473131
v 1.665533 -1.942194 1.482891
v 1.656469 -1.940886 1.490851
v 1.645766 -1.940444 1.496549
v 1.635152 -1.925562 1.515203
v 1.618445 -1.927386 1.515661
v 1.602242 -1.930303 1.51225
v 1.587486 -1.934145 1.505167
v 1.575034 -1.938687 1.494823
v 1.565609 -1.943667 1.481821
v 1.55976 -1.948794 1.466915
v 1.557827 -1.95377 1.450973
v 1.559921 -1.958307 1.43492
v 1.565921 -1.962141 1.419689
v 1.575478 -1.965049 1.406166
v 1.588037 -1.966861 1.395136
v 1.602868 -1.967473 1.387241
v 1.61911 -1.966849 1.382939
v 1.635817 -1.965026 1.38248
v 1.65202 -1.962108 1.385892
v 1.666776 -1.958267 1.392975
v 1.679228 -1.953724 1.403318
v 1.688652 -1.948745 1.41632
v 1.694502 -1.943618 1.431226
v 1.696435 -1.938641 1.447169
v 1.694341 -1.934104 1.463222
v 1.688341 -1.93027 1.478452
v 1.678784 -1.927363 1.491976
v 1.666225 -1.92555 1.503005
v 1.651394 -1.924938 1.510901
v 1.635623 -1.911868 1.525504
v 1.615592 -1.914055 1.526054
v 1.596166 -1.917552 1.521963
v 1.578474 -1.922158 1.513471
v 1.563544 -1.927604 1.50107
v 1.552245 -1.933575 1.485481
v 1.545232 -1.939722 1.46761
v 1.542913 -1.945688 1.448495
v 1.545424 -1.951128 1.429248
v 1.552618 -1.955724 1.410987
v 1.564076 -1.959211 1.394773
v 1.579134 -1.961384 1.381549
v 1.596916 -1.962118 1.372083
v 1.616389 -1.96137 1.366925
v 1.63642 -1.959183 1.366375
v 1.655847 -1.955685 1.370466
v 1.673539 -1.951079 1.378958
v 1.688468 -1.945633 1.391359
v 1.699768 -1.939663 1.406948
v 1.706781 -1.933516 1.424819
v 1.709099 -1.927549 1.443934
v 1.706588 -1.922109 1.463181
v 1.699395 -1.917513 1.481442
v 1.687936 -1.914027 1.497656
v 1.672878 -1.911854 1.51088
v 1.655096 -1.91112 1.520346
v 1.635742 -1.89908 1.532901
v 1.61312 -1.90155 1.533522
v 1.591182 -1.9055 1.528903
v 1.571202 -1.910701 1.519312
v 1.554342 -1.916852 1.505308
v 1.541581 -1.923594 1.487702
v 1.533661 -1.930536 1.46752
v 1.531043 -1.937274 1.445934
v 1.533878 -1.943418 1.424198
v 1.542002 -1.948608 1.403575
v 1.554943 -1.952545 1.385265
v 1.571948 -1.954999 1.37033
v 1.59203 -1.955828 1.35964
v 1.61402 -1.954983 1.353815
v 1.636642 -1.952514 1.353194
v 1.658581 -1.948564 1.357814
v 1.678561 -1.943362 1.367404
v 1.695421 -1.937212 1.381409
v 1.708182 -1.93047 1.399014
v 1.716101 -1.923528 1.419196
v 1.71872 -1.916789 1.440783
v 1.715884 -1.910646 1.462519
v 1.70776 -1.905455 1.483141
v 1.69482 -1.901518 1.501452
v 1.677815 -1.899064 1.516386
v 1.657733 -1.898236 1.527076
v 1.63562 -1.886913 1.538312
v 1.61091 -1.88961 1.538991
v 1.586946 -1.893925 1.533945
v 1.565121 -1.899607 1.523469
v 1.546704 -1.906325 1.508171
v 1.532765 -1.91369 1.48894
v 1.524114 -1.921273 1.466895
v 1.521254 -1.928633 1.443315
v 1.524351 -1.935344 1.419572
v 1.533225 -1.941014 1.397046
v 1.547361 -1.945314 1.377045
v 1.565936 -1.947995 1.360732
v 1.587872 -1.9489 1.349054
v 1.611893 -1.947977 1.342692
v 1.636603 -1.94528 1.342014
v 1.660567 -1.940965 1.347059
v 1.682392 -1.935283 1.357535
v 1.700809 -1.928565 1.372833
v 1.714748 -1.9212 1.392064
v 1.723399 -1.913617 1.414109
v 1.726259 -1.906257 1.437689
v 1.723162 -1.899546 1.461432
v 1.714288 -1.893876 1.483958
v 1.700152 -1.889576 1.503959
v 1.681577 -1.886895 1.520273
v 1.659641 -1.88599 1.53195
v 1.635315 -1.875218 1.54221
v 1.608898 -1.878101 1.542935
v 1.583279 -1.882714 1.537541
v 1.559948 -1.888788 1.526341
v 1.540259 -1.89597 1.509987
v 1.525358 -1.903844 1.489429
v 1.51611 -1.91195 1.465861
v 1.513052 -1.919819 1.440653
v 1.516363 -1.926992 1.415271
v 1.52585 -1.933054 1.391189
v 1.540961 -1.937651 1.369807
v 1.560819 -1.940517 1.352368
v 1.584269 -1.941485 1.339884
v 1.609949 -1.940498 1.333082
v 1.636366 -1.937615 1.332357
v 1.661984 -1.933002 1.337751
v 1.685316 -1.926928 1.348951
v 1.705004 -1.919746 1.365305
v 1.719906 -1.911873 1.385863
v 1.729154 -1.903766 1.409431
v 1.732211 -1.895897 1.434638
v 1.7289 -1.888724 1.460021
v 1.719414 -1.882662 1.484103
v 1.704302 -1.878065 1.505485
v 1.684444 -1.875199 1.522924
v 1.660994 -1.874231 1.535408
v 1.634859 -1.863908 1.544872
v 1.607048 -1.866944 1.545635
v 1.580078 -1.8718 1.539956
v 1.555515 -1.878195 1.528166
v 1.534787 -1.885756 1.510949
v 1.519099 -1.894045 1.489305
v 1.509363 -1.902579 1.464494
v 1.506144 -1.910863 1.437956
v 1.50963 -1.918415 1.411234
v 1.519617 -1.924797 1.385881
v 1.535526 -1.929637 1.363371
v 1.556432 -1.932654 1.345011
v 1.58112 -1.933673 1.331869
v 1.608155 -1.932634 1.324708
v 1.635966 -1.929598 1.323945
v 1.662936 -1.924742 1.329623
v 1.687499 -1.918348 1.341414
v 1.708227 -1.910786 1.358631
v 1.723914 -1.902498 1.380274
v 1.733651 -1.893963 1.405086
v 1.736869 -1.885679 1.431623
v 1.733384 -1.878127 1.458345
v 1.723396 -1.871746 1.483698
v 1.707487 -1.866906 1.506209
v 1.686582 -1.863889 1.524569
v 1.661894 -1.86287 1.537711
v 1.634275 -1.852929 1.546477
v 1.605337 -1.856087 1.547271
v 1.577274 -1.86114 1.541363
v 1.551715 -1.867794 1.529094
v 1.530147 -1.875662 1.511179
v 1.513824 -1.884287 1.488659
v 1.503693 -1.893167 1.462842
v 1.500344 -1.901787 1.435228
v 1.503971 -1.909645 1.407423
v 1.514363 -1.916285 1.381043
v 1.530917 -1.921321 1.35762
v 1.55267 -1.92446 1.338516
v 1.578358 -1.925521 1.324841
v 1.606489 -1.92444 1.31739
v 1.635427 -1.921281 1.316596
v 1.663491 -1.916228 1.322504
v 1.689049 -1.909574 1.334773
v 1.710617 -1.901707 1.352688
v 1.72694 -1.893082 1.375208
v 1.737071 -1.884202 1.401026
v 1.740421 -1.875582 1.428639
v 1.736794 -1.867724 1.456444
v 1.726401 -1.861084 1.482824
v 1.709848 -1.856047 1.506247
v 1.688094 -1.852908 1.525351
v 1.662406 -1.851848 1.539026
v 1.633578 -1.842241 1.547146
v 1.60375 -1.845497 1.547965
v 1.574822 -1.850706 1.541874
v 1.548477 -1.857564 1.529228
v 1.526246 -1.865674 1.510762
v 1.509419 -1.874564 1.487548
v 1.498977 -1.883718 1.460937
v 1.495524 -1.892603 1.432473
v 1.499263 -1.900703 1.403813
v 1.509975 -1.907548 1.37662
v 1.527038 -1.912739 1.352477
v 1.549461 -1.915975 1.332785
v 1.57594 -1.917067 1.318689
v 1.604936 -1.915953 1.311008
v 1.634765 -1.912698 1.31019
v 1.663692 -1.907489 1.31628
v 1.690037 -1.90063 1.328926
v 1.712269 -1.89252 1.347393
v 1.729095 -1.88363 1.370606
v 1.739538 -1.874477 1.397218
v 1.74299 -1.865592 1.425681
v 1.739252 -1.857492 1.454342
v 1.728539 -1.850647 1.481534
v 1.711476 -1.845456 1.505678
v 1.689054 -1.84222 1.52537
v 1.662575 -1.841127 1.539466
v 1.632777 -1.831821 1.546961
v 1.602274 -1.83515 1.547798
v 1.572692 -1.840477 1.54157
v 1.545751 -1.84749 1.528638
v 1.523017 -1.855784 1.509754
v 1.50581 -1.864875 1.486015
v 1.495131 -1.874236 1.458801
v 1.491601 -1.883322 1.429694
v 1.495424 -1.891605 1.400385
v 1.506378 -1.898604 1.372578
v 1.523827 -1.903913 1.347888
v 1.546757 -1.907222 1.32775
v 1.573835 -1.908339 1.313336
v 1.603488 -1.9072 1.305481
v 1.633991 -1.903871 1.304644
v 1.663573 -1.898544 1.310873
v 1.690514 -1.891531 1.323805
v 1.713248 -1.883237 1.342689
v 1.730455 -1.874146 1.366428
v 1.741134 -1.864785 1.393641
v 1.744664 -1.855699 1.422748
v 1.740841 -1.847416 1.452057
v 1.729887 -1.840417 1.479865
v 1.712437 -1.835108 1.504555
v 1.689508 -1.831799 1.524692
v 1.66243 -1.830682 1.539107
v 1.63188 -1.821649 1.545977
v 1.600903 -1.825031 1.546827
v 1.570863 -1.830439 1.540502
v 1.543504 -1.837562 1.527369
v 1.520417 -1.845984 1.508193
v 1.502944 -1.855216 1.484086
v 1.492099 -1.864722 1.45645
v 1.488514 -1.873949 1.426892
v 1.492396 -1.882361 1.397128
v 1.503521 -1.889468 1.36889
v 1.52124 -1.894859 1.343817
v 1.544526 -1.89822 1.323367
v 1.572024 -1.899354 1.308729
v 1.602136 -1.898198 1.300753
v 1.633112 -1.894817 1.299903
v 1.663152 -1.889408 1.306228
v 1.690511 -1.882285 1.319361
v 1.713598 -1.873863 1.338537
v 1.731071 -1.864631 1.362644
v 1.741916 -1.855125 1.39028
v 1.745501 -1.845898 1.419838
v 1.741619 -1.837487 1.449602
v 1.730494 -1.830379 1.47784
v 1.712775 -1.824988 1.502913
v 1.689489 -1.821627 1.523363
v 1.661992 -1.820493 1.538001
v 1.630889 -1.811716 1.54423
v 1.599633 -1.815128 1.545088
v 1.56932 -1.820586 1.538706
v 1.541714 -1.827773 1.525455
v 1.518418 -1.836271 1.506104
v 1.500787 -1.845587 1.481779
v 1.489844 -1.855178 1.453893
v 1.486226 -1.864489 1.424067
v 1.490144 -1.872977 1.394035
v 1.501369 -1.880149 1.365541
v 1.519249 -1.885588 1.340241
v 1.542745 -1.888979 1.319606
v 1.570492 -1.890124 1.304836
v 1.600876 -1.888957 1.296787
v 1.632133 -1.885545 1.29593
v 1.662445 -1.880087 1.302312
v 1.690052 -1.872901 1.315563
v 1.713347 -1.864402 1.334914
v 1.730979 -1.855087 1.359239
v 1.741922 -1.845495 1.387124
v 1.745539 -1.836185 1.41695
v 1.741622 -1.827697 1.446983
v 1.730397 -1.820524 1.475477
v 1.712517 -1.815085 1.500777
v 1.689021 -1.811694 1.521411
v 1.661274 -1.810549 1.536182
v 1.629809 -1.802014 1.541742
v 1.59846 -1.805436 1.542602
v 1.568057 -1.81091 1.536201
v 1.540369 -1.818119 1.52291
v 1.517004 -1.826642 1.503502
v 1.49932 -1.835986 1.479105
v 1.488345 -1.845606 1.451136
v 1.484716 -1.854944 1.421222
v 1.488645 -1.863457 1.3911
v 1.499904 -1.870651 1.362521
v 1.517837 -1.876106 1.337146
v 1.541403 -1.879507 1.31645
v 1.569232 -1.880656 1.301636
v 1.599707 -1.879485 1.293564
v 1.631056 -1.876063 1.292703
v 1.661459 -1.870589 1.299104
v 1.689147 -1.863381 1.312395
v 1.712512 -1.854857 1.331803
v 1.730196 -1.845514 1.3562
v 1.741171 -1.835894 1.384169
v 1.7448 -1.826555 1.414083
v 1.740871 -1.818042 1.444205
v 1.729612 -1.810849 1.472784
v 1.711679 -1.805393 1.498159
v 1.688113 -1.801992 1.518855
v 1.660284 -1.800844 1.53367
v 1.62864 -1.792542 1.538518
v 1.597383 -1.795954 1.539376
v 1.567071 -1.801412 1.532993
v 1.539464 -1.808599 1.519742
v 1.516169 -1.817097 1.500392
v 1.498537 -1.826413 1.476067
v 1.487594 -1.836005 1.448181
v 1.483977 -1.845315 1.418355
v 1.487894 -1.853803 1.388322
v 1.499119 -1.860975 1.359828
v 1.516999 -1.866415 1.334528
v 1.540496 -1.869805 1.313894
v 1.568242 -1.870951 1.299123
v 1.598627 -1.869783 1.291075
v 1.629883 -1.866372 1.290217
v 1.660196 -1.860914 1.296599
v 1.687802 -1.853727 1.309851
v 1.711098 -1.845229 1.329201
v 1.728729 -1.835913 1.353526
v 1.739672 -1.826321 1.381412
v 1.74329 -1.817011 1.411238
v 1.739372 -1.808523 1.441271
v 1.728147 -1.801351 1.469765
v 1.710267 -1.795911 1.495064
v 1.686771 -1.79252 1.515699
v 1.659024 -1.791375 1.53047
v 1.62738 -1.783302 1.534552
v 1.596404 -1.786683 1.535402
v 1.566364 -1.792092 1.529077
v 1.539005 -1.799214 1.515945
v 1.515918 -1.807636 1.496768
v 1.498445 -1.816869 1.472661
v 1.4876 -1.826374 1.445025
v 1.484015 -1.835601 1.415467
v 1.487897 -1.844013 1.385704
v 1.499022 -1.851121 1.357465
v 1.516741 -1.856512 1.332392
v 1.540027 -1.859872 1.311943
v 1.567524 -1.861007 1.297304
v 1.597636 -1.85985 1.289328
v 1.628613 -1.856469 1.288478
v 1.658653 -1.85106 1.294803
v 1.686012 -1.843938 1.307936
v 1.709099 -1.835515 1.327113
v 1.726572 -1.826283 1.351219
v 1.737417 -1.816778 1.378855
v 1.741002 -1.807551 1.408414
v 1.73712 -1.799139 1.438177
v 1.725995 -1.792031 1.466416
v 1.708276 -1.78664 1.491488
v 1.68499 -1.78328 1.511938
v 1.657492 -1.782145 1.526576
v 1.626029 -1.774299 1.529824
v 1.595525 -1.777629 1.530661
v 1.565943 -1.782955 1.524433
v 1.539002 -1.789969 1.5115
v 1.516268 -1.798262 1.492616
v 1.499061 -1.807353 1.468878
v 1.488382 -1.816714 1.441664
v 1.484852 -1.8258 1.412557
v 1.488675 -1.834083 1.383248
v 1.499629 -1.841083 1.35544
v 1.517079 -1.846391 1.330751
v 1.540008 -1.8497 1.310613
v 1.567086 -1.850818 1.296198
v 1.596739 -1.849679 1.288344
v 1.627242 -1.846349 1.287507
v 1.656824 -1.841023 1.293736
v 1.683765 -1.834009 1.306668
v 1.706499 -1.825716 1.325552
v 1.723706 -1.816625 1.34929
v 1.734385 -1.807264 1.376504
v 1.737915 -1.798178 1.405611
v 1.734092 -1.789895 1.43492
v 1.723138 -1.782895 1.462728
v 1.705689 -1.777587 1.487417
v 1.682759 -1.774278 1.507555
v 1.655681 -1.77316 1.52197
v 1.62458 -1.765546 1.524297
v 1.594751 -1.768802 1.525115
v 1.565824 -1.77401 1.519025
v 1.539479 -1.780869 1.506379
v 1.517247 -1.788979 1.487913
v 1.500421 -1.797869 1.464699
v 1.489978 -1.807023 1.438087
v 1.486526 -1.815908 1.409624
v 1.490264 -1.824008 1.380963
v 1.500977 -1.830852 1.353771
v 1.51804 -1.836043 1.329627
v 1.540462 -1.839279 1.309935
v 1.566941 -1.840372 1.295839
v 1.595938 -1.839258 1.288159
v 1.625767 -1.836002 1.28734
v 1.654694 -1.830794 1.293431
v 1.681039 -1.823935 1.306077
v 1.703271 -1.815825 1.324543
v 1.720096 -1.806935 1.347757
v 1.730539 -1.797782 1.374369
v 1.733992 -1.788897 1.402832
v 1.730253 -1.780796 1.431493
v 1.719541 -1.773952 1.458685
v 1.702478 -1.768761 1.482829
v 1.680055 -1.765525 1.502521
v 1.653576 -1.764432 1.516616
v 1.623027 -1.75706 1.517915
v 1.594089 -1.760218 1.51871
v 1.566025 -1.765271 1.512801
v 1.540467 -1.771925 1.500533
v 1.518899 -1.779793 1.482617
v 1.502576 -1.788418 1.460097
v 1.492445 -1.797298 1.43428
v 1.489095 -1.805918 1.406666
v 1.492722 -1.813776 1.378861
v 1.503115 -1.820416 1.352481
v 1.519668 -1.825452 1.329058
v 1.541422 -1.828591 1.309954
v 1.56711 -1.829651 1.296279
v 1.595241 -1.828571 1.288828
v 1.624179 -1.825412 1.288034
v 1.652242 -1.820359 1.293942
v 1.677801 -1.813705 1.306211
v 1.699369 -1.805838 1.324126
v 1.715692 -1.797213 1.346646
v 1.725823 -1.788333 1.372464
v 1.729172 -1.779713 1.400077
v 1.725546 -1.771855 1.427882
v 1.715153 -1.765214 1.454262
v 1.6986 -1.760178 1.477685
v 1.676846 -1.757039 1.496789
v 1.651158 -1.755979 1.510464
v 1.621361 -1.748865 1.510597
v 1.59355 -1.751901 1.511361
v 1.56658 -1.756757 1.505682
v 1.542017 -1.763152 1.493892
v 1.521289 -1.770713 1.476674
v 1.505602 -1.779002 1.455031
v 1.495865 -1.787536 1.43022
v 1.492647 -1.79582 1.403682
v 1.496132 -1.803373 1.37696
v 1.50612 -1.809754 1.351607
v 1.522029 -1.814594 1.329097
v 1.542934 -1.817611 1.310737
v 1.567622 -1.81863 1.297594
v 1.594657 -1.817591 1.290434
v 1.622468 -1.814556 1.28967
v 1.649438 -1.809699 1.295349
v 1.674001 -1.803305 1.307139
v 1.694729 -1.795743 1.324357
v 1.710417 -1.787455 1.346
v 1.720153 -1.77892 1.370811
v 1.723372 -1.770636 1.397349
v 1.719886 -1.763084 1.424071
v 1.709899 -1.756703 1.449424
v 1.69399 -1.751863 1.471934
v 1.673084 -1.748846 1.490294
v 1.648396 -1.747827 1.503437
v 1.619567 -1.741001 1.502223
v 1.59315 -1.743885 1.502948
v 1.567532 -1.748497 1.497554
v 1.5442 -1.754571 1.486355
v 1.524512 -1.761754 1.47
v 1.50961 -1.769627 1.449442
v 1.500362 -1.777733 1.425874
v 1.497305 -1.785602 1.400667
v 1.500616 -1.792776 1.375285
v 1.510102 -1.798837 1.351203
v 1.525214 -1.803435 1.329821
v 1.545072 -1.8063 1.312381
v 1.568522 -1.807268 1.299898
v 1.594201 -1.806282 1.293096
v 1.620618 -1.803398 1.292371
v 1.646237 -1.798786 1.297765
v 1.669568 -1.792711 1.308964
v 1.689257 -1.785529 1.325318
v 1.704158 -1.777656 1.345876
v 1.713406 -1.769549 1.369444
v 1.716464 -1.761681 1.394652
v 1.713153 -1.754507 1.420034
v 1.703666 -1.748446 1.444116
v 1.688555 -1.743848 1.465498
v 1.668697 -1.740982 1.482938
v 1.645247 -1.740015 1.495421
v 1.617623 -1.733522 1.492613
v 1.592913 -1.73622 1.493292
v 1.568949 -1.740534 1.488246
v 1.547124 -1.746216 1.47777
v 1.528707 -1.752935 1.462472
v 1.514768 -1.760299 1.443241
v 1.506117 -1.767882 1.421196
v 1.503257 -1.775243 1.397616
v 1.506354 -1.781953 1.373873
v 1.515228 -1.787623 1.351347
v 1.529364 -1.791924 1.331346
v 1.547939 -1.794604 1.315032
v 1.569875 -1.795509 1.303355
v 1.593896 -1.794587 1.296993
v 1.618606 -1.79189 1.296314
v 1.64257 -1.787575 1.30136
v 1.664395 -1.781893 1.311836
v 1.682812 -1.775174 1.327134
v 1.696751 -1.76781 1.346365
v 1.705402 -1.760227 1.36841
v 1.708262 -1.752866 1.39199
v 1.705165 -1.746156 1.415733
v 1.696291 -1.740486 1.438259
v 1.682155 -1.736186 1.45826
v 1.66358 -1.733505 1.474574
v 1.641644 -1.732599 1.486251
v 1.615496 -1.726516 1.48149
v 1.592874 -1.728985 1.482111
v 1.570935 -1.732935 1.477492
v 1.550955 -1.738137 1.467901
v 1.534095 -1.744288 1.453896
v 1.521334 -1.75103 1.436291
v 1.513415 -1.757972 1.416109
v 1.510796 -1.76471 1.394522
v 1.513632 -1.770853 1.372786
v 1.521756 -1.776044 1.352164
v 1.534696 -1.779981 1.333853
v 1.551702 -1.782435 1.318919
v 1.571783 -1.783264 1.308229
v 1.593774 -1.782419 1.302404
v 1.616396 -1.77995 1.301783
v 1.638334 -1.776 1.306402
v 1.658314 -1.770798 1.315993
v 1.675174 -1.764648 1.329998
v 1.687935 -1.757905 1.347603
v 1.695855 -1.750963 1.367785
v 1.698473 -1.744225 1.389371
v 1.695638 -1.738082 1.411108
v 1.687514 -1.732891 1.43173
v 1.674573 -1.728954 1.450041
v 1.657568 -1.7265 1.464975
v 1.637486 -1.725671 1.475665
v 1.613127 -1.72013 1.46838
v 1.593096 -1.722316 1.46893
v 1.573669 -1.725814 1.46484
v 1.555977 -1.73042 1.456347
v 1.541048 -1.735866 1.443946
v 1.529748 -1.741837 1.428357
v 1.522735 -1.747984 1.410486
v 1.520417 -1.75395 1.391371
v 1.522928 -1.75939 1.372124
v 1.530121 -1.763986 1.353863
v 1.54158 -1.767473 1.337649
v 1.556638 -1.769646 1.324425
v 1.57442 -1.77038 1.314959
v 1.593893 -1.769631 1.309801
v 1.613924 -1.767445 1.309252
v 1.63335 -1.763947 1.313342
v 1.651042 -1.759341 1.321834
v 1.665972 -1.753895 1.334235
v 1.677271 -1.747925 1.349824
v 1.684284 -1.741778 1.367696
v 1.686603 -1.735811 1.38681
v 1.684092 -1.730371 1.406057
v 1.676898 -1.725775 1.424318
v 1.66544 -1.722289 1.440532
v 1.650382 -1.720116 1.453756
v 1.6326 -1.719382 1.463222
v 1.610406 -1.71465 1.452366
v 1.593699 -1.716474 1.452825
v 1.577496 -1.719391 1.449414
v 1.56274 -1.723233 1.44233
v 1.550288 -1.727775 1.431987
v 1.540864 -1.732755 1.418985
v 1.535015 -1.737882 1.404079
v 1.533081 -1.742858 1.388137
v 1.535175 -1.747395 1.372084
v 1.541175 -1.751229 1.356853
v 1.550732 -1.754137 1.34333
v 1.563291 -1.755949 1.3323
v 1.578122 -1.756561 1.324405
v 1.594364 -1.755937 1.320103
v 1.611071 -1.754114 1.319644
v 1.627274 -1.751196 1.323056
v 1.64203 -1.747355 1.330139
v 1.654482 -1.742812 1.340482
v 1.663907 -1.737833 1.353484
v 1.669756 -1.732706 1.36839
v 1.671689 -1.727729 1.384332
v 1.669595 -1.723192 1.400386
v 1.663595 -1.719359 1.415616
v 1.654038 -1.716451 1.429139
v 1.641479 -1.714638 1.440169
v 1.626648 -1.714026 1.448064
v 1.607049 -1.710809 1.431105
v 1.594992 -1.712125 1.431436
v 1.583298 -1.71423 1.428974
v 1.572649 -1.717003 1.423862
v 1.563663 -1.720281 1.416397
v 1.556861 -1.723875 1.407014
v 1.55264 -1.727575 1.396257
v 1.551244 -1.731166 1.384751
v 1.552755 -1.734441 1.373166
v 1.557086 -1.737207 1.362174
v 1.563983 -1.739306 1.352414
v 1.573047 -1.740614 1.344454
v 1.58375 -1.741055 1.338756
v 1.595471 -1.740605 1.335652
v 1.607529 -1.739289 1.335321
v 1.619222 -1.737184 1.337783
v 1.629871 -1.734411 1.342895
v 1.638858 -1.731133 1.350359
v 1.64566 -1.727539 1.359743
v 1.649881 -1.723839 1.3705
v 1.651276 -1.720248 1.382006
v 1.649765 -1.716973 1.393591
v 1.645435 -1.714207 1.404583
v 1.638538 -1.712108 1.414342
v 1.629474 -1.7108 1.422302
v 1.61877 -1.710359 1.428
v 1.629381 -1.965379 1.454783
v 1.600135 -1.71612 1.380522

vn 0.1323155 -0.8144779 0.5649057
vn 0.05811113 -0.8232436 0.5647063
vn -0.01329631 -0.8367878 0.5473659
vn -0.07775703 -0.8543235 0.5138921
vn -0.1315246 -0.8748316 0.4662305
vn -0.1714744 -0.8971202 0.4071509
vn -0.1952845 -0.919894 0.3400867
vn -0.2015714 -0.9418294 0.2689356
vn -0.1899695 -0.9616517 0.1978326
vn -0.1611532 -0.9782087 0.1309098
vn -0.1167972 -0.9905384 0.07205662
vn -0.05947921 -0.9979241 0.02469355
vn 0.007469563 -0.9999366 -0.008427154
vn 0.08015836 -0.996459 -0.02538035
vn 0.1543628 -0.9876933 -0.02518091
vn 0.2257703 -0.9741489 -0.007840536
vn 0.290231 -0.9566132 0.02563325
vn 0.3439984 -0.9361052 0.07329483
vn 0.3839482 -0.9138166 0.1323745
vn 0.4077585 -0.8910428 0.1994387
vn 0.4140453 -0.8691074 0.2705897
vn 0.4024434 -0.8492851 0.3416929
vn 0.3736271 -0.8327281 0.4086156
vn 0.3292711 -0.8203984 0.4674687
vn 0.2719531 -0.8130127 0.5148318
vn 0.2050044 -0.8110002 0.5479524
vn 0.150325 -0.6575929 0.7382235
vn 0.02512332 -0.6716109 0.7404779
vn -0.09600205 -0.6937834 0.7137564
vn -0.206012 -0.7228217 0.6596119
vn -0.2985129 -0.7570383 0.5811911
vn -0.3681291 -0.7944446 0.4830515
vn -0.4108148 -0.8328667 0.3708965
vn -0.4240891 -0.8700716 0.2512446
vn -0.4071808 -0.903897 0.1310491
vn -0.3610722 -0.9323775 0.01729529
vn -0.2884432 -0.9538575 -0.08340563
vn -0.1935147 -0.9670887 -0.1652012
vn -0.08180353 -0.9713024 -0.2233381
vn 0.04019792 -0.9662534 -0.2544374
vn 0.1653996 -0.9522355 -0.2566918
vn 0.2865251 -0.9300629 -0.2299702
vn 0.3965349 -0.9010246 -0.1758257
vn 0.4890358 -0.8668081 -0.09740485
vn 0.5586521 -0.8294017 0.0007347462
vn 0.6013378 -0.7909797 0.1128896
vn 0.6146121 -0.7537748 0.2325416
vn 0.5977036 -0.7199492 0.3527372
vn 0.5515952 -0.6914688 0.4664908
vn 0.478966 -0.6699888 0.5671917
vn 0.3840376 -0.6567575 0.6489874
vn 0.2723265 -0.6525439 0.7071242
vn 0.1555735 -0.5487813 0.8213623
vn 0.003624148 -0.5656293 0.8246516
vn -0.1435156 -0.5923933 0.7927631
vn -0.2772944 -0.6275181 0.7275499
vn -0.3899375 -0.6689622 0.6328018
vn -0.4748987 -0.7143171 0.5140254
vn -0.5272402 -0.760947 0.3781235
vn -0.5439201 -0.8061417 0.2329944
vn -0.5239691 -0.847275 0.08707211
vn -0.4685465 -0.8819561 -0.05116276
vn -0.3808734 -0.9081696 -0.1736763
vn -0.2660452 -0.924392 -0.2733486
vn -0.130735 -0.9296805 -0.3443871
vn 0.01719339 -0.9237279 -0.3826633
vn 0.1691426 -0.9068799 -0.3859528
vn 0.3162825 -0.8801158 -0.3540642
vn 0.4500612 -0.8449911 -0.2888508
vn 0.5627044 -0.8035471 -0.1941029
vn 0.6476656 -0.7581921 -0.07532647
vn 0.700007 -0.7115623 0.06057541
vn 0.716687 -0.6663674 0.2057045
vn 0.6967358 -0.6252341 0.3516269
vn 0.6413133 -0.590553 0.4898616
vn 0.5536402 -0.5643395 0.6123751
vn 0.4388119 -0.5481172 0.7120475
vn 0.3035018 -0.5428287 0.783086
vn 0.1573735 -0.4492698 0.8794261
vn -0.01487254 -0.4682787 0.8834556
vn -0.1817411 -0.4985387 0.8476021
vn -0.3335345 -0.5382916 0.7739488
vn -0.4614308 -0.5852268 0.6667768
vn -0.5579973 -0.6366169 0.5323138
vn -0.617622 -0.6894749 0.3783747
vn -0.6368394 -0.7407292 0.2139061
vn -0.6145329 -0.787401 0.04846593
vn -0.551999 -0.8267778 -0.108331
vn -0.4528717 -0.8565713 -0.2473719
vn -0.3229119 -0.87505 -0.3605764
vn -0.1696726 -0.8811399 -0.4413656
vn -0.002059411 -0.8744872 -0.4850443
vn 0.1701865 -0.8554783 -0.4890738
vn 0.3370552 -0.8252183 -0.4532203
vn 0.4888485 -0.7854655 -0.379567
vn 0.6167448 -0.7385302 -0.2723949
vn 0.7133114 -0.6871402 -0.137932
vn 0.772936 -0.6342821 0.01600699
vn 0.7921534 -0.583028 0.1804756
vn 0.769847 -0.536356 0.3459159
vn 0.7073129 -0.4969792 0.5027127
vn 0.6081857 -0.4671856 0.6417536
vn 0.478226 -0.448707 0.7549582
vn 0.3249866 -0.4426172 0.8357474
vn 0.1570439 -0.3552819 0.9214727
vn -0.03140971 -0.3760205 0.9260788
vn -0.214029 -0.4090763 0.8870447
vn -0.3802004 -0.4525278 0.8066389
vn -0.5202668 -0.50385 0.6895343
vn -0.6260882 -0.5600604 0.5425366
vn -0.6915144 -0.6178922 0.3741885
vn -0.7127435 -0.6739839 0.1942744
vn -0.6885413 -0.7250761 0.01324984
vn -0.6203142 -0.7681997 -0.1583648
vn -0.512028 -0.8008482 -0.3105956
vn -0.3699754 -0.8211241 -0.4345956
vn -0.2024118 -0.8278495 -0.5231584
vn -0.01907592 -0.8206331 -0.571137
vn 0.1693777 -0.7998945 -0.575743
vn 0.351997 -0.7668388 -0.5367088
vn 0.5181684 -0.7233872 -0.456303
vn 0.6582348 -0.672065 -0.3391985
vn 0.7640562 -0.6158547 -0.1922007
vn 0.8294823 -0.5580233 -0.02385266
vn 0.8507114 -0.5019313 0.1560614
vn 0.8265092 -0.4508387 0.337086
vn 0.7582822 -0.4077154 0.5087005
vn 0.6499959 -0.3750668 0.6609313
vn 0.5079433 -0.3547907 0.7849313
vn 0.3403799 -0.3480655 0.8734941
vn 0.1551651 -0.2652613 0.9516093
vn -0.04646651 -0.2874075 0.9566806
vn -0.2418912 -0.3227371 0.9150571
vn -0.4197514 -0.369197 0.8291576
vn -0.5697106 -0.4240867 0.7039746
vn -0.683054 -0.4842164 0.5467831
vn -0.7531943 -0.5460916 0.3667183
vn -0.7760547 -0.6061168 0.1742453
vn -0.7503074 -0.660803 -0.01945022
vn -0.6774485 -0.7069718 -0.2031116
vn -0.561712 -0.7419408 -0.3660648
vn -0.4098247 -0.7636772 -0.4988396
vn -0.230613 -0.7709178 -0.59372
vn -0.03449259 -0.7632421 -0.6451914
vn 0.167139 -0.7410958 -0.6502627
vn 0.3625637 -0.7057663 -0.6086391
vn 0.540424 -0.6593067 -0.5227395
vn 0.6903831 -0.6044171 -0.3975564
vn 0.8037265 -0.544287 -0.240365
vn 0.8738667 -0.4824115 -0.06030053
vn 0.8967271 -0.4223869 0.1321728
vn 0.8709798 -0.3677008 0.3258685
vn 0.7981209 -0.3215316 0.5095296
vn 0.6823846 -0.2865627 0.6724828
vn 0.5304971 -0.2648264 0.8052576
vn 0.3512855 -0.2575856 0.9001378
vn 0.1520564 -0.178377 0.9721423
vn -0.0603152 -0.2016696 0.9775947
vn -0.2661768 -0.238852 0.9338628
vn -0.4535644 -0.287763 0.8434879
vn -0.6115876 -0.3455599 0.7117226
vn -0.7310628 -0.4088842 0.5462241
vn -0.8050467 -0.4740553 0.3566109
vn -0.8292396 -0.5372854 0.1539029
vn -0.8022351 -0.5949007 -0.05011973
vn -0.7256027 -0.6435525 -0.2435997
vn -0.6037964 -0.680413 -0.4152927
vn -0.443895 -0.70334 -0.5552207
vn -0.2551911 -0.7110015 -0.6552514
vn -0.04865154 -0.7029522 -0.7095712
vn 0.1637199 -0.6796593 -0.7150238
vn 0.3695816 -0.642477 -0.6712919
vn 0.5569692 -0.5935662 -0.5809169
vn 0.7149924 -0.5357692 -0.4491516
vn 0.8344678 -0.4724453 -0.283653
vn 0.9084514 -0.4072745 -0.09403992
vn 0.9326442 -0.3440434 0.108668
vn 0.9056398 -0.2864281 0.3126907
vn 0.8290075 -0.2377767 0.5061707
vn 0.7072011 -0.2009163 0.6778637
vn 0.5472997 -0.1779886 0.8177915
vn 0.3585958 -0.1703273 0.9178222
vn 0.1479144 -0.09412524 0.984511
vn -0.07312727 -0.1183419 0.9902765
vn -0.2874157 -0.1570186 0.9448478
vn -0.4824972 -0.2079071 0.8508649
vn -0.6470342 -0.26805 0.7137898
vn -0.7714645 -0.3339522 0.5415888
vn -0.8485565 -0.401784 0.3442694
vn -0.8738298 -0.4676031 0.1332995
vn -0.8458162 -0.5275835 -0.07906038
vn -0.7661433 -0.5782403 -0.2804686
vn -0.6394411 -0.6166295 -0.4592201
vn -0.4730738 -0.6405195 -0.6049264
vn -0.2767098 -0.6485221 -0.7091197
vn -0.06176059 -0.6401727 -0.7657444
vn 0.1592812 -0.6159564 -0.7715097
vn 0.3735698 -0.5772798 -0.7260811
vn 0.5686512 -0.5263913 -0.6320981
vn 0.7331882 -0.4662481 -0.495023
vn 0.8576184 -0.4003453 -0.3228224
vn 0.9347103 -0.3325139 -0.1255031
vn 0.9599838 -0.2666955 0.08546724
vn 0.9319701 -0.2067146 0.2978271
vn 0.8522971 -0.1560576 0.4992351
vn 0.7255951 -0.1176688 0.6779866
vn 0.5592276 -0.09377888 0.823693
vn 0.3628637 -0.08577542 0.9278861
vn 0.1428684 -0.01217815 0.9896668
vn -0.08501688 -0.03712198 0.9956877
vn -0.3059586 -0.07697541 0.9489279
vn -0.507117 -0.1294232 0.8521044
vn -0.6768008 -0.1914167 0.7108448
vn -0.8051489 -0.2593535 0.5333583
vn -0.8847023 -0.3292849 0.3299596
vn -0.9108375 -0.3971469 0.1124699
vn -0.8820354 -0.458996 -0.1064712
vn -0.7999703 -0.5112374 -0.3141398
vn -0.6694111 -0.5508352 -0.4984669
vn -0.4979458 -0.575488 -0.6487399
vn -0.2955392 -0.5837629 -0.7562258
vn -0.07395484 -0.5751787 -0.8146779
vn 0.1539304 -0.5502353 -0.8206989
vn 0.3748724 -0.5103816 -0.7739388
vn 0.5760306 -0.4579337 -0.6771156
vn 0.7457143 -0.3959403 -0.5358558
vn 0.8740624 -0.3280037 -0.3583692
vn 0.9536157 -0.258072 -0.1549709
vn 0.9797509 -0.1902094 0.06251887
vn 0.950949 -0.1283604 0.2814602
vn 0.8688838 -0.07611912 0.4891286
vn 0.7383248 -0.03652142 0.6734558
vn 0.5668595 -0.01186939 0.823729
vn 0.3644528 -0.003594772 0.9312149
vn 0.1370054 0.06768421 0.9882552
vn -0.09606099 0.04219365 0.9944808
vn -0.3220429 0.001451682 0.946724
vn -0.5278073 -0.05217397 0.8477602
vn -0.7013955 -0.1155671 0.7033411
vn -0.8327194 -0.1850433 0.5218596
vn -0.914147 -0.2565649 0.3138626
vn -0.9409459 -0.3259753 0.09143853
vn -0.9115587 -0.3892402 -0.1324864
vn -0.8276936 -0.4426832 -0.3448984
vn -0.694224 -0.4831987 -0.533453
vn -0.5189068 -0.5084321 -0.6871918
vn -0.3119308 -0.5169167 -0.7971803
vn -0.08532512 -0.508159 -0.8570262
vn 0.1477411 -0.4826684 -0.8632519
vn 0.3737231 -0.4419263 -0.8154951
vn 0.5794874 -0.3883005 -0.7165313
vn 0.7530756 -0.3249075 -0.5721122
vn 0.8843995 -0.2554315 -0.3906305
vn 0.965827 -0.1839103 -0.1826337
vn 0.9926261 -0.1145001 0.03979055
vn 0.9632388 -0.05123499 0.2637156
vn 0.8793736 0.002208528 0.4761273
vn 0.745904 0.04272427 0.6646818
vn 0.5705869 0.06795783 0.8184205
vn 0.363611 0.07644171 0.9284092
vn 0.1303851 0.1456095 0.9807128
vn -0.1063112 0.1197408 0.9870968
vn -0.3358284 0.07837982 0.9386564
vn -0.5448274 0.02393162 0.8382067
vn -0.7211617 -0.04043929 0.6915855
vn -0.8545837 -0.1109925 0.5073138
vn -0.9373394 -0.183628 0.2961009
vn -0.964619 -0.2541241 0.07022179
vn -0.9348373 -0.3183841 -0.1571962
vn -0.8497254 -0.3726729 -0.3729365
vn -0.7142295 -0.4138352 -0.5644614
vn -0.536224 -0.4394794 -0.7206397
vn -0.326054 -0.4481153 -0.832395
vn -0.09593384 -0.4392412 -0.8932323
vn 0.1407626 -0.413372 -0.8996163
vn 0.3702799 -0.3720115 -0.8511758
vn 0.5792787 -0.3175636 -0.750726
vn 0.755613 -0.2531925 -0.6041048
vn 0.8890349 -0.1826387 -0.4198332
vn 0.9717905 -0.110003 -0.2086207
vn 0.9990702 -0.03950717 0.01725858
vn 0.9692886 0.02475216 0.244677
vn 0.8841768 0.07904083 0.4604172
vn 0.7486808 0.1202033 0.651942
vn 0.5706752 0.145848 0.8081201
vn 0.3605054 0.1544844 0.9198753
vn 0.1230472 0.2216959 0.9673212
vn -0.1158007 0.1956088 0.973821
vn -0.347418 0.1538878 0.9249969
vn -0.5583446 0.09895691 0.8236862
vn -0.7363213 0.03400895 0.6757768
vn -0.8710052 -0.03718092 0.4898647
vn -0.954569 -0.1104764 0.2767543
vn -0.982156 -0.1816173 0.04883123
vn -0.9521633 -0.2464697 -0.1806589
vn -0.8663338 -0.301264 -0.398379
vn -0.7296554 -0.3428161 -0.5916756
vn -0.5500717 -0.3687108 -0.7493152
vn -0.3380195 -0.3774431 -0.8621366
vn -0.1058222 -0.3685065 -0.9235826
vn 0.1330258 -0.3424194 -0.9300824
vn 0.3646434 -0.3006979 -0.8812581
vn 0.5755696 -0.2457672 -0.7799475
vn 0.7535463 -0.1808197 -0.6320381
vn 0.8882303 -0.1096295 -0.4461259
vn 0.9717939 -0.03633376 -0.2330158
vn 0.9993811 0.03480738 -0.005092737
vn 0.9693883 0.09965924 0.2243978
vn 0.8835588 0.1544536 0.4421177
vn 0.7468805 0.1960058 0.6354142
vn 0.5672967 0.2219002 0.7930539
vn 0.3552445 0.2306329 0.9058751
vn 0.1150149 0.2959994 0.9482383
vn -0.1245459 0.2698511 0.9548134
vn -0.3568685 0.2280198 0.9058984
vn -0.5684515 0.1729372 0.8043355
vn -0.746998 0.107804 0.6560277
vn -0.8821315 0.03640548 0.469594
vn -0.9659989 -0.03710876 0.2558691
vn -0.9937259 -0.1084663 0.02727427
vn -0.9637012 -0.1735203 -0.2029058
vn -0.8776696 -0.22849 -0.4212939
vn -0.7406311 -0.2701801 -0.6151978
vn -0.5605497 -0.2961688 -0.7733486
vn -0.3478914 -0.3049455 -0.886555
vn -0.1150149 -0.2959994 -0.9482383
vn 0.124546 -0.2698511 -0.9548134
vn 0.3568688 -0.22802 -0.9058982
vn 0.5684515 -0.1729372 -0.8043355
vn 0.7469978 -0.1078038 -0.6560279
vn 0.8821316 -0.03640534 -0.469594
vn 0.9659989 0.0371088 -0.2558691
vn 0.9937259 0.1084663 -0.0272743
vn 0.9637011 0.1735203 0.202906
vn 0.8776695 0.2284897 0.4212939
vn 0.7406312 0.2701802 0.6151977
vn 0.5605499 0.296169 0.7733485
vn 0.3478915 0.3049453 0.886555
vn 0.1062983 0.3685419 0.9235137
vn -0.1325502 0.3424878 0.9301251
vn -0.3641957 0.3007959 0.8814098
vn -0.5751764 0.2458885 0.7801993
vn -0.7532302 0.180957 0.6323756
vn -0.8880094 0.1097751 0.4465295
vn -0.9716815 0.03647961 0.2334616
vn -0.9993834 -0.03466976 0.005554962
vn -0.9695053 -0.09953801 -0.2239455
vn -0.8837837 -0.1543559 -0.441702
vn -0.7472001 -0.1959375 -0.6350595
vn -0.5676926 -0.2218654 -0.7927805
vn -0.3556936 -0.2306328 -0.905699
vn -0.1235234 -0.2217312 -0.9672525
vn 0.1153252 -0.1956774 -0.9738637
vn 0.346971 -0.1539852 -0.9251484
vn 0.5579515 -0.09907816 -0.823938
vn 0.736005 -0.03414669 -0.6761143
vn 0.8707845 0.03703516 -0.490268
vn 0.9544566 0.1103304 -0.2772001
vn 0.9821584 0.1814801 -0.04929362
vn 0.9522802 0.2463489 0.180207
vn 0.8665586 0.3011664 0.3979635
vn 0.7299752 0.3427476 0.5913209
vn 0.5504677 0.3686755 0.7490419
vn 0.3384686 0.3774435 0.8619603
vn 0.09689493 0.4393126 0.8930935
vn -0.1398029 0.4135099 0.8997025
vn -0.3693767 0.3722086 0.851482
vn -0.5784852 0.3178081 0.7512343
vn -0.754975 0.25347 0.6047857
vn -0.8885895 0.1829333 0.4206473
vn -0.9715636 0.1102976 0.2095201
vn -0.9990749 0.03978446 -0.01632557
vn -0.9695248 -0.02450807 -0.2437645
vn -0.8846304 -0.07884413 -0.4595787
vn -0.7493258 -0.1200657 -0.6512258
vn -0.571474 -0.1457778 -0.8075682
vn -0.3614112 -0.154485 -0.9195197
vn -0.1313462 -0.1456807 -0.980574
vn 0.1053517 -0.1198785 -0.9871829
vn 0.3349257 -0.07857675 -0.9389625
vn 0.5440339 -0.02417614 -0.8387148
vn 0.7205237 0.0401618 -0.6922663
vn 0.8541382 0.1106984 -0.5081277
vn 0.9371123 0.1833335 -0.2970006
vn 0.9646237 0.2538465 -0.07115479
vn 0.9350734 0.3181399 0.156284
vn 0.8501791 0.3724762 0.3720981
vn 0.7148744 0.4136976 0.5637453
vn 0.5370229 0.4394089 0.7200876
vn 0.3269601 0.4481157 0.8320394
vn 0.0867892 0.5082678 0.8568147
vn -0.1462788 0.4828793 0.8633829
vn -0.3723475 0.4422266 0.8159614
vn -0.5782785 0.3886732 0.7173055
vn -0.7521036 0.3253306 0.5731494
vn -0.8837208 0.2558809 0.3918706
vn -0.9654812 0.1843594 0.1840042
vn -0.9926332 0.1149228 -0.03836893
vn -0.9635985 0.05160683 -0.2623253
vn -0.8800648 -0.001909015 -0.4748496
vn -0.7468867 -0.04251436 -0.6635908
vn -0.571804 -0.06784914 -0.8175798
vn -0.3649916 -0.07644206 -0.9278674
vn -0.1384691 -0.067793 -0.9880437
vn 0.09459863 -0.04240414 -0.994612
vn 0.3206676 -0.001751952 -0.9471902
vn 0.5265983 0.05180185 -0.8485345
vn 0.7004234 0.1151443 -0.7043784
vn 0.8320407 0.1845946 -0.5230996
vn 0.913801 0.2561162 -0.3152335
vn 0.940953 0.3255526 -0.09286023
vn 0.9119184 0.3888683 0.1310965
vn 0.8283848 0.4423839 0.3436208
vn 0.6952065 0.4829894 0.5323619
vn 0.5201238 0.5083246 0.6863506
vn 0.3133116 0.5169172 0.7966382
vn 0.07595136 0.5753273 0.8143893
vn -0.1519359 0.5505232 0.8208774
vn -0.3729961 0.5107915 0.7745747
vn -0.5743816 0.458442 0.6781716
vn -0.7443886 0.3965172 0.5372706
vn -0.8731369 0.3286159 0.3600606
vn -0.9531441 0.2586839 0.1568402
vn -0.9797605 0.1907862 -0.06058006
vn -0.9514394 0.128868 -0.2795643
vn -0.8698266 0.07652789 -0.4873861
vn -0.739665 0.03680774 -0.671968
vn -0.5685192 0.0120162 -0.8225822
vn -0.366336 0.003594141 -0.9304757
vn -0.1448649 0.01202988 -0.9893783
vn 0.08302246 0.03683449 -0.9958667
vn 0.3040826 0.07656594 -0.9495637
vn 0.5054683 0.1289148 -0.8531604
vn 0.6754751 0.1908397 -0.7122595
vn 0.8042234 0.2587408 -0.5350494
vn 0.8842307 0.3286724 -0.3318292
vn 0.910847 0.3965707 -0.1144089
vn 0.8825257 0.4584892 0.1045754
vn 0.800913 0.5108289 0.3123973
vn 0.6707515 0.550549 0.4969791
vn 0.4996058 0.5753409 0.6475933
vn 0.2974224 0.5837636 0.7554866
vn 0.06433467 0.640364 0.7653725
vn -0.1567104 0.6163262 0.7717408
vn -0.371151 0.577808 0.7269009
vn -0.5665258 0.5270462 0.6334594
vn -0.7314791 0.4669919 0.4968469
vn -0.8564252 0.4011353 0.3250023
vn -0.9341023 0.3333037 0.1279126
vn -0.9599965 0.2674383 -0.08296761
vn -0.9326025 0.207368 -0.2953831
vn -0.8535124 0.1565843 -0.4969888
vn -0.7273228 0.1180375 -0.6760685
vn -0.5613673 0.09396783 -0.8222145
vn -0.3652907 0.0857745 -0.9269333
vn -0.1504885 0.09393421 -0.984139
vn 0.0705565 0.1179717 -0.9905072
vn 0.2849973 0.1564908 -0.9456676
vn 0.4803718 0.2072522 -0.8522262
vn 0.6453254 0.2673061 -0.7156135
vn 0.7702713 0.333163 -0.5437688
vn 0.8479483 0.400995 -0.3466795
vn 0.8738426 0.4668595 -0.1357989
vn 0.8464487 0.5269294 0.07661691
vn 0.7673585 0.5777138 0.2782222
vn 0.641169 0.6162608 0.457302
vn 0.4752135 0.6403303 0.6034479
vn 0.279137 0.6485232 0.7081668
vn 0.05186765 0.7031912 0.7091065
vn -0.1605077 0.6801221 0.7153119
vn -0.3665598 0.6431369 0.672316
vn -0.5543134 0.594385 0.5826176
vn -0.7128571 0.5366989 0.45143
vn -0.8329769 0.4734317 0.286377
vn -0.9076919 0.4082604 0.09705086
vn -0.9326597 0.3449727 -0.1055453
vn -0.9064296 0.2872458 -0.3096372
vn -0.8305259 0.2384349 -0.5033641
vn -0.7093598 0.2013772 -0.6754671
vn -0.5499731 0.1782259 -0.8159444
vn -0.3616286 0.1703265 -0.9166317
vn -0.1552723 0.1781382 -0.9716776
vn 0.05710301 0.2012072 -0.9778829
vn 0.2631551 0.2381925 -0.934887
vn 0.4509085 0.286945 -0.8451889
vn 0.6094522 0.3446309 -0.7140011
vn 0.7295722 0.4078977 -0.548948
vn 0.8042871 0.4730689 -0.359622
vn 0.8292548 0.5363575 -0.157026
vn 0.8030248 0.5940841 0.0470662
vn 0.7271212 0.6428944 0.2407933
vn 0.6059549 0.6799524 0.4128962
vn 0.4465682 0.7031037 0.5533733
vn 0.2582239 0.7110028 0.6540607
vn 0.03844674 0.7635356 0.6446202
vn -0.1631894 0.7416648 0.6506171
vn -0.3588484 0.7065773 0.6098987
vn -0.5371586 0.6603127 0.5248311
vn -0.6877577 0.6055595 0.4003583
vn -0.8018935 0.5454999 0.2437143
vn -0.8729327 0.4836242 0.06400235
vn -0.8967468 0.423528 -0.1283329
vn -0.8719515 0.3687049 -0.3221139
vn -0.799988 0.3223405 -0.5060788
vn -0.6850387 0.287129 -0.6695363
vn -0.5337842 0.265117 -0.8029865
vn -0.3550145 0.257584 -0.8986741
vn -0.1591191 0.2649674 -0.9510381
vn 0.04251713 0.2868383 -0.957035
vn 0.2381761 0.3219257 -0.9163166
vn 0.4164864 0.3681904 -0.831249
vn 0.5670854 0.4229437 -0.7067763
vn 0.6812211 0.4830035 -0.5501322
vn 0.7522601 0.5448792 -0.3704205
vn 0.7760743 0.6049746 -0.1780849
vn 0.7512791 0.659798 0.01569616
vn 0.6793156 0.7061628 0.1996609
vn 0.5643664 0.7413741 0.3631182
vn 0.4131118 0.763386 0.4965687
vn 0.2343422 0.7709191 0.5922561
vn 0.02391472 0.8209927 0.5704377
vn -0.1645447 0.8005907 0.5761768
vn -0.3474502 0.7678315 0.53825
vn -0.5141727 0.7246185 0.4588622
vn -0.6550221 0.6734634 0.3426269
vn -0.7618132 0.6173388 0.1962992
vn -0.8283395 0.5595068 0.02838296
vn -0.8507348 0.5033287 -0.1513626
vn -0.8276978 0.4520682 -0.3324917
vn -0.7605669 0.4087053 -0.5044777
vn -0.6532438 0.3757599 -0.6573256
vn -0.5119658 0.3551467 -0.782152
vn -0.344943 0.3480639 -0.8717028
vn -0.1618827 0.3549227 -0.9207735
vn 0.02657671 0.3753244 -0.9265124
vn 0.2094825 0.4080838 -0.8885858
vn 0.3762047 0.4512967 -0.809198
vn 0.517054 0.5024518 -0.6929627
vn 0.6238453 0.5585762 -0.5466349
vn 0.6903716 0.6164081 -0.3787189
vn 0.7127668 0.6725869 -0.1989733
vn 0.6897297 0.7238471 -0.01784399
vn 0.622599 0.7672097 0.1541421
vn 0.5152758 0.800155 0.3069897
vn 0.3739977 0.8207682 0.4318162
vn 0.2069751 0.8278513 0.521367
vn 0.008023097 0.8749302 0.4841826
vn -0.1642299 0.8563365 0.4896083
vn -0.3314517 0.8264416 0.4551198
vn -0.4839239 0.7869829 0.3827212
vn -0.6127852 0.7402536 0.2766203
vn -0.7105468 0.6889695 0.1429833
vn -0.7715273 0.6361107 -0.01042361
vn -0.7921825 0.5847496 -0.1746845
vn -0.771312 0.5378711 -0.3402535
vn -0.7101288 0.4981993 -0.4975083
vn -0.6121886 0.46804 -0.6373096
vn -0.4831836 0.4491459 -0.7515329
vn -0.3306105 0.4426149 -0.8335398
vn -0.163337 0.4488269 -0.8785644
vn 0.008915939 0.4674207 -0.88399
vn 0.1761378 0.4973156 -0.8495014
vn 0.32861 0.5367742 -0.777103
vn 0.4574712 0.5835033 -0.6710021
vn 0.5552328 0.6347876 -0.537365
vn 0.6162133 0.6876462 -0.3839582
vn 0.6368686 0.7390071 -0.2196972
vn 0.615998 0.7858859 -0.05412801
vn 0.5548147 0.8255576 0.1031265
vn 0.4568746 0.855717 0.2429278
vn 0.3278696 0.8746111 0.3571512
vn 0.1752967 0.8811421 0.439158
vn -0.009665275 0.924287 0.381576
vn -0.1616234 0.907963 0.3866276
vn -0.309209 0.88166 0.3564623
vn -0.4438449 0.8469066 0.2928327
vn -0.5577062 0.8057224 0.199437
vn -0.6441759 0.7605011 0.08170299
vn -0.698229 0.7138705 -0.05352717
vn -0.7167237 0.6685408 -0.1983942
vn -0.6985854 0.6271465 -0.3444792
vn -0.6448679 0.5920931 -0.483292
vn -0.5586935 0.5654177 -0.6067655
vn -0.4450701 0.5486709 -0.7077237
vn -0.3106011 0.5428258 -0.7802994
vn -0.1631014 0.5482218 -0.8202748
vn -0.01114323 0.5645458 -0.8253265
vn 0.1364424 0.5908489 -0.7951611
vn 0.2710781 0.6256024 -0.7315316
vn 0.3849395 0.6667864 -0.6381359
vn 0.4714094 0.7120079 -0.5204018
vn 0.5254622 0.7586384 -0.3851717
vn 0.5439569 0.803968 -0.2403046
vn 0.5258185 0.8453623 -0.09421954
vn 0.4721012 0.8804158 0.04459335
vn 0.3859268 0.9070911 0.1680667
vn 0.2723034 0.9238379 0.2690249
vn 0.1378344 0.9296831 0.3416007
vn -0.03009889 0.9670036 0.2529784
vn -0.1553123 0.9536886 0.2575969
vn -0.2770358 0.9321346 0.2331871
vn -0.3881953 0.9035944 0.1811671
vn -0.4823306 0.8697266 0.1045605
vn -0.5539706 0.8324995 0.007819336
vn -0.5989522 0.7940765 -0.1034343
vn -0.6146612 0.7566907 -0.2227346
vn -0.6001846 0.7225149 -0.3431483
vn -0.5563636 0.693535 -0.4576775
vn -0.485745 0.6714355 -0.559666
vn -0.392433 0.6575006 -0.6431868
vn -0.2818505 0.6525403 -0.7033857
vn -0.160424 0.6568426 -0.7367645
vn -0.03521051 0.6701576 -0.7413831
vn 0.08651303 0.6917117 -0.7169731
vn 0.1976724 0.7202518 -0.6649533
vn 0.2918077 0.7541196 -0.5883467
vn 0.3634478 0.7913468 -0.4916054
vn 0.4084294 0.8297698 -0.3803518
vn 0.4241383 0.8671556 -0.2610516
vn 0.4096617 0.9013314 -0.1406378
vn 0.3658407 0.9303112 -0.02610859
vn 0.2952221 0.9524108 0.07587986
vn 0.2019101 0.9663455 0.1594006
vn 0.09132758 0.971306 0.2195995
vn -0.06105267 0.9978782 0.02261987
vn -0.1352795 0.9904425 0.02689311
vn -0.2078184 0.9780683 0.01392589
vn -0.2744538 0.9614748 -0.01552837
vn -0.331313 0.9416266 -0.05975773
vn -0.3750916 0.919677 -0.1161918
vn -0.4032454 0.8969015 -0.181551
vn -0.4141382 0.874624 -0.2520366
vn -0.4071368 0.854139 -0.3235524
vn -0.3826481 0.8366371 -0.3919421
vn -0.3420956 0.8231354 -0.4532313
vn -0.2878357 0.8144187 -0.5038579
vn -0.223022 0.8109934 -0.5408797
vn -0.1514212 0.8130587 -0.5621452
vn -0.07719444 0.8204944 -0.5664185
vn -0.004655445 0.8328686 -0.5534512
vn 0.06197987 0.849462 -0.523997
vn 0.1188391 0.8693102 -0.4797677
vn 0.1626176 0.8912599 -0.4233334
vn 0.1907715 0.9140353 -0.3579744
vn 0.2016643 0.9363129 -0.2874888
vn 0.1946628 0.9567978 -0.2159729
vn 0.1701743 0.9742997 -0.1475831
vn 0.1296216 0.9878014 -0.08629408
vn 0.07536186 0.9965181 -0.03566747
vn 0.01054814 0.9999434 0.001354383
vn 0.1117398 -0.9523697 0.2837358
vn -0.1117398 0.9523697 -0.2837358

vt 0.3947911 0
vt 0.3947911 0.241661
vt 0.3947911 0.483322
vt 0.3947911 0.7249829
vt 0.3947911 0.9666439
vt 0.3947911 1.208305
vt 0.3947911 1.449966
vt 0.3947911 1.691627
vt 0.3947911 1.933288
vt 0.3947911 2.174949
vt 0.3947911 2.41661
vt 0.3947911 2.658271
vt 0.3947911 2.899932
vt 0.3947911 3.141593
vt 0.3947911 3.383254
vt 0.3947911 3.624915
vt 0.3947911 3.866576
vt 0.3947911 4.108237
vt 0.3947911 4.349897
vt 0.3947911 4.591558
vt 0.3947911 4.83322
vt 0.3947911 5.074881
vt 0.3947911 5.316542
vt 0.3947911 5.558202
vt 0.3947911 5.799863
vt 0.3947911 6.041524
vt 0.5620698 0
vt 0.5620698 0.241661
vt 0.5620698 0.483322
vt 0.5620698 0.7249829
vt 0.5620698 0.9666439
vt 0.5620698 1.208305
vt 0.5620698 1.449966
vt 0.5620698 1.691627
vt 0.5620698 1.933288
vt 0.5620698 2.174949
vt 0.5620698 2.41661
vt 0.5620698 2.658271
vt 0.5620698 2.899932
vt 0.5620698 3.141593
vt 0.5620698 3.383254
vt 0.5620698 3.624915
vt 0.5620698 3.866576
vt 0.5620698 4.108237
vt 0.5620698 4.349897
vt 0.5620698 4.591558
vt 0.5620698 4.83322
vt 0.5620698 5.074881
vt 0.5620698 5.316542
vt 0.5620698 5.558202
vt 0.5620698 5.799863
vt 0.5620698 6.041524
vt 0.6931599 0
vt 0.6931599 0.241661
vt 0.6931599 0.483322
vt 0.6931599 0.7249829
vt 0.6931599 0.9666439
vt 0.6931599 1.208305
vt 0.6931599 1.449966
vt 0.6931599 1.691627
vt 0.6931599 1.933288
vt 0.6931599 2.174949
vt 0.6931599 2.41661
vt 0.6931599 2.658271
vt 0.6931599 2.899932
vt 0.6931599 3.141593
vt 0.6931599 3.383254
vt 0.6931599 3.624915
vt 0.6931599 3.866576
vt 0.6931599 4.108237
vt 0.6931599 4.349897
vt 0.6931599 4.591558
vt 0.6931599 4.83322
vt 0.6931599 5.074881
vt 0.6931599 5.316542
vt 0.6931599 5.558202
vt 0.6931599 5.799863
vt 0.6931599 6.041524
vt 0.8061141 0
vt 0.8061141 0.241661
vt 0.8061141 0.483322
vt 0.8061141 0.7249829
vt 0.8061141 0.9666439
vt 0.8061141 1.208305
vt 0.8061141 1.449966
vt 0.8061141 1.691627
vt 0.8061141 1.933288
vt 0.8061141 2.174949
vt 0.8061141 2.41661
vt 0.8061141 2.658271
vt 0.8061141 2.899932
vt 0.8061141 3.141593
vt 0.8061141 3.383254
vt 0.8061141 3.624915
vt 0.8061141 3.866576
vt 0.8061141 4.108237
vt 0.8061141 4.349897
vt 0.8061141 4.591558
vt 0.8061141 4.83322
vt 0.8061141 5.074881
vt 0.8061141 5.316542
vt 0.8061141 5.558202
vt 0.8061141 5.799863
vt 0.8061141 6.041524
vt 0.9079226 0
vt 0.9079226 0.241661
vt 0.9079226 0.483322
vt 0.9079226 0.7249829
vt 0.9079226 0.9666439
vt 0.9079226 1.208305
vt 0.9079226 1.449966
vt 0.9079226 1.691627
vt 0.9079226 1.933288
vt 0.9079226 2.174949
vt 0.9079226 2.41661
vt 0.9079226 2.658271
vt 0.9079226 2.899932
vt 0.9079226 3.141593
vt 0.9079226 3.383254
vt 0.9079226 3.624915
vt 0.9079226 3.866576
vt 0.9079226 4.108237
vt 0.9079226 4.349897
vt 0.9079226 4.591558
vt 0.9079226 4.83322
vt 0.9079226 5.074881
vt 0.9079226 5.316542
vt 0.9079226 5.558202
vt 0.9079226 5.799863
vt 0.9079226 6.041524
vt 1.002186 0
vt 1.002186 0.241661
vt 1.002186 0.483322
vt 1.002186 0.7249829
vt 1.002186 0.9666439
vt 1.002186 1.208305
vt 1.002186 1.449966
vt 1.002186 1.691627
vt 1.002186 1.933288
vt 1.002186 2.174949
vt 1.002186 2.41661
vt 1.002186 2.658271
vt 1.002186 2.899932
vt 1.002186 3.141593
vt 1.002186 3.383254
vt 1.002186 3.624915
vt 1.002186 3.866576
vt 1.002186 4.108237
vt 1.002186 4.349897
vt 1.002186 4.591558
vt 1.002186 4.83322
vt 1.002186 5.074881
vt 1.002186 5.316542
vt 1.002186 5.558202
vt 1.002186 5.799863
vt 1.002186 6.041524
vt 1.091068 0
vt 1.091068 0.241661
vt 1.091068 0.483322
vt 1.091068 0.7249829
vt 1.091068 0.9666439
vt 1.091068 1.208305
vt 1.091068 1.449966
vt 1.091068 1.691627
vt 1.091068 1.933288
vt 1.091068 2.174949
vt 1.091068 2.41661
vt 1.091068 2.658271
vt 1.091068 2.899932
vt 1.091068 3.141593
vt 1.091068 3.383254
vt 1.091068 3.624915
vt 1.091068 3.866576
vt 1.091068 4.108237
vt 1.091068 4.349897
vt 1.091068 4.591558
vt 1.091068 4.83322
vt 1.091068 5.074881
vt 1.091068 5.316542
vt 1.091068 5.558202
vt 1.091068 5.799863
vt 1.091068 6.041524
vt 1.176005 0
vt 1.176005 0.241661
vt 1.176005 0.483322
vt 1.176005 0.7249829
vt 1.176005 0.9666439
vt 1.176005 1.208305
vt 1.176005 1.449966
vt 1.176005 1.691627
vt 1.176005 1.933288
vt 1.176005 2.174949
vt 1.176005 2.41661
vt 1.176005 2.658271
vt 1.176005 2.899932
vt 1.176005 3.141593
vt 1.176005 3.383254
vt 1.176005 3.624915
vt 1.176005 3.866576
vt 1.176005 4.108237
vt 1.176005 4.349897
vt 1.176005 4.591558
vt 1.176005 4.83322
vt 1.176005 5.074881
vt 1.176005 5.316542
vt 1.176005 5.558202
vt 1.176005 5.799863
vt 1.176005 6.041524
vt 1.25803 0
vt 1.25803 0.241661
vt 1.25803 0.483322
vt 1.25803 0.7249829
vt 1.25803 0.9666439
vt 1.25803 1.208305
vt 1.25803 1.449966
vt 1.25803 1.691627
vt 1.25803 1.933288
vt 1.25803 2.174949
vt 1.25803 2.41661
vt 1.25803 2.658271
vt 1.25803 2.899932
vt 1.25803 3.141593
vt 1.25803 3.383254
vt 1.25803 3.624915
vt 1.25803 3.866576
vt 1.25803 4.108237
vt 1.25803 4.349897
vt 1.25803 4.591558
vt 1.25803 4.83322
vt 1.25803 5.074881
vt 1.25803 5.316542
vt 1.25803 5.558202
vt 1.25803 5.799863
vt 1.25803 6.041524
vt 1.337928 0
vt 1.337928 0.241661
vt 1.337928 0.483322
vt 1.337928 0.7249829
vt 1.337928 0.9666439
vt 1.337928 1.208305
vt 1.337928 1.449966
vt 1.337928 1.691627
vt 1.337928 1.933288
vt 1.337928 2.174949
vt 1.337928 2.41661
vt 1.337928 2.658271
vt 1.337928 2.899932
vt 1.337928 3.141593
vt 1.337928 3.383254
vt 1.337928 3.624915
vt 1.337928 3.866576
vt 1.337928 4.108237
vt 1.337928 4.349897
vt 1.337928 4.591558
vt 1.337928 4.83322
vt 1.337928 5.074881
vt 1.337928 5.316542
vt 1.337928 5.558202
vt 1.337928 5.799863
vt 1.337928 6.041524
vt 1.416337 0
vt 1.416337 0.241661
vt 1.416337 0.483322
vt 1.416337 0.7249829
vt 1.416337 0.9666439
vt 1.416337 1.208305
vt 1.416337 1.449966
vt 1.416337 1.691627
vt 1.416337 1.933288
vt 1.416337 2.174949
vt 1.416337 2.41661
vt 1.416337 2.658271
vt 1.416337 2.899932
vt 1.416337 3.141593
vt 1.416337 3.383254
vt 1.416337 3.624915
vt 1.416337 3.866576
vt 1.416337 4.108237
vt 1.416337 4.349897
vt 1.416337 4.591558
vt 1.416337 4.83322
vt 1.416337 5.074881
vt 1.416337 5.316542
vt 1.416337 5.558202
vt 1.416337 5.799863
vt 1.416337 6.041524
vt 1.493797 0
vt 1.493797 0.241661
vt 1.493797 0.483322
vt 1.493797 0.7249829
vt 1.493797 0.9666439
vt 1.493797 1.208305
vt 1.493797 1.449966
vt 1.493797 1.691627
vt 1.493797 1.933288
vt 1.493797 2.174949
vt 1.493797 2.41661
vt 1.493797 2.658271
vt 1.493797 2.899932
vt 1.493797 3.141593
vt 1.493797 3.383254
vt 1.493797 3.624915
vt 1.493797 3.866576
vt 1.493797 4.108237
vt 1.493797 4.349897
vt 1.493797 4.591558
vt 1.493797 4.83322
vt 1.493797 5.074881
vt 1.493797 5.316542
vt 1.493797 5.558202
vt 1.493797 5.799863
vt 1.493797 6.041524
vt 1.570796 0
vt 1.570796 0.241661
vt 1.570796 0.483322
vt 1.570796 0.7249829
vt 1.570796 0.9666439
vt 1.570796 1.208305
vt 1.570796 1.449966
vt 1.570796 1.691627
vt 1.570796 1.933288
vt 1.570796 2.174949
vt 1.570796 2.41661
vt 1.570796 2.658271
vt 1.570796 2.899932
vt 1.570796 3.141593
vt 1.570796 3.383254
vt 1.570796 3.624915
vt 1.570796 3.866576
vt 1.570796 4.108237
vt 1.570796 4.349897
vt 1.570796 4.591558
vt 1.570796 4.83322
vt 1.570796 5.074881
vt 1.570796 5.316542
vt 1.570796 5.558202
vt 1.570796 5.799863
vt 1.570796 6.041524
vt 1.647796 0
vt 1.647796 0.241661
vt 1.647796 0.483322
vt 1.647796 0.7249829
vt 1.647796 0.9666439
vt 1.647796 1.208305
vt 1.647796 1.449966
vt 1.647796 1.691627
vt 1.647796 1.933288
vt 1.647796 2.174949
vt 1.647796 2.41661
vt 1.647796 2.658271
vt 1.647796 2.899932
vt 1.647796 3.141593
vt 1.647796 3.383254
vt 1.647796 3.624915
vt 1.647796 3.866576
vt 1.647796 4.108237
vt 1.647796 4.349897
vt 1.647796 4.591558
vt 1.647796 4.83322
vt 1.647796 5.074881
vt 1.647796 5.316542
vt 1.647796 5.558202
vt 1.647796 5.799863
vt 1.647796 6.041524
vt 1.725256 0
vt 1.725256 0.241661
vt 1.725256 0.483322
vt 1.725256 0.7249829
vt 1.725256 0.9666439
vt 1.725256 1.208305
vt 1.725256 1.449966
vt 1.725256 1.691627
vt 1.725256 1.933288
vt 1.725256 2.174949
vt 1.725256 2.41661
vt 1.725256 2.658271
vt 1.725256 2.899932
vt 1.725256 3.141593
vt 1.725256 3.383254
vt 1.725256 3.624915
vt 1.725256 3.866576
vt 1.725256 4.108237
vt 1.725256 4.349897
vt 1.725256 4.591558
vt 1.725256 4.83322
vt 1.725256 5.074881
vt 1.725256 5.316542
vt 1.725256 5.558202
vt 1.725256 5.799863
vt 1.725256 6.041524
vt 1.803665 0
vt 1.803665 0.241661
vt 1.803665 0.483322
vt 1.803665 0.7249829
vt 1.803665 0.9666439
vt 1.803665 1.208305
vt 1.803665 1.449966
vt 1.803665 1.691627
vt 1.803665 1.933288
vt 1.803665 2.174949
vt 1.803665 2.41661
vt 1.803665 2.658271
vt 1.803665 2.899932
vt 1.803665 3.141593
vt 1.803665 3.383254
vt 1.803665 3.624915
vt 1.803665 3.866576
vt 1.803665 4.108237
vt 1.803665 4.349897
vt 1.803665 4.591558
vt 1.803665 4.83322
vt 1.803665 5.074881
vt 1.803665 5.316542
vt 1.803665 5.558202
vt 1.803665 5.799863
vt 1.803665 6.041524
vt 1.883563 0
vt 1.883563 0.241661
vt 1.883563 0.483322
vt 1.883563 0.7249829
vt 1.883563 0.9666439
vt 1.883563 1.208305
vt 1.883563 1.449966
vt 1.883563 1.691627
vt 1.883563 1.933288
vt 1.883563 2.174949
vt 1.883563 2.41661
vt 1.883563 2.658271
vt 1.883563 2.899932
vt 1.883563 3.141593
vt 1.883563 3.383254
vt 1.883563 3.624915
vt 1.883563 3.866576
vt 1.883563 4.108237
vt 1.883563 4.349897
vt 1.883563 4.591558
vt 1.883563 4.83322
vt 1.883563 5.074881
vt 1.883563 5.316542
vt 1.883563 5.558202
vt 1.883563 5.799863
vt 1.883563 6.041524
vt 1.965587 0
vt 1.965587 0.241661
vt 1.965587 0.483322
vt 1.965587 0.7249829
vt 1.965587 0.9666439
vt 1.965587 1.208305
vt 1.965587 1.449966
vt 1.965587 1.691627
vt 1.965587 1.933288
vt 1.965587 2.174949
vt 1.965587 2.41661
vt 1.965587 2.658271
vt 1.965587 2.899932
vt 1.965587 3.141593
vt 1.965587 3.383254
vt 1.965587 3.624915
vt 1.965587 3.866576
vt 1.965587 4.108237
vt 1.965587 4.349897
vt 1.965587 4.591558
vt 1.965587 4.83322
vt 1.965587 5.074881
vt 1.965587 5.316542
vt 1.965587 5.558202
vt 1.965587 5.799863
vt 1.965587 6.041524
vt 2.050525 0
vt 2.050525 0.241661
vt 2.050525 0.483322
vt 2.050525 0.7249829
vt 2.050525 0.9666439
vt 2.050525 1.208305
vt 2.050525 1.449966
vt 2.050525 1.691627
vt 2.050525 1.933288
vt 2.050525 2.174949
vt 2.050525 2.41661
vt 2.050525 2.658271
vt 2.050525 2.899932
vt 2.050525 3.141593
vt 2.050525 3.383254
vt 2.050525 3.624915
vt 2.050525 3.866576
vt 2.050525 4.108237
vt 2.050525 4.349897
vt 2.050525 4.591558
vt 2.050525 4.83322
vt 2.050525 5.074881
vt 2.050525 5.316542
vt 2.050525 5.558202
vt 2.050525 5.799863
vt 2.050525 6.041524
vt 2.139407 0
vt 2.139407 0.241661
vt 2.139407 0.483322
vt 2.139407 0.7249829
vt 2.139407 0.9666439
vt 2.139407 1.208305
vt 2.139407 1.449966
vt 2.139407 1.691627
vt 2.139407 1.933288
vt 2.139407 2.174949
vt 2.139407 2.41661
vt 2.139407 2.658271
vt 2.139407 2.899932
vt 2.139407 3.141593
vt 2.139407 3.383254
vt 2.139407 3.624915
vt 2.139407 3.866576
vt 2.139407 4.108237
vt 2.139407 4.349897
vt 2.139407 4.591558
vt 2.139407 4.83322
vt 2.139407 5.074881
vt 2.139407 5.316542
vt 2.139407 5.558202
vt 2.139407 5.799863
vt 2.139407 6.041524
vt 2.23367 0
vt 2.23367 0.241661
vt 2.23367 0.483322
vt 2.23367 0.7249829
vt 2.23367 0.9666439
vt 2.23367 1.208305
vt 2.23367 1.449966
vt 2.23367 1.691627
vt 2.23367 1.933288
vt 2.23367 2.174949
vt 2.23367 2.41661
vt 2.23367 2.658271
vt 2.23367 2.899932
vt 2.23367 3.141593
vt 2.23367 3.383254
vt 2.23367 3.624915
vt 2.23367 3.866576
vt 2.23367 4.108237
vt 2.23367 4.349897
vt 2.23367 4.591558
vt 2.23367 4.83322
vt 2.23367 5.074881
vt 2.23367 5.316542
vt 2.23367 5.558202
vt 2.23367 5.799863
vt 2.23367 6.041524
vt 2.335479 0
vt 2.335479 0.241661
vt 2.335479 0.483322
vt 2.335479 0.7249829
vt 2.335479 0.9666439
vt 2.335479 1.208305
vt 2.335479 1.449966
vt 2.335479 1.691627
vt 2.335479 1.933288
vt 2.335479 2.174949
vt 2.335479 2.41661
vt 2.335479 2.658271
vt 2.335479 2.899932
vt 2.335479 3.141593
vt 2.335479 3.383254
vt 2.335479 3.624915
vt 2.335479 3.866576
vt 2.335479 4.108237
vt 2.335479 4.349897
vt 2.335479 4.591558
vt 2.335479 4.83322
vt 2.335479 5.074881
vt 2.335479 5.316542
vt 2.335479 5.558202
vt 2.335479 5.799863
vt 2.335479 6.041524
vt 2.448433 0
vt 2.448433 0.241661
vt 2.448433 0.483322
vt 2.448433 0.7249829
vt 2.448433 0.9666439
vt 2.448433 1.208305
vt 2.448433 1.449966
vt 2.448433 1.691627
vt 2.448433 1.933288
vt 2.448433 2.174949
vt 2.448433 2.41661
vt 2.448433 2.658271
vt 2.448433 2.899932
vt 2.448433 3.141593
vt 2.448433 3.383254
vt 2.448433 3.624915
vt 2.448433 3.866576
vt 2.448433 4.108237
vt 2.448433 4.349897
vt 2.448433 4.591558
vt 2.448433 4.83322
vt 2.448433 5.074881
vt 2.448433 5.316542
vt 2.448433 5.558202
vt 2.448433 5.799863
vt 2.448433 6.041524
vt 2.579523 0
vt 2.579523 0.241661
vt 2.579523 0.483322
vt 2.579523 0.7249829
vt 2.579523 0.9666439
vt 2.579523 1.208305
vt 2.579523 1.449966
vt 2.579523 1.691627
vt 2.579523 1.933288
vt 2.579523 2.174949
vt 2.579523 2.41661
vt 2.579523 2.658271
vt 2.579523 2.899932
vt 2.579523 3.141593
vt 2.579523 3.383254
vt 2.579523 3.624915
vt 2.579523 3.866576
vt 2.579523 4.108237
vt 2.579523 4.349897
vt 2.579523 4.591558
vt 2.579523 4.83322
vt 2.579523 5.074881
vt 2.579523 5.316542
vt 2.579523 5.558202
vt 2.579523 5.799863
vt 2.579523 6.041524
vt 2.746801 0
vt 2.746801 0.241661
vt 2.746801 0.483322
vt 2.746801 0.7249829
vt 2.746801 0.9666439
vt 2.746801 1.208305
vt 2.746801 1.449966
vt 2.746801 1.691627
vt 2.746801 1.933288
vt 2.746801 2.174949
vt 2.746801 2.41661
vt 2.746801 2.658271
vt 2.746801 2.899932
vt 2.746801 3.141593
vt 2.746801 3.383254
vt 2.746801 3.624915
vt 2.746801 3.866576
vt 2.746801 4.108237
vt 2.746801 4.349897
vt 2.746801 4.591558
vt 2.746801 4.83322
vt 2.746801 5.074881
vt 2.746801 5.316542
vt 2.746801 5.558202
vt 2.746801 5.799863
vt 2.746801 6.041524
vt 0 1
vt 0 0

usemap Standard_5A3C20
usemtl Standard_5A3C20
f 324/324/324 298/298/298 297/297/297 
f 323/323/323 324/324/324 297/297/297 
f 325/325/325 299/299/299 298/298/298 
f 324/324/324 325/325/325 298/298/298 
f 326/326/326 300/300/300 299/299/299 
f 325/325/325 326/326/326 299/299/299 
f 327/327/327 301/301/301 300/300/300 
f 326/326/326 327/327/327 300/300/300 
f 328/328/328 302/302/302 301/301/301 
f 327/327/327 328/328/328 301/301/301 
f 329/329/329 303/303/303 302/302/302 
f 328/328/328 329/329/329 302/302/302 
f 330/330/330 304/304/304 303/303/303 
f 329/329/329 330/330/330 303/303/303 
f 331/331/331 305/305/305 304/304/304 
f 330/330/330 331/331/331 304/304/304 
f 332/332/332 306/306/306 305/305/305 
f 331/331/331 332/332/332 305/305/305 
f 333/333/333 307/307/307 306/306/306 
f 332/332/332 333/333/333 306/306/306 
f 334/334/334 308/308/308 307/307/307 
f 333/333/333 334/334/334 307/307/307 
f 335/335/335 309/309/309 308/308/308 
f 334/334/334 335/335/335 308/308/308 
f 336/336/336 310/310/310 309/309/309 
f 335/335/335 336/336/336 309/309/309 
f 337/337/337 311/311/311 310/310/310 
f 336/336/336 337/337/337 310/310/310 
f 338/338/338 312/312/312 311/311/311 
f 337/337/337 338/338/338 311/311/311 
f 339/339/339 313/313/313 312/312/312 
f 338/338/338 339/339/339 312/312/312 
f 340/340/340 314/314/314 313/313/313 
f 339/339/339 340/340/340 313/313/313 
f 341/341/341 315/315/315 314/314/314 
f 340/340/340 341/341/341 314/314/314 
f 342/342/342 316/316/316 315/315/315 
f 341/341/341 342/342/342 315/315/315 
f 343/343/343 317/317/317 316/316/316 
f 342/342/342 343/343/343 316/316/316 
f 344/344/344 318/318/318 317/317/317 
f 343/343/343 344/344/344 317/317/317 
f 345/345/345 319/319/319 318/318/318 
f 344/344/344 345/345/345 318/318/318 
f 346/346/346 320/320/320 319/319/319 
f 345/345/345 346/346/346 319/319/319 
f 347/347/347 321/321/321 320/320/320 
f 346/346/346 347/347/347 320/320/320 
f 348/348/348 322/322/322 321/321/321 
f 347/347/347 348/348/348 321/321/321 
f 323/323/323 297/297/297 322/322/322 
f 348/348/348 323/323/323 322/322/322 
f 350/350/350 324/324/324 323/323/323 
f 349/349/349 350/350/350 323/323/323 
f 351/351/351 325/325/325 324/324/324 
f 350/350/350 351/351/351 324/324/324 
f 352/352/352 326/326/326 325/325/325 
f 351/351/351 352/352/352 325/325/325 
f 353/353/353 327/327/327 326/326/326 
f 352/352/352 353/353/353 326/326/326 
f 354/354/354 328/328/328 327/327/327 
f 353/353/353 354/354/354 327/327/327 
f 355/355/355 329/329/329 328/328/328 
f 354/354/354 355/355/355 328/328/328 
f 356/356/356 330/330/330 329/329/329 
f 355/355/355 356/356/356 329/329/329 
f 357/357/357 331/331/331 330/330/330 
f 356/356/356 357/357/357 330/330/330 
f 358/358/358 332/332/332 331/331/331 
f 357/357/357 358/358/358 331/331/331 
f 359/359/359 333/333/333 332/332/332 
f 358/358/358 359/359/359 332/332/332 
f 360/360/360 334/334/334 333/333/333 
f 359/359/359 360/360/360 333/333/333 
f 361/361/361 335/335/335 334/334/334 
f 360/360/360 361/361/361 334/334/334 
f 362/362/362 336/336/336 335/335/335 
f 361/361/361 362/362/362 335/335/335 
f 363/363/363 337/337/337 336/336/336 
f 362/362/362 363/363/363 336/336/336 
f 364/364/364 338/338/338 337/337/337 
f 363/363/363 364/364/364 337/337/337 
f 365/365/365 339/339/339 338/338/338 
f 364/364/364 365/365/365 338/338/338 
f 366/366/366 340/340/340 339/339/339 
f 365/365/365 366/366/366 339/339/339 
f 367/367/367 341/341/341 340/340/340 
f 366/366/366 367/367/367 340/340/340 
f 368/368/368 342/342/342 341/341/341 
f 367/367/367 368/368/368 341/341/341 
f 369/369/369 343/343/343 342/342/342 
f 368/368/368 369/369/369 342/342/342 
f 370/370/370 344/344/344 343/343/343 
f 369/369/369 370/370/370 343/343/343 
f 371/371/371 345/345/345 344/344/344 
f 370/370/370 371/371/371 344/344/344 
f 372/372/372 346/346/346 345/345/345 
f 371/371/371 372/372/372 345/345/345 
f 373/373/373 347/347/347 346/346/346 
f 372/372/372 373/373/373 346/346/346 
f 374/374/374 348/348/348 347/347/347 
f 373/373/373 374/374/374 347/347/347 
f 349/349/349 323/323/323 348/348/348 
f 374/374/374 349/349/349 348/348/348 
f 376/376/376 350/350/350 349/349/349 
f 375/375/375 376/376/376 349/349/349 
f 377/377/377 351/351/351 350/350/350 
f 376/376/376 377/377/377 350/350/350 
f 378/378/378 352/352/352 351/351/351 
f 377/377/377 378/378/378 351/351/351 
f 379/379/379 353/353/353 352/352/352 
f 378/378/378 379/379/379 352/352/352 
f 380/380/380 354/354/354 353/353/353 
f 379/379/379 380/380/380 353/353/353 
f 381/381/381 355/355/355 354/354/354 
f 380/380/380 381/381/381 354/354/354 
f 382/382/382 356/356/356 355/355/355 
f 381/381/381 382/382/382 355/355/355 
f 383/383/383 357/357/357 356/356/356 
f 382/382/382 383/383/383 356/356/356 
f 384/384/384 358/358/358 357/357/357 
f 383/383/383 384/384/384 357/357/357 
f 385/385/385 359/359/359 358/358/358 
f 384/384/384 385/385/385 358/358/358 
f 386/386/386 360/360/360 359/359/359 
f 385/385/385 386/386/386 359/359/359 
f 387/387/387 361/361/361 360/360/360 
f 386/386/386 387/387/387 360/360/360 
f 388/388/388 362/362/362 361/361/361 
f 387/387/387 388/388/388 361/361/361 
f 389/389/389 363/363/363 362/362/362 
f 388/388/388 389/389/389 362/362/362 
f 390/390/390 364/364/364 363/363/363 
f 389/389/389 390/390/390 363/363/363 
f 391/391/391 365/365/365 364/364/364 
f 390/390/390 391/391/391 364/364/364 
f 392/392/392 366/366/366 365/365/365 
f 391/391/391 392/392/392 365/365/365 
f 393/393/393 367/367/367 366/366/366 
f 392/392/392 393/393/393 366/366/366 
f 394/394/394 368/368/368 367/367/367 
f 393/393/393 394/394/394 367/367/367 
f 395/395/395 369/369/369 368/368/368 
f 394/394/394 395/395/395 368/368/368 
f 396/396/396 370/370/370 369/369/369 
f 395/395/395 396/396/396 369/369/369 
f 397/397/397 371/371/371 370/370/370 
f 396/396/396 397/397/397 370/370/370 
f 398/398/398 372/372/372 371/371/371 
f 397/397/397 398/398/398 371/371/371 
f 399/399/399 373/373/373 372/372/372 
f 398/398/398 399/399/399 372/372/372 
f 400/400/400 374/374/374 373/373/373 
f 399/399/399 400/400/400 373/373/373 
f 375/375/375 349/349/349 374/374/374 
f 400/400/400 375/375/375 374/374/374 
f 402/402/402 376/376/376 375/375/375 
f 401/401/401 402/402/402 375/375/375 
f 403/403/403 377/377/377 376/376/376 
f 402/402/402 403/403/403 376/376/376 
f 404/404/404 378/378/378 377/377/377 
f 403/403/403 404/404/404 377/377/377 
f 405/405/405 379/379/379 378/378/378 
f 404/404/404 405/405/405 378/378/378 
f 406/406/406 380/380/380 379/379/379 
f 405/405/405 406/406/406 379/379/379 
f 407/407/407 381/381/381 380/380/380 
f 406/406/406 407/407/407 380/380/380 
f 408/408/408 382/382/382 381/381/381 
f 407/407/407 408/408/408 381/381/381 
f 409/409/409 383/383/383 382/382/382 
f 408/408/408 409/409/409 382/382/382 
f 410/410/410 384/384/384 383/383/383 
f 409/409/409 410/410/410 383/383/383 
f 411/411/411 385/385/385 384/384/384 
f 410/410/410 411/411/411 384/384/384 
f 412/412/412 386/386/386 385/385/385 
f 411/411/411 412/412/412 385/385/385 
f 413/413/413 387/387/387 386/386/386 
f 412/412/412 413/413/413 386/386/386 
f 414/414/414 388/388/388 387/387/387 
f 413/413/413 414/414/414 387/387/387 
f 415/415/415 389/389/389 388/388/388 
f 414/414/414 415/415/415 388/388/388 
f 416/416/416 390/390/390 389/389/389 
f 415/415/415 416/416/416 389/389/389 
f 417/417/417 391/391/391 390/390/390 
f 416/416/416 417/417/417 390/390/390 
f 418/418/418 392/392/392 391/391/391 
f 417/417/417 418/418/418 391/391/391 
f 419/419/419 393/393/393 392/392/392 
f 418/418/418 419/419/419 392/392/392 
f 420/420/420 394/394/394 393/393/393 
f 419/419/419 420/420/420 393/393/393 
f 421/421/421 395/395/395 394/394/394 
f 420/420/420 421/421/421 394/394/394 
f 422/422/422 396/396/396 395/395/395 
f 421/421/421 422/422/422 395/395/395 
f 423/423/423 397/397/397 396/396/396 
f 422/422/422 423/423/423 396/396/396 
f 424/424/424 398/398/398 397/397/397 
f 423/423/423 424/424/424 397/397/397 
f 425/425/425 399/399/399 398/398/398 
f 424/424/424 425/425/425 398/398/398 
f 426/426/426 400/400/400 399/399/399 
f 425/425/425 426/426/426 399/399/399 
f 401/401/401 375/375/375 400/400/400 
f 426/426/426 401/401/401 400/400/400 
f 428/428/428 402/402/402 401/401/401 
f 427/427/427 428/428/428 401/401/401 
f 429/429/429 403/403/403 402/402/402 
f 428/428/428 429/429/429 402/402/402 
f 430/430/430 404/404/404 403/403/403 
f 429/429/429 430/430/430 403/403/403 
f 431/431/431 405/405/405 404/404/404 
f 430/430/430 431/431/431 404/404/404 
f 432/432/432 406/406/406 405/405/405 
f 431/431/431 432/432/432 405/405/405 
f 433/433/433 407/407/407 406/406/406 
f 432/432/432 433/433/433 406/406/406 
f 434/434/434 408/408/408 407/407/407 
f 433/433/433 434/434/434 407/407/407 
f 435/435/435 409/409/409 408/408/408 
f 434/434/434 435/435/435 408/408/408 
f 436/436/436 410/410/410 409/409/409 
f 435/435/435 436/436/436 409/409/409 
f 437/437/437 411/411/411 410/410/410 
f 436/436/436 437/437/437 410/410/410 
f 438/438/438 412/412/412 411/411/411 
f 437/437/437 438/438/438 411/411/411 
f 439/439/439 413/413/413 412/412/412 
f 438/438/438 439/439/439 412/412/412 
f 440/440/440 414/414/414 413/413/413 
f 439/439/439 440/440/440 413/413/413 
f 441/441/441 415/415/415 414/414/414 
f 440/440/440 441/441/441 414/414/414 
f 442/442/442 416/416/416 415/415/415 
f 441/441/441 442/442/442 415/415/415 
f 443/443/443 417/417/417 416/416/416 
f 442/442/442 443/443/443 416/416/416 
f 444/444/444 418/418/418 417/417/417 
f 443/443/443 444/444/444 417/417/417 
f 445/445/445 419/419/419 418/418/418 
f 444/444/444 445/445/445 418/418/418 
f 446/446/446 420/420/420 419/419/419 
f 445/445/445 446/446/446 419/419/419 
f 447/447/447 421/421/421 420/420/420 
f 446/446/446 447/447/447 420/420/420 
f 448/448/448 422/422/422 421/421/421 
f 447/447/447 448/448/448 421/421/421 
f 449/449/449 423/423/423 422/422/422 
f 448/448/448 449/449/449 422/422/422 
f 450/450/450 424/424/424 423/423/423 
f 449/449/449 450/450/450 423/423/423 
f 451/451/451 425/425/425 424/424/424 
f 450/450/450 451/451/451 424/424/424 
f 452/452/452 426/426/426 425/425/425 
f 451/451/451 452/452/452 425/425/425 
f 427/427/427 401/401/401 426/426/426 
f 452/452/452 427/427/427 426/426/426 
f 454/454/454 428/428/428 427/427/427 
f 453/453/453 454/454/454 427/427/427 
f 455/455/455 429/429/429 428/428/428 
f 454/454/454 455/455/455 428/428/428 
f 456/456/456 430/430/430 429/429/429 
f 455/455/455 456/456/456 429/429/429 
f 457/457/457 431/431/431 430/430/430 
f 456/456/456 457/457/457 430/430/430 
f 458/458/458 432/432/432 431/431/431 
f 457/457/457 458/458/458 431/431/431 
f 459/459/459 433/433/433 432/432/432 
f 458/458/458 459/459/459 432/432/432 
f 460/460/460 434/434/434 433/433/433 
f 459/459/459 460/460/460 433/433/433 
f 461/461/461 435/435/435 434/434/434 
f 460/460/460 461/461/461 434/434/434 
f 462/462/462 436/436/436 435/435/435 
f 461/461/461 462/462/462 435/435/435 
f 463/463/463 437/437/437 436/436/436 
f 462/462/462 463/463/463 436/436/436 
f 464/464/464 438/438/438 437/437/437 
f 463/463/463 464/464/464 437/437/437 
f 465/465/465 439/439/439 438/438/438 
f 464/464/464 465/465/465 438/438/438 
f 466/466/466 440/440/440 439/439/439 
f 465/465/465 466/466/466 439/439/439 
f 467/467/467 441/441/441 440/440/440 
f 466/466/466 467/467/467 440/440/440 
f 468/468/468 442/442/442 441/441/441 
f 467/467/467 468/468/468 441/441/441 
f 469/469/469 443/443/443 442/442/442 
f 468/468/468 469/469/469 442/442/442 
f 470/470/470 444/444/444 443/443/443 
f 469/469/469 470/470/470 443/443/443 
f 471/471/471 445/445/445 444/444/444 
f 470/470/470 471/471/471 444/444/444 
f 472/472/472 446/446/446 445/445/445 
f 471/471/471 472/472/472 445/445/445 
f 473/473/473 447/447/447 446/446/446 
f 472/472/472 473/473/473 446/446/446 
f 474/474/474 448/448/448 447/447/447 
f 473/473/473 474/474/474 447/447/447 
f 475/475/475 449/449/449 448/448/448 
f 474/474/474 475/475/475 448/448/448 
f 476/476/476 450/450/450 449/449/449 
f 475/475/475 476/476/476 449/449/449 
f 477/477/477 451/451/451 450/450/450 
f 476/476/476 477/477/477 450/450/450 
f 478/478/478 452/452/452 451/451/451 
f 477/477/477 478/478/478 451/451/451 
f 453/453/453 427/427/427 452/452/452 
f 478/478/478 453/453/453 452/452/452 
f 480/480/480 454/454/454 453/453/453 
f 479/479/479 480/480/480 453/453/453 
f 481/481/481 455/455/455 454/454/454 
f 480/480/480 481/481/481 454/454/454 
f 482/482/482 456/456/456 455/455/455 
f 481/481/481 482/482/482 455/455/455 
f 483/483/483 457/457/457 456/456/456 
f 482/482/482 483/483/483 456/456/456 
f 484/484/484 458/458/458 457/457/457 
f 483/483/483 484/484/484 457/457/457 
f 485/485/485 459/459/459 458/458/458 
f 484/484/484 485/485/485 458/458/458 
f 486/486/486 460/460/460 459/459/459 
f 485/485/485 486/486/486 459/459/459 
f 487/487/487 461/461/461 460/460/460 
f 486/486/486 487/487/487 460/460/460 
f 488/488/488 462/462/462 461/461/461 
f 487/487/487 488/488/488 461/461/461 
f 489/489/489 463/463/463 462/462/462 
f 488/488/488 489/489/489 462/462/462 
f 490/490/490 464/464/464 463/463/463 
f 489/489/489 490/490/490 463/463/463 
f 491/491/491 465/465/465 464/464/464 
f 490/490/490 491/491/491 464/464/464 
f 492/492/492 466/466/466 465/465/465 
f 491/491/491 492/492/492 465/465/465 
f 493/493/493 467/467/467 466/466/466 
f 492/492/492 493/493/493 466/466/466 
f 494/494/494 468/468/468 467/467/467 
f 493/493/493 494/494/494 467/467/467 
f 495/495/495 469/469/469 468/468/468 
f 494/494/494 495/495/495 468/468/468 
f 496/496/496 470/470/470 469/469/469 
f 495/495/495 496/496/496 469/469/469 
f 497/497/497 471/471/471 470/470/470 
f 496/496/496 497/497/497 470/470/470 
f 498/498/498 472/472/472 471/471/471 
f 497/497/497 498/498/498 471/471/471 
f 499/499/499 473/473/473 472/472/472 
f 498/498/498 499/499/499 472/472/472 
f 500/500/500 474/474/474 473/473/473 
f 499/499/499 500/500/500 473/473/473 
f 501/501/501 475/475/475 474/474/474 
f 500/500/500 501/501/501 474/474/474 
f 502/502/502 476/476/476 475/475/475 
f 501/501/501 502/502/502 475/475/475 
f 503/503/503 477/477/477 476/476/476 
f 502/502/502 503/503/503 476/476/476 
f 504/504/504 478/478/478 477/477/477 
f 503/503/503 504/504/504 477/477/477 
f 479/479/479 453/453/453 478/478/478 
f 504/504/504 479/479/479 478/478/478 
f 506/506/506 480/480/480 479/479/479 
f 505/505/505 506/506/506 479/479/479 
f 507/507/507 481/481/481 480/480/480 
f 506/506/506 507/507/507 480/480/480 
f 508/508/508 482/482/482 481/481/481 
f 507/507/507 508/508/508 481/481/481 
f 509/509/509 483/483/483 482/482/482 
f 508/508/508 509/509/509 482/482/482 
f 510/510/510 484/484/484 483/483/483 
f 509/509/509 510/510/510 483/483/483 
f 511/511/511 485/485/485 484/484/484 
f 510/510/510 511/511/511 484/484/484 
f 512/512/512 486/486/486 485/485/485 
f 511/511/511 512/512/512 485/485/485 
f 513/513/513 487/487/487 486/486/486 
f 512/512/512 513/513/513 486/486/486 
f 514/514/514 488/488/488 487/487/487 
f 513/513/513 514/514/514 487/487/487 
f 515/515/515 489/489/489 488/488/488 
f 514/514/514 515/515/515 488/488/488 
f 516/516/516 490/490/490 489/489/489 
f 515/515/515 516/516/516 489/489/489 
f 517/517/517 491/491/491 490/490/490 
f 516/516/516 517/517/517 490/490/490 
f 518/518/518 492/492/492 491/491/491 
f 517/517/517 518/518/518 491/491/491 
f 519/519/519 493/493/493 492/492/492 
f 518/518/518 519/519/519 492/492/492 
f 520/520/520 494/494/494 493/493/493 
f 519/519/519 520/520/520 493/493/493 
f 521/521/521 495/495/495 494/494/494 
f 520/520/520 521/521/521 494/494/494 
f 522/522/522 496/496/496 495/495/495 
f 521/521/521 522/522/522 495/495/495 
f 523/523/523 497/497/497 496/496/496 
f 522/522/522 523/523/523 496/496/496 
f 524/524/524 498/498/498 497/497/497 
f 523/523/523 524/524/524 497/497/497 
f 525/525/525 499/499/499 498/498/498 
f 524/524/524 525/525/525 498/498/498 
f 526/526/526 500/500/500 499/499/499 
f 525/525/525 526/526/526 499/499/499 
f 527/527/527 501/501/501 500/500/500 
f 526/526/526 527/527/527 500/500/500 
f 528/528/528 502/502/502 501/501/501 
f 527/527/527 528/528/528 501/501/501 
f 529/529/529 503/503/503 502/502/502 
f 528/528/528 529/529/529 502/502/502 
f 530/530/530 504/504/504 503/503/503 
f 529/529/529 530/530/530 503/503/503 
f 505/505/505 479/479/479 504/504/504 
f 530/530/530 505/505/505 504/504/504 
f 532/532/532 506/506/506 505/505/505 
f 531/531/531 532/532/532 505/505/505 
f 533/533/533 507/507/507 506/506/506 
f 532/532/532 533/533/533 506/506/506 
f 534/534/534 508/508/508 507/507/507 
f 533/533/533 534/534/534 507/507/507 
f 535/535/535 509/509/509 508/508/508 
f 534/534/534 535/535/535 508/508/508 
f 536/536/536 510/510/510 509/509/509 
f 535/535/535 536/536/536 509/509/509 
f 537/537/537 511/511/511 510/510/510 
f 536/536/536 537/537/537 510/510/510 
f 538/538/538 512/512/512 511/511/511 
f 537/537/537 538/538/538 511/511/511 
f 539/539/539 513/513/513 512/512/512 
f 538/538/538 539/539/539 512/512/512 
f 540/540/540 514/514/514 513/513/513 
f 539/539/539 540/540/540 513/513/513 
f 541/541/541 515/515/515 514/514/514 
f 540/540/540 541/541/541 514/514/514 
f 542/542/542 516/516/516 515/515/515 
f 541/541/541 542/542/542 515/515/515 
f 543/543/543 517/517/517 516/516/516 
f 542/542/542 543/543/543 516/516/516 
f 544/544/544 518/518/518 517/517/517 
f 543/543/543 544/544/544 517/517/517 
f 545/545/545 519/519/519 518/518/518 
f 544/544/544 545/545/545 518/518/518 
f 546/546/546 520/520/520 519/519/519 
f 545/545/545 546/546/546 519/519/519 
f 547/547/547 521/521/521 520/520/520 
f 546/546/546 547/547/547 520/520/520 
f 548/548/548 522/522/522 521/521/521 
f 547/547/547 548/548/548 521/521/521 
f 549/549/549 523/523/523 522/522/522 
f 548/548/548 549/549/549 522/522/522 
f 550/550/550 524/524/524 523/523/523 
f 549/549/549 550/550/550 523/523/523 
f 551/551/551 525/525/525 524/524/524 
f 550/550/550 551/551/551 524/524/524 
f 552/552/552 526/526/526 525/525/525 
f 551/551/551 552/552/552 525/525/525 
f 553/553/553 527/527/527 526/526/526 
f 552/552/552 553/553/553 526/526/526 
f 554/554/554 528/528/528 527/527/527 
f 553/553/553 554/554/554 527/527/527 
f 555/555/555 529/529/529 528/528/528 
f 554/554/554 555/555/555 528/528/528 
f 556/556/556 530/530/530 529/529/529 
f 555/555/555 556/556/556 529/529/529 
f 531/531/531 505/505/505 530/530/530 
f 556/556/556 531/531/531 530/530/530 
f 558/558/558 532/532/532 531/531/531 
f 557/557/557 558/558/558 531/531/531 
f 559/559/559 533/533/533 532/532/532 
f 558/558/558 559/559/559 532/532/532 
f 560/560/560 534/534/534 533/533/533 
f 559/559/559 560/560/560 533/533/533 
f 561/561/561 535/535/535 534/534/534 
f 560/560/560 561/561/561 534/534/534 
f 562/562/562 536/536/536 535/535/535 
f 561/561/561 562/562/562 535/535/535 
f 563/563/563 537/537/537 536/536/536 
f 562/562/562 563/563/563 536/536/536 
f 564/564/564 538/538/538 537/537/537 
f 563/563/563 564/564/564 537/537/537 
f 565/565/565 539/539/539 538/538/538 
f 564/564/564 565/565/565 538/538/538 
f 566/566/566 540/540/540 539/539/539 
f 565/565/565 566/566/566 539/539/539 
f 567/567/567 541/541/541 540/540/540 
f 566/566/566 567/567/567 540/540/540 
f 568/568/568 542/542/542 541/541/541 
f 567/567/567 568/568/568 541/541/541 
f 569/569/569 543/543/543 542/542/542 
f 568/568/568 569/569/569 542/542/542 
f 570/570/570 544/544/544 543/543/543 
f 569/569/569 570/570/570 543/543/543 
f 571/571/571 545/545/545 544/544/544 
f 570/570/570 571/571/571 544/544/544 
f 572/572/572 546/546/546 545/545/545 
f 571/571/571 572/572/572 545/545/545 
f 573/573/573 547/547/547 546/546/546 
f 572/572/572 573/573/573 546/546/546 
f 574/574/574 548/548/548 547/547/547 
f 573/573/573 574/574/574 547/547/547 
f 575/575/575 549/549/549 548/548/548 
f 574/574/574 575/575/575 548/548/548 
f 576/576/576 550/550/550 549/549/549 
f 575/575/575 576/576/576 549/549/549 
f 577/577/577 551/551/551 550/550/550 
f 576/576/576 577/577/577 550/550/550 
f 578/578/578 552/552/552 551/551/551 
f 577/577/577 578/578/578 551/551/551 
f 579/579/579 553/553/553 552/552/552 
f 578/578/578 579/579/579 552/552/552 
f 580/580/580 554/554/554 553/553/553 
f 579/579/579 580/580/580 553/553/553 
f 581/581/581 555/555/555 554/554/554 
f 580/580/580 581/581/581 554/554/554 
f 582/582/582 556/556/556 555/555/555 
f 581/581/581 582/582/582 555/555/555 
f 557/557/557 531/531/531 556/556/556 
f 582/582/582 557/557/557 556/556/556 
f 584/584/584 558/558/558 557/557/557 
f 583/583/583 584/584/584 557/557/557 
f 585/585/585 559/559/559 558/558/558 
f 584/584/584 585/585/585 558/558/558 
f 586/586/586 560/560/560 559/559/559 
f 585/585/585 586/586/586 559/559/559 
f 587/587/587 561/561/561 560/560/560 
f 586/586/586 587/587/587 560/560/560 
f 588/588/588 562/562/562 561/561/561 
f 587/587/587 588/588/588 561/561/561 
f 589/589/589 563/563/563 562/562/562 
f 588/588/588 589/589/589 562/562/562 
f 590/590/590 564/564/564 563/563/563 
f 589/589/589 590/590/590 563/563/563 
f 591/591/591 565/565/565 564/564/564 
f 590/590/590 591/591/591 564/564/564 
f 592/592/592 566/566/566 565/565/565 
f 591/591/591 592/592/592 565/565/565 
f 593/593/593 567/567/567 566/566/566 
f 592/592/592 593/593/593 566/566/566 
f 594/594/594 568/568/568 567/567/567 
f 593/593/593 594/594/594 567/567/567 
f 595/595/595 569/569/569 568/568/568 
f 594/594/594 595/595/595 568/568/568 
f 596/596/596 570/570/570 569/569/569 
f 595/595/595 596/596/596 569/569/569 
f 597/597/597 571/571/571 570/570/570 
f 596/596/596 597/597/597 570/570/570 
f 598/598/598 572/572/572 571/571/571 
f 597/597/597 598/598/598 571/571/571 
f 599/599/599 573/573/573 572/572/572 
f 598/598/598 599/599/599 572/572/572 
f 600/600/600 574/574/574 573/573/573 
f 599/599/599 600/600/600 573/573/573 
f 601/601/601 575/575/575 574/574/574 
f 600/600/600 601/601/601 574/574/574 
f 602/602/602 576/576/576 575/575/575 
f 601/601/601 602/602/602 575/575/575 
f 603/603/603 577/577/577 576/576/576 
f 602/602/602 603/603/603 576/576/576 
f 604/604/604 578/578/578 577/577/577 
f 603/603/603 604/604/604 577/577/577 
f 605/605/605 579/579/579 578/578/578 
f 604/604/604 605/605/605 578/578/578 
f 606/606/606 580/580/580 579/579/579 
f 605/605/605 606/606/606 579/579/579 
f 607/607/607 581/581/581 580/580/580 
f 606/606/606 607/607/607 580/580/580 
f 608/608/608 582/582/582 581/581/581 
f 607/607/607 608/608/608 581/581/581 
f 583/583/583 557/557/557 582/582/582 
f 608/608/608 583/583/583 582/582/582 
f 610/610/610 584/584/584 583/583/583 
f 609/609/609 610/610/610 583/583/583 
f 611/611/611 585/585/585 584/584/584 
f 610/610/610 611/611/611 584/584/584 
f 612/612/612 586/586/586 585/585/585 
f 611/611/611 612/612/612 585/585/585 
f 613/613/613 587/587/587 586/586/586 
f 612/612/612 613/613/613 586/586/586 
f 614/614/614 588/588/588 587/587/587 
f 613/613/613 614/614/614 587/587/587 
f 615/615/615 589/589/589 588/588/588 
f 614/614/614 615/615/615 588/588/588 
f 616/616/616 590/590/590 589/589/589 
f 615/615/615 616/616/616 589/589/589 
f 617/617/617 591/591/591 590/590/590 
f 616/616/616 617/617/617 590/590/590 
f 618/618/618 592/592/592 591/591/591 
f 617/617/617 618/618/618 591/591/591 
f 619/619/619 593/593/593 592/592/592 
f 618/618/618 619/619/619 592/592/592 
f 620/620/620 594/594/594 593/593/593 
f 619/619/619 620/620/620 593/593/593 
f 621/621/621 595/595/595 594/594/594 
f 620/620/620 621/621/621 594/594/594 
f 622/622/622 596/596/596 595/595/595 
f 621/621/621 622/622/622 595/595/595 
f 623/623/623 597/597/597 596/596/596 
f 622/622/622 623/623/623 596/596/596 
f 624/624/624 598/598/598 597/597/597 
f 623/623/623 624/624/624 597/597/597 
f 625/625/625 599/599/599 598/598/598 
f 624/624/624 625/625/625 598/598/598 
f 626/626/626 600/600/600 599/599/599 
f 625/625/625 626/626/626 599/599/599 
f 627/627/627 601/601/601 600/600/600 
f 626/626/626 627/627/627 600/600/600 
f 628/628/628 602/602/602 601/601/601 
f 627/627/627 628/628/628 601/601/601 
f 629/629/629 603/603/603 602/602/602 
f 628/628/628 629/629/629 602/602/602 
f 630/630/630 604/604/604 603/603/603 
f 629/629/629 630/630/630 603/603/603 
f 631/631/631 605/605/605 604/604/604 
f 630/630/630 631/631/631 604/604/604 
f 632/632/632 606/606/606 605/605/605 
f 631/631/631 632/632/632 605/605/605 
f 633/633/633 607/607/607 606/606/606 
f 632/632/632 633/633/633 606/606/606 
f 634/634/634 608/608/608 607/607/607 
f 633/633/633 634/634/634 607/607/607 
f 609/609/609 583/583/583 608/608/608 
f 634/634/634 609/609/609 608/608/608 
f 636/636/636 610/610/610 609/609/609 
f 635/635/635 636/636/636 609/609/609 
f 637/637/637 611/611/611 610/610/610 
f 636/636/636 637/637/637 610/610/610 
f 638/638/638 612/612/612 611/611/611 
f 637/637/637 638/638/638 611/611/611 
f 639/639/639 613/613/613 612/612/612 
f 638/638/638 639/639/639 612/612/612 
f 640/640/640 614/614/614 613/613/613 
f 639/639/639 640/640/640 613/613/613 
f 641/641/641 615/615/615 614/614/614 
f 640/640/640 641/641/641 614/614/614 
f 642/642/642 616/616/616 615/615/615 
f 641/641/641 642/642/642 615/615/615 
f 643/643/643 617/617/617 616/616/616 
f 642/642/642 643/643/643 616/616/616 
f 644/644/644 618/618/618 617/617/617 
f 643/643/643 644/644/644 617/617/617 
f 645/645/645 619/619/619 618/618/618 
f 644/644/644 645/645/645 618/618/618 
f 646/646/646 620/620/620 619/619/619 
f 645/645/645 646/646/646 619/619/619 
f 647/647/647 621/621/621 620/620/620 
f 646/646/646 647/647/647 620/620/620 
f 648/648/648 622/622/622 621/621/621 
f 647/647/647 648/648/648 621/621/621 
f 649/649/649 623/623/623 622/622/622 
f 648/648/648 649/649/649 622/622/622 
f 650/650/650 624/624/624 623/623/623 
f 649/649/649 650/650/650 623/623/623 
f 651/651/651 625/625/625 624/624/624 
f 650/650/650 651/651/651 624/624/624 
f 652/652/652 626/626/626 625/625/625 
f 651/651/651 652/652/652 625/625/625 
f 653/653/653 627/627/627 626/626/626 
f 652/652/652 653/653/653 626/626/626 
f 654/654/654 628/628/628 627/627/627 
f 653/653/653 654/654/654 627/627/627 
f 655/655/655 629/629/629 628/628/628 
f 654/654/654 655/655/655 628/628/628 
f 656/656/656 630/630/630 629/629/629 
f 655/655/655 656/656/656 629/629/629 
f 657/657/657 631/631/631 630/630/630 
f 656/656/656 657/657/657 630/630/630 
f 658/658/658 632/632/632 631/631/631 
f 657/657/657 658/658/658 631/631/631 
f 659/659/659 633/633/633 632/632/632 
f 658/658/658 659/659/659 632/632/632 
f 660/660/660 634/634/634 633/633/633 
f 659/659/659 660/660/660 633/633/633 
f 635/635/635 609/609/609 634/634/634 
f 660/660/660 635/635/635 634/634/634 
f 662/662/662 636/636/636 635/635/635 
f 661/661/661 662/662/662 635/635/635 
f 663/663/663 637/637/637 636/636/636 
f 662/662/662 663/663/663 636/636/636 
f 664/664/664 638/638/638 637/637/637 
f 663/663/663 664/664/664 637/637/637 
f 665/665/665 639/639/639 638/638/638 
f 664/664/664 665/665/665 638/638/638 
f 666/666/666 640/640/640 639/639/639 
f 665/665/665 666/666/666 639/639/639 
f 667/667/667 641/641/641 640/640/640 
f 666/666/666 667/667/667 640/640/640 
f 668/668/668 642/642/642 641/641/641 
f 667/667/667 668/668/668 641/641/641 
f 669/669/669 643/643/643 642/642/642 
f 668/668/668 669/669/669 642/642/642 
f 670/670/670 644/644/644 643/643/643 
f 669/669/669 670/670/670 643/643/643 
f 671/671/671 645/645/645 644/644/644 
f 670/670/670 671/671/671 644/644/644 
f 672/672/672 646/646/646 645/645/645 
f 671/671/671 672/672/672 645/645/645 
f 673/673/673 647/647/647 646/646/646 
f 672/672/672 673/673/673 646/646/646 
f 674/674/674 648/648/648 647/647/647 
f 673/673/673 674/674/674 647/647/647 
f 675/675/675 649/649/649 648/648/648 
f 674/674/674 675/675/675 648/648/648 
f 676/676/676 650/650/650 649/649/649 
f 675/675/675 676/676/676 649/649/649 
f 677/677/677 651/651/651 650/650/650 
f 676/676/676 677/677/677 650/650/650 
f 678/678/678 652/652/652 651/651/651 
f 677/677/677 678/678/678 651/651/651 
f 679/679/679 653/653/653 652/652/652 
f 678/678/678 679/679/679 652/652/652 
f 680/680/680 654/654/654 653/653/653 
f 679/679/679 680/680/680 653/653/653 
f 681/681/681 655/655/655 654/654/654 
f 680/680/680 681/681/681 654/654/654 
f 682/682/682 656/656/656 655/655/655 
f 681/681/681 682/682/682 655/655/655 
f 683/683/683 657/657/657 656/656/656 
f 682/682/682 683/683/683 656/656/656 
f 684/684/684 658/658/658 657/657/657 
f 683/683/683 684/684/684 657/657/657 
f 685/685/685 659/659/659 658/658/658 
f 684/684/684 685/685/685 658/658/658 
f 686/686/686 660/660/660 659/659/659 
f 685/685/685 686/686/686 659/659/659 
f 661/661/661 635/635/635 660/660/660 
f 686/686/686 661/661/661 660/660/660 
f 688/688/688 662/662/662 661/661/661 
f 687/687/687 688/688/688 661/661/661 
f 689/689/689 663/663/663 662/662/662 
f 688/688/688 689/689/689 662/662/662 
f 690/690/690 664/664/664 663/663/663 
f 689/689/689 690/690/690 663/663/663 
f 691/691/691 665/665/665 664/664/664 
f 690/690/690 691/691/691 664/664/664 
f 692/692/692 666/666/666 665/665/665 
f 691/691/691 692/692/692 665/665/665 
f 693/693/693 667/667/667 666/666/666 
f 692/692/692 693/693/693 666/666/666 
f 694/694/694 668/668/668 667/667/667 
f 693/693/693 694/694/694 667/667/667 
f 695/695/695 669/669/669 668/668/668 
f 694/694/694 695/695/695 668/668/668 
f 696/696/696 670/670/670 669/669/669 
f 695/695/695 696/696/696 669/669/669 
f 697/697/697 671/671/671 670/670/670 
f 696/696/696 697/697/697 670/670/670 
f 698/698/698 672/672/672 671/671/671 
f 697/697/697 698/698/698 671/671/671 
f 699/699/699 673/673/673 672/672/672 
f 698/698/698 699/699/699 672/672/672 
f 700/700/700 674/674/674 673/673/673 
f 699/699/699 700/700/700 673/673/673 
f 701/701/701 675/675/675 674/674/674 
f 700/700/700 701/701/701 674/674/674 
f 702/702/702 676/676/676 675/675/675 
f 701/701/701 702/702/702 675/675/675 
f 703/703/703 677/677/677 676/676/676 
f 702/702/702 703/703/703 676/676/676 
f 704/704/704 678/678/678 677/677/677 
f 703/703/703 704/704/704 677/677/677 
f 705/705/705 679/679/679 678/678/678 
f 704/704/704 705/705/705 678/678/678 
f 706/706/706 680/680/680 679/679/679 
f 705/705/705 706/706/706 679/679/679 
f 707/707/707 681/681/681 680/680/680 
f 706/706/706 707/707/707 680/680/680 
f 708/708/708 682/682/682 681/681/681 
f 707/707/707 708/708/708 681/681/681 
f 709/709/709 683/683/683 682/682/682 
f 708/708/708 709/709/709 682/682/682 
f 710/710/710 684/684/684 683/683/683 
f 709/709/709 710/710/710 683/683/683 
f 711/711/711 685/685/685 684/684/684 
f 710/710/710 711/711/711 684/684/684 
f 712/712/712 686/686/686 685/685/685 
f 711/711/711 712/712/712 685/685/685 
f 687/687/687 661/661/661 686/686/686 
f 712/712/712 687/687/687 686/686/686 
f 714/714/714 688/688/688 687/687/687 
f 713/713/713 714/714/714 687/687/687 
f 715/715/715 689/689/689 688/688/688 
f 714/714/714 715/715/715 688/688/688 
f 716/716/716 690/690/690 689/689/689 
f 715/715/715 716/716/716 689/689/689 
f 717/717/717 691/691/691 690/690/690 
f 716/716/716 717/717/717 690/690/690 
f 718/718/718 692/692/692 691/691/691 
f 717/717/717 718/718/718 691/691/691 
f 719/719/719 693/693/693 692/692/692 
f 718/718/718 719/719/719 692/692/692 
f 720/720/720 694/694/694 693/693/693 
f 719/719/719 720/720/720 693/693/693 
f 721/721/721 695/695/695 694/694/694 
f 720/720/720 721/721/721 694/694/694 
f 722/722/722 696/696/696 695/695/695 
f 721/721/721 722/722/722 695/695/695 
f 723/723/723 697/697/697 696/696/696 
f 722/722/722 723/723/723 696/696/696 
f 724/724/724 698/698/698 697/697/697 
f 723/723/723 724/724/724 697/697/697 
f 725/725/725 699/699/699 698/698/698 
f 724/724/724 725/725/725 698/698/698 
f 726/726/726 700/700/700 699/699/699 
f 725/725/725 726/726/726 699/699/699 
f 727/727/727 701/701/701 700/700/700 
f 726/726/726 727/727/727 700/700/700 
f 728/728/728 702/702/702 701/701/701 
f 727/727/727 728/728/728 701/701/701 
f 729/729/729 703/703/703 702/702/702 
f 728/728/728 729/729/729 702/702/702 
f 730/730/730 704/704/704 703/703/703 
f 729/729/729 730/730/730 703/703/703 
f 731/731/731 705/705/705 704/704/704 
f 730/730/730 731/731/731 704/704/704 
f 732/732/732 706/706/706 705/705/705 
f 731/731/731 732/732/732 705/705/705 
f 733/733/733 707/707/707 706/706/706 
f 732/732/732 733/733/733 706/706/706 
f 734/734/734 708/708/708 707/707/707 
f 733/733/733 734/734/734 707/707/707 
f 735/735/735 709/709/709 708/708/708 
f 734/734/734 735/735/735 708/708/708 
f 736/736/736 710/710/710 709/709/709 
f 735/735/735 736/736/736 709/709/709 
f 737/737/737 711/711/711 710/710/710 
f 736/736/736 737/737/737 710/710/710 
f 738/738/738 712/712/712 711/711/711 
f 737/737/737 738/738/738 711/711/711 
f 713/713/713 687/687/687 712/712/712 
f 738/738/738 713/713/713 712/712/712 
f 740/740/740 714/714/714 713/713/713 
f 739/739/739 740/740/740 713/713/713 
f 741/741/741 715/715/715 714/714/714 
f 740/740/740 741/741/741 714/714/714 
f 742/742/742 716/716/716 715/715/715 
f 741/741/741 742/742/742 715/715/715 
f 743/743/743 717/717/717 716/716/716 
f 742/742/742 743/743/743 716/716/716 
f 744/744/744 718/718/718 717/717/717 
f 743/743/743 744/744/744 717/717/717 
f 745/745/745 719/719/719 718/718/718 
f 744/744/744 745/745/745 718/718/718 
f 746/746/746 720/720/720 719/719/719 
f 745/745/745 746/746/746 719/719/719 
f 747/747/747 721/721/721 720/720/720 
f 746/746/746 747/747/747 720/720/720 
f 748/748/748 722/722/722 721/721/721 
f 747/747/747 748/748/748 721/721/721 
f 749/749/749 723/723/723 722/722/722 
f 748/748/748 749/749/749 722/722/722 
f 750/750/750 724/724/724 723/723/723 
f 749/749/749 750/750/750 723/723/723 
f 751/751/751 725/725/725 724/724/724 
f 750/750/750 751/751/751 724/724/724 
f 752/752/752 726/726/726 725/725/725 
f 751/751/751 752/752/752 725/725/725 
f 753/753/753 727/727/727 726/726/726 
f 752/752/752 753/753/753 726/726/726 
f 754/754/754 728/728/728 727/727/727 
f 753/753/753 754/754/754 727/727/727 
f 755/755/755 729/729/729 728/728/728 
f 754/754/754 755/755/755 728/728/728 
f 756/756/756 730/730/730 729/729/729 
f 755/755/755 756/756/756 729/729/729 
f 757/757/757 731/731/731 730/730/730 
f 756/756/756 757/757/757 730/730/730 
f 758/758/758 732/732/732 731/731/731 
f 757/757/757 758/758/758 731/731/731 
f 759/759/759 733/733/733 732/732/732 
f 758/758/758 759/759/759 732/732/732 
f 760/760/760 734/734/734 733/733/733 
f 759/759/759 760/760/760 733/733/733 
f 761/761/761 735/735/735 734/734/734 
f 760/760/760 761/761/761 734/734/734 
f 762/762/762 736/736/736 735/735/735 
f 761/761/761 762/762/762 735/735/735 
f 763/763/763 737/737/737 736/736/736 
f 762/762/762 763/763/763 736/736/736 
f 764/764/764 738/738/738 737/737/737 
f 763/763/763 764/764/764 737/737/737 
f 739/739/739 713/713/713 738/738/738 
f 764/764/764 739/739/739 738/738/738 
f 766/766/766 740/740/740 739/739/739 
f 765/765/765 766/766/766 739/739/739 
f 767/767/767 741/741/741 740/740/740 
f 766/766/766 767/767/767 740/740/740 
f 768/768/768 742/742/742 741/741/741 
f 767/767/767 768/768/768 741/741/741 
f 769/769/769 743/743/743 742/742/742 
f 768/768/768 769/769/769 742/742/742 
f 770/770/770 744/744/744 743/743/743 
f 769/769/769 770/770/770 743/743/743 
f 771/771/771 745/745/745 744/744/744 
f 770/770/770 771/771/771 744/744/744 
f 772/772/772 746/746/746 745/745/745 
f 771/771/771 772/772/772 745/745/745 
f 773/773/773 747/747/747 746/746/746 
f 772/772/772 773/773/773 746/746/746 
f 774/774/774 748/748/748 747/747/747 
f 773/773/773 774/774/774 747/747/747 
f 775/775/775 749/749/749 748/748/748 
f 774/774/774 775/775/775 748/748/748 
f 776/776/776 750/750/750 749/749/749 
f 775/775/775 776/776/776 749/749/749 
f 777/777/777 751/751/751 750/750/750 
f 776/776/776 777/777/777 750/750/750 
f 778/778/778 752/752/752 751/751/751 
f 777/777/777 778/778/778 751/751/751 
f 779/779/779 753/753/753 752/752/752 
f 778/778/778 779/779/779 752/752/752 
f 780/780/780 754/754/754 753/753/753 
f 779/779/779 780/780/780 753/753/753 
f 781/781/781 755/755/755 754/754/754 
f 780/780/780 781/781/781 754/754/754 
f 782/782/782 756/756/756 755/755/755 
f 781/781/781 782/782/782 755/755/755 
f 783/783/783 757/757/757 756/756/756 
f 782/782/782 783/783/783 756/756/756 
f 784/784/784 758/758/758 757/757/757 
f 783/783/783 784/784/784 757/757/757 
f 785/785/785 759/759/759 758/758/758 
f 784/784/784 785/785/785 758/758/758 
f 786/786/786 760/760/760 759/759/759 
f 785/785/785 786/786/786 759/759/759 
f 787/787/787 761/761/761 760/760/760 
f 786/786/786 787/787/787 760/760/760 
f 788/788/788 762/762/762 761/761/761 
f 787/787/787 788/788/788 761/761/761 
f 789/789/789 763/763/763 762/762/762 
f 788/788/788 789/789/789 762/762/762 
f 790/790/790 764/764/764 763/763/763 
f 789/789/789 790/790/790 763/763/763 
f 765/765/765 739/739/739 764/764/764 
f 790/790/790 765/765/765 764/764/764 
f 792/792/792 766/766/766 765/765/765 
f 791/791/791 792/792/792 765/765/765 
f 793/793/793 767/767/767 766/766/766 
f 792/792/792 793/793/793 766/766/766 
f 794/794/794 768/768/768 767/767/767 
f 793/793/793 794/794/794 767/767/767 
f 795/795/795 769/769/769 768/768/768 
f 794/794/794 795/795/795 768/768/768 
f 796/796/796 770/770/770 769/769/769 
f 795/795/795 796/796/796 769/769/769 
f 797/797/797 771/771/771 770/770/770 
f 796/796/796 797/797/797 770/770/770 
f 798/798/798 772/772/772 771/771/771 
f 797/797/797 798/798/798 771/771/771 
f 799/799/799 773/773/773 772/772/772 
f 798/798/798 799/799/799 772/772/772 
f 800/800/800 774/774/774 773/773/773 
f 799/799/799 800/800/800 773/773/773 
f 801/801/801 775/775/775 774/774/774 
f 800/800/800 801/801/801 774/774/774 
f 802/802/802 776/776/776 775/775/775 
f 801/801/801 802/802/802 775/775/775 
f 803/803/803 777/777/777 776/776/776 
f 802/802/802 803/803/803 776/776/776 
f 804/804/804 778/778/778 777/777/777 
f 803/803/803 804/804/804 777/777/777 
f 805/805/805 779/779/779 778/778/778 
f 804/804/804 805/805/805 778/778/778 
f 806/806/806 780/780/780 779/779/779 
f 805/805/805 806/806/806 779/779/779 
f 807/807/807 781/781/781 780/780/780 
f 806/806/806 807/807/807 780/780/780 
f 808/808/808 782/782/782 781/781/781 
f 807/807/807 808/808/808 781/781/781 
f 809/809/809 783/783/783 782/782/782 
f 808/808/808 809/809/809 782/782/782 
f 810/810/810 784/784/784 783/783/783 
f 809/809/809 810/810/810 783/783/783 
f 811/811/811 785/785/785 784/784/784 
f 810/810/810 811/811/811 784/784/784 
f 812/812/812 786/786/786 785/785/785 
f 811/811/811 812/812/812 785/785/785 
f 813/813/813 787/787/787 786/786/786 
f 812/812/812 813/813/813 786/786/786 
f 814/814/814 788/788/788 787/787/787 
f 813/813/813 814/814/814 787/787/787 
f 815/815/815 789/789/789 788/788/788 
f 814/814/814 815/815/815 788/788/788 
f 816/816/816 790/790/790 789/789/789 
f 815/815/815 816/816/816 789/789/789 
f 791/791/791 765/765/765 790/790/790 
f 816/816/816 791/791/791 790/790/790 
f 818/818/818 792/792/792 791/791/791 
f 817/817/817 818/818/818 791/791/791 
f 819/819/819 793/793/793 792/792/792 
f 818/818/818 819/819/819 792/792/792 
f 820/820/820 794/794/794 793/793/793 
f 819/819/819 820/820/820 793/793/793 
f 821/821/821 795/795/795 794/794/794 
f 820/820/820 821/821/821 794/794/794 
f 822/822/822 796/796/796 795/795/795 
f 821/821/821 822/822/822 795/795/795 
f 823/823/823 797/797/797 796/796/796 
f 822/822/822 823/823/823 796/796/796 
f 824/824/824 798/798/798 797/797/797 
f 823/823/823 824/824/824 797/797/797 
f 825/825/825 799/799/799 798/798/798 
f 824/824/824 825/825/825 798/798/798 
f 826/826/826 800/800/800 799/799/799 
f 825/825/825 826/826/826 799/799/799 
f 827/827/827 801/801/801 800/800/800 
f 826/826/826 827/827/827 800/800/800 
f 828/828/828 802/802/802 801/801/801 
f 827/827/827 828/828/828 801/801/801 
f 829/829/829 803/803/803 802/802/802 
f 828/828/828 829/829/829 802/802/802 
f 830/830/830 804/804/804 803/803/803 
f 829/829/829 830/830/830 803/803/803 
f 831/831/831 805/805/805 804/804/804 
f 830/830/830 831/831/831 804/804/804 
f 832/832/832 806/806/806 805/805/805 
f 831/831/831 832/832/832 805/805/805 
f 833/833/833 807/807/807 806/806/806 
f 832/832/832 833/833/833 806/806/806 
f 834/834/834 808/808/808 807/807/807 
f 833/833/833 834/834/834 807/807/807 
f 835/835/835 809/809/809 808/808/808 
f 834/834/834 835/835/835 808/808/808 
f 836/836/836 810/810/810 809/809/809 
f 835/835/835 836/836/836 809/809/809 
f 837/837/837 811/811/811 810/810/810 
f 836/836/836 837/837/837 810/810/810 
f 838/838/838 812/812/812 811/811/811 
f 837/837/837 838/838/838 811/811/811 
f 839/839/839 813/813/813 812/812/812 
f 838/838/838 839/839/839 812/812/812 
f 840/840/840 814/814/814 813/813/813 
f 839/839/839 840/840/840 813/813/813 
f 841/841/841 815/815/815 814/814/814 
f 840/840/840 841/841/841 814/814/814 
f 842/842/842 816/816/816 815/815/815 
f 841/841/841 842/842/842 815/815/815 
f 817/817/817 791/791/791 816/816/816 
f 842/842/842 817/817/817 816/816/816 
f 844/844/844 818/818/818 817/817/817 
f 843/843/843 844/844/844 817/817/817 
f 845/845/845 819/819/819 818/818/818 
f 844/844/844 845/845/845 818/818/818 
f 846/846/846 820/820/820 819/819/819 
f 845/845/845 846/846/846 819/819/819 
f 847/847/847 821/821/821 820/820/820 
f 846/846/846 847/847/847 820/820/820 
f 848/848/848 822/822/822 821/821/821 
f 847/847/847 848/848/848 821/821/821 
f 849/849/849 823/823/823 822/822/822 
f 848/848/848 849/849/849 822/822/822 
f 850/850/850 824/824/824 823/823/823 
f 849/849/849 850/850/850 823/823/823 
f 851/851/851 825/825/825 824/824/824 
f 850/850/850 851/851/851 824/824/824 
f 852/852/852 826/826/826 825/825/825 
f 851/851/851 852/852/852 825/825/825 
f 853/853/853 827/827/827 826/826/826 
f 852/852/852 853/853/853 826/826/826 
f 854/854/854 828/828/828 827/827/827 
f 853/853/853 854/854/854 827/827/827 
f 855/855/855 829/829/829 828/828/828 
f 854/854/854 855/855/855 828/828/828 
f 856/856/856 830/830/830 829/829/829 
f 855/855/855 856/856/856 829/829/829 
f 857/857/857 831/831/831 830/830/830 
f 856/856/856 857/857/857 830/830/830 
f 858/858/858 832/832/832 831/831/831 
f 857/857/857 858/858/858 831/831/831 
f 859/859/859 833/833/833 832/832/832 
f 858/858/858 859/859/859 832/832/832 
f 860/860/860 834/834/834 833/833/833 
f 859/859/859 860/860/860 833/833/833 
f 861/861/861 835/835/835 834/834/834 
f 860/860/860 861/861/861 834/834/834 
f 862/862/862 836/836/836 835/835/835 
f 861/861/861 862/862/862 835/835/835 
f 863/863/863 837/837/837 836/836/836 
f 862/862/862 863/863/863 836/836/836 
f 864/864/864 838/838/838 837/837/837 
f 863/863/863 864/864/864 837/837/837 
f 865/865/865 839/839/839 838/838/838 
f 864/864/864 865/865/865 838/838/838 
f 866/866/866 840/840/840 839/839/839 
f 865/865/865 866/866/866 839/839/839 
f 867/867/867 841/841/841 840/840/840 
f 866/866/866 867/867/867 840/840/840 
f 868/868/868 842/842/842 841/841/841 
f 867/867/867 868/868/868 841/841/841 
f 843/843/843 817/817/817 842/842/842 
f 868/868/868 843/843/843 842/842/842 
f 870/870/870 844/844/844 843/843/843 
f 869/869/869 870/870/870 843/843/843 
f 871/871/871 845/845/845 844/844/844 
f 870/870/870 871/871/871 844/844/844 
f 872/872/872 846/846/846 845/845/845 
f 871/871/871 872/872/872 845/845/845 
f 873/873/873 847/847/847 846/846/846 
f 872/872/872 873/873/873 846/846/846 
f 874/874/874 848/848/848 847/847/847 
f 873/873/873 874/874/874 847/847/847 
f 875/875/875 849/849/849 848/848/848 
f 874/874/874 875/875/875 848/848/848 
f 876/876/876 850/850/850 849/849/849 
f 875/875/875 876/876/876 849/849/849 
f 877/877/877 851/851/851 850/850/850 
f 876/876/876 877/877/877 850/850/850 
f 878/878/878 852/852/852 851/851/851 
f 877/877/877 878/878/878 851/851/851 
f 879/879/879 853/853/853 852/852/852 
f 878/878/878 879/879/879 852/852/852 
f 880/880/880 854/854/854 853/853/853 
f 879/879/879 880/880/880 853/853/853 
f 881/881/881 855/855/855 854/854/854 
f 880/880/880 881/881/881 854/854/854 
f 882/882/882 856/856/856 855/855/855 
f 881/881/881 882/882/882 855/855/855 
f 883/883/883 857/857/857 856/856/856 
f 882/882/882 883/883/883 856/856/856 
f 884/884/884 858/858/858 857/857/857 
f 883/883/883 884/884/884 857/857/857 
f 885/885/885 859/859/859 858/858/858 
f 884/884/884 885/885/885 858/858/858 
f 886/886/886 860/860/860 859/859/859 
f 885/885/885 886/886/886 859/859/859 
f 887/887/887 861/861/861 860/860/860 
f 886/886/886 887/887/887 860/860/860 
f 888/888/888 862/862/862 861/861/861 
f 887/887/887 888/888/888 861/861/861 
f 889/889/889 863/863/863 862/862/862 
f 888/888/888 889/889/889 862/862/862 
f 890/890/890 864/864/864 863/863/863 
f 889/889/889 890/890/890 863/863/863 
f 891/891/891 865/865/865 864/864/864 
f 890/890/890 891/891/891 864/864/864 
f 892/892/892 866/866/866 865/865/865 
f 891/891/891 892/892/892 865/865/865 
f 893/893/893 867/867/867 866/866/866 
f 892/892/892 893/893/893 866/866/866 
f 894/894/894 868/868/868 867/867/867 
f 893/893/893 894/894/894 867/867/867 
f 869/869/869 843/843/843 868/868/868 
f 894/894/894 869/869/869 868/868/868 
f 896/896/896 870/870/870 869/869/869 
f 895/895/895 896/896/896 869/869/869 
f 897/897/897 871/871/871 870/870/870 
f 896/896/896 897/897/897 870/870/870 
f 898/898/898 872/872/872 871/871/871 
f 897/897/897 898/898/898 871/871/871 
f 899/899/899 873/873/873 872/872/872 
f 898/898/898 899/899/899 872/872/872 
f 900/900/900 874/874/874 873/873/873 
f 899/899/899 900/900/900 873/873/873 
f 901/901/901 875/875/875 874/874/874 
f 900/900/900 901/901/901 874/874/874 
f 902/902/902 876/876/876 875/875/875 
f 901/901/901 902/902/902 875/875/875 
f 903/903/903 877/877/877 876/876/876 
f 902/902/902 903/903/903 876/876/876 
f 904/904/904 878/878/878 877/877/877 
f 903/903/903 904/904/904 877/877/877 
f 905/905/905 879/879/879 878/878/878 
f 904/904/904 905/905/905 878/878/878 
f 906/906/906 880/880/880 879/879/879 
f 905/905/905 906/906/906 879/879/879 
f 907/907/907 881/881/881 880/880/880 
f 906/906/906 907/907/907 880/880/880 
f 908/908/908 882/882/882 881/881/881 
f 907/907/907 908/908/908 881/881/881 
f 909/909/909 883/883/883 882/882/882 
f 908/908/908 909/909/909 882/882/882 
f 910/910/910 884/884/884 883/883/883 
f 909/909/909 910/910/910 883/883/883 
f 911/911/911 885/885/885 884/884/884 
f 910/910/910 911/911/911 884/884/884 
f 912/912/912 886/886/886 885/885/885 
f 911/911/911 912/912/912 885/885/885 
f 913/913/913 887/887/887 886/886/886 
f 912/912/912 913/913/913 886/886/886 
f 914/914/914 888/888/888 887/887/887 
f 913/913/913 914/914/914 887/887/887 
f 915/915/915 889/889/889 888/888/888 
f 914/914/914 915/915/915 888/888/888 
f 916/916/916 890/890/890 889/889/889 
f 915/915/915 916/916/916 889/889/889 
f 917/917/917 891/891/891 890/890/890 
f 916/916/916 917/917/917 890/890/890 
f 918/918/918 892/892/892 891/891/891 
f 917/917/917 918/918/918 891/891/891 
f 919/919/919 893/893/893 892/892/892 
f 918/918/918 919/919/919 892/892/892 
f 920/920/920 894/894/894 893/893/893 
f 919/919/919 920/920/920 893/893/893 
f 895/895/895 869/869/869 894/894/894 
f 920/920/920 895/895/895 894/894/894 
f 922/922/922 896/896/896 895/895/895 
f 921/921/921 922/922/922 895/895/895 
f 923/923/923 897/897/897 896/896/896 
f 922/922/922 923/923/923 896/896/896 
f 924/924/924 898/898/898 897/897/897 
f 923/923/923 924/924/924 897/897/897 
f 925/925/925 899/899/899 898/898/898 
f 924/924/924 925/925/925 898/898/898 
f 926/926/926 900/900/900 899/899/899 
f 925/925/925 926/926/926 899/899/899 
f 927/927/927 901/901/901 900/900/900 
f 926/926/926 927/927/927 900/900/900 
f 928/928/928 902/902/902 901/901/901 
f 927/927/927 928/928/928 901/901/901 
f 929/929/929 903/903/903 902/902/902 
f 928/928/928 929/929/929 902/902/902 
f 930/930/930 904/904/904 903/903/903 
f 929/929/929 930/930/930 903/903/903 
f 931/931/931 905/905/905 904/904/904 
f 930/930/930 931/931/931 904/904/904 
f 932/932/932 906/906/906 905/905/905 
f 931/931/931 932/932/932 905/905/905 
f 933/933/933 907/907/907 906/906/906 
f 932/932/932 933/933/933 906/906/906 
f 934/934/934 908/908/908 907/907/907 
f 933/933/933 934/934/934 907/907/907 
f 935/935/935 909/909/909 908/908/908 
f 934/934/934 935/935/935 908/908/908 
f 936/936/936 910/910/910 909/909/909 
f 935/935/935 936/936/936 909/909/909 
f 937/937/937 911/911/911 910/910/910 
f 936/936/936 937/937/937 910/910/910 
f 938/938/938 912/912/912 911/911/911 
f 937/937/937 938/938/938 911/911/911 
f 939/939/939 913/913/913 912/912/912 
f 938/938/938 939/939/939 912/912/912 
f 940/940/940 914/914/914 913/913/913 
f 939/939/939 940/940/940 913/913/913 
f 941/941/941 915/915/915 914/914/914 
f 940/940/940 941/941/941 914/914/914 
f 942/942/942 916/916/916 915/915/915 
f 941/941/941 942/942/942 915/915/915 
f 943/943/943 917/917/917 916/916/916 
f 942/942/942 943/943/943 916/916/916 
f 944/944/944 918/918/918 917/917/917 
f 943/943/943 944/944/944 917/917/917 
f 945/945/945 919/919/919 918/918/918 
f 944/944/944 945/945/945 918/918/918 
f 946/946/946 920/920/920 919/919/919 
f 945/945/945 946/946/946 919/919/919 
f 921/921/921 895/895/895 920/920/920 
f 946/946/946 921/921/921 920/920/920 
f 297/297/297 298/298/298 947/947/947 
f 922/922/922 921/921/921 948/948/948 
f 298/298/298 299/299/299 947/947/947 
f 923/923/923 922/922/922 948/948/948 
f 299/299/299 300/300/300 947/947/947 
f 924/924/924 923/923/923 948/948/948 
f 300/300/300 301/301/301 947/947/947 
f 925/925/925 924/924/924 948/948/948 
f 301/301/301 302/302/302 947/947/947 
f 926/926/926 925/925/925 948/948/948 
f 302/302/302 303/303/303 947/947/947 
f 927/927/927 926/926/926 948/948/948 
f 303/303/303 304/304/304 947/947/947 
f 928/928/928 927/927/927 948/948/948 
f 304/304/304 305/305/305 947/947/947 
f 929/929/929 928/928/928 948/948/948 
f 305/305/305 306/306/306 947/947/947 
f 930/930/930 929/929/929 948/948/948 
f 306/306/306 307/307/307 947/947/947 
f 931/931/931 930/930/930 948/948/948 
f 307/307/307 308/308/308 947/947/947 
f 932/932/932 931/931/931 948/948/948 
f 308/308/308 309/309/309 947/947/947 
f 933/933/933 932/932/932 948/948/948 
f 309/309/309 310/310/310 947/947/947 
f 934/934/934 933/933/933 948/948/948 
f 310/310/310 311/311/311 947/947/947 
f 935/935/935 934/934/934 948/948/948 
f 311/311/311 312/312/312 947/947/947 
f 936/936/936 935/935/935 948/948/948 
f 312/312/312 313/313/313 947/947/947 
f 937/937/937 936/936/936 948/948/948 
f 313/313/313 314/314/314 947/947/947 
f 938/938/938 937/937/937 948/948/948 
f 314/314/314 315/315/315 947/947/947 
f 939/939/939 938/938/938 948/948/948 
f 315/315/315 316/316/316 947/947/947 
f 940/940/940 939/939/939 948/948/948 
f 316/316/316 317/317/317 947/947/947 
f 941/941/941 940/940/940 948/948/948 
f 317/317/317 318/318/318 947/947/947 
f 942/942/942 941/941/941 948/948/948 
f 318/318/318 319/319/319 947/947/947 
f 943/943/943 942/942/942 948/948/948 
f 319/319/319 320/320/320 947/947/947 
f 944/944/944 943/943/943 948/948/948 
f 320/320/320 321/321/321 947/947/947 
f 945/945/945 944/944/944 948/948/948 
f 321/321/321 322/322/322 947/947/947 
f 946/946/946 945/945/945 948/948/948 
f 322/322/322 297/297/297 947/947/947 
f 921/921/921 946/946/946 948/948/948 

g p.0078
usemap Standard_5A3C20
usemtl Standard_5A3C20
v 1.226817 -1.934178 1.412539
v 1.214736 -1.935159 1.413092
v 1.202942 -1.936894 1.410834
v 1.192119 -1.939281 1.405894
v 1.182897 -1.942182 1.398562
v 1.175813 -1.945429 1.389261
v 1.171277 -1.948832 1.378535
v 1.169553 -1.952195 1.367004
v 1.170742 -1.95532 1.35534
v 1.174774 -1.958028 1.344221
v 1.181415 -1.96016 1.334293
v 1.190279 -1.961593 1.326132
v 1.200852 -1.962243 1.320213
v 1.212517 -1.962072 1.316881
v 1.224599 -1.961091 1.316328
v 1.236393 -1.959357 1.318586
v 1.247216 -1.956969 1.323526
v 1.256438 -1.954068 1.330858
v 1.263522 -1.950821 1.340159
v 1.268058 -1.947418 1.350886
v 1.269782 -1.944056 1.362416
v 1.268593 -1.94093 1.37408
v 1.264561 -1.938222 1.385199
v 1.25792 -1.93609 1.395127
v 1.249056 -1.934658 1.403288
v 1.238483 -1.934008 1.409207
v 1.228668 -1.919139 1.428303
v 1.211927 -1.920499 1.429069
v 1.195584 -1.922902 1.425939
v 1.180588 -1.92621 1.419095
v 1.16781 -1.93023 1.408935
v 1.157993 -1.934729 1.396048
v 1.151708 -1.939445 1.381184
v 1.14932 -1.944104 1.365208
v 1.150967 -1.948435 1.349046
v 1.156554 -1.952187 1.333639
v 1.165756 -1.955141 1.319881
v 1.178039 -1.957126 1.308574
v 1.192688 -1.958027 1.300372
v 1.208853 -1.957791 1.295754
v 1.225593 -1.956431 1.294988
v 1.241936 -1.954028 1.298118
v 1.256933 -1.95072 1.304962
v 1.269711 -1.9467 1.315123
v 1.279527 -1.942201 1.328009
v 1.285813 -1.937485 1.342873
v 1.288201 -1.932826 1.35885
v 1.286554 -1.928495 1.375012
v 1.280967 -1.924743 1.390419
v 1.271764 -1.921789 1.404176
v 1.259482 -1.919804 1.415484
v 1.244832 -1.918903 1.423685
v 1.229732 -1.905634 1.438807
v 1.209661 -1.907264 1.439726
v 1.190066 -1.910146 1.435974
v 1.172086 -1.914112 1.427768
v 1.156766 -1.918932 1.415586
v 1.144996 -1.924326 1.400135
v 1.13746 -1.92998 1.382314
v 1.134597 -1.935566 1.363159
v 1.136572 -1.940758 1.343781
v 1.14327 -1.945257 1.325309
v 1.154304 -1.948799 1.308815
v 1.16903 -1.951179 1.295257
v 1.186594 -1.952259 1.285424
v 1.205975 -1.951975 1.279887
v 1.226045 -1.950346 1.278969
v 1.24564 -1.947464 1.282721
v 1.26362 -1.943498 1.290927
v 1.27894 -1.938678 1.303109
v 1.29071 -1.933284 1.31856
v 1.298246 -1.92763 1.33638
v 1.30111 -1.922044 1.355536
v 1.299135 -1.916851 1.374913
v 1.292436 -1.912353 1.393386
v 1.281403 -1.908811 1.40988
v 1.266676 -1.906431 1.423438
v 1.249112 -1.905351 1.433271
v 1.230361 -1.892978 1.446402
v 1.207694 -1.894818 1.44744
v 1.185565 -1.898072 1.443202
v 1.16526 -1.902552 1.433935
v 1.147959 -1.907995 1.420177
v 1.134667 -1.914086 1.402729
v 1.126157 -1.920472 1.382603
v 1.122923 -1.92678 1.36097
v 1.125153 -1.932644 1.339087
v 1.132718 -1.937724 1.318226
v 1.145178 -1.941724 1.299598
v 1.161809 -1.944412 1.284287
v 1.181644 -1.945632 1.273183
v 1.203531 -1.945312 1.26693
v 1.226198 -1.943471 1.265893
v 1.248327 -1.940217 1.270131
v 1.268632 -1.935738 1.279397
v 1.285933 -1.930294 1.293155
v 1.299225 -1.924203 1.310603
v 1.307735 -1.917818 1.330729
v 1.310969 -1.91151 1.352362
v 1.308739 -1.905645 1.374245
v 1.301174 -1.900565 1.395107
v 1.288714 -1.896565 1.413734
v 1.272083 -1.893877 1.429045
v 1.252247 -1.892658 1.440149
v 1.230692 -1.880901 1.452006
v 1.205933 -1.882912 1.453139
v 1.181761 -1.886467 1.44851
v 1.159581 -1.891359 1.438388
v 1.140682 -1.897305 1.42336
v 1.126163 -1.903959 1.4043
v 1.116867 -1.910934 1.382317
v 1.113334 -1.917824 1.358686
v 1.115771 -1.92423 1.334783
v 1.124034 -1.929779 1.311995
v 1.137645 -1.934149 1.291648
v 1.155811 -1.937085 1.274924
v 1.177478 -1.938417 1.262794
v 1.201385 -1.938068 1.255964
v 1.226145 -1.936057 1.25483
v 1.250317 -1.932502 1.259459
v 1.272496 -1.92761 1.269582
v 1.291395 -1.921664 1.28461
v 1.305914 -1.91501 1.303669
v 1.31521 -1.908035 1.325653
v 1.318743 -1.901145 1.349283
v 1.316307 -1.894739 1.373187
v 1.308043 -1.88919 1.395974
v 1.294433 -1.88482 1.416322
v 1.276266 -1.881884 1.433046
v 1.2546 -1.880552 1.445176
v 1.230797 -1.869268 1.456092
v 1.204328 -1.871417 1.457304
v 1.178487 -1.875217 1.452355
v 1.154776 -1.880448 1.441534
v 1.134572 -1.886804 1.425468
v 1.11905 -1.893917 1.405093
v 1.109113 -1.901374 1.381591
v 1.105336 -1.90874 1.35633
v 1.107941 -1.915588 1.330776
v 1.116775 -1.92152 1.306415
v 1.131325 -1.926192 1.284663
v 1.150746 -1.92933 1.266783
v 1.173908 -1.930754 1.253816
v 1.199467 -1.930381 1.246515
v 1.225935 -1.928231 1.245303
v 1.251776 -1.924431 1.250252
v 1.275487 -1.919201 1.261073
v 1.295691 -1.912844 1.277138
v 1.311213 -1.905731 1.297514
v 1.321151 -1.898275 1.321016
v 1.324927 -1.890908 1.346277
v 1.322322 -1.88406 1.371831
v 1.313488 -1.878128 1.396192
v 1.298938 -1.873457 1.417944
v 1.279518 -1.870318 1.435824
v 1.256355 -1.868894 1.448791
v 1.230716 -1.857995 1.458941
v 1.20285 -1.860258 1.460217
v 1.175646 -1.864259 1.455007
v 1.150683 -1.869765 1.443614
v 1.129413 -1.876457 1.426701
v 1.113073 -1.883945 1.40525
v 1.10261 -1.891795 1.380509
v 1.098634 -1.89955 1.353914
v 1.101377 -1.90676 1.327011
v 1.110677 -1.913005 1.301365
v 1.125995 -1.917923 1.278464
v 1.146441 -1.921227 1.259642
v 1.170825 -1.922727 1.24599
v 1.197733 -1.922333 1.238303
v 1.225598 -1.92007 1.237028
v 1.252803 -1.91607 1.242237
v 1.277766 -1.910563 1.25363
v 1.299035 -1.903871 1.270543
v 1.315376 -1.896383 1.291994
v 1.325838 -1.888533 1.316736
v 1.329814 -1.880778 1.343331
v 1.327072 -1.873568 1.370233
v 1.317772 -1.867323 1.39588
v 1.302454 -1.862405 1.41878
v 1.282008 -1.859101 1.437603
v 1.257623 -1.857602 1.451254
v 1.230477 -1.847031 1.460731
v 1.201482 -1.849385 1.462059
v 1.173175 -1.853548 1.456638
v 1.147201 -1.859278 1.444783
v 1.125069 -1.866241 1.427185
v 1.108065 -1.874033 1.404864
v 1.097179 -1.882201 1.37912
v 1.093042 -1.890271 1.351447
v 1.095895 -1.897773 1.323454
v 1.105573 -1.904271 1.296768
v 1.121511 -1.909388 1.272939
v 1.142786 -1.912826 1.253354
v 1.168159 -1.914386 1.239149
v 1.196157 -1.913977 1.23115
v 1.225152 -1.911622 1.229823
v 1.253459 -1.907459 1.235244
v 1.279434 -1.90173 1.247098
v 1.301566 -1.894767 1.264697
v 1.318569 -1.886975 1.287017
v 1.329455 -1.878807 1.312762
v 1.333592 -1.870737 1.340435
v 1.330739 -1.863235 1.368428
v 1.321062 -1.856737 1.395114
v 1.305123 -1.85162 1.418942
v 1.283849 -1.848182 1.438528
v 1.258475 -1.846622 1.452733
v 1.230098 -1.83634 1.461583
v 1.200211 -1.838767 1.462951
v 1.171032 -1.843059 1.457363
v 1.144259 -1.848964 1.445144
v 1.121446 -1.856142 1.427004
v 1.103919 -1.864174 1.403996
v 1.092698 -1.872593 1.377459
v 1.088434 -1.880911 1.348935
v 1.091374 -1.888644 1.32008
v 1.101349 -1.895342 1.292573
v 1.117779 -1.900617 1.268011
v 1.139708 -1.904161 1.247823
v 1.165862 -1.905769 1.233181
v 1.194722 -1.905347 1.224936
v 1.224609 -1.90292 1.223568
v 1.253788 -1.898629 1.229156
v 1.280561 -1.892723 1.241375
v 1.303374 -1.885545 1.259516
v 1.320901 -1.877514 1.282523
v 1.332122 -1.869094 1.30906
v 1.336387 -1.860776 1.337584
v 1.333446 -1.853044 1.366439
v 1.323471 -1.846345 1.393946
v 1.307041 -1.841071 1.418508
v 1.285112 -1.837527 1.438696
v 1.258958 -1.835919 1.453338
v 1.229591 -1.8259 1.461578
v 1.199028 -1.828382 1.462977
v 1.169189 -1.83277 1.457263
v 1.14181 -1.838809 1.444767
v 1.118481 -1.846149 1.426217
v 1.100558 -1.854363 1.402689
v 1.089082 -1.862973 1.375552
v 1.084722 -1.871479 1.346382
v 1.087729 -1.879386 1.316875
v 1.09793 -1.886236 1.288745
v 1.114731 -1.89163 1.263628
v 1.137156 -1.895254 1.242983
v 1.163902 -1.896899 1.22801
v 1.193414 -1.896467 1.219579
v 1.223978 -1.893985 1.218179
v 1.253816 -1.889597 1.223894
v 1.281196 -1.883558 1.236389
v 1.304525 -1.876218 1.25494
v 1.322448 -1.868004 1.278467
v 1.333923 -1.859394 1.305605
v 1.338284 -1.850888 1.334775
v 1.335276 -1.842981 1.364282
v 1.325076 -1.836131 1.392411
v 1.308275 -1.830737 1.417528
v 1.285849 -1.827113 1.438174
v 1.259103 -1.825468 1.453147
v 1.228964 -1.815693 1.460773
v 1.197927 -1.818213 1.462193
v 1.167626 -1.822669 1.456391
v 1.139822 -1.828802 1.443701
v 1.116131 -1.836256 1.424863
v 1.09793 -1.844597 1.400971
v 1.086277 -1.85334 1.373413
v 1.081849 -1.861978 1.343791
v 1.084903 -1.870008 1.313826
v 1.095262 -1.876964 1.28526
v 1.112324 -1.882442 1.259754
v 1.135096 -1.886122 1.238788
v 1.162257 -1.887792 1.223583
v 1.192227 -1.887354 1.215021
v 1.223264 -1.884834 1.2136
v 1.253565 -1.880378 1.219403
v 1.281369 -1.874244 1.232092
v 1.30506 -1.866791 1.250931
v 1.323261 -1.85845 1.274823
v 1.334914 -1.849706 1.302381
v 1.339342 -1.841069 1.332003
v 1.336288 -1.833038 1.361968
v 1.325929 -1.826082 1.390534
v 1.308868 -1.820605 1.41604
v 1.286095 -1.816924 1.437005
v 1.258934 -1.815255 1.452211
v 1.228224 -1.805708 1.459203
v 1.196905 -1.808251 1.460637
v 1.16633 -1.812748 1.454782
v 1.138274 -1.818936 1.441978
v 1.114369 -1.826458 1.422969
v 1.096004 -1.834874 1.39886
v 1.084245 -1.843696 1.371053
v 1.079777 -1.852412 1.341163
v 1.082858 -1.860515 1.310927
v 1.093311 -1.867534 1.282103
v 1.110527 -1.873061 1.256365
v 1.133506 -1.876775 1.23521
v 1.160912 -1.87846 1.219867
v 1.191153 -1.878018 1.211228
v 1.222472 -1.875475 1.209794
v 1.253047 -1.870978 1.215649
v 1.281103 -1.86479 1.228454
v 1.305008 -1.857269 1.247462
v 1.323373 -1.848852 1.271571
v 1.335132 -1.84003 1.299379
v 1.3396 -1.831314 1.329269
v 1.336519 -1.823211 1.359504
v 1.326066 -1.816192 1.388329
v 1.30885 -1.810665 1.414066
v 1.285871 -1.806951 1.435221
v 1.258465 -1.805266 1.450564
v 1.227371 -1.79594 1.456891
v 1.19596 -1.798491 1.458328
v 1.165294 -1.803001 1.452456
v 1.137155 -1.809208 1.439614
v 1.113179 -1.816751 1.420548
v 1.094759 -1.825193 1.396368
v 1.082965 -1.834042 1.368478
v 1.078483 -1.842784 1.338499
v 1.081574 -1.850911 1.308173
v 1.092058 -1.85795 1.279263
v 1.109325 -1.863494 1.25345
v 1.132372 -1.867219 1.232232
v 1.15986 -1.868909 1.216843
v 1.190191 -1.868465 1.208178
v 1.221602 -1.865915 1.20674
v 1.252269 -1.861405 1.212613
v 1.280408 -1.855198 1.225455
v 1.304384 -1.847654 1.24452
v 1.322804 -1.839213 1.268701
v 1.334597 -1.830364 1.296591
v 1.339079 -1.821622 1.32657
v 1.335988 -1.813495 1.356895
v 1.325505 -1.806455 1.385805
v 1.308237 -1.800912 1.411619
v 1.28519 -1.797187 1.432837
v 1.257702 -1.795497 1.448226
v 1.226409 -1.786388 1.453841
v 1.195091 -1.788931 1.455274
v 1.164515 -1.793427 1.449419
v 1.13646 -1.799616 1.436615
v 1.112555 -1.807137 1.417606
v 1.094189 -1.815553 1.393498
v 1.082431 -1.824376 1.36569
v 1.077962 -1.833092 1.3358
v 1.081044 -1.841195 1.305564
v 1.091497 -1.848214 1.27674
v 1.108713 -1.853741 1.251003
v 1.131692 -1.857455 1.229848
v 1.159098 -1.85914 1.214504
v 1.189339 -1.858698 1.205865
v 1.220657 -1.856155 1.204432
v 1.251233 -1.851658 1.210287
v 1.279288 -1.845469 1.223091
v 1.303193 -1.837948 1.2421
v 1.321559 -1.829532 1.266208
v 1.333318 -1.820709 1.294016
v 1.337786 -1.811993 1.323906
v 1.334704 -1.80389 1.354142
v 1.324252 -1.796872 1.382966
v 1.307036 -1.791345 1.408703
v 1.284057 -1.787631 1.429858
v 1.25665 -1.785946 1.445202
v 1.225336 -1.777052 1.450047
v 1.194298 -1.779572 1.451468
v 1.163997 -1.784028 1.445665
v 1.136193 -1.790161 1.432976
v 1.112503 -1.797615 1.414138
v 1.094302 -1.805956 1.390245
v 1.082649 -1.814699 1.362687
v 1.07822 -1.823337 1.333065
v 1.081274 -1.831367 1.303101
v 1.091633 -1.838323 1.274535
v 1.108695 -1.843801 1.249028
v 1.131468 -1.847481 1.228063
v 1.158628 -1.849151 1.212858
v 1.188598 -1.848713 1.204296
v 1.219635 -1.846193 1.202875
v 1.249937 -1.841737 1.208678
v 1.27774 -1.835604 1.221367
v 1.301431 -1.82815 1.240206
v 1.319632 -1.819809 1.264098
v 1.331285 -1.811066 1.291656
v 1.335714 -1.802428 1.321278
v 1.332659 -1.794398 1.351243
v 1.322301 -1.787442 1.379808
v 1.305239 -1.781964 1.405315
v 1.282466 -1.778284 1.42628
v 1.255306 -1.776614 1.441486
v 1.224148 -1.767939 1.44549
v 1.193585 -1.770421 1.446889
v 1.163746 -1.774809 1.441175
v 1.136367 -1.780848 1.428679
v 1.113038 -1.788188 1.410129
v 1.095115 -1.796402 1.386601
v 1.083639 -1.805011 1.359464
v 1.079279 -1.813517 1.330294
v 1.082286 -1.821425 1.300787
v 1.092487 -1.828275 1.272657
v 1.109288 -1.833669 1.24754
v 1.131713 -1.837293 1.226895
v 1.158459 -1.838937 1.211922
v 1.187971 -1.838506 1.203491
v 1.218535 -1.836024 1.202091
v 1.248373 -1.831636 1.207806
v 1.275753 -1.825596 1.220301
v 1.299082 -1.818257 1.238852
v 1.317005 -1.810043 1.26238
v 1.32848 -1.801433 1.289517
v 1.332841 -1.792927 1.318687
v 1.329833 -1.78502 1.348194
v 1.319633 -1.77817 1.376323
v 1.302831 -1.772776 1.401441
v 1.280406 -1.769152 1.422086
v 1.25366 -1.767507 1.437059
v 1.222841 -1.759059 1.440132
v 1.192953 -1.761486 1.441501
v 1.163775 -1.765777 1.435913
v 1.137001 -1.771683 1.423694
v 1.114188 -1.77886 1.405553
v 1.096662 -1.786892 1.382546
v 1.08544 -1.795312 1.356009
v 1.081176 -1.80363 1.327484
v 1.084117 -1.811362 1.29863
v 1.094092 -1.818061 1.271123
v 1.110521 -1.823335 1.246561
v 1.13245 -1.826879 1.226372
v 1.158605 -1.828487 1.21173
v 1.187464 -1.828065 1.203486
v 1.217352 -1.825638 1.202118
v 1.24653 -1.821347 1.207705
v 1.273304 -1.815441 1.219925
v 1.296117 -1.808264 1.238065
v 1.313643 -1.800232 1.261072
v 1.324865 -1.791813 1.287609
v 1.329129 -1.783495 1.316134
v 1.326188 -1.775762 1.344988
v 1.316213 -1.769064 1.372496
v 1.299784 -1.763789 1.397057
v 1.277855 -1.760245 1.417246
v 1.2517 -1.758637 1.431888
v 1.221406 -1.750429 1.433918
v 1.19241 -1.752783 1.435246
v 1.164103 -1.756946 1.429824
v 1.138129 -1.762676 1.41797
v 1.115997 -1.769639 1.400371
v 1.098994 -1.777431 1.378051
v 1.088107 -1.785599 1.352306
v 1.08397 -1.793669 1.324634
v 1.086823 -1.801171 1.296641
v 1.096501 -1.807669 1.269955
v 1.11244 -1.812786 1.246126
v 1.133714 -1.816224 1.226541
v 1.159087 -1.817784 1.212336
v 1.187085 -1.817375 1.204337
v 1.21608 -1.81502 1.20301
v 1.244388 -1.810858 1.208431
v 1.270362 -1.805128 1.220285
v 1.292494 -1.798165 1.237884
v 1.309497 -1.790373 1.260204
v 1.320383 -1.782205 1.285949
v 1.32452 -1.774135 1.313622
v 1.321667 -1.766633 1.341615
v 1.31199 -1.760135 1.368301
v 1.296051 -1.755018 1.392129
v 1.274777 -1.75158 1.411715
v 1.249403 -1.75002 1.42592
v 1.21983 -1.742073 1.426765
v 1.191964 -1.744335 1.428041
v 1.16476 -1.748336 1.422831
v 1.139797 -1.753843 1.411439
v 1.118527 -1.760535 1.394526
v 1.102186 -1.768023 1.373075
v 1.091724 -1.775873 1.348333
v 1.087748 -1.783628 1.321738
v 1.09049 -1.790838 1.294835
v 1.09979 -1.797083 1.269189
v 1.115109 -1.802001 1.246289
v 1.135554 -1.805305 1.227466
v 1.159939 -1.806804 1.213814
v 1.186846 -1.806411 1.206127
v 1.214712 -1.804148 1.204852
v 1.241917 -1.800147 1.210062
v 1.266879 -1.794641 1.221454
v 1.288149 -1.787949 1.238367
v 1.30449 -1.78046 1.259818
v 1.314952 -1.772611 1.28456
v 1.318928 -1.764855 1.311155
v 1.316186 -1.757646 1.338058
v 1.306886 -1.751401 1.363704
v 1.291568 -1.746483 1.386604
v 1.271122 -1.743178 1.405427
v 1.246737 -1.741679 1.419078
v 1.218096 -1.734025 1.418554
v 1.191627 -1.736174 1.419766
v 1.165786 -1.739975 1.414817
v 1.142075 -1.745205 1.403996
v 1.121871 -1.751561 1.38793
v 1.10635 -1.758675 1.367555
v 1.096412 -1.766131 1.344053
v 1.092636 -1.773497 1.318791
v 1.09524 -1.780346 1.293237
v 1.104074 -1.786278 1.268876
v 1.118624 -1.790949 1.247124
v 1.138045 -1.794088 1.229245
v 1.161208 -1.795512 1.216278
v 1.186766 -1.795138 1.208976
v 1.213235 -1.792989 1.207765
v 1.239076 -1.789189 1.212713
v 1.262787 -1.783958 1.223535
v 1.28299 -1.777602 1.2396
v 1.298512 -1.770489 1.259976
v 1.30845 -1.763032 1.283477
v 1.312226 -1.755666 1.308739
v 1.309622 -1.748818 1.334293
v 1.300788 -1.742885 1.358654
v 1.286238 -1.738214 1.380406
v 1.266817 -1.735075 1.398285
v 1.243654 -1.733651 1.411252
v 1.216177 -1.726338 1.409105
v 1.191418 -1.728349 1.410238
v 1.167246 -1.731904 1.405609
v 1.145066 -1.736796 1.395487
v 1.126167 -1.742742 1.380459
v 1.111648 -1.749396 1.361399
v 1.102352 -1.756371 1.339416
v 1.098819 -1.763261 1.315785
v 1.101256 -1.769667 1.291882
v 1.109519 -1.775216 1.269094
v 1.12313 -1.779586 1.248747
v 1.141296 -1.782522 1.232023
v 1.162963 -1.783854 1.219893
v 1.18687 -1.783504 1.213063
v 1.21163 -1.781494 1.211929
v 1.235802 -1.777939 1.216558
v 1.257982 -1.773046 1.226681
v 1.27688 -1.767101 1.241709
v 1.291399 -1.760447 1.260768
v 1.300696 -1.753472 1.282752
v 1.304228 -1.746581 1.306382
v 1.301792 -1.740175 1.330286
v 1.293528 -1.734627 1.353073
v 1.279918 -1.730257 1.373421
v 1.261751 -1.727321 1.390145
v 1.240085 -1.725989 1.402275
v 1.214031 -1.719094 1.398138
v 1.191365 -1.720935 1.399176
v 1.169236 -1.724189 1.394938
v 1.148931 -1.728668 1.385671
v 1.13163 -1.734111 1.371914
v 1.118338 -1.740203 1.354465
v 1.109827 -1.746588 1.334339
v 1.106593 -1.752896 1.312707
v 1.108824 -1.758761 1.290824
v 1.116389 -1.763841 1.269962
v 1.128849 -1.767841 1.251335
v 1.14548 -1.770529 1.236024
v 1.165315 -1.771748 1.224919
v 1.187202 -1.771428 1.218667
v 1.209868 -1.769588 1.217629
v 1.231997 -1.766333 1.221867
v 1.252302 -1.761854 1.231134
v 1.269604 -1.756411 1.244891
v 1.282896 -1.75032 1.26234
v 1.291406 -1.743934 1.282465
v 1.29464 -1.737626 1.304098
v 1.292409 -1.731762 1.325981
v 1.284844 -1.726682 1.346843
v 1.272384 -1.722682 1.36547
v 1.255753 -1.719994 1.380781
v 1.235918 -1.718774 1.391886
v 1.211588 -1.71243 1.385181
v 1.191517 -1.71406 1.3861
v 1.171922 -1.716942 1.382348
v 1.153942 -1.720908 1.374142
v 1.138622 -1.725728 1.36196
v 1.126852 -1.731122 1.346509
v 1.119316 -1.736776 1.328688
v 1.116453 -1.742362 1.309532
v 1.118428 -1.747555 1.290155
v 1.125127 -1.752053 1.271683
v 1.13616 -1.755595 1.255188
v 1.150886 -1.757975 1.241631
v 1.16845 -1.759055 1.231798
v 1.187831 -1.758772 1.226261
v 1.207902 -1.757142 1.225342
v 1.227497 -1.75426 1.229095
v 1.245476 -1.750294 1.237301
v 1.260797 -1.745474 1.249483
v 1.272567 -1.74008 1.264933
v 1.280102 -1.734426 1.282754
v 1.282966 -1.72884 1.30191
v 1.280991 -1.723647 1.321287
v 1.274292 -1.719149 1.33976
v 1.263259 -1.715607 1.356254
v 1.248533 -1.713227 1.369812
v 1.230969 -1.712147 1.379645
v 1.20871 -1.706615 1.369314
v 1.191969 -1.707974 1.37008
v 1.175626 -1.710378 1.366951
v 1.16063 -1.713686 1.360107
v 1.147852 -1.717706 1.349946
v 1.138035 -1.722205 1.337059
v 1.13175 -1.726921 1.322196
v 1.129361 -1.73158 1.306219
v 1.131009 -1.735911 1.290057
v 1.136596 -1.739663 1.27465
v 1.145798 -1.742617 1.260893
v 1.158081 -1.744602 1.249585
v 1.17273 -1.745503 1.241384
v 1.188895 -1.745266 1.236766
v 1.205635 -1.743907 1.235999
v 1.221978 -1.741504 1.239129
v 1.236975 -1.738196 1.245973
v 1.249753 -1.734175 1.256134
v 1.259569 -1.729677 1.26902
v 1.265855 -1.724961 1.283884
v 1.268243 -1.720302 1.299861
v 1.266596 -1.715971 1.316023
v 1.261009 -1.712219 1.33143
v 1.251806 -1.709265 1.345187
v 1.239524 -1.707279 1.356495
v 1.224874 -1.706379 1.364696
v 1.205045 -1.702333 1.348188
v 1.192964 -1.703315 1.348741
v 1.181169 -1.705049 1.346482
v 1.170346 -1.707436 1.341543
v 1.161125 -1.710338 1.33421
v 1.15404 -1.713584 1.32491
v 1.149504 -1.716988 1.314183
v 1.14778 -1.72035 1.302653
v 1.148969 -1.723476 1.290989
v 1.153001 -1.726184 1.27987
v 1.159643 -1.728316 1.269941
v 1.168507 -1.729748 1.261781
v 1.179079 -1.730398 1.255862
v 1.190745 -1.730228 1.252529
v 1.202826 -1.729247 1.251976
v 1.214621 -1.727512 1.254235
v 1.225444 -1.725125 1.259174
v 1.234665 -1.722224 1.266507
v 1.24175 -1.718977 1.275807
v 1.246286 -1.715573 1.286534
v 1.24801 -1.712211 1.298064
v 1.246821 -1.709085 1.309728
v 1.242789 -1.706378 1.320847
v 1.236147 -1.704246 1.330776
v 1.227283 -1.702813 1.338937
v 1.216711 -1.702163 1.344855
v 1.220575 -1.957785 1.367391
v 1.196988 -1.70662 1.297677

vn 0.1201517 -0.8270071 0.5492021
vn 0.04573806 -0.8336738 0.5503599
vn -0.02635405 -0.8449153 0.5342504
vn -0.09193515 -0.8600783 0.50181
vn -0.1471936 -0.8782815 0.4549239
vn -0.1889183 -0.8984669 0.396317
vn -0.2146841 -0.9194615 0.3293952
vn -0.2229937 -0.9400452 0.258048
vn -0.2133643 -0.9590217 0.1864217
vn -0.1863552 -0.9752882 0.1186788
vn -0.1435364 -0.9878992 0.05875657
vn -0.08739624 -0.9961221 0.01013738
vn -0.02119739 -0.9994787 -0.02435338
vn 0.05121297 -0.9977741 -0.04271098
vn 0.1256266 -0.9911072 -0.04386868
vn 0.1977188 -0.9798657 -0.02775929
vn 0.2632998 -0.9647027 0.00468122
vn 0.3185582 -0.9464995 0.05156726
vn 0.3602829 -0.9263141 0.1101742
vn 0.3860488 -0.9053195 0.1770959
vn 0.3943584 -0.8847358 0.2484431
vn 0.3847288 -0.8657593 0.3200695
vn 0.3577198 -0.8494928 0.3878123
vn 0.3149011 -0.8368817 0.4477346
vn 0.2587609 -0.8286589 0.4963538
vn 0.192562 -0.8253024 0.5308444
vn 0.1460351 -0.6735456 0.7245759
vn 0.02055344 -0.6840651 0.7291314
vn -0.1016574 -0.7023758 0.7045097
vn -0.2134953 -0.7274139 0.6521417
vn -0.3084604 -0.7577242 0.5750707
vn -0.381034 -0.7915449 0.477776
vn -0.4269981 -0.8269107 0.3659117
vn -0.4436814 -0.8617662 0.2459794
vn -0.4301146 -0.8940857 0.1249487
vn -0.3870859 -0.921991 0.009853599
vn -0.3170962 -0.9438602 -0.09261689
vn -0.2242128 -0.9584225 -0.1765075
vn -0.1138339 -0.9648315 -0.2369431
vn 0.007625661 -0.9627148 -0.2704111
vn 0.1331072 -0.9521952 -0.2749666
vn 0.2553182 -0.9338843 -0.2503449
vn 0.367156 -0.9088463 -0.1979768
vn 0.4621211 -0.8785362 -0.1209058
vn 0.5346948 -0.8447154 -0.02361105
vn 0.5806588 -0.8093496 0.0882531
vn 0.5973422 -0.7744941 0.2081855
vn 0.5837753 -0.7421745 0.3292163
vn 0.5407467 -0.7142692 0.4443112
vn 0.4707569 -0.6924 0.5467817
vn 0.3778735 -0.6778377 0.6306723
vn 0.2674947 -0.6714287 0.6911078
vn 0.1560189 -0.5662985 0.8092986
vn 0.003745414 -0.5789096 0.8153831
vn -0.1446968 -0.6009921 0.7860479
vn -0.2806808 -0.6312627 0.7229977
vn -0.3963037 -0.6679621 0.6298968
vn -0.4848459 -0.7089576 0.5121557
vn -0.5411617 -0.7518667 0.3766173
vn -0.561978 -0.7941954 0.2311587
vn -0.5460854 -0.833484 0.08423315
vn -0.4944072 -0.867449 -0.05562058
vn -0.4099469 -0.8941167 -0.1802744
vn -0.2976132 -0.9119371 -0.2824841
vn -0.1639341 -0.9198745 -0.3563096
vn -0.01667878 -0.9174678 -0.3974603
vn 0.1355946 -0.9048567 -0.403545
vn 0.284037 -0.8827741 -0.3742098
vn 0.4200209 -0.8525035 -0.3111595
vn 0.5356437 -0.8158041 -0.2180586
vn 0.6241859 -0.7748085 -0.1003175
vn 0.6805016 -0.7318996 0.03522084
vn 0.7013181 -0.6895708 0.1806794
vn 0.6854253 -0.6502821 0.3276051
vn 0.6337472 -0.6163172 0.4674587
vn 0.549287 -0.5896496 0.5921125
vn 0.4369532 -0.5718291 0.6943223
vn 0.3032742 -0.5638917 0.7681478
vn 0.1617974 -0.4678395 0.8688773
vn -0.01080761 -0.4820505 0.8760768
vn -0.1791446 -0.5070065 0.8431202
vn -0.3334305 -0.5412571 0.7719228
vn -0.4646985 -0.5828118 0.6666226
vn -0.56532 -0.629256 0.5333387
vn -0.6294474 -0.6778898 0.3798176
vn -0.6533534 -0.7258872 0.2149814
vn -0.6356491 -0.7704588 0.04840946
vn -0.5773631 -0.8090141 -0.1102176
vn -0.4818831 -0.8393125 -0.2516807
vn -0.3547578 -0.8595933 -0.3677587
vn -0.2033752 -0.8686774 -0.4517057
vn -0.03653333 -0.8660374 -0.4986429
vn 0.1360716 -0.8518263 -0.5058422
vn 0.3044086 -0.8268703 -0.4728857
vn 0.4586945 -0.7926197 -0.4016882
vn 0.5899625 -0.7510649 -0.296388
vn 0.6905841 -0.7046209 -0.1631043
vn 0.7547113 -0.655987 -0.009583213
vn 0.7786174 -0.6079897 0.1552531
vn 0.7609131 -0.563418 0.3218251
vn 0.7026271 -0.5248628 0.4804521
vn 0.6071471 -0.4945643 0.6219152
vn 0.4800217 -0.4742836 0.7379932
vn 0.3286391 -0.4651994 0.8219402
vn 0.1649747 -0.3745794 0.9123999
vn -0.02386611 -0.390072 0.9204749
vn -0.2080866 -0.4173264 0.8846122
vn -0.3769804 -0.4547583 0.8068957
vn -0.5207319 -0.5001925 0.6918424
vn -0.6309869 -0.5509886 0.5461383
vn -0.7013379 -0.6041945 0.3782514
vn -0.7276964 -0.6567177 0.197939
vn -0.7085305 -0.705506 0.01567978
vn -0.6449536 -0.7477244 -0.1579341
vn -0.5406612 -0.7809187 -0.3128123
vn -0.4017141 -0.80316 -0.4399543
vn -0.2361871 -0.8131559 -0.531971
vn -0.0537006 -0.8103253 -0.5835146
vn 0.1351402 -0.7948327 -0.5915895
vn 0.3193606 -0.7675784 -0.5557268
vn 0.4882544 -0.7301463 -0.4780103
vn 0.6320059 -0.6847122 -0.362957
vn 0.742261 -0.6339162 -0.2172529
vn 0.8126119 -0.5807106 -0.04936602
vn 0.8389705 -0.5281871 0.1309464
vn 0.8198044 -0.4793985 0.3132057
vn 0.7562276 -0.4371804 0.4868193
vn 0.6519352 -0.403986 0.6416977
vn 0.512988 -0.3817446 0.7688397
vn 0.3474612 -0.3717487 0.8608563
vn 0.166256 -0.2850462 0.943985
vn -0.03578583 -0.3015819 0.9527685
vn -0.2329199 -0.3307057 0.9145392
vn -0.4136893 -0.3707252 0.8315191
vn -0.5675884 -0.4193142 0.708533
vn -0.6856735 -0.473649 0.5527283
vn -0.7610817 -0.5305719 0.3731596
vn -0.7894301 -0.5867753 0.1802631
vn -0.7690719 -0.6389921 -0.01475065
vn -0.7011901 -0.6841877 -0.2005487
vn -0.5897292 -0.719736 -0.3663326
vn -0.4411676 -0.7435706 -0.5024677
vn -0.2641388 -0.7543066 -0.6010427
vn -0.0689311 -0.7513199 -0.6563284
vn 0.1331107 -0.7347841 -0.665112
vn 0.3302448 -0.7056603 -0.6268827
vn 0.5110142 -0.6656412 -0.5438624
vn 0.6649134 -0.6170522 -0.4208763
vn 0.7829984 -0.5627171 -0.2650716
vn 0.8584065 -0.5057939 -0.08550326
vn 0.886755 -0.4495912 0.1073935
vn 0.8663967 -0.3973744 0.3024075
vn 0.7985148 -0.3521785 0.4882052
vn 0.6870541 -0.3166302 0.6539893
vn 0.5384925 -0.2927957 0.7901244
vn 0.3614636 -0.2820596 0.8886993
vn 0.1660297 -0.198456 0.9659448
vn -0.04677085 -0.2158411 0.9753076
vn -0.2544298 -0.2464882 0.9351519
vn -0.444879 -0.2886158 0.847811
vn -0.6070498 -0.3397757 0.7183614
vn -0.7315177 -0.3969948 0.5543257
vn -0.8110491 -0.4569475 0.3652372
vn -0.8410221 -0.5161492 0.1620853
vn -0.8196945 -0.5711603 -0.04332375
vn -0.7483054 -0.6187834 -0.2390524
vn -0.6310045 -0.6562505 -0.4137254
vn -0.4746085 -0.681384 -0.5571917
vn -0.2882065 -0.6927238 -0.6611133
vn -0.08263146 -0.6896108 -0.7194505
vn 0.1301689 -0.6722254 -0.7288135
vn 0.337828 -0.6415783 -0.6886577
vn 0.528277 -0.5994509 -0.6013169
vn 0.6904479 -0.548291 -0.4718672
vn 0.8149159 -0.4910723 -0.3078313
vn 0.8944472 -0.4311198 -0.1187429
vn 0.9244202 -0.3719172 0.08440874
vn 0.9030925 -0.3169061 0.289818
vn 0.8317037 -0.2692835 0.4855466
vn 0.7144026 -0.2318165 0.6602197
vn 0.5580066 -0.2066823 0.8036858
vn 0.3716046 -0.1953427 0.9076075
vn 0.1645348 -0.1143344 0.9797224
vn -0.05695074 -0.1324039 0.9895584
vn -0.2731076 -0.1642793 0.9478526
vn -0.4713733 -0.2081076 0.8570288
vn -0.6402255 -0.2613419 0.7223654
vn -0.769851 -0.3208883 0.5516884
vn -0.8527163 -0.3832868 0.354917
vn -0.8840057 -0.4449106 0.1434868
vn -0.861901 -0.5021779 -0.07031441
vn -0.7876865 -0.551761 -0.2740616
vn -0.6656753 -0.5907784 -0.4559136
vn -0.5029586 -0.6169623 -0.6053018
vn -0.3089927 -0.6287907 -0.7135445
vn -0.09504996 -0.6255772 -0.7743505
vn 0.1264357 -0.6075079 -0.7841863
vn 0.3425927 -0.5756326 -0.7424805
vn 0.5408583 -0.5318043 -0.6516567
vn 0.7097104 -0.4785697 -0.5169933
vn 0.8393359 -0.4190226 -0.3463167
vn 0.9222012 -0.3566246 -0.1495453
vn 0.9534906 -0.2950015 0.0618852
vn 0.9313859 -0.2377339 0.2756865
vn 0.8571714 -0.1881506 0.4794334
vn 0.7351603 -0.1491335 0.6612855
vn 0.5724434 -0.1229498 0.8106737
vn 0.3784777 -0.1111204 0.9189162
vn 0.1619287 -0.03237286 0.9862713
vn -0.066412 -0.05098043 0.996489
vn -0.2892779 -0.08382272 0.953568
vn -0.4937173 -0.1289919 0.8600025
vn -0.6678482 -0.1838623 0.7212305
vn -0.8015513 -0.2452456 0.5453166
vn -0.8870561 -0.3095738 0.3424842
vn -0.9193935 -0.3731087 0.1245216
vn -0.8966838 -0.432158 -0.09590414
vn -0.8202471 -0.48329 -0.3059828
vn -0.6945254 -0.5235331 -0.4935054
vn -0.5268254 -0.5505483 -0.6475736
vn -0.3268932 -0.5627654 -0.7592338
vn -0.1063485 -0.5594743 -0.8219967
vn 0.1219922 -0.540867 -0.8322144
vn 0.3448583 -0.5080245 -0.7892933
vn 0.5492975 -0.4628552 -0.6957279
vn 0.7234284 -0.4079848 -0.5569557
vn 0.8571315 -0.3466018 -0.3810417
vn 0.9426363 -0.2822732 -0.1782097
vn 0.9749736 -0.2187379 0.03975291
vn 0.9522639 -0.1596885 0.2601789
vn 0.8758273 -0.1085567 0.4702574
vn 0.7501057 -0.06831388 0.6577801
vn 0.5824057 -0.0412994 0.8118485
vn 0.3824735 -0.02908251 0.9235086
vn 0.1583174 0.04763542 0.9862385
vn -0.0752129 0.02862401 0.9967566
vn -0.303161 -0.00494803 0.9529265
vn -0.5122793 -0.05112968 0.8572956
vn -0.6904144 -0.1072373 0.7154216
vn -0.8272141 -0.17001 0.5355498
vn -0.9147279 -0.2357996 0.3281334
vn -0.9478698 -0.3007827 0.105227
vn -0.9247139 -0.3611822 -0.1202151
vn -0.8466059 -0.4134883 -0.3350909
vn -0.7180849 -0.4546615 -0.5269127
vn -0.5466202 -0.4823088 -0.6845323
vn -0.3421766 -0.4948234 -0.7987897
vn -0.1166361 -0.4914776 -0.8630444
vn 0.116894 -0.4724661 -0.8735626
vn 0.3448421 -0.4388939 -0.8297325
vn 0.5539604 -0.3927121 -0.7341015
vn 0.7320954 -0.3366046 -0.5922277
vn 0.8688951 -0.2738321 -0.4123557
vn 0.9564089 -0.2080429 -0.2049394
vn 0.9895509 -0.1430601 0.01796722
vn 0.9663949 -0.08266036 0.2434094
vn 0.8882868 -0.03035375 0.4582849
vn 0.7597659 0.01081965 0.6501066
vn 0.5883014 0.03846717 0.8077263
vn 0.3838578 0.05098109 0.9219837
vn 0.1537733 0.1258292 0.9800617
vn -0.08339248 0.1065395 0.9908053
vn -0.3149047 0.0724596 0.9463533
vn -0.5273084 0.02557127 0.8492891
vn -0.7082593 -0.03140026 0.7052537
vn -0.8472413 -0.0951447 0.5226179
vn -0.9361776 -0.1619576 0.3119957
vn -0.969899 -0.2279558 0.085628
vn -0.9464459 -0.2893039 -0.1433297
vn -0.8671816 -0.342436 -0.3615712
vn -0.7367125 -0.3842642 -0.5564133
vn -0.5626209 -0.412358 -0.7165324
vn -0.3550243 -0.425085 -0.8326226
vn -0.1259876 -0.4217055 -0.8979374
vn 0.1111782 -0.4024155 -0.908681
vn 0.3426906 -0.368336 -0.864229
vn 0.5550941 -0.321448 -0.7671647
vn 0.7360449 -0.2644762 -0.6231294
vn 0.875027 -0.2007313 -0.4404936
vn 0.9639631 -0.1339182 -0.2298718
vn 0.9976846 -0.06792024 -0.003503909
vn 0.9742317 -0.006572836 0.2254542
vn 0.8949673 0.04655918 0.4436955
vn 0.7644981 0.08838753 0.6385376
vn 0.5904064 0.1164819 0.7986565
vn 0.3828101 0.1292093 0.9147466
vn 0.1483443 0.2023008 0.9680229
vn -0.0909756 0.1828516 0.9789222
vn -0.3246046 0.1484774 0.9341233
vn -0.5389654 0.101175 0.8362296
vn -0.7215995 0.043694 0.6909305
vn -0.8618932 -0.02062433 0.5066702
vn -0.9516932 -0.08804306 0.294157
vn -0.9857806 -0.1546437 0.06574198
vn -0.9621742 -0.2165559 -0.1653007
vn -0.8822461 -0.2701812 -0.3855438
vn -0.7506412 -0.3124033 -0.5821872
vn -0.5750083 -0.3407681 -0.7438028
vn -0.3655543 -0.3536271 -0.8609982
vn -0.134452 -0.3502338 -0.9269623
vn 0.104868 -0.3307845 -0.9378616
vn 0.3384972 -0.2964098 -0.8930627
vn 0.5528577 -0.2491076 -0.795169
vn 0.7354918 -0.191627 -0.6498699
vn 0.8757856 -0.1273085 -0.4656093
vn 0.9655855 -0.05988938 -0.2530965
vn 0.9996728 0.006711415 -0.02468152
vn 0.9760664 0.06862314 0.2063616
vn 0.8961384 0.1222485 0.4266044
vn 0.7645336 0.1644706 0.6232477
vn 0.5889007 0.1928352 0.7848635
vn 0.3794467 0.2056945 0.9020587
vn 0.1420585 0.2771032 0.9502806
vn -0.09797422 0.2576116 0.9612686
vn -0.3323129 0.2231485 0.9163913
vn -0.5473391 0.1757171 0.8182563
vn -0.7305557 0.1180735 0.6725674
vn -0.871315 0.05356785 0.4877915
vn -0.9614368 -0.01405098 0.2746667
vn -0.9956833 -0.08085315 0.04557951
vn -0.9720643 -0.1429565 -0.1861567
vn -0.8919524 -0.1967518 -0.4070744
vn -0.7600036 -0.2391122 -0.6043342
vn -0.5838861 -0.2675765 -0.7664723
vn -0.3738352 -0.2804906 -0.8840657
vn -0.1420585 -0.2771032 -0.9502806
vn 0.09797429 -0.2576116 -0.9612685
vn 0.3323132 -0.2231486 -0.9163911
vn 0.5473391 -0.175717 -0.8182563
vn 0.7305556 -0.1180734 -0.6725677
vn 0.8713152 -0.0535677 -0.4877914
vn 0.9614369 0.01405102 -0.2746667
vn 0.9956834 0.08085313 -0.04557954
vn 0.9720643 0.1429565 0.186157
vn 0.8919525 0.1967516 0.4070744
vn 0.7600036 0.2391123 0.6043342
vn 0.5838861 0.2675768 0.7664723
vn 0.3738353 0.2804905 0.8840657
vn 0.1349275 0.3502569 0.9268844
vn -0.1043899 0.3308389 0.9378958
vn -0.338044 0.2964926 0.8932068
vn -0.5524564 0.2492136 0.7954147
vn -0.7351654 0.1917499 0.6502029
vn -0.8755528 0.1274411 0.4660107
vn -0.9654602 0.06002469 0.2535422
vn -0.9996621 -0.006581355 0.0251458
vn -0.9761711 -0.06850606 -0.2059052
vn -0.8963522 -0.1221512 -0.4261829
vn -0.7648441 -0.1643992 -0.6228855
vn -0.5892898 -0.1927937 -0.7845815
vn -0.379892 -0.2056846 -0.9018735
vn -0.1488198 -0.2023239 -0.9679451
vn 0.09049761 -0.182906 -0.9789563
vn 0.3241521 -0.1485596 -0.9342673
vn 0.5385641 -0.101281 -0.8364753
vn 0.7212729 -0.04381724 -0.6912636
vn 0.8616605 0.02049146 -0.5070712
vn 0.9515679 0.08790761 -0.2946027
vn 0.9857698 0.154514 -0.06620643
vn 0.9622787 0.2164393 0.1648447
vn 0.8824598 0.2700842 0.3851224
vn 0.7509518 0.3123316 0.5818249
vn 0.5753976 0.3407261 0.7435209
vn 0.3659996 0.3536176 0.8608129
vn 0.1269474 0.4217521 0.8977803
vn -0.1102135 0.4025249 0.9087501
vn -0.3417763 0.3685026 0.86452
vn -0.5542841 0.3216617 0.7676606
vn -0.7353861 0.2647245 0.6238015
vn -0.8745574 0.2009998 0.441303
vn -0.9637102 0.1341915 0.230771
vn -0.997663 0.06818229 0.00444106
vn -0.9744427 0.006808524 -0.2245333
vn -0.8953986 -0.04636354 -0.442845
vn -0.7651246 -0.08824352 -0.6378066
vn -0.5911918 -0.1163982 -0.7980875
vn -0.3837083 -0.1291902 -0.9143729
vn -0.154733 -0.1258755 -0.9799046
vn 0.08242786 -0.1066487 -0.9908742
vn 0.313991 -0.07262596 -0.9466441
vn 0.5264984 -0.02578502 -0.849785
vn 0.7076004 0.03115204 -0.7059259
vn 0.8467717 0.09487661 -0.5234272
vn 0.9359245 0.1616843 -0.3128952
vn 0.9698774 0.2276934 -0.08656517
vn 0.9466569 0.2890681 0.1424091
vn 0.8676129 0.3422403 0.3607207
vn 0.737339 0.3841202 0.5556824
vn 0.5634063 0.4122741 0.7159632
vn 0.3559228 0.4250657 0.8322488
vn 0.1180983 0.4915485 0.8628052
vn -0.1154239 0.4726335 0.8736675
vn -0.3434496 0.4391476 0.8301758
vn -0.5527263 0.3930378 0.7348571
vn -0.7310916 0.3369831 0.5932516
vn -0.8681796 0.2742419 0.4135887
vn -0.9560235 0.2084597 0.2063095
vn -0.9895179 0.1434595 -0.01653923
vn -0.9667165 0.08301942 -0.2420065
vn -0.888944 0.0306517 -0.456989
vn -0.7607205 -0.0106 -0.648993
vn -0.589498 -0.03833798 -0.8068596
vn -0.3852269 -0.05095138 -0.9214142
vn -0.1597792 -0.04770635 -0.9859993
vn 0.07374285 -0.02879103 -0.9968616
vn 0.3017687 0.004694294 -0.9533696
vn 0.5110451 0.05080445 -0.8580511
vn 0.6894104 0.1068591 -0.7164457
vn 0.8264984 0.1696009 -0.5367828
vn 0.9143423 0.2353833 -0.3295039
vn 0.9478368 0.3003832 -0.106655
vn 0.9250353 0.3608231 0.1188126
vn 0.8472629 0.4131906 0.333795
vn 0.7190394 0.4544424 0.5257989
vn 0.5478169 0.4821809 0.6836653
vn 0.3435459 0.4947938 0.79822
vn 0.1083424 0.5595712 0.8216702
vn -0.1199872 0.5410956 0.8323573
vn -0.342959 0.5083709 0.7898976
vn -0.5476143 0.4632994 0.6967583
vn -0.7220592 0.408501 0.5583524
vn -0.8561557 0.3471599 0.3827236
vn -0.9421107 0.2828411 0.1800786
vn -0.9749285 0.2192829 -0.03780544
vn -0.9527022 0.1601788 -0.2582657
vn -0.8767235 0.1089634 -0.46849
vn -0.7514076 0.06861345 -0.6562613
vn -0.5840377 0.04147416 -0.8106663
vn -0.3843409 0.02912285 -0.9227318
vn -0.1639226 0.03227618 -0.985945
vn 0.06440705 0.05075222 -0.9966323
vn 0.2873789 0.08347674 -0.9541724
vn 0.4920343 0.1285475 -0.861033
vn 0.6664791 0.1833461 -0.722627
vn 0.8005756 0.2446869 -0.5469982
vn 0.8865305 0.3090055 -0.3443533
vn 0.9193484 0.3725642 -0.1264693
vn 0.897122 0.4316687 0.09399098
vn 0.8211433 0.4828837 0.3042155
vn 0.6958275 0.5232335 0.4919866
vn 0.5284576 0.5503731 0.6463915
vn 0.3287608 0.5627251 0.7584569
vn 0.09762062 0.6257018 0.7739298
vn -0.1238513 0.6078014 0.7843713
vn -0.3401441 0.576079 0.7432597
vn -0.5386887 0.5323767 0.6529851
vn -0.7079453 0.4792352 0.5187939
vn -0.8380779 0.419743 0.3484843
vn -0.9215235 0.3573574 0.1519542
vn -0.9534328 0.2957034 -0.0593744
vn -0.9319511 0.2383649 -0.2732202
vn -0.8583268 0.1886746 -0.4771551
vn -0.7368388 0.1495193 -0.6593274
vn -0.5745474 0.1231748 -0.8091497
vn -0.3808846 0.1111722 -0.9179149
vn -0.1671054 0.1142099 -0.9793017
vn 0.05436644 0.1321101 -0.989743
vn 0.2706594 0.1638334 -0.9486318
vn 0.4692037 0.2075353 -0.8583571
vn 0.6384605 0.2606763 -0.7241657
vn 0.7685931 0.3201688 -0.5538561
vn 0.8520386 0.3825547 -0.3573264
vn 0.883948 0.444208 -0.1459974
vn 0.8624663 0.5015461 0.06784867
vn 0.7888418 0.5512371 0.2717832
vn 0.6673538 0.5903925 0.4539554
vn 0.5050625 0.6167369 0.6037777
vn 0.3113998 0.6287389 0.712543
vn 0.0858433 0.6897665 0.7189249
vn -0.1269398 0.6725928 0.7290441
vn -0.334769 0.642136 0.689631
vn -0.525566 0.6001665 0.6029764
vn -0.6882424 0.5491228 0.4741165
vn -0.8133442 0.4919716 0.31054
vn -0.8936008 0.4320346 0.1217531
vn -0.9243476 0.3727953 -0.08127209
vn -0.9037984 0.3176957 -0.2867367
vn -0.8331471 0.2699382 -0.4827
vn -0.7164996 0.2322988 -0.6577733
vn -0.5606353 0.2069646 -0.8017817
vn -0.3746121 0.1954079 -0.9063562
vn -0.1692413 0.1983003 -0.9654192
vn 0.04354176 0.2154742 -0.9755383
vn 0.2513711 0.2459309 -0.9361254
vn 0.4421679 0.2879009 -0.8494708
vn 0.6048443 0.3389446 -0.7206109
vn 0.7299462 0.3960953 -0.5570341
vn 0.8102027 0.4560322 -0.3682475
vn 0.8409494 0.5152724 -0.1652224
vn 0.8204001 0.5703719 0.04024244
vn 0.749749 0.6181288 0.2362058
vn 0.6331014 0.6557685 0.4112789
vn 0.4772371 0.6811027 0.5552873
vn 0.2912141 0.6926591 0.6598619
vn 0.07288 0.7515113 0.6556824
vn -0.1291403 0.7352358 0.6653955
vn -0.3264837 0.7063457 0.6280798
vn -0.507681 0.6665205 0.5459034
vn -0.6622018 0.6180744 0.4236424
vn -0.781066 0.5638229 0.268402
vn -0.8573655 0.506919 0.08920417
vn -0.8866664 0.4506695 -0.1035364
vn -0.8672653 0.398344 -0.2986187
vn -0.8002898 0.3529831 -0.4847052
vn -0.6896325 0.3172229 -0.6509812
vn -0.5417246 0.2931417 -0.7877833
vn -0.3651617 0.2821392 -0.8871609
vn -0.1702048 0.2848545 -0.9433389
vn 0.03181559 0.30113 -0.9530522
vn 0.229159 0.33002 -0.9157363
vn 0.4103563 0.3698454 -0.8335599
vn 0.5648771 0.4182915 -0.7112989
vn 0.6837412 0.4725431 -0.5560585
vn 0.7600407 0.529447 -0.3768609
vn 0.7893416 0.5856959 -0.18412
vn 0.7699404 0.6380216 0.01096238
vn 0.702965 0.6833828 0.1970487
vn 0.5923078 0.719143 0.3633246
vn 0.4443998 0.7432241 0.5001267
vn 0.2678369 0.7542267 0.5995043
vn 0.05853298 0.8105597 0.5827237
vn -0.1302817 0.7953852 0.5919367
vn -0.314758 0.7684172 0.5571916
vn -0.4841756 0.7312226 0.4805077
vn -0.6286876 0.6859633 0.3663416
vn -0.7398963 0.6352693 0.2213283
vn -0.8113383 0.5820872 0.05389522
vn -0.8388615 0.5295075 -0.1262266
vn -0.8208668 0.4805857 -0.3085696
vn -0.7583997 0.4381652 -0.4825363
vn -0.6550904 0.4047112 -0.6380167
vn -0.5169432 0.3821684 -0.7659746
vn -0.3519864 0.3718464 -0.8589737
vn -0.169807 0.3743452 -0.9116092
vn 0.01900764 0.3895196 -0.920822
vn 0.2034843 0.4164877 -0.8860769
vn 0.3729016 0.4536822 -0.8093929
vn 0.5174136 0.4989415 -0.695227
vn 0.6286224 0.5496353 -0.5502135
vn 0.7000642 0.6028175 -0.3827806
vn 0.7275874 0.6553975 -0.2026589
vn 0.7095926 0.7043192 -0.02031577
vn 0.6471255 0.7467396 0.153651
vn 0.5438163 0.7801934 0.3091313
vn 0.4056691 0.8027364 0.4370891
vn 0.2407124 0.8130584 0.5300883
vn 0.04248908 0.8663262 0.4976682
vn -0.1300836 0.8525074 0.50627
vn -0.2987362 0.8279041 0.4746909
vn -0.4536674 0.793946 0.4047661
vn -0.5858729 0.7526068 0.3005594
vn -0.6876695 0.7062888 0.168127
vn -0.7531415 0.6576837 0.01516523
vn -0.7784833 0.6096168 -0.1494361
vn -0.7622226 0.5648811 -0.3161111
vn -0.705304 0.5260765 -0.4751733
vn -0.6110358 0.4954584 -0.6173786
vn -0.4848964 0.474806 -0.7344623
vn -0.3342163 0.4653196 -0.8196201
vn -0.167753 0.4675508 -0.8679028
vn 0.004819622 0.4813696 -0.8765045
vn 0.1734724 0.5059729 -0.8449253
vn 0.3284035 0.5399308 -0.7750006
vn 0.460609 0.58127 -0.670794
vn 0.5624056 0.6275881 -0.5383615
vn 0.6278774 0.6761929 -0.3853997
vn 0.6532195 0.72426 -0.2207984
vn 0.6369585 0.7689958 -0.05412311
vn 0.5800399 0.8078004 0.1049389
vn 0.4857717 0.8384185 0.247144
vn 0.3596324 0.8590708 0.3642278
vn 0.2089524 0.8685572 0.4493855
vn 0.0241969 0.9178321 0.3962305
vn -0.1280358 0.9057163 0.4040852
vn -0.2768765 0.8840789 0.3764889
vn -0.4136752 0.8541777 0.3150449
vn -0.5304815 0.8177503 0.2233245
vn -0.620507 0.7769139 0.1066581
vn -0.6785201 0.7340413 -0.0281743
vn -0.7011489 0.6916246 -0.1733364
vn -0.6870785 0.6521288 -0.3203923
vn -0.6371265 0.6178491 -0.4607953
vn -0.5541959 0.5907778 -0.5863859
vn -0.4431066 0.5724882 -0.6898651
vn -0.3103144 0.5640434 -0.765219
vn -0.1635368 0.5659336 -0.8080686
vn -0.01130415 0.5780496 -0.8159233
vn 0.1375366 0.5996869 -0.7883269
vn 0.2743352 0.6295882 -0.7268831
vn 0.3911415 0.6660156 -0.6351627
vn 0.4811672 0.7068521 -0.5184961
vn 0.5391802 0.7497246 -0.3836638
vn 0.5618089 0.7921412 -0.2385017
vn 0.5477385 0.8316371 -0.09144572
vn 0.4977866 0.8659167 0.04895739
vn 0.414856 0.892988 0.1745477
vn 0.3037666 0.9112776 0.2780269
vn 0.1709745 0.9197226 0.3533809
vn 0.002459949 0.9632038 0.2687608
vn -0.1229668 0.9533486 0.2756911
vn -0.2457123 0.935635 0.2534021
vn -0.358643 0.9110924 0.2031889
vn -0.4551958 0.8811472 0.1279701
vn -0.5297593 0.8475397 0.03211686
vn -0.5780002 0.8122231 -0.07880013
vn -0.597115 0.7772496 -0.1983347
vn -0.5859928 0.7446521 -0.31954
vn -0.5452798 0.7163247 -0.4353721
vn -0.4773422 0.693914 -0.539099
vn -0.3861285 0.6787221 -0.6246927
vn -0.2769393 0.6716323 -0.6871787
vn -0.1561206 0.6730564 -0.7229257
vn -0.03069383 0.6829115 -0.729856
vn 0.09205169 0.7006252 -0.7075668
vn 0.2049824 0.7251677 -0.6573538
vn 0.3015351 0.7551129 -0.582135
vn 0.3760987 0.7887205 -0.4862816
vn 0.4243395 0.8240373 -0.3753647
vn 0.4434544 0.8590106 -0.2558301
vn 0.432332 0.8916081 -0.1346248
vn 0.3916191 0.9199354 -0.01879271
vn 0.3236816 0.9423463 0.08493418
vn 0.2324678 0.9575379 0.1705279
vn 0.1232787 0.9646279 0.2330138
vn -0.03213267 0.9986992 0.03958878
vn -0.1064427 0.9932892 0.04523912
vn -0.179546 0.9831775 0.03354272
vn -0.2471945 0.9689521 0.005179108
vn -0.3054564 0.9514394 -0.03820312
vn -0.3509458 0.9316574 -0.09408286
vn -0.3810191 0.9107556 -0.1592126
vn -0.3939286 0.8899488 -0.2298072
vn -0.3889238 0.8704463 -0.3017639
vn -0.3662957 0.8533815 -0.3709009
vn -0.3273594 0.839746 -0.4332002
vn -0.2743778 0.8303324 -0.4850412
vn -0.2104297 0.8256877 -0.5234111
vn -0.139232 0.8260818 -0.5460799
vn -0.06492198 0.8314919 -0.5517303
vn 0.00818153 0.8416035 -0.5400338
vn 0.07582986 0.855829 -0.5116702
vn 0.1340917 0.8733417 -0.4682881
vn 0.1795812 0.8931237 -0.4124082
vn 0.2096545 0.9140254 -0.3472786
vn 0.2225639 0.9348322 -0.276684
vn 0.2175592 0.9543348 -0.2047273
vn 0.1949311 0.9713995 -0.1355902
vn 0.1559947 0.9850351 -0.07329098
vn 0.1030132 0.9944487 -0.02144997
vn 0.03906517 0.9990935 0.01691994
vn 0.09012047 -0.9596505 0.2663632
vn -0.09012048 0.9596505 -0.2663632

vt 0.3947911 0
vt 0.3947911 0.241661
vt 0.3947911 0.483322
vt 0.3947911 0.7249829
vt 0.3947911 0.9666439
vt 0.3947911 1.208305
vt 0.3947911 1.449966
vt 0.3947911 1.691627
vt 0.3947911 1.933288
vt 0.3947911 2.174949
vt 0.3947911 2.41661
vt 0.3947911 2.658271
vt 0.3947911 2.899932
vt 0.3947911 3.141593
vt 0.3947911 3.383254
vt 0.3947911 3.624915
vt 0.3947911 3.866576
vt 0.3947911 4.108237
vt 0.3947911 4.349897
vt 0.3947911 4.591558
vt 0.3947911 4.83322
vt 0.3947911 5.074881
vt 0.3947911 5.316542
vt 0.3947911 5.558202
vt 0.3947911 5.799863
vt 0.3947911 6.041524
vt 0.5620698 0
vt 0.5620698 0.241661
vt 0.5620698 0.483322
vt 0.5620698 0.7249829
vt 0.5620698 0.9666439
vt 0.5620698 1.208305
vt 0.5620698 1.449966
vt 0.5620698 1.691627
vt 0.5620698 1.933288
vt 0.5620698 2.174949
vt 0.5620698 2.41661
vt 0.5620698 2.658271
vt 0.5620698 2.899932
vt 0.5620698 3.141593
vt 0.5620698 3.383254
vt 0.5620698 3.624915
vt 0.5620698 3.866576
vt 0.5620698 4.108237
vt 0.5620698 4.349897
vt 0.5620698 4.591558
vt 0.5620698 4.83322
vt 0.5620698 5.074881
vt 0.5620698 5.316542
vt 0.5620698 5.558202
vt 0.5620698 5.799863
vt 0.5620698 6.041524
vt 0.6931599 0
vt 0.6931599 0.241661
vt 0.6931599 0.483322
vt 0.6931599 0.7249829
vt 0.6931599 0.9666439
vt 0.6931599 1.208305
vt 0.6931599 1.449966
vt 0.6931599 1.691627
vt 0.6931599 1.933288
vt 0.6931599 2.174949
vt 0.6931599 2.41661
vt 0.6931599 2.658271
vt 0.6931599 2.899932
vt 0.6931599 3.141593
vt 0.6931599 3.383254
vt 0.6931599 3.624915
vt 0.6931599 3.866576
vt 0.6931599 4.108237
vt 0.6931599 4.349897
vt 0.6931599 4.591558
vt 0.6931599 4.83322
vt 0.6931599 5.074881
vt 0.6931599 5.316542
vt 0.6931599 5.558202
vt 0.6931599 5.799863
vt 0.6931599 6.041524
vt 0.8061141 0
vt 0.8061141 0.241661
vt 0.8061141 0.483322
vt 0.8061141 0.7249829
vt 0.8061141 0.9666439
vt 0.8061141 1.208305
vt 0.8061141 1.449966
vt 0.8061141 1.691627
vt 0.8061141 1.933288
vt 0.8061141 2.174949
vt 0.8061141 2.41661
vt 0.8061141 2.658271
vt 0.8061141 2.899932
vt 0.8061141 3.141593
vt 0.8061141 3.383254
vt 0.8061141 3.624915
vt 0.8061141 3.866576
vt 0.8061141 4.108237
vt 0.8061141 4.349897
vt 0.8061141 4.591558
vt 0.8061141 4.83322
vt 0.8061141 5.074881
vt 0.8061141 5.316542
vt 0.8061141 5.558202
vt 0.8061141 5.799863
vt 0.8061141 6.041524
vt 0.9079226 0
vt 0.9079226 0.241661
vt 0.9079226 0.483322
vt 0.9079226 0.7249829
vt 0.9079226 0.9666439
vt 0.9079226 1.208305
vt 0.9079226 1.449966
vt 0.9079226 1.691627
vt 0.9079226 1.933288
vt 0.9079226 2.174949
vt 0.9079226 2.41661
vt 0.9079226 2.658271
vt 0.9079226 2.899932
vt 0.9079226 3.141593
vt 0.9079226 3.383254
vt 0.9079226 3.624915
vt 0.9079226 3.866576
vt 0.9079226 4.108237
vt 0.9079226 4.349897
vt 0.9079226 4.591558
vt 0.9079226 4.83322
vt 0.9079226 5.074881
vt 0.9079226 5.316542
vt 0.9079226 5.558202
vt 0.9079226 5.799863
vt 0.9079226 6.041524
vt 1.002186 0
vt 1.002186 0.241661
vt 1.002186 0.483322
vt 1.002186 0.7249829
vt 1.002186 0.9666439
vt 1.002186 1.208305
vt 1.002186 1.449966
vt 1.002186 1.691627
vt 1.002186 1.933288
vt 1.002186 2.174949
vt 1.002186 2.41661
vt 1.002186 2.658271
vt 1.002186 2.899932
vt 1.002186 3.141593
vt 1.002186 3.383254
vt 1.002186 3.624915
vt 1.002186 3.866576
vt 1.002186 4.108237
vt 1.002186 4.349897
vt 1.002186 4.591558
vt 1.002186 4.83322
vt 1.002186 5.074881
vt 1.002186 5.316542
vt 1.002186 5.558202
vt 1.002186 5.799863
vt 1.002186 6.041524
vt 1.091068 0
vt 1.091068 0.241661
vt 1.091068 0.483322
vt 1.091068 0.7249829
vt 1.091068 0.9666439
vt 1.091068 1.208305
vt 1.091068 1.449966
vt 1.091068 1.691627
vt 1.091068 1.933288
vt 1.091068 2.174949
vt 1.091068 2.41661
vt 1.091068 2.658271
vt 1.091068 2.899932
vt 1.091068 3.141593
vt 1.091068 3.383254
vt 1.091068 3.624915
vt 1.091068 3.866576
vt 1.091068 4.108237
vt 1.091068 4.349897
vt 1.091068 4.591558
vt 1.091068 4.83322
vt 1.091068 5.074881
vt 1.091068 5.316542
vt 1.091068 5.558202
vt 1.091068 5.799863
vt 1.091068 6.041524
vt 1.176005 0
vt 1.176005 0.241661
vt 1.176005 0.483322
vt 1.176005 0.7249829
vt 1.176005 0.9666439
vt 1.176005 1.208305
vt 1.176005 1.449966
vt 1.176005 1.691627
vt 1.176005 1.933288
vt 1.176005 2.174949
vt 1.176005 2.41661
vt 1.176005 2.658271
vt 1.176005 2.899932
vt 1.176005 3.141593
vt 1.176005 3.383254
vt 1.176005 3.624915
vt 1.176005 3.866576
vt 1.176005 4.108237
vt 1.176005 4.349897
vt 1.176005 4.591558
vt 1.176005 4.83322
vt 1.176005 5.074881
vt 1.176005 5.316542
vt 1.176005 5.558202
vt 1.176005 5.799863
vt 1.176005 6.041524
vt 1.25803 0
vt 1.25803 0.241661
vt 1.25803 0.483322
vt 1.25803 0.7249829
vt 1.25803 0.9666439
vt 1.25803 1.208305
vt 1.25803 1.449966
vt 1.25803 1.691627
vt 1.25803 1.933288
vt 1.25803 2.174949
vt 1.25803 2.41661
vt 1.25803 2.658271
vt 1.25803 2.899932
vt 1.25803 3.141593
vt 1.25803 3.383254
vt 1.25803 3.624915
vt 1.25803 3.866576
vt 1.25803 4.108237
vt 1.25803 4.349897
vt 1.25803 4.591558
vt 1.25803 4.83322
vt 1.25803 5.074881
vt 1.25803 5.316542
vt 1.25803 5.558202
vt 1.25803 5.799863
vt 1.25803 6.041524
vt 1.337928 0
vt 1.337928 0.241661
vt 1.337928 0.483322
vt 1.337928 0.7249829
vt 1.337928 0.9666439
vt 1.337928 1.208305
vt 1.337928 1.449966
vt 1.337928 1.691627
vt 1.337928 1.933288
vt 1.337928 2.174949
vt 1.337928 2.41661
vt 1.337928 2.658271
vt 1.337928 2.899932
vt 1.337928 3.141593
vt 1.337928 3.383254
vt 1.337928 3.624915
vt 1.337928 3.866576
vt 1.337928 4.108237
vt 1.337928 4.349897
vt 1.337928 4.591558
vt 1.337928 4.83322
vt 1.337928 5.074881
vt 1.337928 5.316542
vt 1.337928 5.558202
vt 1.337928 5.799863
vt 1.337928 6.041524
vt 1.416337 0
vt 1.416337 0.241661
vt 1.416337 0.483322
vt 1.416337 0.7249829
vt 1.416337 0.9666439
vt 1.416337 1.208305
vt 1.416337 1.449966
vt 1.416337 1.691627
vt 1.416337 1.933288
vt 1.416337 2.174949
vt 1.416337 2.41661
vt 1.416337 2.658271
vt 1.416337 2.899932
vt 1.416337 3.141593
vt 1.416337 3.383254
vt 1.416337 3.624915
vt 1.416337 3.866576
vt 1.416337 4.108237
vt 1.416337 4.349897
vt 1.416337 4.591558
vt 1.416337 4.83322
vt 1.416337 5.074881
vt 1.416337 5.316542
vt 1.416337 5.558202
vt 1.416337 5.799863
vt 1.416337 6.041524
vt 1.493797 0
vt 1.493797 0.241661
vt 1.493797 0.483322
vt 1.493797 0.7249829
vt 1.493797 0.9666439
vt 1.493797 1.208305
vt 1.493797 1.449966
vt 1.493797 1.691627
vt 1.493797 1.933288
vt 1.493797 2.174949
vt 1.493797 2.41661
vt 1.493797 2.658271
vt 1.493797 2.899932
vt 1.493797 3.141593
vt 1.493797 3.383254
vt 1.493797 3.624915
vt 1.493797 3.866576
vt 1.493797 4.108237
vt 1.493797 4.349897
vt 1.493797 4.591558
vt 1.493797 4.83322
vt 1.493797 5.074881
vt 1.493797 5.316542
vt 1.493797 5.558202
vt 1.493797 5.799863
vt 1.493797 6.041524
vt 1.570796 0
vt 1.570796 0.241661
vt 1.570796 0.483322
vt 1.570796 0.7249829
vt 1.570796 0.9666439
vt 1.570796 1.208305
vt 1.570796 1.449966
vt 1.570796 1.691627
vt 1.570796 1.933288
vt 1.570796 2.174949
vt 1.570796 2.41661
vt 1.570796 2.658271
vt 1.570796 2.899932
vt 1.570796 3.141593
vt 1.570796 3.383254
vt 1.570796 3.624915
vt 1.570796 3.866576
vt 1.570796 4.108237
vt 1.570796 4.349897
vt 1.570796 4.591558
vt 1.570796 4.83322
vt 1.570796 5.074881
vt 1.570796 5.316542
vt 1.570796 5.558202
vt 1.570796 5.799863
vt 1.570796 6.041524
vt 1.647796 0
vt 1.647796 0.241661
vt 1.647796 0.483322
vt 1.647796 0.7249829
vt 1.647796 0.9666439
vt 1.647796 1.208305
vt 1.647796 1.449966
vt 1.647796 1.691627
vt 1.647796 1.933288
vt 1.647796 2.174949
vt 1.647796 2.41661
vt 1.647796 2.658271
vt 1.647796 2.899932
vt 1.647796 3.141593
vt 1.647796 3.383254
vt 1.647796 3.624915
vt 1.647796 3.866576
vt 1.647796 4.108237
vt 1.647796 4.349897
vt 1.647796 4.591558
vt 1.647796 4.83322
vt 1.647796 5.074881
vt 1.647796 5.316542
vt 1.647796 5.558202
vt 1.647796 5.799863
vt 1.647796 6.041524
vt 1.725256 0
vt 1.725256 0.241661
vt 1.725256 0.483322
vt 1.725256 0.7249829
vt 1.725256 0.9666439
vt 1.725256 1.208305
vt 1.725256 1.449966
vt 1.725256 1.691627
vt 1.725256 1.933288
vt 1.725256 2.174949
vt 1.725256 2.41661
vt 1.725256 2.658271
vt 1.725256 2.899932
vt 1.725256 3.141593
vt 1.725256 3.383254
vt 1.725256 3.624915
vt 1.725256 3.866576
vt 1.725256 4.108237
vt 1.725256 4.349897
vt 1.725256 4.591558
vt 1.725256 4.83322
vt 1.725256 5.074881
vt 1.725256 5.316542
vt 1.725256 5.558202
vt 1.725256 5.799863
vt 1.725256 6.041524
vt 1.803665 0
vt 1.803665 0.241661
vt 1.803665 0.483322
vt 1.803665 0.7249829
vt 1.803665 0.9666439
vt 1.803665 1.208305
vt 1.803665 1.449966
vt 1.803665 1.691627
vt 1.803665 1.933288
vt 1.803665 2.174949
vt 1.803665 2.41661
vt 1.803665 2.658271
vt 1.803665 2.899932
vt 1.803665 3.141593
vt 1.803665 3.383254
vt 1.803665 3.624915
vt 1.803665 3.866576
vt 1.803665 4.108237
vt 1.803665 4.349897
vt 1.803665 4.591558
vt 1.803665 4.83322
vt 1.803665 5.074881
vt 1.803665 5.316542
vt 1.803665 5.558202
vt 1.803665 5.799863
vt 1.803665 6.041524
vt 1.883563 0
vt 1.883563 0.241661
vt 1.883563 0.483322
vt 1.883563 0.7249829
vt 1.883563 0.9666439
vt 1.883563 1.208305
vt 1.883563 1.449966
vt 1.883563 1.691627
vt 1.883563 1.933288
vt 1.883563 2.174949
vt 1.883563 2.41661
vt 1.883563 2.658271
vt 1.883563 2.899932
vt 1.883563 3.141593
vt 1.883563 3.383254
vt 1.883563 3.624915
vt 1.883563 3.866576
vt 1.883563 4.108237
vt 1.883563 4.349897
vt 1.883563 4.591558
vt 1.883563 4.83322
vt 1.883563 5.074881
vt 1.883563 5.316542
vt 1.883563 5.558202
vt 1.883563 5.799863
vt 1.883563 6.041524
vt 1.965587 0
vt 1.965587 0.241661
vt 1.965587 0.483322
vt 1.965587 0.7249829
vt 1.965587 0.9666439
vt 1.965587 1.208305
vt 1.965587 1.449966
vt 1.965587 1.691627
vt 1.965587 1.933288
vt 1.965587 2.174949
vt 1.965587 2.41661
vt 1.965587 2.658271
vt 1.965587 2.899932
vt 1.965587 3.141593
vt 1.965587 3.383254
vt 1.965587 3.624915
vt 1.965587 3.866576
vt 1.965587 4.108237
vt 1.965587 4.349897
vt 1.965587 4.591558
vt 1.965587 4.83322
vt 1.965587 5.074881
vt 1.965587 5.316542
vt 1.965587 5.558202
vt 1.965587 5.799863
vt 1.965587 6.041524
vt 2.050525 0
vt 2.050525 0.241661
vt 2.050525 0.483322
vt 2.050525 0.7249829
vt 2.050525 0.9666439
vt 2.050525 1.208305
vt 2.050525 1.449966
vt 2.050525 1.691627
vt 2.050525 1.933288
vt 2.050525 2.174949
vt 2.050525 2.41661
vt 2.050525 2.658271
vt 2.050525 2.899932
vt 2.050525 3.141593
vt 2.050525 3.383254
vt 2.050525 3.624915
vt 2.050525 3.866576
vt 2.050525 4.108237
vt 2.050525 4.349897
vt 2.050525 4.591558
vt 2.050525 4.83322
vt 2.050525 5.074881
vt 2.050525 5.316542
vt 2.050525 5.558202
vt 2.050525 5.799863
vt 2.050525 6.041524
vt 2.139407 0
vt 2.139407 0.241661
vt 2.139407 0.483322
vt 2.139407 0.7249829
vt 2.139407 0.9666439
vt 2.139407 1.208305
vt 2.139407 1.449966
vt 2.139407 1.691627
vt 2.139407 1.933288
vt 2.139407 2.174949
vt 2.139407 2.41661
vt 2.139407 2.658271
vt 2.139407 2.899932
vt 2.139407 3.141593
vt 2.139407 3.383254
vt 2.139407 3.624915
vt 2.139407 3.866576
vt 2.139407 4.108237
vt 2.139407 4.349897
vt 2.139407 4.591558
vt 2.139407 4.83322
vt 2.139407 5.074881
vt 2.139407 5.316542
vt 2.139407 5.558202
vt 2.139407 5.799863
vt 2.139407 6.041524
vt 2.23367 0
vt 2.23367 0.241661
vt 2.23367 0.483322
vt 2.23367 0.7249829
vt 2.23367 0.9666439
vt 2.23367 1.208305
vt 2.23367 1.449966
vt 2.23367 1.691627
vt 2.23367 1.933288
vt 2.23367 2.174949
vt 2.23367 2.41661
vt 2.23367 2.658271
vt 2.23367 2.899932
vt 2.23367 3.141593
vt 2.23367 3.383254
vt 2.23367 3.624915
vt 2.23367 3.866576
vt 2.23367 4.108237
vt 2.23367 4.349897
vt 2.23367 4.591558
vt 2.23367 4.83322
vt 2.23367 5.074881
vt 2.23367 5.316542
vt 2.23367 5.558202
vt 2.23367 5.799863
vt 2.23367 6.041524
vt 2.335479 0
vt 2.335479 0.241661
vt 2.335479 0.483322
vt 2.335479 0.7249829
vt 2.335479 0.9666439
vt 2.335479 1.208305
vt 2.335479 1.449966
vt 2.335479 1.691627
vt 2.335479 1.933288
vt 2.335479 2.174949
vt 2.335479 2.41661
vt 2.335479 2.658271
vt 2.335479 2.899932
vt 2.335479 3.141593
vt 2.335479 3.383254
vt 2.335479 3.624915
vt 2.335479 3.866576
vt 2.335479 4.108237
vt 2.335479 4.349897
vt 2.335479 4.591558
vt 2.335479 4.83322
vt 2.335479 5.074881
vt 2.335479 5.316542
vt 2.335479 5.558202
vt 2.335479 5.799863
vt 2.335479 6.041524
vt 2.448433 0
vt 2.448433 0.241661
vt 2.448433 0.483322
vt 2.448433 0.7249829
vt 2.448433 0.9666439
vt 2.448433 1.208305
vt 2.448433 1.449966
vt 2.448433 1.691627
vt 2.448433 1.933288
vt 2.448433 2.174949
vt 2.448433 2.41661
vt 2.448433 2.658271
vt 2.448433 2.899932
vt 2.448433 3.141593
vt 2.448433 3.383254
vt 2.448433 3.624915
vt 2.448433 3.866576
vt 2.448433 4.108237
vt 2.448433 4.349897
vt 2.448433 4.591558
vt 2.448433 4.83322
vt 2.448433 5.074881
vt 2.448433 5.316542
vt 2.448433 5.558202
vt 2.448433 5.799863
vt 2.448433 6.041524
vt 2.579523 0
vt 2.579523 0.241661
vt 2.579523 0.483322
vt 2.579523 0.7249829
vt 2.579523 0.9666439
vt 2.579523 1.208305
vt 2.579523 1.449966
vt 2.579523 1.691627
vt 2.579523 1.933288
vt 2.579523 2.174949
vt 2.579523 2.41661
vt 2.579523 2.658271
vt 2.579523 2.899932
vt 2.579523 3.141593
vt 2.579523 3.383254
vt 2.579523 3.624915
vt 2.579523 3.866576
vt 2.579523 4.108237
vt 2.579523 4.349897
vt 2.579523 4.591558
vt 2.579523 4.83322
vt 2.579523 5.074881
vt 2.579523 5.316542
vt 2.579523 5.558202
vt 2.579523 5.799863
vt 2.579523 6.041524
vt 2.746801 0
vt 2.746801 0.241661
vt 2.746801 0.483322
vt 2.746801 0.7249829
vt 2.746801 0.9666439
vt 2.746801 1.208305
vt 2.746801 1.449966
vt 2.746801 1.691627
vt 2.746801 1.933288
vt 2.746801 2.174949
vt 2.746801 2.41661
vt 2.746801 2.658271
vt 2.746801 2.899932
vt 2.746801 3.141593
vt 2.746801 3.383254
vt 2.746801 3.624915
vt 2.746801 3.866576
vt 2.746801 4.108237
vt 2.746801 4.349897
vt 2.746801 4.591558
vt 2.746801 4.83322
vt 2.746801 5.074881
vt 2.746801 5.316542
vt 2.746801 5.558202
vt 2.746801 5.799863
vt 2.746801 6.041524
vt 0 1
vt 0 0

usemap Standard_5A3C20
usemtl Standard_5A3C20
f 976/976/976 950/950/950 949/949/949 
f 975/975/975 976/976/976 949/949/949 
f 977/977/977 951/951/951 950/950/950 
f 976/976/976 977/977/977 950/950/950 
f 978/978/978 952/952/952 951/951/951 
f 977/977/977 978/978/978 951/951/951 
f 979/979/979 953/953/953 952/952/952 
f 978/978/978 979/979/979 952/952/952 
f 980/980/980 954/954/954 953/953/953 
f 979/979/979 980/980/980 953/953/953 
f 981/981/981 955/955/955 954/954/954 
f 980/980/980 981/981/981 954/954/954 
f 982/982/982 956/956/956 955/955/955 
f 981/981/981 982/982/982 955/955/955 
f 983/983/983 957/957/957 956/956/956 
f 982/982/982 983/983/983 956/956/956 
f 984/984/984 958/958/958 957/957/957 
f 983/983/983 984/984/984 957/957/957 
f 985/985/985 959/959/959 958/958/958 
f 984/984/984 985/985/985 958/958/958 
f 986/986/986 960/960/960 959/959/959 
f 985/985/985 986/986/986 959/959/959 
f 987/987/987 961/961/961 960/960/960 
f 986/986/986 987/987/987 960/960/960 
f 988/988/988 962/962/962 961/961/961 
f 987/987/987 988/988/988 961/961/961 
f 989/989/989 963/963/963 962/962/962 
f 988/988/988 989/989/989 962/962/962 
f 990/990/990 964/964/964 963/963/963 
f 989/989/989 990/990/990 963/963/963 
f 991/991/991 965/965/965 964/964/964 
f 990/990/990 991/991/991 964/964/964 
f 992/992/992 966/966/966 965/965/965 
f 991/991/991 992/992/992 965/965/965 
f 993/993/993 967/967/967 966/966/966 
f 992/992/992 993/993/993 966/966/966 
f 994/994/994 968/968/968 967/967/967 
f 993/993/993 994/994/994 967/967/967 
f 995/995/995 969/969/969 968/968/968 
f 994/994/994 995/995/995 968/968/968 
f 996/996/996 970/970/970 969/969/969 
f 995/995/995 996/996/996 969/969/969 
f 997/997/997 971/971/971 970/970/970 
f 996/996/996 997/997/997 970/970/970 
f 998/998/998 972/972/972 971/971/971 
f 997/997/997 998/998/998 971/971/971 
f 999/999/999 973/973/973 972/972/972 
f 998/998/998 999/999/999 972/972/972 
f 1000/1000/1000 974/974/974 973/973/973 
f 999/999/999 1000/1000/1000 973/973/973 
f 975/975/975 949/949/949 974/974/974 
f 1000/1000/1000 975/975/975 974/974/974 
f 1002/1002/1002 976/976/976 975/975/975 
f 1001/1001/1001 1002/1002/1002 975/975/975 
f 1003/1003/1003 977/977/977 976/976/976 
f 1002/1002/1002 1003/1003/1003 976/976/976 
f 1004/1004/1004 978/978/978 977/977/977 
f 1003/1003/1003 1004/1004/1004 977/977/977 
f 1005/1005/1005 979/979/979 978/978/978 
f 1004/1004/1004 1005/1005/1005 978/978/978 
f 1006/1006/1006 980/980/980 979/979/979 
f 1005/1005/1005 1006/1006/1006 979/979/979 
f 1007/1007/1007 981/981/981 980/980/980 
f 1006/1006/1006 1007/1007/1007 980/980/980 
f 1008/1008/1008 982/982/982 981/981/981 
f 1007/1007/1007 1008/1008/1008 981/981/981 
f 1009/1009/1009 983/983/983 982/982/982 
f 1008/1008/1008 1009/1009/1009 982/982/982 
f 1010/1010/1010 984/984/984 983/983/983 
f 1009/1009/1009 1010/1010/1010 983/983/983 
f 1011/1011/1011 985/985/985 984/984/984 
f 1010/1010/1010 1011/1011/1011 984/984/984 
f 1012/1012/1012 986/986/986 985/985/985 
f 1011/1011/1011 1012/1012/1012 985/985/985 
f 1013/1013/1013 987/987/987 986/986/986 
f 1012/1012/1012 1013/1013/1013 986/986/986 
f 1014/1014/1014 988/988/988 987/987/987 
f 1013/1013/1013 1014/1014/1014 987/987/987 
f 1015/1015/1015 989/989/989 988/988/988 
f 1014/1014/1014 1015/1015/1015 988/988/988 
f 1016/1016/1016 990/990/990 989/989/989 
f 1015/1015/1015 1016/1016/1016 989/989/989 
f 1017/1017/1017 991/991/991 990/990/990 
f 1016/1016/1016 1017/1017/1017 990/990/990 
f 1018/1018/1018 992/992/992 991/991/991 
f 1017/1017/1017 1018/1018/1018 991/991/991 
f 1019/1019/1019 993/993/993 992/992/992 
f 1018/1018/1018 1019/1019/1019 992/992/992 
f 1020/1020/1020 994/994/994 993/993/993 
f 1019/1019/1019 1020/1020/1020 993/993/993 
f 1021/1021/1021 995/995/995 994/994/994 
f 1020/1020/1020 1021/1021/1021 994/994/994 
f 1022/1022/1022 996/996/996 995/995/995 
f 1021/1021/1021 1022/1022/1022 995/995/995 
f 1023/1023/1023 997/997/997 996/996/996 
f 1022/1022/1022 1023/1023/1023 996/996/996 
f 1024/1024/1024 998/998/998 997/997/997 
f 1023/1023/1023 1024/1024/1024 997/997/997 
f 1025/1025/1025 999/999/999 998/998/998 
f 1024/1024/1024 1025/1025/1025 998/998/998 
f 1026/1026/1026 1000/1000/1000 999/999/999 
f 1025/1025/1025 1026/1026/1026 999/999/999 
f 1001/1001/1001 975/975/975 1000/1000/1000 
f 1026/1026/1026 1001/1001/1001 1000/1000/1000 
f 1028/1028/1028 1002/1002/1002 1001/1001/1001 
f 1027/1027/1027 1028/1028/1028 1001/1001/1001 
f 1029/1029/1029 1003/1003/1003 1002/1002/1002 
f 1028/1028/1028 1029/1029/1029 1002/1002/1002 
f 1030/1030/1030 1004/1004/1004 1003/1003/1003 
f 1029/1029/1029 1030/1030/1030 1003/1003/1003 
f 1031/1031/1031 1005/1005/1005 1004/1004/1004 
f 1030/1030/1030 1031/1031/1031 1004/1004/1004 
f 1032/1032/1032 1006/1006/1006 1005/1005/1005 
f 1031/1031/1031 1032/1032/1032 1005/1005/1005 
f 1033/1033/1033 1007/1007/1007 1006/1006/1006 
f 1032/1032/1032 1033/1033/1033 1006/1006/1006 
f 1034/1034/1034 1008/1008/1008 1007/1007/1007 
f 1033/1033/1033 1034/1034/1034 1007/1007/1007 
f 1035/1035/1035 1009/1009/1009 1008/1008/1008 
f 1034/1034/1034 1035/1035/1035 1008/1008/1008 
f 1036/1036/1036 1010/1010/1010 1009/1009/1009 
f 1035/1035/1035 1036/1036/1036 1009/1009/1009 
f 1037/1037/1037 1011/1011/1011 1010/1010/1010 
f 1036/1036/1036 1037/1037/1037 1010/1010/1010 
f 1038/1038/1038 1012/1012/1012 1011/1011/1011 
f 1037/1037/1037 1038/1038/1038 1011/1011/1011 
f 1039/1039/1039 1013/1013/1013 1012/1012/1012 
f 1038/1038/1038 1039/1039/1039 1012/1012/1012 
f 1040/1040/1040 1014/1014/1014 1013/1013/1013 
f 1039/1039/1039 1040/1040/1040 1013/1013/1013 
f 1041/1041/1041 1015/1015/1015 1014/1014/1014 
f 1040/1040/1040 1041/1041/1041 1014/1014/1014 
f 1042/1042/1042 1016/1016/1016 1015/1015/1015 
f 1041/1041/1041 1042/1042/1042 1015/1015/1015 
f 1043/1043/1043 1017/1017/1017 1016/1016/1016 
f 1042/1042/1042 1043/1043/1043 1016/1016/1016 
f 1044/1044/1044 1018/1018/1018 1017/1017/1017 
f 1043/1043/1043 1044/1044/1044 1017/1017/1017 
f 1045/1045/1045 1019/1019/1019 1018/1018/1018 
f 1044/1044/1044 1045/1045/1045 1018/1018/1018 
f 1046/1046/1046 1020/1020/1020 1019/1019/1019 
f 1045/1045/1045 1046/1046/1046 1019/1019/1019 
f 1047/1047/1047 1021/1021/1021 1020/1020/1020 
f 1046/1046/1046 1047/1047/1047 1020/1020/1020 
f 1048/1048/1048 1022/1022/1022 1021/1021/1021 
f 1047/1047/1047 1048/1048/1048 1021/1021/1021 
f 1049/1049/1049 1023/1023/1023 1022/1022/1022 
f 1048/1048/1048 1049/1049/1049 1022/1022/1022 
f 1050/1050/1050 1024/1024/1024 1023/1023/1023 
f 1049/1049/1049 1050/1050/1050 1023/1023/1023 
f 1051/1051/1051 1025/1025/1025 1024/1024/1024 
f 1050/1050/1050 1051/1051/1051 1024/1024/1024 
f 1052/1052/1052 1026/1026/1026 1025/1025/1025 
f 1051/1051/1051 1052/1052/1052 1025/1025/1025 
f 1027/1027/1027 1001/1001/1001 1026/1026/1026 
f 1052/1052/1052 1027/1027/1027 1026/1026/1026 
f 1054/1054/1054 1028/1028/1028 1027/1027/1027 
f 1053/1053/1053 1054/1054/1054 1027/1027/1027 
f 1055/1055/1055 1029/1029/1029 1028/1028/1028 
f 1054/1054/1054 1055/1055/1055 1028/1028/1028 
f 1056/1056/1056 1030/1030/1030 1029/1029/1029 
f 1055/1055/1055 1056/1056/1056 1029/1029/1029 
f 1057/1057/1057 1031/1031/1031 1030/1030/1030 
f 1056/1056/1056 1057/1057/1057 1030/1030/1030 
f 1058/1058/1058 1032/1032/1032 1031/1031/1031 
f 1057/1057/1057 1058/1058/1058 1031/1031/1031 
f 1059/1059/1059 1033/1033/1033 1032/1032/1032 
f 1058/1058/1058 1059/1059/1059 1032/1032/1032 
f 1060/1060/1060 1034/1034/1034 1033/1033/1033 
f 1059/1059/1059 1060/1060/1060 1033/1033/1033 
f 1061/1061/1061 1035/1035/1035 1034/1034/1034 
f 1060/1060/1060 1061/1061/1061 1034/1034/1034 
f 1062/1062/1062 1036/1036/1036 1035/1035/1035 
f 1061/1061/1061 1062/1062/1062 1035/1035/1035 
f 1063/1063/1063 1037/1037/1037 1036/1036/1036 
f 1062/1062/1062 1063/1063/1063 1036/1036/1036 
f 1064/1064/1064 1038/1038/1038 1037/1037/1037 
f 1063/1063/1063 1064/1064/1064 1037/1037/1037 
f 1065/1065/1065 1039/1039/1039 1038/1038/1038 
f 1064/1064/1064 1065/1065/1065 1038/1038/1038 
f 1066/1066/1066 1040/1040/1040 1039/1039/1039 
f 1065/1065/1065 1066/1066/1066 1039/1039/1039 
f 1067/1067/1067 1041/1041/1041 1040/1040/1040 
f 1066/1066/1066 1067/1067/1067 1040/1040/1040 
f 1068/1068/1068 1042/1042/1042 1041/1041/1041 
f 1067/1067/1067 1068/1068/1068 1041/1041/1041 
f 1069/1069/1069 1043/1043/1043 1042/1042/1042 
f 1068/1068/1068 1069/1069/1069 1042/1042/1042 
f 1070/1070/1070 1044/1044/1044 1043/1043/1043 
f 1069/1069/1069 1070/1070/1070 1043/1043/1043 
f 1071/1071/1071 1045/1045/1045 1044/1044/1044 
f 1070/1070/1070 1071/1071/1071 1044/1044/1044 
f 1072/1072/1072 1046/1046/1046 1045/1045/1045 
f 1071/1071/1071 1072/1072/1072 1045/1045/1045 
f 1073/1073/1073 1047/1047/1047 1046/1046/1046 
f 1072/1072/1072 1073/1073/1073 1046/1046/1046 
f 1074/1074/1074 1048/1048/1048 1047/1047/1047 
f 1073/1073/1073 1074/1074/1074 1047/1047/1047 
f 1075/1075/1075 1049/1049/1049 1048/1048/1048 
f 1074/1074/1074 1075/1075/1075 1048/1048/1048 
f 1076/1076/1076 1050/1050/1050 1049/1049/1049 
f 1075/1075/1075 1076/1076/1076 1049/1049/1049 
f 1077/1077/1077 1051/1051/1051 1050/1050/1050 
f 1076/1076/1076 1077/1077/1077 1050/1050/1050 
f 1078/1078/1078 1052/1052/1052 1051/1051/1051 
f 1077/1077/1077 1078/1078/1078 1051/1051/1051 
f 1053/1053/1053 1027/1027/1027 1052/1052/1052 
f 1078/1078/1078 1053/1053/1053 1052/1052/1052 
f 1080/1080/1080 1054/1054/1054 1053/1053/1053 
f 1079/1079/1079 1080/1080/1080 1053/1053/1053 
f 1081/1081/1081 1055/1055/1055 1054/1054/1054 
f 1080/1080/1080 1081/1081/1081 1054/1054/1054 
f 1082/1082/1082 1056/1056/1056 1055/1055/1055 
f 1081/1081/1081 1082/1082/1082 1055/1055/1055 
f 1083/1083/1083 1057/1057/1057 1056/1056/1056 
f 1082/1082/1082 1083/1083/1083 1056/1056/1056 
f 1084/1084/1084 1058/1058/1058 1057/1057/1057 
f 1083/1083/1083 1084/1084/1084 1057/1057/1057 
f 1085/1085/1085 1059/1059/1059 1058/1058/1058 
f 1084/1084/1084 1085/1085/1085 1058/1058/1058 
f 1086/1086/1086 1060/1060/1060 1059/1059/1059 
f 1085/1085/1085 1086/1086/1086 1059/1059/1059 
f 1087/1087/1087 1061/1061/1061 1060/1060/1060 
f 1086/1086/1086 1087/1087/1087 1060/1060/1060 
f 1088/1088/1088 1062/1062/1062 1061/1061/1061 
f 1087/1087/1087 1088/1088/1088 1061/1061/1061 
f 1089/1089/1089 1063/1063/1063 1062/1062/1062 
f 1088/1088/1088 1089/1089/1089 1062/1062/1062 
f 1090/1090/1090 1064/1064/1064 1063/1063/1063 
f 1089/1089/1089 1090/1090/1090 1063/1063/1063 
f 1091/1091/1091 1065/1065/1065 1064/1064/1064 
f 1090/1090/1090 1091/1091/1091 1064/1064/1064 
f 1092/1092/1092 1066/1066/1066 1065/1065/1065 
f 1091/1091/1091 1092/1092/1092 1065/1065/1065 
f 1093/1093/1093 1067/1067/1067 1066/1066/1066 
f 1092/1092/1092 1093/1093/1093 1066/1066/1066 
f 1094/1094/1094 1068/1068/1068 1067/1067/1067 
f 1093/1093/1093 1094/1094/1094 1067/1067/1067 
f 1095/1095/1095 1069/1069/1069 1068/1068/1068 
f 1094/1094/1094 1095/1095/1095 1068/1068/1068 
f 1096/1096/1096 1070/1070/1070 1069/1069/1069 
f 1095/1095/1095 1096/1096/1096 1069/1069/1069 
f 1097/1097/1097 1071/1071/1071 1070/1070/1070 
f 1096/1096/1096 1097/1097/1097 1070/1070/1070 
f 1098/1098/1098 1072/1072/1072 1071/1071/1071 
f 1097/1097/1097 1098/1098/1098 1071/1071/1071 
f 1099/1099/1099 1073/1073/1073 1072/1072/1072 
f 1098/1098/1098 1099/1099/1099 1072/1072/1072 
f 1100/1100/1100 1074/1074/1074 1073/1073/1073 
f 1099/1099/1099 1100/1100/1100 1073/1073/1073 
f 1101/1101/1101 1075/1075/1075 1074/1074/1074 
f 1100/1100/1100 1101/1101/1101 1074/1074/1074 
f 1102/1102/1102 1076/1076/1076 1075/1075/1075 
f 1101/1101/1101 1102/1102/1102 1075/1075/1075 
f 1103/1103/1103 1077/1077/1077 1076/1076/1076 
f 1102/1102/1102 1103/1103/1103 1076/1076/1076 
f 1104/1104/1104 1078/1078/1078 1077/1077/1077 
f 1103/1103/1103 1104/1104/1104 1077/1077/1077 
f 1079/1079/1079 1053/1053/1053 1078/1078/1078 
f 1104/1104/1104 1079/1079/1079 1078/1078/1078 
f 1106/1106/1106 1080/1080/1080 1079/1079/1079 
f 1105/1105/1105 1106/1106/1106 1079/1079/1079 
f 1107/1107/1107 1081/1081/1081 1080/1080/1080 
f 1106/1106/1106 1107/1107/1107 1080/1080/1080 
f 1108/1108/1108 1082/1082/1082 1081/1081/1081 
f 1107/1107/1107 1108/1108/1108 1081/1081/1081 
f 1109/1109/1109 1083/1083/1083 1082/1082/1082 
f 1108/1108/1108 1109/1109/1109 1082/1082/1082 
f 1110/1110/1110 1084/1084/1084 1083/1083/1083 
f 1109/1109/1109 1110/1110/1110 1083/1083/1083 
f 1111/1111/1111 1085/1085/1085 1084/1084/1084 
f 1110/1110/1110 1111/1111/1111 1084/1084/1084 
f 1112/1112/1112 1086/1086/1086 1085/1085/1085 
f 1111/1111/1111 1112/1112/1112 1085/1085/1085 
f 1113/1113/1113 1087/1087/1087 1086/1086/1086 
f 1112/1112/1112 1113/1113/1113 1086/1086/1086 
f 1114/1114/1114 1088/1088/1088 1087/1087/1087 
f 1113/1113/1113 1114/1114/1114 1087/1087/1087 
f 1115/1115/1115 1089/1089/1089 1088/1088/1088 
f 1114/1114/1114 1115/1115/1115 1088/1088/1088 
f 1116/1116/1116 1090/1090/1090 1089/1089/1089 
f 1115/1115/1115 1116/1116/1116 1089/1089/1089 
f 1117/1117/1117 1091/1091/1091 1090/1090/1090 
f 1116/1116/1116 1117/1117/1117 1090/1090/1090 
f 1118/1118/1118 1092/1092/1092 1091/1091/1091 
f 1117/1117/1117 1118/1118/1118 1091/1091/1091 
f 1119/1119/1119 1093/1093/1093 1092/1092/1092 
f 1118/1118/1118 1119/1119/1119 1092/1092/1092 
f 1120/1120/1120 1094/1094/1094 1093/1093/1093 
f 1119/1119/1119 1120/1120/1120 1093/1093/1093 
f 1121/1121/1121 1095/1095/1095 1094/1094/1094 
f 1120/1120/1120 1121/1121/1121 1094/1094/1094 
f 1122/1122/1122 1096/1096/1096 1095/1095/1095 
f 1121/1121/1121 1122/1122/1122 1095/1095/1095 
f 1123/1123/1123 1097/1097/1097 1096/1096/1096 
f 1122/1122/1122 1123/1123/1123 1096/1096/1096 
f 1124/1124/1124 1098/1098/1098 1097/1097/1097 
f 1123/1123/1123 1124/1124/1124 1097/1097/1097 
f 1125/1125/1125 1099/1099/1099 1098/1098/1098 
f 1124/1124/1124 1125/1125/1125 1098/1098/1098 
f 1126/1126/1126 1100/1100/1100 1099/1099/1099 
f 1125/1125/1125 1126/1126/1126 1099/1099/1099 
f 1127/1127/1127 1101/1101/1101 1100/1100/1100 
f 1126/1126/1126 1127/1127/1127 1100/1100/1100 
f 1128/1128/1128 1102/1102/1102 1101/1101/1101 
f 1127/1127/1127 1128/1128/1128 1101/1101/1101 
f 1129/1129/1129 1103/1103/1103 1102/1102/1102 
f 1128/1128/1128 1129/1129/1129 1102/1102/1102 
f 1130/1130/1130 1104/1104/1104 1103/1103/1103 
f 1129/1129/1129 1130/1130/1130 1103/1103/1103 
f 1105/1105/1105 1079/1079/1079 1104/1104/1104 
f 1130/1130/1130 1105/1105/1105 1104/1104/1104 
f 1132/1132/1132 1106/1106/1106 1105/1105/1105 
f 1131/1131/1131 1132/1132/1132 1105/1105/1105 
f 1133/1133/1133 1107/1107/1107 1106/1106/1106 
f 1132/1132/1132 1133/1133/1133 1106/1106/1106 
f 1134/1134/1134 1108/1108/1108 1107/1107/1107 
f 1133/1133/1133 1134/1134/1134 1107/1107/1107 
f 1135/1135/1135 1109/1109/1109 1108/1108/1108 
f 1134/1134/1134 1135/1135/1135 1108/1108/1108 
f 1136/1136/1136 1110/1110/1110 1109/1109/1109 
f 1135/1135/1135 1136/1136/1136 1109/1109/1109 
f 1137/1137/1137 1111/1111/1111 1110/1110/1110 
f 1136/1136/1136 1137/1137/1137 1110/1110/1110 
f 1138/1138/1138 1112/1112/1112 1111/1111/1111 
f 1137/1137/1137 1138/1138/1138 1111/1111/1111 
f 1139/1139/1139 1113/1113/1113 1112/1112/1112 
f 1138/1138/1138 1139/1139/1139 1112/1112/1112 
f 1140/1140/1140 1114/1114/1114 1113/1113/1113 
f 1139/1139/1139 1140/1140/1140 1113/1113/1113 
f 1141/1141/1141 1115/1115/1115 1114/1114/1114 
f 1140/1140/1140 1141/1141/1141 1114/1114/1114 
f 1142/1142/1142 1116/1116/1116 1115/1115/1115 
f 1141/1141/1141 1142/1142/1142 1115/1115/1115 
f 1143/1143/1143 1117/1117/1117 1116/1116/1116 
f 1142/1142/1142 1143/1143/1143 1116/1116/1116 
f 1144/1144/1144 1118/1118/1118 1117/1117/1117 
f 1143/1143/1143 1144/1144/1144 1117/1117/1117 
f 1145/1145/1145 1119/1119/1119 1118/1118/1118 
f 1144/1144/1144 1145/1145/1145 1118/1118/1118 
f 1146/1146/1146 1120/1120/1120 1119/1119/1119 
f 1145/1145/1145 1146/1146/1146 1119/1119/1119 
f 1147/1147/1147 1121/1121/1121 1120/1120/1120 
f 1146/1146/1146 1147/1147/1147 1120/1120/1120 
f 1148/1148/1148 1122/1122/1122 1121/1121/1121 
f 1147/1147/1147 1148/1148/1148 1121/1121/1121 
f 1149/1149/1149 1123/1123/1123 1122/1122/1122 
f 1148/1148/1148 1149/1149/1149 1122/1122/1122 
f 1150/1150/1150 1124/1124/1124 1123/1123/1123 
f 1149/1149/1149 1150/1150/1150 1123/1123/1123 
f 1151/1151/1151 1125/1125/1125 1124/1124/1124 
f 1150/1150/1150 1151/1151/1151 1124/1124/1124 
f 1152/1152/1152 1126/1126/1126 1125/1125/1125 
f 1151/1151/1151 1152/1152/1152 1125/1125/1125 
f 1153/1153/1153 1127/1127/1127 1126/1126/1126 
f 1152/1152/1152 1153/1153/1153 1126/1126/1126 
f 1154/1154/1154 1128/1128/1128 1127/1127/1127 
f 1153/1153/1153 1154/1154/1154 1127/1127/1127 
f 1155/1155/1155 1129/1129/1129 1128/1128/1128 
f 1154/1154/1154 1155/1155/1155 1128/1128/1128 
f 1156/1156/1156 1130/1130/1130 1129/1129/1129 
f 1155/1155/1155 1156/1156/1156 1129/1129/1129 
f 1131/1131/1131 1105/1105/1105 1130/1130/1130 
f 1156/1156/1156 1131/1131/1131 1130/1130/1130 
f 1158/1158/1158 1132/1132/1132 1131/1131/1131 
f 1157/1157/1157 1158/1158/1158 1131/1131/1131 
f 1159/1159/1159 1133/1133/1133 1132/1132/1132 
f 1158/1158/1158 1159/1159/1159 1132/1132/1132 
f 1160/1160/1160 1134/1134/1134 1133/1133/1133 
f 1159/1159/1159 1160/1160/1160 1133/1133/1133 
f 1161/1161/1161 1135/1135/1135 1134/1134/1134 
f 1160/1160/1160 1161/1161/1161 1134/1134/1134 
f 1162/1162/1162 1136/1136/1136 1135/1135/1135 
f 1161/1161/1161 1162/1162/1162 1135/1135/1135 
f 1163/1163/1163 1137/1137/1137 1136/1136/1136 
f 1162/1162/1162 1163/1163/1163 1136/1136/1136 
f 1164/1164/1164 1138/1138/1138 1137/1137/1137 
f 1163/1163/1163 1164/1164/1164 1137/1137/1137 
f 1165/1165/1165 1139/1139/1139 1138/1138/1138 
f 1164/1164/1164 1165/1165/1165 1138/1138/1138 
f 1166/1166/1166 1140/1140/1140 1139/1139/1139 
f 1165/1165/1165 1166/1166/1166 1139/1139/1139 
f 1167/1167/1167 1141/1141/1141 1140/1140/1140 
f 1166/1166/1166 1167/1167/1167 1140/1140/1140 
f 1168/1168/1168 1142/1142/1142 1141/1141/1141 
f 1167/1167/1167 1168/1168/1168 1141/1141/1141 
f 1169/1169/1169 1143/1143/1143 1142/1142/1142 
f 1168/1168/1168 1169/1169/1169 1142/1142/1142 
f 1170/1170/1170 1144/1144/1144 1143/1143/1143 
f 1169/1169/1169 1170/1170/1170 1143/1143/1143 
f 1171/1171/1171 1145/1145/1145 1144/1144/1144 
f 1170/1170/1170 1171/1171/1171 1144/1144/1144 
f 1172/1172/1172 1146/1146/1146 1145/1145/1145 
f 1171/1171/1171 1172/1172/1172 1145/1145/1145 
f 1173/1173/1173 1147/1147/1147 1146/1146/1146 
f 1172/1172/1172 1173/1173/1173 1146/1146/1146 
f 1174/1174/1174 1148/1148/1148 1147/1147/1147 
f 1173/1173/1173 1174/1174/1174 1147/1147/1147 
f 1175/1175/1175 1149/1149/1149 1148/1148/1148 
f 1174/1174/1174 1175/1175/1175 1148/1148/1148 
f 1176/1176/1176 1150/1150/1150 1149/1149/1149 
f 1175/1175/1175 1176/1176/1176 1149/1149/1149 
f 1177/1177/1177 1151/1151/1151 1150/1150/1150 
f 1176/1176/1176 1177/1177/1177 1150/1150/1150 
f 1178/1178/1178 1152/1152/1152 1151/1151/1151 
f 1177/1177/1177 1178/1178/1178 1151/1151/1151 
f 1179/1179/1179 1153/1153/1153 1152/1152/1152 
f 1178/1178/1178 1179/1179/1179 1152/1152/1152 
f 1180/1180/1180 1154/1154/1154 1153/1153/1153 
f 1179/1179/1179 1180/1180/1180 1153/1153/1153 
f 1181/1181/1181 1155/1155/1155 1154/1154/1154 
f 1180/1180/1180 1181/1181/1181 1154/1154/1154 
f 1182/1182/1182 1156/1156/1156 1155/1155/1155 
f 1181/1181/1181 1182/1182/1182 1155/1155/1155 
f 1157/1157/1157 1131/1131/1131 1156/1156/1156 
f 1182/1182/1182 1157/1157/1157 1156/1156/1156 
f 1184/1184/1184 1158/1158/1158 1157/1157/1157 
f 1183/1183/1183 1184/1184/1184 1157/1157/1157 
f 1185/1185/1185 1159/1159/1159 1158/1158/1158 
f 1184/1184/1184 1185/1185/1185 1158/1158/1158 
f 1186/1186/1186 1160/1160/1160 1159/1159/1159 
f 1185/1185/1185 1186/1186/1186 1159/1159/1159 
f 1187/1187/1187 1161/1161/1161 1160/1160/1160 
f 1186/1186/1186 1187/1187/1187 1160/1160/1160 
f 1188/1188/1188 1162/1162/1162 1161/1161/1161 
f 1187/1187/1187 1188/1188/1188 1161/1161/1161 
f 1189/1189/1189 1163/1163/1163 1162/1162/1162 
f 1188/1188/1188 1189/1189/1189 1162/1162/1162 
f 1190/1190/1190 1164/1164/1164 1163/1163/1163 
f 1189/1189/1189 1190/1190/1190 1163/1163/1163 
f 1191/1191/1191 1165/1165/1165 1164/1164/1164 
f 1190/1190/1190 1191/1191/1191 1164/1164/1164 
f 1192/1192/1192 1166/1166/1166 1165/1165/1165 
f 1191/1191/1191 1192/1192/1192 1165/1165/1165 
f 1193/1193/1193 1167/1167/1167 1166/1166/1166 
f 1192/1192/1192 1193/1193/1193 1166/1166/1166 
f 1194/1194/1194 1168/1168/1168 1167/1167/1167 
f 1193/1193/1193 1194/1194/1194 1167/1167/1167 
f 1195/1195/1195 1169/1169/1169 1168/1168/1168 
f 1194/1194/1194 1195/1195/1195 1168/1168/1168 
f 1196/1196/1196 1170/1170/1170 1169/1169/1169 
f 1195/1195/1195 1196/1196/1196 1169/1169/1169 
f 1197/1197/1197 1171/1171/1171 1170/1170/1170 
f 1196/1196/1196 1197/1197/1197 1170/1170/1170 
f 1198/1198/1198 1172/1172/1172 1171/1171/1171 
f 1197/1197/1197 1198/1198/1198 1171/1171/1171 
f 1199/1199/1199 1173/1173/1173 1172/1172/1172 
f 1198/1198/1198 1199/1199/1199 1172/1172/1172 
f 1200/1200/1200 1174/1174/1174 1173/1173/1173 
f 1199/1199/1199 1200/1200/1200 1173/1173/1173 
f 1201/1201/1201 1175/1175/1175 1174/1174/1174 
f 1200/1200/1200 1201/1201/1201 1174/1174/1174 
f 1202/1202/1202 1176/1176/1176 1175/1175/1175 
f 1201/1201/1201 1202/1202/1202 1175/1175/1175 
f 1203/1203/1203 1177/1177/1177 1176/1176/1176 
f 1202/1202/1202 1203/1203/1203 1176/1176/1176 
f 1204/1204/1204 1178/1178/1178 1177/1177/1177 
f 1203/1203/1203 1204/1204/1204 1177/1177/1177 
f 1205/1205/1205 1179/1179/1179 1178/1178/1178 
f 1204/1204/1204 1205/1205/1205 1178/1178/1178 
f 1206/1206/1206 1180/1180/1180 1179/1179/1179 
f 1205/1205/1205 1206/1206/1206 1179/1179/1179 
f 1207/1207/1207 1181/1181/1181 1180/1180/1180 
f 1206/1206/1206 1207/1207/1207 1180/1180/1180 
f 1208/1208/1208 1182/1182/1182 1181/1181/1181 
f 1207/1207/1207 1208/1208/1208 1181/1181/1181 
f 1183/1183/1183 1157/1157/1157 1182/1182/1182 
f 1208/1208/1208 1183/1183/1183 1182/1182/1182 
f 1210/1210/1210 1184/1184/1184 1183/1183/1183 
f 1209/1209/1209 1210/1210/1210 1183/1183/1183 
f 1211/1211/1211 1185/1185/1185 1184/1184/1184 
f 1210/1210/1210 1211/1211/1211 1184/1184/1184 
f 1212/1212/1212 1186/1186/1186 1185/1185/1185 
f 1211/1211/1211 1212/1212/1212 1185/1185/1185 
f 1213/1213/1213 1187/1187/1187 1186/1186/1186 
f 1212/1212/1212 1213/1213/1213 1186/1186/1186 
f 1214/1214/1214 1188/1188/1188 1187/1187/1187 
f 1213/1213/1213 1214/1214/1214 1187/1187/1187 
f 1215/1215/1215 1189/1189/1189 1188/1188/1188 
f 1214/1214/1214 1215/1215/1215 1188/1188/1188 
f 1216/1216/1216 1190/1190/1190 1189/1189/1189 
f 1215/1215/1215 1216/1216/1216 1189/1189/1189 
f 1217/1217/1217 1191/1191/1191 1190/1190/1190 
f 1216/1216/1216 1217/1217/1217 1190/1190/1190 
f 1218/1218/1218 1192/1192/1192 1191/1191/1191 
f 1217/1217/1217 1218/1218/1218 1191/1191/1191 
f 1219/1219/1219 1193/1193/1193 1192/1192/1192 
f 1218/1218/1218 1219/1219/1219 1192/1192/1192 
f 1220/1220/1220 1194/1194/1194 1193/1193/1193 
f 1219/1219/1219 1220/1220/1220 1193/1193/1193 
f 1221/1221/1221 1195/1195/1195 1194/1194/1194 
f 1220/1220/1220 1221/1221/1221 1194/1194/1194 
f 1222/1222/1222 1196/1196/1196 1195/1195/1195 
f 1221/1221/1221 1222/1222/1222 1195/1195/1195 
f 1223/1223/1223 1197/1197/1197 1196/1196/1196 
f 1222/1222/1222 1223/1223/1223 1196/1196/1196 
f 1224/1224/1224 1198/1198/1198 1197/1197/1197 
f 1223/1223/1223 1224/1224/1224 1197/1197/1197 
f 1225/1225/1225 1199/1199/1199 1198/1198/1198 
f 1224/1224/1224 1225/1225/1225 1198/1198/1198 
f 1226/1226/1226 1200/1200/1200 1199/1199/1199 
f 1225/1225/1225 1226/1226/1226 1199/1199/1199 
f 1227/1227/1227 1201/1201/1201 1200/1200/1200 
f 1226/1226/1226 1227/1227/1227 1200/1200/1200 
f 1228/1228/1228 1202/1202/1202 1201/1201/1201 
f 1227/1227/1227 1228/1228/1228 1201/1201/1201 
f 1229/1229/1229 1203/1203/1203 1202/1202/1202 
f 1228/1228/1228 1229/1229/1229 1202/1202/1202 
f 1230/1230/1230 1204/1204/1204 1203/1203/1203 
f 1229/1229/1229 1230/1230/1230 1203/1203/1203 
f 1231/1231/1231 1205/1205/1205 1204/1204/1204 
f 1230/1230/1230 1231/1231/1231 1204/1204/1204 
f 1232/1232/1232 1206/1206/1206 1205/1205/1205 
f 1231/1231/1231 1232/1232/1232 1205/1205/1205 
f 1233/1233/1233 1207/1207/1207 1206/1206/1206 
f 1232/1232/1232 1233/1233/1233 1206/1206/1206 
f 1234/1234/1234 1208/1208/1208 1207/1207/1207 
f 1233/1233/1233 1234/1234/1234 1207/1207/1207 
f 1209/1209/1209 1183/1183/1183 1208/1208/1208 
f 1234/1234/1234 1209/1209/1209 1208/1208/1208 
f 1236/1236/1236 1210/1210/1210 1209/1209/1209 
f 1235/1235/1235 1236/1236/1236 1209/1209/1209 
f 1237/1237/1237 1211/1211/1211 1210/1210/1210 
f 1236/1236/1236 1237/1237/1237 1210/1210/1210 
f 1238/1238/1238 1212/1212/1212 1211/1211/1211 
f 1237/1237/1237 1238/1238/1238 1211/1211/1211 
f 1239/1239/1239 1213/1213/1213 1212/1212/1212 
f 1238/1238/1238 1239/1239/1239 1212/1212/1212 
f 1240/1240/1240 1214/1214/1214 1213/1213/1213 
f 1239/1239/1239 1240/1240/1240 1213/1213/1213 
f 1241/1241/1241 1215/1215/1215 1214/1214/1214 
f 1240/1240/1240 1241/1241/1241 1214/1214/1214 
f 1242/1242/1242 1216/1216/1216 1215/1215/1215 
f 1241/1241/1241 1242/1242/1242 1215/1215/1215 
f 1243/1243/1243 1217/1217/1217 1216/1216/1216 
f 1242/1242/1242 1243/1243/1243 1216/1216/1216 
f 1244/1244/1244 1218/1218/1218 1217/1217/1217 
f 1243/1243/1243 1244/1244/1244 1217/1217/1217 
f 1245/1245/1245 1219/1219/1219 1218/1218/1218 
f 1244/1244/1244 1245/1245/1245 1218/1218/1218 
f 1246/1246/1246 1220/1220/1220 1219/1219/1219 
f 1245/1245/1245 1246/1246/1246 1219/1219/1219 
f 1247/1247/1247 1221/1221/1221 1220/1220/1220 
f 1246/1246/1246 1247/1247/1247 1220/1220/1220 
f 1248/1248/1248 1222/1222/1222 1221/1221/1221 
f 1247/1247/1247 1248/1248/1248 1221/1221/1221 
f 1249/1249/1249 1223/1223/1223 1222/1222/1222 
f 1248/1248/1248 1249/1249/1249 1222/1222/1222 
f 1250/1250/1250 1224/1224/1224 1223/1223/1223 
f 1249/1249/1249 1250/1250/1250 1223/1223/1223 
f 1251/1251/1251 1225/1225/1225 1224/1224/1224 
f 1250/1250/1250 1251/1251/1251 1224/1224/1224 
f 1252/1252/1252 1226/1226/1226 1225/1225/1225 
f 1251/1251/1251 1252/1252/1252 1225/1225/1225 
f 1253/1253/1253 1227/1227/1227 1226/1226/1226 
f 1252/1252/1252 1253/1253/1253 1226/1226/1226 
f 1254/1254/1254 1228/1228/1228 1227/1227/1227 
f 1253/1253/1253 1254/1254/1254 1227/1227/1227 
f 1255/1255/1255 1229/1229/1229 1228/1228/1228 
f 1254/1254/1254 1255/1255/1255 1228/1228/1228 
f 1256/1256/1256 1230/1230/1230 1229/1229/1229 
f 1255/1255/1255 1256/1256/1256 1229/1229/1229 
f 1257/1257/1257 1231/1231/1231 1230/1230/1230 
f 1256/1256/1256 1257/1257/1257 1230/1230/1230 
f 1258/1258/1258 1232/1232/1232 1231/1231/1231 
f 1257/1257/1257 1258/1258/1258 1231/1231/1231 
f 1259/1259/1259 1233/1233/1233 1232/1232/1232 
f 1258/1258/1258 1259/1259/1259 1232/1232/1232 
f 1260/1260/1260 1234/1234/1234 1233/1233/1233 
f 1259/1259/1259 1260/1260/1260 1233/1233/1233 
f 1235/1235/1235 1209/1209/1209 1234/1234/1234 
f 1260/1260/1260 1235/1235/1235 1234/1234/1234 
f 1262/1262/1262 1236/1236/1236 1235/1235/1235 
f 1261/1261/1261 1262/1262/1262 1235/1235/1235 
f 1263/1263/1263 1237/1237/1237 1236/1236/1236 
f 1262/1262/1262 1263/1263/1263 1236/1236/1236 
f 1264/1264/1264 1238/1238/1238 1237/1237/1237 
f 1263/1263/1263 1264/1264/1264 1237/1237/1237 
f 1265/1265/1265 1239/1239/1239 1238/1238/1238 
f 1264/1264/1264 1265/1265/1265 1238/1238/1238 
f 1266/1266/1266 1240/1240/1240 1239/1239/1239 
f 1265/1265/1265 1266/1266/1266 1239/1239/1239 
f 1267/1267/1267 1241/1241/1241 1240/1240/1240 
f 1266/1266/1266 1267/1267/1267 1240/1240/1240 
f 1268/1268/1268 1242/1242/1242 1241/1241/1241 
f 1267/1267/1267 1268/1268/1268 1241/1241/1241 
f 1269/1269/1269 1243/1243/1243 1242/1242/1242 
f 1268/1268/1268 1269/1269/1269 1242/1242/1242 
f 1270/1270/1270 1244/1244/1244 1243/1243/1243 
f 1269/1269/1269 1270/1270/1270 1243/1243/1243 
f 1271/1271/1271 1245/1245/1245 1244/1244/1244 
f 1270/1270/1270 1271/1271/1271 1244/1244/1244 
f 1272/1272/1272 1246/1246/1246 1245/1245/1245 
f 1271/1271/1271 1272/1272/1272 1245/1245/1245 
f 1273/1273/1273 1247/1247/1247 1246/1246/1246 
f 1272/1272/1272 1273/1273/1273 1246/1246/1246 
f 1274/1274/1274 1248/1248/1248 1247/1247/1247 
f 1273/1273/1273 1274/1274/1274 1247/1247/1247 
f 1275/1275/1275 1249/1249/1249 1248/1248/1248 
f 1274/1274/1274 1275/1275/1275 1248/1248/1248 
f 1276/1276/1276 1250/1250/1250 1249/1249/1249 
f 1275/1275/1275 1276/1276/1276 1249/1249/1249 
f 1277/1277/1277 1251/1251/1251 1250/1250/1250 
f 1276/1276/1276 1277/1277/1277 1250/1250/1250 
f 1278/1278/1278 1252/1252/1252 1251/1251/1251 
f 1277/1277/1277 1278/1278/1278 1251/1251/1251 
f 1279/1279/1279 1253/1253/1253 1252/1252/1252 
f 1278/1278/1278 1279/1279/1279 1252/1252/1252 
f 1280/1280/1280 1254/1254/1254 1253/1253/1253 
f 1279/1279/1279 1280/1280/1280 1253/1253/1253 
f 1281/1281/1281 1255/1255/1255 1254/1254/1254 
f 1280/1280/1280 1281/1281/1281 1254/1254/1254 
f 1282/1282/1282 1256/1256/1256 1255/1255/1255 
f 1281/1281/1281 1282/1282/1282 1255/1255/1255 
f 1283/1283/1283 1257/1257/1257 1256/1256/1256 
f 1282/1282/1282 1283/1283/1283 1256/1256/1256 
f 1284/1284/1284 1258/1258/1258 1257/1257/1257 
f 1283/1283/1283 1284/1284/1284 1257/1257/1257 
f 1285/1285/1285 1259/1259/1259 1258/1258/1258 
f 1284/1284/1284 1285/1285/1285 1258/1258/1258 
f 1286/1286/1286 1260/1260/1260 1259/1259/1259 
f 1285/1285/1285 1286/1286/1286 1259/1259/1259 
f 1261/1261/1261 1235/1235/1235 1260/1260/1260 
f 1286/1286/1286 1261/1261/1261 1260/1260/1260 
f 1288/1288/1288 1262/1262/1262 1261/1261/1261 
f 1287/1287/1287 1288/1288/1288 1261/1261/1261 
f 1289/1289/1289 1263/1263/1263 1262/1262/1262 
f 1288/1288/1288 1289/1289/1289 1262/1262/1262 
f 1290/1290/1290 1264/1264/1264 1263/1263/1263 
f 1289/1289/1289 1290/1290/1290 1263/1263/1263 
f 1291/1291/1291 1265/1265/1265 1264/1264/1264 
f 1290/1290/1290 1291/1291/1291 1264/1264/1264 
f 1292/1292/1292 1266/1266/1266 1265/1265/1265 
f 1291/1291/1291 1292/1292/1292 1265/1265/1265 
f 1293/1293/1293 1267/1267/1267 1266/1266/1266 
f 1292/1292/1292 1293/1293/1293 1266/1266/1266 
f 1294/1294/1294 1268/1268/1268 1267/1267/1267 
f 1293/1293/1293 1294/1294/1294 1267/1267/1267 
f 1295/1295/1295 1269/1269/1269 1268/1268/1268 
f 1294/1294/1294 1295/1295/1295 1268/1268/1268 
f 1296/1296/1296 1270/1270/1270 1269/1269/1269 
f 1295/1295/1295 1296/1296/1296 1269/1269/1269 
f 1297/1297/1297 1271/1271/1271 1270/1270/1270 
f 1296/1296/1296 1297/1297/1297 1270/1270/1270 
f 1298/1298/1298 1272/1272/1272 1271/1271/1271 
f 1297/1297/1297 1298/1298/1298 1271/1271/1271 
f 1299/1299/1299 1273/1273/1273 1272/1272/1272 
f 1298/1298/1298 1299/1299/1299 1272/1272/1272 
f 1300/1300/1300 1274/1274/1274 1273/1273/1273 
f 1299/1299/1299 1300/1300/1300 1273/1273/1273 
f 1301/1301/1301 1275/1275/1275 1274/1274/1274 
f 1300/1300/1300 1301/1301/1301 1274/1274/1274 
f 1302/1302/1302 1276/1276/1276 1275/1275/1275 
f 1301/1301/1301 1302/1302/1302 1275/1275/1275 
f 1303/1303/1303 1277/1277/1277 1276/1276/1276 
f 1302/1302/1302 1303/1303/1303 1276/1276/1276 
f 1304/1304/1304 1278/1278/1278 1277/1277/1277 
f 1303/1303/1303 1304/1304/1304 1277/1277/1277 
f 1305/1305/1305 1279/1279/1279 1278/1278/1278 
f 1304/1304/1304 1305/1305/1305 1278/1278/1278 
f 1306/1306/1306 1280/1280/1280 1279/1279/1279 
f 1305/1305/1305 1306/1306/1306 1279/1279/1279 
f 1307/1307/1307 1281/1281/1281 1280/1280/1280 
f 1306/1306/1306 1307/1307/1307 1280/1280/1280 
f 1308/1308/1308 1282/1282/1282 1281/1281/1281 
f 1307/1307/1307 1308/1308/1308 1281/1281/1281 
f 1309/1309/1309 1283/1283/1283 1282/1282/1282 
f 1308/1308/1308 1309/1309/1309 1282/1282/1282 
f 1310/1310/1310 1284/1284/1284 1283/1283/1283 
f 1309/1309/1309 1310/1310/1310 1283/1283/1283 
f 1311/1311/1311 1285/1285/1285 1284/1284/1284 
f 1310/1310/1310 1311/1311/1311 1284/1284/1284 
f 1312/1312/1312 1286/1286/1286 1285/1285/1285 
f 1311/1311/1311 1312/1312/1312 1285/1285/1285 
f 1287/1287/1287 1261/1261/1261 1286/1286/1286 
f 1312/1312/1312 1287/1287/1287 1286/1286/1286 
f 1314/1314/1314 1288/1288/1288 1287/1287/1287 
f 1313/1313/1313 1314/1314/1314 1287/1287/1287 
f 1315/1315/1315 1289/1289/1289 1288/1288/1288 
f 1314/1314/1314 1315/1315/1315 1288/1288/1288 
f 1316/1316/1316 1290/1290/1290 1289/1289/1289 
f 1315/1315/1315 1316/1316/1316 1289/1289/1289 
f 1317/1317/1317 1291/1291/1291 1290/1290/1290 
f 1316/1316/1316 1317/1317/1317 1290/1290/1290 
f 1318/1318/1318 1292/1292/1292 1291/1291/1291 
f 1317/1317/1317 1318/1318/1318 1291/1291/1291 
f 1319/1319/1319 1293/1293/1293 1292/1292/1292 
f 1318/1318/1318 1319/1319/1319 1292/1292/1292 
f 1320/1320/1320 1294/1294/1294 1293/1293/1293 
f 1319/1319/1319 1320/1320/1320 1293/1293/1293 
f 1321/1321/1321 1295/1295/1295 1294/1294/1294 
f 1320/1320/1320 1321/1321/1321 1294/1294/1294 
f 1322/1322/1322 1296/1296/1296 1295/1295/1295 
f 1321/1321/1321 1322/1322/1322 1295/1295/1295 
f 1323/1323/1323 1297/1297/1297 1296/1296/1296 
f 1322/1322/1322 1323/1323/1323 1296/1296/1296 
f 1324/1324/1324 1298/1298/1298 1297/1297/1297 
f 1323/1323/1323 1324/1324/1324 1297/1297/1297 
f 1325/1325/1325 1299/1299/1299 1298/1298/1298 
f 1324/1324/1324 1325/1325/1325 1298/1298/1298 
f 1326/1326/1326 1300/1300/1300 1299/1299/1299 
f 1325/1325/1325 1326/1326/1326 1299/1299/1299 
f 1327/1327/1327 1301/1301/1301 1300/1300/1300 
f 1326/1326/1326 1327/1327/1327 1300/1300/1300 
f 1328/1328/1328 1302/1302/1302 1301/1301/1301 
f 1327/1327/1327 1328/1328/1328 1301/1301/1301 
f 1329/1329/1329 1303/1303/1303 1302/1302/1302 
f 1328/1328/1328 1329/1329/1329 1302/1302/1302 
f 1330/1330/1330 1304/1304/1304 1303/1303/1303 
f 1329/1329/1329 1330/1330/1330 1303/1303/1303 
f 1331/1331/1331 1305/1305/1305 1304/1304/1304 
f 1330/1330/1330 1331/1331/1331 1304/1304/1304 
f 1332/1332/1332 1306/1306/1306 1305/1305/1305 
f 1331/1331/1331 1332/1332/1332 1305/1305/1305 
f 1333/1333/1333 1307/1307/1307 1306/1306/1306 
f 1332/1332/1332 1333/1333/1333 1306/1306/1306 
f 1334/1334/1334 1308/1308/1308 1307/1307/1307 
f 1333/1333/1333 1334/1334/1334 1307/1307/1307 
f 1335/1335/1335 1309/1309/1309 1308/1308/1308 
f 1334/1334/1334 1335/1335/1335 1308/1308/1308 
f 1336/1336/1336 1310/1310/1310 1309/1309/1309 
f 1335/1335/1335 1336/1336/1336 1309/1309/1309 
f 1337/1337/1337 1311/1311/1311 1310/1310/1310 
f 1336/1336/1336 1337/1337/1337 1310/1310/1310 
f 1338/1338/1338 1312/1312/1312 1311/1311/1311 
f 1337/1337/1337 1338/1338/1338 1311/1311/1311 
f 1313/1313/1313 1287/1287/1287 1312/1312/1312 
f 1338/1338/1338 1313/1313/1313 1312/1312/1312 
f 1340/1340/1340 1314/1314/1314 1313/1313/1313 
f 1339/1339/1339 1340/1340/1340 1313/1313/1313 
f 1341/1341/1341 1315/1315/1315 1314/1314/1314 
f 1340/1340/1340 1341/1341/1341 1314/1314/1314 
f 1342/1342/1342 1316/1316/1316 1315/1315/1315 
f 1341/1341/1341 1342/1342/1342 1315/1315/1315 
f 1343/1343/1343 1317/1317/1317 1316/1316/1316 
f 1342/1342/1342 1343/1343/1343 1316/1316/1316 
f 1344/1344/1344 1318/1318/1318 1317/1317/1317 
f 1343/1343/1343 1344/1344/1344 1317/1317/1317 
f 1345/1345/1345 1319/1319/1319 1318/1318/1318 
f 1344/1344/1344 1345/1345/1345 1318/1318/1318 
f 1346/1346/1346 1320/1320/1320 1319/1319/1319 
f 1345/1345/1345 1346/1346/1346 1319/1319/1319 
f 1347/1347/1347 1321/1321/1321 1320/1320/1320 
f 1346/1346/1346 1347/1347/1347 1320/1320/1320 
f 1348/1348/1348 1322/1322/1322 1321/1321/1321 
f 1347/1347/1347 1348/1348/1348 1321/1321/1321 
f 1349/1349/1349 1323/1323/1323 1322/1322/1322 
f 1348/1348/1348 1349/1349/1349 1322/1322/1322 
f 1350/1350/1350 1324/1324/1324 1323/1323/1323 
f 1349/1349/1349 1350/1350/1350 1323/1323/1323 
f 1351/1351/1351 1325/1325/1325 1324/1324/1324 
f 1350/1350/1350 1351/1351/1351 1324/1324/1324 
f 1352/1352/1352 1326/1326/1326 1325/1325/1325 
f 1351/1351/1351 1352/1352/1352 1325/1325/1325 
f 1353/1353/1353 1327/1327/1327 1326/1326/1326 
f 1352/1352/1352 1353/1353/1353 1326/1326/1326 
f 1354/1354/1354 1328/1328/1328 1327/1327/1327 
f 1353/1353/1353 1354/1354/1354 1327/1327/1327 
f 1355/1355/1355 1329/1329/1329 1328/1328/1328 
f 1354/1354/1354 1355/1355/1355 1328/1328/1328 
f 1356/1356/1356 1330/1330/1330 1329/1329/1329 
f 1355/1355/1355 1356/1356/1356 1329/1329/1329 
f 1357/1357/1357 1331/1331/1331 1330/1330/1330 
f 1356/1356/1356 1357/1357/1357 1330/1330/1330 
f 1358/1358/1358 1332/1332/1332 1331/1331/1331 
f 1357/1357/1357 1358/1358/1358 1331/1331/1331 
f 1359/1359/1359 1333/1333/1333 1332/1332/1332 
f 1358/1358/1358 1359/1359/1359 1332/1332/1332 
f 1360/1360/1360 1334/1334/1334 1333/1333/1333 
f 1359/1359/1359 1360/1360/1360 1333/1333/1333 
f 1361/1361/1361 1335/1335/1335 1334/1334/1334 
f 1360/1360/1360 1361/1361/1361 1334/1334/1334 
f 1362/1362/1362 1336/1336/1336 1335/1335/1335 
f 1361/1361/1361 1362/1362/1362 1335/1335/1335 
f 1363/1363/1363 1337/1337/1337 1336/1336/1336 
f 1362/1362/1362 1363/1363/1363 1336/1336/1336 
f 1364/1364/1364 1338/1338/1338 1337/1337/1337 
f 1363/1363/1363 1364/1364/1364 1337/1337/1337 
f 1339/1339/1339 1313/1313/1313 1338/1338/1338 
f 1364/1364/1364 1339/1339/1339 1338/1338/1338 
f 1366/1366/1366 1340/1340/1340 1339/1339/1339 
f 1365/1365/1365 1366/1366/1366 1339/1339/1339 
f 1367/1367/1367 1341/1341/1341 1340/1340/1340 
f 1366/1366/1366 1367/1367/1367 1340/1340/1340 
f 1368/1368/1368 1342/1342/1342 1341/1341/1341 
f 1367/1367/1367 1368/1368/1368 1341/1341/1341 
f 1369/1369/1369 1343/1343/1343 1342/1342/1342 
f 1368/1368/1368 1369/1369/1369 1342/1342/1342 
f 1370/1370/1370 1344/1344/1344 1343/1343/1343 
f 1369/1369/1369 1370/1370/1370 1343/1343/1343 
f 1371/1371/1371 1345/1345/1345 1344/1344/1344 
f 1370/1370/1370 1371/1371/1371 1344/1344/1344 
f 1372/1372/1372 1346/1346/1346 1345/1345/1345 
f 1371/1371/1371 1372/1372/1372 1345/1345/1345 
f 1373/1373/1373 1347/1347/1347 1346/1346/1346 
f 1372/1372/1372 1373/1373/1373 1346/1346/1346 
f 1374/1374/1374 1348/1348/1348 1347/1347/1347 
f 1373/1373/1373 1374/1374/1374 1347/1347/1347 
f 1375/1375/1375 1349/1349/1349 1348/1348/1348 
f 1374/1374/1374 1375/1375/1375 1348/1348/1348 
f 1376/1376/1376 1350/1350/1350 1349/1349/1349 
f 1375/1375/1375 1376/1376/1376 1349/1349/1349 
f 1377/1377/1377 1351/1351/1351 1350/1350/1350 
f 1376/1376/1376 1377/1377/1377 1350/1350/1350 
f 1378/1378/1378 1352/1352/1352 1351/1351/1351 
f 1377/1377/1377 1378/1378/1378 1351/1351/1351 
f 1379/1379/1379 1353/1353/1353 1352/1352/1352 
f 1378/1378/1378 1379/1379/1379 1352/1352/1352 
f 1380/1380/1380 1354/1354/1354 1353/1353/1353 
f 1379/1379/1379 1380/1380/1380 1353/1353/1353 
f 1381/1381/1381 1355/1355/1355 1354/1354/1354 
f 1380/1380/1380 1381/1381/1381 1354/1354/1354 
f 1382/1382/1382 1356/1356/1356 1355/1355/1355 
f 1381/1381/1381 1382/1382/1382 1355/1355/1355 
f 1383/1383/1383 1357/1357/1357 1356/1356/1356 
f 1382/1382/1382 1383/1383/1383 1356/1356/1356 
f 1384/1384/1384 1358/1358/1358 1357/1357/1357 
f 1383/1383/1383 1384/1384/1384 1357/1357/1357 
f 1385/1385/1385 1359/1359/1359 1358/1358/1358 
f 1384/1384/1384 1385/1385/1385 1358/1358/1358 
f 1386/1386/1386 1360/1360/1360 1359/1359/1359 
f 1385/1385/1385 1386/1386/1386 1359/1359/1359 
f 1387/1387/1387 1361/1361/1361 1360/1360/1360 
f 1386/1386/1386 1387/1387/1387 1360/1360/1360 
f 1388/1388/1388 1362/1362/1362 1361/1361/1361 
f 1387/1387/1387 1388/1388/1388 1361/1361/1361 
f 1389/1389/1389 1363/1363/1363 1362/1362/1362 
f 1388/1388/1388 1389/1389/1389 1362/1362/1362 
f 1390/1390/1390 1364/1364/1364 1363/1363/1363 
f 1389/1389/1389 1390/1390/1390 1363/1363/1363 
f 1365/1365/1365 1339/1339/1339 1364/1364/1364 
f 1390/1390/1390 1365/1365/1365 1364/1364/1364 
f 1392/1392/1392 1366/1366/1366 1365/1365/1365 
f 1391/1391/1391 1392/1392/1392 1365/1365/1365 
f 1393/1393/1393 1367/1367/1367 1366/1366/1366 
f 1392/1392/1392 1393/1393/1393 1366/1366/1366 
f 1394/1394/1394 1368/1368/1368 1367/1367/1367 
f 1393/1393/1393 1394/1394/1394 1367/1367/1367 
f 1395/1395/1395 1369/1369/1369 1368/1368/1368 
f 1394/1394/1394 1395/1395/1395 1368/1368/1368 
f 1396/1396/1396 1370/1370/1370 1369/1369/1369 
f 1395/1395/1395 1396/1396/1396 1369/1369/1369 
f 1397/1397/1397 1371/1371/1371 1370/1370/1370 
f 1396/1396/1396 1397/1397/1397 1370/1370/1370 
f 1398/1398/1398 1372/1372/1372 1371/1371/1371 
f 1397/1397/1397 1398/1398/1398 1371/1371/1371 
f 1399/1399/1399 1373/1373/1373 1372/1372/1372 
f 1398/1398/1398 1399/1399/1399 1372/1372/1372 
f 1400/1400/1400 1374/1374/1374 1373/1373/1373 
f 1399/1399/1399 1400/1400/1400 1373/1373/1373 
f 1401/1401/1401 1375/1375/1375 1374/1374/1374 
f 1400/1400/1400 1401/1401/1401 1374/1374/1374 
f 1402/1402/1402 1376/1376/1376 1375/1375/1375 
f 1401/1401/1401 1402/1402/1402 1375/1375/1375 
f 1403/1403/1403 1377/1377/1377 1376/1376/1376 
f 1402/1402/1402 1403/1403/1403 1376/1376/1376 
f 1404/1404/1404 1378/1378/1378 1377/1377/1377 
f 1403/1403/1403 1404/1404/1404 1377/1377/1377 
f 1405/1405/1405 1379/1379/1379 1378/1378/1378 
f 1404/1404/1404 1405/1405/1405 1378/1378/1378 
f 1406/1406/1406 1380/1380/1380 1379/1379/1379 
f 1405/1405/1405 1406/1406/1406 1379/1379/1379 
f 1407/1407/1407 1381/1381/1381 1380/1380/1380 
f 1406/1406/1406 1407/1407/1407 1380/1380/1380 
f 1408/1408/1408 1382/1382/1382 1381/1381/1381 
f 1407/1407/1407 1408/1408/1408 1381/1381/1381 
f 1409/1409/1409 1383/1383/1383 1382/1382/1382 
f 1408/1408/1408 1409/1409/1409 1382/1382/1382 
f 1410/1410/1410 1384/1384/1384 1383/1383/1383 
f 1409/1409/1409 1410/1410/1410 1383/1383/1383 
f 1411/1411/1411 1385/1385/1385 1384/1384/1384 
f 1410/1410/1410 1411/1411/1411 1384/1384/1384 
f 1412/1412/1412 1386/1386/1386 1385/1385/1385 
f 1411/1411/1411 1412/1412/1412 1385/1385/1385 
f 1413/1413/1413 1387/1387/1387 1386/1386/1386 
f 1412/1412/1412 1413/1413/1413 1386/1386/1386 
f 1414/1414/1414 1388/1388/1388 1387/1387/1387 
f 1413/1413/1413 1414/1414/1414 1387/1387/1387 
f 1415/1415/1415 1389/1389/1389 1388/1388/1388 
f 1414/1414/1414 1415/1415/1415 1388/1388/1388 
f 1416/1416/1416 1390/1390/1390 1389/1389/1389 
f 1415/1415/1415 1416/1416/1416 1389/1389/1389 
f 1391/1391/1391 1365/1365/1365 1390/1390/1390 
f 1416/1416/1416 1391/1391/1391 1390/1390/1390 
f 1418/1418/1418 1392/1392/1392 1391/1391/1391 
f 1417/1417/1417 1418/1418/1418 1391/1391/1391 
f 1419/1419/1419 1393/1393/1393 1392/1392/1392 
f 1418/1418/1418 1419/1419/1419 1392/1392/1392 
f 1420/1420/1420 1394/1394/1394 1393/1393/1393 
f 1419/1419/1419 1420/1420/1420 1393/1393/1393 
f 1421/1421/1421 1395/1395/1395 1394/1394/1394 
f 1420/1420/1420 1421/1421/1421 1394/1394/1394 
f 1422/1422/1422 1396/1396/1396 1395/1395/1395 
f 1421/1421/1421 1422/1422/1422 1395/1395/1395 
f 1423/1423/1423 1397/1397/1397 1396/1396/1396 
f 1422/1422/1422 1423/1423/1423 1396/1396/1396 
f 1424/1424/1424 1398/1398/1398 1397/1397/1397 
f 1423/1423/1423 1424/1424/1424 1397/1397/1397 
f 1425/1425/1425 1399/1399/1399 1398/1398/1398 
f 1424/1424/1424 1425/1425/1425 1398/1398/1398 
f 1426/1426/1426 1400/1400/1400 1399/1399/1399 
f 1425/1425/1425 1426/1426/1426 1399/1399/1399 
f 1427/1427/1427 1401/1401/1401 1400/1400/1400 
f 1426/1426/1426 1427/1427/1427 1400/1400/1400 
f 1428/1428/1428 1402/1402/1402 1401/1401/1401 
f 1427/1427/1427 1428/1428/1428 1401/1401/1401 
f 1429/1429/1429 1403/1403/1403 1402/1402/1402 
f 1428/1428/1428 1429/1429/1429 1402/1402/1402 
f 1430/1430/1430 1404/1404/1404 1403/1403/1403 
f 1429/1429/1429 1430/1430/1430 1403/1403/1403 
f 1431/1431/1431 1405/1405/1405 1404/1404/1404 
f 1430/1430/1430 1431/1431/1431 1404/1404/1404 
f 1432/1432/1432 1406/1406/1406 1405/1405/1405 
f 1431/1431/1431 1432/1432/1432 1405/1405/1405 
f 1433/1433/1433 1407/1407/1407 1406/1406/1406 
f 1432/1432/1432 1433/1433/1433 1406/1406/1406 
f 1434/1434/1434 1408/1408/1408 1407/1407/1407 
f 1433/1433/1433 1434/1434/1434 1407/1407/1407 
f 1435/1435/1435 1409/1409/1409 1408/1408/1408 
f 1434/1434/1434 1435/1435/1435 1408/1408/1408 
f 1436/1436/1436 1410/1410/1410 1409/1409/1409 
f 1435/1435/1435 1436/1436/1436 1409/1409/1409 
f 1437/1437/1437 1411/1411/1411 1410/1410/1410 
f 1436/1436/1436 1437/1437/1437 1410/1410/1410 
f 1438/1438/1438 1412/1412/1412 1411/1411/1411 
f 1437/1437/1437 1438/1438/1438 1411/1411/1411 
f 1439/1439/1439 1413/1413/1413 1412/1412/1412 
f 1438/1438/1438 1439/1439/1439 1412/1412/1412 
f 1440/1440/1440 1414/1414/1414 1413/1413/1413 
f 1439/1439/1439 1440/1440/1440 1413/1413/1413 
f 1441/1441/1441 1415/1415/1415 1414/1414/1414 
f 1440/1440/1440 1441/1441/1441 1414/1414/1414 
f 1442/1442/1442 1416/1416/1416 1415/1415/1415 
f 1441/1441/1441 1442/1442/1442 1415/1415/1415 
f 1417/1417/1417 1391/1391/1391 1416/1416/1416 
f 1442/1442/1442 1417/1417/1417 1416/1416/1416 
f 1444/1444/1444 1418/1418/1418 1417/1417/1417 
f 1443/1443/1443 1444/1444/1444 1417/1417/1417 
f 1445/1445/1445 1419/1419/1419 1418/1418/1418 
f 1444/1444/1444 1445/1445/1445 1418/1418/1418 
f 1446/1446/1446 1420/1420/1420 1419/1419/1419 
f 1445/1445/1445 1446/1446/1446 1419/1419/1419 
f 1447/1447/1447 1421/1421/1421 1420/1420/1420 
f 1446/1446/1446 1447/1447/1447 1420/1420/1420 
f 1448/1448/1448 1422/1422/1422 1421/1421/1421 
f 1447/1447/1447 1448/1448/1448 1421/1421/1421 
f 1449/1449/1449 1423/1423/1423 1422/1422/1422 
f 1448/1448/1448 1449/1449/1449 1422/1422/1422 
f 1450/1450/1450 1424/1424/1424 1423/1423/1423 
f 1449/1449/1449 1450/1450/1450 1423/1423/1423 
f 1451/1451/1451 1425/1425/1425 1424/1424/1424 
f 1450/1450/1450 1451/1451/1451 1424/1424/1424 
f 1452/1452/1452 1426/1426/1426 1425/1425/1425 
f 1451/1451/1451 1452/1452/1452 1425/1425/1425 
f 1453/1453/1453 1427/1427/1427 1426/1426/1426 
f 1452/1452/1452 1453/1453/1453 1426/1426/1426 
f 1454/1454/1454 1428/1428/1428 1427/1427/1427 
f 1453/1453/1453 1454/1454/1454 1427/1427/1427 
f 1455/1455/1455 1429/1429/1429 1428/1428/1428 
f 1454/1454/1454 1455/1455/1455 1428/1428/1428 
f 1456/1456/1456 1430/1430/1430 1429/1429/1429 
f 1455/1455/1455 1456/1456/1456 1429/1429/1429 
f 1457/1457/1457 1431/1431/1431 1430/1430/1430 
f 1456/1456/1456 1457/1457/1457 1430/1430/1430 
f 1458/1458/1458 1432/1432/1432 1431/1431/1431 
f 1457/1457/1457 1458/1458/1458 1431/1431/1431 
f 1459/1459/1459 1433/1433/1433 1432/1432/1432 
f 1458/1458/1458 1459/1459/1459 1432/1432/1432 
f 1460/1460/1460 1434/1434/1434 1433/1433/1433 
f 1459/1459/1459 1460/1460/1460 1433/1433/1433 
f 1461/1461/1461 1435/1435/1435 1434/1434/1434 
f 1460/1460/1460 1461/1461/1461 1434/1434/1434 
f 1462/1462/1462 1436/1436/1436 1435/1435/1435 
f 1461/1461/1461 1462/1462/1462 1435/1435/1435 
f 1463/1463/1463 1437/1437/1437 1436/1436/1436 
f 1462/1462/1462 1463/1463/1463 1436/1436/1436 
f 1464/1464/1464 1438/1438/1438 1437/1437/1437 
f 1463/1463/1463 1464/1464/1464 1437/1437/1437 
f 1465/1465/1465 1439/1439/1439 1438/1438/1438 
f 1464/1464/1464 1465/1465/1465 1438/1438/1438 
f 1466/1466/1466 1440/1440/1440 1439/1439/1439 
f 1465/1465/1465 1466/1466/1466 1439/1439/1439 
f 1467/1467/1467 1441/1441/1441 1440/1440/1440 
f 1466/1466/1466 1467/1467/1467 1440/1440/1440 
f 1468/1468/1468 1442/1442/1442 1441/1441/1441 
f 1467/1467/1467 1468/1468/1468 1441/1441/1441 
f 1443/1443/1443 1417/1417/1417 1442/1442/1442 
f 1468/1468/1468 1443/1443/1443 1442/1442/1442 
f 1470/1470/1470 1444/1444/1444 1443/1443/1443 
f 1469/1469/1469 1470/1470/1470 1443/1443/1443 
f 1471/1471/1471 1445/1445/1445 1444/1444/1444 
f 1470/1470/1470 1471/1471/1471 1444/1444/1444 
f 1472/1472/1472 1446/1446/1446 1445/1445/1445 
f 1471/1471/1471 1472/1472/1472 1445/1445/1445 
f 1473/1473/1473 1447/1447/1447 1446/1446/1446 
f 1472/1472/1472 1473/1473/1473 1446/1446/1446 
f 1474/1474/1474 1448/1448/1448 1447/1447/1447 
f 1473/1473/1473 1474/1474/1474 1447/1447/1447 
f 1475/1475/1475 1449/1449/1449 1448/1448/1448 
f 1474/1474/1474 1475/1475/1475 1448/1448/1448 
f 1476/1476/1476 1450/1450/1450 1449/1449/1449 
f 1475/1475/1475 1476/1476/1476 1449/1449/1449 
f 1477/1477/1477 1451/1451/1451 1450/1450/1450 
f 1476/1476/1476 1477/1477/1477 1450/1450/1450 
f 1478/1478/1478 1452/1452/1452 1451/1451/1451 
f 1477/1477/1477 1478/1478/1478 1451/1451/1451 
f 1479/1479/1479 1453/1453/1453 1452/1452/1452 
f 1478/1478/1478 1479/1479/1479 1452/1452/1452 
f 1480/1480/1480 1454/1454/1454 1453/1453/1453 
f 1479/1479/1479 1480/1480/1480 1453/1453/1453 
f 1481/1481/1481 1455/1455/1455 1454/1454/1454 
f 1480/1480/1480 1481/1481/1481 1454/1454/1454 
f 1482/1482/1482 1456/1456/1456 1455/1455/1455 
f 1481/1481/1481 1482/1482/1482 1455/1455/1455 
f 1483/1483/1483 1457/1457/1457 1456/1456/1456 
f 1482/1482/1482 1483/1483/1483 1456/1456/1456 
f 1484/1484/1484 1458/1458/1458 1457/1457/1457 
f 1483/1483/1483 1484/1484/1484 1457/1457/1457 
f 1485/1485/1485 1459/1459/1459 1458/1458/1458 
f 1484/1484/1484 1485/1485/1485 1458/1458/1458 
f 1486/1486/1486 1460/1460/1460 1459/1459/1459 
f 1485/1485/1485 1486/1486/1486 1459/1459/1459 
f 1487/1487/1487 1461/1461/1461 1460/1460/1460 
f 1486/1486/1486 1487/1487/1487 1460/1460/1460 
f 1488/1488/1488 1462/1462/1462 1461/1461/1461 
f 1487/1487/1487 1488/1488/1488 1461/1461/1461 
f 1489/1489/1489 1463/1463/1463 1462/1462/1462 
f 1488/1488/1488 1489/1489/1489 1462/1462/1462 
f 1490/1490/1490 1464/1464/1464 1463/1463/1463 
f 1489/1489/1489 1490/1490/1490 1463/1463/1463 
f 1491/1491/1491 1465/1465/1465 1464/1464/1464 
f 1490/1490/1490 1491/1491/1491 1464/1464/1464 
f 1492/1492/1492 1466/1466/1466 1465/1465/1465 
f 1491/1491/1491 1492/1492/1492 1465/1465/1465 
f 1493/1493/1493 1467/1467/1467 1466/1466/1466 
f 1492/1492/1492 1493/1493/1493 1466/1466/1466 
f 1494/1494/1494 1468/1468/1468 1467/1467/1467 
f 1493/1493/1493 1494/1494/1494 1467/1467/1467 
f 1469/1469/1469 1443/1443/1443 1468/1468/1468 
f 1494/1494/1494 1469/1469/1469 1468/1468/1468 
f 1496/1496/1496 1470/1470/1470 1469/1469/1469 
f 1495/1495/1495 1496/1496/1496 1469/1469/1469 
f 1497/1497/1497 1471/1471/1471 1470/1470/1470 
f 1496/1496/1496 1497/1497/1497 1470/1470/1470 
f 1498/1498/1498 1472/1472/1472 1471/1471/1471 
f 1497/1497/1497 1498/1498/1498 1471/1471/1471 
f 1499/1499/1499 1473/1473/1473 1472/1472/1472 
f 1498/1498/1498 1499/1499/1499 1472/1472/1472 
f 1500/1500/1500 1474/1474/1474 1473/1473/1473 
f 1499/1499/1499 1500/1500/1500 1473/1473/1473 
f 1501/1501/1501 1475/1475/1475 1474/1474/1474 
f 1500/1500/1500 1501/1501/1501 1474/1474/1474 
f 1502/1502/1502 1476/1476/1476 1475/1475/1475 
f 1501/1501/1501 1502/1502/1502 1475/1475/1475 
f 1503/1503/1503 1477/1477/1477 1476/1476/1476 
f 1502/1502/1502 1503/1503/1503 1476/1476/1476 
f 1504/1504/1504 1478/1478/1478 1477/1477/1477 
f 1503/1503/1503 1504/1504/1504 1477/1477/1477 
f 1505/1505/1505 1479/1479/1479 1478/1478/1478 
f 1504/1504/1504 1505/1505/1505 1478/1478/1478 
f 1506/1506/1506 1480/1480/1480 1479/1479/1479 
f 1505/1505/1505 1506/1506/1506 1479/1479/1479 
f 1507/1507/1507 1481/1481/1481 1480/1480/1480 
f 1506/1506/1506 1507/1507/1507 1480/1480/1480 
f 1508/1508/1508 1482/1482/1482 1481/1481/1481 
f 1507/1507/1507 1508/1508/1508 1481/1481/1481 
f 1509/1509/1509 1483/1483/1483 1482/1482/1482 
f 1508/1508/1508 1509/1509/1509 1482/1482/1482 
f 1510/1510/1510 1484/1484/1484 1483/1483/1483 
f 1509/1509/1509 1510/1510/1510 1483/1483/1483 
f 1511/1511/1511 1485/1485/1485 1484/1484/1484 
f 1510/1510/1510 1511/1511/1511 1484/1484/1484 
f 1512/1512/1512 1486/1486/1486 1485/1485/1485 
f 1511/1511/1511 1512/1512/1512 1485/1485/1485 
f 1513/1513/1513 1487/1487/1487 1486/1486/1486 
f 1512/1512/1512 1513/1513/1513 1486/1486/1486 
f 1514/1514/1514 1488/1488/1488 1487/1487/1487 
f 1513/1513/1513 1514/1514/1514 1487/1487/1487 
f 1515/1515/1515 1489/1489/1489 1488/1488/1488 
f 1514/1514/1514 1515/1515/1515 1488/1488/1488 
f 1516/1516/1516 1490/1490/1490 1489/1489/1489 
f 1515/1515/1515 1516/1516/1516 1489/1489/1489 
f 1517/1517/1517 1491/1491/1491 1490/1490/1490 
f 1516/1516/1516 1517/1517/1517 1490/1490/1490 
f 1518/1518/1518 1492/1492/1492 1491/1491/1491 
f 1517/1517/1517 1518/1518/1518 1491/1491/1491 
f 1519/1519/1519 1493/1493/1493 1492/1492/1492 
f 1518/1518/1518 1519/1519/1519 1492/1492/1492 
f 1520/1520/1520 1494/1494/1494 1493/1493/1493 
f 1519/1519/1519 1520/1520/1520 1493/1493/1493 
f 1495/1495/1495 1469/1469/1469 1494/1494/1494 
f 1520/1520/1520 1495/1495/1495 1494/1494/1494 
f 1522/1522/1522 1496/1496/1496 1495/1495/1495 
f 1521/1521/1521 1522/1522/1522 1495/1495/1495 
f 1523/1523/1523 1497/1497/1497 1496/1496/1496 
f 1522/1522/1522 1523/1523/1523 1496/1496/1496 
f 1524/1524/1524 1498/1498/1498 1497/1497/1497 
f 1523/1523/1523 1524/1524/1524 1497/1497/1497 
f 1525/1525/1525 1499/1499/1499 1498/1498/1498 
f 1524/1524/1524 1525/1525/1525 1498/1498/1498 
f 1526/1526/1526 1500/1500/1500 1499/1499/1499 
f 1525/1525/1525 1526/1526/1526 1499/1499/1499 
f 1527/1527/1527 1501/1501/1501 1500/1500/1500 
f 1526/1526/1526 1527/1527/1527 1500/1500/1500 
f 1528/1528/1528 1502/1502/1502 1501/1501/1501 
f 1527/1527/1527 1528/1528/1528 1501/1501/1501 
f 1529/1529/1529 1503/1503/1503 1502/1502/1502 
f 1528/1528/1528 1529/1529/1529 1502/1502/1502 
f 1530/1530/1530 1504/1504/1504 1503/1503/1503 
f 1529/1529/1529 1530/1530/1530 1503/1503/1503 
f 1531/1531/1531 1505/1505/1505 1504/1504/1504 
f 1530/1530/1530 1531/1531/1531 1504/1504/1504 
f 1532/1532/1532 1506/1506/1506 1505/1505/1505 
f 1531/1531/1531 1532/1532/1532 1505/1505/1505 
f 1533/1533/1533 1507/1507/1507 1506/1506/1506 
f 1532/1532/1532 1533/1533/1533 1506/1506/1506 
f 1534/1534/1534 1508/1508/1508 1507/1507/1507 
f 1533/1533/1533 1534/1534/1534 1507/1507/1507 
f 1535/1535/1535 1509/1509/1509 1508/1508/1508 
f 1534/1534/1534 1535/1535/1535 1508/1508/1508 
f 1536/1536/1536 1510/1510/1510 1509/1509/1509 
f 1535/1535/1535 1536/1536/1536 1509/1509/1509 
f 1537/1537/1537 1511/1511/1511 1510/1510/1510 
f 1536/1536/1536 1537/1537/1537 1510/1510/1510 
f 1538/1538/1538 1512/1512/1512 1511/1511/1511 
f 1537/1537/1537 1538/1538/1538 1511/1511/1511 
f 1539/1539/1539 1513/1513/1513 1512/1512/1512 
f 1538/1538/1538 1539/1539/1539 1512/1512/1512 
f 1540/1540/1540 1514/1514/1514 1513/1513/1513 
f 1539/1539/1539 1540/1540/1540 1513/1513/1513 
f 1541/1541/1541 1515/1515/1515 1514/1514/1514 
f 1540/1540/1540 1541/1541/1541 1514/1514/1514 
f 1542/1542/1542 1516/1516/1516 1515/1515/1515 
f 1541/1541/1541 1542/1542/1542 1515/1515/1515 
f 1543/1543/1543 1517/1517/1517 1516/1516/1516 
f 1542/1542/1542 1543/1543/1543 1516/1516/1516 
f 1544/1544/1544 1518/1518/1518 1517/1517/1517 
f 1543/1543/1543 1544/1544/1544 1517/1517/1517 
f 1545/1545/1545 1519/1519/1519 1518/1518/1518 
f 1544/1544/1544 1545/1545/1545 1518/1518/1518 
f 1546/1546/1546 1520/1520/1520 1519/1519/1519 
f 1545/1545/1545 1546/1546/1546 1519/1519/1519 
f 1521/1521/1521 1495/1495/1495 1520/1520/1520 
f 1546/1546/1546 1521/1521/1521 1520/1520/1520 
f 1548/1548/1548 1522/1522/1522 1521/1521/1521 
f 1547/1547/1547 1548/1548/1548 1521/1521/1521 
f 1549/1549/1549 1523/1523/1523 1522/1522/1522 
f 1548/1548/1548 1549/1549/1549 1522/1522/1522 
f 1550/1550/1550 1524/1524/1524 1523/1523/1523 
f 1549/1549/1549 1550/1550/1550 1523/1523/1523 
f 1551/1551/1551 1525/1525/1525 1524/1524/1524 
f 1550/1550/1550 1551/1551/1551 1524/1524/1524 
f 1552/1552/1552 1526/1526/1526 1525/1525/1525 
f 1551/1551/1551 1552/1552/1552 1525/1525/1525 
f 1553/1553/1553 1527/1527/1527 1526/1526/1526 
f 1552/1552/1552 1553/1553/1553 1526/1526/1526 
f 1554/1554/1554 1528/1528/1528 1527/1527/1527 
f 1553/1553/1553 1554/1554/1554 1527/1527/1527 
f 1555/1555/1555 1529/1529/1529 1528/1528/1528 
f 1554/1554/1554 1555/1555/1555 1528/1528/1528 
f 1556/1556/1556 1530/1530/1530 1529/1529/1529 
f 1555/1555/1555 1556/1556/1556 1529/1529/1529 
f 1557/1557/1557 1531/1531/1531 1530/1530/1530 
f 1556/1556/1556 1557/1557/1557 1530/1530/1530 
f 1558/1558/1558 1532/1532/1532 1531/1531/1531 
f 1557/1557/1557 1558/1558/1558 1531/1531/1531 
f 1559/1559/1559 1533/1533/1533 1532/1532/1532 
f 1558/1558/1558 1559/1559/1559 1532/1532/1532 
f 1560/1560/1560 1534/1534/1534 1533/1533/1533 
f 1559/1559/1559 1560/1560/1560 1533/1533/1533 
f 1561/1561/1561 1535/1535/1535 1534/1534/1534 
f 1560/1560/1560 1561/1561/1561 1534/1534/1534 
f 1562/1562/1562 1536/1536/1536 1535/1535/1535 
f 1561/1561/1561 1562/1562/1562 1535/1535/1535 
f 1563/1563/1563 1537/1537/1537 1536/1536/1536 
f 1562/1562/1562 1563/1563/1563 1536/1536/1536 
f 1564/1564/1564 1538/1538/1538 1537/1537/1537 
f 1563/1563/1563 1564/1564/1564 1537/1537/1537 
f 1565/1565/1565 1539/1539/1539 1538/1538/1538 
f 1564/1564/1564 1565/1565/1565 1538/1538/1538 
f 1566/1566/1566 1540/1540/1540 1539/1539/1539 
f 1565/1565/1565 1566/1566/1566 1539/1539/1539 
f 1567/1567/1567 1541/1541/1541 1540/1540/1540 
f 1566/1566/1566 1567/1567/1567 1540/1540/1540 
f 1568/1568/1568 1542/1542/1542 1541/1541/1541 
f 1567/1567/1567 1568/1568/1568 1541/1541/1541 
f 1569/1569/1569 1543/1543/1543 1542/1542/1542 
f 1568/1568/1568 1569/1569/1569 1542/1542/1542 
f 1570/1570/1570 1544/1544/1544 1543/1543/1543 
f 1569/1569/1569 1570/1570/1570 1543/1543/1543 
f 1571/1571/1571 1545/1545/1545 1544/1544/1544 
f 1570/1570/1570 1571/1571/1571 1544/1544/1544 
f 1572/1572/1572 1546/1546/1546 1545/1545/1545 
f 1571/1571/1571 1572/1572/1572 1545/1545/1545 
f 1547/1547/1547 1521/1521/1521 1546/1546/1546 
f 1572/1572/1572 1547/1547/1547 1546/1546/1546 
f 1574/1574/1574 1548/1548/1548 1547/1547/1547 
f 1573/1573/1573 1574/1574/1574 1547/1547/1547 
f 1575/1575/1575 1549/1549/1549 1548/1548/1548 
f 1574/1574/1574 1575/1575/1575 1548/1548/1548 
f 1576/1576/1576 1550/1550/1550 1549/1549/1549 
f 1575/1575/1575 1576/1576/1576 1549/1549/1549 
f 1577/1577/1577 1551/1551/1551 1550/1550/1550 
f 1576/1576/1576 1577/1577/1577 1550/1550/1550 
f 1578/1578/1578 1552/1552/1552 1551/1551/1551 
f 1577/1577/1577 1578/1578/1578 1551/1551/1551 
f 1579/1579/1579 1553/1553/1553 1552/1552/1552 
f 1578/1578/1578 1579/1579/1579 1552/1552/1552 
f 1580/1580/1580 1554/1554/1554 1553/1553/1553 
f 1579/1579/1579 1580/1580/1580 1553/1553/1553 
f 1581/1581/1581 1555/1555/1555 1554/1554/1554 
f 1580/1580/1580 1581/1581/1581 1554/1554/1554 
f 1582/1582/1582 1556/1556/1556 1555/1555/1555 
f 1581/1581/1581 1582/1582/1582 1555/1555/1555 
f 1583/1583/1583 1557/1557/1557 1556/1556/1556 
f 1582/1582/1582 1583/1583/1583 1556/1556/1556 
f 1584/1584/1584 1558/1558/1558 1557/1557/1557 
f 1583/1583/1583 1584/1584/1584 1557/1557/1557 
f 1585/1585/1585 1559/1559/1559 1558/1558/1558 
f 1584/1584/1584 1585/1585/1585 1558/1558/1558 
f 1586/1586/1586 1560/1560/1560 1559/1559/1559 
f 1585/1585/1585 1586/1586/1586 1559/1559/1559 
f 1587/1587/1587 1561/1561/1561 1560/1560/1560 
f 1586/1586/1586 1587/1587/1587 1560/1560/1560 
f 1588/1588/1588 1562/1562/1562 1561/1561/1561 
f 1587/1587/1587 1588/1588/1588 1561/1561/1561 
f 1589/1589/1589 1563/1563/1563 1562/1562/1562 
f 1588/1588/1588 1589/1589/1589 1562/1562/1562 
f 1590/1590/1590 1564/1564/1564 1563/1563/1563 
f 1589/1589/1589 1590/1590/1590 1563/1563/1563 
f 1591/1591/1591 1565/1565/1565 1564/1564/1564 
f 1590/1590/1590 1591/1591/1591 1564/1564/1564 
f 1592/1592/1592 1566/1566/1566 1565/1565/1565 
f 1591/1591/1591 1592/1592/1592 1565/1565/1565 
f 1593/1593/1593 1567/1567/1567 1566/1566/1566 
f 1592/1592/1592 1593/1593/1593 1566/1566/1566 
f 1594/1594/1594 1568/1568/1568 1567/1567/1567 
f 1593/1593/1593 1594/1594/1594 1567/1567/1567 
f 1595/1595/1595 1569/1569/1569 1568/1568/1568 
f 1594/1594/1594 1595/1595/1595 1568/1568/1568 
f 1596/1596/1596 1570/1570/1570 1569/1569/1569 
f 1595/1595/1595 1596/1596/1596 1569/1569/1569 
f 1597/1597/1597 1571/1571/1571 1570/1570/1570 
f 1596/1596/1596 1597/1597/1597 1570/1570/1570 
f 1598/1598/1598 1572/1572/1572 1571/1571/1571 
f 1597/1597/1597 1598/1598/1598 1571/1571/1571 
f 1573/1573/1573 1547/1547/1547 1572/1572/1572 
f 1598/1598/1598 1573/1573/1573 1572/1572/1572 
f 949/949/949 950/950/950 1599/1599/1599 
f 1574/1574/1574 1573/1573/1573 1600/1600/1600 
f 950/950/950 951/951/951 1599/1599/1599 
f 1575/1575/1575 1574/1574/1574 1600/1600/1600 
f 951/951/951 952/952/952 1599/1599/1599 
f 1576/1576/1576 1575/1575/1575 1600/1600/1600 
f 952/952/952 953/953/953 1599/1599/1599 
f 1577/1577/1577 1576/1576/1576 1600/1600/1600 
f 953/953/953 954/954/954 1599/1599/1599 
f 1578/1578/1578 1577/1577/1577 1600/1600/1600 
f 954/954/954 955/955/955 1599/1599/1599 
f 1579/1579/1579 1578/1578/1578 1600/1600/1600 
f 955/955/955 956/956/956 1599/1599/1599 
f 1580/1580/1580 1579/1579/1579 1600/1600/1600 
f 956/956/956 957/957/957 1599/1599/1599 
f 1581/1581/1581 1580/1580/1580 1600/1600/1600 
f 957/957/957 958/958/958 1599/1599/1599 
f 1582/1582/1582 1581/1581/1581 1600/1600/1600 
f 958/958/958 959/959/959 1599/1599/1599 
f 1583/1583/1583 1582/1582/1582 1600/1600/1600 
f 959/959/959 960/960/960 1599/1599/1599 
f 1584/1584/1584 1583/1583/1583 1600/1600/1600 
f 960/960/960 961/961/961 1599/1599/1599 
f 1585/1585/1585 1584/1584/1584 1600/1600/1600 
f 961/961/961 962/962/962 1599/1599/1599 
f 1586/1586/1586 1585/1585/1585 1600/1600/1600 
f 962/962/962 963/963/963 1599/1599/1599 
f 1587/1587/1587 1586/1586/1586 1600/1600/1600 
f 963/963/963 964/964/964 1599/1599/1599 
f 1588/1588/1588 1587/1587/1587 1600/1600/1600 
f 964/964/964 965/965/965 1599/1599/1599 
f 1589/1589/1589 1588/1588/1588 1600/1600/1600 
f 965/965/965 966/966/966 1599/1599/1599 
f 1590/1590/1590 1589/1589/1589 1600/1600/1600 
f 966/966/966 967/967/967 1599/1599/1599 
f 1591/1591/1591 1590/1590/1590 1600/1600/1600 
f 967/967/967 968/968/968 1599/1599/1599 
f 1592/1592/1592 1591/1591/1591 1600/1600/1600 
f 968/968/968 969/969/969 1599/1599/1599 
f 1593/1593/1593 1592/1592/1592 1600/1600/1600 
f 969/969/969 970/970/970 1599/1599/1599 
f 1594/1594/1594 1593/1593/1593 1600/1600/1600 
f 970/970/970 971/971/971 1599/1599/1599 
f 1595/1595/1595 1594/1594/1594 1600/1600/1600 
f 971/971/971 972/972/972 1599/1599/1599 
f 1596/1596/1596 1595/1595/1595 1600/1600/1600 
f 972/972/972 973/973/973 1599/1599/1599 
f 1597/1597/1597 1596/1596/1596 1600/1600/1600 
f 973/973/973 974/974/974 1599/1599/1599 
f 1598/1598/1598 1597/1597/1597 1600/1600/1600 
f 974/974/974 949/949/949 1599/1599/1599 
f 1573/1573/1573 1598/1598/1598 1600/1600/1600 

g s.0079
usemap Standard_5A3C20
usemtl Standard_5A3C20
v 1.669924 -2.167535 1.26373
v 1.678628 -2.166359 1.266735
v 1.676002 -2.166751 1.270702
v 1.671814 -2.167628 1.272818
v 1.667185 -2.168755 1.272516
v 1.663356 -2.169831 1.269875
v 1.661353 -2.170568 1.265605
v 1.661713 -2.170767 1.260849
v 1.664338 -2.170375 1.256881
v 1.668527 -2.169498 1.254766
v 1.673156 -2.16837 1.255068
v 1.676985 -2.167295 1.257708
v 1.678988 -2.166558 1.261979
v 1.695258 -2.170088 1.272344
v 1.688034 -2.171165 1.283259
v 1.676511 -2.173578 1.28908
v 1.663776 -2.17668 1.288247
v 1.653242 -2.179641 1.280983
v 1.647731 -2.181666 1.269235
v 1.64872 -2.182213 1.25615
v 1.655944 -2.181136 1.245235
v 1.667467 -2.178723 1.239413
v 1.680202 -2.175621 1.240246
v 1.690737 -2.172661 1.24751
v 1.696247 -2.170636 1.259259
v 1.708919 -2.181141 1.276775
v 1.698477 -2.182697 1.292553
v 1.681821 -2.186185 1.300967
v 1.663413 -2.190669 1.299763
v 1.648187 -2.194948 1.289263
v 1.640221 -2.197875 1.272282
v 1.641651 -2.198667 1.253368
v 1.652093 -2.19711 1.23759
v 1.66875 -2.193622 1.229176
v 1.687157 -2.189138 1.23038
v 1.702384 -2.184859 1.24088
v 1.710349 -2.181932 1.257861
v 1.716729 -2.197328 1.279091
v 1.705139 -2.199056 1.296604
v 1.686651 -2.202927 1.305943
v 1.666218 -2.207905 1.304607
v 1.649317 -2.212654 1.292952
v 1.640476 -2.215904 1.274103
v 1.642063 -2.216782 1.253109
v 1.653653 -2.215054 1.235596
v 1.672142 -2.211183 1.226257
v 1.692574 -2.206206 1.227593
v 1.709475 -2.201456 1.239247
v 1.718316 -2.198207 1.258097
v 1.721465 -2.217088 1.280275
v 1.709875 -2.218816 1.297788
v 1.691386 -2.222687 1.307128
v 1.670954 -2.227664 1.305791
v 1.654053 -2.232414 1.294137
v 1.645212 -2.235663 1.275288
v 1.646799 -2.236542 1.254294
v 1.658389 -2.234814 1.236781
v 1.676877 -2.230943 1.227442
v 1.69731 -2.225965 1.228778
v 1.714211 -2.221216 1.240432
v 1.723052 -2.217967 1.259282
v 1.721465 -2.217088 1.280275
v 1.729483 -2.257655 1.280199
v 1.718105 -2.260198 1.297752
v 1.699566 -2.263702 1.307135
v 1.678831 -2.267228 1.305834
v 1.661459 -2.269831 1.294196
v 1.652102 -2.270815 1.275341
v 1.653269 -2.269915 1.254321
v 1.664646 -2.267372 1.236767
v 1.683186 -2.263869 1.227384
v 1.70392 -2.260342 1.228686
v 1.721292 -2.257739 1.240324
v 1.730649 -2.256755 1.259179
v 1.729483 -2.257655 1.280199
v 1.73817 -2.313457 1.277629
v 1.726681 -2.316295 1.295064
v 1.708033 -2.319651 1.304286
v 1.687223 -2.322625 1.302822
v 1.669828 -2.324421 1.291067
v 1.660507 -2.324557 1.272169
v 1.661759 -2.322997 1.251192
v 1.673248 -2.320159 1.233757
v 1.691896 -2.316803 1.224536
v 1.712706 -2.313829 1.225999
v 1.730101 -2.312033 1.237755
v 1.739422 -2.311897 1.256653
v 1.73817 -2.313457 1.277629
v 1.757119 -2.458223 1.267372
v 1.745016 -2.461267 1.284351
v 1.726009 -2.464416 1.292886
v 1.705191 -2.466825 1.290691
v 1.688139 -2.467849 1.278353
v 1.679423 -2.467213 1.259178
v 1.681379 -2.465088 1.238305
v 1.693482 -2.462043 1.221326
v 1.712489 -2.458894 1.212791
v 1.733307 -2.456486 1.214986
v 1.750358 -2.455462 1.227324
v 1.759074 -2.456098 1.246499
v 1.757119 -2.458223 1.267372
v 1.788521 -2.759976 1.243721
v 1.774214 -2.762713 1.258948
v 1.754152 -2.765149 1.264913
v 1.733709 -2.766632 1.260019
v 1.718365 -2.766765 1.245577
v 1.712231 -2.765512 1.225457
v 1.716949 -2.763208 1.20505
v 1.731256 -2.760471 1.189823
v 1.751319 -2.758035 1.183858
v 1.771761 -2.756552 1.188752
v 1.787105 -2.756419 1.203194
v 1.79324 -2.757673 1.223314
v 1.788521 -2.759976 1.243721
v 1.79228 -2.81304 1.240624
v 1.777292 -2.815437 1.25524
v 1.756952 -2.817457 1.260361
v 1.736709 -2.818559 1.254612
v 1.721988 -2.818448 1.239536
v 1.716733 -2.817153 1.219171
v 1.722352 -2.815022 1.198974
v 1.73734 -2.812625 1.184357
v 1.757681 -2.810605 1.179237
v 1.777923 -2.809503 1.184985
v 1.792645 -2.809614 1.200062
v 1.7979 -2.810909 1.220427
v 1.79228 -2.81304 1.240624
v 1.793926 -2.853061 1.238956
v 1.778251 -2.854915 1.252916
v 1.757653 -2.856243 1.257157
v 1.737651 -2.856688 1.250542
v 1.723605 -2.856131 1.234844
v 1.719278 -2.854722 1.214269
v 1.72583 -2.852838 1.194331
v 1.741506 -2.850983 1.180371
v 1.762104 -2.849655 1.17613
v 1.782106 -2.84921 1.182745
v 1.796152 -2.849767 1.198443
v 1.800478 -2.851176 1.219018
v 1.793926 -2.853061 1.238956
v 1.793489 -2.881295 1.238237
v 1.77719 -2.881991 1.251575
v 1.756402 -2.881786 1.255013
v 1.736694 -2.880735 1.24763
v 1.723346 -2.879119 1.231405
v 1.719937 -2.877372 1.210684
v 1.727378 -2.875962 1.19102
v 1.743677 -2.875265 1.177682
v 1.764466 -2.87547 1.174244
v 1.784174 -2.876522 1.181627
v 1.797521 -2.878137 1.197853
v 1.800931 -2.879884 1.218573
v 1.793489 -2.881295 1.238237
v 1.792393 -2.892434 1.237859
v 1.775959 -2.891768 1.251032
v 1.755238 -2.889716 1.25427
v 1.735784 -2.886826 1.246706
v 1.722808 -2.883873 1.230368
v 1.719788 -2.881649 1.209632
v 1.727533 -2.880748 1.190056
v 1.743967 -2.881414 1.176884
v 1.764687 -2.883466 1.173646
v 1.784142 -2.886356 1.181209
v 1.797117 -2.889309 1.197547
v 1.800137 -2.891534 1.218283
v 1.792393 -2.892434 1.237859
v 1.791434 -2.898314 1.237354
v 1.775174 -2.896381 1.250617
v 1.754726 -2.89257 1.253986
v 1.735567 -2.887901 1.246557
v 1.722832 -2.883625 1.230322
v 1.719934 -2.880888 1.209631
v 1.727648 -2.880424 1.190027
v 1.743907 -2.882356 1.176764
v 1.764356 -2.886168 1.173395
v 1.783515 -2.890837 1.180823
v 1.796249 -2.895113 1.197058
v 1.799148 -2.897849 1.21775
v 1.791434 -2.898314 1.237354
v 1.789598 -2.906065 1.235914
v 1.774194 -2.901979 1.2497
v 1.754718 -2.895044 1.253776
v 1.736388 -2.887119 1.247051
v 1.724115 -2.880328 1.231325
v 1.721188 -2.87649 1.210814
v 1.728392 -2.876634 1.191012
v 1.743795 -2.880721 1.177225
v 1.763272 -2.887655 1.173149
v 1.781602 -2.89558 1.179874
v 1.793875 -2.902371 1.1956
v 1.796801 -2.906209 1.216112
v 1.789598 -2.906065 1.235914
v 1.787641 -2.911732 1.23411
v 1.773434 -2.906078 1.248609
v 1.755272 -2.896662 1.253664
v 1.738023 -2.88601 1.247919
v 1.726307 -2.876973 1.232916
v 1.723264 -2.871975 1.212672
v 1.72971 -2.872354 1.192614
v 1.743917 -2.878008 1.178115
v 1.762078 -2.887423 1.17306
v 1.779328 -2.898076 1.178805
v 1.791044 -2.907113 1.193809
v 1.794086 -2.912111 1.214052
v 1.787641 -2.911732 1.23411
v 1.783564 -2.919582 1.230262
v 1.771829 -2.91232 1.246186
v 1.756475 -2.899758 1.25329
v 1.741616 -2.885261 1.24967
v 1.731235 -2.872714 1.236297
v 1.728113 -2.865479 1.216754
v 1.733086 -2.865495 1.196277
v 1.744821 -2.872757 1.180354
v 1.760175 -2.885319 1.17325
v 1.775033 -2.899816 1.176869
v 1.785415 -2.912363 1.190242
v 1.788537 -2.919598 1.209785
v 1.783564 -2.919582 1.230262
v 1.77442 -2.929014 1.221956
v 1.767015 -2.921798 1.240317
v 1.757179 -2.906822 1.251408
v 1.747548 -2.888099 1.252257
v 1.740703 -2.870646 1.242637
v 1.738477 -2.859138 1.225125
v 1.741467 -2.856661 1.204414
v 1.748872 -2.863877 1.186053
v 1.758708 -2.878853 1.174962
v 1.768339 -2.897576 1.174113
v 1.775184 -2.915029 1.183733
v 1.77741 -2.926536 1.201244
v 1.77442 -2.929014 1.221956
v 1.758707 -2.933389 1.208683
v 1.755099 -2.93025 1.229205
v 1.752142 -2.917113 1.245414
v 1.75063 -2.897499 1.252966
v 1.750967 -2.876663 1.249837
v 1.753063 -2.860189 1.236867
v 1.756356 -2.85249 1.21753
v 1.759964 -2.855629 1.197008
v 1.76292 -2.868766 1.1808
v 1.764433 -2.88838 1.173248
v 1.764096 -2.909216 1.176376
v 1.762 -2.92569 1.189346
v 1.758707 -2.933389 1.208683
v 1.744542 -2.928402 1.19769
v 1.740872 -2.929798 1.218393
v 1.741547 -2.921292 1.237661
v 1.746386 -2.905165 1.25033
v 1.754094 -2.885736 1.253006
v 1.762603 -2.868213 1.244972
v 1.769635 -2.85729 1.22838
v 1.773305 -2.855894 1.207677
v 1.77263 -2.8644 1.18841
v 1.76779 -2.880527 1.175741
v 1.760083 -2.899956 1.173065
v 1.751574 -2.91748 1.181099
v 1.744542 -2.928402 1.19769
v 1.736649 -2.92124 1.192094
v 1.731451 -2.924548 1.212245
v 1.732995 -2.919284 1.23259
v 1.740869 -2.906859 1.247678
v 1.752961 -2.890601 1.253466
v 1.766033 -2.874868 1.248403
v 1.77658 -2.863875 1.233846
v 1.781778 -2.860567 1.213695
v 1.780234 -2.86583 1.19335
v 1.77236 -2.878256 1.178261
v 1.760268 -2.894513 1.172473
v 1.747196 -2.910246 1.177536
v 1.736649 -2.92124 1.192094
v 1.732532 -2.915524 1.18943
v 1.726102 -2.919322 1.209135
v 1.727714 -2.915818 1.229851
v 1.736933 -2.905952 1.246028
v 1.751292 -2.892367 1.25333
v 1.766941 -2.878704 1.249802
v 1.779688 -2.868623 1.236389
v 1.786117 -2.864825 1.216684
v 1.784506 -2.868329 1.195968
v 1.775286 -2.878195 1.179792
v 1.760928 -2.89178 1.172489
v 1.745279 -2.905444 1.176017
v 1.732532 -2.915524 1.18943
v 1.730125 -2.911203 1.188011
v 1.722873 -2.915024 1.207424
v 1.724383 -2.912513 1.228291
v 1.73425 -2.904344 1.245022
v 1.749832 -2.892706 1.253134
v 1.766952 -2.880717 1.250453
v 1.781023 -2.871588 1.237697
v 1.788275 -2.867768 1.218285
v 1.786765 -2.870278 1.197417
v 1.776898 -2.878447 1.180686
v 1.761317 -2.890085 1.172575
v 1.744197 -2.902075 1.175256
v 1.730125 -2.911203 1.188011
v 1.727296 -2.904805 1.186555
v 1.719079 -2.908381 1.205627
v 1.72033 -2.906887 1.226608
v 1.730712 -2.900723 1.243878
v 1.747445 -2.891542 1.252808
v 1.766044 -2.881802 1.251006
v 1.781526 -2.874115 1.238955
v 1.789742 -2.870538 1.219883
v 1.788492 -2.872032 1.198902
v 1.778109 -2.878196 1.181632
v 1.761377 -2.887378 1.172702
v 1.742778 -2.897117 1.174503
v 1.727296 -2.904805 1.186555
v 1.725399 -2.899564 1.185755
v 1.716626 -2.902886 1.204624
v 1.717633 -2.901886 1.225648
v 1.72815 -2.896831 1.243194
v 1.745359 -2.889075 1.252561
v 1.764648 -2.880698 1.251238
v 1.78085 -2.873943 1.239581
v 1.789623 -2.87062 1.220712
v 1.788616 -2.871621 1.199688
v 1.778099 -2.876676 1.182142
v 1.76089 -2.884431 1.172775
v 1.741601 -2.892809 1.174098
v 1.725399 -2.899564 1.185755
v 1.722208 -2.889168 1.184727
v 1.712746 -2.892126 1.203321
v 1.713316 -2.89158 1.224378
v 1.723765 -2.887676 1.242256
v 1.741292 -2.88146 1.252164
v 1.761203 -2.874597 1.251447
v 1.778161 -2.868927 1.240297
v 1.787622 -2.865969 1.221703
v 1.787052 -2.866515 1.200646
v 1.776604 -2.87042 1.182768
v 1.759076 -2.876636 1.17286
v 1.739165 -2.883498 1.173577
v 1.722208 -2.889168 1.184727
v 1.715316 -2.862568 1.183231
v 1.705 -2.865105 1.201429
v 1.704822 -2.864823 1.222498
v 1.71483 -2.861799 1.240793
v 1.732343 -2.856842 1.251412
v 1.752668 -2.851282 1.251509
v 1.770359 -2.846606 1.241059
v 1.780675 -2.84407 1.222861
v 1.780853 -2.844352 1.201791
v 1.770844 -2.847376 1.183496
v 1.753331 -2.852333 1.172877
v 1.733006 -2.857893 1.17278
v 1.715316 -2.862568 1.183231
v 1.706653 -2.82551 1.181765
v 1.695755 -2.827766 1.199659
v 1.694983 -2.827485 1.220715
v 1.704545 -2.824741 1.239292
v 1.721877 -2.820271 1.250411
v 1.742336 -2.815272 1.251094
v 1.760439 -2.811083 1.241157
v 1.771337 -2.808827 1.223264
v 1.772109 -2.809108 1.202208
v 1.762547 -2.811852 1.183631
v 1.745215 -2.816322 1.172512
v 1.724756 -2.821321 1.171829
v 1.706653 -2.82551 1.181765
v 1.656171 -2.594859 1.17308
v 1.644681 -2.596541 1.190663
v 1.643283 -2.59591 1.21168
v 1.652351 -2.593135 1.230497
v 1.669456 -2.58896 1.242074
v 1.690015 -2.584504 1.243308
v 1.708518 -2.580959 1.233868
v 1.720008 -2.579277 1.216285
v 1.721406 -2.579908 1.195269
v 1.712337 -2.582683 1.176451
v 1.695233 -2.586858 1.164874
v 1.674674 -2.591314 1.16364
v 1.656171 -2.594859 1.17308
v 1.628001 -2.468077 1.167567
v 1.617042 -2.469383 1.185517
v 1.616273 -2.468314 1.206548
v 1.6259 -2.465157 1.225024
v 1.643344 -2.460757 1.235995
v 1.663931 -2.456294 1.236522
v 1.682145 -2.452963 1.226462
v 1.693105 -2.451657 1.208512
v 1.693874 -2.452726 1.187481
v 1.684247 -2.455883 1.169005
v 1.666802 -2.460283 1.158033
v 1.646215 -2.464746 1.157507
v 1.628001 -2.468077 1.167567
v 1.603373 -2.364473 1.162019
v 1.593444 -2.365053 1.180597
v 1.593842 -2.363061 1.201571
v 1.604458 -2.35903 1.219321
v 1.622449 -2.354041 1.229092
v 1.642994 -2.34943 1.228264
v 1.660587 -2.346433 1.217061
v 1.670516 -2.345853 1.198484
v 1.670118 -2.347846 1.17751
v 1.659502 -2.351876 1.15976
v 1.641511 -2.356865 1.149989
v 1.620966 -2.361476 1.150816
v 1.603373 -2.364473 1.162019
v 1.593698 -2.328423 1.159474
v 1.58443 -2.32832 1.178398
v 1.585527 -2.325415 1.19924
v 1.596696 -2.320487 1.216416
v 1.614944 -2.314856 1.225322
v 1.635382 -2.310031 1.223574
v 1.652533 -2.307305 1.211639
v 1.661801 -2.307408 1.192715
v 1.660704 -2.310313 1.171873
v 1.649534 -2.315241 1.154697
v 1.631286 -2.320872 1.145791
v 1.610849 -2.325697 1.147539
v 1.593698 -2.328423 1.159474
v 1.586152 -2.304433 1.157235
v 1.577507 -2.303191 1.176412
v 1.579186 -2.298692 1.196929
v 1.590738 -2.292141 1.21329
v 1.609069 -2.285294 1.221109
v 1.629266 -2.279985 1.218292
v 1.645917 -2.277638 1.205594
v 1.654562 -2.27888 1.186417
v 1.652883 -2.283379 1.1659
v 1.641331 -2.28993 1.149539
v 1.623 -2.296777 1.14172
v 1.602803 -2.302085 1.144537
v 1.586152 -2.304433 1.157235
v 1.583422 -2.297379 1.156367
v 1.574942 -2.295215 1.175536
v 1.576682 -2.289374 1.195707
v 1.588176 -2.281421 1.211476
v 1.606344 -2.273486 1.218617
v 1.626318 -2.267697 1.215217
v 1.642746 -2.265603 1.202188
v 1.651225 -2.267767 1.183019
v 1.649485 -2.273608 1.162848
v 1.637991 -2.281562 1.147079
v 1.619823 -2.289496 1.139937
v 1.59985 -2.295286 1.143337
v 1.583422 -2.297379 1.156367
v 1.581959 -2.294366 1.155964
v 1.57329 -2.290829 1.174842
v 1.574586 -2.2829 1.194322
v 1.585501 -2.272704 1.209185
v 1.603111 -2.262973 1.21545
v 1.622696 -2.256314 1.211436
v 1.639009 -2.254511 1.198219
v 1.647679 -2.258049 1.179342
v 1.646382 -2.265977 1.159862
v 1.635467 -2.276173 1.144998
v 1.617857 -2.285905 1.138734
v 1.598272 -2.292564 1.142748
v 1.581959 -2.294366 1.155964
v 1.582149 -2.294789 1.156172
v 1.573069 -2.290326 1.174656
v 1.573698 -2.280906 1.193495
v 1.583868 -2.269053 1.207641
v 1.600855 -2.257943 1.213303
v 1.620105 -2.250553 1.208965
v 1.636463 -2.248863 1.195789
v 1.645543 -2.253326 1.177305
v 1.644914 -2.262746 1.158466
v 1.634744 -2.274599 1.14432
v 1.617757 -2.285709 1.138658
v 1.598507 -2.293099 1.142996
v 1.582149 -2.294789 1.156172
v 1.583575 -2.296854 1.156986
v 1.573646 -2.291327 1.174731
v 1.572977 -2.280036 1.19251
v 1.581746 -2.266005 1.205558
v 1.597605 -2.252994 1.21038
v 1.616304 -2.244489 1.205683
v 1.632832 -2.24277 1.192726
v 1.642761 -2.248297 1.17498
v 1.643431 -2.259588 1.157201
v 1.634661 -2.273619 1.144153
v 1.618802 -2.28663 1.139331
v 1.600104 -2.295134 1.144029
v 1.583575 -2.296854 1.156986
v 1.585058 -2.298575 1.157787
v 1.574448 -2.292528 1.174959
v 1.572742 -2.280183 1.191951
v 1.580397 -2.26485 1.204211
v 1.595363 -2.250635 1.208453
v 1.613629 -2.241348 1.20354
v 1.630301 -2.239478 1.19079
v 1.640912 -2.245525 1.173618
v 1.642618 -2.257869 1.156626
v 1.634963 -2.273203 1.144366
v 1.619997 -2.287418 1.140124
v 1.60173 -2.296705 1.145037
v 1.585058 -2.298575 1.157787
v 1.587317 -2.300731 1.158996
v 1.575795 -2.294265 1.175411
v 1.572681 -2.280865 1.191373
v 1.578809 -2.264122 1.202604
v 1.592537 -2.248521 1.206094
v 1.610188 -2.238244 1.20091
v 1.62703 -2.236043 1.188439
v 1.638552 -2.24251 1.172024
v 1.641666 -2.25591 1.156062
v 1.635538 -2.272653 1.144832
v 1.62181 -2.288254 1.141341
v 1.604159 -2.298531 1.146525
v 1.587317 -2.300731 1.158996
v 1.590608 -2.303182 1.160757
v 1.577922 -2.296538 1.176215
v 1.572943 -2.282218 1.19085
v 1.577005 -2.26406 1.20074
v 1.589019 -2.246929 1.203236
v 1.605766 -2.235416 1.197669
v 1.62276 -2.232605 1.18553
v 1.635446 -2.23925 1.170072
v 1.640425 -2.25357 1.155437
v 1.636364 -2.271728 1.145547
v 1.624349 -2.288858 1.143051
v 1.607602 -2.300372 1.148618
v 1.590608 -2.303182 1.160757
v 1.59517 -2.305592 1.163205
v 1.58111 -2.299204 1.177542
v 1.573777 -2.284333 1.190546
v 1.575134 -2.264963 1.198732
v 1.584818 -2.246285 1.199907
v 1.600235 -2.233304 1.193756
v 1.617253 -2.229497 1.181927
v 1.631312 -2.235885 1.167589
v 1.638646 -2.250756 1.154585
v 1.637288 -2.270126 1.146399
v 1.627604 -2.288803 1.145225
v 1.612188 -2.301785 1.151376
v 1.59517 -2.305592 1.163205
v 1.601043 -2.307381 1.166366
v 1.585567 -2.301867 1.179561
v 1.575499 -2.287101 1.190726
v 1.573539 -2.26704 1.196869
v 1.58021 -2.247059 1.196344
v 1.593726 -2.232512 1.189293
v 1.610465 -2.227296 1.177603
v 1.625942 -2.23281 1.164409
v 1.636009 -2.247576 1.153244
v 1.63797 -2.267637 1.147101
v 1.631298 -2.287618 1.147625
v 1.617782 -2.302165 1.154677
v 1.601043 -2.307381 1.166366
v 1.607846 -2.307881 1.170022
v 1.59119 -2.303868 1.18229
v 1.578319 -2.290051 1.191641
v 1.57268 -2.270131 1.195568
v 1.575786 -2.249445 1.193019
v 1.586803 -2.233537 1.184677
v 1.60278 -2.226669 1.172778
v 1.619436 -2.230681 1.160509
v 1.632307 -2.244499 1.151159
v 1.637946 -2.264419 1.147232
v 1.63484 -2.285105 1.149781
v 1.623823 -2.301013 1.158122
v 1.607846 -2.307881 1.170022
v 1.614739 -2.306745 1.173688
v 1.597396 -2.304587 1.18546
v 1.58206 -2.292453 1.193307
v 1.57284 -2.273592 1.195126
v 1.572207 -2.25306 1.190431
v 1.580331 -2.236357 1.180478
v 1.595034 -2.22796 1.167935
v 1.612378 -2.230118 1.156163
v 1.627714 -2.242252 1.148316
v 1.636933 -2.261113 1.146497
v 1.637566 -2.281645 1.151192
v 1.629442 -2.298348 1.161145
v 1.614739 -2.306745 1.173688
v 1.620829 -2.304256 1.17684
v 1.603335 -2.303884 1.188582
v 1.586147 -2.293781 1.195403
v 1.57387 -2.276656 1.195477
v 1.569793 -2.257096 1.188782
v 1.575009 -2.240342 1.177114
v 1.58812 -2.230885 1.163599
v 1.605614 -2.231257 1.151857
v 1.622802 -2.241359 1.145036
v 1.63508 -2.258485 1.144962
v 1.639157 -2.278045 1.151657
v 1.633941 -2.294798 1.163325
v 1.620829 -2.304256 1.17684
v 1.625633 -2.301108 1.17919
v 1.608373 -2.302159 1.191231
v 1.589961 -2.294038 1.197483
v 1.575332 -2.27892 1.19627
v 1.568405 -2.260857 1.187917
v 1.571036 -2.244689 1.174662
v 1.58252 -2.234747 1.160057
v 1.599781 -2.233696 1.148016
v 1.618193 -2.241817 1.141765
v 1.632822 -2.256935 1.142978
v 1.639749 -2.274997 1.151331
v 1.637118 -2.291166 1.164585
v 1.625633 -2.301108 1.17919
v 1.629148 -2.297954 1.180731
v 1.612305 -2.300001 1.193227
v 1.593155 -2.293586 1.199238
v 1.576828 -2.280429 1.197153
v 1.567699 -2.264055 1.187531
v 1.568215 -2.248851 1.17295
v 1.578237 -2.238891 1.157317
v 1.59508 -2.236844 1.144821
v 1.614231 -2.243259 1.13881
v 1.630558 -2.256416 1.140895
v 1.639686 -2.272791 1.150517
v 1.63917 -2.287994 1.165098
v 1.629148 -2.297954 1.180731
v 1.631616 -2.295183 1.181607
v 1.615238 -2.297869 1.194591
v 1.595667 -2.292835 1.200562
v 1.578147 -2.281429 1.197921
v 1.567372 -2.266707 1.187376
v 1.56623 -2.252614 1.171752
v 1.575027 -2.242927 1.155235
v 1.591405 -2.24024 1.142251
v 1.610976 -2.245275 1.13628
v 1.628496 -2.256681 1.138921
v 1.639271 -2.271403 1.149466
v 1.640413 -2.285496 1.16509
v 1.631616 -2.295183 1.181607
v 1.633319 -2.292948 1.181988
v 1.617386 -2.296022 1.195431
v 1.597589 -2.292077 1.201474
v 1.579231 -2.282169 1.198498
v 1.567233 -2.268952 1.187301
v 1.564808 -2.255969 1.170881
v 1.572607 -2.246699 1.15364
v 1.588539 -2.243624 1.140197
v 1.608337 -2.24757 1.134153
v 1.626694 -2.257478 1.137129
v 1.638693 -2.270694 1.148327
v 1.641118 -2.283677 1.164746
v 1.633319 -2.292948 1.181988
v 1.63529 -2.290107 1.18179
v 1.620117 -2.293523 1.196008
v 1.600166 -2.29111 1.202343
v 1.580781 -2.283513 1.199097
v 1.567157 -2.272768 1.18714
v 1.562944 -2.261754 1.169677
v 1.569272 -2.253422 1.151385
v 1.584445 -2.250005 1.137168
v 1.604397 -2.252419 1.130833
v 1.623782 -2.260016 1.134079
v 1.637406 -2.270761 1.146035
v 1.641618 -2.281775 1.163499
v 1.63529 -2.290107 1.18179
v 1.636216 -2.289114 1.180858
v 1.621645 -2.292599 1.195676
v 1.601716 -2.291165 1.202368
v 1.581767 -2.285195 1.199139
v 1.567144 -2.276288 1.186856
v 1.561765 -2.266833 1.168809
v 1.567072 -2.259361 1.149834
v 1.581642 -2.255875 1.135016
v 1.601572 -2.257309 1.128325
v 1.621521 -2.26328 1.131553
v 1.636144 -2.272186 1.143836
v 1.641523 -2.281642 1.161883
v 1.636216 -2.289114 1.180858
v 1.636797 -2.291157 1.177987
v 1.623154 -2.294534 1.193687
v 1.603437 -2.294217 1.201114
v 1.582929 -2.290291 1.198279
v 1.567126 -2.283807 1.18594
v 1.560261 -2.276502 1.167405
v 1.564175 -2.270335 1.14764
v 1.577818 -2.266958 1.13194
v 1.597535 -2.267274 1.124513
v 1.618043 -2.271201 1.127348
v 1.633846 -2.277685 1.139686
v 1.640711 -2.284989 1.158222
v 1.636797 -2.291157 1.177987
v 1.636553 -2.305861 1.170743
v 1.624356 -2.308907 1.187655
v 1.605239 -2.309509 1.196497
v 1.584323 -2.307504 1.194902
v 1.567213 -2.30343 1.183296
v 1.558495 -2.298379 1.164789
v 1.560502 -2.293705 1.144341
v 1.572699 -2.290658 1.127429
v 1.591817 -2.290057 1.118587
v 1.612732 -2.292062 1.120182
v 1.629842 -2.296135 1.131788
v 1.638561 -2.301186 1.150295
v 1.636553 -2.305861 1.170743
v 1.635888 -2.330555 1.162688
v 1.625016 -2.333337 1.180523
v 1.606593 -2.334262 1.190709
v 1.585555 -2.333081 1.190517
v 1.567539 -2.330112 1.179998
v 1.557373 -2.326149 1.161971
v 1.557781 -2.322255 1.141266
v 1.568653 -2.319473 1.123431
v 1.587076 -2.318548 1.113245
v 1.608114 -2.319729 1.113437
v 1.62613 -2.322698 1.123956
v 1.636296 -2.326661 1.141983
v 1.635888 -2.330555 1.162688
v 1.634954 -2.36312 1.154196
v 1.625399 -2.365686 1.172801
v 1.607745 -2.366724 1.18426
v 1.586724 -2.365955 1.185503
v 1.567968 -2.363587 1.176197
v 1.556501 -2.360252 1.158835
v 1.555398 -2.356846 1.138069
v 1.564953 -2.35428 1.119465
v 1.582606 -2.353242 1.108005
v 1.603628 -2.35401 1.106762
v 1.622384 -2.356379 1.116068
v 1.63385 -2.359713 1.13343
v 1.634954 -2.36312 1.154196
v 1.63367 -2.402039 1.145606
v 1.62541 -2.404394 1.164848
v 1.608575 -2.405434 1.177478
v 1.587675 -2.404881 1.180112
v 1.568312 -2.402882 1.172045
v 1.555673 -2.399974 1.155437
v 1.553144 -2.396935 1.134739
v 1.561404 -2.39458 1.115497
v 1.578239 -2.39354 1.102867
v 1.599139 -2.394093 1.100232
v 1.618502 -2.396092 1.1083
v 1.631142 -2.399 1.124908
v 1.63367 -2.402039 1.145606
v 1.62969 -2.493959 1.129489
v 1.623736 -2.495842 1.149614
v 1.608488 -2.496629 1.164137
v 1.588031 -2.496111 1.169164
v 1.567847 -2.494426 1.163351
v 1.553344 -2.492026 1.148253
v 1.548409 -2.489554 1.127917
v 1.554363 -2.487671 1.107791
v 1.569611 -2.486884 1.093269
v 1.590068 -2.487401 1.088241
v 1.610252 -2.489086 1.094055
v 1.624755 -2.491487 1.109153
v 1.62969 -2.493959 1.129489
v 1.623335 -2.596936 1.116936
v 1.618906 -2.598197 1.137499
v 1.604798 -2.598382 1.15315
v 1.58479 -2.597439 1.159695
v 1.564245 -2.595623 1.155381
v 1.548666 -2.59342 1.141364
v 1.542229 -2.591419 1.1214
v 1.546658 -2.590158 1.100837
v 1.560766 -2.589974 1.085186
v 1.580774 -2.590916 1.07864
v 1.601319 -2.592732 1.082954
v 1.616898 -2.594936 1.096972
v 1.623335 -2.596936 1.116936
v 1.619092 -2.649755 1.11277
v 1.614993 -2.650601 1.133422
v 1.601149 -2.650314 1.149305
v 1.58127 -2.648971 1.156165
v 1.560682 -2.646931 1.152161
v 1.544903 -2.644741 1.138369
v 1.538159 -2.642989 1.118482
v 1.542259 -2.642142 1.09783
v 1.556103 -2.642429 1.081946
v 1.575982 -2.643773 1.075087
v 1.596569 -2.645813 1.07909
v 1.612349 -2.648002 1.092883
v 1.619092 -2.649755 1.11277
v 1.614016 -2.701982 1.110424
v 1.60989 -2.702292 1.131086
v 1.596047 -2.701376 1.146946
v 1.576196 -2.699479 1.153756
v 1.555656 -2.69711 1.14969
v 1.539931 -2.694903 1.135837
v 1.533234 -2.693449 1.115911
v 1.53736 -2.693139 1.095249
v 1.551203 -2.694055 1.079388
v 1.571054 -2.695952 1.072579
v 1.591594 -2.698321 1.076645
v 1.607319 -2.700528 1.090497
v 1.614016 -2.701982 1.110424
v 1.608049 -2.752421 1.110145
v 1.603493 -2.752108 1.130716
v 1.589352 -2.750474 1.146253
v 1.569415 -2.747957 1.152593
v 1.549023 -2.745232 1.148036
v 1.53364 -2.743028 1.133804
v 1.527389 -2.741937 1.11371
v 1.531944 -2.74225 1.093138
v 1.546085 -2.743884 1.077601
v 1.566023 -2.746401 1.071262
v 1.586415 -2.749126 1.075819
v 1.601797 -2.751329 1.090051
v 1.608049 -2.752421 1.110145
v 1.601343 -2.800233 1.111773
v 1.595978 -2.799268 1.132128
v 1.581266 -2.796927 1.147031
v 1.561149 -2.793837 1.152489
v 1.541017 -2.790826 1.14704
v 1.526266 -2.788701 1.132143
v 1.520846 -2.788031 1.111791
v 1.526212 -2.788996 1.091437
v 1.540924 -2.791337 1.076533
v 1.561041 -2.794427 1.071075
v 1.581172 -2.797438 1.076524
v 1.595924 -2.799563 1.091421
v 1.601343 -2.800233 1.111773
v 1.59406 -2.844851 1.115025
v 1.587562 -2.843191 1.135001
v 1.572072 -2.840153 1.14896
v 1.55174 -2.836549 1.15316
v 1.532014 -2.833347 1.146478
v 1.518179 -2.831403 1.130702
v 1.513944 -2.831239 1.110061
v 1.520442 -2.832898 1.090085
v 1.535932 -2.835937 1.076126
v 1.556265 -2.83954 1.071925
v 1.57599 -2.842743 1.078608
v 1.589825 -2.844687 1.094383
v 1.59406 -2.844851 1.115025
v 1.586342 -2.885709 1.11961
v 1.578454 -2.883305 1.139001
v 1.562054 -2.879583 1.151699
v 1.541538 -2.87554 1.154301
v 1.522402 -2.872259 1.146109
v 1.509775 -2.87062 1.12932
v 1.507038 -2.871063 1.108431
v 1.514927 -2.873467 1.08904
v 1.531327 -2.877189 1.076342
v 1.551843 -2.881232 1.07374
v 1.570978 -2.884512 1.081932
v 1.583606 -2.886151 1.098721
v 1.586342 -2.885709 1.11961
v 1.578326 -2.922248 1.125218
v 1.568866 -2.919046 1.143773
v 1.551513 -2.91466 1.154893
v 1.530916 -2.910264 1.155599
v 1.512596 -2.907037 1.145701
v 1.501459 -2.905843 1.127852
v 1.500492 -2.907003 1.106834
v 1.509952 -2.910205 1.088279
v 1.527305 -2.914591 1.077159
v 1.547901 -2.918987 1.076454
v 1.566222 -2.922214 1.086351
v 1.577358 -2.923408 1.1042
v 1.578326 -2.922248 1.125218
v 1.570162 -2.953917 1.131511
v 1.55904 -2.949859 1.148944
v 1.540783 -2.94483 1.158184
v 1.52028 -2.940177 1.156757
v 1.503028 -2.937146 1.145044
v 1.493647 -2.93655 1.126185
v 1.494652 -2.938549 1.105232
v 1.505773 -2.942607 1.0878
v 1.524031 -2.947636 1.078559
v 1.544533 -2.952289 1.079987
v 1.561786 -2.95532 1.091699
v 1.571167 -2.955916 1.110559
v 1.570162 -2.953917 1.131511
v 1.562029 -2.980184 1.138129
v 1.549264 -2.975188 1.154133
v 1.530247 -2.96952 1.161223
v 1.510075 -2.964698 1.1575
v 1.494152 -2.962014 1.143962
v 1.486745 -2.962188 1.124235
v 1.489839 -2.965172 1.103606
v 1.502604 -2.970168 1.087602
v 1.521621 -2.975836 1.080512
v 1.541793 -2.980658 1.084235
v 1.557716 -2.983342 1.097773
v 1.565123 -2.983169 1.1175
v 1.562029 -2.980184 1.138129
v 1.554144 -3.000552 1.144701
v 1.539887 -2.994442 1.158964
v 1.520365 -2.98806 1.163677
v 1.50081 -2.983117 1.157579
v 1.486461 -2.980937 1.142302
v 1.481163 -2.982105 1.12194
v 1.486335 -2.986308 1.10195
v 1.500592 -2.992419 1.087687
v 1.520114 -2.9988 1.082973
v 1.539669 -3.003743 1.089072
v 1.554018 -3.005923 1.104349
v 1.559316 -3.004755 1.124711
v 1.554144 -3.000552 1.144701
v 1.546715 -3.015016 1.150749
v 1.531646 -3.006773 1.162956
v 1.512249 -2.998842 1.165156
v 1.49372 -2.993346 1.156759
v 1.481024 -2.991759 1.140016
v 1.477564 -2.994506 1.119412
v 1.484267 -3.000851 1.100469
v 1.499336 -3.009094 1.088262
v 1.518734 -3.017026 1.086062
v 1.537263 -3.022521 1.094459
v 1.549958 -3.024108 1.111202
v 1.553418 -3.021361 1.131806
v 1.546715 -3.015016 1.150749
v 1.543215 -3.020458 1.153327
v 1.52873 -3.009813 1.164322
v 1.510144 -2.999925 1.165238
v 1.492438 -2.993444 1.155829
v 1.480356 -2.992107 1.138617
v 1.477136 -2.996271 1.118213
v 1.48364 -3.00482 1.100085
v 1.498125 -3.015465 1.08909
v 1.516711 -3.025353 1.088174
v 1.534417 -3.031834 1.097583
v 1.546499 -3.033171 1.114795
v 1.549719 -3.029007 1.135199
v 1.543215 -3.020458 1.153327
v 1.541555 -3.023194 1.154304
v 1.528188 -3.01058 1.164611
v 1.510606 -2.998967 1.164908
v 1.493522 -2.991468 1.155114
v 1.481512 -2.990092 1.137854
v 1.477795 -2.995206 1.117754
v 1.483366 -3.005442 1.100197
v 1.496733 -3.018056 1.08989
v 1.514314 -3.029668 1.089593
v 1.531398 -3.037168 1.099387
v 1.543408 -3.038544 1.116646
v 1.547126 -3.033429 1.136747
v 1.541555 -3.023194 1.154304
v 1.540759 -3.024863 1.154577
v 1.528433 -3.010981 1.164546
v 1.511702 -2.998171 1.164595
v 1.495048 -2.989866 1.15471
v 1.482934 -2.988292 1.13754
v 1.478606 -2.99387 1.117686
v 1.483223 -3.005105 1.100468
v 1.495549 -3.018988 1.090498
v 1.51228 -3.031797 1.09045
v 1.528934 -3.040102 1.100335
v 1.541048 -3.041677 1.117505
v 1.545376 -3.036098 1.137359
v 1.540759 -3.024863 1.154577
v 1.539981 -3.027158 1.154489
v 1.529309 -3.011818 1.164226
v 1.513874 -2.997473 1.164202
v 1.49781 -2.987968 1.154422
v 1.485423 -2.985849 1.137508
v 1.480031 -2.991683 1.117991
v 1.48308 -3.003909 1.101101
v 1.493752 -3.019249 1.091363
v 1.509188 -3.033593 1.091387
v 1.525251 -3.043098 1.101167
v 1.537639 -3.045218 1.118081
v 1.54303 -3.039383 1.137598
v 1.539981 -3.027158 1.154489
v 1.539118 -3.031181 1.153354
v 1.531294 -3.014371 1.163365
v 1.518054 -2.997987 1.163919
v 1.502945 -2.986421 1.154866
v 1.490015 -2.98277 1.138632
v 1.48273 -2.988014 1.119568
v 1.48304 -3.000747 1.102781
v 1.490864 -3.017557 1.092769
v 1.504104 -3.033941 1.092216
v 1.519213 -3.045507 1.101269
v 1.532143 -3.049158 1.117502
v 1.539428 -3.043914 1.136567
v 1.539118 -3.031181 1.153354
v 1.536593 -3.041544 1.14691
v 1.53509 -3.024885 1.159725
v 1.527034 -3.005919 1.164132
v 1.514584 -2.989727 1.158948
v 1.501076 -2.980649 1.145563
v 1.49013 -2.981117 1.127563
v 1.484678 -2.991005 1.109772
v 1.486181 -3.007664 1.096956
v 1.494237 -3.026631 1.09255
v 1.506687 -3.042822 1.097734
v 1.520195 -3.0519 1.111119
v 1.531141 -3.051432 1.129118
v 1.536593 -3.041544 1.14691
v 1.505923 -3.050142 1.106151
v 1.517996 -3.055935 1.12242
v 1.52798 -3.051153 1.14035
v 1.5332 -3.037075 1.155136
v 1.532256 -3.017475 1.162815
v 1.525403 -2.997604 1.16133
v 1.514476 -2.982786 1.15108
v 1.502403 -2.976993 1.13481
v 1.492419 -2.981776 1.11688
v 1.487199 -2.995853 1.102095
v 1.488143 -3.015454 1.094416
v 1.494996 -3.035325 1.0959
v 1.505923 -3.050142 1.106151
v 1.488559 -3.027794 1.096022
v 1.494643 -3.045844 1.105035
v 1.504781 -3.056039 1.12044
v 1.516256 -3.055648 1.13811
v 1.525993 -3.044775 1.153309
v 1.531383 -3.026335 1.161965
v 1.530983 -3.005268 1.161759
v 1.524898 -2.987219 1.152746
v 1.514761 -2.977024 1.137341
v 1.503286 -2.977415 1.119672
v 1.493549 -2.988287 1.104473
v 1.488158 -3.006727 1.095816
v 1.488559 -3.027794 1.096022
v 1.486063 -3.021246 1.09612
v 1.486658 -3.040269 1.105166
v 1.493332 -3.052915 1.120643
v 1.504298 -3.055798 1.138405
v 1.516617 -3.048143 1.153691
v 1.526989 -3.032003 1.162407
v 1.532634 -3.011703 1.162216
v 1.53204 -2.99268 1.15317
v 1.525365 -2.980034 1.137693
v 1.514399 -2.977151 1.119931
v 1.50208 -2.984806 1.104645
v 1.491708 -3.000946 1.095929
v 1.486063 -3.021246 1.09612
v 1.485273 -3.018412 1.096388
v 1.481692 -3.036368 1.106819
v 1.485409 -3.048944 1.123312
v 1.49543 -3.052772 1.141449
v 1.509069 -3.046825 1.156371
v 1.522671 -3.032697 1.164078
v 1.532592 -3.014173 1.162506
v 1.536174 -2.996217 1.152075
v 1.532456 -2.983641 1.135582
v 1.522435 -2.979813 1.117445
v 1.508796 -2.98576 1.102523
v 1.495194 -2.999888 1.094816
v 1.485273 -3.018412 1.096388
v 1.48492 -3.016702 1.096568
v 1.47829 -3.032878 1.108333
v 1.479761 -3.044527 1.12583
v 1.488938 -3.048528 1.144372
v 1.503363 -3.043809 1.15899
v 1.51917 -3.031635 1.165767
v 1.532125 -3.015266 1.162887
v 1.538755 -2.999091 1.151123
v 1.537284 -2.987441 1.133625
v 1.528107 -2.98344 1.115083
v 1.513682 -2.988159 1.100466
v 1.497875 -3.000334 1.093689
v 1.48492 -3.016702 1.096568
v 1.484739 -3.015414 1.096686
v 1.475969 -3.02971 1.109443
v 1.475814 -3.040212 1.127711
v 1.484314 -3.044105 1.146595
v 1.499192 -3.040346 1.161036
v 1.516463 -3.029943 1.167163
v 1.531497 -3.015682 1.163336
v 1.540266 -3.001386 1.150579
v 1.540422 -2.990884 1.132311
v 1.531921 -2.986991 1.113427
v 1.517043 -2.99075 1.098986
v 1.499773 -3.001153 1.092859
v 1.484739 -3.015414 1.096686
v 1.484642 -3.014284 1.096768
v 1.474377 -3.026873 1.110192
v 1.473047 -3.036276 1.129003
v 1.481006 -3.039973 1.14816
v 1.496122 -3.036974 1.162531
v 1.514346 -3.028083 1.168265
v 1.530793 -3.015681 1.163825
v 1.541058 -3.003093 1.150401
v 1.542389 -2.99369 1.13159
v 1.534429 -2.989992 1.112433
v 1.519313 -2.992991 1.098062
v 1.501089 -3.001883 1.092328
v 1.484642 -3.014284 1.096768
v 1.484593 -3.013193 1.096831
v 1.473261 -3.024322 1.110678
v 1.471055 -3.032763 1.129859
v 1.478567 -3.036252 1.149235
v 1.493784 -3.033857 1.163614
v 1.512628 -3.026217 1.169142
v 1.530051 -3.015381 1.164339
v 1.541383 -3.004251 1.150492
v 1.543588 -2.995811 1.13131
v 1.536076 -2.992321 1.111935
v 1.520859 -2.994717 1.097556
v 1.502015 -3.002356 1.092028
v 1.484593 -3.013193 1.096831
v 1.484575 -3.010898 1.096936
v 1.471843 -3.019797 1.111174
v 1.468408 -3.02674 1.130771
v 1.475191 -3.029867 1.150475
v 1.490375 -3.02834 1.165006
v 1.50989 -3.022568 1.170471
v 1.528508 -3.014099 1.165406
v 1.54124 -3.0052 1.151168
v 1.544675 -2.998257 1.131571
v 1.537892 -2.99513 1.111867
v 1.522708 -2.996657 1.097336
v 1.503193 -3.002428 1.091871
v 1.484575 -3.010898 1.096936
v 1.484674 -3.005212 1.097185
v 1.470397 -3.011456 1.111371
v 1.465396 -3.016585 1.131188
v 1.471009 -3.019226 1.151326
v 1.485734 -3.01867 1.166389
v 1.505624 -3.015067 1.172342
v 1.52535 -3.009382 1.167588
v 1.539627 -3.003139 1.153403
v 1.544628 -2.998009 1.133586
v 1.539014 -2.995369 1.113448
v 1.52429 -2.995924 1.098384
v 1.5044 -2.999527 1.092432
v 1.484674 -3.005212 1.097185
v 1.484854 -2.987712 1.098196
v 1.468897 -2.991677 1.111375
v 1.461803 -2.995219 1.130898
v 1.465472 -2.997389 1.151534
v 1.478922 -2.997607 1.167754
v 1.498549 -2.995813 1.175211
v 1.519093 -2.992488 1.171907
v 1.53505 -2.988524 1.158728
v 1.542144 -2.984982 1.139205
v 1.538475 -2.982811 1.118569
v 1.525025 -2.982594 1.102349
v 1.505398 -2.984388 1.094892
v 1.484854 -2.987712 1.098196
v 1.484472 -2.960812 1.100096
v 1.467447 -2.963876 1.11213
v 1.458814 -2.966779 1.131132
v 1.460885 -2.968744 1.152009
v 1.473104 -2.969244 1.169169
v 1.492199 -2.968145 1.178013
v 1.513053 -2.965741 1.176171
v 1.530077 -2.962678 1.164137
v 1.53871 -2.959774 1.145135
v 1.53664 -2.95781 1.124257
v 1.52442 -2.95731 1.107097
v 1.505325 -2.958409 1.098254
v 1.484472 -2.960812 1.100096
v 1.480205 -2.875542 1.106855
v 1.462067 -2.878028 1.117288
v 1.451644 -2.880513 1.135433
v 1.451729 -2.882332 1.156426
v 1.462299 -2.882998 1.174643
v 1.480522 -2.882331 1.185202
v 1.501515 -2.880511 1.185275
v 1.519653 -2.878025 1.174841
v 1.530076 -2.87554 1.156697
v 1.529991 -2.873721 1.135704
v 1.519421 -2.873055 1.117487
v 1.501198 -2.873722 1.106927
v 1.480205 -2.875542 1.106855
v 1.455053 -2.599432 1.129023
v 1.437357 -2.601717 1.140232
v 1.427682 -2.603833 1.158832
v 1.428621 -2.605214 1.179838
v 1.439921 -2.60549 1.197621
v 1.458556 -2.604587 1.207417
v 1.479532 -2.602747 1.206601
v 1.497228 -2.600462 1.195391
v 1.506903 -2.598346 1.176791
v 1.505964 -2.596964 1.155786
v 1.494663 -2.596688 1.138002
v 1.476028 -2.597591 1.128206
v 1.455053 -2.599432 1.129023
v 1.438988 -2.451537 1.13946
v 1.422328 -2.45367 1.152185
v 1.414285 -2.455404 1.171584
v 1.417015 -2.456276 1.19246
v 1.429786 -2.456052 1.209219
v 1.449177 -2.454791 1.217371
v 1.469991 -2.452832 1.214731
v 1.486651 -2.450699 1.202006
v 1.494694 -2.448964 1.182607
v 1.491964 -2.448093 1.161731
v 1.479192 -2.448317 1.144972
v 1.459802 -2.449578 1.13682
v 1.438988 -2.451537 1.13946
v 1.424382 -2.329287 1.145885
v 1.409004 -2.330971 1.160193
v 1.402822 -2.331884 1.180318
v 1.407492 -2.331783 1.200865
v 1.421763 -2.330693 1.216331
v 1.441811 -2.328908 1.222571
v 1.462263 -2.326905 1.217912
v 1.477641 -2.325221 1.203604
v 1.483823 -2.324308 1.18348
v 1.479153 -2.324409 1.162933
v 1.464883 -2.325499 1.147467
v 1.444835 -2.327284 1.141227
v 1.424382 -2.329287 1.145885
v 1.418437 -2.285 1.146798
v 1.403682 -2.286209 1.161793
v 1.398349 -2.28635 1.182178
v 1.403867 -2.285383 1.202492
v 1.418758 -2.283569 1.217291
v 1.439031 -2.281393 1.22261
v 1.459255 -2.279438 1.217023
v 1.47401 -2.278229 1.202028
v 1.479343 -2.278089 1.181642
v 1.473825 -2.279055 1.161329
v 1.458934 -2.280869 1.14653
v 1.438661 -2.283045 1.141211
v 1.418437 -2.285 1.146798
v 1.41352 -2.253139 1.146281
v 1.39933 -2.253604 1.161852
v 1.394732 -2.252559 1.182389
v 1.400958 -2.250283 1.202391
v 1.416342 -2.247386 1.216498
v 1.436759 -2.244645 1.22093
v 1.45674 -2.242795 1.214499
v 1.470931 -2.24233 1.198928
v 1.475529 -2.243376 1.178391
v 1.469302 -2.245652 1.158389
v 1.453919 -2.248548 1.144282
v 1.433502 -2.251289 1.13985
v 1.41352 -2.253139 1.146281
v 1.409834 -2.234448 1.144878
v 1.396046 -2.233521 1.160786
v 1.391917 -2.230258 1.18119
v 1.398553 -2.225533 1.200624
v 1.414178 -2.220613 1.213879
v 1.434602 -2.216815 1.217405
v 1.454355 -2.215158 1.210256
v 1.468143 -2.216084 1.194348
v 1.472272 -2.219347 1.173944
v 1.465636 -2.224072 1.154511
v 1.450012 -2.228993 1.141255
v 1.429587 -2.23279 1.137729
v 1.409834 -2.234448 1.144878
v 1.408871 -2.231166 1.144415
v 1.395066 -2.228946 1.160179
v 1.390838 -2.223581 1.180114
v 1.397319 -2.216509 1.198875
v 1.412773 -2.209625 1.211438
v 1.433059 -2.204773 1.214435
v 1.452741 -2.203255 1.207064
v 1.466546 -2.205475 1.191299
v 1.470774 -2.21084 1.171365
v 1.464293 -2.217912 1.152603
v 1.448839 -2.224796 1.14004
v 1.428553 -2.229648 1.137043
v 1.408871 -2.231166 1.144415
v 1.408936 -2.231659 1.144636
v 1.394954 -2.228493 1.16008
v 1.390421 -2.221546 1.179451
v 1.39655 -2.21268 1.197557
v 1.4117 -2.20427 1.209548
v 1.431811 -2.198569 1.212211
v 1.451494 -2.197106 1.204831
v 1.465475 -2.200272 1.189386
v 1.470009 -2.207219 1.170016
v 1.463879 -2.216085 1.151909
v 1.44873 -2.224495 1.139919
v 1.428619 -2.230196 1.137257
v 1.408936 -2.231659 1.144636
v 1.409811 -2.234114 1.145698
v 1.395394 -2.229733 1.160428
v 1.390158 -2.220651 1.178707
v 1.395506 -2.209301 1.195637
v 1.410004 -2.198726 1.206681
v 1.429768 -2.191757 1.208881
v 1.449503 -2.190263 1.201645
v 1.46392 -2.194644 1.186915
v 1.469156 -2.203727 1.168636
v 1.463808 -2.215076 1.151706
v 1.44931 -2.225652 1.140662
v 1.429545 -2.232621 1.138463
v 1.409811 -2.234114 1.145698
v 1.410799 -2.236248 1.146843
v 1.395995 -2.231175 1.160955
v 1.390139 -2.220783 1.178326
v 1.394801 -2.207859 1.194303
v 1.40873 -2.195863 1.204603
v 1.428196 -2.188011 1.206468
v 1.447981 -2.186407 1.199398
v 1.462785 -2.19148 1.185286
v 1.468641 -2.201871 1.167915
v 1.46398 -2.214796 1.151939
v 1.45005 -2.226792 1.141638
v 1.430585 -2.234643 1.139773
v 1.410799 -2.236248 1.146843
v 1.412392 -2.239035 1.148691
v 1.397029 -2.233278 1.161915
v 1.390268 -2.22145 1.177991
v 1.393921 -2.206721 1.19261
v 1.407008 -2.193036 1.201857
v 1.426023 -2.184064 1.203252
v 1.445871 -2.182207 1.196423
v 1.461234 -2.187964 1.183199
v 1.467995 -2.199792 1.167123
v 1.464342 -2.214521 1.152503
v 1.451255 -2.228206 1.143257
v 1.43224 -2.237178 1.141862
v 1.412392 -2.239035 1.148691
v 1.414851 -2.242376 1.151571
v 1.398714 -2.236077 1.163568
v 1.39066 -2.222808 1.17782
v 1.392848 -2.206127 1.190508
v 1.40469 -2.190501 1.198231
v 1.423013 -2.180119 1.19892
v 1.442909 -2.177762 1.192391
v 1.459046 -2.184062 1.180394
v 1.4671 -2.19733 1.166142
v 1.464913 -2.214012 1.153454
v 1.453071 -2.229637 1.145731
v 1.434747 -2.240019 1.145042
v 1.414851 -2.242376 1.151571
v 1.418459 -2.245888 1.155842
v 1.401328 -2.239422 1.166271
v 1.391515 -2.224984 1.178073
v 1.391649 -2.206443 1.188084
v 1.401693 -2.188767 1.193624
v 1.418957 -2.176692 1.193206
v 1.438815 -2.173453 1.186944
v 1.455945 -2.179919 1.176515
v 1.465759 -2.194357 1.164714
v 1.465625 -2.212898 1.154702
v 1.45558 -2.230575 1.149163
v 1.438316 -2.24265 1.14958
v 1.418459 -2.245888 1.155842
v 1.423318 -2.248766 1.161655
v 1.405078 -2.242786 1.17035
v 1.393089 -2.227867 1.179164
v 1.390561 -2.208006 1.185735
v 1.398172 -2.188525 1.188303
v 1.413883 -2.174644 1.186179
v 1.433484 -2.170082 1.179932
v 1.451723 -2.176063 1.171237
v 1.463713 -2.190982 1.162424
v 1.466241 -2.210843 1.155853
v 1.45863 -2.230324 1.153285
v 1.442919 -2.244205 1.155409
v 1.423318 -2.248766 1.161655
v 1.429045 -2.249995 1.168556
v 1.409817 -2.245236 1.175745
v 1.395508 -2.230856 1.181443
v 1.389951 -2.210707 1.184125
v 1.394635 -2.19019 1.183071
v 1.408306 -2.174801 1.178564
v 1.427299 -2.168663 1.171812
v 1.446527 -2.173422 1.164623
v 1.460836 -2.187803 1.158924
v 1.466393 -2.207951 1.156243
v 1.461709 -2.228469 1.157297
v 1.448039 -2.243858 1.161804
v 1.429045 -2.249995 1.168556
v 1.434749 -2.249089 1.175432
v 1.414878 -2.245971 1.181714
v 1.39851 -2.23305 1.184739
v 1.39003 -2.213788 1.183699
v 1.391711 -2.193345 1.17887
v 1.403103 -2.177201 1.171548
v 1.421152 -2.16968 1.163694
v 1.441023 -2.172797 1.157413
v 1.457391 -2.185719 1.154387
v 1.465871 -2.204981 1.155428
v 1.464189 -2.225424 1.160256
v 1.452798 -2.241568 1.167578
v 1.434749 -2.249089 1.175432
v 1.439577 -2.246557 1.181193
v 1.419441 -2.245006 1.187208
v 1.401528 -2.233965 1.188326
v 1.390637 -2.216392 1.184248
v 1.389687 -2.196997 1.176066
v 1.398932 -2.180975 1.165973
v 1.415895 -2.172621 1.156673
v 1.43603 -2.174172 1.150658
v 1.453943 -2.185213 1.149539
v 1.464834 -2.202785 1.153618
v 1.465784 -2.22218 1.161799
v 1.45654 -2.238202 1.171893
v 1.439577 -2.246557 1.181193
v 1.443209 -2.243382 1.185408
v 1.423062 -2.243036 1.191571
v 1.404111 -2.233823 1.191497
v 1.391434 -2.21821 1.185205
v 1.388429 -2.200382 1.174381
v 1.3959 -2.185115 1.161926
v 1.411846 -2.1765 1.151177
v 1.431994 -2.176846 1.145014
v 1.450945 -2.186059 1.145088
v 1.463621 -2.201671 1.15138
v 1.466626 -2.2195 1.162203
v 1.459155 -2.234767 1.174658
v 1.443209 -2.243382 1.185408
v 1.445776 -2.240326 1.188224
v 1.425733 -2.240803 1.194712
v 1.406117 -2.233143 1.193946
v 1.392184 -2.219401 1.186133
v 1.387668 -2.203257 1.173365
v 1.393778 -2.189038 1.159064
v 1.408877 -2.180554 1.147062
v 1.42892 -2.180078 1.140574
v 1.448536 -2.187737 1.14134
v 1.462469 -2.20148 1.149153
v 1.466985 -2.217623 1.161921
v 1.460875 -2.231842 1.176222
v 1.445776 -2.240326 1.188224
v 1.44755 -2.237753 1.189986
v 1.427648 -2.238759 1.196835
v 1.407607 -2.23235 1.195686
v 1.392798 -2.220243 1.186846
v 1.387189 -2.205682 1.172685
v 1.392282 -2.192569 1.156996
v 1.406713 -2.184418 1.143984
v 1.426616 -2.183412 1.137135
v 1.446656 -2.189821 1.138284
v 1.461465 -2.201928 1.147123
v 1.467075 -2.216489 1.161285
v 1.461981 -2.229602 1.176974
v 1.44755 -2.237753 1.189986
v 1.44878 -2.235763 1.19101
v 1.429018 -2.237103 1.1982
v 1.4087 -2.231683 1.196847
v 1.39327 -2.220956 1.187314
v 1.386863 -2.207796 1.172155
v 1.391195 -2.195729 1.155433
v 1.405106 -2.187988 1.141627
v 1.424868 -2.186648 1.134437
v 1.445186 -2.192068 1.13579
v 1.460616 -2.202796 1.145323
v 1.467023 -2.215956 1.160482
v 1.462691 -2.228023 1.177204
v 1.44878 -2.235763 1.19101
v 1.450264 -2.233418 1.191702
v 1.430743 -2.235098 1.199458
v 1.410109 -2.231094 1.197972
v 1.393889 -2.22248 1.187641
v 1.38643 -2.211563 1.171234
v 1.38973 -2.201268 1.153146
v 1.402905 -2.194355 1.138224
v 1.422425 -2.192676 1.130468
v 1.44306 -2.196679 1.131954
v 1.45928 -2.205294 1.142285
v 1.466739 -2.216211 1.158693
v 1.463439 -2.226505 1.17678
v 1.450264 -2.233418 1.191702
v 1.451053 -2.232854 1.191388
v 1.431723 -2.234662 1.199581
v 1.410926 -2.231594 1.198126
v 1.394235 -2.224473 1.187416
v 1.386122 -2.215205 1.170318
v 1.388761 -2.206276 1.151415
v 1.401445 -2.200076 1.135772
v 1.420775 -2.198268 1.127579
v 1.441572 -2.201336 1.129033
v 1.458263 -2.208457 1.139744
v 1.466376 -2.217724 1.156842
v 1.463737 -2.226654 1.175745
v 1.451053 -2.232854 1.191388
v 1.451788 -2.235563 1.189432
v 1.432744 -2.237407 1.19826
v 1.411797 -2.235468 1.197037
v 1.39456 -2.230266 1.186089
v 1.385652 -2.223195 1.16835
v 1.38746 -2.216148 1.148574
v 1.399498 -2.211015 1.132059
v 1.418542 -2.209171 1.12323
v 1.439489 -2.211109 1.124453
v 1.456726 -2.216311 1.135401
v 1.465634 -2.223383 1.15314
v 1.463827 -2.23043 1.172917
v 1.451788 -2.235563 1.189432
v 1.452114 -2.242006 1.186716
v 1.433293 -2.243794 1.196023
v 1.412281 -2.242497 1.1951
v 1.394709 -2.238462 1.184193
v 1.385283 -2.232771 1.166227
v 1.386531 -2.226948 1.146013
v 1.398117 -2.222555 1.12897
v 1.416938 -2.220767 1.119663
v 1.43795 -2.222064 1.120587
v 1.455523 -2.226099 1.131493
v 1.464948 -2.23179 1.149459
v 1.4637 -2.237613 1.169673
v 1.452114 -2.242006 1.186716
v 1.45248 -2.26321 1.180506
v 1.434041 -2.264819 1.190579
v 1.41298 -2.264199 1.190302
v 1.39494 -2.261516 1.179749
v 1.384754 -2.257488 1.161747
v 1.385152 -2.253195 1.141121
v 1.396027 -2.249787 1.123397
v 1.414465 -2.248178 1.113324
v 1.435526 -2.248797 1.113601
v 1.453567 -2.251481 1.124154
v 1.463753 -2.255509 1.142156
v 1.463355 -2.259802 1.162782
v 1.45248 -2.26321 1.180506
v 1.452778 -2.293562 1.173984
v 1.434695 -2.294983 1.184708
v 1.413629 -2.294654 1.185087
v 1.395225 -2.292663 1.17502
v 1.384414 -2.289544 1.157203
v 1.384093 -2.286132 1.136412
v 1.394348 -2.283342 1.118216
v 1.412431 -2.281921 1.107492
v 1.433497 -2.28225 1.107113
v 1.451902 -2.284241 1.117181
v 1.462712 -2.28736 1.134997
v 1.463033 -2.290772 1.155789
v 1.452778 -2.293562 1.173984
v 1.452959 -2.331235 1.167434
v 1.435222 -2.332472 1.178742
v 1.414176 -2.332231 1.179762
v 1.395461 -2.330576 1.170221
v 1.384091 -2.327951 1.152675
v 1.383114 -2.32506 1.131825
v 1.39279 -2.322676 1.113259
v 1.410527 -2.32144 1.10195
v 1.431573 -2.321681 1.10093
v 1.450288 -2.323335 1.110471
v 1.461658 -2.32596 1.128017
v 1.462636 -2.328852 1.148867
v 1.452959 -2.331235 1.167434
v 1.452279 -2.42212 1.154693
v 1.435194 -2.422954 1.166998
v 1.414239 -2.422556 1.169181
v 1.395029 -2.421032 1.160655
v 1.382711 -2.418791 1.143706
v 1.380587 -2.416432 1.122874
v 1.389224 -2.414588 1.103742
v 1.406309 -2.413754 1.091437
v 1.427264 -2.414152 1.089254
v 1.446474 -2.415676 1.09778
v 1.458791 -2.417917 1.114729
v 1.460916 -2.420276 1.135561
v 1.452279 -2.42212 1.154693
v 1.448883 -2.524408 1.142884
v 1.43233 -2.524719 1.155919
v 1.411503 -2.523813 1.158993
v 1.391983 -2.521931 1.151282
v 1.379 -2.519578 1.134852
v 1.376034 -2.517384 1.114105
v 1.383878 -2.515938 1.094602
v 1.400432 -2.515626 1.081566
v 1.421259 -2.516533 1.078492
v 1.440778 -2.518415 1.086204
v 1.453761 -2.520768 1.102634
v 1.456727 -2.522961 1.12338
v 1.448883 -2.524408 1.142884
v 1.445656 -2.576523 1.137466
v 1.429298 -2.576487 1.150749
v 1.408541 -2.575169 1.154133
v 1.388948 -2.572922 1.146712
v 1.375768 -2.570349 1.130473
v 1.372533 -2.568138 1.109769
v 1.380109 -2.566881 1.090146
v 1.396468 -2.566917 1.076863
v 1.417224 -2.568235 1.073479
v 1.436818 -2.570482 1.080901
v 1.449998 -2.573056 1.097139
v 1.453233 -2.575267 1.117844
v 1.445656 -2.576523 1.137466
v 1.441129 -2.627586 1.13243
v 1.424912 -2.627108 1.145877
v 1.404234 -2.625232 1.14947
v 1.384634 -2.622461 1.142246
v 1.371364 -2.619537 1.12614
v 1.367981 -2.617245 1.105468
v 1.37539 -2.616197 1.085769
v 1.391606 -2.616675 1.072322
v 1.412284 -2.618551 1.068729
v 1.431884 -2.621322 1.075953
v 1.445154 -2.624246 1.092059
v 1.448538 -2.626538 1.112731
v 1.441129 -2.627586 1.13243
v 1.435186 -2.676291 1.127825
v 1.419052 -2.675319 1.141345
v 1.398457 -2.672808 1.14503
v 1.37892 -2.669431 1.137893
v 1.365676 -2.666092 1.121847
v 1.362273 -2.663686 1.101192
v 1.369623 -2.662858 1.081461
v 1.385758 -2.66383 1.067941
v 1.406352 -2.666342 1.064256
v 1.425889 -2.669719 1.071393
v 1.439134 -2.673058 1.087438
v 1.442536 -2.675464 1.108094
v 1.435186 -2.676291 1.127825
v 1.428079 -2.721882 1.123671
v 1.411965 -2.720431 1.137171
v 1.39145 -2.717306 1.140831
v 1.372031 -2.713344 1.133672
v 1.358913 -2.709606 1.11761
v 1.355609 -2.707095 1.096951
v 1.363006 -2.706483 1.077229
v 1.379121 -2.707933 1.06373
v 1.399636 -2.711058 1.060069
v 1.419054 -2.715021 1.067229
v 1.432172 -2.718758 1.08329
v 1.435476 -2.721269 1.10395
v 1.428079 -2.721882 1.123671
v 1.420137 -2.76395 1.119945
v 1.403992 -2.762025 1.133349
v 1.383557 -2.758296 1.136888
v 1.364307 -2.753762 1.129614
v 1.3514 -2.749638 1.113476
v 1.348295 -2.747029 1.092798
v 1.355823 -2.746634 1.073121
v 1.371968 -2.748559 1.059717
v 1.392403 -2.752288 1.056178
v 1.411653 -2.756822 1.063451
v 1.42456 -2.760946 1.079589
v 1.427665 -2.763555 1.100267
v 1.420137 -2.76395 1.119945
v 1.41168 -2.802103 1.116618
v 1.395473 -2.799698 1.129867
v 1.375125 -2.795361 1.133212
v 1.356089 -2.790253 1.125757
v 1.343467 -2.785743 1.109497
v 1.340639 -2.783039 1.088792
v 1.348364 -2.782866 1.069188
v 1.364572 -2.78527 1.055938
v 1.38492 -2.789607 1.052593
v 1.403955 -2.794715 1.060049
v 1.416578 -2.799226 1.076308
v 1.419405 -2.801929 1.097013
v 1.41168 -2.802103 1.116618
v 1.403028 -2.835964 1.113654
v 1.386744 -2.833064 1.12671
v 1.366503 -2.828093 1.129815
v 1.347729 -2.822384 1.122136
v 1.335452 -2.817466 1.105731
v 1.332962 -2.814657 1.084997
v 1.340925 -2.814709 1.065487
v 1.357209 -2.817609 1.052431
v 1.377449 -2.82258 1.049327
v 1.396224 -2.828289 1.057006
v 1.408501 -2.833208 1.07341
v 1.410991 -2.836017 1.094145
v 1.403028 -2.835964 1.113654
v 1.394488 -2.865204 1.111004
v 1.378144 -2.861773 1.123854
v 1.358049 -2.856107 1.126709
v 1.339589 -2.849724 1.118803
v 1.32771 -2.844333 1.102255
v 1.325594 -2.841379 1.081498
v 1.333809 -2.841654 1.062095
v 1.350153 -2.845084 1.049245
v 1.370247 -2.85075 1.04639
v 1.388707 -2.857134 1.054296
v 1.400586 -2.862525 1.070844
v 1.402702 -2.865479 1.091601
v 1.394488 -2.865204 1.111004
v 1.386347 -2.889591 1.108571
v 1.370005 -2.885564 1.121251
v 1.350138 -2.879065 1.123909
v 1.332067 -2.871836 1.115834
v 1.320635 -2.865814 1.099188
v 1.318905 -2.862612 1.078433
v 1.327341 -2.863089 1.059129
v 1.343683 -2.867116 1.046449
v 1.36355 -2.873615 1.043791
v 1.381621 -2.880844 1.051867
v 1.393053 -2.886866 1.068512
v 1.394783 -2.890068 1.089267
v 1.386347 -2.889591 1.108571
v 1.378805 -2.909201 1.106116
v 1.362643 -2.904434 1.118769
v 1.343193 -2.896777 1.121432
v 1.325666 -2.888281 1.113391
v 1.314759 -2.881224 1.096801
v 1.313393 -2.877496 1.076106
v 1.321935 -2.878095 1.056853
v 1.338097 -2.882863 1.044199
v 1.357547 -2.89052 1.041536
v 1.375074 -2.899015 1.049577
v 1.385982 -2.906073 1.066168
v 1.387347 -2.909801 1.086862
v 1.378805 -2.909201 1.106116
v 1.375167 -2.91768 1.104575
v 1.359316 -2.912363 1.117402
v 1.340308 -2.90375 1.120322
v 1.323234 -2.89415 1.112553
v 1.31267 -2.886134 1.096177
v 1.311447 -2.881851 1.075581
v 1.319892 -2.882448 1.056284
v 1.335743 -2.887765 1.043458
v 1.354751 -2.896378 1.040537
v 1.371825 -2.905978 1.048307
v 1.382388 -2.913993 1.064683
v 1.383612 -2.918277 1.085279
v 1.375167 -2.91768 1.104575
v 1.371138 -2.926275 1.102126
v 1.356103 -2.920098 1.115536
v 1.338078 -2.909844 1.11928
v 1.321894 -2.898262 1.112355
v 1.311887 -2.888454 1.096617
v 1.310738 -2.883049 1.076283
v 1.318755 -2.883494 1.0568
v 1.33379 -2.889671 1.043391
v 1.351815 -2.899924 1.039647
v 1.367999 -2.911507 1.046571
v 1.378006 -2.921314 1.062309
v 1.379155 -2.92672 1.082644
v 1.371138 -2.926275 1.102126
v 1.368573 -2.931136 1.100036
v 1.354364 -2.924421 1.114073
v 1.33731 -2.912949 1.118716
v 1.321979 -2.899794 1.112721
v 1.31248 -2.888481 1.097693
v 1.311358 -2.882041 1.077661
v 1.318914 -2.8822 1.057991
v 1.333122 -2.888916 1.043954
v 1.350177 -2.900388 1.039311
v 1.365508 -2.913543 1.045306
v 1.375007 -2.924856 1.060333
v 1.376129 -2.931295 1.080366
v 1.368573 -2.931136 1.100036
v 1.364994 -2.936855 1.096585
v 1.352168 -2.929689 1.111691
v 1.336777 -2.916718 1.117926
v 1.322945 -2.901415 1.11362
v 1.314378 -2.887883 1.099927
v 1.313371 -2.879746 1.080515
v 1.320196 -2.879185 1.060587
v 1.333022 -2.886351 1.045481
v 1.348413 -2.899322 1.039246
v 1.362245 -2.914624 1.043552
v 1.370812 -2.928157 1.057245
v 1.371818 -2.936294 1.076657
v 1.364994 -2.936855 1.096585
v 1.36246 -2.940123 1.093939
v 1.350633 -2.932918 1.109821
v 1.336504 -2.919178 1.117279
v 1.323858 -2.902586 1.114314
v 1.316084 -2.887586 1.101721
v 1.315265 -2.878198 1.082874
v 1.32162 -2.876937 1.062822
v 1.333447 -2.884142 1.04694
v 1.347576 -2.897882 1.039482
v 1.360221 -2.914474 1.042447
v 1.367995 -2.929475 1.05504
v 1.368815 -2.938863 1.073887
v 1.36246 -2.940123 1.093939
v 1.359088 -2.943573 1.090323
v 1.348497 -2.936639 1.107168
v 1.336031 -2.922279 1.116247
v 1.325029 -2.904342 1.115126
v 1.31844 -2.887634 1.104105
v 1.318029 -2.876631 1.086138
v 1.323907 -2.874283 1.066039
v 1.334498 -2.881217 1.049194
v 1.346964 -2.895577 1.040115
v 1.357965 -2.913514 1.041236
v 1.364554 -2.930223 1.052257
v 1.364965 -2.941225 1.070224
v 1.359088 -2.943573 1.090323
v 1.354543 -2.946862 1.085428
v 1.345357 -2.94073 1.103374
v 1.334994 -2.926154 1.114517
v 1.326232 -2.907038 1.115872
v 1.321418 -2.888505 1.107076
v 1.321842 -2.87552 1.090485
v 1.32739 -2.871563 1.070546
v 1.336577 -2.877695 1.0526
v 1.346939 -2.892271 1.041457
v 1.355702 -2.911387 1.040102
v 1.360516 -2.92992 1.048898
v 1.360092 -2.942905 1.065489
v 1.354543 -2.946862 1.085428
v 1.348602 -2.949242 1.079131
v 1.340745 -2.944644 1.098136
v 1.332809 -2.930598 1.111691
v 1.32692 -2.910866 1.116165
v 1.324655 -2.890737 1.110358
v 1.326622 -2.875604 1.095828
v 1.332294 -2.869521 1.076466
v 1.34015 -2.874119 1.057462
v 1.348086 -2.888165 1.043907
v 1.353976 -2.907897 1.039433
v 1.35624 -2.928026 1.045239
v 1.354273 -2.94316 1.05977
v 1.348602 -2.949242 1.079131
v 1.341518 -2.949703 1.071865
v 1.334499 -2.947281 1.091585
v 1.328938 -2.934719 1.107563
v 1.326324 -2.915381 1.115516
v 1.327359 -2.89445 1.113314
v 1.331765 -2.877534 1.101547
v 1.338361 -2.869166 1.083368
v 1.345381 -2.871587 1.063647
v 1.350942 -2.88415 1.04767
v 1.353556 -2.903488 1.039717
v 1.352521 -2.924419 1.041919
v 1.348115 -2.941335 1.053686
v 1.341518 -2.949703 1.071865
v 1.334235 -2.947689 1.064727
v 1.327249 -2.947541 1.084607
v 1.32353 -2.937165 1.102566
v 1.324075 -2.919341 1.113793
v 1.328738 -2.898845 1.115279
v 1.336269 -2.881169 1.106626
v 1.344651 -2.871049 1.090152
v 1.351637 -2.871198 1.070273
v 1.355356 -2.881574 1.052313
v 1.35481 -2.899398 1.041087
v 1.350147 -2.919894 1.039601
v 1.342616 -2.937569 1.048254
v 1.334235 -2.947689 1.064727
v 1.327859 -2.943733 1.058819
v 1.320231 -2.945313 1.078398
v 1.31762 -2.937212 1.097674
v 1.320726 -2.921601 1.111483
v 1.328717 -2.902663 1.116125
v 1.339451 -2.885473 1.110354
v 1.350053 -2.874636 1.095719
v 1.357681 -2.873057 1.07614
v 1.360292 -2.881158 1.056863
v 1.357186 -2.896769 1.043054
v 1.349195 -2.915706 1.038413
v 1.338461 -2.932897 1.044183
v 1.327859 -2.943733 1.058819
v 1.32292 -2.938969 1.054526
v 1.314389 -2.94151 1.073626
v 1.312314 -2.935309 1.093658
v 1.317249 -2.922025 1.109254
v 1.327873 -2.90522 1.116235
v 1.341338 -2.889395 1.112731
v 1.354038 -2.878791 1.099681
v 1.362568 -2.87625 1.080581
v 1.364644 -2.882451 1.06055
v 1.359709 -2.895734 1.044954
v 1.349085 -2.91254 1.037972
v 1.33562 -2.928365 1.041476
v 1.32292 -2.938969 1.054526
v 1.319322 -2.934263 1.051613
v 1.30995 -2.937175 1.07026
v 1.308096 -2.932391 1.090698
v 1.314258 -2.921193 1.10745
v 1.326785 -2.906581 1.116029
v 1.34232 -2.89247 1.114135
v 1.356701 -2.882643 1.102276
v 1.366073 -2.87973 1.083629
v 1.367927 -2.884514 1.063191
v 1.361765 -2.895713 1.046439
v 1.349238 -2.910325 1.03786
v 1.333703 -2.924435 1.039754
v 1.319322 -2.934263 1.051613
v 1.316732 -2.92999 1.049666
v 1.306692 -2.932936 1.067957
v 1.304922 -2.929175 1.088615
v 1.311895 -2.919713 1.106104
v 1.325743 -2.907087 1.11574
v 1.342755 -2.894679 1.114938
v 1.358374 -2.885814 1.103916
v 1.368414 -2.882868 1.085625
v 1.370185 -2.88663 1.064967
v 1.363212 -2.896091 1.047478
v 1.349364 -2.908717 1.037843
v 1.332351 -2.921125 1.038644
v 1.316732 -2.92999 1.049666
v 1.314834 -2.926208 1.048343
v 1.304299 -2.929034 1.066373
v 1.302555 -2.926017 1.087155
v 1.310068 -2.917964 1.10512
v 1.324825 -2.907035 1.115455
v 1.342872 -2.896157 1.11539
v 1.359373 -2.888245 1.104944
v 1.369907 -2.88542 1.086914
v 1.371652 -2.888437 1.066132
v 1.364139 -2.89649 1.048167
v 1.349382 -2.907419 1.037832
v 1.331335 -2.918297 1.037897
v 1.314834 -2.926208 1.048343
v 1.313397 -2.922851 1.047414
v 1.302503 -2.925499 1.065256
v 1.300761 -2.923037 1.086111
v 1.308639 -2.916124 1.104391
v 1.324026 -2.906611 1.115199
v 1.342798 -2.897049 1.115637
v 1.359927 -2.889999 1.10559
v 1.370821 -2.887351 1.087748
v 1.372563 -2.889813 1.066893
v 1.364685 -2.896727 1.048612
v 1.349298 -2.906239 1.037805
v 1.330526 -2.915801 1.037367
v 1.313397 -2.922851 1.047414
v 1.311358 -2.917024 1.046216
v 1.300001 -2.91931 1.063818
v 1.298236 -2.917611 1.084747
v 1.306538 -2.912382 1.103396
v 1.322681 -2.905025 1.114767
v 1.342339 -2.89751 1.115814
v 1.360246 -2.891852 1.106256
v 1.371604 -2.889566 1.088655
v 1.373368 -2.891265 1.067726
v 1.365066 -2.896493 1.049077
v 1.348924 -2.903851 1.037706
v 1.329265 -2.911366 1.036658
v 1.311358 -2.917024 1.046216
v 1.309934 -2.911848 1.045467
v 1.298302 -2.913836 1.062926
v 1.296496 -2.912633 1.083886
v 1.304999 -2.908562 1.102731
v 1.321533 -2.902714 1.114413
v 1.341667 -2.896655 1.1158
v 1.360007 -2.892009 1.106522
v 1.371639 -2.890021 1.089064
v 1.373445 -2.891224 1.068104
v 1.364942 -2.895295 1.049258
v 1.348408 -2.901143 1.037577
v 1.328274 -2.907202 1.036189
v 1.309934 -2.911848 1.045467
v 1.30791 -2.901876 1.044515
v 1.295957 -2.903467 1.061795
v 1.294031 -2.902869 1.082771
v 1.302648 -2.900243 1.10182
v 1.319499 -2.896293 1.11384
v 1.340069 -2.892076 1.115608
v 1.358846 -2.888724 1.106652
v 1.370799 -2.887133 1.089372
v 1.372725 -2.887731 1.068396
v 1.364108 -2.890357 1.049347
v 1.347257 -2.894307 1.037328
v 1.326687 -2.898524 1.035559
v 1.30791 -2.901876 1.044515
v 1.30502 -2.878714 1.043399
v 1.292678 -2.879946 1.060434
v 1.290439 -2.879931 1.081386
v 1.298903 -2.878673 1.100643
v 1.315802 -2.876508 1.113043
v 1.336608 -2.874017 1.115264
v 1.355746 -2.871868 1.106711
v 1.368088 -2.870636 1.089676
v 1.370327 -2.870651 1.068724
v 1.361863 -2.871909 1.049467
v 1.344964 -2.874074 1.037067
v 1.324158 -2.876565 1.034846
v 1.30502 -2.878714 1.043399
v 1.302511 -2.847736 1.042832
v 1.289866 -2.848849 1.059651
v 1.287297 -2.849114 1.080564
v 1.295491 -2.848459 1.099967
v 1.312253 -2.847061 1.11266
v 1.333091 -2.845294 1.115243
v 1.352422 -2.843631 1.107023
v 1.365067 -2.842517 1.090203
v 1.367636 -2.842252 1.06929
v 1.359442 -2.842907 1.049888
v 1.34268 -2.844305 1.037194
v 1.321842 -2.846073 1.034612
v 1.302511 -2.847736 1.042832
v 1.296865 -2.755827 1.043169
v 1.28377 -2.756936 1.05964
v 1.280656 -2.757475 1.080474
v 1.288357 -2.7573 1.100087
v 1.304811 -2.756458 1.113225
v 1.325608 -2.755174 1.116367
v 1.345175 -2.753793 1.108671
v 1.358271 -2.752684 1.092199
v 1.361385 -2.752145 1.071366
v 1.353683 -2.75232 1.051752
v 1.33723 -2.753162 1.038615
v 1.316433 -2.754446 1.035473
v 1.296865 -2.755827 1.043169
v 1.26221 -2.198533 1.056085
v 1.25041 -2.199343 1.073524
v 1.248902 -2.199649 1.09454
v 1.25809 -2.199368 1.113501
v 1.275513 -2.198575 1.125327
v 1.296502 -2.197483 1.126849
v 1.315432 -2.196385 1.117659
v 1.327233 -2.195574 1.10022
v 1.328741 -2.195268 1.079204
v 1.319552 -2.195549 1.060243
v 1.30213 -2.196342 1.048417
v 1.281141 -2.197434 1.046895
v 1.26221 -2.198533 1.056085
v 1.256068 -2.129264 1.058392
v 1.245731 -2.129398 1.076753
v 1.245939 -2.128857 1.097818
v 1.256639 -2.127786 1.11594
v 1.274961 -2.126472 1.126264
v 1.295997 -2.125268 1.126025
v 1.314111 -2.124495 1.115285
v 1.324448 -2.124361 1.096923
v 1.324239 -2.124902 1.075859
v 1.31354 -2.125973 1.057737
v 1.295217 -2.127287 1.047413
v 1.274181 -2.128492 1.047652
v 1.256068 -2.129264 1.058392
v 1.253934 -2.116264 1.059139
v 1.244359 -2.115088 1.077873
v 1.245405 -2.112713 1.098784
v 1.256792 -2.109776 1.11627
v 1.275467 -2.107063 1.125645
v 1.296428 -2.105302 1.124397
v 1.314058 -2.104964 1.11286
v 1.323633 -2.10614 1.094126
v 1.322587 -2.108514 1.073214
v 1.311201 -2.111451 1.055728
v 1.292525 -2.114164 1.046353
v 1.271564 -2.115926 1.047602
v 1.253934 -2.116264 1.059139
v 1.253737 -2.116492 1.059437
v 1.244226 -2.114407 1.078125
v 1.245312 -2.110716 1.098843
v 1.256703 -2.106411 1.11604
v 1.275347 -2.102643 1.125108
v 1.296249 -2.100423 1.123617
v 1.313807 -2.100346 1.111967
v 1.323318 -2.102432 1.09328
v 1.322232 -2.106122 1.072562
v 1.310841 -2.110427 1.055365
v 1.292197 -2.114195 1.046297
v 1.271296 -2.116415 1.047787
v 1.253737 -2.116492 1.059437
v 1.254391 -2.12027 1.060294
v 1.244549 -2.116331 1.078505
v 1.24516 -2.109879 1.098555
v 1.256061 -2.102643 1.115073
v 1.274331 -2.096562 1.123632
v 1.295074 -2.093264 1.121939
v 1.312733 -2.093635 1.110447
v 1.322575 -2.097574 1.092236
v 1.321964 -2.104026 1.072186
v 1.311063 -2.111262 1.055668
v 1.292794 -2.117344 1.047109
v 1.27205 -2.120641 1.048802
v 1.254391 -2.12027 1.060294
v 1.256062 -2.125321 1.061701
v 1.245443 -2.119657 1.078998
v 1.245011 -2.110464 1.097954
v 1.254881 -2.100206 1.11349
v 1.27241 -2.091632 1.121444
v 1.2929 -2.087039 1.119684
v 1.310861 -2.087657 1.108681
v 1.32148 -2.093322 1.091384
v 1.321912 -2.102515 1.072428
v 1.312041 -2.112773 1.056892
v 1.294513 -2.121347 1.048938
v 1.274023 -2.12594 1.050699
v 1.256062 -2.125321 1.061701
v 1.261849 -2.135247 1.066274
v 1.248846 -2.127386 1.080873
v 1.245091 -2.113848 1.096579
v 1.251592 -2.098263 1.109183
v 1.266605 -2.084805 1.115309
v 1.286109 -2.077082 1.113313
v 1.304877 -2.077161 1.103733
v 1.31788 -2.085023 1.089133
v 1.321634 -2.09856 1.073427
v 1.315134 -2.114146 1.060823
v 1.30012 -2.127603 1.054698
v 1.280617 -2.135327 1.056693
v 1.261849 -2.135247 1.066274
v 1.281289 -2.146641 1.081748
v 1.263178 -2.140973 1.090906
v 1.250449 -2.12596 1.098431
v 1.246514 -2.105624 1.102304
v 1.252426 -2.085415 1.101489
v 1.266603 -2.070748 1.096204
v 1.285244 -2.065552 1.087865
v 1.303355 -2.07122 1.078706
v 1.316084 -2.086233 1.071182
v 1.320019 -2.106569 1.067309
v 1.314106 -2.126778 1.068123
v 1.29993 -2.141445 1.073408
v 1.281289 -2.146641 1.081748
v 1.303147 -2.138373 1.099457
v 1.284131 -2.139098 1.108508
v 1.264859 -2.130999 1.111153
v 1.250493 -2.116245 1.106684
v 1.244884 -2.098789 1.096297
v 1.249534 -2.08331 1.082777
v 1.263196 -2.073955 1.069744
v 1.282212 -2.07323 1.060693
v 1.301484 -2.08133 1.058048
v 1.31585 -2.096084 1.062517
v 1.321459 -2.113539 1.072904
v 1.316809 -2.129018 1.086425
v 1.303147 -2.138373 1.099457
v 1.31048 -2.128063 1.105296
v 1.292497 -2.130156 1.116078
v 1.27199 -2.125885 1.118368
v 1.254454 -2.116395 1.111552
v 1.244587 -2.104228 1.097458
v 1.245035 -2.092646 1.07986
v 1.255676 -2.08475 1.063476
v 1.273659 -2.082657 1.052694
v 1.294166 -2.086928 1.050404
v 1.311702 -2.096418 1.05722
v 1.321569 -2.108585 1.071315
v 1.321121 -2.120167 1.088912
v 1.31048 -2.128063 1.105296
v 1.312814 -2.122638 1.106905
v 1.295381 -2.124725 1.118557
v 1.274627 -2.122015 1.120993
v 1.256112 -2.115234 1.11356
v 1.244798 -2.106199 1.09825
v 1.243716 -2.097331 1.079166
v 1.253156 -2.091006 1.06142
v 1.270589 -2.088919 1.049768
v 1.291344 -2.09163 1.047333
v 1.309859 -2.09841 1.054765
v 1.321173 -2.107445 1.070075
v 1.322255 -2.116313 1.08916
v 1.312814 -2.122638 1.106905
v 1.314302 -2.118488 1.107319
v 1.297364 -2.120259 1.119729
v 1.276524 -2.118791 1.122482
v 1.257367 -2.114476 1.114841
v 1.245024 -2.108471 1.098852
v 1.242804 -2.102385 1.078801
v 1.251301 -2.097848 1.060059
v 1.268239 -2.096076 1.047649
v 1.289079 -2.097545 1.044896
v 1.308236 -2.10186 1.052538
v 1.320579 -2.107865 1.068526
v 1.322799 -2.113951 1.088577
v 1.314302 -2.118488 1.107319
v 1.315088 -2.119313 1.106069
v 1.298627 -2.120712 1.119151
v 1.277827 -2.120013 1.122448
v 1.258259 -2.117403 1.115077
v 1.245168 -2.113581 1.099014
v 1.242061 -2.109572 1.078561
v 1.24977 -2.10645 1.0592
v 1.26623 -2.105051 1.046118
v 1.287031 -2.10575 1.042821
v 1.306599 -2.108361 1.050192
v 1.31969 -2.112182 1.066256
v 1.322797 -2.116191 1.086708
v 1.315088 -2.119313 1.106069
v 1.31547 -2.134393 1.10224
v 1.299685 -2.135482 1.116157
v 1.27905 -2.135134 1.12041
v 1.259093 -2.133441 1.113861
v 1.245162 -2.130858 1.098263
v 1.240991 -2.128075 1.077796
v 1.247696 -2.12584 1.057945
v 1.263481 -2.12475 1.044028
v 1.284116 -2.125098 1.039774
v 1.304072 -2.126791 1.046324
v 1.318003 -2.129375 1.061922
v 1.322175 -2.132157 1.082389
v 1.31547 -2.134393 1.10224
v 1.314235 -2.197152 1.093023
v 1.299486 -2.197943 1.108052
v 1.279204 -2.197554 1.113755
v 1.258824 -2.19609 1.108604
v 1.243806 -2.193942 1.09398
v 1.238175 -2.191686 1.0738
v 1.243439 -2.189927 1.053472
v 1.258188 -2.189136 1.038443
v 1.278469 -2.189525 1.032739
v 1.29885 -2.190989 1.03789
v 1.313867 -2.193137 1.052515
v 1.319499 -2.195392 1.072695
v 1.314235 -2.197152 1.093023
v 1.302385 -2.406857 1.072083
v 1.288241 -2.407272 1.087696
v 1.268219 -2.406411 1.09421
v 1.247685 -2.404507 1.089878
v 1.232141 -2.402069 1.075861
v 1.225752 -2.399751 1.055915
v 1.23023 -2.398173 1.035385
v 1.244374 -2.397759 1.019771
v 1.264396 -2.39862 1.013258
v 1.28493 -2.400524 1.01759
v 1.300474 -2.402962 1.031607
v 1.306863 -2.40528 1.051552
v 1.302385 -2.406857 1.072083
v 1.292597 -2.521628 1.061628
v 1.278287 -2.521771 1.077095
v 1.258225 -2.520466 1.083407
v 1.237787 -2.518062 1.078875
v 1.22245 -2.515203 1.064711
v 1.216322 -2.512655 1.044711
v 1.221047 -2.511101 1.024234
v 1.235357 -2.510958 1.008767
v 1.255419 -2.512263 1.002454
v 1.275856 -2.514667 1.006987
v 1.291194 -2.517526 1.021151
v 1.297321 -2.520074 1.041151
v 1.292597 -2.521628 1.061628
v 1.286933 -2.574293 1.05665
v 1.272509 -2.574233 1.072011
v 1.252429 -2.572575 1.078182
v 1.232074 -2.569764 1.073511
v 1.216899 -2.566552 1.059248
v 1.21097 -2.563802 1.039215
v 1.215874 -2.562248 1.018781
v 1.230299 -2.562308 1.00342
v 1.250379 -2.563966 0.9972489
v 1.270733 -2.566777 1.001921
v 1.285908 -2.569988 1.016184
v 1.291838 -2.572739 1.036216
v 1.286933 -2.574293 1.05665
v 1.280797 -2.621219 1.051915
v 1.266275 -2.620862 1.06718
v 1.24621 -2.618673 1.073232
v 1.225978 -2.615239 1.068449
v 1.210999 -2.611481 1.054113
v 1.205287 -2.608404 1.034064
v 1.210374 -2.606835 1.013676
v 1.224895 -2.607192 0.9984101
v 1.24496 -2.609381 0.9923581
v 1.265193 -2.612815 0.9971411
v 1.280172 -2.616574 1.011478
v 1.285883 -2.61965 1.031526
v 1.280797 -2.621219 1.051915
v 1.27422 -2.660784 1.047454
v 1.25965 -2.660022 1.062659
v 1.239664 -2.657078 1.068651
v 1.219616 -2.65274 1.063824
v 1.204878 -2.648172 1.049473
v 1.1994 -2.644597 1.029442
v 1.204648 -2.642973 1.009099
v 1.219218 -2.643735 0.9938946
v 1.239204 -2.64668 0.9879026
v 1.259252 -2.651017 0.9927288
v 1.27399 -2.655586 1.00708
v 1.279468 -2.659161 1.027111
v 1.27422 -2.660784 1.047454
v 1.267286 -2.692801 1.043227
v 1.252738 -2.691521 1.058416
v 1.232938 -2.687544 1.064433
v 1.213194 -2.681936 1.059666
v 1.198795 -2.676199 1.04539
v 1.193599 -2.671871 1.025433
v 1.198999 -2.670111 1.005141
v 1.213547 -2.671391 0.9899513
v 1.233347 -2.675368 0.9839342
v 1.253091 -2.680976 0.9887019
v 1.26749 -2.686713 1.002977
v 1.272686 -2.691041 1.022935
v 1.267286 -2.692801 1.043227
v 1.259776 -2.718143 1.038991
v 1.245392 -2.716098 1.054253
v 1.226062 -2.710473 1.060476
v 1.206965 -2.702776 1.055994
v 1.193219 -2.695068 1.042006
v 1.188507 -2.689416 1.02226
v 1.194091 -2.687332 1.002049
v 1.208475 -2.689377 0.9867866
v 1.227806 -2.695002 0.9805631
v 1.246902 -2.702699 0.9850459
v 1.260648 -2.710407 0.999034
v 1.265361 -2.716059 1.018779
v 1.259776 -2.718143 1.038991
v 1.25539 -2.729034 1.036595
v 1.241226 -2.726408 1.051974
v 1.222427 -2.719455 1.058477
v 1.204031 -2.710039 1.054362
v 1.190966 -2.700681 1.040731
v 1.186735 -2.693891 1.021237
v 1.192469 -2.691486 1.001104
v 1.206634 -2.694112 0.9857252
v 1.225433 -2.701065 0.9792221
v 1.243829 -2.710481 0.9833372
v 1.256893 -2.719839 0.9969678
v 1.261125 -2.726629 1.016462
v 1.25539 -2.729034 1.036595
v 1.249648 -2.739712 1.03346
v 1.235962 -2.736242 1.049102
v 1.218275 -2.727268 1.05622
v 1.201326 -2.715194 1.052906
v 1.189657 -2.703256 1.040048
v 1.186394 -2.694652 1.021091
v 1.192412 -2.691688 1.001115
v 1.206098 -2.695158 0.9854728
v 1.223785 -2.704132 0.9783553
v 1.240734 -2.716206 0.9816696
v 1.252403 -2.728144 0.9945277
v 1.255666 -2.736748 1.013484
v 1.249648 -2.739712 1.03346
v 1.245559 -2.745386 1.031204
v 1.232328 -2.741352 1.047101
v 1.215693 -2.730965 1.054811
v 1.200114 -2.717006 1.052268
v 1.189763 -2.703217 1.040153
v 1.187415 -2.693292 1.021714
v 1.193698 -2.689891 1.00189
v 1.206929 -2.693924 0.985994
v 1.223563 -2.704312 0.9782844
v 1.239143 -2.71827 0.9808273
v 1.249494 -2.732059 0.9929415
v 1.251842 -2.741984 1.011381
v 1.245559 -2.745386 1.031204
v 1.239752 -2.751429 1.027971
v 1.227259 -2.746748 1.044282
v 1.212356 -2.734648 1.052971
v 1.199035 -2.718369 1.051709
v 1.190867 -2.702274 1.040834
v 1.190039 -2.690675 1.023261
v 1.196774 -2.686681 1.003698
v 1.209267 -2.691361 0.9873869
v 1.22417 -2.703462 0.9786982
v 1.237491 -2.719741 0.9799601
v 1.245659 -2.735836 0.9908345
v 1.246487 -2.747434 1.008408
v 1.239752 -2.751429 1.027971
v 1.235833 -2.754477 1.025775
v 1.223867 -2.749475 1.042383
v 1.21022 -2.73646 1.051784
v 1.198549 -2.718918 1.05146
v 1.191982 -2.70155 1.041498
v 1.192278 -2.68901 1.024566
v 1.199357 -2.684657 1.005202
v 1.211323 -2.689659 0.9885938
v 1.22497 -2.702675 0.9791923
v 1.236641 -2.720217 0.9795163
v 1.243208 -2.737585 0.9894788
v 1.242912 -2.750125 1.006411
v 1.235833 -2.754477 1.025775
v 1.231009 -2.757319 1.023062
v 1.219698 -2.752042 1.04004
v 1.207648 -2.738165 1.050348
v 1.198086 -2.719408 1.051225
v 1.193576 -2.700796 1.042435
v 1.195326 -2.687315 1.026334
v 1.202866 -2.682579 1.007235
v 1.214177 -2.687857 0.9902575
v 1.226227 -2.701733 0.9799492
v 1.235789 -2.72049 0.9790727
v 1.240299 -2.739103 0.9878627
v 1.238549 -2.752583 1.003964
v 1.231009 -2.757319 1.023062
v 1.225184 -2.759614 1.019779
v 1.214656 -2.754163 1.0372
v 1.204566 -2.739612 1.048623
v 1.197618 -2.71986 1.050987
v 1.195673 -2.700199 1.04366
v 1.199252 -2.685897 1.028604
v 1.207397 -2.680787 1.009853
v 1.217925 -2.686238 0.9924327
v 1.228015 -2.700789 0.9810097
v 1.234964 -2.720542 0.9786451
v 1.236909 -2.740203 0.9859725
v 1.233329 -2.754504 1.001029
v 1.225184 -2.759614 1.019779
v 1.218465 -2.760905 1.015985
v 1.20881 -2.755443 1.033901
v 1.200989 -2.74057 1.046616
v 1.197099 -2.720271 1.050723
v 1.19818 -2.699986 1.045121
v 1.203944 -2.68515 1.031312
v 1.212846 -2.679738 1.012996
v 1.222501 -2.6852 0.9950798
v 1.230322 -2.700073 0.9823649
v 1.234212 -2.720371 0.978258
v 1.233131 -2.740656 0.9838597
v 1.227367 -2.755493 0.9976687
v 1.218465 -2.760905 1.015985
v 1.211255 -2.760781 1.011912
v 1.202487 -2.755505 1.030333
v 1.197081 -2.740799 1.044423
v 1.196485 -2.720603 1.050408
v 1.200858 -2.70033 1.046682
v 1.209029 -2.68541 1.034246
v 1.218809 -2.679842 1.016431
v 1.227577 -2.685118 0.9980101
v 1.232983 -2.699824 0.9839199
v 1.233579 -2.72002 0.9779355
v 1.229206 -2.740294 0.9816605
v 1.221035 -2.755213 0.9940969
v 1.211255 -2.760781 1.011912
v 1.20419 -2.759122 1.007922
v 1.196231 -2.75421 1.026805
v 1.193146 -2.740178 1.042219
v 1.195762 -2.720784 1.050034
v 1.203377 -2.701226 1.048156
v 1.213952 -2.686745 1.037089
v 1.224651 -2.681219 1.019797
v 1.23261 -2.686131 1.000914
v 1.235695 -2.700164 0.9854996
v 1.233079 -2.719558 0.9776845
v 1.225464 -2.739115 0.9795623
v 1.21489 -2.753597 0.9906301
v 1.20419 -2.759122 1.007922
v 1.197867 -2.756203 1.004355
v 1.190575 -2.751765 1.023621
v 1.189512 -2.738788 1.040189
v 1.194963 -2.72075 1.04962
v 1.205467 -2.702484 1.049388
v 1.21821 -2.688885 1.039554
v 1.229776 -2.683596 1.022753
v 1.237068 -2.688034 1.003488
v 1.238131 -2.701011 0.9869194
v 1.23268 -2.719049 0.977488
v 1.222177 -2.737315 0.9777206
v 1.209434 -2.750914 0.9875547
v 1.197867 -2.756203 1.004355
v 1.192607 -2.752525 1.001394
v 1.185823 -2.748591 1.020952
v 1.186384 -2.736861 1.038448
v 1.194141 -2.720478 1.049194
v 1.207014 -2.703833 1.05031
v 1.221554 -2.691385 1.041498
v 1.233865 -2.686469 1.025118
v 1.240649 -2.690404 1.00556
v 1.240088 -2.702134 0.9880637
v 1.232331 -2.718517 0.9773177
v 1.219458 -2.735162 0.9762013
v 1.204918 -2.74761 0.9850137
v 1.192607 -2.752525 1.001394
v 1.188425 -2.74856 0.9990458
v 1.182011 -2.745104 1.018818
v 1.18381 -2.734643 1.037022
v 1.19334 -2.719982 1.048779
v 1.208048 -2.705047 1.05094
v 1.223993 -2.693842 1.042926
v 1.236902 -2.689368 1.026883
v 1.243317 -2.692825 1.007111
v 1.241518 -2.703285 0.9889073
v 1.231988 -2.717947 0.9771497
v 1.21728 -2.732881 0.9749887
v 1.201335 -2.744086 0.9830033
v 1.188425 -2.74856 0.9990458
v 1.185167 -2.744617 0.9972227
v 1.179015 -2.741585 1.017147
v 1.181729 -2.732315 1.035875
v 1.192583 -2.71929 1.048387
v 1.208668 -2.705999 1.051332
v 1.225673 -2.696004 1.04392
v 1.239044 -2.691984 1.028137
v 1.245196 -2.695015 1.008212
v 1.242482 -2.704286 0.9894847
v 1.231628 -2.717311 0.9769722
v 1.215543 -2.730602 0.9740276
v 1.198537 -2.740596 0.9814397
v 1.185167 -2.744617 0.9972227
v 1.180625 -2.737282 0.9946961
v 1.174792 -2.734927 1.014807
v 1.178669 -2.727656 1.034201
v 1.191218 -2.717417 1.047682
v 1.209076 -2.706954 1.051636
v 1.227458 -2.699069 1.045006
v 1.241439 -2.695878 1.029566
v 1.247273 -2.698232 1.009455
v 1.243395 -2.705503 0.9900613
v 1.230847 -2.715743 0.9765809
v 1.212989 -2.726206 0.9726262
v 1.194606 -2.73409 0.9792569
v 1.180625 -2.737282 0.9946961
v 1.177694 -2.730728 0.9930786
v 1.172027 -2.728857 1.013288
v 1.176541 -2.723094 1.033048
v 1.190025 -2.714983 1.047063
v 1.208867 -2.7067 1.051579
v 1.228018 -2.700462 1.045386
v 1.242346 -2.697941 1.030142
v 1.248013 -2.699813 1.009933
v 1.2435 -2.705576 0.990173
v 1.230015 -2.713686 0.9761574
v 1.211174 -2.72197 0.9716413
v 1.192023 -2.728208 0.9778349
v 1.177694 -2.730728 0.9930786
v 1.17564 -2.724682 0.9919507
v 1.170065 -2.723158 1.012215
v 1.174943 -2.718528 1.032185
v 1.188965 -2.712032 1.04651
v 1.208376 -2.705411 1.051351
v 1.227972 -2.700439 1.045412
v 1.242505 -2.698449 1.030283
v 1.248079 -2.699973 1.010019
v 1.243201 -2.704603 0.990049
v 1.229179 -2.711099 0.9757242
v 1.209769 -2.71772 0.9708828
v 1.190172 -2.722692 0.9768221
v 1.17564 -2.724682 0.9919507
v 1.172864 -2.713036 0.9904183
v 1.167378 -2.711962 1.010735
v 1.172611 -2.708876 1.030912
v 1.187162 -2.704604 1.045543
v 1.207131 -2.700292 1.050707
v 1.227168 -2.697095 1.045021
v 1.241904 -2.695869 1.030008
v 1.24739 -2.696943 1.009691
v 1.242156 -2.700029 0.9895139
v 1.227605 -2.7043 0.9748832
v 1.207636 -2.708612 0.9697191
v 1.187599 -2.71181 0.9754053
v 1.172864 -2.713036 0.9904183
v 1.171023 -2.700867 0.9893588
v 1.165574 -2.70006 1.009698
v 1.170955 -2.697961 1.029963
v 1.185725 -2.695131 1.044723
v 1.205926 -2.69233 1.050025
v 1.226146 -2.690308 1.044446
v 1.240965 -2.689607 1.029482
v 1.246415 -2.690414 1.009143
v 1.241034 -2.692513 0.9888781
v 1.226264 -2.695343 0.9741176
v 1.206063 -2.698143 0.9688165
v 1.185843 -2.700166 0.9743952
v 1.171023 -2.700867 0.9893588
v 1.16976 -2.687464 0.9885528
v 1.164329 -2.686826 1.008903
v 1.169777 -2.685408 1.029209
v 1.184645 -2.683591 1.04403
v 1.204949 -2.681861 1.049395
v 1.225248 -2.680682 1.043867
v 1.240104 -2.68037 1.028926
v 1.245536 -2.681008 1.008576
v 1.240088 -2.682426 0.9882694
v 1.22522 -2.684243 0.9734482
v 1.204916 -2.685973 0.9680831
v 1.184616 -2.687152 0.9736118
v 1.16976 -2.687464 0.9885528
v 1.16851 -2.655564 0.9874525
v 1.163092 -2.655205 1.007813
v 1.168581 -2.654667 1.028151
v 1.183505 -2.654094 1.043016
v 1.203866 -2.653639 1.048425
v 1.224207 -2.653424 1.04293
v 1.239079 -2.653508 1.028002
v 1.244497 -2.653866 1.007641
v 1.239008 -2.654405 0.9873037
v 1.224084 -2.654978 0.9724386
v 1.203723 -2.655433 0.9670291
v 1.183382 -2.655647 0.9725245
v 1.16851 -2.655564 0.9874525
v 1.168373 -2.614115 0.9869512
v 1.162949 -2.614014 1.007313
v 1.168433 -2.613964 1.027659
v 1.183355 -2.61398 1.042537
v 1.203717 -2.614056 1.047961
v 1.224062 -2.614173 1.042478
v 1.23894 -2.614299 1.027556
v 1.244364 -2.614401 1.007195
v 1.23888 -2.61445 0.9868487
v 1.223958 -2.614435 0.9719703
v 1.203597 -2.614358 0.9665461
v 1.183251 -2.614241 0.9720296
v 1.168373 -2.614115 0.9869512
v 1.169448 -2.490072 0.9879351
v 1.16399 -2.490363 1.008286
v 1.16944 -2.490729 1.028638
v 1.184337 -2.491072 1.043537
v 1.20469 -2.491299 1.048992
v 1.225044 -2.491351 1.04354
v 1.239947 -2.491212 1.028643
v 1.245404 -2.490921 1.008292
v 1.239954 -2.490555 0.9879403
v 1.225057 -2.490212 0.9730411
v 1.204705 -2.489985 0.9675864
v 1.18435 -2.489933 0.973038
v 1.169448 -2.490072 0.9879351
v 1.164648 -1.98123 1.000953
v 1.159111 -1.981972 1.021271
v 1.164479 -1.982471 1.041642
v 1.179314 -1.982594 1.056607
v 1.199641 -1.982306 1.062156
v 1.220012 -1.981686 1.056803
v 1.234969 -1.9809 1.041981
v 1.240506 -1.980158 1.021663
v 1.235138 -1.979658 1.001292
v 1.220303 -1.979536 0.9863276
v 1.199977 -1.979824 0.9807785
v 1.179605 -1.980444 0.9861318
v 1.164648 -1.98123 1.000953
v 1.159111 -1.981972 1.021271
v 1.164479 -1.982471 1.041642
v 1.179314 -1.982594 1.056607
v 1.199641 -1.982306 1.062156
v 1.220012 -1.981686 1.056803
v 1.234969 -1.9809 1.041981
v 1.240506 -1.980158 1.021663
v 1.235138 -1.979658 1.001292
v 1.220303 -1.979536 0.9863276
v 1.199977 -1.979824 0.9807785
v 1.179605 -1.980444 0.9861318
v 1.164648 -1.98123 1.000953
v 1.162748 -1.964228 1.021828
v 1.167584 -1.964677 1.04018
v 1.180949 -1.964788 1.053662
v 1.199261 -1.964529 1.058661
v 1.217614 -1.96397 1.053838
v 1.231089 -1.963262 1.040485
v 1.236077 -1.962593 1.022181
v 1.231241 -1.962143 1.003828
v 1.217876 -1.962033 0.9903464
v 1.199564 -1.962292 0.9853472
v 1.181211 -1.96285 0.9901701
v 1.167735 -1.963559 1.003523
v 1.173729 -1.94982 1.022313
v 1.177075 -1.950131 1.035009
v 1.186321 -1.950207 1.044336
v 1.19899 -1.950028 1.047795
v 1.211687 -1.949641 1.044459
v 1.22101 -1.949151 1.035221
v 1.22446 -1.948689 1.022557
v 1.221115 -1.948377 1.00986
v 1.211868 -1.948301 1.000533
v 1.199199 -1.94848 0.9970744
v 1.186502 -1.948867 1.000411
v 1.17718 -1.949357 1.009649
v 1.189699 -1.941649 1.022628
v 1.190916 -1.941762 1.027243
v 1.194276 -1.94179 1.030633
v 1.198881 -1.941725 1.03189
v 1.203496 -1.941584 1.030677
v 1.206885 -1.941406 1.02732
v 1.208139 -1.941238 1.022717
v 1.206923 -1.941125 1.018102
v 1.203562 -1.941097 1.014711
v 1.198957 -1.941162 1.013454
v 1.194342 -1.941303 1.014667
v 1.190954 -1.941481 1.018025
v 1.198896 -1.940386 1.022704

vn -0.2326784 0.9708101 -0.0582115
vn -0.125178 0.991913 -0.02095753
vn -0.1580691 0.9870098 0.02873993
vn -0.2105343 0.9760243 0.05524314
vn -0.2685156 0.9619003 0.05145067
vn -0.316477 0.9484222 0.01837885
vn -0.3415672 0.9392013 -0.03511095
vn -0.3370633 0.9367086 -0.09468614
vn -0.3041722 0.9416117 -0.1443836
vn -0.2517069 0.9525971 -0.1708868
vn -0.1937257 0.9667212 -0.1670945
vn -0.1457643 0.9801994 -0.1340225
vn -0.1206741 0.9894202 -0.08053273
vn 0.123365 0.9902914 0.06406247
vn 0.01795965 0.9745783 0.2233265
vn -0.1501744 0.9393736 0.308261
vn -0.3359857 0.8941107 0.2961075
vn -0.4896863 0.8509175 0.1901228
vn -0.5700922 0.8213678 0.01870537
vn -0.5556588 0.8133793 -0.1722137
vn -0.4502533 0.8290925 -0.3314778
vn -0.2821194 0.8642972 -0.4164123
vn -0.09630813 0.9095601 -0.4042588
vn 0.05739243 0.9527532 -0.2982742
vn 0.1377984 0.9823028 -0.1268566
vn 0.4989997 0.8456472 0.1894205
vn 0.293959 0.815081 0.4992306
vn -0.03310555 0.7465989 0.6644503
vn -0.394557 0.6585507 0.6408087
vn -0.6935446 0.5745287 0.4346409
vn -0.849955 0.5170467 0.1011891
vn -0.8218781 0.501507 -0.2701983
vn -0.6168373 0.5320733 -0.5800085
vn -0.289773 0.6005555 -0.745228
vn 0.07167843 0.6886038 -0.7215865
vn 0.3706661 0.7726256 -0.5154186
vn 0.5270766 0.8301075 -0.1819667
vn 0.9170993 0.2389402 0.3191181
vn 0.6323754 0.1964952 0.7493271
vn 0.1782069 0.1013995 0.9787546
vn -0.3237122 -0.02086615 0.9459254
vn -0.7388927 -0.1375408 0.6596363
vn -0.9560875 -0.2173614 0.1965982
vn -0.9170993 -0.2389402 -0.3191182
vn -0.6323752 -0.1964952 -0.7493272
vn -0.1782069 -0.1013995 -0.9787546
vn 0.3237122 0.02086616 -0.9459255
vn 0.7388927 0.1375408 -0.6596364
vn 0.9560875 0.2173614 -0.1965978
vn 0.9170993 0.2389402 0.3191181
vn 0.6323754 0.1964952 0.7493271
vn 0.1782069 0.1013995 0.9787546
vn -0.3237122 -0.02086615 0.9459254
vn -0.7388927 -0.1375408 0.6596363
vn -0.9560875 -0.2173614 0.1965982
vn -0.9170993 -0.2389402 -0.3191182
vn -0.6323752 -0.1964952 -0.7493272
vn -0.1782069 -0.1013995 -0.9787546
vn 0.3237122 0.02086616 -0.9459255
vn 0.7388927 0.1375408 -0.6596364
vn 0.9560875 0.2173614 -0.1965978
vn 0.9170993 0.2389402 0.3191181
vn 0.9361047 0.1505801 0.3178578
vn 0.6566169 0.08812059 0.7490588
vn 0.2011888 0.002049148 0.9795504
vn -0.3081477 -0.08457129 0.947572
vn -0.7349162 -0.148531 0.6616923
vn -0.9647644 -0.1726918 0.1985128
vn -0.9361047 -0.1505801 -0.3178579
vn -0.6566167 -0.08812056 -0.7490589
vn -0.2011888 -0.002049207 -0.9795504
vn 0.3081476 0.08457129 -0.947572
vn 0.7349162 0.1485309 -0.6616924
vn 0.9647644 0.1726919 -0.1985126
vn 0.9361047 0.1505801 0.3178578
vn 0.9385241 0.1171687 0.3247215
vn 0.6562924 0.04745046 0.7530131
vn 0.1982076 -0.03498209 0.9795356
vn -0.3129869 -0.1080412 0.9435923
vn -0.7403167 -0.1521507 0.6548139
vn -0.9692791 -0.1554916 0.1905789
vn -0.9385241 -0.1171687 -0.3247216
vn -0.6562922 -0.04745044 -0.7530133
vn -0.1982076 0.03498203 -0.9795356
vn 0.3129868 0.1080412 -0.9435923
vn 0.7403166 0.1521507 -0.654814
vn 0.9692792 0.1554916 -0.1905786
vn 0.9385241 0.1171687 0.3247215
vn 0.9302828 0.08432335 0.3570205
vn 0.6329781 0.009526609 0.7741111
vn 0.1660676 -0.06782282 0.9837793
vn -0.3453408 -0.1269991 0.9298446
vn -0.7642154 -0.1521462 0.6267586
vn -0.9783189 -0.1365258 0.1557334
vn -0.9302827 -0.08432333 -0.3570205
vn -0.632978 -0.009526579 -0.7741112
vn -0.1660676 0.06782282 -0.9837793
vn 0.3453408 0.1269991 -0.9298446
vn 0.7642153 0.1521462 -0.6267588
vn 0.978319 0.1365257 -0.1557331
vn 0.9302828 0.08432335 0.3570205
vn 0.8790963 0.0396952 0.4749884
vn 0.527634 -0.02753108 0.8490257
vn 0.0347923 -0.08738057 0.9955673
vn -0.467372 -0.1238164 0.8753474
vn -0.8443042 -0.1270758 0.5205786
vn -0.9950057 -0.09628531 0.02632146
vn -0.8790963 -0.03969518 -0.4749885
vn -0.5276337 0.02753114 -0.8490257
vn -0.03479224 0.08738058 -0.9955673
vn 0.467372 0.1238164 -0.8753474
vn 0.8443041 0.1270758 -0.5205788
vn 0.9950057 0.09628525 -0.02632113
vn 0.8790963 0.0396952 0.4749884
vn 0.8588973 0.02433406 0.5115693
vn 0.4907187 -0.03454448 0.8706331
vn -0.008947909 -0.08416688 0.9964115
vn -0.5062169 -0.1112368 0.8552022
vn -0.8678455 -0.1085009 0.4848421
vn -0.9969354 -0.07669234 -0.01543101
vn -0.8588973 -0.02433405 -0.5115694
vn -0.4907184 0.03454446 -0.8706332
vn 0.008947968 0.08416688 -0.9964115
vn 0.5062169 0.1112368 -0.8552022
vn 0.8678454 0.108501 -0.4848421
vn 0.9969354 0.07669222 0.01543134
vn 0.8588973 0.02433406 0.5115693
vn 0.8363954 -0.002740679 0.5481196
vn 0.4513323 -0.04829612 0.8910481
vn -0.05466544 -0.08091068 0.9952211
vn -0.5460154 -0.09184527 0.8327254
vn -0.8910611 -0.07817005 0.4471014
vn -0.9973474 -0.04354922 -0.05832296
vn -0.8363954 0.002740709 -0.5481196
vn -0.451332 0.04829612 -0.8910483
vn 0.05466538 0.08091068 -0.9952211
vn 0.5460154 0.09184527 -0.8327254
vn 0.8910611 0.07816999 -0.4471014
vn 0.9973474 0.04354909 0.05832332
vn 0.8363954 -0.002740679 0.5481196
vn 0.8120136 -0.06550654 0.5799507
vn 0.4116338 -0.08260527 0.907598
vn -0.09904311 -0.07757001 0.9920551
vn -0.5831816 -0.05174994 0.8106918
vn -0.9110569 -0.0120635 0.4121041
vn -0.9948152 0.03085529 -0.09690641
vn -0.8120136 0.06550657 -0.5799508
vn -0.4116336 0.08260533 -0.907598
vn 0.09904316 0.07757007 -0.9920551
vn 0.5831816 0.05175 -0.8106918
vn 0.9110569 0.0120635 -0.4121042
vn 0.9948151 -0.03085534 0.09690672
vn 0.8120136 -0.06550654 0.5799507
vn 0.7966504 -0.143528 0.5871524
vn 0.3929403 -0.1271834 0.9107263
vn -0.116058 -0.07676005 0.9902719
vn -0.5939587 -0.005769014 0.8044749
vn -0.9127086 0.06676792 0.4031192
vn -0.9868988 0.1214144 -0.1062516
vn -0.7966503 0.143528 -0.5871524
vn -0.39294 0.1271834 -0.9107264
vn 0.116058 0.07676005 -0.9902719
vn 0.5939587 0.005769013 -0.8044748
vn 0.9127085 -0.06676792 -0.4031193
vn 0.9868988 -0.1214144 0.106252
vn 0.7966504 -0.143528 0.5871524
vn 0.7834662 -0.2197318 0.5812905
vn 0.3840408 -0.1722611 0.9071046
vn -0.1182883 -0.0786333 0.989861
vn -0.5889221 0.03606438 0.8073847
vn -0.9017547 0.1410986 0.4085703
vn -0.9729627 0.2083256 -0.09972011
vn -0.7834662 0.2197318 -0.5812905
vn -0.3840405 0.1722611 -0.9071047
vn 0.1182882 0.07863324 -0.989861
vn 0.5889221 -0.03606439 -0.8073848
vn 0.9017546 -0.1410985 -0.4085704
vn 0.9729627 -0.2083255 0.09972041
vn 0.7834662 -0.2197318 0.5812905
vn 0.7517673 -0.361495 0.5515137
vn 0.3733782 -0.2611037 0.8901762
vn -0.1050575 -0.09074991 0.9903168
vn -0.5553432 0.1039203 0.8251027
vn -0.8568251 0.2707452 0.4388029
vn -0.9287211 0.365024 -0.06507364
vn -0.7517673 0.3614949 -0.5515137
vn -0.3733779 0.2611036 -0.8901763
vn 0.1050575 0.09074991 -0.9903168
vn 0.5553431 -0.1039203 -0.8251027
vn 0.8568249 -0.2707452 -0.4388031
vn 0.928721 -0.365024 0.06507396
vn 0.7517673 -0.361495 0.5515137
vn 0.7115388 -0.4836703 0.5096818
vn 0.3625436 -0.3447657 0.8658515
vn -0.08359516 -0.1134813 0.9900171
vn -0.5073346 0.1482105 0.8489082
vn -0.7951341 0.3701892 0.4803349
vn -0.8698779 0.492976 -0.01694351
vn -0.7115386 0.4836703 -0.509682
vn -0.3625433 0.3447656 -0.8658516
vn 0.08359519 0.1134812 -0.9900171
vn 0.5073346 -0.1482104 -0.8489082
vn 0.7951341 -0.3701891 -0.480335
vn 0.8698779 -0.4929761 0.01694384
vn 0.7115388 -0.4836703 0.5096818
vn 0.620013 -0.6643375 0.4174202
vn 0.3317231 -0.4859444 0.8085901
vn -0.04545185 -0.1773428 0.983099
vn -0.4104481 0.1787777 0.8941873
vn -0.6654651 0.4869949 0.5656786
vn -0.742171 0.6647219 0.08559694
vn -0.6200129 0.6643375 -0.4174203
vn -0.3317229 0.4859442 -0.8085902
vn 0.04545185 0.1773428 -0.983099
vn 0.410448 -0.1787777 -0.8941873
vn 0.665465 -0.4869947 -0.5656787
vn 0.742171 -0.6647221 -0.08559665
vn 0.620013 -0.6643375 0.4174202
vn 0.4047495 -0.8886824 0.2154562
vn 0.2228438 -0.7114224 0.6664975
vn -0.01877279 -0.3435372 0.9389514
vn -0.2553593 0.1163988 0.9598141
vn -0.4235224 0.5451456 0.723495
vn -0.478203 0.8278209 0.2933163
vn -0.4047494 0.8886825 -0.2154562
vn -0.2228437 0.7114223 -0.6664976
vn 0.01877284 0.3435372 -0.9389514
vn 0.2553592 -0.1163987 -0.9598141
vn 0.4235223 -0.5451455 -0.7234951
vn 0.4782029 -0.8278211 -0.293316
vn 0.4047495 -0.8886824 0.2154562
vn 0.02887748 -0.9936585 -0.1086689
vn -0.05975906 -0.9165375 0.395459
vn -0.1323833 -0.5938311 0.7936242
vn -0.1695353 -0.1120079 0.9791384
vn -0.1612607 0.3998278 0.9022931
vn -0.1097762 0.8045296 0.5836791
vn -0.02887736 0.9936585 0.1086688
vn 0.05975911 0.9165374 -0.3954592
vn 0.1323832 0.593831 -0.7936242
vn 0.1695354 0.1120079 -0.9791384
vn 0.1612607 -0.3998277 -0.9022931
vn 0.1097763 -0.8045298 -0.5836788
vn 0.02887748 -0.9936585 -0.1086689
vn -0.3082131 -0.8734487 -0.376951
vn -0.3983683 -0.9077327 0.1316211
vn -0.3817809 -0.6987906 0.6049257
vn -0.2628956 -0.302608 0.916141
vn -0.07356769 0.1746584 0.9818769
vn 0.1354727 0.6051249 0.7845196
vn 0.3082133 0.8734487 0.3769509
vn 0.3983682 0.9077327 -0.1316213
vn 0.3817809 0.6987906 -0.6049257
vn 0.2628957 0.302608 -0.916141
vn 0.0735677 -0.1746581 -0.981877
vn -0.1354727 -0.6051251 -0.7845194
vn -0.3082131 -0.8734487 -0.376951
vn -0.4904663 -0.7045919 -0.5128285
vn -0.6181538 -0.7858554 -0.01781216
vn -0.5802074 -0.6565496 0.4819772
vn -0.3867949 -0.3513217 0.8526211
vn -0.08974092 0.04804265 0.9948058
vn 0.2313588 0.4345337 0.870433
vn 0.4904664 0.7045919 0.5128284
vn 0.6181537 0.7858555 0.01781195
vn 0.5802074 0.6565496 -0.4819773
vn 0.3867949 0.3513217 -0.8526211
vn 0.08974104 -0.04804253 -0.9948058
vn -0.2313591 -0.434534 -0.8704328
vn -0.4904663 -0.7045919 -0.5128285
vn -0.5791957 -0.5760754 -0.576775
vn -0.737133 -0.6693556 -0.09272581
vn -0.6975561 -0.5832825 0.4161695
vn -0.4710695 -0.3409193 0.8135525
vn -0.1183601 -0.007206916 0.9929446
vn 0.2660636 0.3284363 0.906278
vn 0.5791959 0.5760754 0.576775
vn 0.737133 0.6693556 0.09272555
vn 0.697556 0.5832825 -0.4161695
vn 0.4710695 0.3409193 -0.8135525
vn 0.1183602 0.007206975 -0.9929446
vn -0.2660639 -0.3284365 -0.9062778
vn -0.5791957 -0.5760754 -0.576775
vn -0.6251575 -0.4865688 -0.6102695
vn -0.8033128 -0.580424 -0.1334039
vn -0.7662212 -0.5187551 0.3792075
vn -0.5238211 -0.3180861 0.7902105
vn -0.1410634 -0.03218615 0.9894772
vn 0.2794918 0.262338 0.9236142
vn 0.6251575 0.4865688 0.6102694
vn 0.8033128 0.580424 0.1334036
vn 0.7662211 0.518755 -0.3792076
vn 0.5238211 0.3180861 -0.7902105
vn 0.1410635 0.03218627 -0.9894772
vn -0.2794922 -0.2623381 -0.923614
vn -0.6251575 -0.4865688 -0.6102695
vn -0.6660845 -0.376956 -0.6436114
vn -0.8679253 -0.4648027 -0.1751114
vn -0.8372064 -0.4281059 0.3403098
vn -0.5821585 -0.2766984 0.7645452
vn -0.1711216 -0.05114983 0.9839213
vn 0.285767 0.1881043 0.9396563
vn 0.6660846 0.376956 0.6436113
vn 0.8679254 0.4648027 0.1751111
vn 0.8372064 0.4281059 -0.3403099
vn 0.5821585 0.2766984 -0.7645452
vn 0.1711218 0.05114984 -0.9839213
vn -0.2857672 -0.1881044 -0.9396562
vn -0.6660845 -0.376956 -0.6436114
vn -0.6810902 -0.3146984 -0.6611211
vn -0.8965975 -0.3963132 -0.1976077
vn -0.8718624 -0.3717359 0.3188548
vn -0.6135123 -0.2475525 0.7498803
vn -0.190772 -0.05703741 0.979976
vn 0.2830853 0.1487607 0.9474877
vn 0.6810903 0.3146985 0.661121
vn 0.8965976 0.3963131 0.1976075
vn 0.8718624 0.371736 -0.3188548
vn 0.6135123 0.2475525 -0.7498803
vn 0.1907721 0.0570374 -0.9799759
vn -0.2830856 -0.1487608 -0.9474876
vn -0.6810902 -0.3146984 -0.6611211
vn -0.6872507 -0.2486066 -0.6825548
vn -0.919677 -0.3212773 -0.2257769
vn -0.9056765 -0.307862 0.2914979
vn -0.6490007 -0.2119552 0.7306662
vn -0.2184256 -0.05925518 0.974053
vn 0.2706764 0.1093222 0.956443
vn 0.6872508 0.2486067 0.6825548
vn 0.9196771 0.3212773 0.2257767
vn 0.9056765 0.307862 -0.291498
vn 0.6490007 0.2119552 -0.7306662
vn 0.2184257 0.05925523 -0.9740529
vn -0.2706766 -0.1093223 -0.9564428
vn -0.6872507 -0.2486066 -0.6825548
vn -0.6760706 -0.1960501 -0.7102767
vn -0.9294924 -0.2583598 -0.2632378
vn -0.9338577 -0.2514422 0.2543358
vn -0.6879964 -0.1771509 0.7037603
vn -0.2577868 -0.05539214 0.9646127
vn 0.2414962 0.08120885 0.9669978
vn 0.6760706 0.1960501 0.7102767
vn 0.9294924 0.2583598 0.2632375
vn 0.9338577 0.2514422 -0.2543358
vn 0.6879964 0.1771509 -0.7037603
vn 0.257787 0.05539214 -0.9646127
vn -0.2414965 -0.08120903 -0.9669977
vn -0.6760706 -0.1960501 -0.7102767
vn -0.6606431 -0.1772076 -0.7294849
vn -0.9283471 -0.2326263 -0.2899256
vn -0.9473012 -0.2257129 0.2273193
vn -0.7124267 -0.1583201 0.6836541
vn -0.2866578 -0.0485053 0.9568043
vn 0.2159205 0.07430628 0.9735795
vn 0.6606432 0.1772076 0.7294848
vn 0.9283471 0.2326262 0.2899254
vn 0.9473012 0.2257129 -0.2273193
vn 0.7124268 0.1583201 -0.6836541
vn 0.2866581 0.0485053 -0.9568042
vn -0.2159208 -0.07430628 -0.9735794
vn -0.6606431 -0.1772076 -0.7294849
vn -0.6429525 -0.1707182 -0.7466374
vn -0.9252062 -0.2120396 -0.3146947
vn -0.9595516 -0.1965453 0.2015704
vn -0.7367858 -0.1283867 0.6638249
vn -0.3165987 -0.02582711 0.9482079
vn 0.1884204 0.08365288 0.9785193
vn 0.6429526 0.1707182 0.7466373
vn 0.9252062 0.2120397 0.3146945
vn 0.9595516 0.1965453 -0.2015705
vn 0.7367859 0.1283867 -0.6638248
vn 0.3165989 0.02582711 -0.9482078
vn -0.1884207 -0.083653 -0.9785191
vn -0.6429525 -0.1707182 -0.7466374
vn -0.6650262 -0.1856411 -0.7233793
vn -0.9342536 -0.2177239 -0.2824299
vn -0.9531485 -0.1914677 0.2341966
vn -0.716648 -0.113908 0.6880703
vn -0.288122 -0.005826591 0.957576
vn 0.2176057 0.1038159 0.9704999
vn 0.6650262 0.1856411 0.7233792
vn 0.9342536 0.2177239 0.2824297
vn 0.9531485 0.1914677 -0.2341966
vn 0.716648 0.113908 -0.6880703
vn 0.2881222 0.005826591 -0.9575759
vn -0.2176061 -0.103816 -0.9704998
vn -0.6650262 -0.1856411 -0.7233793
vn -0.7027441 -0.2215788 -0.6760574
vn -0.9466353 -0.2358265 -0.2196988
vn -0.9368764 -0.1868847 0.295528
vn -0.6760821 -0.08786733 0.7315685
vn -0.2341319 0.03469413 0.9715856
vn 0.2705534 0.1479593 0.9512671
vn 0.7027441 0.2215789 0.6760573
vn 0.9466353 0.2358265 0.2196986
vn 0.9368764 0.1868848 -0.2955281
vn 0.6760821 0.08786733 -0.7315685
vn 0.2341321 -0.03469414 -0.9715856
vn -0.2705537 -0.1479593 -0.9512669
vn -0.7027441 -0.2215788 -0.6760574
vn -0.7226396 -0.259386 -0.6407112
vn -0.9503188 -0.2568548 -0.1758405
vn -0.9233608 -0.1854995 0.3361468
vn -0.648989 -0.06443984 0.7580639
vn -0.2007209 0.07388651 0.9768583
vn 0.3013299 0.192415 0.9339041
vn 0.7226397 0.259386 0.6407111
vn 0.9503188 0.2568549 0.1758403
vn 0.9233608 0.1854995 -0.3361469
vn 0.648989 0.06443983 -0.7580638
vn 0.2007211 -0.0738865 -0.9768581
vn -0.3013301 -0.1924151 -0.9339039
vn -0.7226396 -0.259386 -0.6407112
vn -0.7340776 -0.3291172 -0.5939797
vn -0.9464316 -0.2986047 -0.122892
vn -0.9051902 -0.1880813 0.3811249
vn -0.6214036 -0.0271616 0.7830197
vn -0.1711123 0.1410362 0.9751048
vn 0.3250282 0.2714431 0.9059113
vn 0.7340776 0.3291173 0.5939797
vn 0.9464317 0.2986046 0.1228917
vn 0.9051902 0.1880813 -0.3811249
vn 0.6214036 0.0271616 -0.7830196
vn 0.1711125 -0.141036 -0.9751048
vn -0.3250285 -0.2714432 -0.9059112
vn -0.7340776 -0.3291172 -0.5939797
vn -0.7286503 -0.3902903 -0.5627986
vn -0.936959 -0.3371341 -0.09191563
vn -0.8942105 -0.1936431 0.4035963
vn -0.6118588 0.001734495 0.790965
vn -0.1655599 0.1966474 0.9663952
vn 0.3251004 0.3388686 0.8828804
vn 0.7286503 0.3902903 0.5627986
vn 0.936959 0.3371341 0.09191539
vn 0.8942105 0.1936431 -0.4035963
vn 0.6118588 -0.001734495 -0.790965
vn 0.1655601 -0.1966473 -0.9663952
vn -0.3251008 -0.3388686 -0.8828803
vn -0.7286503 -0.3902903 -0.5627986
vn -0.7007184 -0.4895189 -0.5190038
vn -0.9136922 -0.4026299 -0.05527815
vn -0.8818431 -0.2078564 0.4232595
vn -0.6137045 0.04261195 0.788385
vn -0.1811243 0.2816626 0.9422634
vn 0.2999878 0.4452418 0.8436629
vn 0.7007185 0.4895189 0.5190037
vn 0.9136924 0.4026298 0.05527792
vn 0.8818431 0.2078564 -0.4232595
vn 0.6137045 -0.04261195 -0.788385
vn 0.1811245 -0.2816625 -0.9422633
vn -0.2999881 -0.4452419 -0.8436627
vn -0.7007184 -0.4895189 -0.5190038
vn -0.6671083 -0.5640873 -0.4865923
vn -0.8901752 -0.4544556 -0.03253172
vn -0.8747205 -0.2230528 0.4302458
vn -0.624885 0.0681169 0.7777395
vn -0.2076119 0.3410349 0.9168383
vn 0.2652903 0.5225723 0.810271
vn 0.6671083 0.5640873 0.4865922
vn 0.8901753 0.4544554 0.0325315
vn 0.8747205 0.2230526 -0.4302459
vn 0.624885 -0.0681169 -0.7777395
vn 0.2076121 -0.3410347 -0.9168384
vn -0.2652906 -0.5225725 -0.8102708
vn -0.6671083 -0.5640873 -0.4865923
vn -0.6049997 -0.6642857 -0.4389759
vn -0.8489106 -0.5285276 -0.003056003
vn -0.8653568 -0.2511508 0.4336829
vn -0.6499311 0.09352171 0.7542169
vn -0.2603568 0.4131352 0.872659
vn 0.1989797 0.6220492 0.7572728
vn 0.6049998 0.6642857 0.4389759
vn 0.8489107 0.5285274 0.003055791
vn 0.8653568 0.2511508 -0.433683
vn 0.6499311 -0.09352171 -0.7542169
vn 0.260357 -0.4131351 -0.872659
vn -0.19898 -0.6220493 -0.7572725
vn -0.6049997 -0.6642857 -0.4389759
vn -0.5557035 -0.7258627 -0.4053603
vn -0.8163562 -0.5773138 0.0164717
vn -0.8582672 -0.274074 0.4338903
vn -0.6702061 0.1026038 0.7350485
vn -0.3025635 0.4517889 0.8392509
vn 0.1461505 0.6799175 0.7185766
vn 0.5557035 0.7258627 0.4053603
vn 0.8163564 0.5773137 -0.0164719
vn 0.8582672 0.2740739 -0.4338903
vn 0.6702061 -0.1026038 -0.7350485
vn 0.3025637 -0.4517888 -0.8392509
vn -0.1461508 -0.6799176 -0.7185764
vn -0.5557035 -0.7258627 -0.4053603
vn -0.4877833 -0.7945335 -0.3616406
vn -0.7708224 -0.63569 0.04160437
vn -0.8473206 -0.3065138 0.4337017
vn -0.6967797 0.1047926 0.7095891
vn -0.3595371 0.48802 0.7953424
vn 0.074043 0.7404826 0.6679844
vn 0.4877833 0.7945335 0.3616406
vn 0.7708225 0.63569 -0.04160457
vn 0.8473206 0.3065138 -0.4337017
vn 0.6967797 -0.1047926 -0.7095891
vn 0.3595373 -0.4880199 -0.7953424
vn -0.07404324 -0.7404827 -0.6679842
vn -0.4877833 -0.7945335 -0.3616406
vn -0.3949043 -0.866873 -0.3042727
vn -0.7065378 -0.7036418 0.07544973
vn -0.8288552 -0.3518704 0.4349557
vn -0.7290814 0.09418453 0.6779156
vn -0.4339507 0.5150028 0.7392285
vn -0.02254331 0.7978263 0.6024657
vn 0.3949044 0.866873 0.3042727
vn 0.7065378 0.7036417 -0.0754499
vn 0.8288552 0.3518704 -0.4349557
vn 0.7290815 -0.09418453 -0.6779156
vn 0.4339508 -0.5150028 -0.7392285
vn 0.02254312 -0.7978265 -0.6024655
vn -0.3949043 -0.866873 -0.3042727
vn -0.2712391 -0.9346403 -0.2299497
vn -0.6166098 -0.7777195 0.122249
vn -0.7967604 -0.4124093 0.4416914
vn -0.7634198 0.06340563 0.6427829
vn -0.5255212 0.5222312 0.6716412
vn -0.1468098 0.8411251 0.5205337
vn 0.2712391 0.9346403 0.2299497
vn 0.6166098 0.7777194 -0.1222492
vn 0.7967604 0.4124093 -0.4416915
vn 0.7634198 -0.06340563 -0.642783
vn 0.5255213 -0.5222311 -0.6716412
vn 0.1468096 -0.8411253 -0.5205336
vn -0.2712391 -0.9346403 -0.2299497
vn -0.1157236 -0.9836451 -0.1380232
vn -0.4959094 -0.8481966 0.1861086
vn -0.743217 -0.4854744 0.460373
vn -0.7913799 0.007330298 0.6112807
vn -0.6274931 0.4981711 0.5983961
vn -0.2954703 0.8555269 0.4251718
vn 0.1157237 0.9836451 0.1380231
vn 0.4959096 0.8481964 -0.1861088
vn 0.743217 0.4854744 -0.460373
vn 0.7913799 -0.007330298 -0.6112807
vn 0.6274932 -0.498171 -0.5983962
vn 0.2954701 -0.855527 -0.4251717
vn -0.1157236 -0.9836451 -0.1380232
vn 0.06221887 -0.9974882 -0.03385405
vn -0.3469323 -0.898926 0.2675259
vn -0.6631234 -0.5594971 0.4972226
vn -0.801631 -0.07015126 0.5936889
vn -0.7253421 0.4379915 0.5310766
vn -0.4546985 0.8287745 0.3261628
vn -0.06221875 0.9974883 0.03385399
vn 0.3469325 0.8989259 -0.267526
vn 0.6631234 0.5594971 -0.4972226
vn 0.801631 0.07015133 -0.5936889
vn 0.7253422 -0.4379912 -0.5310767
vn 0.4546983 -0.8287746 -0.3261626
vn 0.06221887 -0.9974882 -0.03385405
vn 0.2420282 -0.9676927 0.070663
vn -0.1840144 -0.9146854 0.3598462
vn -0.5607507 -0.6165889 0.552609
vn -0.7872342 -0.1532778 0.5973008
vn -0.802779 0.3511041 0.4819461
vn -0.6032196 0.7614077 0.2374543
vn -0.2420281 0.9676927 -0.07066304
vn 0.1840145 0.9146853 -0.3598464
vn 0.5607507 0.6165889 -0.5526091
vn 0.7872343 0.1532778 -0.5973007
vn 0.802779 -0.3511039 -0.481946
vn 0.6032194 -0.7614079 -0.2374541
vn 0.2420282 -0.9676927 0.070663
vn 0.4017481 -0.9011915 0.1626415
vn -0.02798592 -0.892047 0.4510752
vn -0.4502214 -0.6438793 0.6186439
vn -0.7518204 -0.2231843 0.6204472
vn -0.8519696 0.2573127 0.4560023
vn -0.7238342 0.6688626 0.1693719
vn -0.4017481 0.9011915 -0.1626415
vn 0.02798616 0.892047 -0.4510753
vn 0.4502214 0.6438792 -0.6186439
vn 0.7518204 0.2231845 -0.6204473
vn 0.8519696 -0.2573125 -0.4560023
vn 0.723834 -0.6688628 -0.1693716
vn 0.4017481 -0.9011915 0.1626415
vn 0.5295409 -0.8150842 0.2349981
vn 0.1055289 -0.8409041 0.5307957
vn -0.3467596 -0.6414044 0.6843671
vn -0.7061341 -0.2700408 0.6545628
vn -0.8763006 0.1736801 0.4493689
vn -0.811663 0.5708635 0.123767
vn -0.5295407 0.8150843 -0.2349982
vn -0.1055286 0.8409041 -0.5307958
vn 0.3467596 0.6414043 -0.6843671
vn 0.7061341 0.2700408 -0.6545628
vn 0.8763006 -0.1736799 -0.449369
vn 0.8116627 -0.5708637 -0.1237668
vn 0.5295409 -0.8150842 0.2349981
vn 0.6253186 -0.7254473 0.2875811
vn 0.2115675 -0.7757235 0.5945523
vn -0.2588733 -0.6181451 0.7422137
vn -0.6599492 -0.2949351 0.6909995
vn -0.884192 0.1073025 0.4546323
vn -0.8715163 0.4807883 0.09644704
vn -0.6253185 0.7254472 -0.2875812
vn -0.2115672 0.7757234 -0.5945524
vn 0.2588734 0.618145 -0.7422138
vn 0.6599491 0.2949352 -0.6909995
vn 0.884192 -0.1073024 -0.4546325
vn 0.8715162 -0.4807885 -0.09644674
vn 0.6253186 -0.7254473 0.2875811
vn 0.6950645 -0.6418424 0.3239192
vn 0.2927357 -0.7078366 0.6428632
vn -0.1880315 -0.5841666 0.7895527
vn -0.6184161 -0.3039695 0.7246821
vn -0.8830963 0.05767605 0.4656333
vn -0.9111515 0.403867 0.08181863
vn -0.6950645 0.6418424 -0.3239193
vn -0.2927356 0.7078366 -0.6428633
vn 0.1880316 0.5841665 -0.7895527
vn 0.618416 0.3039695 -0.7246821
vn 0.8830963 -0.05767588 -0.4656333
vn 0.9111515 -0.4038673 -0.08181837
vn 0.6950645 -0.6418424 0.3239192
vn 0.7457044 -0.5680625 0.3481809
vn 0.3543142 -0.6435887 0.678421
vn -0.1320143 -0.5466658 0.8268788
vn -0.5829698 -0.3032642 0.7537752
vn -0.8777189 0.02139693 0.4786979
vn -0.9372838 0.3403246 0.07535403
vn -0.7457044 0.5680625 -0.348181
vn -0.3543141 0.6435887 -0.6784211
vn 0.1320143 0.5466658 -0.8268789
vn 0.5829698 0.3032642 -0.7537752
vn 0.8777189 -0.02139675 -0.4786979
vn 0.9372838 -0.3403248 -0.07535376
vn 0.7457044 -0.5680625 0.3481809
vn 0.8108702 -0.450581 0.3734519
vn 0.4381512 -0.5345155 0.7227149
vn -0.05197018 -0.475227 0.8783271
vn -0.5281663 -0.2886017 0.7985921
vn -0.8628406 -0.02464574 0.504875
vn -0.9663172 0.2459138 0.07587704
vn -0.8108701 0.450581 -0.3734519
vn -0.438151 0.5345155 -0.722715
vn 0.05197024 0.475227 -0.8783271
vn 0.5281662 0.2886017 -0.7985922
vn 0.8628405 0.02464586 -0.5048751
vn 0.9663172 -0.245914 -0.07587674
vn 0.8108702 -0.450581 0.3734519
vn 0.8492678 -0.3654414 0.3810469
vn 0.491344 -0.4510677 0.7450631
vn 0.001764953 -0.4158306 0.9094403
vn -0.4882874 -0.2691722 0.8301337
vn -0.8475031 -0.05038904 0.5283931
vn -0.9796311 0.1818956 0.0850703
vn -0.8492678 0.3654415 -0.381047
vn -0.491344 0.4510677 -0.7450631
vn -0.001764893 0.4158306 -0.9094403
vn 0.4882873 0.2691722 -0.8301337
vn 0.8475031 0.05038909 -0.5283932
vn 0.9796311 -0.1818957 -0.08507001
vn 0.8492678 -0.3654414 0.3810469
vn 0.8919942 -0.2557423 0.3727494
vn 0.5568448 -0.3387143 0.7584171
vn 0.07248913 -0.3309279 0.9408677
vn -0.4312901 -0.2344698 0.8712134
vn -0.8195055 -0.07518551 0.5681179
vn -0.9881347 0.1042446 0.112796
vn -0.8919942 0.2557423 -0.3727495
vn -0.5568447 0.3387143 -0.7584172
vn -0.07248902 0.330928 -0.9408678
vn 0.4312901 0.2344698 -0.8712134
vn 0.8195052 0.07518557 -0.5681182
vn 0.9881347 -0.1042446 -0.1127957
vn 0.8919942 -0.2557423 0.3727494
vn 0.9340974 -0.1493112 0.3242966
vn 0.6344825 -0.224143 0.7397242
vn 0.1648584 -0.2389159 0.9569435
vn -0.3489394 -0.1896715 0.9177505
vn -0.7692393 -0.08960473 0.6326467
vn -0.9834218 0.03447162 0.178026
vn -0.9340974 0.1493112 -0.3242967
vn -0.6344823 0.2241431 -0.7397244
vn -0.1648583 0.2389159 -0.9569436
vn 0.3489394 0.1896715 -0.9177505
vn 0.7692391 0.08960473 -0.6326469
vn 0.9834219 -0.03447162 -0.1780257
vn 0.9340974 -0.1493112 0.3242966
vn 0.9593607 -0.1019457 0.263124
vn 0.6922853 -0.1702882 0.7012439
vn 0.2397126 -0.1930022 0.9514663
vn -0.2770911 -0.1640013 0.946744
vn -0.7196485 -0.09105651 0.6883421
vn -0.9693763 0.006286857 0.2454997
vn -0.9593606 0.1019457 -0.2631241
vn -0.6922852 0.1702882 -0.7012441
vn -0.2397125 0.1930023 -0.9514663
vn 0.2770911 0.1640013 -0.946744
vn 0.7196484 0.09105652 -0.6883422
vn 0.9693764 -0.006286976 -0.2454994
vn 0.9593607 -0.1019457 0.263124
vn 0.9771528 -0.07706121 0.1980759
vn 0.7424302 -0.1400979 0.6551106
vn 0.3087741 -0.1655954 0.9366091
vn -0.207618 -0.1467218 0.967144
vn -0.6683791 -0.08853421 0.738533
vn -0.9500481 -0.00662386 0.312033
vn -0.9771528 0.07706121 -0.1980759
vn -0.7424302 0.1400979 -0.6551107
vn -0.3087741 0.1655955 -0.9366092
vn 0.207618 0.1467218 -0.967144
vn 0.6683789 0.08853421 -0.7385332
vn 0.9500483 0.00662386 -0.3120327
vn 0.9771528 -0.07706121 0.1980759
vn 0.989068 -0.06269029 0.1334711
vn 0.7861589 -0.1205407 0.6061552
vn 0.3725992 -0.1460922 0.9164206
vn -0.1407983 -0.1324985 0.981132
vn -0.6164691 -0.08340185 0.7829496
vn -0.9269572 -0.01195788 0.3749766
vn -0.989068 0.0626903 -0.1334712
vn -0.7861588 0.1205407 -0.6061555
vn -0.3725992 0.1460922 -0.9164208
vn 0.1407983 0.1324985 -0.981132
vn 0.616469 0.08340198 -0.7829497
vn 0.9269573 0.01195776 -0.3749762
vn 0.989068 -0.06269029 0.1334711
vn 0.9983484 -0.05410861 0.01931009
vn 0.8520837 -0.1003477 0.5136962
vn 0.4775039 -0.1196988 0.870438
vn -0.02502293 -0.1069767 0.9939466
vn -0.5208448 -0.06559031 0.8511278
vn -0.8771065 -0.006628928 0.4802501
vn -0.9983484 0.05410861 -0.01931018
vn -0.8520835 0.1003478 -0.5136964
vn -0.4775039 0.1196988 -0.870438
vn 0.0250229 0.1069767 -0.9939466
vn 0.5208448 0.06559025 -0.8511279
vn 0.8771067 0.006628869 -0.4802499
vn 0.9983484 -0.05410861 0.01931009
vn 0.9961946 -0.06775796 -0.05482044
vn 0.8873981 -0.09873933 0.4503058
vn 0.5408239 -0.1032635 0.8347732
vn 0.04933628 -0.08011841 0.9955636
vn -0.4553711 -0.03550553 0.8895935
vn -0.8380616 0.01862093 0.5452576
vn -0.9961946 0.06775796 0.05482036
vn -0.8873979 0.09873935 -0.4503059
vn -0.5408239 0.1032635 -0.8347732
vn -0.04933631 0.08011841 -0.9955636
vn 0.4553708 0.03550553 -0.8895937
vn 0.8380618 -0.01862099 -0.5452573
vn 0.9961946 -0.06775796 -0.05482044
vn 0.9940674 -0.08311028 -0.0701611
vn 0.8933622 -0.1038971 0.4371607
vn 0.5532812 -0.09684466 0.8273458
vn 0.06494879 -0.06384289 0.9958442
vn -0.4407866 -0.01373446 0.8975069
vn -0.8284133 0.04005416 0.5586833
vn -0.9940674 0.08311028 0.07016101
vn -0.893362 0.1038971 -0.4371609
vn -0.5532811 0.09684466 -0.8273458
vn -0.06494883 0.06384289 -0.9958442
vn 0.4407864 0.0137344 -0.8975069
vn 0.8284135 -0.04005425 -0.558683
vn 0.9940674 -0.08311028 -0.0701611
vn 0.992207 -0.1048011 -0.06739461
vn 0.8908506 -0.1124235 0.4401661
vn 0.5507914 -0.08992226 0.8297848
vn 0.06314813 -0.04332633 0.9970633
vn -0.4414158 0.01487887 0.8971794
vn -0.8277023 0.06909722 0.556897
vn -0.992207 0.1048011 0.06739452
vn -0.8908505 0.1124235 -0.4401663
vn -0.5507914 0.08992221 -0.8297849
vn -0.06314816 0.04332633 -0.9970633
vn 0.4414156 -0.01487881 -0.8971794
vn 0.8277027 -0.06909722 -0.5568967
vn 0.992207 -0.1048011 -0.06739461
vn 0.9907075 -0.1287698 -0.04378558
vn 0.8788106 -0.1210752 0.4615547
vn 0.5314371 -0.0809387 0.8432221
vn 0.0416653 -0.01911461 0.9989488
vn -0.4592707 0.04783123 0.8870077
vn -0.8371451 0.1019606 0.5373937
vn -0.9907075 0.1287698 0.04378549
vn -0.8788105 0.1210752 -0.461555
vn -0.5314371 0.0809387 -0.8432221
vn -0.04166534 0.01911461 -0.9989488
vn 0.4592706 -0.04783112 -0.8870078
vn 0.8371454 -0.1019606 -0.5373934
vn 0.9907075 -0.1287698 -0.04378558
vn 0.9887063 -0.149866 -0.0002251638
vn 0.8569082 -0.126163 0.4997912
vn 0.4955022 -0.06865482 0.8658892
vn 0.001326531 0.007249474 0.9999728
vn -0.4932046 0.08121124 0.8661143
vn -0.8555816 0.1334125 0.5001812
vn -0.9887063 0.149866 0.0002250744
vn -0.8569081 0.126163 -0.4997914
vn -0.4955021 0.06865483 -0.8658893
vn -0.001326561 -0.007249474 -0.9999728
vn 0.4932044 -0.08121119 -0.8661144
vn 0.8555818 -0.1334125 -0.5001808
vn 0.9887063 -0.149866 -0.0002251638
vn 0.9840378 -0.1671905 0.06096719
vn 0.824413 -0.1264253 0.5516881
vn 0.4438874 -0.05178451 0.894585
vn -0.05557772 0.03673184 0.9977785
vn -0.5401508 0.1154061 0.8336178
vn -0.8799906 0.1631572 0.4460899
vn -0.9840378 0.1671905 -0.06096728
vn -0.8244128 0.1264253 -0.5516884
vn -0.4438873 0.05178451 -0.894585
vn 0.0555777 -0.03673184 -0.9977785
vn 0.5401508 -0.115406 -0.8336178
vn 0.8799908 -0.1631572 -0.4460895
vn 0.9840378 -0.1671905 0.06096719
vn 0.9740547 -0.1798996 0.1373085
vn 0.7802708 -0.120838 0.6136577
vn 0.3774138 -0.02939802 0.925578
vn -0.1265709 0.06991923 0.9894904
vn -0.5966412 0.1505016 0.7882693
vn -0.9068416 0.1907572 0.3758324
vn -0.9740547 0.1798996 -0.1373086
vn -0.7802707 0.120838 -0.6136578
vn -0.3774138 0.02939802 -0.925578
vn 0.1265709 -0.06991923 -0.9894904
vn 0.5966409 -0.1505015 -0.7882696
vn 0.9068418 -0.1907572 -0.3758321
vn 0.9740547 -0.1798996 0.1373085
vn 0.956007 -0.1872544 0.2258016
vn 0.7236169 -0.1085964 0.681605
vn 0.2973341 -0.0008400082 0.9547732
vn -0.2086192 0.1071415 0.9721104
vn -0.6586732 0.1864145 0.7289714
vn -0.932236 0.2157378 0.2905051
vn -0.956007 0.1872544 -0.2258017
vn -0.7236168 0.1085963 -0.6816051
vn -0.297334 0.0008400082 -0.9547732
vn 0.2086192 -0.1071415 -0.9721104
vn 0.658673 -0.1864145 -0.7289715
vn 0.9322362 -0.2157378 -0.2905048
vn 0.956007 -0.1872544 0.2258016
vn 0.92746 -0.1887608 0.3227806
vn 0.6542603 -0.08908416 0.7510043
vn 0.205752 0.03446251 0.9779971
vn -0.2978875 0.148775 0.9429364
vn -0.7217084 0.2232232 0.6552164
vn -0.9521477 0.237859 0.1919319
vn -0.92746 0.1887607 -0.3227807
vn -0.6542601 0.0890841 -0.7510045
vn -0.205752 -0.03446251 -0.9779971
vn 0.2978875 -0.148775 -0.9429364
vn 0.7217081 -0.2232233 -0.6552166
vn 0.9521477 -0.237859 -0.1919315
vn 0.92746 -0.1887608 0.3227806
vn 0.88668 -0.1843852 0.424029
vn 0.5730978 -0.06166478 0.8171636
vn 0.1059542 0.07757866 0.9913401
vn -0.3895797 0.1960349 0.8998877
vn -0.780726 0.2619639 0.567311
vn -0.9626774 0.2576997 0.08272395
vn -0.88668 0.1843852 -0.4240291
vn -0.5730976 0.06166472 -0.8171639
vn -0.1059542 -0.07757866 -0.9913401
vn 0.3895796 -0.196035 -0.8998879
vn 0.780726 -0.2619639 -0.5673111
vn 0.9626774 -0.2576997 -0.08272361
vn 0.88668 -0.1843852 0.424029
vn 0.8328639 -0.1749609 0.5250966
vn 0.4826403 -0.02484905 0.8754661
vn 0.003093421 0.1319211 0.9912554
vn -0.4772824 0.2533432 0.8414385
vn -0.8297707 0.3068821 0.4661587
vn -0.9599225 0.2781921 -0.03402782
vn -0.8328639 0.1749609 -0.5250967
vn -0.4826401 0.02484899 -0.8754662
vn -0.003093362 -0.1319211 -0.9912554
vn 0.4772824 -0.2533431 -0.8414385
vn 0.8297706 -0.3068821 -0.4661588
vn 0.9599225 -0.2781922 0.03402816
vn 0.8328639 -0.1749609 0.5250966
vn 0.7670285 -0.1739791 0.6175747
vn 0.3968529 0.02850532 0.9174395
vn -0.07965951 0.2233519 0.9714773
vn -0.5348272 0.3583515 0.7652085
vn -0.8466883 0.3973311 0.3539024
vn -0.9316798 0.3298461 -0.1522312
vn -0.7670285 0.1739791 -0.6175747
vn -0.3968526 -0.02850544 -0.9174396
vn 0.07965963 -0.2233519 -0.9714773
vn 0.5348272 -0.3583515 -0.7652086
vn 0.8466883 -0.3973311 -0.3539026
vn 0.9316798 -0.329846 0.1522316
vn 0.7670285 -0.1739791 0.6175747
vn 0.7317439 -0.1920658 0.6539584
vn 0.3759075 0.06942671 0.9240527
vn -0.08065341 0.3123165 0.9465482
vn -0.5156032 0.4715214 0.7154166
vn -0.8123975 0.5043823 0.2925895
vn -0.8915105 0.4020945 -0.2086364
vn -0.7317439 0.1920657 -0.6539584
vn -0.3759072 -0.0694268 -0.9240529
vn 0.08065349 -0.3123166 -0.9465482
vn 0.5156032 -0.4715214 -0.7154166
vn 0.8123975 -0.5043823 -0.2925897
vn 0.8915104 -0.4020943 0.2086367
vn 0.7317439 -0.1920658 0.6539584
vn 0.7147099 -0.2180365 0.6645675
vn 0.386348 0.0918273 0.9177707
vn -0.0455358 0.3770861 0.9250581
vn -0.4652183 0.5613051 0.6844769
vn -0.7602459 0.5951227 0.2604904
vn -0.8515661 0.4694775 -0.233294
vn -0.7147098 0.2180364 -0.6645675
vn -0.3863478 -0.09182741 -0.9177708
vn 0.0455358 -0.3770862 -0.9250581
vn 0.4652183 -0.5613051 -0.6844769
vn 0.7602458 -0.5951226 -0.2604906
vn 0.8515661 -0.4694775 0.2332943
vn 0.7147099 -0.2180365 0.6645675
vn 0.7066851 -0.2426776 0.6646081
vn 0.4039017 0.09834892 0.9095003
vn -0.00710672 0.4130232 0.9106928
vn -0.416211 0.6170281 0.6678658
vn -0.7137919 0.6557009 0.2460845
vn -0.8201126 0.518679 -0.2416347
vn -0.706685 0.2426776 -0.6646081
vn -0.4039017 -0.09834911 -0.9095004
vn 0.00710672 -0.4130232 -0.9106928
vn 0.416211 -0.6170281 -0.6678658
vn 0.7137918 -0.6557008 -0.2460846
vn 0.8201126 -0.5186789 0.241635
vn 0.7066851 -0.2426776 0.6646081
vn 0.6988958 -0.2855616 0.6557432
vn 0.4367356 0.09127001 0.894948
vn 0.05755222 0.4436461 0.8943523
vn -0.3370523 0.6771475 0.6541154
vn -0.6413439 0.7292076 0.2386087
vn -0.7737876 0.5858773 -0.2408327
vn -0.6988958 0.2855615 -0.6557433
vn -0.4367354 -0.09127024 -0.894948
vn -0.05755216 -0.4436461 -0.8943523
vn 0.3370523 -0.6771475 -0.6541154
vn 0.6413438 -0.7292077 -0.2386089
vn 0.7737877 -0.5858772 0.240833
vn 0.6988958 -0.2855616 0.6557432
vn 0.6887779 -0.3738135 0.6211669
vn 0.4965899 0.03913734 0.8671025
vn 0.1713409 0.4416017 0.8806987
vn -0.1998188 0.7257392 0.6583124
vn -0.5174373 0.8154153 0.2595315
vn -0.6964086 0.6866016 -0.2087903
vn -0.6887779 0.3738135 -0.6211671
vn -0.4965898 -0.03913752 -0.8671026
vn -0.1713409 -0.4416018 -0.8806987
vn 0.1998188 -0.7257392 -0.6583123
vn 0.5174372 -0.8154153 -0.2595316
vn 0.6964086 -0.6866014 0.2087906
vn 0.6887779 -0.3738135 0.6211669
vn 0.6376573 -0.6207451 0.4561456
vn 0.6007269 -0.2115109 0.7709671
vn 0.4028322 0.2543975 0.8792088
vn 0.0969989 0.6521404 0.751867
vn -0.2348253 0.8751428 0.423063
vn -0.5037279 0.8636513 -0.01910027
vn -0.6376573 0.6207449 -0.4561457
vn -0.6007269 0.2115107 -0.7709672
vn -0.4028322 -0.2543976 -0.8792087
vn -0.09699894 -0.6521404 -0.7518671
vn 0.2348251 -0.8751428 -0.4230632
vn 0.5037282 -0.8636511 0.01910063
vn 0.6376573 -0.6207451 0.4561456
vn -0.1050507 -0.8273002 -0.5518503
vn 0.1915249 -0.9696184 -0.1521787
vn 0.4367818 -0.8521282 0.2882692
vn 0.5650033 -0.5063108 0.6514757
vn 0.5418326 -0.02482763 0.8401197
vn 0.3734782 0.4633077 0.8036541
vn 0.1050506 0.8273002 0.5518503
vn -0.191525 0.9696184 0.1521785
vn -0.4367818 0.8521281 -0.2882693
vn -0.5650033 0.5063108 -0.6514758
vn -0.5418325 0.02482783 -0.8401197
vn -0.3734781 -0.4633079 -0.803654
vn -0.1050507 -0.8273002 -0.5518503
vn -0.5210764 -0.2766791 -0.8074207
vn -0.3716139 -0.7200628 -0.5860142
vn -0.1225779 -0.9705065 -0.2075856
vn 0.1593029 -0.9609037 0.2264656
vn 0.3984987 -0.6938273 0.5998354
vn 0.5309169 -0.2408406 0.8124796
vn 0.5210764 0.2766791 0.8074207
vn 0.3716139 0.720063 0.586014
vn 0.1225779 0.9705065 0.2075855
vn -0.1593029 0.9609037 -0.2264656
vn -0.3984986 0.6938275 -0.5998353
vn -0.530917 0.2408403 -0.8124797
vn -0.5210764 -0.2766791 -0.8074207
vn -0.5720103 -0.117225 -0.8118266
vn -0.5574121 -0.5845101 -0.5896097
vn -0.3934558 -0.8951766 -0.2094072
vn -0.1240732 -0.9659811 0.226906
vn 0.1785547 -0.7779515 0.6024198
vn 0.4333389 -0.3814706 0.8165155
vn 0.5720103 0.1172251 0.8118266
vn 0.5574121 0.5845104 0.5896096
vn 0.3934557 0.8951766 0.2094071
vn 0.1240732 0.9659812 -0.2269059
vn -0.1785546 0.7779517 -0.6024197
vn -0.4333391 0.3814703 -0.8165155
vn -0.5720103 -0.117225 -0.8118266
vn -0.5812029 -0.05206566 -0.8120913
vn -0.669184 -0.4931542 -0.5558703
vn -0.5778579 -0.8021026 -0.150704
vn -0.331695 -0.8961284 0.2948433
vn 0.00334537 -0.7500369 0.6613876
vn 0.3374891 -0.4029738 0.8507133
vn 0.5812029 0.05206573 0.8120913
vn 0.669184 0.4931543 0.5558701
vn 0.5778578 0.8021027 0.150704
vn 0.331695 0.8961284 -0.2948432
vn -0.003345221 0.750037 -0.6613874
vn -0.3374893 0.4029736 -0.8507134
vn -0.5812029 -0.05206566 -0.8120913
vn -0.5797947 -0.01763023 -0.8145719
vn -0.7426684 -0.4149948 -0.5255691
vn -0.7065449 -0.701162 -0.09574058
vn -0.481103 -0.7994534 0.3597417
vn -0.1267499 -0.6835317 0.7188315
vn 0.2615655 -0.3844585 0.8853108
vn 0.5797946 0.01763028 0.8145719
vn 0.7426684 0.4149949 0.525569
vn 0.7065449 0.701162 0.0957405
vn 0.4811031 0.7994534 -0.3597417
vn 0.1267501 0.6835318 -0.7188314
vn -0.2615657 0.3844582 -0.8853108
vn -0.5797947 -0.01763023 -0.8145719
vn -0.5743082 0.003301023 -0.8186325
vn -0.7897369 -0.3478921 -0.5052592
vn -0.7935562 -0.605868 -0.05650184
vn -0.5847428 -0.701502 0.4073952
vn -0.2192478 -0.609169 0.7621309
vn 0.2049942 -0.3536097 0.9126542
vn 0.5743082 -0.003300963 0.8186325
vn 0.7897369 0.3478923 0.505259
vn 0.7935562 0.605868 0.05650178
vn 0.5847428 0.701502 -0.4073951
vn 0.219248 0.6091691 -0.7621309
vn -0.2049945 0.3536094 -0.9126542
vn -0.5743082 0.003301023 -0.8186325
vn -0.5668625 0.01716163 -0.8236336
vn -0.8190073 -0.2920833 -0.4938768
vn -0.8516999 -0.5230649 -0.03178602
vn -0.65618 -0.6138917 0.4388219
vn -0.2848372 -0.5402266 0.7918479
vn 0.1628274 -0.3218082 0.9326986
vn 0.5668626 -0.01716154 0.8236336
vn 0.8190074 0.2920834 0.4938766
vn 0.8516999 0.523065 0.03178596
vn 0.6561801 0.6138918 -0.4388219
vn 0.2848373 0.5402267 -0.7918477
vn -0.1628278 0.321808 -0.9326986
vn -0.5668625 0.01716163 -0.8236336
vn -0.5583408 0.02687947 -0.8291761
vn -0.8367156 -0.246519 -0.4890147
vn -0.8908932 -0.4538631 -0.0178221
vn -0.7063566 -0.5395949 0.4581461
vn -0.3325521 -0.4807426 0.8113543
vn 0.1303592 -0.2930757 0.9471605
vn 0.5583409 -0.02687942 0.8291761
vn 0.8367157 0.2465191 0.4890146
vn 0.8908932 0.4538631 0.01782206
vn 0.7063566 0.5395949 -0.458146
vn 0.3325523 0.4807426 -0.8113542
vn -0.1303595 0.2930755 -0.9471605
vn -0.5583408 0.02687947 -0.8291761
vn -0.5396122 0.03930728 -0.8409957
vn -0.8523802 -0.1792924 -0.4912253
vn -0.9367537 -0.3498509 -0.009831397
vn -0.7701249 -0.4266672 0.4741969
vn -0.3971414 -0.3891583 0.8311645
vn 0.08225552 -0.2473747 0.9654221
vn 0.5396122 -0.03930722 0.8409956
vn 0.8523802 0.1792925 0.4912251
vn 0.9367537 0.349851 0.009831368
vn 0.7701249 0.4266672 -0.4741969
vn 0.3971416 0.3891584 -0.8311644
vn -0.08225582 0.2473745 -0.9654221
vn -0.5396122 0.03930728 -0.8409957
vn -0.4996147 0.05121965 -0.8647321
vn -0.8503177 -0.1021545 -0.51626
vn -0.9731787 -0.2281565 -0.02945622
vn -0.8352773 -0.2930241 0.4652404
vn -0.4735638 -0.2793761 0.8352762
vn 0.01504057 -0.1908695 0.9815001
vn 0.4996147 -0.05121961 0.8647321
vn 0.8503178 0.1021545 0.5162598
vn 0.9731787 0.2281565 0.02945619
vn 0.8352774 0.2930241 -0.4652404
vn 0.473564 0.2793762 -0.8352761
vn -0.01504093 0.1908694 -0.9815001
vn -0.4996147 0.05121965 -0.8647321
vn -0.4205482 0.05866229 -0.9053717
vn -0.8125345 -0.03872464 -0.5816256
vn -0.9868029 -0.1257354 -0.1020331
vn -0.8966582 -0.1790554 0.4048992
vn -0.5662544 -0.1843977 0.8033389
vn -0.08412352 -0.1403307 0.9865245
vn 0.4205482 -0.0586623 0.9053717
vn 0.8125345 0.03872464 0.5816253
vn 0.9868029 0.1257353 0.102033
vn 0.8966582 0.1790554 -0.4048992
vn 0.5662545 0.1843977 -0.8033388
vn 0.08412322 0.1403307 -0.9865245
vn -0.4205482 0.05866229 -0.9053717
vn -0.3510497 0.06054061 -0.9343976
vn -0.7692516 -0.0147196 -0.6387763
vn -0.9813336 -0.08603577 -0.1719951
vn -0.9304677 -0.1342987 0.340872
vn -0.6302836 -0.1465765 0.7624027
vn -0.1612158 -0.1195791 0.9796481
vn 0.3510497 -0.06054062 0.9343976
vn 0.7692519 0.01471967 0.6387761
vn 0.9813336 0.08603578 0.1719951
vn 0.9304677 0.1342987 -0.340872
vn 0.6302838 0.1465764 -0.7624027
vn 0.1612155 0.1195791 -0.9796482
vn -0.3510497 0.06054061 -0.9343976
vn -0.2617474 0.06102184 -0.9632055
vn -0.7073126 -4.036723E-05 -0.706901
vn -0.9633542 -0.06109178 -0.2611828
vn -0.9612658 -0.1057737 0.2545192
vn -0.7016068 -0.1221136 0.702023
vn -0.2539529 -0.1057332 0.9614199
vn 0.2617474 -0.06102188 0.9632055
vn 0.7073128 4.039703E-05 0.7069007
vn 0.9633543 0.06109177 0.2611827
vn 0.9612658 0.1057737 -0.2545191
vn 0.7016069 0.1221137 -0.7020228
vn 0.2539526 0.1057333 -0.9614201
vn -0.2617474 0.06102184 -0.9632055
vn -0.3006645 0.0407166 -0.9528604
vn -0.7353715 -0.0154049 -0.6774892
vn -0.9730363 -0.06739879 -0.2205852
vn -0.9499768 -0.101333 0.2954246
vn -0.6723716 -0.1081153 0.7322756
vn -0.2146052 -0.08592817 0.9729136
vn 0.3006646 -0.0407166 0.9528604
vn 0.7353716 0.01540493 0.677489
vn 0.9730362 0.06739866 0.2205851
vn 0.9499768 0.101333 -0.2954246
vn 0.6723717 0.1081153 -0.7322755
vn 0.2146048 0.08592811 -0.9729137
vn -0.3006645 0.0407166 -0.9528604
vn -0.3807939 0.0158995 -0.9245232
vn -0.7900596 -0.03648742 -0.6119432
vn -0.9876296 -0.07909761 -0.1353933
vn -0.9205648 -0.1005137 0.3774351
vn -0.6068354 -0.09499714 0.7891301
vn -0.130505 -0.06402621 0.9893782
vn 0.380794 -0.01589953 0.9245232
vn 0.7900598 0.03648746 0.611943
vn 0.9876296 0.07909762 0.1353933
vn 0.9205649 0.1005137 -0.3774351
vn 0.6068355 0.09499715 -0.78913
vn 0.1305047 0.06402621 -0.9893782
vn -0.3807939 0.0158995 -0.9245232
vn -0.4652814 -0.02925368 -0.8846793
vn -0.8430374 -0.07061753 -0.5331989
vn -0.9949024 -0.09305941 -0.03884816
vn -0.880184 -0.09056623 0.465912
vn -0.5296208 -0.0638058 0.8458313
vn -0.03714637 -0.01994859 0.9991107
vn 0.4652814 0.02925368 0.8846793
vn 0.8430375 0.0706175 0.5331987
vn 0.9949024 0.09305941 0.03884813
vn 0.880184 0.09056622 -0.4659119
vn 0.5296208 0.0638058 -0.8458312
vn 0.03714601 0.01994859 -0.9991107
vn -0.4652814 -0.02925368 -0.8846793
vn -0.5013485 -0.0683068 -0.862545
vn -0.8638113 -0.09802042 -0.4941882
vn -0.9948168 -0.1014696 0.006586134
vn -0.8592618 -0.07773006 0.5055958
vn -0.4934681 -0.03316271 0.8691314
vn 0.00454974 0.02029043 0.9997838
vn 0.5013485 0.06830677 0.862545
vn 0.8638115 0.09802046 0.494188
vn 0.9948168 0.1014696 -0.006586164
vn 0.8592619 0.07773007 -0.5055957
vn 0.4934683 0.03316283 -0.8691313
vn -0.004550038 -0.02029037 -0.9997838
vn -0.5013485 -0.0683068 -0.862545
vn -0.5308532 -0.1270621 -0.8378843
vn -0.8794529 -0.1384792 -0.4553965
vn -0.9924042 -0.1127912 0.04911457
vn -0.8394412 -0.05688059 0.5404655
vn -0.4615507 0.01427102 0.8869991
vn 0.0400118 0.08159865 0.9958618
vn 0.5308532 0.127062 0.8378843
vn 0.879453 0.1384793 0.4553964
vn 0.9924042 0.112791 -0.0491147
vn 0.8394412 0.05688058 -0.5404655
vn 0.4615509 -0.01427102 -0.886999
vn -0.04001216 -0.08159871 -0.9958618
vn -0.5308532 -0.1270621 -0.8378843
vn -0.5468403 -0.2369336 -0.803012
vn -0.885549 -0.2141622 -0.4122348
vn -0.9869758 -0.1340061 0.08900058
vn -0.8239431 -0.01794326 0.5663884
vn -0.4401353 0.1029277 0.8920127
vn 0.06160609 0.1962189 0.978623
vn 0.5468403 0.2369336 0.803012
vn 0.8855491 0.2141622 0.4122346
vn 0.9869758 0.1340061 -0.08900069
vn 0.8239431 0.01794326 -0.5663883
vn 0.4401355 -0.1029276 -0.8920127
vn -0.0616065 -0.1962189 -0.9786229
vn -0.5468403 -0.2369336 -0.803012
vn -0.5388377 -0.3428301 -0.7694942
vn -0.8779505 -0.2882796 -0.3822274
vn -0.9818175 -0.1564848 0.1074572
vn -0.8226071 0.01724005 0.5683489
vn -0.4429795 0.1863453 0.8769519
vn 0.05534379 0.3055196 0.9505761
vn 0.5388378 0.3428301 0.7694942
vn 0.8779506 0.2882795 0.3822272
vn 0.9818175 0.1564848 -0.1074573
vn 0.8226071 -0.01724005 -0.5683488
vn 0.4429797 -0.1863453 -0.8769518
vn -0.05534415 -0.3055196 -0.9505761
vn -0.5388377 -0.3428301 -0.7694942
vn -0.5227283 -0.4244072 -0.7393468
vn -0.8661851 -0.3466345 -0.3599554
vn -0.9775485 -0.1759813 0.1158859
vn -0.8269784 0.04182589 0.5606757
vn -0.4548199 0.248426 0.8552329
vn 0.03920697 0.3884604 0.920631
vn 0.5227283 0.4244072 0.7393468
vn 0.8661852 0.3466344 0.3599552
vn 0.9775485 0.1759814 -0.115886
vn 0.8269784 -0.04182589 -0.5606757
vn 0.45482 -0.2484259 -0.8552328
vn -0.03920733 -0.3884605 -0.9206309
vn -0.5227283 -0.4244072 -0.7393468
vn -0.487523 -0.5386066 -0.6871857
vn -0.8416747 -0.4309835 -0.3253255
vn -0.9703007 -0.2078786 0.1237054
vn -0.8389353 0.07092715 0.5395898
vn -0.4827775 0.3307281 0.8108914
vn 0.002739965 0.5019107 0.8649151
vn 0.4875231 0.5386066 0.6871856
vn 0.841675 0.4309834 0.3253253
vn 0.9703007 0.2078787 -0.1237055
vn 0.8389353 -0.07092715 -0.5395898
vn 0.4827777 -0.3307281 -0.8108913
vn -0.002740263 -0.5019107 -0.8649151
vn -0.487523 -0.5386066 -0.6871857
vn -0.4566889 -0.6121759 -0.6455044
vn -0.8203521 -0.4875546 -0.2988526
vn -0.9642031 -0.2322932 0.1278767
vn -0.8496963 0.08521092 0.5203415
vn -0.507514 0.379883 0.7733813
vn -0.02934377 0.5727655 0.819194
vn 0.4566889 0.6121759 0.6455043
vn 0.8203523 0.4875544 0.2988524
vn 0.964203 0.2322932 -0.1278767
vn 0.8496963 -0.08521092 -0.5203415
vn 0.5075141 -0.3798829 -0.7733812
vn 0.02934347 -0.5727656 -0.8191938
vn -0.4566889 -0.6121759 -0.6455044
vn -0.4112152 -0.6979898 -0.5862699
vn -0.7886006 -0.5565705 -0.2614162
vn -0.9546813 -0.2660184 0.1334839
vn -0.8649556 0.09581302 0.4926171
vn -0.5434657 0.4319715 0.7197539
vn -0.07635488 0.6523833 0.7540331
vn 0.4112153 0.6979898 0.5862699
vn 0.7886008 0.5565704 0.261416
vn 0.9546812 0.2660184 -0.133484
vn 0.8649556 -0.09581302 -0.4926171
vn 0.5434659 -0.4319715 -0.7197539
vn 0.07635457 -0.6523834 -0.754033
vn -0.4112152 -0.6979898 -0.5862699
vn -0.3446284 -0.7936264 -0.5013865
vn -0.741033 -0.638876 -0.2066581
vn -0.9388784 -0.3129394 0.1434444
vn -0.885152 0.0968492 0.4551111
vn -0.5942497 0.4806873 0.644831
vn -0.1441188 0.7357252 0.661769
vn 0.3446284 0.7936264 0.5013865
vn 0.7410331 0.638876 0.206658
vn 0.9388784 0.3129393 -0.1434444
vn 0.885152 -0.0968492 -0.4551111
vn 0.5942498 -0.4806871 -0.644831
vn 0.1441185 -0.7357253 -0.6617689
vn -0.3446284 -0.7936264 -0.5013865
vn -0.2500248 -0.8896922 -0.3820149
vn -0.670838 -0.7308525 -0.1258215
vn -0.911901 -0.3761815 0.1640856
vn -0.908621 0.0792872 0.4100263
vn -0.6618763 0.5135112 0.5461007
vn -0.2377824 0.8101399 0.5358477
vn 0.2500248 0.8896922 0.3820148
vn 0.6708382 0.7308524 0.1258214
vn 0.911901 0.3761814 -0.1640857
vn 0.908621 -0.07928719 -0.4100263
vn 0.6618765 -0.5135111 -0.5461007
vn 0.2377822 -0.8101401 -0.5358478
vn -0.2500248 -0.8896922 -0.3820149
vn -0.1248713 -0.966443 -0.2244886
vn -0.5729186 -0.8195398 -0.01089535
vn -0.8674531 -0.4530416 0.2056174
vn -0.929554 0.03484881 0.3670352
vn -0.7425816 0.5134017 0.430106
vn -0.3566352 0.8543887 0.3779304
vn 0.1248714 0.966443 0.2244886
vn 0.5729188 0.8195397 0.01089524
vn 0.8674531 0.4530416 -0.2056175
vn 0.929554 -0.03484881 -0.3670352
vn 0.7425818 -0.5134016 -0.4301061
vn 0.3566349 -0.8543888 -0.3779303
vn -0.1248713 -0.966443 -0.2244886
vn 0.02143764 -0.9989703 -0.0399848
vn -0.4508937 -0.8820621 0.1366066
vn -0.8024087 -0.528806 0.2765945
vn -0.9389189 -0.03385669 0.3424691
vn -0.8238463 0.4701646 0.3165793
vn -0.4880249 0.8482054 0.2058624
vn -0.02143752 0.9989703 0.03998476
vn 0.4508939 0.882062 -0.1366067
vn 0.8024087 0.528806 -0.2765945
vn 0.9389189 0.03385675 -0.3424691
vn 0.8238463 -0.4701645 -0.3165793
vn 0.4880247 -0.8482055 -0.2058623
vn 0.02143764 -0.9989703 -0.0399848
vn 0.1670016 -0.9753584 0.144175
vn -0.3211312 -0.8987689 0.2984781
vn -0.7232174 -0.5813548 0.3728043
vn -0.931518 -0.108167 0.3472378
vn -0.8902189 0.3940039 0.2286292
vn -0.6103864 0.7906016 0.04875964
vn -0.1670015 0.9753585 -0.144175
vn 0.3211314 0.8987688 -0.2984782
vn 0.7232175 0.5813548 -0.3728043
vn 0.931518 0.1081671 -0.3472379
vn 0.8902189 -0.3940037 -0.2286292
vn 0.6103863 -0.7906018 -0.0487595
vn 0.1670016 -0.9753584 0.144175
vn 0.2908767 -0.9081234 0.3011691
vn -0.2037591 -0.8700256 0.4489293
vn -0.6437979 -0.5988053 0.4763994
vn -0.9113317 -0.1671354 0.3762185
vn -0.9346746 0.3093183 0.1752302
vn -0.7075723 0.7028902 -0.07271089
vn -0.2908766 0.9081234 -0.3011692
vn 0.2037592 0.8700256 -0.4489294
vn 0.6437981 0.5988052 -0.4763994
vn 0.9113317 0.1671355 -0.3762186
vn 0.9346746 -0.3093182 -0.1752302
vn 0.7075721 -0.7028904 0.07271104
vn 0.2908767 -0.9081234 0.3011691
vn 0.3852217 -0.8214837 0.4204389
vn -0.1097071 -0.8129963 0.5718403
vn -0.5752403 -0.5866672 0.5700178
vn -0.8866383 -0.2031409 0.4154591
vn -0.960462 0.2348169 0.1495785
vn -0.7769307 0.6098552 -0.1563813
vn -0.3852215 0.8214836 -0.4204389
vn 0.1097073 0.8129963 -0.5718405
vn 0.5752404 0.5866671 -0.5700176
vn 0.8866382 0.203141 -0.4154592
vn 0.960462 -0.2348168 -0.1495787
vn 0.7769306 -0.6098555 0.1563815
vn 0.3852217 -0.8214837 0.4204389
vn 0.4532088 -0.7341594 0.5055807
vn -0.03914569 -0.7458597 0.6649518
vn -0.5210113 -0.5577077 0.6461496
vn -0.8632724 -0.2201181 0.4542122
vn -0.9742203 0.1764519 0.1405688
vn -0.8241265 0.5257417 -0.2107397
vn -0.4532087 0.7341594 -0.5055807
vn 0.03914593 0.7458597 -0.6649518
vn 0.5210114 0.5577076 -0.6461496
vn 0.8632724 0.2201182 -0.4542122
vn 0.9742203 -0.1764517 -0.1405689
vn 0.8241264 -0.5257419 0.21074
vn 0.4532088 -0.7341594 0.5055807
vn 0.5015831 -0.6551014 0.5650278
vn 0.01267635 -0.6798087 0.7332799
vn -0.4796272 -0.5223618 0.7050503
vn -0.8434151 -0.2249484 0.4879029
vn -0.9812105 0.1327398 0.1400221
vn -0.8560911 0.4548604 -0.2453772
vn -0.5015829 0.6551015 -0.565028
vn -0.01267611 0.6798087 -0.7332799
vn 0.4796273 0.5223618 -0.7050502
vn 0.843415 0.2249484 -0.4879029
vn 0.9812105 -0.1327397 -0.1400223
vn 0.856091 -0.4548605 0.2453774
vn 0.5015831 -0.6551014 0.5650278
vn 0.5364273 -0.5868021 0.606555
vn 0.05096607 -0.6197138 0.7831712
vn -0.4481516 -0.4865736 0.7499375
vn -0.8271875 -0.2230564 0.5157584
vn -0.984579 0.1002287 0.1433821
vn -0.8781533 0.3966575 -0.267413
vn -0.5364272 0.5868021 -0.6065552
vn -0.05096583 0.6197138 -0.7831714
vn 0.4481516 0.4865736 -0.7499375
vn 0.8271875 0.2230565 -0.5157584
vn 0.984579 -0.1002286 -0.1433823
vn 0.8781532 -0.3966576 0.2674133
vn 0.5364273 -0.5868021 0.606555
vn 0.5816879 -0.479792 0.65684
vn 0.1021688 -0.5210548 0.8473862
vn -0.4047265 -0.4227013 0.8108761
vn -0.8031757 -0.2110853 0.5570922
vn -0.9864146 0.05709093 0.1540359
vn -0.9053443 0.3099695 -0.2902942
vn -0.5816877 0.4797921 -0.6568401
vn -0.1021686 0.5210547 -0.8473863
vn 0.4047266 0.4227013 -0.8108761
vn 0.8031757 0.2110853 -0.5570922
vn 0.9864146 -0.05709075 -0.154036
vn 0.9053441 -0.3099696 0.2902944
vn 0.5816879 -0.479792 0.65684
vn 0.6093155 -0.4025935 0.6831202
vn 0.134471 -0.4470119 0.8843631
vn -0.3764051 -0.3716538 0.8486417
vn -0.7864238 -0.1967112 0.5855274
vn -0.9857208 0.03093987 0.1655213
vn -0.9208945 0.2503007 -0.2988358
vn -0.6093155 0.4025935 -0.6831202
vn -0.1344707 0.4470119 -0.8843631
vn 0.3764051 0.3716538 -0.8486417
vn 0.7864238 0.1967112 -0.5855274
vn 0.9857207 -0.03093987 -0.1655215
vn 0.9208944 -0.2503008 0.2988361
vn 0.6093155 -0.4025935 0.6831202
vn 0.6422614 -0.3015106 0.7046925
vn 0.1744359 -0.3468173 0.9215693
vn -0.3401299 -0.2991946 0.8915123
vn -0.7635581 -0.1714029 0.6225753
vn -0.9823915 0.002316117 0.1868195
vn -0.9379938 0.1754144 -0.2989942
vn -0.6422614 0.3015106 -0.7046925
vn -0.1744356 0.3468173 -0.9215693
vn 0.3401299 0.2991946 -0.8915123
vn 0.7635581 0.1714029 -0.6225753
vn 0.9823915 -0.002316058 -0.1868197
vn 0.9379936 -0.1754146 0.2989945
vn 0.6422614 -0.3015106 0.7046925
vn 0.6632137 -0.2389181 0.7092713
vn 0.2008822 -0.2828336 0.9378974
vn -0.3152759 -0.2509641 0.9152148
vn -0.7469559 -0.1518489 0.6473011
vn -0.9784897 -0.01204592 0.2059433
vn -0.9478379 0.1309848 -0.2905965
vn -0.6632137 0.2389182 -0.7092713
vn -0.200882 0.2828336 -0.9378974
vn 0.3152759 0.2509641 -0.9152148
vn 0.7469559 0.1518489 -0.6473011
vn 0.9784897 0.01204598 -0.2059435
vn 0.9478378 -0.1309848 0.2905968
vn 0.6632137 -0.2389181 0.7092713
vn 0.693388 -0.1648658 0.70145
vn 0.2404465 -0.2044066 0.9488959
vn -0.2769226 -0.1891768 0.942086
vn -0.7200907 -0.1232573 0.6828447
vn -0.970311 -0.02431088 0.2406356
vn -0.9605371 0.08114943 -0.2660514
vn -0.693388 0.1648658 -0.70145
vn -0.2404464 0.2044066 -0.9488959
vn 0.2769228 0.1891768 -0.9420859
vn 0.7200907 0.1232573 -0.6828448
vn 0.970311 0.02431094 -0.2406358
vn 0.960537 -0.08114942 0.2660517
vn 0.693388 -0.1648658 0.70145
vn 0.7176716 -0.1255218 0.6849757
vn 0.2734515 -0.1604268 0.9484131
vn -0.2440398 -0.1523457 0.9577241
vn -0.6961408 -0.1034436 0.7104135
vn -0.9617115 -0.02682388 0.2727481
vn -0.9695922 0.05698322 -0.2379997
vn -0.7176715 0.1255218 -0.6849758
vn -0.2734514 0.1604268 -0.9484133
vn 0.2440397 0.1523456 -0.957724
vn 0.6961408 0.1034436 -0.7104136
vn 0.9617114 0.02682388 -0.2727483
vn 0.9695921 -0.05698334 0.2380001
vn 0.7176716 -0.1255218 0.6849757
vn 0.7390387 -0.1051293 0.6654094
vn 0.3033148 -0.1355128 0.9432054
vn -0.2136821 -0.1295858 0.9682704
vn -0.6734232 -0.08893632 0.7338879
vn -0.9527211 -0.02445638 0.3028607
vn -0.9767378 0.04657653 -0.2093176
vn -0.7390387 0.1051293 -0.6654094
vn -0.3033147 0.1355129 -0.9432054
vn 0.2136821 0.1295858 -0.9682704
vn 0.6734232 0.08893632 -0.7338879
vn 0.9527209 0.02445643 -0.3028608
vn 0.9767377 -0.04657652 0.209318
vn 0.7390387 -0.1051293 0.6654094
vn 0.7744756 -0.09250389 0.6258039
vn 0.3547761 -0.1130054 0.9280969
vn -0.1599856 -0.1032273 0.981707
vn -0.6318793 -0.0657894 0.7722695
vn -0.9344615 -0.01072335 0.3559029
vn -0.9866552 0.04721599 -0.1558275
vn -0.7744756 0.09250391 -0.6258039
vn -0.3547759 0.1130054 -0.9280969
vn 0.1599856 0.1032273 -0.981707
vn 0.6318793 0.06578939 -0.7722695
vn 0.9344614 0.01072329 -0.355903
vn 0.9866551 -0.04721616 0.1558278
vn 0.7744756 -0.09250389 0.6258039
vn 0.7984252 -0.1040354 0.5930378
vn 0.3917879 -0.1116903 0.913251
vn -0.1198288 -0.08941786 0.9887596
vn -0.5993375 -0.04318601 0.7993306
vn -0.9182543 0.01461744 0.3957215
vn -0.9911253 0.0685043 -0.1139207
vn -0.7984251 0.1040354 -0.5930378
vn -0.3917877 0.1116903 -0.9132512
vn 0.1198289 0.08941793 -0.9887596
vn 0.5993375 0.04318601 -0.7993306
vn 0.9182542 -0.01461756 -0.3957216
vn 0.9911253 -0.0685043 0.113921
vn 0.7984252 -0.1040354 0.5930378
vn 0.8050861 -0.1184188 0.5812171
vn 0.4032414 -0.1175438 0.907513
vn -0.1066518 -0.08517306 0.9906417
vn -0.5879677 -0.02998018 0.8083286
vn -0.9117382 0.03324574 0.4094243
vn -0.9912089 0.0875636 -0.09918462
vn -0.8050861 0.1184189 -0.5812172
vn -0.4032412 0.1175439 -0.9075131
vn 0.1066518 0.08517307 -0.9906417
vn 0.5879676 0.02998018 -0.8083287
vn 0.911738 -0.03324586 -0.4094245
vn 0.9912089 -0.08756365 0.09918491
vn 0.8050861 -0.1184188 0.5812171
vn 0.8074485 -0.139884 0.5731138
vn 0.409092 -0.128137 0.9034515
vn -0.09888069 -0.0820558 0.9917104
vn -0.5803584 -0.01398772 0.8142411
vn -0.9063295 0.05782818 0.4185963
vn -0.98945 0.1141492 -0.08921076
vn -0.8074484 0.139884 -0.5731138
vn -0.4090917 0.128137 -0.9034516
vn 0.09888069 0.0820558 -0.9917104
vn 0.5803583 0.01398772 -0.8142411
vn 0.9063294 -0.05782818 -0.4185964
vn 0.98945 -0.1141493 0.08921107
vn 0.8074485 -0.139884 0.5731138
vn 0.8052763 -0.1649906 0.5694807
vn 0.4089367 -0.1411154 0.9015859
vn -0.09697741 -0.07942837 0.9921122
vn -0.5769064 0.003541351 0.8168026
vn -0.9022539 0.08556222 0.4226311
vn -0.9858429 0.1446567 -0.08478363
vn -0.8052762 0.1649905 -0.5694807
vn -0.4089365 0.1411153 -0.9015861
vn 0.09697741 0.07942837 -0.9921122
vn 0.5769064 -0.003541351 -0.8168026
vn 0.9022538 -0.08556217 -0.4226314
vn 0.9858429 -0.1446568 0.08478397
vn 0.8052763 -0.1649906 0.5694807
vn 0.79927 -0.1891415 0.5704322
vn 0.4034081 -0.1535027 0.9020525
vn -0.100547 -0.07673299 0.991969
vn -0.5775607 0.02059734 0.8160879
vn -0.8998173 0.1124086 0.4215365
vn -0.9809686 0.1741 -0.08596494
vn -0.79927 0.1891415 -0.5704322
vn -0.4034079 0.1535027 -0.9020526
vn 0.100547 0.07673305 -0.991969
vn 0.5775606 -0.02059734 -0.8160879
vn 0.8998173 -0.1124086 -0.4215367
vn 0.9809685 -0.1741 0.08596526
vn 0.79927 -0.1891415 0.5704322
vn 0.7899399 -0.2126888 0.5751162
vn 0.3933413 -0.1654019 0.904392
vn -0.1086528 -0.07379568 0.9913368
vn -0.5815335 0.03758408 0.8126539
vn -0.8985928 0.1388932 0.4162207
vn -0.9748747 0.202986 -0.09173832
vn -0.7899398 0.2126888 -0.5751162
vn -0.3933411 0.1654019 -0.9043921
vn 0.1086528 0.07379568 -0.9913368
vn 0.5815335 -0.03758408 -0.8126539
vn 0.8985928 -0.1388931 -0.4162209
vn 0.9748747 -0.202986 0.09173866
vn 0.7899399 -0.2126888 0.5751162
vn 0.7776845 -0.2362783 0.582563
vn 0.3795361 -0.1772179 0.9080452
vn -0.1203088 -0.07067197 0.9902177
vn -0.587917 0.0548104 0.8070621
vn -0.8979934 0.1656064 0.4076546
vn -0.9674529 0.2320283 -0.1009833
vn -0.7776844 0.2362783 -0.582563
vn -0.379536 0.1772179 -0.9080454
vn 0.1203088 0.07067192 -0.9902179
vn 0.587917 -0.05481041 -0.8070622
vn 0.8979933 -0.1656065 -0.4076549
vn 0.9674529 -0.2320284 0.1009836
vn 0.7776845 -0.2362783 0.582563
vn 0.7627808 -0.2610662 0.5916165
vn 0.3627689 -0.1898238 0.9123407
vn -0.1344466 -0.06771827 0.9886042
vn -0.5956373 0.07253243 0.799972
vn -0.8972276 0.1933479 0.3969878
vn -0.9584063 0.2623562 -0.1123689
vn -0.7627807 0.2610662 -0.5916166
vn -0.3627687 0.1898237 -0.9123408
vn 0.1344466 0.06771821 -0.9886042
vn 0.5956373 -0.07253231 -0.799972
vn 0.8972275 -0.193348 -0.3969878
vn 0.9584062 -0.2623562 0.1123692
vn 0.7627808 -0.2610662 0.5916165
vn 0.7452964 -0.2892482 0.6007236
vn 0.3437994 -0.2049868 0.9163964
vn -0.1498184 -0.06579935 0.9865216
vn -0.6032926 0.09101915 0.792309
vn -0.8951148 0.2234491 0.3857977
vn -0.9470918 0.296006 -0.1240876
vn -0.7452964 0.2892482 -0.6007237
vn -0.3437992 0.2049867 -0.9163965
vn 0.1498183 0.06579929 -0.9865216
vn 0.6032925 -0.09101915 -0.7923091
vn 0.8951148 -0.223449 -0.3857979
vn 0.9470918 -0.296006 0.1240879
vn 0.7452964 -0.2892482 0.6007236
vn 0.7247365 -0.3255205 0.6072837
vn 0.3233117 -0.2265894 0.9187638
vn -0.1647443 -0.06694371 0.984062
vn -0.6086572 0.1106396 0.7856814
vn -0.889481 0.2585769 0.376778
vn -0.9319689 0.3372287 -0.1330826
vn -0.7247364 0.3255204 -0.6072838
vn -0.3233115 0.2265893 -0.9187639
vn 0.1647443 0.06694371 -0.984062
vn 0.6086572 -0.1106395 -0.7856814
vn 0.8894809 -0.2585768 -0.3767781
vn 0.9319687 -0.3372288 0.1330829
vn 0.7247365 -0.3255205 0.6072837
vn 0.6985037 -0.3820618 0.6050796
vn 0.3014945 -0.2649546 0.915915
vn -0.1763001 -0.07685291 0.9813317
vn -0.6068552 0.1318415 0.7838013
vn -0.874804 0.3052092 0.3762518
vn -0.9083496 0.396796 -0.1321138
vn -0.6985036 0.3820618 -0.6050797
vn -0.3014943 0.2649545 -0.915915
vn 0.1763001 0.07685285 -0.9813317
vn 0.6068552 -0.1318415 -0.7838013
vn 0.874804 -0.3052091 -0.376252
vn 0.9083495 -0.396796 0.1321141
vn 0.6985037 -0.3820618 0.6050796
vn 0.6789144 -0.4327362 0.5931395
vn 0.2895479 -0.3021226 0.9082313
vn -0.177403 -0.09055541 0.9799632
vn -0.596819 0.1452762 0.7891147
vn -0.8563176 0.3421811 0.3868234
vn -0.8863666 0.4473986 -0.1191167
vn -0.6789144 0.4327362 -0.5931396
vn -0.2895477 0.3021225 -0.9082313
vn 0.1774031 0.09055536 -0.9799632
vn 0.5968189 -0.1452761 -0.7891148
vn 0.8563176 -0.3421809 -0.3868235
vn 0.8863665 -0.4473987 0.1191171
vn 0.6789144 -0.4327362 0.5931395
vn 0.6433989 -0.525456 0.556717
vn 0.2740587 -0.3737193 0.8861296
vn -0.1687156 -0.1218446 0.9781048
vn -0.5662827 0.1626781 0.8079973
vn -0.8121147 0.4036115 0.4213876
vn -0.8403412 0.5363973 -0.07813248
vn -0.6433989 0.525456 -0.5567171
vn -0.2740586 0.3737192 -0.8861298
vn 0.1687156 0.1218446 -0.9781048
vn 0.5662827 -0.1626781 -0.8079974
vn 0.8121147 -0.4036114 -0.4213877
vn 0.840341 -0.5363974 0.07813283
vn 0.6433989 -0.525456 0.556717
vn 0.6099478 -0.6010561 0.5164254
vn 0.2609045 -0.436092 0.8612506
vn -0.1580484 -0.1542774 0.9753047
vn -0.5346524 0.1688759 0.8280265
vn -0.7679965 0.446779 0.4588791
vn -0.7955565 0.6049678 -0.03322439
vn -0.6099479 0.6010561 -0.5164255
vn -0.2609043 0.436092 -0.8612508
vn 0.1580484 0.1542774 -0.9753047
vn 0.5346522 -0.1688759 -0.8280265
vn 0.7679965 -0.4467789 -0.4588792
vn 0.7955564 -0.6049678 0.03322471
vn 0.6099478 -0.6010561 0.5164254
vn 0.5502397 -0.7083325 0.4421554
vn 0.2351659 -0.5323133 0.8132279
vn -0.1429204 -0.2136611 0.9663968
vn -0.4827113 0.1622416 0.8606204
vn -0.6931602 0.4946716 0.5242413
vn -0.7178771 0.6945549 0.0473923
vn -0.5502396 0.7083325 -0.4421555
vn -0.2351659 0.5323132 -0.8132278
vn 0.1429204 0.2136611 -0.9663968
vn 0.4827113 -0.1622415 -0.8606204
vn 0.6931601 -0.4946716 -0.5242414
vn 0.7178771 -0.6945548 -0.04739197
vn 0.5502397 -0.7083325 0.4421554
vn 0.5016156 -0.7760875 0.382191
vn 0.2110951 -0.5990986 0.772347
vn -0.1359884 -0.2615815 0.9555534
vn -0.4466339 0.1460262 0.8827199
vn -0.6376041 0.5145065 0.5733623
vn -0.6577288 0.7451247 0.1103727
vn -0.5016155 0.7760875 -0.3821911
vn -0.2110948 0.5990984 -0.7723471
vn 0.1359885 0.2615815 -0.9555534
vn 0.4466339 -0.1460263 -0.88272
vn 0.6376041 -0.5145062 -0.5733623
vn 0.6577287 -0.7451247 -0.1103724
vn 0.5016156 -0.7760875 0.382191
vn 0.432113 -0.8510681 0.2982638
vn 0.1719501 -0.6807159 0.7120808
vn -0.1342868 -0.3279663 0.9350963
vn -0.4045416 0.1126618 0.9075536
vn -0.5663998 0.5231022 0.6368324
vn -0.5764915 0.7933776 0.1954725
vn -0.4321128 0.8510683 -0.298264
vn -0.1719499 0.6807158 -0.712081
vn 0.1342868 0.3279663 -0.9350964
vn 0.4045416 -0.1126617 -0.9075536
vn 0.5663998 -0.523102 -0.6368324
vn 0.5764917 -0.7933776 -0.1954722
vn 0.432113 -0.8510681 0.2982638
vn 0.3335055 -0.9248568 0.1827949
vn 0.107842 -0.7742413 0.6236349
vn -0.146718 -0.4161685 0.8973726
vn -0.3619649 0.05341625 0.9306601
vn -0.4802237 0.5086886 0.7145777
vn -0.4698067 0.8276578 0.307025
vn -0.3335055 0.9248568 -0.182795
vn -0.1078419 0.7742413 -0.623635
vn 0.146718 0.4161685 -0.8973727
vn 0.3619649 -0.05341625 -0.93066
vn 0.4802237 -0.5086884 -0.7145777
vn 0.4698067 -0.8276579 -0.3070246
vn 0.3335055 -0.9248568 0.1827949
vn 0.2003038 -0.979187 0.03273068
vn 0.007309017 -0.8662391 0.4995763
vn -0.1876443 -0.5211831 0.832561
vn -0.3323184 -0.03647637 0.9424617
vn -0.387948 0.4580044 0.7998303
vn -0.3396274 0.8297627 0.442885
vn -0.2003037 0.979187 -0.0327308
vn -0.007308957 0.8662389 -0.4995765
vn 0.1876443 0.5211831 -0.832561
vn 0.3323184 0.03647637 -0.9424617
vn 0.3879482 -0.4580041 -0.7998303
vn 0.3396274 -0.8297629 -0.4428848
vn 0.2003038 -0.979187 0.03273068
vn 0.03877567 -0.9892095 -0.1412835
vn -0.1336558 -0.929722 0.3431519
vn -0.2702743 -0.6211162 0.7356401
vn -0.334473 -0.1460828 0.9310143
vn -0.3090498 0.3680936 0.8769237
vn -0.2008172 0.7836393 0.5878621
vn -0.03877554 0.9892095 0.1412834
vn 0.1336558 0.9297219 -0.343152
vn 0.2702743 0.6211161 -0.7356402
vn 0.334473 0.1460828 -0.9310143
vn 0.3090501 -0.3680934 -0.8769238
vn 0.200817 -0.7836396 -0.587862
vn 0.03877567 -0.9892095 -0.1412835
vn -0.1279342 -0.9413329 -0.3122902
vn -0.2995487 -0.9376962 0.1760583
vn -0.3908994 -0.6828045 0.6172323
vn -0.3775089 -0.2449558 0.8930194
vn -0.2629651 0.2585287 0.9295226
vn -0.07796001 0.6927405 0.7169609
vn 0.1279343 0.9413329 0.31229
vn 0.2995487 0.9376962 -0.1760585
vn 0.3908994 0.6828045 -0.6172323
vn 0.3775089 0.2449558 -0.8930194
vn 0.2629652 -0.2585286 -0.9295227
vn 0.07795998 -0.6927407 -0.7169607
vn -0.1279342 -0.9413329 -0.3122902
vn -0.2725927 -0.8486919 -0.4532277
vn -0.4599855 -0.8874931 0.02773734
vn -0.5241257 -0.6884913 0.5012704
vn -0.4478268 -0.3050089 0.8404884
vn -0.2515329 0.1602008 0.9544982
vn 0.01215899 0.5824845 0.8127509
vn 0.2725928 0.8486919 0.4532276
vn 0.4599856 0.8874931 -0.02773755
vn 0.5241257 0.6884913 -0.5012704
vn 0.4478267 0.3050089 -0.8404884
vn 0.2515329 -0.1602006 -0.9544983
vn -0.01215911 -0.5824847 -0.8127508
vn -0.2725927 -0.8486919 -0.4532277
vn -0.3822076 -0.7391354 -0.5546136
vn -0.5917634 -0.8015724 -0.08542608
vn -0.642757 -0.6492287 0.4066516
vn -0.5215241 -0.3229246 0.7897672
vn -0.2605492 0.08990703 0.9612653
vn 0.07023945 0.4786477 0.8751929
vn 0.3822077 0.7391354 0.5546135
vn 0.5917636 0.8015724 0.08542585
vn 0.6427569 0.6492287 -0.4066516
vn 0.5215241 0.3229246 -0.7897672
vn 0.2605493 -0.08990686 -0.9612652
vn -0.07023969 -0.478648 -0.8751929
vn -0.3822076 -0.7391354 -0.5546136
vn -0.4591029 -0.6340366 -0.6222717
vn -0.6893476 -0.7055738 -0.1642118
vn -0.7348822 -0.588053 0.3378487
vn -0.5835056 -0.3129639 0.7493829
vn -0.275779 0.04598372 0.9601206
vn 0.1058421 0.3926099 0.9135945
vn 0.459103 0.6340366 0.6222717
vn 0.6893477 0.7055737 0.1642116
vn 0.7348822 0.588053 -0.3378488
vn 0.5835056 0.3129639 -0.7493829
vn 0.2757791 -0.04598361 -0.9601205
vn -0.1058424 -0.39261 -0.9135944
vn -0.4591029 -0.6340366 -0.6222717
vn -0.5114717 -0.5425915 -0.6663266
vn -0.7581009 -0.6149709 -0.2170113
vn -0.8015977 -0.5225692 0.2904522
vn -0.630307 -0.2901456 0.7200894
vn -0.2901258 0.02002245 0.9567791
vn 0.1277941 0.3248253 0.9371004
vn 0.5114717 0.5425916 0.6663265
vn 0.7581009 0.6149708 0.2170111
vn 0.8015977 0.5225693 -0.2904523
vn 0.630307 0.2901456 -0.7200894
vn 0.2901259 -0.02002239 -0.956779
vn -0.1277944 -0.3248255 -0.9371003
vn -0.5114717 -0.5425915 -0.6663266
vn -0.5470632 -0.4662868 -0.6951967
vn -0.8058386 -0.5356994 -0.2522902
vn -0.8486903 -0.4615717 0.2582174
vn -0.6641361 -0.2637662 0.699536
vn -0.3016268 0.004715263 0.9534144
vn 0.1417027 0.2719331 0.951826
vn 0.5470632 0.4662868 0.6951967
vn 0.8058388 0.5356993 0.25229
vn 0.8486904 0.4615716 -0.2582175
vn 0.6641361 0.2637662 -0.699536
vn 0.301627 -0.004715085 -0.9534143
vn -0.141703 -0.2719332 -0.9518259
vn -0.5470632 -0.4662868 -0.6951967
vn -0.5714989 -0.4035017 -0.7145455
vn -0.8391234 -0.4685633 -0.2762612
vn -0.8819056 -0.4080738 0.2360474
vn -0.6883817 -0.2382411 0.6851072
vn -0.3104063 -0.004571853 0.9505929
vn 0.1507417 0.2303223 0.9613681
vn 0.5714989 0.4035017 0.7145455
vn 0.8391235 0.4685634 0.276261
vn 0.8819056 0.4080738 -0.2360474
vn 0.6883817 0.2382411 -0.6851072
vn 0.3104065 0.004571913 -0.9505929
vn -0.1507421 -0.2303224 -0.961368
vn -0.5714989 -0.4035017 -0.7145455
vn -0.6004779 -0.3091806 -0.7374508
vn -0.8794696 -0.3653351 -0.3050629
vn -0.9228083 -0.3235983 0.2090665
vn -0.7188812 -0.1951537 0.6671767
vn -0.3223303 -0.01441765 0.9465175
vn 0.1605886 0.1701815 0.9722394
vn 0.6004781 0.3091806 0.7374507
vn 0.8794698 0.3653351 0.3050627
vn 0.9228083 0.3235983 -0.2090665
vn 0.7188813 0.1951538 -0.6671767
vn 0.3223304 0.01441783 -0.9465174
vn -0.160589 -0.1701815 -0.9722394
vn -0.6004779 -0.3091806 -0.7374508
vn -0.6150351 -0.243663 -0.7499068
vn -0.9007633 -0.2924999 -0.321044
vn -0.9451329 -0.2629619 0.1938424
vn -0.7362548 -0.1629632 0.6567891
vn -0.3300976 -0.01929867 0.9437495
vn 0.1645088 0.1295368 0.9778329
vn 0.6150352 0.243663 0.7499068
vn 0.9007635 0.2924999 0.3210438
vn 0.9451329 0.2629618 -0.1938425
vn 0.7362548 0.1629632 -0.6567891
vn 0.3300977 0.01929873 -0.9437495
vn -0.164509 -0.1295369 -0.9778328
vn -0.6150351 -0.243663 -0.7499068
vn -0.6256274 -0.1615484 -0.763212
vn -0.9192548 -0.2006207 -0.3387061
vn -0.9665689 -0.185937 0.1765559
vn -0.7548915 -0.1214316 0.6445101
vn -0.3409413 -0.02438862 0.9397682
vn 0.1643637 0.07918929 0.983216
vn 0.6256275 0.1615484 0.7632119
vn 0.919255 0.2006207 0.3387059
vn 0.9665689 0.1859369 -0.176556
vn 0.7548915 0.1214316 -0.6445101
vn 0.3409414 0.02438862 -0.9397681
vn -0.164364 -0.07918929 -0.983216
vn -0.6256274 -0.1615484 -0.763212
vn -0.6230549 -0.08408783 -0.7776451
vn -0.9262359 -0.1143577 -0.3591788
vn -0.9812328 -0.1139855 0.1555294
vn -0.7733092 -0.08307093 0.6285636
vn -0.3581777 -0.02989756 0.9331746
vn 0.152927 0.03128676 0.9877421
vn 0.623055 0.08408785 0.777645
vn 0.926236 0.1143577 0.3591786
vn 0.9812328 0.1139855 -0.1555295
vn 0.7733092 0.08307093 -0.6285636
vn 0.3581778 0.02989756 -0.9331746
vn -0.1529272 -0.03128676 -0.9877421
vn -0.6230549 -0.08408783 -0.7776451
vn -0.613039 -0.05042331 -0.788442
vn -0.9236521 -0.07776938 -0.3752584
vn -0.9867734 -0.08427726 0.1384755
vn -0.7854896 -0.06820303 0.6151052
vn -0.3737342 -0.03385377 0.9269179
vn 0.1381626 0.009566364 0.9903634
vn 0.613039 0.05042331 0.788442
vn 0.9236522 0.07776938 0.3752581
vn 0.9867734 0.08427726 -0.1384755
vn 0.7854897 0.06820304 -0.6151052
vn 0.3737344 0.03385389 -0.9269178
vn -0.138163 -0.009566424 -0.9903634
vn -0.613039 -0.05042331 -0.788442
vn -0.5933735 -0.02498366 -0.8045394
vn -0.9150644 -0.0522167 -0.3999133
vn -0.9915646 -0.06545836 0.1118696
vn -0.8023759 -0.06116045 0.5936771
vn -0.3981909 -0.04047465 0.9164093
vn 0.1126888 -0.008943675 0.9935901
vn 0.5933737 0.02498364 0.8045394
vn 0.9150645 0.05221669 0.399913
vn 0.9915646 0.06545828 -0.1118696
vn 0.8023759 0.06116045 -0.5936771
vn 0.398191 0.04047465 -0.9164092
vn -0.1126892 0.008943734 -0.99359
vn -0.5933735 -0.02498366 -0.8045394
vn -0.6537068 -0.0263816 -0.756288
vn -0.9435809 -0.04629759 -0.3278896
vn -0.9806236 -0.05380815 0.1883669
vn -0.7549089 -0.04690094 0.6541505
vn -0.3269166 -0.0274266 0.9446551
vn 0.1886724 -0.0006034373 0.9820399
vn 0.6537068 0.02638163 0.7562879
vn 0.943581 0.04629758 0.3278894
vn 0.9806236 0.05380816 -0.1883669
vn 0.7549089 0.04690094 -0.6541505
vn 0.3269168 0.0274266 -0.9446551
vn -0.1886727 0.000603318 -0.9820398
vn -0.6537068 -0.0263816 -0.756288
vn -0.7129157 -0.05857969 -0.6987987
vn -0.9668497 -0.0618665 -0.2477381
vn -0.9617172 -0.04857617 0.269704
vn -0.6988933 -0.02226996 0.7148791
vn -0.2488013 0.01000357 0.9685029
vn 0.2679566 0.03959655 0.962617
vn 0.7129157 0.05857971 0.6987987
vn 0.9668497 0.06186647 0.2477379
vn 0.9617172 0.04857617 -0.269704
vn 0.6988933 0.02226996 -0.7148791
vn 0.2488014 -0.01000357 -0.9685028
vn -0.2679569 -0.03959661 -0.9626169
vn -0.7129157 -0.05857969 -0.6987987
vn -0.7384801 -0.1387932 -0.6598361
vn -0.9736882 -0.1099097 -0.1996275
vn -0.9479975 -0.05157613 0.3140713
vn -0.6682914 0.02057731 0.743615
vn -0.209517 0.08721703 0.9739075
vn 0.305397 0.130487 0.9432421
vn 0.7384802 0.1387932 0.6598361
vn 0.9736882 0.1099098 0.1996273
vn 0.9479975 0.05157607 -0.3140714
vn 0.6682914 -0.02057731 -0.7436149
vn 0.2095172 -0.08721703 -0.9739075
vn -0.3053973 -0.1304871 -0.9432421
vn -0.7384801 -0.1387932 -0.6598361
vn -0.7378229 -0.1983202 -0.6452027
vn -0.9714523 -0.1470835 -0.1861371
vn -0.9447819 -0.05643582 0.3228039
vn -0.6649577 0.04933368 0.74525
vn -0.2069585 0.1418843 0.9680067
vn 0.3064947 0.1964171 0.9313868
vn 0.737823 0.1983202 0.6452026
vn 0.9714523 0.1470834 0.1861369
vn 0.9447818 0.05643582 -0.322804
vn 0.6649577 -0.04933369 -0.7452499
vn 0.2069588 -0.1418843 -0.9680067
vn -0.306495 -0.1964171 -0.9313867
vn -0.7378229 -0.1983202 -0.6452027
vn -0.7165861 -0.3271554 -0.6160144
vn -0.9583699 -0.2303937 -0.1686592
vn -0.9433593 -0.07189821 0.3238884
vn -0.6755764 0.1058624 0.7296504
vn -0.226773 0.2552572 0.9399031
vn 0.2827937 0.3362561 0.8983093
vn 0.7165861 0.3271554 0.6160144
vn 0.95837 0.2303936 0.1686589
vn 0.9433594 0.07189821 -0.3238885
vn 0.6755764 -0.1058624 -0.7296504
vn 0.2267732 -0.2552574 -0.939903
vn -0.282794 -0.3362561 -0.8983092
vn -0.7165861 -0.3271554 -0.6160144
vn -0.6730719 -0.4626096 -0.5770327
vn -0.9339328 -0.3234561 -0.1521366
vn -0.9445476 -0.09763276 0.3135245
vn -0.7020714 0.1543512 0.6951772
vn -0.2714756 0.3649771 0.8905576
vn 0.2318617 0.4778073 0.8473136
vn 0.6730719 0.4626096 0.5770327
vn 0.933933 0.323456 0.1521364
vn 0.9445476 0.09763276 -0.3135246
vn 0.7020714 -0.1543512 -0.6951771
vn 0.2714757 -0.3649769 -0.8905575
vn -0.2318621 -0.4778073 -0.8473135
vn -0.6730719 -0.4626096 -0.5770327
vn -0.5284944 -0.7134487 -0.4600921
vn -0.8479204 -0.5203245 -0.101457
vn -0.9401469 -0.1877797 0.2843636
vn -0.7804617 0.1950805 0.5939892
vn -0.4116522 0.5256692 0.7444558
vn 0.06745878 0.7154049 0.695446
vn 0.5284944 0.7134487 0.460092
vn 0.8479204 0.5203244 0.1014568
vn 0.9401469 0.1877798 -0.2843637
vn 0.7804617 -0.1950805 -0.5939891
vn 0.4116524 -0.525669 -0.7444557
vn -0.06745908 -0.715405 -0.6954458
vn -0.5284944 -0.7134487 -0.4600921
vn -0.04857336 -0.9959894 -0.07513909
vn -0.4934812 -0.856751 0.1498467
vn -0.8061614 -0.4879468 0.3346813
vn -0.9028314 0.01160228 0.4298383
vn -0.7575882 0.5080428 0.4098204
vn -0.4093497 0.8683533 0.2799915
vn 0.04857348 0.9959894 0.07513905
vn 0.4934815 0.8567509 -0.1498468
vn 0.8061615 0.4879468 -0.3346813
vn 0.9028313 -0.01160228 -0.4298383
vn 0.7575882 -0.5080426 -0.4098204
vn 0.4093494 -0.8683536 -0.2799914
vn -0.04857336 -0.9959894 -0.07513909
vn 0.4906911 -0.7912254 0.3649446
vn 0.02357899 -0.809032 0.5872916
vn -0.4498513 -0.6100589 0.6522745
vn -0.8027443 -0.2476209 0.5424808
vn -0.9405425 0.1811669 0.2873297
vn -0.8263231 0.5614108 -0.04481101
vn -0.490691 0.7912255 -0.3649447
vn -0.02357875 0.8090318 -0.5872917
vn 0.4498513 0.6100588 -0.6522745
vn 0.8027443 0.2476211 -0.5424809
vn 0.9405425 -0.1811668 -0.2873298
vn 0.8263229 -0.5614111 0.04481123
vn 0.4906911 -0.7912254 0.3649446
vn 0.673143 -0.5319988 0.5136689
vn 0.2313763 -0.5834085 0.778524
vn -0.2723878 -0.4784945 0.8347743
vn -0.7031658 -0.245368 0.6673474
vn -0.945531 0.05350469 0.321105
vn -0.9345418 0.3380406 -0.1111768
vn -0.673143 0.5319989 -0.513669
vn -0.2313761 0.5834085 -0.778524
vn 0.2723878 0.4784944 -0.8347743
vn 0.7031658 0.245368 -0.6673474
vn 0.9455309 -0.05350458 -0.3211052
vn 0.9345416 -0.3380408 0.1111771
vn 0.673143 -0.5319988 0.5136689
vn 0.7327583 -0.3885165 0.5586772
vn 0.3045122 -0.4397828 0.8449044
vn -0.2053279 -0.3732097 0.9047403
vn -0.6601506 -0.2066351 0.7221517
vn -0.9380865 0.01530707 0.3460629
vn -0.9646626 0.2331477 -0.1227529
vn -0.7327582 0.3885165 -0.5586772
vn -0.304512 0.4397828 -0.8449045
vn 0.205328 0.3732096 -0.9047403
vn 0.6601506 0.2066352 -0.7221518
vn 0.9380863 -0.01530695 -0.3460631
vn 0.9646625 -0.2331478 0.1227532
vn 0.7327583 -0.3885165 0.5586772
vn 0.7738115 -0.2535105 0.5804725
vn 0.3577344 -0.2970282 0.885325
vn -0.1541976 -0.2609575 0.9529556
vn -0.6248124 -0.1549633 0.7652423
vn -0.9280092 -0.007446824 0.3724828
vn -0.9825465 0.1420649 -0.1200829
vn -0.7738114 0.2535106 -0.5804726
vn -0.3577341 0.2970282 -0.8853252
vn 0.1541977 0.2609576 -0.9529555
vn 0.6248124 0.1549634 -0.7652423
vn 0.9280092 0.007446884 -0.3724829
vn 0.9825465 -0.1420649 0.1200833
vn 0.7738115 -0.2535105 0.5804725
vn 0.8022703 -0.1580023 0.5756714
vn 0.39792 -0.1923626 0.8970264
vn -0.113053 -0.1751795 0.9780241
vn -0.5937335 -0.1110572 0.7969609
vn -0.9153236 -0.0171771 0.4023526
vn -0.9916533 0.08130542 -0.1000657
vn -0.8022703 0.1580023 -0.5756715
vn -0.3979197 0.1923625 -0.8970265
vn 0.113053 0.1751795 -0.9780241
vn 0.5937335 0.1110572 -0.7969609
vn 0.9153236 0.01717722 -0.4023527
vn 0.9916533 -0.08130548 0.100066
vn 0.8022703 -0.1580023 0.5756714
vn 0.8324414 -0.1050542 0.5440634
vn 0.444683 -0.1318199 0.8859348
vn -0.06222796 -0.1232646 0.9904208
vn -0.552465 -0.0816806 0.8295244
vn -0.8946695 -0.01821041 0.4463573
vn -0.9971479 0.05013924 -0.05641069
vn -0.8324413 0.1050542 -0.5440635
vn -0.4446828 0.1318199 -0.8859349
vn 0.06222791 0.1232646 -0.9904209
vn 0.552465 0.0816806 -0.8295244
vn 0.8946694 0.01821041 -0.4463575
vn 0.9971479 -0.05013936 0.05641099
vn 0.8324414 -0.1050542 0.5440634
vn 0.8695612 -0.08873301 0.4857879
vn 0.5072531 -0.1081712 0.8549814
vn 0.009026644 -0.09862491 0.9950837
vn -0.4916186 -0.06265228 0.8685539
vn -0.8605348 -0.009891982 0.5092955
vn -0.9988713 0.04551885 0.01357213
vn -0.8695612 0.08873301 -0.4857879
vn -0.5072529 0.1081712 -0.8549816
vn -0.009026644 0.09862491 -0.9950837
vn 0.4916185 0.06265229 -0.8685539
vn 0.8605347 0.009891924 -0.5092957
vn 0.9988713 -0.04551891 -0.01357179
vn 0.8695612 -0.08873301 0.4857879
vn 0.8862578 -0.1066656 0.4507435
vn 0.5387925 -0.1168369 0.8342972
vn 0.04695809 -0.09570187 0.9943018
vn -0.4574587 -0.04892362 0.887884
vn -0.8392999 0.01096368 0.5435582
vn -0.9962511 0.06791334 0.05358662
vn -0.8862576 0.1066656 -0.4507435
vn -0.5387922 0.1168369 -0.8342974
vn -0.04695803 0.09570187 -0.9943018
vn 0.4574587 0.04892362 -0.887884
vn 0.8392997 -0.01096374 -0.5435584
vn 0.9962511 -0.06791335 -0.0535863
vn 0.8862578 -0.1066656 0.4507435
vn 0.8788266 -0.129294 0.4592896
vn 0.5272931 -0.132821 0.8392381
vn 0.03447181 -0.1007586 0.9943135
vn -0.4675863 -0.04169804 0.8829634
vn -0.844355 0.02853554 0.5350238
vn -0.9948792 0.09112292 0.04372507
vn -0.8788266 0.129294 -0.4592897
vn -0.5272929 0.1328209 -0.8392382
vn -0.03447181 0.1007586 -0.9943135
vn 0.4675863 0.04169804 -0.8829634
vn 0.8443549 -0.02853543 -0.5350239
vn 0.9948793 -0.09112292 -0.04372477
vn 0.8788266 -0.129294 0.4592896
vn 0.87279 -0.1479452 0.4651342
vn 0.5184439 -0.1464671 0.8424745
vn 0.02518105 -0.1057433 0.9940745
vn -0.4748292 -0.0366857 0.8793131
vn -0.8476093 0.0422018 0.52894
vn -0.9932729 0.1097814 0.03683826
vn -0.87279 0.1479452 -0.4651343
vn -0.5184438 0.1464671 -0.8424746
vn -0.02518105 0.1057433 -0.9940745
vn 0.4748291 0.0366857 -0.8793131
vn 0.8476091 -0.04220192 -0.5289401
vn 0.9932729 -0.1097815 -0.03683796
vn 0.87279 -0.1479452 0.4651342
vn 0.8649775 -0.1766816 0.4696782
vn 0.5082606 -0.1678987 0.8446782
vn 0.01535558 -0.1141275 0.9933474
vn -0.4816641 -0.02977591 0.87585
vn -0.8496222 0.06255416 0.5236688
vn -0.9899245 0.1381228 0.03117155
vn -0.8649775 0.1766816 -0.4696783
vn -0.5082604 0.1678987 -0.8446782
vn -0.01535552 0.1141275 -0.9933474
vn 0.4816641 0.02977591 -0.87585
vn 0.8496221 -0.06255411 -0.5236691
vn 0.9899245 -0.1381229 -0.03117118
vn 0.8649775 -0.1766816 0.4696782
vn 0.8545211 -0.2187722 0.471097
vn 0.4966203 -0.2000434 0.8446011
vn 0.005650342 -0.1277131 0.9917951
vn -0.4868336 -0.02116215 0.8732383
vn -0.8488711 0.09105915 0.5206978
vn -0.9834539 0.1788812 0.02863707
vn -0.854521 0.2187722 -0.4710971
vn -0.4966201 0.2000434 -0.8446012
vn -0.005650401 0.1277131 -0.9917951
vn 0.4868336 0.02116215 -0.8732383
vn 0.8488709 -0.09105916 -0.5206981
vn 0.9834539 -0.1788813 -0.02863675
vn 0.8545211 -0.2187722 0.471097
vn 0.8387488 -0.2786946 0.4677927
vn 0.4813564 -0.2472522 0.8409295
vn -0.005015134 -0.1495589 0.9887401
vn -0.4900429 -0.01179129 0.8716186
vn -0.8437641 0.1291357 0.5209475
vn -0.9713992 0.2354608 0.03068891
vn -0.8387486 0.2786945 -0.4677927
vn -0.4813562 0.2472522 -0.8409296
vn 0.005015135 0.1495588 -0.9887401
vn 0.4900429 0.01179135 -0.8716186
vn 0.8437641 -0.1291356 -0.5209475
vn 0.9713992 -0.2354609 -0.03068857
vn 0.8387488 -0.2786946 0.4677927
vn 0.8067911 -0.3784274 0.453741
vn 0.4534349 -0.3282014 0.828662
vn -0.02141899 -0.1900341 0.9815438
vn -0.4905337 -0.0009472966 0.8714217
vn -0.8282104 0.1883934 0.5278026
vn -0.9439684 0.3272541 0.04275949
vn -0.8067911 0.3784274 -0.453741
vn -0.4534347 0.3282014 -0.8286621
vn 0.02141899 0.1900341 -0.9815438
vn 0.4905337 0.0009472966 -0.8714217
vn 0.8282102 -0.1883934 -0.5278028
vn 0.9439684 -0.3272543 -0.04275916
vn 0.8067911 -0.3784274 0.453741
vn 0.7728368 -0.4611844 0.4359269
vn 0.4248852 -0.3966784 0.8137068
vn -0.03691419 -0.2258827 0.9734548
vn -0.4888226 0.005438089 0.8723663
vn -0.8097513 0.2353017 0.5375277
vn -0.9137075 0.4021165 0.05865922
vn -0.7728367 0.4611844 -0.435927
vn -0.4248851 0.3966784 -0.8137069
vn 0.03691423 0.2258827 -0.9734548
vn 0.4888225 -0.005438089 -0.8723663
vn 0.8097511 -0.2353017 -0.5375279
vn 0.9137075 -0.4021165 -0.05865888
vn 0.7728368 -0.4611844 0.4359269
vn 0.7030109 -0.5898681 0.3972798
vn 0.3668112 -0.5046292 0.7815362
vn -0.06767549 -0.2841752 0.9563809
vn -0.4840286 0.01242328 0.8749639
vn -0.7706867 0.305693 0.559101
vn -0.8508396 0.5170524 0.09342743
vn -0.7030109 0.5898681 -0.3972799
vn -0.3668109 0.5046291 -0.7815364
vn 0.06767559 0.2841752 -0.956381
vn 0.4840286 -0.01242328 -0.874964
vn 0.7706866 -0.305693 -0.5591011
vn 0.8508396 -0.5170525 -0.09342713
vn 0.7030109 -0.5898681 0.3972798
vn 0.6369889 -0.6816202 0.3600542
vn 0.3119594 -0.5825409 0.7505515
vn -0.09665963 -0.3273701 0.9399392
vn -0.4793786 0.01551926 0.8774709
vn -0.7336486 0.3542504 0.5798848
vn -0.7913378 0.5980601 0.1269192
vn -0.6369888 0.6816203 -0.3600543
vn -0.3119591 0.5825409 -0.7505516
vn 0.09665965 0.3273701 -0.9399392
vn 0.4793787 -0.01551926 -0.8774709
vn 0.7336486 -0.3542503 -0.5798849
vn 0.7913378 -0.5980602 -0.1269189
vn 0.6369889 -0.6816202 0.3600542
vn 0.5278785 -0.7952743 0.2981325
vn 0.2209911 -0.6803036 0.6988204
vn -0.145111 -0.383046 0.9122602
vn -0.4723306 0.01684856 0.8812604
vn -0.6729895 0.4122286 0.6141275
vn -0.6933216 0.6971521 0.1824397
vn -0.5278785 0.7952743 -0.2981325
vn -0.2209909 0.6803036 -0.6988205
vn 0.145111 0.383046 -0.9122602
vn 0.4723306 -0.01684856 -0.8812604
vn 0.6729896 -0.4122285 -0.6141276
vn 0.6933216 -0.6971521 -0.1824394
vn 0.5278785 -0.7952743 0.2981325
vn 0.4480176 -0.8575706 0.2526915
vn 0.1540644 -0.7347002 0.6606662
vn -0.1811705 -0.4149673 0.8916162
vn -0.4678608 0.0159558 0.8836582
vn -0.6291881 0.4426036 0.6389244
vn -0.6219249 0.7506558 0.2229917
vn -0.4480176 0.8575706 -0.2526916
vn -0.1540642 0.7347001 -0.6606663
vn 0.1811705 0.4149672 -0.8916162
vn 0.4678608 -0.0159558 -0.8836582
vn 0.6291881 -0.4426034 -0.6389245
vn 0.6219249 -0.7506559 -0.2229914
vn 0.4480176 -0.8575706 0.2526915
vn 0.3456677 -0.9179999 0.1943969
vn 0.06781624 -0.7883637 0.6114603
vn -0.2282069 -0.447486 0.8646837
vn -0.463082 0.01329529 0.8862157
vn -0.5738746 0.4705141 0.6702868
vn -0.530898 0.8016588 0.2747551
vn -0.3456677 0.9179998 -0.194397
vn -0.06781606 0.7883635 -0.6114604
vn 0.2282069 0.447486 -0.8646837
vn 0.463082 -0.01329529 -0.8862157
vn 0.5738747 -0.470514 -0.6702868
vn 0.5308979 -0.801659 -0.2747548
vn 0.3456677 -0.9179999 0.1943969
vn 0.218474 -0.9681975 0.1219131
vn -0.04014872 -0.8342952 0.5498542
vn -0.2880136 -0.4768442 0.8304624
vn -0.4587055 0.008376956 0.8885489
vn -0.5064876 0.4913536 0.7085491
vn -0.4185567 0.8426721 0.3386945
vn -0.2184738 0.9681975 -0.1219132
vn 0.04014884 0.8342952 -0.5498543
vn 0.2880136 0.4768442 -0.8304625
vn 0.4587056 -0.008376956 -0.8885489
vn 0.5064876 -0.4913535 -0.7085493
vn 0.4185566 -0.8426723 -0.3386942
vn 0.218474 -0.9681975 0.1219131
vn 0.06900653 -0.9969403 0.03671841
vn -0.168164 -0.8627614 0.4768265
vn -0.3602751 -0.4974064 0.7891697
vn -0.4558508 0.001228571 0.8900554
vn -0.4292818 0.4995343 0.7524511
vn -0.2876867 0.8639899 0.4132285
vn -0.06900641 0.9969403 -0.03671847
vn 0.1681641 0.8627613 -0.4768267
vn 0.3602751 0.4974063 -0.7891697
vn 0.4558508 -0.001228571 -0.8900553
vn 0.4292817 -0.4995341 -0.7524512
vn 0.2876866 -0.8639901 -0.4132282
vn 0.06900653 -0.9969403 0.03671841
vn -0.09278591 -0.9941381 -0.0555003
vn -0.3081654 -0.864534 0.3970077
vn -0.4409722 -0.5032787 0.743138
vn -0.4556209 -0.007170082 0.8901451
vn -0.3481863 0.4908598 0.7986382
vn -0.1474553 0.8573639 0.493137
vn 0.09278596 0.9941381 0.05550021
vn 0.3081654 0.8645338 -0.3970079
vn 0.4409722 0.5032786 -0.743138
vn 0.4556209 0.007170081 -0.8901451
vn 0.3481863 -0.4908597 -0.7986383
vn 0.1474553 -0.8573641 -0.4931368
vn -0.09278591 -0.9941381 -0.0555003
vn -0.2513219 -0.9568515 -0.1458512
vn -0.4468244 -0.8361917 0.3180119
vn -0.5226007 -0.4914748 0.6966642
vn -0.4583466 -0.01506782 0.8886458
vn -0.2712788 0.4653768 0.8425154
vn -0.01152211 0.8211239 0.5706337
vn 0.251322 0.9568515 0.1458511
vn 0.4468244 0.8361915 -0.318012
vn 0.5226008 0.4914749 -0.6966642
vn 0.4583466 0.01506782 -0.8886458
vn 0.2712788 -0.4653768 -0.8425155
vn 0.01152187 -0.8211241 -0.5706334
vn -0.2513219 -0.9568515 -0.1458512
vn -0.3919278 -0.8918126 -0.2259711
vn -0.5710525 -0.7827815 0.2472894
vn -0.5971642 -0.4640048 0.6542892
vn -0.4632661 -0.02089828 0.8859728
vn -0.2052362 0.4278081 0.8802604
vn 0.1077864 0.7618833 0.638683
vn 0.3919279 0.8918126 0.225971
vn 0.5710526 0.7827815 -0.2472896
vn 0.5971643 0.4640048 -0.6542894
vn 0.4632661 0.02089828 -0.8859728
vn 0.2052364 -0.427808 -0.8802604
vn -0.1077866 -0.7618834 -0.6386828
vn -0.3919278 -0.8918126 -0.2259711
vn -0.506768 -0.8113391 -0.2914021
vn -0.6734117 -0.7146857 0.1890529
vn -0.6596155 -0.4265328 0.6188516
vn -0.4690757 -0.02409065 0.8828294
vn -0.1528473 0.3848065 0.9102536
vn 0.2043362 0.690595 0.6937761
vn 0.506768 0.8113391 0.291402
vn 0.6734118 0.7146856 -0.1890531
vn 0.6596155 0.4265327 -0.6188516
vn 0.4690757 0.02409065 -0.8828294
vn 0.1528475 -0.3848064 -0.9102536
vn -0.2043363 -0.6905951 -0.6937759
vn -0.506768 -0.8113391 -0.2914021
vn -0.5954208 -0.727028 -0.3419127
vn -0.7529983 -0.6421195 0.1437918
vn -0.7088106 -0.3851555 0.5909677
vn -0.4746975 -0.02498937 0.8797942
vn -0.1133895 0.3418728 0.9328804
vn 0.278301 0.6171301 0.7360021
vn 0.5954209 0.727028 0.3419127
vn 0.7529984 0.6421193 -0.143792
vn 0.7088106 0.3851555 -0.5909677
vn 0.4746975 0.02498936 -0.8797941
vn 0.1133896 -0.3418727 -0.9328804
vn -0.2783012 -0.6171302 -0.7360018
vn -0.5954208 -0.727028 -0.3419127
vn -0.661745 -0.6464638 -0.3797079
vn -0.8128763 -0.5720037 0.1097448
vn -0.7461982 -0.3442756 0.5697917
vn -0.4795767 -0.02429903 0.8771635
vn -0.08445298 0.3021885 0.9494998
vn 0.3332997 0.5477046 0.7674184
vn 0.661745 0.6464639 0.3797079
vn 0.8128763 0.5720036 -0.109745
vn 0.7461982 0.3442755 -0.5697917
vn 0.4795768 0.02429903 -0.8771635
vn 0.08445311 -0.3021883 -0.9494998
vn -0.3332999 -0.5477048 -0.7674181
vn -0.661745 -0.6464638 -0.3797079
vn -0.74695 -0.5085549 -0.4282964
vn -0.8902498 -0.450704 0.06573544
vn -0.7950081 -0.2720874 0.5421537
vn -0.4867444 -0.02056515 0.8733024
vn -0.04805785 0.2364676 0.9704502
vn 0.4035056 0.430139 0.8075665
vn 0.74695 0.5085549 0.4282962
vn 0.8902498 0.4507039 -0.0657357
vn 0.7950081 0.2720874 -0.5421537
vn 0.4867444 0.02056515 -0.8733024
vn 0.04805803 -0.2364675 -0.9704502
vn -0.4035058 -0.4301391 -0.8075663
vn -0.74695 -0.5085549 -0.4282964
vn -0.7940938 -0.4027131 -0.4552331
vn -0.9332994 -0.3567269 0.04121032
vn -0.8224282 -0.215156 0.5266117
vn -0.4911878 -0.01593417 0.8709079
vn -0.02833402 0.1875573 0.981845
vn 0.4421116 0.3407927 0.8296973
vn 0.7940938 0.4027131 0.455233
vn 0.9332994 0.3567268 -0.04121059
vn 0.8224281 0.215156 -0.5266118
vn 0.4911878 0.01593417 -0.8709079
vn 0.02833414 -0.1875571 -0.981845
vn -0.4421118 -0.3407928 -0.8296971
vn -0.7940938 -0.4027131 -0.4552331
vn -0.8212815 -0.3222167 -0.4708217
vn -0.9582139 -0.2847786 0.02697033
vn -0.8383936 -0.1710343 0.517536
vn -0.4939263 -0.01146144 0.8694282
vn -0.01711175 0.1511825 0.9883578
vn 0.4642876 0.2733171 0.8424577
vn 0.8212816 0.3222167 0.4708216
vn 0.9582138 0.2847785 -0.0269706
vn 0.8383936 0.1710342 -0.517536
vn 0.4939263 0.01146144 -0.8694282
vn 0.01711193 -0.1511825 -0.9883578
vn -0.4642879 -0.2733171 -0.8424574
vn -0.8212815 -0.3222167 -0.4708217
vn -0.8479898 -0.2108545 -0.4862649
vn -0.9827535 -0.1844754 0.01282599
vn -0.8541892 -0.1086662 0.5084805
vn -0.4967455 -0.003739954 0.8678882
vn -0.006199033 0.1021884 0.9947457
vn 0.4860081 0.1807355 0.8550619
vn 0.8479899 0.2108546 0.4862649
vn 0.9827535 0.1844754 -0.01282626
vn 0.8541892 0.1086661 -0.5084806
vn 0.4967455 0.003739954 -0.8678882
vn 0.006199212 -0.1021884 -0.9947457
vn -0.4860084 -0.1807355 -0.8550617
vn -0.8479898 -0.2108545 -0.4862649
vn -0.8590698 -0.1383103 -0.4928178
vn -0.9929329 -0.1184822 0.006818546
vn -0.8607403 -0.06690704 0.5046282
vn -0.497913 0.002595901 0.8672231
vn -0.001670271 0.07140331 0.9974461
vn 0.4950198 0.1210781 0.8604043
vn 0.8590698 0.1383103 0.4928178
vn 0.9929327 0.1184822 -0.006818828
vn 0.8607403 0.06690704 -0.5046282
vn 0.4979131 -0.002595901 -0.8672231
vn 0.00167045 -0.07140326 -0.9974462
vn -0.4950201 -0.1210781 -0.8604041
vn -0.8590698 -0.1383103 -0.4928178
vn -0.8640062 -0.0871429 -0.4958825
vn -0.9974353 -0.07146121 0.004017173
vn -0.8636026 -0.03663146 0.5028407
vn -0.498368 0.008013606 0.8669285
vn 0.0004040003 0.05051142 0.9987234
vn 0.4990675 0.07947472 0.862911
vn 0.8640062 0.0871429 0.4958824
vn 0.9974353 0.07146115 -0.004017456
vn 0.8636025 0.03663146 -0.5028408
vn 0.498368 -0.008013606 -0.8669285
vn -0.0004038214 -0.05051136 -0.9987234
vn -0.4990677 -0.07947478 -0.8629109
vn -0.8640062 -0.0871429 -0.4958825
vn -0.8667805 -0.02525519 -0.4980501
vn -0.9998627 -0.0164411 0.002110317
vn -0.8650325 -0.003221631 0.5017055
vn -0.4984175 0.01086116 0.8668691
vn 0.001748294 0.02203363 0.9997557
vn 0.5014452 0.0273022 0.8647585
vn 0.8667805 0.02525519 0.49805
vn 0.9998627 0.01644104 -0.0021106
vn 0.8650325 0.003221631 -0.5017055
vn 0.4984175 -0.01086116 -0.8668691
vn -0.001748085 -0.02203363 -0.9997557
vn -0.5014456 -0.0273022 -0.8647583
vn -0.8667805 -0.02525519 -0.4980501
vn -0.8667508 0.002263515 -0.4987361
vn -0.9999877 0.004757492 0.001454561
vn -0.8652785 0.005976676 0.5012558
vn -0.4987187 0.005594492 0.8667459
vn 0.001472681 0.00371313 0.999992
vn 0.5012691 0.0008369681 0.8652911
vn 0.866751 -0.002263515 0.4987361
vn 0.9999877 -0.004757491 -0.00145474
vn 0.8652785 -0.005976676 -0.5012558
vn 0.4987187 -0.005594492 -0.8667458
vn -0.001472473 -0.003713249 -0.999992
vn -0.5012693 -0.0008369681 -0.8652909
vn -0.8667508 0.002263515 -0.4987361
vn -0.8659119 0.01400889 -0.5000004
vn -0.9999765 0.006851581 -7.590649E-05
vn -0.8660983 -0.002141595 0.4998692
vn -0.5001496 -0.01056093 0.8658746
vn -0.0001860857 -0.01615059 0.9998696
vn 0.499827 -0.0174126 0.8659503
vn 0.865912 -0.01400889 0.5000002
vn 0.9999766 -0.006851552 7.569787E-05
vn 0.8660983 0.002141595 -0.4998692
vn 0.5001497 0.01056093 -0.8658745
vn 0.0001862645 0.01615059 -0.9998696
vn -0.4998273 0.01741254 -0.86595
vn -0.8659119 0.01400889 -0.5000004
vn -0.8637357 -0.00405602 -0.5039287
vn -0.9997399 -0.02229004 -0.004810093
vn -0.8678648 -0.0345515 0.4955976
vn -0.5034457 -0.03755486 0.8632103
vn -0.004128665 -0.03049546 0.9995264
vn 0.4962943 -0.0152648 0.8680201
vn 0.8637358 0.00405605 0.5039287
vn 0.9997399 0.02229007 0.004809914
vn 0.8678647 0.0345515 -0.4955977
vn 0.5034457 0.03755486 -0.8632103
vn 0.004128843 0.03049552 -0.9995263
vn -0.4962947 0.01526474 -0.8680199
vn -0.8637357 -0.00405602 -0.5039287
vn -0.9997399 -0.02229004 -0.004810093
vn -0.8678648 -0.0345515 0.4955976
vn -0.5034457 -0.03755486 0.8632103
vn -0.004128665 -0.03049546 0.9995264
vn 0.4962943 -0.0152648 0.8680201
vn 0.8637358 0.00405605 0.5039287
vn 0.9997399 0.02229007 0.004809914
vn 0.8678647 0.0345515 -0.4955977
vn 0.5034457 0.03755486 -0.8632103
vn 0.004128843 0.03049552 -0.9995263
vn -0.4962947 0.01526474 -0.8680199
vn -0.8637357 -0.00405602 -0.5039287
vn -0.7355116 0.6772828 0.01762533
vn -0.640543 0.668453 0.3779883
vn -0.3781107 0.6662902 0.6427205
vn -0.01853315 0.671374 0.740887
vn 0.3418409 0.682342 0.6461844
vn 0.6064499 0.6962556 0.3839879
vn 0.7043917 0.7093867 0.02455306
vn 0.6094231 0.7182167 -0.3358097
vn 0.3469909 0.7203796 -0.6005419
vn -0.01258665 0.7152957 -0.6987085
vn -0.372961 0.7043275 -0.6040056
vn -0.6375697 0.6904139 -0.3418094
vn -0.3909383 0.9200366 0.02645522
vn -0.3421178 0.9154975 0.211707
vn -0.2072092 0.9143856 0.3477978
vn -0.02236124 0.916999 0.3982623
vn 0.1628962 0.9226374 0.3495785
vn 0.2989237 0.92979 0.2147912
vn 0.3492727 0.9365403 0.03001654
vn 0.3004522 0.9410794 -0.1552352
vn 0.1655436 0.9421914 -0.291326
vn -0.01930431 0.9395779 -0.3417904
vn -0.204562 0.9339395 -0.2931066
vn -0.3405893 0.9267869 -0.1583194
vn -0.1377653 0.9900214 0.02963633
vn -0.1225312 0.988605 0.08744311
vn -0.08043375 0.988258 0.1299094
vn -0.02275299 0.9890736 0.1456566
vn 0.03505552 0.990833 0.1304651
vn 0.07750208 0.9930649 0.0884055
vn 0.0932132 0.9951713 0.03074765
vn 0.07797905 0.9965878 -0.02705902
vn 0.03588162 0.9969347 -0.06952536
vn -0.02179906 0.9961192 -0.08527249
vn -0.07960767 0.9943597 -0.07008106
vn -0.1220542 0.9921278 -0.02802145
vn -0.02242617 0.9992864 0.03039545

vt 0 0.001031182
vt 0.9815734 0.001133561
vt 0.9840243 0.001133561
vt 0.9907557 0.001133561
vt 0 0.001133561
vt 0.009244293 0.001133561
vt 0.01597574 0.001133561
vt 0.0184266 0.001133561
vt 0.01597574 0.001133561
vt 0.009244293 0.001133561
vt 1 0.001133561
vt 0.9907557 0.001133561
vt 0.9840243 0.001133561
vt 0.9396443 0.001889587
vt 0.9471089 0.001889587
vt 0.9686971 0.001889587
vt 0 0.001889587
vt 0.0313029 0.001889587
vt 0.05289117 0.001889587
vt 0.06035572 0.001889587
vt 0.05289117 0.001889587
vt 0.0313029 0.001889587
vt 1 0.001889587
vt 0.9686971 0.001889587
vt 0.9471089 0.001889587
vt 0.8720391 0.003259884
vt 0.8834689 0.003259884
vt 0.9238126 0.003259884
vt 2.980232E-08 0.003259884
vt 0.07618743 0.003259884
vt 0.1165311 0.003259884
vt 0.1279609 0.003259884
vt 0.1165311 0.003259884
vt 0.07618737 0.003259884
vt 1 0.003259884
vt 0.9238126 0.003259884
vt 0.8834688 0.003259884
vt 0.75 0.004968818
vt 0.75 0.004968818
vt 0.75 0.004968818
vt 0.25 0.004968818
vt 0.25 0.004968818
vt 0.25 0.004968818
vt 0.25 0.004968818
vt 0.25 0.004968818
vt 0.25 0.004968818
vt 0.75 0.004968818
vt 0.75 0.004968818
vt 0.75 0.004968818
vt 0 0.006937636
vt 0.08333334 0.006937636
vt 0.1666667 0.006937636
vt 0.25 0.006937636
vt 0.3333333 0.006937636
vt 0.4166667 0.006937636
vt 0.5 0.006937636
vt 0.5833333 0.006937636
vt 0.6666667 0.006937636
vt 0.75 0.006937636
vt 0.8333333 0.006937636
vt 0.9166667 0.006937636
vt 1 0.006937636
vt 0 0.01335805
vt 0.08333334 0.01335805
vt 0.1666667 0.01335805
vt 0.25 0.01335805
vt 0.3333333 0.01335805
vt 0.4166667 0.01335805
vt 0.5 0.01335805
vt 0.5833333 0.01335805
vt 0.6666667 0.01335805
vt 0.75 0.01335805
vt 0.8333333 0.01335805
vt 0.9166667 0.01335805
vt 1 0.01335805
vt 0 0.02276358
vt 0.08333334 0.02276358
vt 0.1666667 0.02276358
vt 0.25 0.02276358
vt 0.3333333 0.02276358
vt 0.4166667 0.02276358
vt 0.5 0.02276358
vt 0.5833333 0.02276358
vt 0.6666667 0.02276358
vt 0.75 0.02276358
vt 0.8333333 0.02276358
vt 0.9166667 0.02276358
vt 1 0.02276358
vt 0 0.04750593
vt 0.08333334 0.04750593
vt 0.1666667 0.04750593
vt 0.25 0.04750593
vt 0.3333333 0.04750593
vt 0.4166667 0.04750593
vt 0.5 0.04750593
vt 0.5833333 0.04750593
vt 0.6666667 0.04750593
vt 0.75 0.04750593
vt 0.8333333 0.04750593
vt 0.9166667 0.04750593
vt 1 0.04750593
vt 0 0.09916814
vt 0.08333334 0.09916814
vt 0.1666667 0.09916814
vt 0.25 0.09916814
vt 0.3333333 0.09916814
vt 0.4166667 0.09916814
vt 0.5 0.09916814
vt 0.5833333 0.09916814
vt 0.6666667 0.09916814
vt 0.75 0.09916814
vt 0.8333333 0.09916814
vt 0.9166667 0.09916814
vt 1 0.09916814
vt 0 0.108173
vt 0.08333334 0.108173
vt 0.1666667 0.108173
vt 0.25 0.108173
vt 0.3333333 0.108173
vt 0.4166667 0.108173
vt 0.5 0.108173
vt 0.5833333 0.108173
vt 0.6666667 0.108173
vt 0.75 0.108173
vt 0.8333333 0.108173
vt 0.9166667 0.108173
vt 1 0.108173
vt 0 0.1148417
vt 0.08333334 0.1148417
vt 0.1666667 0.1148417
vt 0.25 0.1148417
vt 0.3333333 0.1148417
vt 0.4166667 0.1148417
vt 0.5 0.1148417
vt 0.5833333 0.1148417
vt 0.6666667 0.1148417
vt 0.75 0.1148417
vt 0.8333333 0.1148417
vt 0.9166667 0.1148417
vt 1 0.1148417
vt 0 0.1192325
vt 0.08333334 0.1192325
vt 0.1666667 0.1192325
vt 0.25 0.1192325
vt 0.3333333 0.1192325
vt 0.4166667 0.1192325
vt 0.5 0.1192325
vt 0.5833333 0.1192325
vt 0.6666667 0.1192325
vt 0.75 0.1192325
vt 0.8333333 0.1192325
vt 0.9166667 0.1192325
vt 1 0.1192325
vt 0 0.1205968
vt 0.08333334 0.1205968
vt 0.1666667 0.1205968
vt 0.25 0.1205968
vt 0.3333333 0.1205968
vt 0.4166667 0.1205968
vt 0.5 0.1205968
vt 0.5833333 0.1205968
vt 0.6666667 0.1205968
vt 0.75 0.1205968
vt 0.8333333 0.1205968
vt 0.9166667 0.1205968
vt 1 0.1205968
vt 0 0.1210777
vt 0.08333334 0.1210777
vt 0.1666667 0.1210777
vt 0.25 0.1210777
vt 0.3333333 0.1210777
vt 0.4166667 0.1210777
vt 0.5 0.1210777
vt 0.5833333 0.1210777
vt 0.6666667 0.1210777
vt 0.75 0.1210777
vt 0.8333333 0.1210777
vt 0.9166667 0.1210777
vt 1 0.1210777
vt 0 0.1214301
vt 0.08333334 0.1214301
vt 0.1666667 0.1214301
vt 0.25 0.1214301
vt 0.3333333 0.1214301
vt 0.4166667 0.1214301
vt 0.5 0.1214301
vt 0.5833333 0.1214301
vt 0.6666667 0.1214301
vt 0.75 0.1214301
vt 0.8333333 0.1214301
vt 0.9166667 0.1214301
vt 1 0.1214301
vt 0 0.1215613
vt 0.08333334 0.1215613
vt 0.1666667 0.1215613
vt 0.25 0.1215613
vt 0.3333333 0.1215613
vt 0.4166667 0.1215613
vt 0.5 0.1215613
vt 0.5833333 0.1215613
vt 0.6666667 0.1215613
vt 0.75 0.1215613
vt 0.8333333 0.1215613
vt 0.9166667 0.1215613
vt 1 0.1215613
vt 0 0.1216659
vt 0.08333334 0.1216659
vt 0.1666667 0.1216659
vt 0.25 0.1216659
vt 0.3333333 0.1216659
vt 0.4166667 0.1216659
vt 0.5 0.1216659
vt 0.5833333 0.1216659
vt 0.6666667 0.1216659
vt 0.75 0.1216659
vt 0.8333333 0.1216659
vt 0.9166667 0.1216659
vt 1 0.1216659
vt 0 0.1217497
vt 0.08333334 0.1217497
vt 0.1666667 0.1217497
vt 0.25 0.1217497
vt 0.3333333 0.1217497
vt 0.4166667 0.1217497
vt 0.5 0.1217497
vt 0.5833333 0.1217497
vt 0.6666667 0.1217497
vt 0.75 0.1217497
vt 0.8333333 0.1217497
vt 0.9166667 0.1217497
vt 1 0.1217497
vt 0 0.1218233
vt 0.08333334 0.1218233
vt 0.1666667 0.1218233
vt 0.25 0.1218233
vt 0.3333333 0.1218233
vt 0.4166667 0.1218233
vt 0.5 0.1218233
vt 0.5833333 0.1218233
vt 0.6666667 0.1218233
vt 0.75 0.1218233
vt 0.8333333 0.1218233
vt 0.9166667 0.1218233
vt 1 0.1218233
vt 0 0.1219015
vt 0.08333334 0.1219015
vt 0.1666667 0.1219015
vt 0.25 0.1219015
vt 0.3333333 0.1219015
vt 0.4166667 0.1219015
vt 0.5 0.1219015
vt 0.5833333 0.1219015
vt 0.6666667 0.1219015
vt 0.75 0.1219015
vt 0.8333333 0.1219015
vt 0.9166667 0.1219015
vt 1 0.1219015
vt 0 0.1219967
vt 0.08333334 0.1219967
vt 0.1666667 0.1219967
vt 0.25 0.1219967
vt 0.3333333 0.1219967
vt 0.4166667 0.1219967
vt 0.5 0.1219967
vt 0.5833333 0.1219967
vt 0.6666667 0.1219967
vt 0.75 0.1219967
vt 0.8333333 0.1219967
vt 0.9166667 0.1219967
vt 1 0.1219967
vt 0 0.1221163
vt 0.08333334 0.1221163
vt 0.1666667 0.1221163
vt 0.25 0.1221163
vt 0.3333333 0.1221163
vt 0.4166667 0.1221163
vt 0.5 0.1221163
vt 0.5833333 0.1221163
vt 0.6666667 0.1221163
vt 0.75 0.1221163
vt 0.8333333 0.1221163
vt 0.9166667 0.1221163
vt 1 0.1221163
vt 0 0.1222638
vt 0.08333334 0.1222638
vt 0.1666667 0.1222638
vt 0.25 0.1222638
vt 0.3333333 0.1222638
vt 0.4166667 0.1222638
vt 0.5 0.1222638
vt 0.5833333 0.1222638
vt 0.6666667 0.1222638
vt 0.75 0.1222638
vt 0.8333333 0.1222638
vt 0.9166667 0.1222638
vt 1 0.1222638
vt 0 0.1226491
vt 0.08333334 0.1226491
vt 0.1666667 0.1226491
vt 0.25 0.1226491
vt 0.3333333 0.1226491
vt 0.4166667 0.1226491
vt 0.5 0.1226491
vt 0.5833333 0.1226491
vt 0.6666667 0.1226491
vt 0.75 0.1226491
vt 0.8333333 0.1226491
vt 0.9166667 0.1226491
vt 1 0.1226491
vt 0 0.12316
vt 0.08333334 0.12316
vt 0.1666667 0.12316
vt 0.25 0.12316
vt 0.3333333 0.12316
vt 0.4166667 0.12316
vt 0.5 0.12316
vt 0.5833333 0.12316
vt 0.6666667 0.12316
vt 0.75 0.12316
vt 0.8333333 0.12316
vt 0.9166667 0.12316
vt 1 0.12316
vt 0 0.1245658
vt 0.08333334 0.1245658
vt 0.1666667 0.1245658
vt 0.25 0.1245658
vt 0.3333333 0.1245658
vt 0.4166667 0.1245658
vt 0.5 0.1245658
vt 0.5833333 0.1245658
vt 0.6666667 0.1245658
vt 0.75 0.1245658
vt 0.8333333 0.1245658
vt 0.9166667 0.1245658
vt 1 0.1245658
vt 0 0.1289189
vt 0.08333334 0.1289189
vt 0.1666667 0.1289189
vt 0.25 0.1289189
vt 0.3333333 0.1289189
vt 0.4166667 0.1289189
vt 0.5 0.1289189
vt 0.5833333 0.1289189
vt 0.6666667 0.1289189
vt 0.75 0.1289189
vt 0.8333333 0.1289189
vt 0.9166667 0.1289189
vt 1 0.1289189
vt 0 0.1353043
vt 0.08333334 0.1353043
vt 0.1666667 0.1353043
vt 0.25 0.1353043
vt 0.3333333 0.1353043
vt 0.4166667 0.1353043
vt 0.5 0.1353043
vt 0.5833333 0.1353043
vt 0.6666667 0.1353043
vt 0.75 0.1353043
vt 0.8333333 0.1353043
vt 0.9166667 0.1353043
vt 1 0.1353043
vt 0 0.175549
vt 0.08333334 0.175549
vt 0.1666667 0.175549
vt 0.25 0.175549
vt 0.3333333 0.175549
vt 0.4166667 0.175549
vt 0.5 0.175549
vt 0.5833333 0.175549
vt 0.6666667 0.175549
vt 0.75 0.175549
vt 0.8333333 0.175549
vt 0.9166667 0.175549
vt 1 0.175549
vt 0 0.1977783
vt 0.08333334 0.1977783
vt 0.1666667 0.1977783
vt 0.25 0.1977783
vt 0.3333333 0.1977783
vt 0.4166667 0.1977783
vt 0.5 0.1977783
vt 0.5833333 0.1977783
vt 0.6666667 0.1977783
vt 0.75 0.1977783
vt 0.8333333 0.1977783
vt 0.9166667 0.1977783
vt 1 0.1977783
vt 0 0.2161559
vt 0.08333334 0.2161559
vt 0.1666667 0.2161559
vt 0.25 0.2161559
vt 0.3333333 0.2161559
vt 0.4166667 0.2161559
vt 0.5 0.2161559
vt 0.5833333 0.2161559
vt 0.6666667 0.2161559
vt 0.75 0.2161559
vt 0.8333333 0.2161559
vt 0.9166667 0.2161559
vt 1 0.2161559
vt 0 0.2227727
vt 0.08333334 0.2227727
vt 0.1666667 0.2227727
vt 0.25 0.2227727
vt 0.3333333 0.2227727
vt 0.4166667 0.2227727
vt 0.5 0.2227727
vt 0.5833333 0.2227727
vt 0.6666667 0.2227727
vt 0.75 0.2227727
vt 0.8333333 0.2227727
vt 0.9166667 0.2227727
vt 1 0.2227727
vt 0 0.2275539
vt 0.08333334 0.2275539
vt 0.1666667 0.2275539
vt 0.25 0.2275539
vt 0.3333333 0.2275539
vt 0.4166667 0.2275539
vt 0.5 0.2275539
vt 0.5833333 0.2275539
vt 0.6666667 0.2275539
vt 0.75 0.2275539
vt 0.8333333 0.2275539
vt 0.9166667 0.2275539
vt 1 0.2275539
vt 0 0.2292949
vt 0.08333334 0.2292949
vt 0.1666667 0.2292949
vt 0.25 0.2292949
vt 0.3333333 0.2292949
vt 0.4166667 0.2292949
vt 0.5 0.2292949
vt 0.5833333 0.2292949
vt 0.6666667 0.2292949
vt 0.75 0.2292949
vt 0.8333333 0.2292949
vt 0.9166667 0.2292949
vt 1 0.2292949
vt 0 0.230629
vt 0.08333334 0.230629
vt 0.1666667 0.230629
vt 0.25 0.230629
vt 0.3333333 0.230629
vt 0.4166667 0.230629
vt 0.5 0.230629
vt 0.5833333 0.230629
vt 0.6666667 0.230629
vt 0.75 0.230629
vt 0.8333333 0.230629
vt 0.9166667 0.230629
vt 1 0.230629
vt 0 0.2311528
vt 0.08333334 0.2311528
vt 0.1666667 0.2311528
vt 0.25 0.2311528
vt 0.3333333 0.2311528
vt 0.4166667 0.2311528
vt 0.5 0.2311528
vt 0.5833333 0.2311528
vt 0.6666667 0.2311528
vt 0.75 0.2311528
vt 0.8333333 0.2311528
vt 0.9166667 0.2311528
vt 1 0.2311528
vt 0 0.2315886
vt 0.08333334 0.2315886
vt 0.1666667 0.2315886
vt 0.25 0.2315886
vt 0.3333333 0.2315886
vt 0.4166667 0.2315886
vt 0.5 0.2315886
vt 0.5833333 0.2315886
vt 0.6666667 0.2315886
vt 0.75 0.2315886
vt 0.8333333 0.2315886
vt 0.9166667 0.2315886
vt 1 0.2315886
vt 0 0.2317763
vt 0.08333334 0.2317763
vt 0.1666667 0.2317763
vt 0.25 0.2317763
vt 0.3333333 0.2317763
vt 0.4166667 0.2317763
vt 0.5 0.2317763
vt 0.5833333 0.2317763
vt 0.6666667 0.2317763
vt 0.75 0.2317763
vt 0.8333333 0.2317763
vt 0.9166667 0.2317763
vt 1 0.2317763
vt 0 0.2319459
vt 0.08333334 0.2319459
vt 0.1666667 0.2319459
vt 0.25 0.2319459
vt 0.3333333 0.2319459
vt 0.4166667 0.2319459
vt 0.5 0.2319459
vt 0.5833333 0.2319459
vt 0.6666667 0.2319459
vt 0.75 0.2319459
vt 0.8333333 0.2319459
vt 0.9166667 0.2319459
vt 1 0.2319459
vt 0 0.2320995
vt 0.08333334 0.2320995
vt 0.1666667 0.2320995
vt 0.25 0.2320995
vt 0.3333333 0.2320995
vt 0.4166667 0.2320995
vt 0.5 0.2320995
vt 0.5833333 0.2320995
vt 0.6666667 0.2320995
vt 0.75 0.2320995
vt 0.8333333 0.2320995
vt 0.9166667 0.2320995
vt 1 0.2320995
vt 0 0.23224
vt 0.08333334 0.23224
vt 0.1666667 0.23224
vt 0.25 0.23224
vt 0.3333333 0.23224
vt 0.4166667 0.23224
vt 0.5 0.23224
vt 0.5833333 0.23224
vt 0.6666667 0.23224
vt 0.75 0.23224
vt 0.8333333 0.23224
vt 0.9166667 0.23224
vt 1 0.23224
vt 0 0.2323708
vt 0.08333334 0.2323708
vt 0.1666667 0.2323708
vt 0.25 0.2323708
vt 0.3333333 0.2323708
vt 0.4166667 0.2323708
vt 0.5 0.2323708
vt 0.5833333 0.2323708
vt 0.6666667 0.2323708
vt 0.75 0.2323708
vt 0.8333333 0.2323708
vt 0.9166667 0.2323708
vt 1 0.2323708
vt 0 0.2324961
vt 0.08333334 0.2324961
vt 0.1666667 0.2324961
vt 0.25 0.2324961
vt 0.3333333 0.2324961
vt 0.4166667 0.2324961
vt 0.5 0.2324961
vt 0.5833333 0.2324961
vt 0.6666667 0.2324961
vt 0.75 0.2324961
vt 0.8333333 0.2324961
vt 0.9166667 0.2324961
vt 1 0.2324961
vt 0 0.2326207
vt 0.08333334 0.2326207
vt 0.1666667 0.2326207
vt 0.25 0.2326207
vt 0.3333333 0.2326207
vt 0.4166667 0.2326207
vt 0.5 0.2326207
vt 0.5833333 0.2326207
vt 0.6666667 0.2326207
vt 0.75 0.2326207
vt 0.8333333 0.2326207
vt 0.9166667 0.2326207
vt 1 0.2326207
vt 0 0.232749
vt 0.08333334 0.232749
vt 0.1666667 0.232749
vt 0.25 0.232749
vt 0.3333333 0.232749
vt 0.4166667 0.232749
vt 0.5 0.232749
vt 0.5833333 0.232749
vt 0.6666667 0.232749
vt 0.75 0.232749
vt 0.8333333 0.232749
vt 0.9166667 0.232749
vt 1 0.232749
vt 0 0.2328855
vt 0.08333334 0.2328855
vt 0.1666667 0.2328855
vt 0.25 0.2328855
vt 0.3333333 0.2328855
vt 0.4166667 0.2328855
vt 0.5 0.2328855
vt 0.5833333 0.2328855
vt 0.6666667 0.2328855
vt 0.75 0.2328855
vt 0.8333333 0.2328855
vt 0.9166667 0.2328855
vt 1 0.2328855
vt 0 0.2330333
vt 0.08333334 0.2330333
vt 0.1666667 0.2330333
vt 0.25 0.2330333
vt 0.3333333 0.2330333
vt 0.4166667 0.2330333
vt 0.5 0.2330333
vt 0.5833333 0.2330333
vt 0.6666667 0.2330333
vt 0.75 0.2330333
vt 0.8333333 0.2330333
vt 0.9166667 0.2330333
vt 1 0.2330333
vt 0 0.2331951
vt 0.08333334 0.2331951
vt 0.1666667 0.2331951
vt 0.25 0.2331951
vt 0.3333333 0.2331951
vt 0.4166667 0.2331951
vt 0.5 0.2331951
vt 0.5833333 0.2331951
vt 0.6666667 0.2331951
vt 0.75 0.2331951
vt 0.8333333 0.2331951
vt 0.9166667 0.2331951
vt 1 0.2331951
vt 0 0.2333728
vt 0.08333334 0.2333728
vt 0.1666667 0.2333728
vt 0.25 0.2333728
vt 0.3333333 0.2333728
vt 0.4166667 0.2333728
vt 0.5 0.2333728
vt 0.5833333 0.2333728
vt 0.6666667 0.2333728
vt 0.75 0.2333728
vt 0.8333333 0.2333728
vt 0.9166667 0.2333728
vt 1 0.2333728
vt 0 0.233781
vt 0.08333334 0.233781
vt 0.1666667 0.233781
vt 0.25 0.233781
vt 0.3333333 0.233781
vt 0.4166667 0.233781
vt 0.5 0.233781
vt 0.5833333 0.233781
vt 0.6666667 0.233781
vt 0.75 0.233781
vt 0.8333333 0.233781
vt 0.9166667 0.233781
vt 1 0.233781
vt 0 0.2342649
vt 0.08333334 0.2342649
vt 0.1666667 0.2342649
vt 0.25 0.2342649
vt 0.3333333 0.2342649
vt 0.4166667 0.2342649
vt 0.5 0.2342649
vt 0.5833333 0.2342649
vt 0.6666667 0.2342649
vt 0.75 0.2342649
vt 0.8333333 0.2342649
vt 0.9166667 0.2342649
vt 1 0.2342649
vt 0 0.2354714
vt 0.08333334 0.2354714
vt 0.1666667 0.2354714
vt 0.25 0.2354714
vt 0.3333333 0.2354714
vt 0.4166667 0.2354714
vt 0.5 0.2354714
vt 0.5833333 0.2354714
vt 0.6666667 0.2354714
vt 0.75 0.2354714
vt 0.8333333 0.2354714
vt 0.9166667 0.2354714
vt 1 0.2354714
vt 0 0.2388544
vt 0.08333334 0.2388544
vt 0.1666667 0.2388544
vt 0.25 0.2388544
vt 0.3333333 0.2388544
vt 0.4166667 0.2388544
vt 0.5 0.2388544
vt 0.5833333 0.2388544
vt 0.6666667 0.2388544
vt 0.75 0.2388544
vt 0.8333333 0.2388544
vt 0.9166667 0.2388544
vt 1 0.2388544
vt 0 0.2434985
vt 0.08333334 0.2434985
vt 0.1666667 0.2434985
vt 0.25 0.2434985
vt 0.3333333 0.2434985
vt 0.4166667 0.2434985
vt 0.5 0.2434985
vt 0.5833333 0.2434985
vt 0.6666667 0.2434985
vt 0.75 0.2434985
vt 0.8333333 0.2434985
vt 0.9166667 0.2434985
vt 1 0.2434985
vt 0 0.2493138
vt 0.08333334 0.2493138
vt 0.1666667 0.2493138
vt 0.25 0.2493138
vt 0.3333333 0.2493138
vt 0.4166667 0.2493138
vt 0.5 0.2493138
vt 0.5833333 0.2493138
vt 0.6666667 0.2493138
vt 0.75 0.2493138
vt 0.8333333 0.2493138
vt 0.9166667 0.2493138
vt 1 0.2493138
vt 0 0.2561292
vt 0.08333334 0.2561292
vt 0.1666667 0.2561292
vt 0.25 0.2561292
vt 0.3333333 0.2561292
vt 0.4166667 0.2561292
vt 0.5 0.2561292
vt 0.5833333 0.2561292
vt 0.6666667 0.2561292
vt 0.75 0.2561292
vt 0.8333333 0.2561292
vt 0.9166667 0.2561292
vt 1 0.2561292
vt 0 0.2719926
vt 0.08333334 0.2719926
vt 0.1666667 0.2719926
vt 0.25 0.2719926
vt 0.3333333 0.2719926
vt 0.4166667 0.2719926
vt 0.5 0.2719926
vt 0.5833333 0.2719926
vt 0.6666667 0.2719926
vt 0.75 0.2719926
vt 0.8333333 0.2719926
vt 0.9166667 0.2719926
vt 1 0.2719926
vt 0 0.2895557
vt 0.08333334 0.2895557
vt 0.1666667 0.2895557
vt 0.25 0.2895557
vt 0.3333333 0.2895557
vt 0.4166667 0.2895557
vt 0.5 0.2895557
vt 0.5833333 0.2895557
vt 0.6666667 0.2895557
vt 0.75 0.2895557
vt 0.8333333 0.2895557
vt 0.9166667 0.2895557
vt 1 0.2895557
vt 0 0.2984994
vt 0.08333334 0.2984994
vt 0.1666667 0.2984994
vt 0.25 0.2984994
vt 0.3333333 0.2984994
vt 0.4166667 0.2984994
vt 0.5 0.2984994
vt 0.5833333 0.2984994
vt 0.6666667 0.2984994
vt 0.75 0.2984994
vt 0.8333333 0.2984994
vt 0.9166667 0.2984994
vt 1 0.2984994
vt 0 0.307301
vt 0.08333334 0.307301
vt 0.1666667 0.307301
vt 0.25 0.307301
vt 0.3333333 0.307301
vt 0.4166667 0.307301
vt 0.5 0.307301
vt 0.5833333 0.307301
vt 0.6666667 0.307301
vt 0.75 0.307301
vt 0.8333333 0.307301
vt 0.9166667 0.307301
vt 1 0.307301
vt 0 0.3157932
vt 0.08333334 0.3157932
vt 0.1666667 0.3157932
vt 0.25 0.3157932
vt 0.3333333 0.3157932
vt 0.4166667 0.3157932
vt 0.5 0.3157932
vt 0.5833333 0.3157932
vt 0.6666667 0.3157932
vt 0.75 0.3157932
vt 0.8333333 0.3157932
vt 0.9166667 0.3157932
vt 1 0.3157932
vt 0 0.3238745
vt 0.08333334 0.3238745
vt 0.1666667 0.3238745
vt 0.25 0.3238745
vt 0.3333333 0.3238745
vt 0.4166667 0.3238745
vt 0.5 0.3238745
vt 0.5833333 0.3238745
vt 0.6666667 0.3238745
vt 0.75 0.3238745
vt 0.8333333 0.3238745
vt 0.9166667 0.3238745
vt 1 0.3238745
vt 0 0.3314564
vt 0.08333334 0.3314564
vt 0.1666667 0.3314564
vt 0.25 0.3314564
vt 0.3333333 0.3314564
vt 0.4166667 0.3314564
vt 0.5 0.3314564
vt 0.5833333 0.3314564
vt 0.6666667 0.3314564
vt 0.75 0.3314564
vt 0.8333333 0.3314564
vt 0.9166667 0.3314564
vt 1 0.3314564
vt 0 0.338448
vt 0.08333334 0.338448
vt 0.1666667 0.338448
vt 0.25 0.338448
vt 0.3333333 0.338448
vt 0.4166667 0.338448
vt 0.5 0.338448
vt 0.5833333 0.338448
vt 0.6666667 0.338448
vt 0.75 0.338448
vt 0.8333333 0.338448
vt 0.9166667 0.338448
vt 1 0.338448
vt 0 0.3447569
vt 0.08333334 0.3447569
vt 0.1666667 0.3447569
vt 0.25 0.3447569
vt 0.3333333 0.3447569
vt 0.4166667 0.3447569
vt 0.5 0.3447569
vt 0.5833333 0.3447569
vt 0.6666667 0.3447569
vt 0.75 0.3447569
vt 0.8333333 0.3447569
vt 0.9166667 0.3447569
vt 1 0.3447569
vt 0 0.3502886
vt 0.08333334 0.3502886
vt 0.1666667 0.3502886
vt 0.25 0.3502886
vt 0.3333333 0.3502886
vt 0.4166667 0.3502886
vt 0.5 0.3502886
vt 0.5833333 0.3502886
vt 0.6666667 0.3502886
vt 0.75 0.3502886
vt 0.8333333 0.3502886
vt 0.9166667 0.3502886
vt 1 0.3502886
vt 0 0.354948
vt 0.08333334 0.354948
vt 0.1666667 0.354948
vt 0.25 0.354948
vt 0.3333333 0.354948
vt 0.4166667 0.354948
vt 0.5 0.354948
vt 0.5833333 0.354948
vt 0.6666667 0.354948
vt 0.75 0.354948
vt 0.8333333 0.354948
vt 0.9166667 0.354948
vt 1 0.354948
vt 0 0.3586393
vt 0.08333334 0.3586393
vt 0.1666667 0.3586393
vt 0.25 0.3586393
vt 0.3333333 0.3586393
vt 0.4166667 0.3586393
vt 0.5 0.3586393
vt 0.5833333 0.3586393
vt 0.6666667 0.3586393
vt 0.75 0.3586393
vt 0.8333333 0.3586393
vt 0.9166667 0.3586393
vt 1 0.3586393
vt 0 0.3612691
vt 0.08333334 0.3612691
vt 0.1666667 0.3612691
vt 0.25 0.3612691
vt 0.3333333 0.3612691
vt 0.4166667 0.3612691
vt 0.5 0.3612691
vt 0.5833333 0.3612691
vt 0.6666667 0.3612691
vt 0.75 0.3612691
vt 0.8333333 0.3612691
vt 0.9166667 0.3612691
vt 1 0.3612691
vt 0 0.3621645
vt 0.08333334 0.3621645
vt 0.1666667 0.3621645
vt 0.25 0.3621645
vt 0.3333333 0.3621645
vt 0.4166667 0.3621645
vt 0.5 0.3621645
vt 0.5833333 0.3621645
vt 0.6666667 0.3621645
vt 0.75 0.3621645
vt 0.8333333 0.3621645
vt 0.9166667 0.3621645
vt 1 0.3621645
vt 0 0.3625075
vt 0.08333334 0.3625075
vt 0.1666667 0.3625075
vt 0.25 0.3625075
vt 0.3333333 0.3625075
vt 0.4166667 0.3625075
vt 0.5 0.3625075
vt 0.5833333 0.3625075
vt 0.6666667 0.3625075
vt 0.75 0.3625075
vt 0.8333333 0.3625075
vt 0.9166667 0.3625075
vt 1 0.3625075
vt 0 0.3626539
vt 0.08333334 0.3626539
vt 0.1666667 0.3626539
vt 0.25 0.3626539
vt 0.3333333 0.3626539
vt 0.4166667 0.3626539
vt 0.5 0.3626539
vt 0.5833333 0.3626539
vt 0.6666667 0.3626539
vt 0.75 0.3626539
vt 0.8333333 0.3626539
vt 0.9166667 0.3626539
vt 1 0.3626539
vt 0 0.3627845
vt 0.08333334 0.3627845
vt 0.1666667 0.3627845
vt 0.25 0.3627845
vt 0.3333333 0.3627845
vt 0.4166667 0.3627845
vt 0.5 0.3627845
vt 0.5833333 0.3627845
vt 0.6666667 0.3627845
vt 0.75 0.3627845
vt 0.8333333 0.3627845
vt 0.9166667 0.3627845
vt 1 0.3627845
vt 0 0.3629006
vt 0.08333334 0.3629006
vt 0.1666667 0.3629006
vt 0.25 0.3629006
vt 0.3333333 0.3629006
vt 0.4166667 0.3629006
vt 0.5 0.3629006
vt 0.5833333 0.3629006
vt 0.6666667 0.3629006
vt 0.75 0.3629006
vt 0.8333333 0.3629006
vt 0.9166667 0.3629006
vt 1 0.3629006
vt 0 0.3630039
vt 0.08333334 0.3630039
vt 0.1666667 0.3630039
vt 0.25 0.3630039
vt 0.3333333 0.3630039
vt 0.4166667 0.3630039
vt 0.5 0.3630039
vt 0.5833333 0.3630039
vt 0.6666667 0.3630039
vt 0.75 0.3630039
vt 0.8333333 0.3630039
vt 0.9166667 0.3630039
vt 1 0.3630039
vt 0 0.3630975
vt 0.08333334 0.3630975
vt 0.1666667 0.3630975
vt 0.25 0.3630975
vt 0.3333333 0.3630975
vt 0.4166667 0.3630975
vt 0.5 0.3630975
vt 0.5833333 0.3630975
vt 0.6666667 0.3630975
vt 0.75 0.3630975
vt 0.8333333 0.3630975
vt 0.9166667 0.3630975
vt 1 0.3630975
vt 0 0.3631851
vt 0.08333334 0.3631851
vt 0.1666667 0.3631851
vt 0.25 0.3631851
vt 0.3333333 0.3631851
vt 0.4166667 0.3631851
vt 0.5 0.3631851
vt 0.5833333 0.3631851
vt 0.6666667 0.3631851
vt 0.75 0.3631851
vt 0.8333333 0.3631851
vt 0.9166667 0.3631851
vt 1 0.3631851
vt 0 0.3632717
vt 0.08333334 0.3632717
vt 0.1666667 0.3632717
vt 0.25 0.3632717
vt 0.3333333 0.3632717
vt 0.4166667 0.3632717
vt 0.5 0.3632717
vt 0.5833333 0.3632717
vt 0.6666667 0.3632717
vt 0.75 0.3632717
vt 0.8333333 0.3632717
vt 0.9166667 0.3632717
vt 1 0.3632717
vt 0 0.3633625
vt 0.08333334 0.3633625
vt 0.1666667 0.3633625
vt 0.25 0.3633625
vt 0.3333333 0.3633625
vt 0.4166667 0.3633625
vt 0.5 0.3633625
vt 0.5833333 0.3633625
vt 0.6666667 0.3633625
vt 0.75 0.3633625
vt 0.8333333 0.3633625
vt 0.9166667 0.3633625
vt 1 0.3633625
vt 0 0.3634622
vt 0.08333334 0.3634622
vt 0.1666667 0.3634622
vt 0.25 0.3634622
vt 0.3333333 0.3634622
vt 0.4166667 0.3634622
vt 0.5 0.3634622
vt 0.5833333 0.3634622
vt 0.6666667 0.3634622
vt 0.75 0.3634622
vt 0.8333333 0.3634622
vt 0.9166667 0.3634622
vt 1 0.3634622
vt 0 0.3635746
vt 0.08333334 0.3635746
vt 0.1666667 0.3635746
vt 0.25 0.3635746
vt 0.3333333 0.3635746
vt 0.4166667 0.3635746
vt 0.5 0.3635746
vt 0.5833333 0.3635746
vt 0.6666667 0.3635746
vt 0.75 0.3635746
vt 0.8333333 0.3635746
vt 0.9166667 0.3635746
vt 1 0.3635746
vt 0 0.3637022
vt 0.08333334 0.3637022
vt 0.1666667 0.3637022
vt 0.25 0.3637022
vt 0.3333333 0.3637022
vt 0.4166667 0.3637022
vt 0.5 0.3637022
vt 0.5833333 0.3637022
vt 0.6666667 0.3637022
vt 0.75 0.3637022
vt 0.8333333 0.3637022
vt 0.9166667 0.3637022
vt 1 0.3637022
vt 0 0.3638473
vt 0.08333334 0.3638473
vt 0.1666667 0.3638473
vt 0.25 0.3638473
vt 0.3333333 0.3638473
vt 0.4166667 0.3638473
vt 0.5 0.3638473
vt 0.5833333 0.3638473
vt 0.6666667 0.3638473
vt 0.75 0.3638473
vt 0.8333333 0.3638473
vt 0.9166667 0.3638473
vt 1 0.3638473
vt 0 0.3641945
vt 0.08333334 0.3641945
vt 0.1666667 0.3641945
vt 0.25 0.3641945
vt 0.3333333 0.3641945
vt 0.4166667 0.3641945
vt 0.5 0.3641945
vt 0.5833333 0.3641945
vt 0.6666667 0.3641945
vt 0.75 0.3641945
vt 0.8333333 0.3641945
vt 0.9166667 0.3641945
vt 1 0.3641945
vt 0 0.3651413
vt 0.08333334 0.3651413
vt 0.1666667 0.3651413
vt 0.25 0.3651413
vt 0.3333333 0.3651413
vt 0.4166667 0.3651413
vt 0.5 0.3651413
vt 0.5833333 0.3651413
vt 0.6666667 0.3651413
vt 0.75 0.3651413
vt 0.8333333 0.3651413
vt 0.9166667 0.3651413
vt 1 0.3651413
vt 0 0.3681519
vt 0.08333334 0.3681519
vt 0.1666667 0.3681519
vt 0.25 0.3681519
vt 0.3333333 0.3681519
vt 0.4166667 0.3681519
vt 0.5 0.3681519
vt 0.5833333 0.3681519
vt 0.6666667 0.3681519
vt 0.75 0.3681519
vt 0.8333333 0.3681519
vt 0.9166667 0.3681519
vt 1 0.3681519
vt 0 0.3727858
vt 0.08333334 0.3727858
vt 0.1666667 0.3727858
vt 0.25 0.3727858
vt 0.3333333 0.3727858
vt 0.4166667 0.3727858
vt 0.5 0.3727858
vt 0.5833333 0.3727858
vt 0.6666667 0.3727858
vt 0.75 0.3727858
vt 0.8333333 0.3727858
vt 0.9166667 0.3727858
vt 1 0.3727858
vt 0 0.3874393
vt 0.08333334 0.3874393
vt 0.1666667 0.3874393
vt 0.25 0.3874393
vt 0.3333333 0.3874393
vt 0.4166667 0.3874393
vt 0.5 0.3874393
vt 0.5833333 0.3874393
vt 0.6666667 0.3874393
vt 0.75 0.3874393
vt 0.8333333 0.3874393
vt 0.9166667 0.3874393
vt 1 0.3874393
vt 0 0.4349516
vt 0.08333334 0.4349516
vt 0.1666667 0.4349516
vt 0.25 0.4349516
vt 0.3333333 0.4349516
vt 0.4166667 0.4349516
vt 0.5 0.4349516
vt 0.5833333 0.4349516
vt 0.6666667 0.4349516
vt 0.75 0.4349516
vt 0.8333333 0.4349516
vt 0.9166667 0.4349516
vt 1 0.4349516
vt 0 0.4604713
vt 0.08333334 0.4604713
vt 0.1666667 0.4604713
vt 0.25 0.4604713
vt 0.3333333 0.4604713
vt 0.4166667 0.4604713
vt 0.5 0.4604713
vt 0.5833333 0.4604713
vt 0.6666667 0.4604713
vt 0.75 0.4604713
vt 0.8333333 0.4604713
vt 0.9166667 0.4604713
vt 1 0.4604713
vt 0 0.4817202
vt 0.08333334 0.4817202
vt 0.1666667 0.4817202
vt 0.25 0.4817202
vt 0.3333333 0.4817202
vt 0.4166667 0.4817202
vt 0.5 0.4817202
vt 0.5833333 0.4817202
vt 0.6666667 0.4817202
vt 0.75 0.4817202
vt 0.8333333 0.4817202
vt 0.9166667 0.4817202
vt 1 0.4817202
vt 0 0.4895759
vt 0.08333334 0.4895759
vt 0.1666667 0.4895759
vt 0.25 0.4895759
vt 0.3333333 0.4895759
vt 0.4166667 0.4895759
vt 0.5 0.4895759
vt 0.5833333 0.4895759
vt 0.6666667 0.4895759
vt 0.75 0.4895759
vt 0.8333333 0.4895759
vt 0.9166667 0.4895759
vt 1 0.4895759
vt 0 0.4954533
vt 0.08333334 0.4954533
vt 0.1666667 0.4954533
vt 0.25 0.4954533
vt 0.3333333 0.4954533
vt 0.4166667 0.4954533
vt 0.5 0.4954533
vt 0.5833333 0.4954533
vt 0.6666667 0.4954533
vt 0.75 0.4954533
vt 0.8333333 0.4954533
vt 0.9166667 0.4954533
vt 1 0.4954533
vt 0 0.4994638
vt 0.08333334 0.4994638
vt 0.1666667 0.4994638
vt 0.25 0.4994638
vt 0.3333333 0.4994638
vt 0.4166667 0.4994638
vt 0.5 0.4994638
vt 0.5833333 0.4994638
vt 0.6666667 0.4994638
vt 0.75 0.4994638
vt 0.8333333 0.4994638
vt 0.9166667 0.4994638
vt 1 0.4994638
vt 0 0.5008126
vt 0.08333334 0.5008126
vt 0.1666667 0.5008126
vt 0.25 0.5008126
vt 0.3333333 0.5008126
vt 0.4166667 0.5008126
vt 0.5 0.5008126
vt 0.5833333 0.5008126
vt 0.6666667 0.5008126
vt 0.75 0.5008126
vt 0.8333333 0.5008126
vt 0.9166667 0.5008126
vt 1 0.5008126
vt 0 0.501334
vt 0.08333334 0.501334
vt 0.1666667 0.501334
vt 0.25 0.501334
vt 0.3333333 0.501334
vt 0.4166667 0.501334
vt 0.5 0.501334
vt 0.5833333 0.501334
vt 0.6666667 0.501334
vt 0.75 0.501334
vt 0.8333333 0.501334
vt 0.9166667 0.501334
vt 1 0.501334
vt 0 0.5017601
vt 0.08333334 0.5017601
vt 0.1666667 0.5017601
vt 0.25 0.5017601
vt 0.3333333 0.5017601
vt 0.4166667 0.5017601
vt 0.5 0.5017601
vt 0.5833333 0.5017601
vt 0.6666667 0.5017601
vt 0.75 0.5017601
vt 0.8333333 0.5017601
vt 0.9166667 0.5017601
vt 1 0.5017601
vt 0 0.5019402
vt 0.08333334 0.5019402
vt 0.1666667 0.5019402
vt 0.25 0.5019402
vt 0.3333333 0.5019402
vt 0.4166667 0.5019402
vt 0.5 0.5019402
vt 0.5833333 0.5019402
vt 0.6666667 0.5019402
vt 0.75 0.5019402
vt 0.8333333 0.5019402
vt 0.9166667 0.5019402
vt 1 0.5019402
vt 0 0.5021004
vt 0.08333334 0.5021004
vt 0.1666667 0.5021004
vt 0.25 0.5021004
vt 0.3333333 0.5021004
vt 0.4166667 0.5021004
vt 0.5 0.5021004
vt 0.5833333 0.5021004
vt 0.6666667 0.5021004
vt 0.75 0.5021004
vt 0.8333333 0.5021004
vt 0.9166667 0.5021004
vt 1 0.5021004
vt 0 0.5022429
vt 0.08333334 0.5022429
vt 0.1666667 0.5022429
vt 0.25 0.5022429
vt 0.3333333 0.5022429
vt 0.4166667 0.5022429
vt 0.5 0.5022429
vt 0.5833333 0.5022429
vt 0.6666667 0.5022429
vt 0.75 0.5022429
vt 0.8333333 0.5022429
vt 0.9166667 0.5022429
vt 1 0.5022429
vt 0 0.5023708
vt 0.08333334 0.5023708
vt 0.1666667 0.5023708
vt 0.25 0.5023708
vt 0.3333333 0.5023708
vt 0.4166667 0.5023708
vt 0.5 0.5023708
vt 0.5833333 0.5023708
vt 0.6666667 0.5023708
vt 0.75 0.5023708
vt 0.8333333 0.5023708
vt 0.9166667 0.5023708
vt 1 0.5023708
vt 0 0.5024884
vt 0.08333334 0.5024884
vt 0.1666667 0.5024884
vt 0.25 0.5024884
vt 0.3333333 0.5024884
vt 0.4166667 0.5024884
vt 0.5 0.5024884
vt 0.5833333 0.5024884
vt 0.6666667 0.5024884
vt 0.75 0.5024884
vt 0.8333333 0.5024884
vt 0.9166667 0.5024884
vt 1 0.5024884
vt 0 0.5026006
vt 0.08333334 0.5026006
vt 0.1666667 0.5026006
vt 0.25 0.5026006
vt 0.3333333 0.5026006
vt 0.4166667 0.5026006
vt 0.5 0.5026006
vt 0.5833333 0.5026006
vt 0.6666667 0.5026006
vt 0.75 0.5026006
vt 0.8333333 0.5026006
vt 0.9166667 0.5026006
vt 1 0.5026006
vt 0 0.5027133
vt 0.08333334 0.5027133
vt 0.1666667 0.5027133
vt 0.25 0.5027133
vt 0.3333333 0.5027133
vt 0.4166667 0.5027133
vt 0.5 0.5027133
vt 0.5833333 0.5027133
vt 0.6666667 0.5027133
vt 0.75 0.5027133
vt 0.8333333 0.5027133
vt 0.9166667 0.5027133
vt 1 0.5027133
vt 0 0.5028321
vt 0.08333334 0.5028321
vt 0.1666667 0.5028321
vt 0.25 0.5028321
vt 0.3333333 0.5028321
vt 0.4166667 0.5028321
vt 0.5 0.5028321
vt 0.5833333 0.5028321
vt 0.6666667 0.5028321
vt 0.75 0.5028321
vt 0.8333333 0.5028321
vt 0.9166667 0.5028321
vt 1 0.5028321
vt 0 0.5029615
vt 0.08333334 0.5029615
vt 0.1666667 0.5029615
vt 0.25 0.5029615
vt 0.3333333 0.5029615
vt 0.4166667 0.5029615
vt 0.5 0.5029615
vt 0.5833333 0.5029615
vt 0.6666667 0.5029615
vt 0.75 0.5029615
vt 0.8333333 0.5029615
vt 0.9166667 0.5029615
vt 1 0.5029615
vt 0 0.5031053
vt 0.08333334 0.5031053
vt 0.1666667 0.5031053
vt 0.25 0.5031053
vt 0.3333333 0.5031053
vt 0.4166667 0.5031053
vt 0.5 0.5031053
vt 0.5833333 0.5031053
vt 0.6666667 0.5031053
vt 0.75 0.5031053
vt 0.8333333 0.5031053
vt 0.9166667 0.5031053
vt 1 0.5031053
vt 0 0.5032658
vt 0.08333334 0.5032658
vt 0.1666667 0.5032658
vt 0.25 0.5032658
vt 0.3333333 0.5032658
vt 0.4166667 0.5032658
vt 0.5 0.5032658
vt 0.5833333 0.5032658
vt 0.6666667 0.5032658
vt 0.75 0.5032658
vt 0.8333333 0.5032658
vt 0.9166667 0.5032658
vt 1 0.5032658
vt 0 0.5034449
vt 0.08333334 0.5034449
vt 0.1666667 0.5034449
vt 0.25 0.5034449
vt 0.3333333 0.5034449
vt 0.4166667 0.5034449
vt 0.5 0.5034449
vt 0.5833333 0.5034449
vt 0.6666667 0.5034449
vt 0.75 0.5034449
vt 0.8333333 0.5034449
vt 0.9166667 0.5034449
vt 1 0.5034449
vt 0 0.5038627
vt 0.08333334 0.5038627
vt 0.1666667 0.5038627
vt 0.25 0.5038627
vt 0.3333333 0.5038627
vt 0.4166667 0.5038627
vt 0.5 0.5038627
vt 0.5833333 0.5038627
vt 0.6666667 0.5038627
vt 0.75 0.5038627
vt 0.8333333 0.5038627
vt 0.9166667 0.5038627
vt 1 0.5038627
vt 0 0.5043646
vt 0.08333334 0.5043646
vt 0.1666667 0.5043646
vt 0.25 0.5043646
vt 0.3333333 0.5043646
vt 0.4166667 0.5043646
vt 0.5 0.5043646
vt 0.5833333 0.5043646
vt 0.6666667 0.5043646
vt 0.75 0.5043646
vt 0.8333333 0.5043646
vt 0.9166667 0.5043646
vt 1 0.5043646
vt 0 0.5056281
vt 0.08333334 0.5056281
vt 0.1666667 0.5056281
vt 0.25 0.5056281
vt 0.3333333 0.5056281
vt 0.4166667 0.5056281
vt 0.5 0.5056281
vt 0.5833333 0.5056281
vt 0.6666667 0.5056281
vt 0.75 0.5056281
vt 0.8333333 0.5056281
vt 0.9166667 0.5056281
vt 1 0.5056281
vt 0 0.5072409
vt 0.08333334 0.5072409
vt 0.1666667 0.5072409
vt 0.25 0.5072409
vt 0.3333333 0.5072409
vt 0.4166667 0.5072409
vt 0.5 0.5072409
vt 0.5833333 0.5072409
vt 0.6666667 0.5072409
vt 0.75 0.5072409
vt 0.8333333 0.5072409
vt 0.9166667 0.5072409
vt 1 0.5072409
vt 0 0.5114911
vt 0.08333334 0.5114911
vt 0.1666667 0.5114911
vt 0.25 0.5114911
vt 0.3333333 0.5114911
vt 0.4166667 0.5114911
vt 0.5 0.5114911
vt 0.5833333 0.5114911
vt 0.6666667 0.5114911
vt 0.75 0.5114911
vt 0.8333333 0.5114911
vt 0.9166667 0.5114911
vt 1 0.5114911
vt 0 0.5170286
vt 0.08333334 0.5170286
vt 0.1666667 0.5170286
vt 0.25 0.5170286
vt 0.3333333 0.5170286
vt 0.4166667 0.5170286
vt 0.5 0.5170286
vt 0.5833333 0.5170286
vt 0.6666667 0.5170286
vt 0.75 0.5170286
vt 0.8333333 0.5170286
vt 0.9166667 0.5170286
vt 1 0.5170286
vt 0 0.5236645
vt 0.08333334 0.5236645
vt 0.1666667 0.5236645
vt 0.25 0.5236645
vt 0.3333333 0.5236645
vt 0.4166667 0.5236645
vt 0.5 0.5236645
vt 0.5833333 0.5236645
vt 0.6666667 0.5236645
vt 0.75 0.5236645
vt 0.8333333 0.5236645
vt 0.9166667 0.5236645
vt 1 0.5236645
vt 0 0.5393602
vt 0.08333334 0.5393602
vt 0.1666667 0.5393602
vt 0.25 0.5393602
vt 0.3333333 0.5393602
vt 0.4166667 0.5393602
vt 0.5 0.5393602
vt 0.5833333 0.5393602
vt 0.6666667 0.5393602
vt 0.75 0.5393602
vt 0.8333333 0.5393602
vt 0.9166667 0.5393602
vt 1 0.5393602
vt 0 0.55682
vt 0.08333334 0.55682
vt 0.1666667 0.55682
vt 0.25 0.55682
vt 0.3333333 0.55682
vt 0.4166667 0.55682
vt 0.5 0.55682
vt 0.5833333 0.55682
vt 0.6666667 0.55682
vt 0.75 0.55682
vt 0.8333333 0.55682
vt 0.9166667 0.55682
vt 1 0.55682
vt 0 0.5656622
vt 0.08333334 0.5656622
vt 0.1666667 0.5656622
vt 0.25 0.5656622
vt 0.3333333 0.5656622
vt 0.4166667 0.5656622
vt 0.5 0.5656622
vt 0.5833333 0.5656622
vt 0.6666667 0.5656622
vt 0.75 0.5656622
vt 0.8333333 0.5656622
vt 0.9166667 0.5656622
vt 1 0.5656622
vt 0 0.5742894
vt 0.08333334 0.5742894
vt 0.1666667 0.5742894
vt 0.25 0.5742894
vt 0.3333333 0.5742894
vt 0.4166667 0.5742894
vt 0.5 0.5742894
vt 0.5833333 0.5742894
vt 0.6666667 0.5742894
vt 0.75 0.5742894
vt 0.8333333 0.5742894
vt 0.9166667 0.5742894
vt 1 0.5742894
vt 0 0.582512
vt 0.08333334 0.582512
vt 0.1666667 0.582512
vt 0.25 0.582512
vt 0.3333333 0.582512
vt 0.4166667 0.582512
vt 0.5 0.582512
vt 0.5833333 0.582512
vt 0.6666667 0.582512
vt 0.75 0.582512
vt 0.8333333 0.582512
vt 0.9166667 0.582512
vt 1 0.582512
vt 0 0.5902367
vt 0.08333334 0.5902367
vt 0.1666667 0.5902367
vt 0.25 0.5902367
vt 0.3333333 0.5902367
vt 0.4166667 0.5902367
vt 0.5 0.5902367
vt 0.5833333 0.5902367
vt 0.6666667 0.5902367
vt 0.75 0.5902367
vt 0.8333333 0.5902367
vt 0.9166667 0.5902367
vt 1 0.5902367
vt 0 0.5973916
vt 0.08333334 0.5973916
vt 0.1666667 0.5973916
vt 0.25 0.5973916
vt 0.3333333 0.5973916
vt 0.4166667 0.5973916
vt 0.5 0.5973916
vt 0.5833333 0.5973916
vt 0.6666667 0.5973916
vt 0.75 0.5973916
vt 0.8333333 0.5973916
vt 0.9166667 0.5973916
vt 1 0.5973916
vt 0 0.6039029
vt 0.08333334 0.6039029
vt 0.1666667 0.6039029
vt 0.25 0.6039029
vt 0.3333333 0.6039029
vt 0.4166667 0.6039029
vt 0.5 0.6039029
vt 0.5833333 0.6039029
vt 0.6666667 0.6039029
vt 0.75 0.6039029
vt 0.8333333 0.6039029
vt 0.9166667 0.6039029
vt 1 0.6039029
vt 0 0.6096952
vt 0.08333334 0.6096952
vt 0.1666667 0.6096952
vt 0.25 0.6096952
vt 0.3333333 0.6096952
vt 0.4166667 0.6096952
vt 0.5 0.6096952
vt 0.5833333 0.6096952
vt 0.6666667 0.6096952
vt 0.75 0.6096952
vt 0.8333333 0.6096952
vt 0.9166667 0.6096952
vt 1 0.6096952
vt 0 0.6146919
vt 0.08333334 0.6146919
vt 0.1666667 0.6146919
vt 0.25 0.6146919
vt 0.3333333 0.6146919
vt 0.4166667 0.6146919
vt 0.5 0.6146919
vt 0.5833333 0.6146919
vt 0.6666667 0.6146919
vt 0.75 0.6146919
vt 0.8333333 0.6146919
vt 0.9166667 0.6146919
vt 1 0.6146919
vt 0 0.6188158
vt 0.08333334 0.6188158
vt 0.1666667 0.6188158
vt 0.25 0.6188158
vt 0.3333333 0.6188158
vt 0.4166667 0.6188158
vt 0.5 0.6188158
vt 0.5833333 0.6188158
vt 0.6666667 0.6188158
vt 0.75 0.6188158
vt 0.8333333 0.6188158
vt 0.9166667 0.6188158
vt 1 0.6188158
vt 0 0.6219909
vt 0.08333334 0.6219909
vt 0.1666667 0.6219909
vt 0.25 0.6219909
vt 0.3333333 0.6219909
vt 0.4166667 0.6219909
vt 0.5 0.6219909
vt 0.5833333 0.6219909
vt 0.6666667 0.6219909
vt 0.75 0.6219909
vt 0.8333333 0.6219909
vt 0.9166667 0.6219909
vt 1 0.6219909
vt 0 0.6232001
vt 0.08333334 0.6232001
vt 0.1666667 0.6232001
vt 0.25 0.6232001
vt 0.3333333 0.6232001
vt 0.4166667 0.6232001
vt 0.5 0.6232001
vt 0.5833333 0.6232001
vt 0.6666667 0.6232001
vt 0.75 0.6232001
vt 0.8333333 0.6232001
vt 0.9166667 0.6232001
vt 1 0.6232001
vt 0 0.6241465
vt 0.08333334 0.6241465
vt 0.1666667 0.6241465
vt 0.25 0.6241465
vt 0.3333333 0.6241465
vt 0.4166667 0.6241465
vt 0.5 0.6241465
vt 0.5833333 0.6241465
vt 0.6666667 0.6241465
vt 0.75 0.6241465
vt 0.8333333 0.6241465
vt 0.9166667 0.6241465
vt 1 0.6241465
vt 0 0.6245211
vt 0.08333334 0.6245211
vt 0.1666667 0.6245211
vt 0.25 0.6245211
vt 0.3333333 0.6245211
vt 0.4166667 0.6245211
vt 0.5 0.6245211
vt 0.5833333 0.6245211
vt 0.6666667 0.6245211
vt 0.75 0.6245211
vt 0.8333333 0.6245211
vt 0.9166667 0.6245211
vt 1 0.6245211
vt 0 0.6248321
vt 0.08333334 0.6248321
vt 0.1666667 0.6248321
vt 0.25 0.6248321
vt 0.3333333 0.6248321
vt 0.4166667 0.6248321
vt 0.5 0.6248321
vt 0.5833333 0.6248321
vt 0.6666667 0.6248321
vt 0.75 0.6248321
vt 0.8333333 0.6248321
vt 0.9166667 0.6248321
vt 1 0.6248321
vt 0 0.6249653
vt 0.08333334 0.6249653
vt 0.1666667 0.6249653
vt 0.25 0.6249653
vt 0.3333333 0.6249653
vt 0.4166667 0.6249653
vt 0.5 0.6249653
vt 0.5833333 0.6249653
vt 0.6666667 0.6249653
vt 0.75 0.6249653
vt 0.8333333 0.6249653
vt 0.9166667 0.6249653
vt 1 0.6249653
vt 0 0.6250849
vt 0.08333334 0.6250849
vt 0.1666667 0.6250849
vt 0.25 0.6250849
vt 0.3333333 0.6250849
vt 0.4166667 0.6250849
vt 0.5 0.6250849
vt 0.5833333 0.6250849
vt 0.6666667 0.6250849
vt 0.75 0.6250849
vt 0.8333333 0.6250849
vt 0.9166667 0.6250849
vt 1 0.6250849
vt 0 0.6251926
vt 0.08333334 0.6251926
vt 0.1666667 0.6251926
vt 0.25 0.6251926
vt 0.3333333 0.6251926
vt 0.4166667 0.6251926
vt 0.5 0.6251926
vt 0.5833333 0.6251926
vt 0.6666667 0.6251926
vt 0.75 0.6251926
vt 0.8333333 0.6251926
vt 0.9166667 0.6251926
vt 1 0.6251926
vt 0 0.625291
vt 0.08333334 0.625291
vt 0.1666667 0.625291
vt 0.25 0.625291
vt 0.3333333 0.625291
vt 0.4166667 0.625291
vt 0.5 0.625291
vt 0.5833333 0.625291
vt 0.6666667 0.625291
vt 0.75 0.625291
vt 0.8333333 0.625291
vt 0.9166667 0.625291
vt 1 0.625291
vt 0 0.6253834
vt 0.08333334 0.6253834
vt 0.1666667 0.6253834
vt 0.25 0.6253834
vt 0.3333333 0.6253834
vt 0.4166667 0.6253834
vt 0.5 0.6253834
vt 0.5833333 0.6253834
vt 0.6666667 0.6253834
vt 0.75 0.6253834
vt 0.8333333 0.6253834
vt 0.9166667 0.6253834
vt 1 0.6253834
vt 0 0.625474
vt 0.08333334 0.625474
vt 0.1666667 0.625474
vt 0.25 0.625474
vt 0.3333333 0.625474
vt 0.4166667 0.625474
vt 0.5 0.625474
vt 0.5833333 0.625474
vt 0.6666667 0.625474
vt 0.75 0.625474
vt 0.8333333 0.625474
vt 0.9166667 0.625474
vt 1 0.625474
vt 0 0.6255674
vt 0.08333334 0.6255674
vt 0.1666667 0.6255674
vt 0.25 0.6255674
vt 0.3333333 0.6255674
vt 0.4166667 0.6255674
vt 0.5 0.6255674
vt 0.5833333 0.6255674
vt 0.6666667 0.6255674
vt 0.75 0.6255674
vt 0.8333333 0.6255674
vt 0.9166667 0.6255674
vt 1 0.6255674
vt 0 0.6256679
vt 0.08333334 0.6256679
vt 0.1666667 0.6256679
vt 0.25 0.6256679
vt 0.3333333 0.6256679
vt 0.4166667 0.6256679
vt 0.5 0.6256679
vt 0.5833333 0.6256679
vt 0.6666667 0.6256679
vt 0.75 0.6256679
vt 0.8333333 0.6256679
vt 0.9166667 0.6256679
vt 1 0.6256679
vt 0 0.6257792
vt 0.08333334 0.6257792
vt 0.1666667 0.6257792
vt 0.25 0.6257792
vt 0.3333333 0.6257792
vt 0.4166667 0.6257792
vt 0.5 0.6257792
vt 0.5833333 0.6257792
vt 0.6666667 0.6257792
vt 0.75 0.6257792
vt 0.8333333 0.6257792
vt 0.9166667 0.6257792
vt 1 0.6257792
vt 0 0.625904
vt 0.08333334 0.625904
vt 0.1666667 0.625904
vt 0.25 0.625904
vt 0.3333333 0.625904
vt 0.4166667 0.625904
vt 0.5 0.625904
vt 0.5833333 0.625904
vt 0.6666667 0.625904
vt 0.75 0.625904
vt 0.8333333 0.625904
vt 0.9166667 0.625904
vt 1 0.625904
vt 0 0.6260446
vt 0.08333334 0.6260446
vt 0.1666667 0.6260446
vt 0.25 0.6260446
vt 0.3333333 0.6260446
vt 0.4166667 0.6260446
vt 0.5 0.6260446
vt 0.5833333 0.6260446
vt 0.6666667 0.6260446
vt 0.75 0.6260446
vt 0.8333333 0.6260446
vt 0.9166667 0.6260446
vt 1 0.6260446
vt 0 0.6262024
vt 0.08333334 0.6262024
vt 0.1666667 0.6262024
vt 0.25 0.6262024
vt 0.3333333 0.6262024
vt 0.4166667 0.6262024
vt 0.5 0.6262024
vt 0.5833333 0.6262024
vt 0.6666667 0.6262024
vt 0.75 0.6262024
vt 0.8333333 0.6262024
vt 0.9166667 0.6262024
vt 1 0.6262024
vt 0 0.6265742
vt 0.08333334 0.6265742
vt 0.1666667 0.6265742
vt 0.25 0.6265742
vt 0.3333333 0.6265742
vt 0.4166667 0.6265742
vt 0.5 0.6265742
vt 0.5833333 0.6265742
vt 0.6666667 0.6265742
vt 0.75 0.6265742
vt 0.8333333 0.6265742
vt 0.9166667 0.6265742
vt 1 0.6265742
vt 0 0.6270266
vt 0.08333334 0.6270266
vt 0.1666667 0.6270266
vt 0.25 0.6270266
vt 0.3333333 0.6270266
vt 0.4166667 0.6270266
vt 0.5 0.6270266
vt 0.5833333 0.6270266
vt 0.6666667 0.6270266
vt 0.75 0.6270266
vt 0.8333333 0.6270266
vt 0.9166667 0.6270266
vt 1 0.6270266
vt 0 0.6281905
vt 0.08333334 0.6281905
vt 0.1666667 0.6281905
vt 0.25 0.6281905
vt 0.3333333 0.6281905
vt 0.4166667 0.6281905
vt 0.5 0.6281905
vt 0.5833333 0.6281905
vt 0.6666667 0.6281905
vt 0.75 0.6281905
vt 0.8333333 0.6281905
vt 0.9166667 0.6281905
vt 1 0.6281905
vt 0 0.6316397
vt 0.08333334 0.6316397
vt 0.1666667 0.6316397
vt 0.25 0.6316397
vt 0.3333333 0.6316397
vt 0.4166667 0.6316397
vt 0.5 0.6316397
vt 0.5833333 0.6316397
vt 0.6666667 0.6316397
vt 0.75 0.6316397
vt 0.8333333 0.6316397
vt 0.9166667 0.6316397
vt 1 0.6316397
vt 0 0.6367101
vt 0.08333334 0.6367101
vt 0.1666667 0.6367101
vt 0.25 0.6367101
vt 0.3333333 0.6367101
vt 0.4166667 0.6367101
vt 0.5 0.6367101
vt 0.5833333 0.6367101
vt 0.6666667 0.6367101
vt 0.75 0.6367101
vt 0.8333333 0.6367101
vt 0.9166667 0.6367101
vt 1 0.6367101
vt 0 0.6522369
vt 0.08333334 0.6522369
vt 0.1666667 0.6522369
vt 0.25 0.6522369
vt 0.3333333 0.6522369
vt 0.4166667 0.6522369
vt 0.5 0.6522369
vt 0.5833333 0.6522369
vt 0.6666667 0.6522369
vt 0.75 0.6522369
vt 0.8333333 0.6522369
vt 0.9166667 0.6522369
vt 1 0.6522369
vt 0 0.7473999
vt 0.08333334 0.7473999
vt 0.1666667 0.7473999
vt 0.25 0.7473999
vt 0.3333333 0.7473999
vt 0.4166667 0.7473999
vt 0.5 0.7473999
vt 0.5833333 0.7473999
vt 0.6666667 0.7473999
vt 0.75 0.7473999
vt 0.8333333 0.7473999
vt 0.9166667 0.7473999
vt 1 0.7473999
vt 0 0.7594451
vt 0.08333334 0.7594451
vt 0.1666667 0.7594451
vt 0.25 0.7594451
vt 0.3333333 0.7594451
vt 0.4166667 0.7594451
vt 0.5 0.7594451
vt 0.5833333 0.7594451
vt 0.6666667 0.7594451
vt 0.75 0.7594451
vt 0.8333333 0.7594451
vt 0.9166667 0.7594451
vt 1 0.7594451
vt 0 0.7622271
vt 0.08333334 0.7622271
vt 0.1666667 0.7622271
vt 0.25 0.7622271
vt 0.3333333 0.7622271
vt 0.4166667 0.7622271
vt 0.5 0.7622271
vt 0.5833333 0.7622271
vt 0.6666667 0.7622271
vt 0.75 0.7622271
vt 0.8333333 0.7622271
vt 0.9166667 0.7622271
vt 1 0.7622271
vt 0 0.7626065
vt 0.08333334 0.7626065
vt 0.1666667 0.7626065
vt 0.25 0.7626065
vt 0.3333333 0.7626065
vt 0.4166667 0.7626065
vt 0.5 0.7626065
vt 0.5833333 0.7626065
vt 0.6666667 0.7626065
vt 0.75 0.7626065
vt 0.8333333 0.7626065
vt 0.9166667 0.7626065
vt 1 0.7626065
vt 0 0.7628652
vt 0.08333334 0.7628652
vt 0.1666667 0.7628652
vt 0.25 0.7628652
vt 0.3333333 0.7628652
vt 0.4166667 0.7628652
vt 0.5 0.7628652
vt 0.5833333 0.7628652
vt 0.6666667 0.7628652
vt 0.75 0.7628652
vt 0.8333333 0.7628652
vt 0.9166667 0.7628652
vt 1 0.7628652
vt 0 0.7629516
vt 0.08333334 0.7629516
vt 0.1666667 0.7629516
vt 0.25 0.7629516
vt 0.3333333 0.7629516
vt 0.4166667 0.7629516
vt 0.5 0.7629516
vt 0.5833333 0.7629516
vt 0.6666667 0.7629516
vt 0.75 0.7629516
vt 0.8333333 0.7629516
vt 0.9166667 0.7629516
vt 1 0.7629516
vt 0 0.7630122
vt 0.08333334 0.7630122
vt 0.1666667 0.7630122
vt 0.25 0.7630122
vt 0.3333333 0.7630122
vt 0.4166667 0.7630122
vt 0.5 0.7630122
vt 0.5833333 0.7630122
vt 0.6666667 0.7630122
vt 0.75 0.7630122
vt 0.8333333 0.7630122
vt 0.9166667 0.7630122
vt 1 0.7630122
vt 0 0.7630538
vt 0.08333334 0.7630538
vt 0.1666667 0.7630538
vt 0.25 0.7630538
vt 0.3333333 0.7630538
vt 0.4166667 0.7630538
vt 0.5 0.7630538
vt 0.5833333 0.7630538
vt 0.6666667 0.7630538
vt 0.75 0.7630538
vt 0.8333333 0.7630538
vt 0.9166667 0.7630538
vt 1 0.7630538
vt 0 0.7630941
vt 0.08333334 0.7630941
vt 0.1666667 0.7630941
vt 0.25 0.7630941
vt 0.3333333 0.7630941
vt 0.4166667 0.7630941
vt 0.5 0.7630941
vt 0.5833333 0.7630941
vt 0.6666667 0.7630941
vt 0.75 0.7630941
vt 0.8333333 0.7630941
vt 0.9166667 0.7630941
vt 1 0.7630941
vt 0 0.7631515
vt 0.08333334 0.7631515
vt 0.1666667 0.7631515
vt 0.25 0.7631515
vt 0.3333333 0.7631515
vt 0.4166667 0.7631515
vt 0.5 0.7631515
vt 0.5833333 0.7631515
vt 0.6666667 0.7631515
vt 0.75 0.7631515
vt 0.8333333 0.7631515
vt 0.9166667 0.7631515
vt 1 0.7631515
vt 0 0.7632334
vt 0.08333334 0.7632334
vt 0.1666667 0.7632334
vt 0.25 0.7632334
vt 0.3333333 0.7632334
vt 0.4166667 0.7632334
vt 0.5 0.7632334
vt 0.5833333 0.7632334
vt 0.6666667 0.7632334
vt 0.75 0.7632334
vt 0.8333333 0.7632334
vt 0.9166667 0.7632334
vt 1 0.7632334
vt 0 0.7634786
vt 0.08333334 0.7634786
vt 0.1666667 0.7634786
vt 0.25 0.7634786
vt 0.3333333 0.7634786
vt 0.4166667 0.7634786
vt 0.5 0.7634786
vt 0.5833333 0.7634786
vt 0.6666667 0.7634786
vt 0.75 0.7634786
vt 0.8333333 0.7634786
vt 0.9166667 0.7634786
vt 1 0.7634786
vt 0 0.7643042
vt 0.08333334 0.7643042
vt 0.1666667 0.7643042
vt 0.25 0.7643042
vt 0.3333333 0.7643042
vt 0.4166667 0.7643042
vt 0.5 0.7643042
vt 0.5833333 0.7643042
vt 0.6666667 0.7643042
vt 0.75 0.7643042
vt 0.8333333 0.7643042
vt 0.9166667 0.7643042
vt 1 0.7643042
vt 0 0.7672767
vt 0.08333334 0.7672767
vt 0.1666667 0.7672767
vt 0.25 0.7672767
vt 0.3333333 0.7672767
vt 0.4166667 0.7672767
vt 0.5 0.7672767
vt 0.5833333 0.7672767
vt 0.6666667 0.7672767
vt 0.75 0.7672767
vt 0.8333333 0.7672767
vt 0.9166667 0.7672767
vt 1 0.7672767
vt 0 0.7781584
vt 0.08333334 0.7781584
vt 0.1666667 0.7781584
vt 0.25 0.7781584
vt 0.3333333 0.7781584
vt 0.4166667 0.7781584
vt 0.5 0.7781584
vt 0.5833333 0.7781584
vt 0.6666667 0.7781584
vt 0.75 0.7781584
vt 0.8333333 0.7781584
vt 0.9166667 0.7781584
vt 1 0.7781584
vt 0 0.8139917
vt 0.08333334 0.8139917
vt 0.1666667 0.8139917
vt 0.25 0.8139917
vt 0.3333333 0.8139917
vt 0.4166667 0.8139917
vt 0.5 0.8139917
vt 0.5833333 0.8139917
vt 0.6666667 0.8139917
vt 0.75 0.8139917
vt 0.8333333 0.8139917
vt 0.9166667 0.8139917
vt 1 0.8139917
vt 0 0.8335484
vt 0.08333334 0.8335484
vt 0.1666667 0.8335484
vt 0.25 0.8335484
vt 0.3333333 0.8335484
vt 0.4166667 0.8335484
vt 0.5 0.8335484
vt 0.5833333 0.8335484
vt 0.6666667 0.8335484
vt 0.75 0.8335484
vt 0.8333333 0.8335484
vt 0.9166667 0.8335484
vt 1 0.8335484
vt 0 0.8424869
vt 0.08333334 0.8424869
vt 0.1666667 0.8424869
vt 0.25 0.8424869
vt 0.3333333 0.8424869
vt 0.4166667 0.8424869
vt 0.5 0.8424869
vt 0.5833333 0.8424869
vt 0.6666667 0.8424869
vt 0.75 0.8424869
vt 0.8333333 0.8424869
vt 0.9166667 0.8424869
vt 1 0.8424869
vt 0 0.8503922
vt 0.08333334 0.8503922
vt 0.1666667 0.8503922
vt 0.25 0.8503922
vt 0.3333333 0.8503922
vt 0.4166667 0.8503922
vt 0.5 0.8503922
vt 0.5833333 0.8503922
vt 0.6666667 0.8503922
vt 0.75 0.8503922
vt 0.8333333 0.8503922
vt 0.9166667 0.8503922
vt 1 0.8503922
vt 0 0.8569729
vt 0.08333334 0.8569729
vt 0.1666667 0.8569729
vt 0.25 0.8569729
vt 0.3333333 0.8569729
vt 0.4166667 0.8569729
vt 0.5 0.8569729
vt 0.5833333 0.8569729
vt 0.6666667 0.8569729
vt 0.75 0.8569729
vt 0.8333333 0.8569729
vt 0.9166667 0.8569729
vt 1 0.8569729
vt 0 0.8621734
vt 0.08333334 0.8621734
vt 0.1666667 0.8621734
vt 0.25 0.8621734
vt 0.3333333 0.8621734
vt 0.4166667 0.8621734
vt 0.5 0.8621734
vt 0.5833333 0.8621734
vt 0.6666667 0.8621734
vt 0.75 0.8621734
vt 0.8333333 0.8621734
vt 0.9166667 0.8621734
vt 1 0.8621734
vt 0 0.8660027
vt 0.08333334 0.8660027
vt 0.1666667 0.8660027
vt 0.25 0.8660027
vt 0.3333333 0.8660027
vt 0.4166667 0.8660027
vt 0.5 0.8660027
vt 0.5833333 0.8660027
vt 0.6666667 0.8660027
vt 0.75 0.8660027
vt 0.8333333 0.8660027
vt 0.9166667 0.8660027
vt 1 0.8660027
vt 0 0.8674121
vt 0.08333334 0.8674121
vt 0.1666667 0.8674121
vt 0.25 0.8674121
vt 0.3333333 0.8674121
vt 0.4166667 0.8674121
vt 0.5 0.8674121
vt 0.5833333 0.8674121
vt 0.6666667 0.8674121
vt 0.75 0.8674121
vt 0.8333333 0.8674121
vt 0.9166667 0.8674121
vt 1 0.8674121
vt 0 0.8684959
vt 0.08333334 0.8684959
vt 0.1666667 0.8684959
vt 0.25 0.8684959
vt 0.3333333 0.8684959
vt 0.4166667 0.8684959
vt 0.5 0.8684959
vt 0.5833333 0.8684959
vt 0.6666667 0.8684959
vt 0.75 0.8684959
vt 0.8333333 0.8684959
vt 0.9166667 0.8684959
vt 1 0.8684959
vt 0 0.8689227
vt 0.08333334 0.8689227
vt 0.1666667 0.8689227
vt 0.25 0.8689227
vt 0.3333333 0.8689227
vt 0.4166667 0.8689227
vt 0.5 0.8689227
vt 0.5833333 0.8689227
vt 0.6666667 0.8689227
vt 0.75 0.8689227
vt 0.8333333 0.8689227
vt 0.9166667 0.8689227
vt 1 0.8689227
vt 0 0.8692793
vt 0.08333334 0.8692793
vt 0.1666667 0.8692793
vt 0.25 0.8692793
vt 0.3333333 0.8692793
vt 0.4166667 0.8692793
vt 0.5 0.8692793
vt 0.5833333 0.8692793
vt 0.6666667 0.8692793
vt 0.75 0.8692793
vt 0.8333333 0.8692793
vt 0.9166667 0.8692793
vt 1 0.8692793
vt 0 0.8694345
vt 0.08333334 0.8694345
vt 0.1666667 0.8694345
vt 0.25 0.8694345
vt 0.3333333 0.8694345
vt 0.4166667 0.8694345
vt 0.5 0.8694345
vt 0.5833333 0.8694345
vt 0.6666667 0.8694345
vt 0.75 0.8694345
vt 0.8333333 0.8694345
vt 0.9166667 0.8694345
vt 1 0.8694345
vt 0 0.8695764
vt 0.08333334 0.8695764
vt 0.1666667 0.8695764
vt 0.25 0.8695764
vt 0.3333333 0.8695764
vt 0.4166667 0.8695764
vt 0.5 0.8695764
vt 0.5833333 0.8695764
vt 0.6666667 0.8695764
vt 0.75 0.8695764
vt 0.8333333 0.8695764
vt 0.9166667 0.8695764
vt 1 0.8695764
vt 0 0.8697075
vt 0.08333334 0.8697075
vt 0.1666667 0.8697075
vt 0.25 0.8697075
vt 0.3333333 0.8697075
vt 0.4166667 0.8697075
vt 0.5 0.8697075
vt 0.5833333 0.8697075
vt 0.6666667 0.8697075
vt 0.75 0.8697075
vt 0.8333333 0.8697075
vt 0.9166667 0.8697075
vt 1 0.8697075
vt 0 0.8698309
vt 0.08333334 0.8698309
vt 0.1666667 0.8698309
vt 0.25 0.8698309
vt 0.3333333 0.8698309
vt 0.4166667 0.8698309
vt 0.5 0.8698309
vt 0.5833333 0.8698309
vt 0.6666667 0.8698309
vt 0.75 0.8698309
vt 0.8333333 0.8698309
vt 0.9166667 0.8698309
vt 1 0.8698309
vt 0 0.8699503
vt 0.08333334 0.8699503
vt 0.1666667 0.8699503
vt 0.25 0.8699503
vt 0.3333333 0.8699503
vt 0.4166667 0.8699503
vt 0.5 0.8699503
vt 0.5833333 0.8699503
vt 0.6666667 0.8699503
vt 0.75 0.8699503
vt 0.8333333 0.8699503
vt 0.9166667 0.8699503
vt 1 0.8699503
vt 0 0.8700697
vt 0.08333334 0.8700697
vt 0.1666667 0.8700697
vt 0.25 0.8700697
vt 0.3333333 0.8700697
vt 0.4166667 0.8700697
vt 0.5 0.8700697
vt 0.5833333 0.8700697
vt 0.6666667 0.8700697
vt 0.75 0.8700697
vt 0.8333333 0.8700697
vt 0.9166667 0.8700697
vt 1 0.8700697
vt 0 0.8701932
vt 0.08333334 0.8701932
vt 0.1666667 0.8701932
vt 0.25 0.8701932
vt 0.3333333 0.8701932
vt 0.4166667 0.8701932
vt 0.5 0.8701932
vt 0.5833333 0.8701932
vt 0.6666667 0.8701932
vt 0.75 0.8701932
vt 0.8333333 0.8701932
vt 0.9166667 0.8701932
vt 1 0.8701932
vt 0 0.8703246
vt 0.08333334 0.8703246
vt 0.1666667 0.8703246
vt 0.25 0.8703246
vt 0.3333333 0.8703246
vt 0.4166667 0.8703246
vt 0.5 0.8703246
vt 0.5833333 0.8703246
vt 0.6666667 0.8703246
vt 0.75 0.8703246
vt 0.8333333 0.8703246
vt 0.9166667 0.8703246
vt 1 0.8703246
vt 0 0.8704668
vt 0.08333334 0.8704668
vt 0.1666667 0.8704668
vt 0.25 0.8704668
vt 0.3333333 0.8704668
vt 0.4166667 0.8704668
vt 0.5 0.8704668
vt 0.5833333 0.8704668
vt 0.6666667 0.8704668
vt 0.75 0.8704668
vt 0.8333333 0.8704668
vt 0.9166667 0.8704668
vt 1 0.8704668
vt 0 0.8706224
vt 0.08333334 0.8706224
vt 0.1666667 0.8706224
vt 0.25 0.8706224
vt 0.3333333 0.8706224
vt 0.4166667 0.8706224
vt 0.5 0.8706224
vt 0.5833333 0.8706224
vt 0.6666667 0.8706224
vt 0.75 0.8706224
vt 0.8333333 0.8706224
vt 0.9166667 0.8706224
vt 1 0.8706224
vt 0 0.8709804
vt 0.08333334 0.8709804
vt 0.1666667 0.8709804
vt 0.25 0.8709804
vt 0.3333333 0.8709804
vt 0.4166667 0.8709804
vt 0.5 0.8709804
vt 0.5833333 0.8709804
vt 0.6666667 0.8709804
vt 0.75 0.8709804
vt 0.8333333 0.8709804
vt 0.9166667 0.8709804
vt 1 0.8709804
vt 0 0.8714094
vt 0.08333334 0.8714094
vt 0.1666667 0.8714094
vt 0.25 0.8714094
vt 0.3333333 0.8714094
vt 0.4166667 0.8714094
vt 0.5 0.8714094
vt 0.5833333 0.8714094
vt 0.6666667 0.8714094
vt 0.75 0.8714094
vt 0.8333333 0.8714094
vt 0.9166667 0.8714094
vt 1 0.8714094
vt 0 0.8719152
vt 0.08333334 0.8719152
vt 0.1666667 0.8719152
vt 0.25 0.8719152
vt 0.3333333 0.8719152
vt 0.4166667 0.8719152
vt 0.5 0.8719152
vt 0.5833333 0.8719152
vt 0.6666667 0.8719152
vt 0.75 0.8719152
vt 0.8333333 0.8719152
vt 0.9166667 0.8719152
vt 1 0.8719152
vt 0 0.8731707
vt 0.08333334 0.8731707
vt 0.1666667 0.8731707
vt 0.25 0.8731707
vt 0.3333333 0.8731707
vt 0.4166667 0.8731707
vt 0.5 0.8731707
vt 0.5833333 0.8731707
vt 0.6666667 0.8731707
vt 0.75 0.8731707
vt 0.8333333 0.8731707
vt 0.9166667 0.8731707
vt 1 0.8731707
vt 0 0.8747647
vt 0.08333334 0.8747647
vt 0.1666667 0.8747647
vt 0.25 0.8747647
vt 0.3333333 0.8747647
vt 0.4166667 0.8747647
vt 0.5 0.8747647
vt 0.5833333 0.8747647
vt 0.6666667 0.8747647
vt 0.75 0.8747647
vt 0.8333333 0.8747647
vt 0.9166667 0.8747647
vt 1 0.8747647
vt 0 0.8767058
vt 0.08333334 0.8767058
vt 0.1666667 0.8767058
vt 0.25 0.8767058
vt 0.3333333 0.8767058
vt 0.4166667 0.8767058
vt 0.5 0.8767058
vt 0.5833333 0.8767058
vt 0.6666667 0.8767058
vt 0.75 0.8767058
vt 0.8333333 0.8767058
vt 0.9166667 0.8767058
vt 1 0.8767058
vt 0 0.8817198
vt 0.08333334 0.8817198
vt 0.1666667 0.8817198
vt 0.25 0.8817198
vt 0.3333333 0.8817198
vt 0.4166667 0.8817198
vt 0.5 0.8817198
vt 0.5833333 0.8817198
vt 0.6666667 0.8817198
vt 0.75 0.8817198
vt 0.8333333 0.8817198
vt 0.9166667 0.8817198
vt 1 0.8817198
vt 0 0.8885933
vt 0.08333334 0.8885933
vt 0.1666667 0.8885933
vt 0.25 0.8885933
vt 0.3333333 0.8885933
vt 0.4166667 0.8885933
vt 0.5 0.8885933
vt 0.5833333 0.8885933
vt 0.6666667 0.8885933
vt 0.75 0.8885933
vt 0.8333333 0.8885933
vt 0.9166667 0.8885933
vt 1 0.8885933
vt 0 0.9096533
vt 0.08333334 0.9096533
vt 0.1666667 0.9096533
vt 0.25 0.9096533
vt 0.3333333 0.9096533
vt 0.4166667 0.9096533
vt 0.5 0.9096533
vt 0.5833333 0.9096533
vt 0.6666667 0.9096533
vt 0.75 0.9096533
vt 0.8333333 0.9096533
vt 0.9166667 0.9096533
vt 1 0.9096533
vt 0 0.9950311
vt 0.08333334 0.9950311
vt 0.1666667 0.9950311
vt 0.25 0.9950311
vt 0.3333333 0.9950311
vt 0.4166667 0.9950311
vt 0.5 0.9950311
vt 0.5833333 0.9950311
vt 0.6666667 0.9950311
vt 0.75 0.9950311
vt 0.8333333 0.9950311
vt 0.9166667 0.9950311
vt 1 0.9950311
vt 0.75 0.9950311
vt 0.75 0.9950311
vt 0.25 0.9950311
vt 0.25 0.9950311
vt 0.25 0.9950311
vt 0.25 0.9950311
vt 0.25 0.9950311
vt 0.25 0.9950311
vt 0.75 0.9950311
vt 0.75 0.9950311
vt 0.75 0.9950311
vt 0.75 0.9950311
vt 0.6165311 0.9967401
vt 0.5761874 0.9967401
vt 0.5 0.9967401
vt 0.4238126 0.9967401
vt 0.3834689 0.9967401
vt 0.3720391 0.9967401
vt 0.3834689 0.9967401
vt 0.4238126 0.9967401
vt 0.5 0.9967401
vt 0.5761874 0.9967401
vt 0.6165311 0.9967401
vt 0.6279609 0.9967401
vt 0.5528911 0.9981104
vt 0.5313029 0.9981104
vt 0.5 0.9981104
vt 0.4686971 0.9981104
vt 0.4471088 0.9981104
vt 0.4396443 0.9981104
vt 0.4471089 0.9981104
vt 0.4686971 0.9981104
vt 0.5 0.9981104
vt 0.5313029 0.9981104
vt 0.5528911 0.9981104
vt 0.5603557 0.9981104
vt 0.5159757 0.9988664
vt 0.5092443 0.9988664
vt 0.5 0.9988664
vt 0.4907557 0.9988664
vt 0.4840243 0.9988664
vt 0.4815734 0.9988664
vt 0.4840243 0.9988664
vt 0.4907557 0.9988664
vt 0.5 0.9988664
vt 0.5092443 0.9988664
vt 0.5159757 0.9988664
vt 0.5184266 0.9988664
vt 0 0.9989688

usemap Standard_5A3C20
usemtl Standard_5A3C20
f 1604/1604/1604 1603/1603/1603 1602/1602/1602 1601/1601/1601 
f 1606/1606/1606 1605/1605/1605 1604/1604/1604 1601/1601/1601 
f 1608/1608/1608 1607/1607/1607 1606/1606/1606 1601/1601/1601 
f 1610/1610/1610 1609/1609/1609 1608/1608/1608 1601/1601/1601 
f 1612/1612/1612 1611/1611/1611 1610/1610/1610 1601/1601/1601 
f 1602/1602/1602 1613/1613/1613 1612/1612/1612 1601/1601/1601 
f 1603/1603/1603 1615/1615/1615 1614/1614/1614 1602/1602/1602 
f 1604/1604/1604 1616/1616/1616 1615/1615/1615 1603/1603/1603 
f 1605/1605/1605 1617/1617/1617 1616/1616/1616 1604/1604/1604 
f 1606/1606/1606 1618/1618/1618 1617/1617/1617 1605/1605/1605 
f 1607/1607/1607 1619/1619/1619 1618/1618/1618 1606/1606/1606 
f 1608/1608/1608 1620/1620/1620 1619/1619/1619 1607/1607/1607 
f 1609/1609/1609 1621/1621/1621 1620/1620/1620 1608/1608/1608 
f 1610/1610/1610 1622/1622/1622 1621/1621/1621 1609/1609/1609 
f 1611/1611/1611 1623/1623/1623 1622/1622/1622 1610/1610/1610 
f 1612/1612/1612 1624/1624/1624 1623/1623/1623 1611/1611/1611 
f 1613/1613/1613 1625/1625/1625 1624/1624/1624 1612/1612/1612 
f 1602/1602/1602 1614/1614/1614 1625/1625/1625 1613/1613/1613 
f 1615/1615/1615 1627/1627/1627 1626/1626/1626 1614/1614/1614 
f 1616/1616/1616 1628/1628/1628 1627/1627/1627 1615/1615/1615 
f 1617/1617/1617 1629/1629/1629 1628/1628/1628 1616/1616/1616 
f 1618/1618/1618 1630/1630/1630 1629/1629/1629 1617/1617/1617 
f 1619/1619/1619 1631/1631/1631 1630/1630/1630 1618/1618/1618 
f 1620/1620/1620 1632/1632/1632 1631/1631/1631 1619/1619/1619 
f 1621/1621/1621 1633/1633/1633 1632/1632/1632 1620/1620/1620 
f 1622/1622/1622 1634/1634/1634 1633/1633/1633 1621/1621/1621 
f 1623/1623/1623 1635/1635/1635 1634/1634/1634 1622/1622/1622 
f 1624/1624/1624 1636/1636/1636 1635/1635/1635 1623/1623/1623 
f 1625/1625/1625 1637/1637/1637 1636/1636/1636 1624/1624/1624 
f 1614/1614/1614 1626/1626/1626 1637/1637/1637 1625/1625/1625 
f 1627/1627/1627 1639/1639/1639 1638/1638/1638 1626/1626/1626 
f 1628/1628/1628 1640/1640/1640 1639/1639/1639 1627/1627/1627 
f 1629/1629/1629 1641/1641/1641 1640/1640/1640 1628/1628/1628 
f 1630/1630/1630 1642/1642/1642 1641/1641/1641 1629/1629/1629 
f 1631/1631/1631 1643/1643/1643 1642/1642/1642 1630/1630/1630 
f 1632/1632/1632 1644/1644/1644 1643/1643/1643 1631/1631/1631 
f 1633/1633/1633 1645/1645/1645 1644/1644/1644 1632/1632/1632 
f 1634/1634/1634 1646/1646/1646 1645/1645/1645 1633/1633/1633 
f 1635/1635/1635 1647/1647/1647 1646/1646/1646 1634/1634/1634 
f 1636/1636/1636 1648/1648/1648 1647/1647/1647 1635/1635/1635 
f 1637/1637/1637 1649/1649/1649 1648/1648/1648 1636/1636/1636 
f 1626/1626/1626 1638/1638/1638 1649/1649/1649 1637/1637/1637 
f 1639/1639/1639 1651/1651/1651 1650/1650/1650 1638/1638/1638 
f 1640/1640/1640 1652/1652/1652 1651/1651/1651 1639/1639/1639 
f 1641/1641/1641 1653/1653/1653 1652/1652/1652 1640/1640/1640 
f 1642/1642/1642 1654/1654/1654 1653/1653/1653 1641/1641/1641 
f 1643/1643/1643 1655/1655/1655 1654/1654/1654 1642/1642/1642 
f 1644/1644/1644 1656/1656/1656 1655/1655/1655 1643/1643/1643 
f 1645/1645/1645 1657/1657/1657 1656/1656/1656 1644/1644/1644 
f 1646/1646/1646 1658/1658/1658 1657/1657/1657 1645/1645/1645 
f 1647/1647/1647 1659/1659/1659 1658/1658/1658 1646/1646/1646 
f 1648/1648/1648 1660/1660/1660 1659/1659/1659 1647/1647/1647 
f 1649/1649/1649 1661/1661/1661 1660/1660/1660 1648/1648/1648 
f 1638/1638/1638 1662/1662/1662 1661/1661/1661 1649/1649/1649 
f 1651/1651/1651 1664/1664/1664 1663/1663/1663 1650/1650/1650 
f 1652/1652/1652 1665/1665/1665 1664/1664/1664 1651/1651/1651 
f 1653/1653/1653 1666/1666/1666 1665/1665/1665 1652/1652/1652 
f 1654/1654/1654 1667/1667/1667 1666/1666/1666 1653/1653/1653 
f 1655/1655/1655 1668/1668/1668 1667/1667/1667 1654/1654/1654 
f 1656/1656/1656 1669/1669/1669 1668/1668/1668 1655/1655/1655 
f 1657/1657/1657 1670/1670/1670 1669/1669/1669 1656/1656/1656 
f 1658/1658/1658 1671/1671/1671 1670/1670/1670 1657/1657/1657 
f 1659/1659/1659 1672/1672/1672 1671/1671/1671 1658/1658/1658 
f 1660/1660/1660 1673/1673/1673 1672/1672/1672 1659/1659/1659 
f 1661/1661/1661 1674/1674/1674 1673/1673/1673 1660/1660/1660 
f 1662/1662/1662 1675/1675/1675 1674/1674/1674 1661/1661/1661 
f 1664/1664/1664 1677/1677/1677 1676/1676/1676 1663/1663/1663 
f 1665/1665/1665 1678/1678/1678 1677/1677/1677 1664/1664/1664 
f 1666/1666/1666 1679/1679/1679 1678/1678/1678 1665/1665/1665 
f 1667/1667/1667 1680/1680/1680 1679/1679/1679 1666/1666/1666 
f 1668/1668/1668 1681/1681/1681 1680/1680/1680 1667/1667/1667 
f 1669/1669/1669 1682/1682/1682 1681/1681/1681 1668/1668/1668 
f 1670/1670/1670 1683/1683/1683 1682/1682/1682 1669/1669/1669 
f 1671/1671/1671 1684/1684/1684 1683/1683/1683 1670/1670/1670 
f 1672/1672/1672 1685/1685/1685 1684/1684/1684 1671/1671/1671 
f 1673/1673/1673 1686/1686/1686 1685/1685/1685 1672/1672/1672 
f 1674/1674/1674 1687/1687/1687 1686/1686/1686 1673/1673/1673 
f 1675/1675/1675 1688/1688/1688 1687/1687/1687 1674/1674/1674 
f 1677/1677/1677 1690/1690/1690 1689/1689/1689 1676/1676/1676 
f 1678/1678/1678 1691/1691/1691 1690/1690/1690 1677/1677/1677 
f 1679/1679/1679 1692/1692/1692 1691/1691/1691 1678/1678/1678 
f 1680/1680/1680 1693/1693/1693 1692/1692/1692 1679/1679/1679 
f 1681/1681/1681 1694/1694/1694 1693/1693/1693 1680/1680/1680 
f 1682/1682/1682 1695/1695/1695 1694/1694/1694 1681/1681/1681 
f 1683/1683/1683 1696/1696/1696 1695/1695/1695 1682/1682/1682 
f 1684/1684/1684 1697/1697/1697 1696/1696/1696 1683/1683/1683 
f 1685/1685/1685 1698/1698/1698 1697/1697/1697 1684/1684/1684 
f 1686/1686/1686 1699/1699/1699 1698/1698/1698 1685/1685/1685 
f 1687/1687/1687 1700/1700/1700 1699/1699/1699 1686/1686/1686 
f 1688/1688/1688 1701/1701/1701 1700/1700/1700 1687/1687/1687 
f 1690/1690/1690 1703/1703/1703 1702/1702/1702 1689/1689/1689 
f 1691/1691/1691 1704/1704/1704 1703/1703/1703 1690/1690/1690 
f 1692/1692/1692 1705/1705/1705 1704/1704/1704 1691/1691/1691 
f 1693/1693/1693 1706/1706/1706 1705/1705/1705 1692/1692/1692 
f 1694/1694/1694 1707/1707/1707 1706/1706/1706 1693/1693/1693 
f 1695/1695/1695 1708/1708/1708 1707/1707/1707 1694/1694/1694 
f 1696/1696/1696 1709/1709/1709 1708/1708/1708 1695/1695/1695 
f 1697/1697/1697 1710/1710/1710 1709/1709/1709 1696/1696/1696 
f 1698/1698/1698 1711/1711/1711 1710/1710/1710 1697/1697/1697 
f 1699/1699/1699 1712/1712/1712 1711/1711/1711 1698/1698/1698 
f 1700/1700/1700 1713/1713/1713 1712/1712/1712 1699/1699/1699 
f 1701/1701/1701 1714/1714/1714 1713/1713/1713 1700/1700/1700 
f 1703/1703/1703 1716/1716/1716 1715/1715/1715 1702/1702/1702 
f 1704/1704/1704 1717/1717/1717 1716/1716/1716 1703/1703/1703 
f 1705/1705/1705 1718/1718/1718 1717/1717/1717 1704/1704/1704 
f 1706/1706/1706 1719/1719/1719 1718/1718/1718 1705/1705/1705 
f 1707/1707/1707 1720/1720/1720 1719/1719/1719 1706/1706/1706 
f 1708/1708/1708 1721/1721/1721 1720/1720/1720 1707/1707/1707 
f 1709/1709/1709 1722/1722/1722 1721/1721/1721 1708/1708/1708 
f 1710/1710/1710 1723/1723/1723 1722/1722/1722 1709/1709/1709 
f 1711/1711/1711 1724/1724/1724 1723/1723/1723 1710/1710/1710 
f 1712/1712/1712 1725/1725/1725 1724/1724/1724 1711/1711/1711 
f 1713/1713/1713 1726/1726/1726 1725/1725/1725 1712/1712/1712 
f 1714/1714/1714 1727/1727/1727 1726/1726/1726 1713/1713/1713 
f 1716/1716/1716 1729/1729/1729 1728/1728/1728 1715/1715/1715 
f 1717/1717/1717 1730/1730/1730 1729/1729/1729 1716/1716/1716 
f 1718/1718/1718 1731/1731/1731 1730/1730/1730 1717/1717/1717 
f 1719/1719/1719 1732/1732/1732 1731/1731/1731 1718/1718/1718 
f 1720/1720/1720 1733/1733/1733 1732/1732/1732 1719/1719/1719 
f 1721/1721/1721 1734/1734/1734 1733/1733/1733 1720/1720/1720 
f 1722/1722/1722 1735/1735/1735 1734/1734/1734 1721/1721/1721 
f 1723/1723/1723 1736/1736/1736 1735/1735/1735 1722/1722/1722 
f 1724/1724/1724 1737/1737/1737 1736/1736/1736 1723/1723/1723 
f 1725/1725/1725 1738/1738/1738 1737/1737/1737 1724/1724/1724 
f 1726/1726/1726 1739/1739/1739 1738/1738/1738 1725/1725/1725 
f 1727/1727/1727 1740/1740/1740 1739/1739/1739 1726/1726/1726 
f 1729/1729/1729 1742/1742/1742 1741/1741/1741 1728/1728/1728 
f 1730/1730/1730 1743/1743/1743 1742/1742/1742 1729/1729/1729 
f 1731/1731/1731 1744/1744/1744 1743/1743/1743 1730/1730/1730 
f 1732/1732/1732 1745/1745/1745 1744/1744/1744 1731/1731/1731 
f 1733/1733/1733 1746/1746/1746 1745/1745/1745 1732/1732/1732 
f 1734/1734/1734 1747/1747/1747 1746/1746/1746 1733/1733/1733 
f 1735/1735/1735 1748/1748/1748 1747/1747/1747 1734/1734/1734 
f 1736/1736/1736 1749/1749/1749 1748/1748/1748 1735/1735/1735 
f 1737/1737/1737 1750/1750/1750 1749/1749/1749 1736/1736/1736 
f 1738/1738/1738 1751/1751/1751 1750/1750/1750 1737/1737/1737 
f 1739/1739/1739 1752/1752/1752 1751/1751/1751 1738/1738/1738 
f 1740/1740/1740 1753/1753/1753 1752/1752/1752 1739/1739/1739 
f 1742/1742/1742 1755/1755/1755 1754/1754/1754 1741/1741/1741 
f 1743/1743/1743 1756/1756/1756 1755/1755/1755 1742/1742/1742 
f 1744/1744/1744 1757/1757/1757 1756/1756/1756 1743/1743/1743 
f 1745/1745/1745 1758/1758/1758 1757/1757/1757 1744/1744/1744 
f 1746/1746/1746 1759/1759/1759 1758/1758/1758 1745/1745/1745 
f 1747/1747/1747 1760/1760/1760 1759/1759/1759 1746/1746/1746 
f 1748/1748/1748 1761/1761/1761 1760/1760/1760 1747/1747/1747 
f 1749/1749/1749 1762/1762/1762 1761/1761/1761 1748/1748/1748 
f 1750/1750/1750 1763/1763/1763 1762/1762/1762 1749/1749/1749 
f 1751/1751/1751 1764/1764/1764 1763/1763/1763 1750/1750/1750 
f 1752/1752/1752 1765/1765/1765 1764/1764/1764 1751/1751/1751 
f 1753/1753/1753 1766/1766/1766 1765/1765/1765 1752/1752/1752 
f 1755/1755/1755 1768/1768/1768 1767/1767/1767 1754/1754/1754 
f 1756/1756/1756 1769/1769/1769 1768/1768/1768 1755/1755/1755 
f 1757/1757/1757 1770/1770/1770 1769/1769/1769 1756/1756/1756 
f 1758/1758/1758 1771/1771/1771 1770/1770/1770 1757/1757/1757 
f 1759/1759/1759 1772/1772/1772 1771/1771/1771 1758/1758/1758 
f 1760/1760/1760 1773/1773/1773 1772/1772/1772 1759/1759/1759 
f 1761/1761/1761 1774/1774/1774 1773/1773/1773 1760/1760/1760 
f 1762/1762/1762 1775/1775/1775 1774/1774/1774 1761/1761/1761 
f 1763/1763/1763 1776/1776/1776 1775/1775/1775 1762/1762/1762 
f 1764/1764/1764 1777/1777/1777 1776/1776/1776 1763/1763/1763 
f 1765/1765/1765 1778/1778/1778 1777/1777/1777 1764/1764/1764 
f 1766/1766/1766 1779/1779/1779 1778/1778/1778 1765/1765/1765 
f 1768/1768/1768 1781/1781/1781 1780/1780/1780 1767/1767/1767 
f 1769/1769/1769 1782/1782/1782 1781/1781/1781 1768/1768/1768 
f 1770/1770/1770 1783/1783/1783 1782/1782/1782 1769/1769/1769 
f 1771/1771/1771 1784/1784/1784 1783/1783/1783 1770/1770/1770 
f 1772/1772/1772 1785/1785/1785 1784/1784/1784 1771/1771/1771 
f 1773/1773/1773 1786/1786/1786 1785/1785/1785 1772/1772/1772 
f 1774/1774/1774 1787/1787/1787 1786/1786/1786 1773/1773/1773 
f 1775/1775/1775 1788/1788/1788 1787/1787/1787 1774/1774/1774 
f 1776/1776/1776 1789/1789/1789 1788/1788/1788 1775/1775/1775 
f 1777/1777/1777 1790/1790/1790 1789/1789/1789 1776/1776/1776 
f 1778/1778/1778 1791/1791/1791 1790/1790/1790 1777/1777/1777 
f 1779/1779/1779 1792/1792/1792 1791/1791/1791 1778/1778/1778 
f 1781/1781/1781 1794/1794/1794 1793/1793/1793 1780/1780/1780 
f 1782/1782/1782 1795/1795/1795 1794/1794/1794 1781/1781/1781 
f 1783/1783/1783 1796/1796/1796 1795/1795/1795 1782/1782/1782 
f 1784/1784/1784 1797/1797/1797 1796/1796/1796 1783/1783/1783 
f 1785/1785/1785 1798/1798/1798 1797/1797/1797 1784/1784/1784 
f 1786/1786/1786 1799/1799/1799 1798/1798/1798 1785/1785/1785 
f 1787/1787/1787 1800/1800/1800 1799/1799/1799 1786/1786/1786 
f 1788/1788/1788 1801/1801/1801 1800/1800/1800 1787/1787/1787 
f 1789/1789/1789 1802/1802/1802 1801/1801/1801 1788/1788/1788 
f 1790/1790/1790 1803/1803/1803 1802/1802/1802 1789/1789/1789 
f 1791/1791/1791 1804/1804/1804 1803/1803/1803 1790/1790/1790 
f 1792/1792/1792 1805/1805/1805 1804/1804/1804 1791/1791/1791 
f 1794/1794/1794 1807/1807/1807 1806/1806/1806 1793/1793/1793 
f 1795/1795/1795 1808/1808/1808 1807/1807/1807 1794/1794/1794 
f 1796/1796/1796 1809/1809/1809 1808/1808/1808 1795/1795/1795 
f 1797/1797/1797 1810/1810/1810 1809/1809/1809 1796/1796/1796 
f 1798/1798/1798 1811/1811/1811 1810/1810/1810 1797/1797/1797 
f 1799/1799/1799 1812/1812/1812 1811/1811/1811 1798/1798/1798 
f 1800/1800/1800 1813/1813/1813 1812/1812/1812 1799/1799/1799 
f 1801/1801/1801 1814/1814/1814 1813/1813/1813 1800/1800/1800 
f 1802/1802/1802 1815/1815/1815 1814/1814/1814 1801/1801/1801 
f 1803/1803/1803 1816/1816/1816 1815/1815/1815 1802/1802/1802 
f 1804/1804/1804 1817/1817/1817 1816/1816/1816 1803/1803/1803 
f 1805/1805/1805 1818/1818/1818 1817/1817/1817 1804/1804/1804 
f 1807/1807/1807 1820/1820/1820 1819/1819/1819 1806/1806/1806 
f 1808/1808/1808 1821/1821/1821 1820/1820/1820 1807/1807/1807 
f 1809/1809/1809 1822/1822/1822 1821/1821/1821 1808/1808/1808 
f 1810/1810/1810 1823/1823/1823 1822/1822/1822 1809/1809/1809 
f 1811/1811/1811 1824/1824/1824 1823/1823/1823 1810/1810/1810 
f 1812/1812/1812 1825/1825/1825 1824/1824/1824 1811/1811/1811 
f 1813/1813/1813 1826/1826/1826 1825/1825/1825 1812/1812/1812 
f 1814/1814/1814 1827/1827/1827 1826/1826/1826 1813/1813/1813 
f 1815/1815/1815 1828/1828/1828 1827/1827/1827 1814/1814/1814 
f 1816/1816/1816 1829/1829/1829 1828/1828/1828 1815/1815/1815 
f 1817/1817/1817 1830/1830/1830 1829/1829/1829 1816/1816/1816 
f 1818/1818/1818 1831/1831/1831 1830/1830/1830 1817/1817/1817 
f 1820/1820/1820 1833/1833/1833 1832/1832/1832 1819/1819/1819 
f 1821/1821/1821 1834/1834/1834 1833/1833/1833 1820/1820/1820 
f 1822/1822/1822 1835/1835/1835 1834/1834/1834 1821/1821/1821 
f 1823/1823/1823 1836/1836/1836 1835/1835/1835 1822/1822/1822 
f 1824/1824/1824 1837/1837/1837 1836/1836/1836 1823/1823/1823 
f 1825/1825/1825 1838/1838/1838 1837/1837/1837 1824/1824/1824 
f 1826/1826/1826 1839/1839/1839 1838/1838/1838 1825/1825/1825 
f 1827/1827/1827 1840/1840/1840 1839/1839/1839 1826/1826/1826 
f 1828/1828/1828 1841/1841/1841 1840/1840/1840 1827/1827/1827 
f 1829/1829/1829 1842/1842/1842 1841/1841/1841 1828/1828/1828 
f 1830/1830/1830 1843/1843/1843 1842/1842/1842 1829/1829/1829 
f 1831/1831/1831 1844/1844/1844 1843/1843/1843 1830/1830/1830 
f 1833/1833/1833 1846/1846/1846 1845/1845/1845 1832/1832/1832 
f 1834/1834/1834 1847/1847/1847 1846/1846/1846 1833/1833/1833 
f 1835/1835/1835 1848/1848/1848 1847/1847/1847 1834/1834/1834 
f 1836/1836/1836 1849/1849/1849 1848/1848/1848 1835/1835/1835 
f 1837/1837/1837 1850/1850/1850 1849/1849/1849 1836/1836/1836 
f 1838/1838/1838 1851/1851/1851 1850/1850/1850 1837/1837/1837 
f 1839/1839/1839 1852/1852/1852 1851/1851/1851 1838/1838/1838 
f 1840/1840/1840 1853/1853/1853 1852/1852/1852 1839/1839/1839 
f 1841/1841/1841 1854/1854/1854 1853/1853/1853 1840/1840/1840 
f 1842/1842/1842 1855/1855/1855 1854/1854/1854 1841/1841/1841 
f 1843/1843/1843 1856/1856/1856 1855/1855/1855 1842/1842/1842 
f 1844/1844/1844 1857/1857/1857 1856/1856/1856 1843/1843/1843 
f 1846/1846/1846 1859/1859/1859 1858/1858/1858 1845/1845/1845 
f 1847/1847/1847 1860/1860/1860 1859/1859/1859 1846/1846/1846 
f 1848/1848/1848 1861/1861/1861 1860/1860/1860 1847/1847/1847 
f 1849/1849/1849 1862/1862/1862 1861/1861/1861 1848/1848/1848 
f 1850/1850/1850 1863/1863/1863 1862/1862/1862 1849/1849/1849 
f 1851/1851/1851 1864/1864/1864 1863/1863/1863 1850/1850/1850 
f 1852/1852/1852 1865/1865/1865 1864/1864/1864 1851/1851/1851 
f 1853/1853/1853 1866/1866/1866 1865/1865/1865 1852/1852/1852 
f 1854/1854/1854 1867/1867/1867 1866/1866/1866 1853/1853/1853 
f 1855/1855/1855 1868/1868/1868 1867/1867/1867 1854/1854/1854 
f 1856/1856/1856 1869/1869/1869 1868/1868/1868 1855/1855/1855 
f 1857/1857/1857 1870/1870/1870 1869/1869/1869 1856/1856/1856 
f 1859/1859/1859 1872/1872/1872 1871/1871/1871 1858/1858/1858 
f 1860/1860/1860 1873/1873/1873 1872/1872/1872 1859/1859/1859 
f 1861/1861/1861 1874/1874/1874 1873/1873/1873 1860/1860/1860 
f 1862/1862/1862 1875/1875/1875 1874/1874/1874 1861/1861/1861 
f 1863/1863/1863 1876/1876/1876 1875/1875/1875 1862/1862/1862 
f 1864/1864/1864 1877/1877/1877 1876/1876/1876 1863/1863/1863 
f 1865/1865/1865 1878/1878/1878 1877/1877/1877 1864/1864/1864 
f 1866/1866/1866 1879/1879/1879 1878/1878/1878 1865/1865/1865 
f 1867/1867/1867 1880/1880/1880 1879/1879/1879 1866/1866/1866 
f 1868/1868/1868 1881/1881/1881 1880/1880/1880 1867/1867/1867 
f 1869/1869/1869 1882/1882/1882 1881/1881/1881 1868/1868/1868 
f 1870/1870/1870 1883/1883/1883 1882/1882/1882 1869/1869/1869 
f 1872/1872/1872 1885/1885/1885 1884/1884/1884 1871/1871/1871 
f 1873/1873/1873 1886/1886/1886 1885/1885/1885 1872/1872/1872 
f 1874/1874/1874 1887/1887/1887 1886/1886/1886 1873/1873/1873 
f 1875/1875/1875 1888/1888/1888 1887/1887/1887 1874/1874/1874 
f 1876/1876/1876 1889/1889/1889 1888/1888/1888 1875/1875/1875 
f 1877/1877/1877 1890/1890/1890 1889/1889/1889 1876/1876/1876 
f 1878/1878/1878 1891/1891/1891 1890/1890/1890 1877/1877/1877 
f 1879/1879/1879 1892/1892/1892 1891/1891/1891 1878/1878/1878 
f 1880/1880/1880 1893/1893/1893 1892/1892/1892 1879/1879/1879 
f 1881/1881/1881 1894/1894/1894 1893/1893/1893 1880/1880/1880 
f 1882/1882/1882 1895/1895/1895 1894/1894/1894 1881/1881/1881 
f 1883/1883/1883 1896/1896/1896 1895/1895/1895 1882/1882/1882 
f 1885/1885/1885 1898/1898/1898 1897/1897/1897 1884/1884/1884 
f 1886/1886/1886 1899/1899/1899 1898/1898/1898 1885/1885/1885 
f 1887/1887/1887 1900/1900/1900 1899/1899/1899 1886/1886/1886 
f 1888/1888/1888 1901/1901/1901 1900/1900/1900 1887/1887/1887 
f 1889/1889/1889 1902/1902/1902 1901/1901/1901 1888/1888/1888 
f 1890/1890/1890 1903/1903/1903 1902/1902/1902 1889/1889/1889 
f 1891/1891/1891 1904/1904/1904 1903/1903/1903 1890/1890/1890 
f 1892/1892/1892 1905/1905/1905 1904/1904/1904 1891/1891/1891 
f 1893/1893/1893 1906/1906/1906 1905/1905/1905 1892/1892/1892 
f 1894/1894/1894 1907/1907/1907 1906/1906/1906 1893/1893/1893 
f 1895/1895/1895 1908/1908/1908 1907/1907/1907 1894/1894/1894 
f 1896/1896/1896 1909/1909/1909 1908/1908/1908 1895/1895/1895 
f 1898/1898/1898 1911/1911/1911 1910/1910/1910 1897/1897/1897 
f 1899/1899/1899 1912/1912/1912 1911/1911/1911 1898/1898/1898 
f 1900/1900/1900 1913/1913/1913 1912/1912/1912 1899/1899/1899 
f 1901/1901/1901 1914/1914/1914 1913/1913/1913 1900/1900/1900 
f 1902/1902/1902 1915/1915/1915 1914/1914/1914 1901/1901/1901 
f 1903/1903/1903 1916/1916/1916 1915/1915/1915 1902/1902/1902 
f 1904/1904/1904 1917/1917/1917 1916/1916/1916 1903/1903/1903 
f 1905/1905/1905 1918/1918/1918 1917/1917/1917 1904/1904/1904 
f 1906/1906/1906 1919/1919/1919 1918/1918/1918 1905/1905/1905 
f 1907/1907/1907 1920/1920/1920 1919/1919/1919 1906/1906/1906 
f 1908/1908/1908 1921/1921/1921 1920/1920/1920 1907/1907/1907 
f 1909/1909/1909 1922/1922/1922 1921/1921/1921 1908/1908/1908 
f 1911/1911/1911 1924/1924/1924 1923/1923/1923 1910/1910/1910 
f 1912/1912/1912 1925/1925/1925 1924/1924/1924 1911/1911/1911 
f 1913/1913/1913 1926/1926/1926 1925/1925/1925 1912/1912/1912 
f 1914/1914/1914 1927/1927/1927 1926/1926/1926 1913/1913/1913 
f 1915/1915/1915 1928/1928/1928 1927/1927/1927 1914/1914/1914 
f 1916/1916/1916 1929/1929/1929 1928/1928/1928 1915/1915/1915 
f 1917/1917/1917 1930/1930/1930 1929/1929/1929 1916/1916/1916 
f 1918/1918/1918 1931/1931/1931 1930/1930/1930 1917/1917/1917 
f 1919/1919/1919 1932/1932/1932 1931/1931/1931 1918/1918/1918 
f 1920/1920/1920 1933/1933/1933 1932/1932/1932 1919/1919/1919 
f 1921/1921/1921 1934/1934/1934 1933/1933/1933 1920/1920/1920 
f 1922/1922/1922 1935/1935/1935 1934/1934/1934 1921/1921/1921 
f 1924/1924/1924 1937/1937/1937 1936/1936/1936 1923/1923/1923 
f 1925/1925/1925 1938/1938/1938 1937/1937/1937 1924/1924/1924 
f 1926/1926/1926 1939/1939/1939 1938/1938/1938 1925/1925/1925 
f 1927/1927/1927 1940/1940/1940 1939/1939/1939 1926/1926/1926 
f 1928/1928/1928 1941/1941/1941 1940/1940/1940 1927/1927/1927 
f 1929/1929/1929 1942/1942/1942 1941/1941/1941 1928/1928/1928 
f 1930/1930/1930 1943/1943/1943 1942/1942/1942 1929/1929/1929 
f 1931/1931/1931 1944/1944/1944 1943/1943/1943 1930/1930/1930 
f 1932/1932/1932 1945/1945/1945 1944/1944/1944 1931/1931/1931 
f 1933/1933/1933 1946/1946/1946 1945/1945/1945 1932/1932/1932 
f 1934/1934/1934 1947/1947/1947 1946/1946/1946 1933/1933/1933 
f 1935/1935/1935 1948/1948/1948 1947/1947/1947 1934/1934/1934 
f 1937/1937/1937 1950/1950/1950 1949/1949/1949 1936/1936/1936 
f 1938/1938/1938 1951/1951/1951 1950/1950/1950 1937/1937/1937 
f 1939/1939/1939 1952/1952/1952 1951/1951/1951 1938/1938/1938 
f 1940/1940/1940 1953/1953/1953 1952/1952/1952 1939/1939/1939 
f 1941/1941/1941 1954/1954/1954 1953/1953/1953 1940/1940/1940 
f 1942/1942/1942 1955/1955/1955 1954/1954/1954 1941/1941/1941 
f 1943/1943/1943 1956/1956/1956 1955/1955/1955 1942/1942/1942 
f 1944/1944/1944 1957/1957/1957 1956/1956/1956 1943/1943/1943 
f 1945/1945/1945 1958/1958/1958 1957/1957/1957 1944/1944/1944 
f 1946/1946/1946 1959/1959/1959 1958/1958/1958 1945/1945/1945 
f 1947/1947/1947 1960/1960/1960 1959/1959/1959 1946/1946/1946 
f 1948/1948/1948 1961/1961/1961 1960/1960/1960 1947/1947/1947 
f 1950/1950/1950 1963/1963/1963 1962/1962/1962 1949/1949/1949 
f 1951/1951/1951 1964/1964/1964 1963/1963/1963 1950/1950/1950 
f 1952/1952/1952 1965/1965/1965 1964/1964/1964 1951/1951/1951 
f 1953/1953/1953 1966/1966/1966 1965/1965/1965 1952/1952/1952 
f 1954/1954/1954 1967/1967/1967 1966/1966/1966 1953/1953/1953 
f 1955/1955/1955 1968/1968/1968 1967/1967/1967 1954/1954/1954 
f 1956/1956/1956 1969/1969/1969 1968/1968/1968 1955/1955/1955 
f 1957/1957/1957 1970/1970/1970 1969/1969/1969 1956/1956/1956 
f 1958/1958/1958 1971/1971/1971 1970/1970/1970 1957/1957/1957 
f 1959/1959/1959 1972/1972/1972 1971/1971/1971 1958/1958/1958 
f 1960/1960/1960 1973/1973/1973 1972/1972/1972 1959/1959/1959 
f 1961/1961/1961 1974/1974/1974 1973/1973/1973 1960/1960/1960 
f 1963/1963/1963 1976/1976/1976 1975/1975/1975 1962/1962/1962 
f 1964/1964/1964 1977/1977/1977 1976/1976/1976 1963/1963/1963 
f 1965/1965/1965 1978/1978/1978 1977/1977/1977 1964/1964/1964 
f 1966/1966/1966 1979/1979/1979 1978/1978/1978 1965/1965/1965 
f 1967/1967/1967 1980/1980/1980 1979/1979/1979 1966/1966/1966 
f 1968/1968/1968 1981/1981/1981 1980/1980/1980 1967/1967/1967 
f 1969/1969/1969 1982/1982/1982 1981/1981/1981 1968/1968/1968 
f 1970/1970/1970 1983/1983/1983 1982/1982/1982 1969/1969/1969 
f 1971/1971/1971 1984/1984/1984 1983/1983/1983 1970/1970/1970 
f 1972/1972/1972 1985/1985/1985 1984/1984/1984 1971/1971/1971 
f 1973/1973/1973 1986/1986/1986 1985/1985/1985 1972/1972/1972 
f 1974/1974/1974 1987/1987/1987 1986/1986/1986 1973/1973/1973 
f 1976/1976/1976 1989/1989/1989 1988/1988/1988 1975/1975/1975 
f 1977/1977/1977 1990/1990/1990 1989/1989/1989 1976/1976/1976 
f 1978/1978/1978 1991/1991/1991 1990/1990/1990 1977/1977/1977 
f 1979/1979/1979 1992/1992/1992 1991/1991/1991 1978/1978/1978 
f 1980/1980/1980 1993/1993/1993 1992/1992/1992 1979/1979/1979 
f 1981/1981/1981 1994/1994/1994 1993/1993/1993 1980/1980/1980 
f 1982/1982/1982 1995/1995/1995 1994/1994/1994 1981/1981/1981 
f 1983/1983/1983 1996/1996/1996 1995/1995/1995 1982/1982/1982 
f 1984/1984/1984 1997/1997/1997 1996/1996/1996 1983/1983/1983 
f 1985/1985/1985 1998/1998/1998 1997/1997/1997 1984/1984/1984 
f 1986/1986/1986 1999/1999/1999 1998/1998/1998 1985/1985/1985 
f 1987/1987/1987 2000/2000/2000 1999/1999/1999 1986/1986/1986 
f 1989/1989/1989 2002/2002/2002 2001/2001/2001 1988/1988/1988 
f 1990/1990/1990 2003/2003/2003 2002/2002/2002 1989/1989/1989 
f 1991/1991/1991 2004/2004/2004 2003/2003/2003 1990/1990/1990 
f 1992/1992/1992 2005/2005/2005 2004/2004/2004 1991/1991/1991 
f 1993/1993/1993 2006/2006/2006 2005/2005/2005 1992/1992/1992 
f 1994/1994/1994 2007/2007/2007 2006/2006/2006 1993/1993/1993 
f 1995/1995/1995 2008/2008/2008 2007/2007/2007 1994/1994/1994 
f 1996/1996/1996 2009/2009/2009 2008/2008/2008 1995/1995/1995 
f 1997/1997/1997 2010/2010/2010 2009/2009/2009 1996/1996/1996 
f 1998/1998/1998 2011/2011/2011 2010/2010/2010 1997/1997/1997 
f 1999/1999/1999 2012/2012/2012 2011/2011/2011 1998/1998/1998 
f 2000/2000/2000 2013/2013/2013 2012/2012/2012 1999/1999/1999 
f 2002/2002/2002 2015/2015/2015 2014/2014/2014 2001/2001/2001 
f 2003/2003/2003 2016/2016/2016 2015/2015/2015 2002/2002/2002 
f 2004/2004/2004 2017/2017/2017 2016/2016/2016 2003/2003/2003 
f 2005/2005/2005 2018/2018/2018 2017/2017/2017 2004/2004/2004 
f 2006/2006/2006 2019/2019/2019 2018/2018/2018 2005/2005/2005 
f 2007/2007/2007 2020/2020/2020 2019/2019/2019 2006/2006/2006 
f 2008/2008/2008 2021/2021/2021 2020/2020/2020 2007/2007/2007 
f 2009/2009/2009 2022/2022/2022 2021/2021/2021 2008/2008/2008 
f 2010/2010/2010 2023/2023/2023 2022/2022/2022 2009/2009/2009 
f 2011/2011/2011 2024/2024/2024 2023/2023/2023 2010/2010/2010 
f 2012/2012/2012 2025/2025/2025 2024/2024/2024 2011/2011/2011 
f 2013/2013/2013 2026/2026/2026 2025/2025/2025 2012/2012/2012 
f 2015/2015/2015 2028/2028/2028 2027/2027/2027 2014/2014/2014 
f 2016/2016/2016 2029/2029/2029 2028/2028/2028 2015/2015/2015 
f 2017/2017/2017 2030/2030/2030 2029/2029/2029 2016/2016/2016 
f 2018/2018/2018 2031/2031/2031 2030/2030/2030 2017/2017/2017 
f 2019/2019/2019 2032/2032/2032 2031/2031/2031 2018/2018/2018 
f 2020/2020/2020 2033/2033/2033 2032/2032/2032 2019/2019/2019 
f 2021/2021/2021 2034/2034/2034 2033/2033/2033 2020/2020/2020 
f 2022/2022/2022 2035/2035/2035 2034/2034/2034 2021/2021/2021 
f 2023/2023/2023 2036/2036/2036 2035/2035/2035 2022/2022/2022 
f 2024/2024/2024 2037/2037/2037 2036/2036/2036 2023/2023/2023 
f 2025/2025/2025 2038/2038/2038 2037/2037/2037 2024/2024/2024 
f 2026/2026/2026 2039/2039/2039 2038/2038/2038 2025/2025/2025 
f 2028/2028/2028 2041/2041/2041 2040/2040/2040 2027/2027/2027 
f 2029/2029/2029 2042/2042/2042 2041/2041/2041 2028/2028/2028 
f 2030/2030/2030 2043/2043/2043 2042/2042/2042 2029/2029/2029 
f 2031/2031/2031 2044/2044/2044 2043/2043/2043 2030/2030/2030 
f 2032/2032/2032 2045/2045/2045 2044/2044/2044 2031/2031/2031 
f 2033/2033/2033 2046/2046/2046 2045/2045/2045 2032/2032/2032 
f 2034/2034/2034 2047/2047/2047 2046/2046/2046 2033/2033/2033 
f 2035/2035/2035 2048/2048/2048 2047/2047/2047 2034/2034/2034 
f 2036/2036/2036 2049/2049/2049 2048/2048/2048 2035/2035/2035 
f 2037/2037/2037 2050/2050/2050 2049/2049/2049 2036/2036/2036 
f 2038/2038/2038 2051/2051/2051 2050/2050/2050 2037/2037/2037 
f 2039/2039/2039 2052/2052/2052 2051/2051/2051 2038/2038/2038 
f 2041/2041/2041 2054/2054/2054 2053/2053/2053 2040/2040/2040 
f 2042/2042/2042 2055/2055/2055 2054/2054/2054 2041/2041/2041 
f 2043/2043/2043 2056/2056/2056 2055/2055/2055 2042/2042/2042 
f 2044/2044/2044 2057/2057/2057 2056/2056/2056 2043/2043/2043 
f 2045/2045/2045 2058/2058/2058 2057/2057/2057 2044/2044/2044 
f 2046/2046/2046 2059/2059/2059 2058/2058/2058 2045/2045/2045 
f 2047/2047/2047 2060/2060/2060 2059/2059/2059 2046/2046/2046 
f 2048/2048/2048 2061/2061/2061 2060/2060/2060 2047/2047/2047 
f 2049/2049/2049 2062/2062/2062 2061/2061/2061 2048/2048/2048 
f 2050/2050/2050 2063/2063/2063 2062/2062/2062 2049/2049/2049 
f 2051/2051/2051 2064/2064/2064 2063/2063/2063 2050/2050/2050 
f 2052/2052/2052 2065/2065/2065 2064/2064/2064 2051/2051/2051 
f 2054/2054/2054 2067/2067/2067 2066/2066/2066 2053/2053/2053 
f 2055/2055/2055 2068/2068/2068 2067/2067/2067 2054/2054/2054 
f 2056/2056/2056 2069/2069/2069 2068/2068/2068 2055/2055/2055 
f 2057/2057/2057 2070/2070/2070 2069/2069/2069 2056/2056/2056 
f 2058/2058/2058 2071/2071/2071 2070/2070/2070 2057/2057/2057 
f 2059/2059/2059 2072/2072/2072 2071/2071/2071 2058/2058/2058 
f 2060/2060/2060 2073/2073/2073 2072/2072/2072 2059/2059/2059 
f 2061/2061/2061 2074/2074/2074 2073/2073/2073 2060/2060/2060 
f 2062/2062/2062 2075/2075/2075 2074/2074/2074 2061/2061/2061 
f 2063/2063/2063 2076/2076/2076 2075/2075/2075 2062/2062/2062 
f 2064/2064/2064 2077/2077/2077 2076/2076/2076 2063/2063/2063 
f 2065/2065/2065 2078/2078/2078 2077/2077/2077 2064/2064/2064 
f 2067/2067/2067 2080/2080/2080 2079/2079/2079 2066/2066/2066 
f 2068/2068/2068 2081/2081/2081 2080/2080/2080 2067/2067/2067 
f 2069/2069/2069 2082/2082/2082 2081/2081/2081 2068/2068/2068 
f 2070/2070/2070 2083/2083/2083 2082/2082/2082 2069/2069/2069 
f 2071/2071/2071 2084/2084/2084 2083/2083/2083 2070/2070/2070 
f 2072/2072/2072 2085/2085/2085 2084/2084/2084 2071/2071/2071 
f 2073/2073/2073 2086/2086/2086 2085/2085/2085 2072/2072/2072 
f 2074/2074/2074 2087/2087/2087 2086/2086/2086 2073/2073/2073 
f 2075/2075/2075 2088/2088/2088 2087/2087/2087 2074/2074/2074 
f 2076/2076/2076 2089/2089/2089 2088/2088/2088 2075/2075/2075 
f 2077/2077/2077 2090/2090/2090 2089/2089/2089 2076/2076/2076 
f 2078/2078/2078 2091/2091/2091 2090/2090/2090 2077/2077/2077 
f 2080/2080/2080 2093/2093/2093 2092/2092/2092 2079/2079/2079 
f 2081/2081/2081 2094/2094/2094 2093/2093/2093 2080/2080/2080 
f 2082/2082/2082 2095/2095/2095 2094/2094/2094 2081/2081/2081 
f 2083/2083/2083 2096/2096/2096 2095/2095/2095 2082/2082/2082 
f 2084/2084/2084 2097/2097/2097 2096/2096/2096 2083/2083/2083 
f 2085/2085/2085 2098/2098/2098 2097/2097/2097 2084/2084/2084 
f 2086/2086/2086 2099/2099/2099 2098/2098/2098 2085/2085/2085 
f 2087/2087/2087 2100/2100/2100 2099/2099/2099 2086/2086/2086 
f 2088/2088/2088 2101/2101/2101 2100/2100/2100 2087/2087/2087 
f 2089/2089/2089 2102/2102/2102 2101/2101/2101 2088/2088/2088 
f 2090/2090/2090 2103/2103/2103 2102/2102/2102 2089/2089/2089 
f 2091/2091/2091 2104/2104/2104 2103/2103/2103 2090/2090/2090 
f 2093/2093/2093 2106/2106/2106 2105/2105/2105 2092/2092/2092 
f 2094/2094/2094 2107/2107/2107 2106/2106/2106 2093/2093/2093 
f 2095/2095/2095 2108/2108/2108 2107/2107/2107 2094/2094/2094 
f 2096/2096/2096 2109/2109/2109 2108/2108/2108 2095/2095/2095 
f 2097/2097/2097 2110/2110/2110 2109/2109/2109 2096/2096/2096 
f 2098/2098/2098 2111/2111/2111 2110/2110/2110 2097/2097/2097 
f 2099/2099/2099 2112/2112/2112 2111/2111/2111 2098/2098/2098 
f 2100/2100/2100 2113/2113/2113 2112/2112/2112 2099/2099/2099 
f 2101/2101/2101 2114/2114/2114 2113/2113/2113 2100/2100/2100 
f 2102/2102/2102 2115/2115/2115 2114/2114/2114 2101/2101/2101 
f 2103/2103/2103 2116/2116/2116 2115/2115/2115 2102/2102/2102 
f 2104/2104/2104 2117/2117/2117 2116/2116/2116 2103/2103/2103 
f 2106/2106/2106 2119/2119/2119 2118/2118/2118 2105/2105/2105 
f 2107/2107/2107 2120/2120/2120 2119/2119/2119 2106/2106/2106 
f 2108/2108/2108 2121/2121/2121 2120/2120/2120 2107/2107/2107 
f 2109/2109/2109 2122/2122/2122 2121/2121/2121 2108/2108/2108 
f 2110/2110/2110 2123/2123/2123 2122/2122/2122 2109/2109/2109 
f 2111/2111/2111 2124/2124/2124 2123/2123/2123 2110/2110/2110 
f 2112/2112/2112 2125/2125/2125 2124/2124/2124 2111/2111/2111 
f 2113/2113/2113 2126/2126/2126 2125/2125/2125 2112/2112/2112 
f 2114/2114/2114 2127/2127/2127 2126/2126/2126 2113/2113/2113 
f 2115/2115/2115 2128/2128/2128 2127/2127/2127 2114/2114/2114 
f 2116/2116/2116 2129/2129/2129 2128/2128/2128 2115/2115/2115 
f 2117/2117/2117 2130/2130/2130 2129/2129/2129 2116/2116/2116 
f 2119/2119/2119 2132/2132/2132 2131/2131/2131 2118/2118/2118 
f 2120/2120/2120 2133/2133/2133 2132/2132/2132 2119/2119/2119 
f 2121/2121/2121 2134/2134/2134 2133/2133/2133 2120/2120/2120 
f 2122/2122/2122 2135/2135/2135 2134/2134/2134 2121/2121/2121 
f 2123/2123/2123 2136/2136/2136 2135/2135/2135 2122/2122/2122 
f 2124/2124/2124 2137/2137/2137 2136/2136/2136 2123/2123/2123 
f 2125/2125/2125 2138/2138/2138 2137/2137/2137 2124/2124/2124 
f 2126/2126/2126 2139/2139/2139 2138/2138/2138 2125/2125/2125 
f 2127/2127/2127 2140/2140/2140 2139/2139/2139 2126/2126/2126 
f 2128/2128/2128 2141/2141/2141 2140/2140/2140 2127/2127/2127 
f 2129/2129/2129 2142/2142/2142 2141/2141/2141 2128/2128/2128 
f 2130/2130/2130 2143/2143/2143 2142/2142/2142 2129/2129/2129 
f 2132/2132/2132 2145/2145/2145 2144/2144/2144 2131/2131/2131 
f 2133/2133/2133 2146/2146/2146 2145/2145/2145 2132/2132/2132 
f 2134/2134/2134 2147/2147/2147 2146/2146/2146 2133/2133/2133 
f 2135/2135/2135 2148/2148/2148 2147/2147/2147 2134/2134/2134 
f 2136/2136/2136 2149/2149/2149 2148/2148/2148 2135/2135/2135 
f 2137/2137/2137 2150/2150/2150 2149/2149/2149 2136/2136/2136 
f 2138/2138/2138 2151/2151/2151 2150/2150/2150 2137/2137/2137 
f 2139/2139/2139 2152/2152/2152 2151/2151/2151 2138/2138/2138 
f 2140/2140/2140 2153/2153/2153 2152/2152/2152 2139/2139/2139 
f 2141/2141/2141 2154/2154/2154 2153/2153/2153 2140/2140/2140 
f 2142/2142/2142 2155/2155/2155 2154/2154/2154 2141/2141/2141 
f 2143/2143/2143 2156/2156/2156 2155/2155/2155 2142/2142/2142 
f 2145/2145/2145 2158/2158/2158 2157/2157/2157 2144/2144/2144 
f 2146/2146/2146 2159/2159/2159 2158/2158/2158 2145/2145/2145 
f 2147/2147/2147 2160/2160/2160 2159/2159/2159 2146/2146/2146 
f 2148/2148/2148 2161/2161/2161 2160/2160/2160 2147/2147/2147 
f 2149/2149/2149 2162/2162/2162 2161/2161/2161 2148/2148/2148 
f 2150/2150/2150 2163/2163/2163 2162/2162/2162 2149/2149/2149 
f 2151/2151/2151 2164/2164/2164 2163/2163/2163 2150/2150/2150 
f 2152/2152/2152 2165/2165/2165 2164/2164/2164 2151/2151/2151 
f 2153/2153/2153 2166/2166/2166 2165/2165/2165 2152/2152/2152 
f 2154/2154/2154 2167/2167/2167 2166/2166/2166 2153/2153/2153 
f 2155/2155/2155 2168/2168/2168 2167/2167/2167 2154/2154/2154 
f 2156/2156/2156 2169/2169/2169 2168/2168/2168 2155/2155/2155 
f 2158/2158/2158 2171/2171/2171 2170/2170/2170 2157/2157/2157 
f 2159/2159/2159 2172/2172/2172 2171/2171/2171 2158/2158/2158 
f 2160/2160/2160 2173/2173/2173 2172/2172/2172 2159/2159/2159 
f 2161/2161/2161 2174/2174/2174 2173/2173/2173 2160/2160/2160 
f 2162/2162/2162 2175/2175/2175 2174/2174/2174 2161/2161/2161 
f 2163/2163/2163 2176/2176/2176 2175/2175/2175 2162/2162/2162 
f 2164/2164/2164 2177/2177/2177 2176/2176/2176 2163/2163/2163 
f 2165/2165/2165 2178/2178/2178 2177/2177/2177 2164/2164/2164 
f 2166/2166/2166 2179/2179/2179 2178/2178/2178 2165/2165/2165 
f 2167/2167/2167 2180/2180/2180 2179/2179/2179 2166/2166/2166 
f 2168/2168/2168 2181/2181/2181 2180/2180/2180 2167/2167/2167 
f 2169/2169/2169 2182/2182/2182 2181/2181/2181 2168/2168/2168 
f 2171/2171/2171 2184/2184/2184 2183/2183/2183 2170/2170/2170 
f 2172/2172/2172 2185/2185/2185 2184/2184/2184 2171/2171/2171 
f 2173/2173/2173 2186/2186/2186 2185/2185/2185 2172/2172/2172 
f 2174/2174/2174 2187/2187/2187 2186/2186/2186 2173/2173/2173 
f 2175/2175/2175 2188/2188/2188 2187/2187/2187 2174/2174/2174 
f 2176/2176/2176 2189/2189/2189 2188/2188/2188 2175/2175/2175 
f 2177/2177/2177 2190/2190/2190 2189/2189/2189 2176/2176/2176 
f 2178/2178/2178 2191/2191/2191 2190/2190/2190 2177/2177/2177 
f 2179/2179/2179 2192/2192/2192 2191/2191/2191 2178/2178/2178 
f 2180/2180/2180 2193/2193/2193 2192/2192/2192 2179/2179/2179 
f 2181/2181/2181 2194/2194/2194 2193/2193/2193 2180/2180/2180 
f 2182/2182/2182 2195/2195/2195 2194/2194/2194 2181/2181/2181 
f 2184/2184/2184 2197/2197/2197 2196/2196/2196 2183/2183/2183 
f 2185/2185/2185 2198/2198/2198 2197/2197/2197 2184/2184/2184 
f 2186/2186/2186 2199/2199/2199 2198/2198/2198 2185/2185/2185 
f 2187/2187/2187 2200/2200/2200 2199/2199/2199 2186/2186/2186 
f 2188/2188/2188 2201/2201/2201 2200/2200/2200 2187/2187/2187 
f 2189/2189/2189 2202/2202/2202 2201/2201/2201 2188/2188/2188 
f 2190/2190/2190 2203/2203/2203 2202/2202/2202 2189/2189/2189 
f 2191/2191/2191 2204/2204/2204 2203/2203/2203 2190/2190/2190 
f 2192/2192/2192 2205/2205/2205 2204/2204/2204 2191/2191/2191 
f 2193/2193/2193 2206/2206/2206 2205/2205/2205 2192/2192/2192 
f 2194/2194/2194 2207/2207/2207 2206/2206/2206 2193/2193/2193 
f 2195/2195/2195 2208/2208/2208 2207/2207/2207 2194/2194/2194 
f 2197/2197/2197 2210/2210/2210 2209/2209/2209 2196/2196/2196 
f 2198/2198/2198 2211/2211/2211 2210/2210/2210 2197/2197/2197 
f 2199/2199/2199 2212/2212/2212 2211/2211/2211 2198/2198/2198 
f 2200/2200/2200 2213/2213/2213 2212/2212/2212 2199/2199/2199 
f 2201/2201/2201 2214/2214/2214 2213/2213/2213 2200/2200/2200 
f 2202/2202/2202 2215/2215/2215 2214/2214/2214 2201/2201/2201 
f 2203/2203/2203 2216/2216/2216 2215/2215/2215 2202/2202/2202 
f 2204/2204/2204 2217/2217/2217 2216/2216/2216 2203/2203/2203 
f 2205/2205/2205 2218/2218/2218 2217/2217/2217 2204/2204/2204 
f 2206/2206/2206 2219/2219/2219 2218/2218/2218 2205/2205/2205 
f 2207/2207/2207 2220/2220/2220 2219/2219/2219 2206/2206/2206 
f 2208/2208/2208 2221/2221/2221 2220/2220/2220 2207/2207/2207 
f 2210/2210/2210 2223/2223/2223 2222/2222/2222 2209/2209/2209 
f 2211/2211/2211 2224/2224/2224 2223/2223/2223 2210/2210/2210 
f 2212/2212/2212 2225/2225/2225 2224/2224/2224 2211/2211/2211 
f 2213/2213/2213 2226/2226/2226 2225/2225/2225 2212/2212/2212 
f 2214/2214/2214 2227/2227/2227 2226/2226/2226 2213/2213/2213 
f 2215/2215/2215 2228/2228/2228 2227/2227/2227 2214/2214/2214 
f 2216/2216/2216 2229/2229/2229 2228/2228/2228 2215/2215/2215 
f 2217/2217/2217 2230/2230/2230 2229/2229/2229 2216/2216/2216 
f 2218/2218/2218 2231/2231/2231 2230/2230/2230 2217/2217/2217 
f 2219/2219/2219 2232/2232/2232 2231/2231/2231 2218/2218/2218 
f 2220/2220/2220 2233/2233/2233 2232/2232/2232 2219/2219/2219 
f 2221/2221/2221 2234/2234/2234 2233/2233/2233 2220/2220/2220 
f 2223/2223/2223 2236/2236/2236 2235/2235/2235 2222/2222/2222 
f 2224/2224/2224 2237/2237/2237 2236/2236/2236 2223/2223/2223 
f 2225/2225/2225 2238/2238/2238 2237/2237/2237 2224/2224/2224 
f 2226/2226/2226 2239/2239/2239 2238/2238/2238 2225/2225/2225 
f 2227/2227/2227 2240/2240/2240 2239/2239/2239 2226/2226/2226 
f 2228/2228/2228 2241/2241/2241 2240/2240/2240 2227/2227/2227 
f 2229/2229/2229 2242/2242/2242 2241/2241/2241 2228/2228/2228 
f 2230/2230/2230 2243/2243/2243 2242/2242/2242 2229/2229/2229 
f 2231/2231/2231 2244/2244/2244 2243/2243/2243 2230/2230/2230 
f 2232/2232/2232 2245/2245/2245 2244/2244/2244 2231/2231/2231 
f 2233/2233/2233 2246/2246/2246 2245/2245/2245 2232/2232/2232 
f 2234/2234/2234 2247/2247/2247 2246/2246/2246 2233/2233/2233 
f 2236/2236/2236 2249/2249/2249 2248/2248/2248 2235/2235/2235 
f 2237/2237/2237 2250/2250/2250 2249/2249/2249 2236/2236/2236 
f 2238/2238/2238 2251/2251/2251 2250/2250/2250 2237/2237/2237 
f 2239/2239/2239 2252/2252/2252 2251/2251/2251 2238/2238/2238 
f 2240/2240/2240 2253/2253/2253 2252/2252/2252 2239/2239/2239 
f 2241/2241/2241 2254/2254/2254 2253/2253/2253 2240/2240/2240 
f 2242/2242/2242 2255/2255/2255 2254/2254/2254 2241/2241/2241 
f 2243/2243/2243 2256/2256/2256 2255/2255/2255 2242/2242/2242 
f 2244/2244/2244 2257/2257/2257 2256/2256/2256 2243/2243/2243 
f 2245/2245/2245 2258/2258/2258 2257/2257/2257 2244/2244/2244 
f 2246/2246/2246 2259/2259/2259 2258/2258/2258 2245/2245/2245 
f 2247/2247/2247 2260/2260/2260 2259/2259/2259 2246/2246/2246 
f 2249/2249/2249 2262/2262/2262 2261/2261/2261 2248/2248/2248 
f 2250/2250/2250 2263/2263/2263 2262/2262/2262 2249/2249/2249 
f 2251/2251/2251 2264/2264/2264 2263/2263/2263 2250/2250/2250 
f 2252/2252/2252 2265/2265/2265 2264/2264/2264 2251/2251/2251 
f 2253/2253/2253 2266/2266/2266 2265/2265/2265 2252/2252/2252 
f 2254/2254/2254 2267/2267/2267 2266/2266/2266 2253/2253/2253 
f 2255/2255/2255 2268/2268/2268 2267/2267/2267 2254/2254/2254 
f 2256/2256/2256 2269/2269/2269 2268/2268/2268 2255/2255/2255 
f 2257/2257/2257 2270/2270/2270 2269/2269/2269 2256/2256/2256 
f 2258/2258/2258 2271/2271/2271 2270/2270/2270 2257/2257/2257 
f 2259/2259/2259 2272/2272/2272 2271/2271/2271 2258/2258/2258 
f 2260/2260/2260 2273/2273/2273 2272/2272/2272 2259/2259/2259 
f 2262/2262/2262 2275/2275/2275 2274/2274/2274 2261/2261/2261 
f 2263/2263/2263 2276/2276/2276 2275/2275/2275 2262/2262/2262 
f 2264/2264/2264 2277/2277/2277 2276/2276/2276 2263/2263/2263 
f 2265/2265/2265 2278/2278/2278 2277/2277/2277 2264/2264/2264 
f 2266/2266/2266 2279/2279/2279 2278/2278/2278 2265/2265/2265 
f 2267/2267/2267 2280/2280/2280 2279/2279/2279 2266/2266/2266 
f 2268/2268/2268 2281/2281/2281 2280/2280/2280 2267/2267/2267 
f 2269/2269/2269 2282/2282/2282 2281/2281/2281 2268/2268/2268 
f 2270/2270/2270 2283/2283/2283 2282/2282/2282 2269/2269/2269 
f 2271/2271/2271 2284/2284/2284 2283/2283/2283 2270/2270/2270 
f 2272/2272/2272 2285/2285/2285 2284/2284/2284 2271/2271/2271 
f 2273/2273/2273 2286/2286/2286 2285/2285/2285 2272/2272/2272 
f 2275/2275/2275 2288/2288/2288 2287/2287/2287 2274/2274/2274 
f 2276/2276/2276 2289/2289/2289 2288/2288/2288 2275/2275/2275 
f 2277/2277/2277 2290/2290/2290 2289/2289/2289 2276/2276/2276 
f 2278/2278/2278 2291/2291/2291 2290/2290/2290 2277/2277/2277 
f 2279/2279/2279 2292/2292/2292 2291/2291/2291 2278/2278/2278 
f 2280/2280/2280 2293/2293/2293 2292/2292/2292 2279/2279/2279 
f 2281/2281/2281 2294/2294/2294 2293/2293/2293 2280/2280/2280 
f 2282/2282/2282 2295/2295/2295 2294/2294/2294 2281/2281/2281 
f 2283/2283/2283 2296/2296/2296 2295/2295/2295 2282/2282/2282 
f 2284/2284/2284 2297/2297/2297 2296/2296/2296 2283/2283/2283 
f 2285/2285/2285 2298/2298/2298 2297/2297/2297 2284/2284/2284 
f 2286/2286/2286 2299/2299/2299 2298/2298/2298 2285/2285/2285 
f 2288/2288/2288 2301/2301/2301 2300/2300/2300 2287/2287/2287 
f 2289/2289/2289 2302/2302/2302 2301/2301/2301 2288/2288/2288 
f 2290/2290/2290 2303/2303/2303 2302/2302/2302 2289/2289/2289 
f 2291/2291/2291 2304/2304/2304 2303/2303/2303 2290/2290/2290 
f 2292/2292/2292 2305/2305/2305 2304/2304/2304 2291/2291/2291 
f 2293/2293/2293 2306/2306/2306 2305/2305/2305 2292/2292/2292 
f 2294/2294/2294 2307/2307/2307 2306/2306/2306 2293/2293/2293 
f 2295/2295/2295 2308/2308/2308 2307/2307/2307 2294/2294/2294 
f 2296/2296/2296 2309/2309/2309 2308/2308/2308 2295/2295/2295 
f 2297/2297/2297 2310/2310/2310 2309/2309/2309 2296/2296/2296 
f 2298/2298/2298 2311/2311/2311 2310/2310/2310 2297/2297/2297 
f 2299/2299/2299 2312/2312/2312 2311/2311/2311 2298/2298/2298 
f 2301/2301/2301 2314/2314/2314 2313/2313/2313 2300/2300/2300 
f 2302/2302/2302 2315/2315/2315 2314/2314/2314 2301/2301/2301 
f 2303/2303/2303 2316/2316/2316 2315/2315/2315 2302/2302/2302 
f 2304/2304/2304 2317/2317/2317 2316/2316/2316 2303/2303/2303 
f 2305/2305/2305 2318/2318/2318 2317/2317/2317 2304/2304/2304 
f 2306/2306/2306 2319/2319/2319 2318/2318/2318 2305/2305/2305 
f 2307/2307/2307 2320/2320/2320 2319/2319/2319 2306/2306/2306 
f 2308/2308/2308 2321/2321/2321 2320/2320/2320 2307/2307/2307 
f 2309/2309/2309 2322/2322/2322 2321/2321/2321 2308/2308/2308 
f 2310/2310/2310 2323/2323/2323 2322/2322/2322 2309/2309/2309 
f 2311/2311/2311 2324/2324/2324 2323/2323/2323 2310/2310/2310 
f 2312/2312/2312 2325/2325/2325 2324/2324/2324 2311/2311/2311 
f 2314/2314/2314 2327/2327/2327 2326/2326/2326 2313/2313/2313 
f 2315/2315/2315 2328/2328/2328 2327/2327/2327 2314/2314/2314 
f 2316/2316/2316 2329/2329/2329 2328/2328/2328 2315/2315/2315 
f 2317/2317/2317 2330/2330/2330 2329/2329/2329 2316/2316/2316 
f 2318/2318/2318 2331/2331/2331 2330/2330/2330 2317/2317/2317 
f 2319/2319/2319 2332/2332/2332 2331/2331/2331 2318/2318/2318 
f 2320/2320/2320 2333/2333/2333 2332/2332/2332 2319/2319/2319 
f 2321/2321/2321 2334/2334/2334 2333/2333/2333 2320/2320/2320 
f 2322/2322/2322 2335/2335/2335 2334/2334/2334 2321/2321/2321 
f 2323/2323/2323 2336/2336/2336 2335/2335/2335 2322/2322/2322 
f 2324/2324/2324 2337/2337/2337 2336/2336/2336 2323/2323/2323 
f 2325/2325/2325 2338/2338/2338 2337/2337/2337 2324/2324/2324 
f 2327/2327/2327 2340/2340/2340 2339/2339/2339 2326/2326/2326 
f 2328/2328/2328 2341/2341/2341 2340/2340/2340 2327/2327/2327 
f 2329/2329/2329 2342/2342/2342 2341/2341/2341 2328/2328/2328 
f 2330/2330/2330 2343/2343/2343 2342/2342/2342 2329/2329/2329 
f 2331/2331/2331 2344/2344/2344 2343/2343/2343 2330/2330/2330 
f 2332/2332/2332 2345/2345/2345 2344/2344/2344 2331/2331/2331 
f 2333/2333/2333 2346/2346/2346 2345/2345/2345 2332/2332/2332 
f 2334/2334/2334 2347/2347/2347 2346/2346/2346 2333/2333/2333 
f 2335/2335/2335 2348/2348/2348 2347/2347/2347 2334/2334/2334 
f 2336/2336/2336 2349/2349/2349 2348/2348/2348 2335/2335/2335 
f 2337/2337/2337 2350/2350/2350 2349/2349/2349 2336/2336/2336 
f 2338/2338/2338 2351/2351/2351 2350/2350/2350 2337/2337/2337 
f 2340/2340/2340 2353/2353/2353 2352/2352/2352 2339/2339/2339 
f 2341/2341/2341 2354/2354/2354 2353/2353/2353 2340/2340/2340 
f 2342/2342/2342 2355/2355/2355 2354/2354/2354 2341/2341/2341 
f 2343/2343/2343 2356/2356/2356 2355/2355/2355 2342/2342/2342 
f 2344/2344/2344 2357/2357/2357 2356/2356/2356 2343/2343/2343 
f 2345/2345/2345 2358/2358/2358 2357/2357/2357 2344/2344/2344 
f 2346/2346/2346 2359/2359/2359 2358/2358/2358 2345/2345/2345 
f 2347/2347/2347 2360/2360/2360 2359/2359/2359 2346/2346/2346 
f 2348/2348/2348 2361/2361/2361 2360/2360/2360 2347/2347/2347 
f 2349/2349/2349 2362/2362/2362 2361/2361/2361 2348/2348/2348 
f 2350/2350/2350 2363/2363/2363 2362/2362/2362 2349/2349/2349 
f 2351/2351/2351 2364/2364/2364 2363/2363/2363 2350/2350/2350 
f 2353/2353/2353 2366/2366/2366 2365/2365/2365 2352/2352/2352 
f 2354/2354/2354 2367/2367/2367 2366/2366/2366 2353/2353/2353 
f 2355/2355/2355 2368/2368/2368 2367/2367/2367 2354/2354/2354 
f 2356/2356/2356 2369/2369/2369 2368/2368/2368 2355/2355/2355 
f 2357/2357/2357 2370/2370/2370 2369/2369/2369 2356/2356/2356 
f 2358/2358/2358 2371/2371/2371 2370/2370/2370 2357/2357/2357 
f 2359/2359/2359 2372/2372/2372 2371/2371/2371 2358/2358/2358 
f 2360/2360/2360 2373/2373/2373 2372/2372/2372 2359/2359/2359 
f 2361/2361/2361 2374/2374/2374 2373/2373/2373 2360/2360/2360 
f 2362/2362/2362 2375/2375/2375 2374/2374/2374 2361/2361/2361 
f 2363/2363/2363 2376/2376/2376 2375/2375/2375 2362/2362/2362 
f 2364/2364/2364 2377/2377/2377 2376/2376/2376 2363/2363/2363 
f 2366/2366/2366 2379/2379/2379 2378/2378/2378 2365/2365/2365 
f 2367/2367/2367 2380/2380/2380 2379/2379/2379 2366/2366/2366 
f 2368/2368/2368 2381/2381/2381 2380/2380/2380 2367/2367/2367 
f 2369/2369/2369 2382/2382/2382 2381/2381/2381 2368/2368/2368 
f 2370/2370/2370 2383/2383/2383 2382/2382/2382 2369/2369/2369 
f 2371/2371/2371 2384/2384/2384 2383/2383/2383 2370/2370/2370 
f 2372/2372/2372 2385/2385/2385 2384/2384/2384 2371/2371/2371 
f 2373/2373/2373 2386/2386/2386 2385/2385/2385 2372/2372/2372 
f 2374/2374/2374 2387/2387/2387 2386/2386/2386 2373/2373/2373 
f 2375/2375/2375 2388/2388/2388 2387/2387/2387 2374/2374/2374 
f 2376/2376/2376 2389/2389/2389 2388/2388/2388 2375/2375/2375 
f 2377/2377/2377 2390/2390/2390 2389/2389/2389 2376/2376/2376 
f 2379/2379/2379 2392/2392/2392 2391/2391/2391 2378/2378/2378 
f 2380/2380/2380 2393/2393/2393 2392/2392/2392 2379/2379/2379 
f 2381/2381/2381 2394/2394/2394 2393/2393/2393 2380/2380/2380 
f 2382/2382/2382 2395/2395/2395 2394/2394/2394 2381/2381/2381 
f 2383/2383/2383 2396/2396/2396 2395/2395/2395 2382/2382/2382 
f 2384/2384/2384 2397/2397/2397 2396/2396/2396 2383/2383/2383 
f 2385/2385/2385 2398/2398/2398 2397/2397/2397 2384/2384/2384 
f 2386/2386/2386 2399/2399/2399 2398/2398/2398 2385/2385/2385 
f 2387/2387/2387 2400/2400/2400 2399/2399/2399 2386/2386/2386 
f 2388/2388/2388 2401/2401/2401 2400/2400/2400 2387/2387/2387 
f 2389/2389/2389 2402/2402/2402 2401/2401/2401 2388/2388/2388 
f 2390/2390/2390 2403/2403/2403 2402/2402/2402 2389/2389/2389 
f 2392/2392/2392 2405/2405/2405 2404/2404/2404 2391/2391/2391 
f 2393/2393/2393 2406/2406/2406 2405/2405/2405 2392/2392/2392 
f 2394/2394/2394 2407/2407/2407 2406/2406/2406 2393/2393/2393 
f 2395/2395/2395 2408/2408/2408 2407/2407/2407 2394/2394/2394 
f 2396/2396/2396 2409/2409/2409 2408/2408/2408 2395/2395/2395 
f 2397/2397/2397 2410/2410/2410 2409/2409/2409 2396/2396/2396 
f 2398/2398/2398 2411/2411/2411 2410/2410/2410 2397/2397/2397 
f 2399/2399/2399 2412/2412/2412 2411/2411/2411 2398/2398/2398 
f 2400/2400/2400 2413/2413/2413 2412/2412/2412 2399/2399/2399 
f 2401/2401/2401 2414/2414/2414 2413/2413/2413 2400/2400/2400 
f 2402/2402/2402 2415/2415/2415 2414/2414/2414 2401/2401/2401 
f 2403/2403/2403 2416/2416/2416 2415/2415/2415 2402/2402/2402 
f 2405/2405/2405 2418/2418/2418 2417/2417/2417 2404/2404/2404 
f 2406/2406/2406 2419/2419/2419 2418/2418/2418 2405/2405/2405 
f 2407/2407/2407 2420/2420/2420 2419/2419/2419 2406/2406/2406 
f 2408/2408/2408 2421/2421/2421 2420/2420/2420 2407/2407/2407 
f 2409/2409/2409 2422/2422/2422 2421/2421/2421 2408/2408/2408 
f 2410/2410/2410 2423/2423/2423 2422/2422/2422 2409/2409/2409 
f 2411/2411/2411 2424/2424/2424 2423/2423/2423 2410/2410/2410 
f 2412/2412/2412 2425/2425/2425 2424/2424/2424 2411/2411/2411 
f 2413/2413/2413 2426/2426/2426 2425/2425/2425 2412/2412/2412 
f 2414/2414/2414 2427/2427/2427 2426/2426/2426 2413/2413/2413 
f 2415/2415/2415 2428/2428/2428 2427/2427/2427 2414/2414/2414 
f 2416/2416/2416 2429/2429/2429 2428/2428/2428 2415/2415/2415 
f 2418/2418/2418 2431/2431/2431 2430/2430/2430 2417/2417/2417 
f 2419/2419/2419 2432/2432/2432 2431/2431/2431 2418/2418/2418 
f 2420/2420/2420 2433/2433/2433 2432/2432/2432 2419/2419/2419 
f 2421/2421/2421 2434/2434/2434 2433/2433/2433 2420/2420/2420 
f 2422/2422/2422 2435/2435/2435 2434/2434/2434 2421/2421/2421 
f 2423/2423/2423 2436/2436/2436 2435/2435/2435 2422/2422/2422 
f 2424/2424/2424 2437/2437/2437 2436/2436/2436 2423/2423/2423 
f 2425/2425/2425 2438/2438/2438 2437/2437/2437 2424/2424/2424 
f 2426/2426/2426 2439/2439/2439 2438/2438/2438 2425/2425/2425 
f 2427/2427/2427 2440/2440/2440 2439/2439/2439 2426/2426/2426 
f 2428/2428/2428 2441/2441/2441 2440/2440/2440 2427/2427/2427 
f 2429/2429/2429 2442/2442/2442 2441/2441/2441 2428/2428/2428 
f 2431/2431/2431 2444/2444/2444 2443/2443/2443 2430/2430/2430 
f 2432/2432/2432 2445/2445/2445 2444/2444/2444 2431/2431/2431 
f 2433/2433/2433 2446/2446/2446 2445/2445/2445 2432/2432/2432 
f 2434/2434/2434 2447/2447/2447 2446/2446/2446 2433/2433/2433 
f 2435/2435/2435 2448/2448/2448 2447/2447/2447 2434/2434/2434 
f 2436/2436/2436 2449/2449/2449 2448/2448/2448 2435/2435/2435 
f 2437/2437/2437 2450/2450/2450 2449/2449/2449 2436/2436/2436 
f 2438/2438/2438 2451/2451/2451 2450/2450/2450 2437/2437/2437 
f 2439/2439/2439 2452/2452/2452 2451/2451/2451 2438/2438/2438 
f 2440/2440/2440 2453/2453/2453 2452/2452/2452 2439/2439/2439 
f 2441/2441/2441 2454/2454/2454 2453/2453/2453 2440/2440/2440 
f 2442/2442/2442 2455/2455/2455 2454/2454/2454 2441/2441/2441 
f 2444/2444/2444 2457/2457/2457 2456/2456/2456 2443/2443/2443 
f 2445/2445/2445 2458/2458/2458 2457/2457/2457 2444/2444/2444 
f 2446/2446/2446 2459/2459/2459 2458/2458/2458 2445/2445/2445 
f 2447/2447/2447 2460/2460/2460 2459/2459/2459 2446/2446/2446 
f 2448/2448/2448 2461/2461/2461 2460/2460/2460 2447/2447/2447 
f 2449/2449/2449 2462/2462/2462 2461/2461/2461 2448/2448/2448 
f 2450/2450/2450 2463/2463/2463 2462/2462/2462 2449/2449/2449 
f 2451/2451/2451 2464/2464/2464 2463/2463/2463 2450/2450/2450 
f 2452/2452/2452 2465/2465/2465 2464/2464/2464 2451/2451/2451 
f 2453/2453/2453 2466/2466/2466 2465/2465/2465 2452/2452/2452 
f 2454/2454/2454 2467/2467/2467 2466/2466/2466 2453/2453/2453 
f 2455/2455/2455 2468/2468/2468 2467/2467/2467 2454/2454/2454 
f 2457/2457/2457 2470/2470/2470 2469/2469/2469 2456/2456/2456 
f 2458/2458/2458 2471/2471/2471 2470/2470/2470 2457/2457/2457 
f 2459/2459/2459 2472/2472/2472 2471/2471/2471 2458/2458/2458 
f 2460/2460/2460 2473/2473/2473 2472/2472/2472 2459/2459/2459 
f 2461/2461/2461 2474/2474/2474 2473/2473/2473 2460/2460/2460 
f 2462/2462/2462 2475/2475/2475 2474/2474/2474 2461/2461/2461 
f 2463/2463/2463 2476/2476/2476 2475/2475/2475 2462/2462/2462 
f 2464/2464/2464 2477/2477/2477 2476/2476/2476 2463/2463/2463 
f 2465/2465/2465 2478/2478/2478 2477/2477/2477 2464/2464/2464 
f 2466/2466/2466 2479/2479/2479 2478/2478/2478 2465/2465/2465 
f 2467/2467/2467 2480/2480/2480 2479/2479/2479 2466/2466/2466 
f 2468/2468/2468 2481/2481/2481 2480/2480/2480 2467/2467/2467 
f 2470/2470/2470 2483/2483/2483 2482/2482/2482 2469/2469/2469 
f 2471/2471/2471 2484/2484/2484 2483/2483/2483 2470/2470/2470 
f 2472/2472/2472 2485/2485/2485 2484/2484/2484 2471/2471/2471 
f 2473/2473/2473 2486/2486/2486 2485/2485/2485 2472/2472/2472 
f 2474/2474/2474 2487/2487/2487 2486/2486/2486 2473/2473/2473 
f 2475/2475/2475 2488/2488/2488 2487/2487/2487 2474/2474/2474 
f 2476/2476/2476 2489/2489/2489 2488/2488/2488 2475/2475/2475 
f 2477/2477/2477 2490/2490/2490 2489/2489/2489 2476/2476/2476 
f 2478/2478/2478 2491/2491/2491 2490/2490/2490 2477/2477/2477 
f 2479/2479/2479 2492/2492/2492 2491/2491/2491 2478/2478/2478 
f 2480/2480/2480 2493/2493/2493 2492/2492/2492 2479/2479/2479 
f 2481/2481/2481 2494/2494/2494 2493/2493/2493 2480/2480/2480 
f 2483/2483/2483 2496/2496/2496 2495/2495/2495 2482/2482/2482 
f 2484/2484/2484 2497/2497/2497 2496/2496/2496 2483/2483/2483 
f 2485/2485/2485 2498/2498/2498 2497/2497/2497 2484/2484/2484 
f 2486/2486/2486 2499/2499/2499 2498/2498/2498 2485/2485/2485 
f 2487/2487/2487 2500/2500/2500 2499/2499/2499 2486/2486/2486 
f 2488/2488/2488 2501/2501/2501 2500/2500/2500 2487/2487/2487 
f 2489/2489/2489 2502/2502/2502 2501/2501/2501 2488/2488/2488 
f 2490/2490/2490 2503/2503/2503 2502/2502/2502 2489/2489/2489 
f 2491/2491/2491 2504/2504/2504 2503/2503/2503 2490/2490/2490 
f 2492/2492/2492 2505/2505/2505 2504/2504/2504 2491/2491/2491 
f 2493/2493/2493 2506/2506/2506 2505/2505/2505 2492/2492/2492 
f 2494/2494/2494 2507/2507/2507 2506/2506/2506 2493/2493/2493 
f 2496/2496/2496 2509/2509/2509 2508/2508/2508 2495/2495/2495 
f 2497/2497/2497 2510/2510/2510 2509/2509/2509 2496/2496/2496 
f 2498/2498/2498 2511/2511/2511 2510/2510/2510 2497/2497/2497 
f 2499/2499/2499 2512/2512/2512 2511/2511/2511 2498/2498/2498 
f 2500/2500/2500 2513/2513/2513 2512/2512/2512 2499/2499/2499 
f 2501/2501/2501 2514/2514/2514 2513/2513/2513 2500/2500/2500 
f 2502/2502/2502 2515/2515/2515 2514/2514/2514 2501/2501/2501 
f 2503/2503/2503 2516/2516/2516 2515/2515/2515 2502/2502/2502 
f 2504/2504/2504 2517/2517/2517 2516/2516/2516 2503/2503/2503 
f 2505/2505/2505 2518/2518/2518 2517/2517/2517 2504/2504/2504 
f 2506/2506/2506 2519/2519/2519 2518/2518/2518 2505/2505/2505 
f 2507/2507/2507 2520/2520/2520 2519/2519/2519 2506/2506/2506 
f 2509/2509/2509 2522/2522/2522 2521/2521/2521 2508/2508/2508 
f 2510/2510/2510 2523/2523/2523 2522/2522/2522 2509/2509/2509 
f 2511/2511/2511 2524/2524/2524 2523/2523/2523 2510/2510/2510 
f 2512/2512/2512 2525/2525/2525 2524/2524/2524 2511/2511/2511 
f 2513/2513/2513 2526/2526/2526 2525/2525/2525 2512/2512/2512 
f 2514/2514/2514 2527/2527/2527 2526/2526/2526 2513/2513/2513 
f 2515/2515/2515 2528/2528/2528 2527/2527/2527 2514/2514/2514 
f 2516/2516/2516 2529/2529/2529 2528/2528/2528 2515/2515/2515 
f 2517/2517/2517 2530/2530/2530 2529/2529/2529 2516/2516/2516 
f 2518/2518/2518 2531/2531/2531 2530/2530/2530 2517/2517/2517 
f 2519/2519/2519 2532/2532/2532 2531/2531/2531 2518/2518/2518 
f 2520/2520/2520 2533/2533/2533 2532/2532/2532 2519/2519/2519 
f 2522/2522/2522 2535/2535/2535 2534/2534/2534 2521/2521/2521 
f 2523/2523/2523 2536/2536/2536 2535/2535/2535 2522/2522/2522 
f 2524/2524/2524 2537/2537/2537 2536/2536/2536 2523/2523/2523 
f 2525/2525/2525 2538/2538/2538 2537/2537/2537 2524/2524/2524 
f 2526/2526/2526 2539/2539/2539 2538/2538/2538 2525/2525/2525 
f 2527/2527/2527 2540/2540/2540 2539/2539/2539 2526/2526/2526 
f 2528/2528/2528 2541/2541/2541 2540/2540/2540 2527/2527/2527 
f 2529/2529/2529 2542/2542/2542 2541/2541/2541 2528/2528/2528 
f 2530/2530/2530 2543/2543/2543 2542/2542/2542 2529/2529/2529 
f 2531/2531/2531 2544/2544/2544 2543/2543/2543 2530/2530/2530 
f 2532/2532/2532 2545/2545/2545 2544/2544/2544 2531/2531/2531 
f 2533/2533/2533 2546/2546/2546 2545/2545/2545 2532/2532/2532 
f 2535/2535/2535 2548/2548/2548 2547/2547/2547 2534/2534/2534 
f 2536/2536/2536 2549/2549/2549 2548/2548/2548 2535/2535/2535 
f 2537/2537/2537 2550/2550/2550 2549/2549/2549 2536/2536/2536 
f 2538/2538/2538 2551/2551/2551 2550/2550/2550 2537/2537/2537 
f 2539/2539/2539 2552/2552/2552 2551/2551/2551 2538/2538/2538 
f 2540/2540/2540 2553/2553/2553 2552/2552/2552 2539/2539/2539 
f 2541/2541/2541 2554/2554/2554 2553/2553/2553 2540/2540/2540 
f 2542/2542/2542 2555/2555/2555 2554/2554/2554 2541/2541/2541 
f 2543/2543/2543 2556/2556/2556 2555/2555/2555 2542/2542/2542 
f 2544/2544/2544 2557/2557/2557 2556/2556/2556 2543/2543/2543 
f 2545/2545/2545 2558/2558/2558 2557/2557/2557 2544/2544/2544 
f 2546/2546/2546 2559/2559/2559 2558/2558/2558 2545/2545/2545 
f 2548/2548/2548 2561/2561/2561 2560/2560/2560 2547/2547/2547 
f 2549/2549/2549 2562/2562/2562 2561/2561/2561 2548/2548/2548 
f 2550/2550/2550 2563/2563/2563 2562/2562/2562 2549/2549/2549 
f 2551/2551/2551 2564/2564/2564 2563/2563/2563 2550/2550/2550 
f 2552/2552/2552 2565/2565/2565 2564/2564/2564 2551/2551/2551 
f 2553/2553/2553 2566/2566/2566 2565/2565/2565 2552/2552/2552 
f 2554/2554/2554 2567/2567/2567 2566/2566/2566 2553/2553/2553 
f 2555/2555/2555 2568/2568/2568 2567/2567/2567 2554/2554/2554 
f 2556/2556/2556 2569/2569/2569 2568/2568/2568 2555/2555/2555 
f 2557/2557/2557 2570/2570/2570 2569/2569/2569 2556/2556/2556 
f 2558/2558/2558 2571/2571/2571 2570/2570/2570 2557/2557/2557 
f 2559/2559/2559 2572/2572/2572 2571/2571/2571 2558/2558/2558 
f 2561/2561/2561 2574/2574/2574 2573/2573/2573 2560/2560/2560 
f 2562/2562/2562 2575/2575/2575 2574/2574/2574 2561/2561/2561 
f 2563/2563/2563 2576/2576/2576 2575/2575/2575 2562/2562/2562 
f 2564/2564/2564 2577/2577/2577 2576/2576/2576 2563/2563/2563 
f 2565/2565/2565 2578/2578/2578 2577/2577/2577 2564/2564/2564 
f 2566/2566/2566 2579/2579/2579 2578/2578/2578 2565/2565/2565 
f 2567/2567/2567 2580/2580/2580 2579/2579/2579 2566/2566/2566 
f 2568/2568/2568 2581/2581/2581 2580/2580/2580 2567/2567/2567 
f 2569/2569/2569 2582/2582/2582 2581/2581/2581 2568/2568/2568 
f 2570/2570/2570 2583/2583/2583 2582/2582/2582 2569/2569/2569 
f 2571/2571/2571 2584/2584/2584 2583/2583/2583 2570/2570/2570 
f 2572/2572/2572 2585/2585/2585 2584/2584/2584 2571/2571/2571 
f 2574/2574/2574 2587/2587/2587 2586/2586/2586 2573/2573/2573 
f 2575/2575/2575 2588/2588/2588 2587/2587/2587 2574/2574/2574 
f 2576/2576/2576 2589/2589/2589 2588/2588/2588 2575/2575/2575 
f 2577/2577/2577 2590/2590/2590 2589/2589/2589 2576/2576/2576 
f 2578/2578/2578 2591/2591/2591 2590/2590/2590 2577/2577/2577 
f 2579/2579/2579 2592/2592/2592 2591/2591/2591 2578/2578/2578 
f 2580/2580/2580 2593/2593/2593 2592/2592/2592 2579/2579/2579 
f 2581/2581/2581 2594/2594/2594 2593/2593/2593 2580/2580/2580 
f 2582/2582/2582 2595/2595/2595 2594/2594/2594 2581/2581/2581 
f 2583/2583/2583 2596/2596/2596 2595/2595/2595 2582/2582/2582 
f 2584/2584/2584 2597/2597/2597 2596/2596/2596 2583/2583/2583 
f 2585/2585/2585 2598/2598/2598 2597/2597/2597 2584/2584/2584 
f 2587/2587/2587 2600/2600/2600 2599/2599/2599 2586/2586/2586 
f 2588/2588/2588 2601/2601/2601 2600/2600/2600 2587/2587/2587 
f 2589/2589/2589 2602/2602/2602 2601/2601/2601 2588/2588/2588 
f 2590/2590/2590 2603/2603/2603 2602/2602/2602 2589/2589/2589 
f 2591/2591/2591 2604/2604/2604 2603/2603/2603 2590/2590/2590 
f 2592/2592/2592 2605/2605/2605 2604/2604/2604 2591/2591/2591 
f 2593/2593/2593 2606/2606/2606 2605/2605/2605 2592/2592/2592 
f 2594/2594/2594 2607/2607/2607 2606/2606/2606 2593/2593/2593 
f 2595/2595/2595 2608/2608/2608 2607/2607/2607 2594/2594/2594 
f 2596/2596/2596 2609/2609/2609 2608/2608/2608 2595/2595/2595 
f 2597/2597/2597 2610/2610/2610 2609/2609/2609 2596/2596/2596 
f 2598/2598/2598 2611/2611/2611 2610/2610/2610 2597/2597/2597 
f 2600/2600/2600 2613/2613/2613 2612/2612/2612 2599/2599/2599 
f 2601/2601/2601 2614/2614/2614 2613/2613/2613 2600/2600/2600 
f 2602/2602/2602 2615/2615/2615 2614/2614/2614 2601/2601/2601 
f 2603/2603/2603 2616/2616/2616 2615/2615/2615 2602/2602/2602 
f 2604/2604/2604 2617/2617/2617 2616/2616/2616 2603/2603/2603 
f 2605/2605/2605 2618/2618/2618 2617/2617/2617 2604/2604/2604 
f 2606/2606/2606 2619/2619/2619 2618/2618/2618 2605/2605/2605 
f 2607/2607/2607 2620/2620/2620 2619/2619/2619 2606/2606/2606 
f 2608/2608/2608 2621/2621/2621 2620/2620/2620 2607/2607/2607 
f 2609/2609/2609 2622/2622/2622 2621/2621/2621 2608/2608/2608 
f 2610/2610/2610 2623/2623/2623 2622/2622/2622 2609/2609/2609 
f 2611/2611/2611 2624/2624/2624 2623/2623/2623 2610/2610/2610 
f 2613/2613/2613 2626/2626/2626 2625/2625/2625 2612/2612/2612 
f 2614/2614/2614 2627/2627/2627 2626/2626/2626 2613/2613/2613 
f 2615/2615/2615 2628/2628/2628 2627/2627/2627 2614/2614/2614 
f 2616/2616/2616 2629/2629/2629 2628/2628/2628 2615/2615/2615 
f 2617/2617/2617 2630/2630/2630 2629/2629/2629 2616/2616/2616 
f 2618/2618/2618 2631/2631/2631 2630/2630/2630 2617/2617/2617 
f 2619/2619/2619 2632/2632/2632 2631/2631/2631 2618/2618/2618 
f 2620/2620/2620 2633/2633/2633 2632/2632/2632 2619/2619/2619 
f 2621/2621/2621 2634/2634/2634 2633/2633/2633 2620/2620/2620 
f 2622/2622/2622 2635/2635/2635 2634/2634/2634 2621/2621/2621 
f 2623/2623/2623 2636/2636/2636 2635/2635/2635 2622/2622/2622 
f 2624/2624/2624 2637/2637/2637 2636/2636/2636 2623/2623/2623 
f 2626/2626/2626 2639/2639/2639 2638/2638/2638 2625/2625/2625 
f 2627/2627/2627 2640/2640/2640 2639/2639/2639 2626/2626/2626 
f 2628/2628/2628 2641/2641/2641 2640/2640/2640 2627/2627/2627 
f 2629/2629/2629 2642/2642/2642 2641/2641/2641 2628/2628/2628 
f 2630/2630/2630 2643/2643/2643 2642/2642/2642 2629/2629/2629 
f 2631/2631/2631 2644/2644/2644 2643/2643/2643 2630/2630/2630 
f 2632/2632/2632 2645/2645/2645 2644/2644/2644 2631/2631/2631 
f 2633/2633/2633 2646/2646/2646 2645/2645/2645 2632/2632/2632 
f 2634/2634/2634 2647/2647/2647 2646/2646/2646 2633/2633/2633 
f 2635/2635/2635 2648/2648/2648 2647/2647/2647 2634/2634/2634 
f 2636/2636/2636 2649/2649/2649 2648/2648/2648 2635/2635/2635 
f 2637/2637/2637 2650/2650/2650 2649/2649/2649 2636/2636/2636 
f 2639/2639/2639 2652/2652/2652 2651/2651/2651 2638/2638/2638 
f 2640/2640/2640 2653/2653/2653 2652/2652/2652 2639/2639/2639 
f 2641/2641/2641 2654/2654/2654 2653/2653/2653 2640/2640/2640 
f 2642/2642/2642 2655/2655/2655 2654/2654/2654 2641/2641/2641 
f 2643/2643/2643 2656/2656/2656 2655/2655/2655 2642/2642/2642 
f 2644/2644/2644 2657/2657/2657 2656/2656/2656 2643/2643/2643 
f 2645/2645/2645 2658/2658/2658 2657/2657/2657 2644/2644/2644 
f 2646/2646/2646 2659/2659/2659 2658/2658/2658 2645/2645/2645 
f 2647/2647/2647 2660/2660/2660 2659/2659/2659 2646/2646/2646 
f 2648/2648/2648 2661/2661/2661 2660/2660/2660 2647/2647/2647 
f 2649/2649/2649 2662/2662/2662 2661/2661/2661 2648/2648/2648 
f 2650/2650/2650 2663/2663/2663 2662/2662/2662 2649/2649/2649 
f 2652/2652/2652 2665/2665/2665 2664/2664/2664 2651/2651/2651 
f 2653/2653/2653 2666/2666/2666 2665/2665/2665 2652/2652/2652 
f 2654/2654/2654 2667/2667/2667 2666/2666/2666 2653/2653/2653 
f 2655/2655/2655 2668/2668/2668 2667/2667/2667 2654/2654/2654 
f 2656/2656/2656 2669/2669/2669 2668/2668/2668 2655/2655/2655 
f 2657/2657/2657 2670/2670/2670 2669/2669/2669 2656/2656/2656 
f 2658/2658/2658 2671/2671/2671 2670/2670/2670 2657/2657/2657 
f 2659/2659/2659 2672/2672/2672 2671/2671/2671 2658/2658/2658 
f 2660/2660/2660 2673/2673/2673 2672/2672/2672 2659/2659/2659 
f 2661/2661/2661 2674/2674/2674 2673/2673/2673 2660/2660/2660 
f 2662/2662/2662 2675/2675/2675 2674/2674/2674 2661/2661/2661 
f 2663/2663/2663 2676/2676/2676 2675/2675/2675 2662/2662/2662 
f 2665/2665/2665 2678/2678/2678 2677/2677/2677 2664/2664/2664 
f 2666/2666/2666 2679/2679/2679 2678/2678/2678 2665/2665/2665 
f 2667/2667/2667 2680/2680/2680 2679/2679/2679 2666/2666/2666 
f 2668/2668/2668 2681/2681/2681 2680/2680/2680 2667/2667/2667 
f 2669/2669/2669 2682/2682/2682 2681/2681/2681 2668/2668/2668 
f 2670/2670/2670 2683/2683/2683 2682/2682/2682 2669/2669/2669 
f 2671/2671/2671 2684/2684/2684 2683/2683/2683 2670/2670/2670 
f 2672/2672/2672 2685/2685/2685 2684/2684/2684 2671/2671/2671 
f 2673/2673/2673 2686/2686/2686 2685/2685/2685 2672/2672/2672 
f 2674/2674/2674 2687/2687/2687 2686/2686/2686 2673/2673/2673 
f 2675/2675/2675 2688/2688/2688 2687/2687/2687 2674/2674/2674 
f 2676/2676/2676 2689/2689/2689 2688/2688/2688 2675/2675/2675 
f 2678/2678/2678 2691/2691/2691 2690/2690/2690 2677/2677/2677 
f 2679/2679/2679 2692/2692/2692 2691/2691/2691 2678/2678/2678 
f 2680/2680/2680 2693/2693/2693 2692/2692/2692 2679/2679/2679 
f 2681/2681/2681 2694/2694/2694 2693/2693/2693 2680/2680/2680 
f 2682/2682/2682 2695/2695/2695 2694/2694/2694 2681/2681/2681 
f 2683/2683/2683 2696/2696/2696 2695/2695/2695 2682/2682/2682 
f 2684/2684/2684 2697/2697/2697 2696/2696/2696 2683/2683/2683 
f 2685/2685/2685 2698/2698/2698 2697/2697/2697 2684/2684/2684 
f 2686/2686/2686 2699/2699/2699 2698/2698/2698 2685/2685/2685 
f 2687/2687/2687 2700/2700/2700 2699/2699/2699 2686/2686/2686 
f 2688/2688/2688 2701/2701/2701 2700/2700/2700 2687/2687/2687 
f 2689/2689/2689 2702/2702/2702 2701/2701/2701 2688/2688/2688 
f 2691/2691/2691 2704/2704/2704 2703/2703/2703 2690/2690/2690 
f 2692/2692/2692 2705/2705/2705 2704/2704/2704 2691/2691/2691 
f 2693/2693/2693 2706/2706/2706 2705/2705/2705 2692/2692/2692 
f 2694/2694/2694 2707/2707/2707 2706/2706/2706 2693/2693/2693 
f 2695/2695/2695 2708/2708/2708 2707/2707/2707 2694/2694/2694 
f 2696/2696/2696 2709/2709/2709 2708/2708/2708 2695/2695/2695 
f 2697/2697/2697 2710/2710/2710 2709/2709/2709 2696/2696/2696 
f 2698/2698/2698 2711/2711/2711 2710/2710/2710 2697/2697/2697 
f 2699/2699/2699 2712/2712/2712 2711/2711/2711 2698/2698/2698 
f 2700/2700/2700 2713/2713/2713 2712/2712/2712 2699/2699/2699 
f 2701/2701/2701 2714/2714/2714 2713/2713/2713 2700/2700/2700 
f 2702/2702/2702 2715/2715/2715 2714/2714/2714 2701/2701/2701 
f 2704/2704/2704 2717/2717/2717 2716/2716/2716 2703/2703/2703 
f 2705/2705/2705 2718/2718/2718 2717/2717/2717 2704/2704/2704 
f 2706/2706/2706 2719/2719/2719 2718/2718/2718 2705/2705/2705 
f 2707/2707/2707 2720/2720/2720 2719/2719/2719 2706/2706/2706 
f 2708/2708/2708 2721/2721/2721 2720/2720/2720 2707/2707/2707 
f 2709/2709/2709 2722/2722/2722 2721/2721/2721 2708/2708/2708 
f 2710/2710/2710 2723/2723/2723 2722/2722/2722 2709/2709/2709 
f 2711/2711/2711 2724/2724/2724 2723/2723/2723 2710/2710/2710 
f 2712/2712/2712 2725/2725/2725 2724/2724/2724 2711/2711/2711 
f 2713/2713/2713 2726/2726/2726 2725/2725/2725 2712/2712/2712 
f 2714/2714/2714 2727/2727/2727 2726/2726/2726 2713/2713/2713 
f 2715/2715/2715 2728/2728/2728 2727/2727/2727 2714/2714/2714 
f 2717/2717/2717 2730/2730/2730 2729/2729/2729 2716/2716/2716 
f 2718/2718/2718 2731/2731/2731 2730/2730/2730 2717/2717/2717 
f 2719/2719/2719 2732/2732/2732 2731/2731/2731 2718/2718/2718 
f 2720/2720/2720 2733/2733/2733 2732/2732/2732 2719/2719/2719 
f 2721/2721/2721 2734/2734/2734 2733/2733/2733 2720/2720/2720 
f 2722/2722/2722 2735/2735/2735 2734/2734/2734 2721/2721/2721 
f 2723/2723/2723 2736/2736/2736 2735/2735/2735 2722/2722/2722 
f 2724/2724/2724 2737/2737/2737 2736/2736/2736 2723/2723/2723 
f 2725/2725/2725 2738/2738/2738 2737/2737/2737 2724/2724/2724 
f 2726/2726/2726 2739/2739/2739 2738/2738/2738 2725/2725/2725 
f 2727/2727/2727 2740/2740/2740 2739/2739/2739 2726/2726/2726 
f 2728/2728/2728 2741/2741/2741 2740/2740/2740 2727/2727/2727 
f 2730/2730/2730 2743/2743/2743 2742/2742/2742 2729/2729/2729 
f 2731/2731/2731 2744/2744/2744 2743/2743/2743 2730/2730/2730 
f 2732/2732/2732 2745/2745/2745 2744/2744/2744 2731/2731/2731 
f 2733/2733/2733 2746/2746/2746 2745/2745/2745 2732/2732/2732 
f 2734/2734/2734 2747/2747/2747 2746/2746/2746 2733/2733/2733 
f 2735/2735/2735 2748/2748/2748 2747/2747/2747 2734/2734/2734 
f 2736/2736/2736 2749/2749/2749 2748/2748/2748 2735/2735/2735 
f 2737/2737/2737 2750/2750/2750 2749/2749/2749 2736/2736/2736 
f 2738/2738/2738 2751/2751/2751 2750/2750/2750 2737/2737/2737 
f 2739/2739/2739 2752/2752/2752 2751/2751/2751 2738/2738/2738 
f 2740/2740/2740 2753/2753/2753 2752/2752/2752 2739/2739/2739 
f 2741/2741/2741 2754/2754/2754 2753/2753/2753 2740/2740/2740 
f 2743/2743/2743 2756/2756/2756 2755/2755/2755 2742/2742/2742 
f 2744/2744/2744 2757/2757/2757 2756/2756/2756 2743/2743/2743 
f 2745/2745/2745 2758/2758/2758 2757/2757/2757 2744/2744/2744 
f 2746/2746/2746 2759/2759/2759 2758/2758/2758 2745/2745/2745 
f 2747/2747/2747 2760/2760/2760 2759/2759/2759 2746/2746/2746 
f 2748/2748/2748 2761/2761/2761 2760/2760/2760 2747/2747/2747 
f 2749/2749/2749 2762/2762/2762 2761/2761/2761 2748/2748/2748 
f 2750/2750/2750 2763/2763/2763 2762/2762/2762 2749/2749/2749 
f 2751/2751/2751 2764/2764/2764 2763/2763/2763 2750/2750/2750 
f 2752/2752/2752 2765/2765/2765 2764/2764/2764 2751/2751/2751 
f 2753/2753/2753 2766/2766/2766 2765/2765/2765 2752/2752/2752 
f 2754/2754/2754 2767/2767/2767 2766/2766/2766 2753/2753/2753 
f 2756/2756/2756 2769/2769/2769 2768/2768/2768 2755/2755/2755 
f 2757/2757/2757 2770/2770/2770 2769/2769/2769 2756/2756/2756 
f 2758/2758/2758 2771/2771/2771 2770/2770/2770 2757/2757/2757 
f 2759/2759/2759 2772/2772/2772 2771/2771/2771 2758/2758/2758 
f 2760/2760/2760 2773/2773/2773 2772/2772/2772 2759/2759/2759 
f 2761/2761/2761 2774/2774/2774 2773/2773/2773 2760/2760/2760 
f 2762/2762/2762 2775/2775/2775 2774/2774/2774 2761/2761/2761 
f 2763/2763/2763 2776/2776/2776 2775/2775/2775 2762/2762/2762 
f 2764/2764/2764 2777/2777/2777 2776/2776/2776 2763/2763/2763 
f 2765/2765/2765 2778/2778/2778 2777/2777/2777 2764/2764/2764 
f 2766/2766/2766 2779/2779/2779 2778/2778/2778 2765/2765/2765 
f 2767/2767/2767 2780/2780/2780 2779/2779/2779 2766/2766/2766 
f 2769/2769/2769 2782/2782/2782 2781/2781/2781 2768/2768/2768 
f 2770/2770/2770 2783/2783/2783 2782/2782/2782 2769/2769/2769 
f 2771/2771/2771 2784/2784/2784 2783/2783/2783 2770/2770/2770 
f 2772/2772/2772 2785/2785/2785 2784/2784/2784 2771/2771/2771 
f 2773/2773/2773 2786/2786/2786 2785/2785/2785 2772/2772/2772 
f 2774/2774/2774 2787/2787/2787 2786/2786/2786 2773/2773/2773 
f 2775/2775/2775 2788/2788/2788 2787/2787/2787 2774/2774/2774 
f 2776/2776/2776 2789/2789/2789 2788/2788/2788 2775/2775/2775 
f 2777/2777/2777 2790/2790/2790 2789/2789/2789 2776/2776/2776 
f 2778/2778/2778 2791/2791/2791 2790/2790/2790 2777/2777/2777 
f 2779/2779/2779 2792/2792/2792 2791/2791/2791 2778/2778/2778 
f 2780/2780/2780 2793/2793/2793 2792/2792/2792 2779/2779/2779 
f 2782/2782/2782 2795/2795/2795 2794/2794/2794 2781/2781/2781 
f 2783/2783/2783 2796/2796/2796 2795/2795/2795 2782/2782/2782 
f 2784/2784/2784 2797/2797/2797 2796/2796/2796 2783/2783/2783 
f 2785/2785/2785 2798/2798/2798 2797/2797/2797 2784/2784/2784 
f 2786/2786/2786 2799/2799/2799 2798/2798/2798 2785/2785/2785 
f 2787/2787/2787 2800/2800/2800 2799/2799/2799 2786/2786/2786 
f 2788/2788/2788 2801/2801/2801 2800/2800/2800 2787/2787/2787 
f 2789/2789/2789 2802/2802/2802 2801/2801/2801 2788/2788/2788 
f 2790/2790/2790 2803/2803/2803 2802/2802/2802 2789/2789/2789 
f 2791/2791/2791 2804/2804/2804 2803/2803/2803 2790/2790/2790 
f 2792/2792/2792 2805/2805/2805 2804/2804/2804 2791/2791/2791 
f 2793/2793/2793 2806/2806/2806 2805/2805/2805 2792/2792/2792 
f 2795/2795/2795 2808/2808/2808 2807/2807/2807 2794/2794/2794 
f 2796/2796/2796 2809/2809/2809 2808/2808/2808 2795/2795/2795 
f 2797/2797/2797 2810/2810/2810 2809/2809/2809 2796/2796/2796 
f 2798/2798/2798 2811/2811/2811 2810/2810/2810 2797/2797/2797 
f 2799/2799/2799 2812/2812/2812 2811/2811/2811 2798/2798/2798 
f 2800/2800/2800 2813/2813/2813 2812/2812/2812 2799/2799/2799 
f 2801/2801/2801 2814/2814/2814 2813/2813/2813 2800/2800/2800 
f 2802/2802/2802 2815/2815/2815 2814/2814/2814 2801/2801/2801 
f 2803/2803/2803 2816/2816/2816 2815/2815/2815 2802/2802/2802 
f 2804/2804/2804 2817/2817/2817 2816/2816/2816 2803/2803/2803 
f 2805/2805/2805 2818/2818/2818 2817/2817/2817 2804/2804/2804 
f 2806/2806/2806 2819/2819/2819 2818/2818/2818 2805/2805/2805 
f 2808/2808/2808 2821/2821/2821 2820/2820/2820 2807/2807/2807 
f 2809/2809/2809 2822/2822/2822 2821/2821/2821 2808/2808/2808 
f 2810/2810/2810 2823/2823/2823 2822/2822/2822 2809/2809/2809 
f 2811/2811/2811 2824/2824/2824 2823/2823/2823 2810/2810/2810 
f 2812/2812/2812 2825/2825/2825 2824/2824/2824 2811/2811/2811 
f 2813/2813/2813 2826/2826/2826 2825/2825/2825 2812/2812/2812 
f 2814/2814/2814 2827/2827/2827 2826/2826/2826 2813/2813/2813 
f 2815/2815/2815 2828/2828/2828 2827/2827/2827 2814/2814/2814 
f 2816/2816/2816 2829/2829/2829 2828/2828/2828 2815/2815/2815 
f 2817/2817/2817 2830/2830/2830 2829/2829/2829 2816/2816/2816 
f 2818/2818/2818 2831/2831/2831 2830/2830/2830 2817/2817/2817 
f 2819/2819/2819 2832/2832/2832 2831/2831/2831 2818/2818/2818 
f 2821/2821/2821 2834/2834/2834 2833/2833/2833 2820/2820/2820 
f 2822/2822/2822 2835/2835/2835 2834/2834/2834 2821/2821/2821 
f 2823/2823/2823 2836/2836/2836 2835/2835/2835 2822/2822/2822 
f 2824/2824/2824 2837/2837/2837 2836/2836/2836 2823/2823/2823 
f 2825/2825/2825 2838/2838/2838 2837/2837/2837 2824/2824/2824 
f 2826/2826/2826 2839/2839/2839 2838/2838/2838 2825/2825/2825 
f 2827/2827/2827 2840/2840/2840 2839/2839/2839 2826/2826/2826 
f 2828/2828/2828 2841/2841/2841 2840/2840/2840 2827/2827/2827 
f 2829/2829/2829 2842/2842/2842 2841/2841/2841 2828/2828/2828 
f 2830/2830/2830 2843/2843/2843 2842/2842/2842 2829/2829/2829 
f 2831/2831/2831 2844/2844/2844 2843/2843/2843 2830/2830/2830 
f 2832/2832/2832 2845/2845/2845 2844/2844/2844 2831/2831/2831 
f 2834/2834/2834 2847/2847/2847 2846/2846/2846 2833/2833/2833 
f 2835/2835/2835 2848/2848/2848 2847/2847/2847 2834/2834/2834 
f 2836/2836/2836 2849/2849/2849 2848/2848/2848 2835/2835/2835 
f 2837/2837/2837 2850/2850/2850 2849/2849/2849 2836/2836/2836 
f 2838/2838/2838 2851/2851/2851 2850/2850/2850 2837/2837/2837 
f 2839/2839/2839 2852/2852/2852 2851/2851/2851 2838/2838/2838 
f 2840/2840/2840 2853/2853/2853 2852/2852/2852 2839/2839/2839 
f 2841/2841/2841 2854/2854/2854 2853/2853/2853 2840/2840/2840 
f 2842/2842/2842 2855/2855/2855 2854/2854/2854 2841/2841/2841 
f 2843/2843/2843 2856/2856/2856 2855/2855/2855 2842/2842/2842 
f 2844/2844/2844 2857/2857/2857 2856/2856/2856 2843/2843/2843 
f 2845/2845/2845 2858/2858/2858 2857/2857/2857 2844/2844/2844 
f 2847/2847/2847 2860/2860/2860 2859/2859/2859 2846/2846/2846 
f 2848/2848/2848 2861/2861/2861 2860/2860/2860 2847/2847/2847 
f 2849/2849/2849 2862/2862/2862 2861/2861/2861 2848/2848/2848 
f 2850/2850/2850 2863/2863/2863 2862/2862/2862 2849/2849/2849 
f 2851/2851/2851 2864/2864/2864 2863/2863/2863 2850/2850/2850 
f 2852/2852/2852 2865/2865/2865 2864/2864/2864 2851/2851/2851 
f 2853/2853/2853 2866/2866/2866 2865/2865/2865 2852/2852/2852 
f 2854/2854/2854 2867/2867/2867 2866/2866/2866 2853/2853/2853 
f 2855/2855/2855 2868/2868/2868 2867/2867/2867 2854/2854/2854 
f 2856/2856/2856 2869/2869/2869 2868/2868/2868 2855/2855/2855 
f 2857/2857/2857 2870/2870/2870 2869/2869/2869 2856/2856/2856 
f 2858/2858/2858 2871/2871/2871 2870/2870/2870 2857/2857/2857 
f 2860/2860/2860 2873/2873/2873 2872/2872/2872 2859/2859/2859 
f 2861/2861/2861 2874/2874/2874 2873/2873/2873 2860/2860/2860 
f 2862/2862/2862 2875/2875/2875 2874/2874/2874 2861/2861/2861 
f 2863/2863/2863 2876/2876/2876 2875/2875/2875 2862/2862/2862 
f 2864/2864/2864 2877/2877/2877 2876/2876/2876 2863/2863/2863 
f 2865/2865/2865 2878/2878/2878 2877/2877/2877 2864/2864/2864 
f 2866/2866/2866 2879/2879/2879 2878/2878/2878 2865/2865/2865 
f 2867/2867/2867 2880/2880/2880 2879/2879/2879 2866/2866/2866 
f 2868/2868/2868 2881/2881/2881 2880/2880/2880 2867/2867/2867 
f 2869/2869/2869 2882/2882/2882 2881/2881/2881 2868/2868/2868 
f 2870/2870/2870 2883/2883/2883 2882/2882/2882 2869/2869/2869 
f 2871/2871/2871 2884/2884/2884 2883/2883/2883 2870/2870/2870 
f 2873/2873/2873 2886/2886/2886 2885/2885/2885 2872/2872/2872 
f 2874/2874/2874 2887/2887/2887 2886/2886/2886 2873/2873/2873 
f 2875/2875/2875 2888/2888/2888 2887/2887/2887 2874/2874/2874 
f 2876/2876/2876 2889/2889/2889 2888/2888/2888 2875/2875/2875 
f 2877/2877/2877 2890/2890/2890 2889/2889/2889 2876/2876/2876 
f 2878/2878/2878 2891/2891/2891 2890/2890/2890 2877/2877/2877 
f 2879/2879/2879 2892/2892/2892 2891/2891/2891 2878/2878/2878 
f 2880/2880/2880 2893/2893/2893 2892/2892/2892 2879/2879/2879 
f 2881/2881/2881 2894/2894/2894 2893/2893/2893 2880/2880/2880 
f 2882/2882/2882 2895/2895/2895 2894/2894/2894 2881/2881/2881 
f 2883/2883/2883 2896/2896/2896 2895/2895/2895 2882/2882/2882 
f 2884/2884/2884 2897/2897/2897 2896/2896/2896 2883/2883/2883 
f 2886/2886/2886 2899/2899/2899 2898/2898/2898 2885/2885/2885 
f 2887/2887/2887 2900/2900/2900 2899/2899/2899 2886/2886/2886 
f 2888/2888/2888 2901/2901/2901 2900/2900/2900 2887/2887/2887 
f 2889/2889/2889 2902/2902/2902 2901/2901/2901 2888/2888/2888 
f 2890/2890/2890 2903/2903/2903 2902/2902/2902 2889/2889/2889 
f 2891/2891/2891 2904/2904/2904 2903/2903/2903 2890/2890/2890 
f 2892/2892/2892 2905/2905/2905 2904/2904/2904 2891/2891/2891 
f 2893/2893/2893 2906/2906/2906 2905/2905/2905 2892/2892/2892 
f 2894/2894/2894 2907/2907/2907 2906/2906/2906 2893/2893/2893 
f 2895/2895/2895 2908/2908/2908 2907/2907/2907 2894/2894/2894 
f 2896/2896/2896 2909/2909/2909 2908/2908/2908 2895/2895/2895 
f 2897/2897/2897 2910/2910/2910 2909/2909/2909 2896/2896/2896 
f 2899/2899/2899 2912/2912/2912 2911/2911/2911 2898/2898/2898 
f 2900/2900/2900 2913/2913/2913 2912/2912/2912 2899/2899/2899 
f 2901/2901/2901 2914/2914/2914 2913/2913/2913 2900/2900/2900 
f 2902/2902/2902 2915/2915/2915 2914/2914/2914 2901/2901/2901 
f 2903/2903/2903 2916/2916/2916 2915/2915/2915 2902/2902/2902 
f 2904/2904/2904 2917/2917/2917 2916/2916/2916 2903/2903/2903 
f 2905/2905/2905 2918/2918/2918 2917/2917/2917 2904/2904/2904 
f 2906/2906/2906 2919/2919/2919 2918/2918/2918 2905/2905/2905 
f 2907/2907/2907 2920/2920/2920 2919/2919/2919 2906/2906/2906 
f 2908/2908/2908 2921/2921/2921 2920/2920/2920 2907/2907/2907 
f 2909/2909/2909 2922/2922/2922 2921/2921/2921 2908/2908/2908 
f 2910/2910/2910 2923/2923/2923 2922/2922/2922 2909/2909/2909 
f 2912/2912/2912 2925/2925/2925 2924/2924/2924 2911/2911/2911 
f 2913/2913/2913 2926/2926/2926 2925/2925/2925 2912/2912/2912 
f 2914/2914/2914 2927/2927/2927 2926/2926/2926 2913/2913/2913 
f 2915/2915/2915 2928/2928/2928 2927/2927/2927 2914/2914/2914 
f 2916/2916/2916 2929/2929/2929 2928/2928/2928 2915/2915/2915 
f 2917/2917/2917 2930/2930/2930 2929/2929/2929 2916/2916/2916 
f 2918/2918/2918 2931/2931/2931 2930/2930/2930 2917/2917/2917 
f 2919/2919/2919 2932/2932/2932 2931/2931/2931 2918/2918/2918 
f 2920/2920/2920 2933/2933/2933 2932/2932/2932 2919/2919/2919 
f 2921/2921/2921 2934/2934/2934 2933/2933/2933 2920/2920/2920 
f 2922/2922/2922 2935/2935/2935 2934/2934/2934 2921/2921/2921 
f 2923/2923/2923 2936/2936/2936 2935/2935/2935 2922/2922/2922 
f 2925/2925/2925 2938/2938/2938 2937/2937/2937 2924/2924/2924 
f 2926/2926/2926 2939/2939/2939 2938/2938/2938 2925/2925/2925 
f 2927/2927/2927 2940/2940/2940 2939/2939/2939 2926/2926/2926 
f 2928/2928/2928 2941/2941/2941 2940/2940/2940 2927/2927/2927 
f 2929/2929/2929 2942/2942/2942 2941/2941/2941 2928/2928/2928 
f 2930/2930/2930 2943/2943/2943 2942/2942/2942 2929/2929/2929 
f 2931/2931/2931 2944/2944/2944 2943/2943/2943 2930/2930/2930 
f 2932/2932/2932 2945/2945/2945 2944/2944/2944 2931/2931/2931 
f 2933/2933/2933 2946/2946/2946 2945/2945/2945 2932/2932/2932 
f 2934/2934/2934 2947/2947/2947 2946/2946/2946 2933/2933/2933 
f 2935/2935/2935 2948/2948/2948 2947/2947/2947 2934/2934/2934 
f 2936/2936/2936 2949/2949/2949 2948/2948/2948 2935/2935/2935 
f 2938/2938/2938 2951/2951/2951 2950/2950/2950 2937/2937/2937 
f 2939/2939/2939 2952/2952/2952 2951/2951/2951 2938/2938/2938 
f 2940/2940/2940 2953/2953/2953 2952/2952/2952 2939/2939/2939 
f 2941/2941/2941 2954/2954/2954 2953/2953/2953 2940/2940/2940 
f 2942/2942/2942 2955/2955/2955 2954/2954/2954 2941/2941/2941 
f 2943/2943/2943 2956/2956/2956 2955/2955/2955 2942/2942/2942 
f 2944/2944/2944 2957/2957/2957 2956/2956/2956 2943/2943/2943 
f 2945/2945/2945 2958/2958/2958 2957/2957/2957 2944/2944/2944 
f 2946/2946/2946 2959/2959/2959 2958/2958/2958 2945/2945/2945 
f 2947/2947/2947 2960/2960/2960 2959/2959/2959 2946/2946/2946 
f 2948/2948/2948 2961/2961/2961 2960/2960/2960 2947/2947/2947 
f 2949/2949/2949 2962/2962/2962 2961/2961/2961 2948/2948/2948 
f 2951/2951/2951 2964/2964/2964 2963/2963/2963 2950/2950/2950 
f 2952/2952/2952 2965/2965/2965 2964/2964/2964 2951/2951/2951 
f 2953/2953/2953 2966/2966/2966 2965/2965/2965 2952/2952/2952 
f 2954/2954/2954 2967/2967/2967 2966/2966/2966 2953/2953/2953 
f 2955/2955/2955 2968/2968/2968 2967/2967/2967 2954/2954/2954 
f 2956/2956/2956 2969/2969/2969 2968/2968/2968 2955/2955/2955 
f 2957/2957/2957 2970/2970/2970 2969/2969/2969 2956/2956/2956 
f 2958/2958/2958 2971/2971/2971 2970/2970/2970 2957/2957/2957 
f 2959/2959/2959 2972/2972/2972 2971/2971/2971 2958/2958/2958 
f 2960/2960/2960 2973/2973/2973 2972/2972/2972 2959/2959/2959 
f 2961/2961/2961 2974/2974/2974 2973/2973/2973 2960/2960/2960 
f 2962/2962/2962 2975/2975/2975 2974/2974/2974 2961/2961/2961 
f 2964/2964/2964 2977/2977/2977 2976/2976/2976 2963/2963/2963 
f 2965/2965/2965 2978/2978/2978 2977/2977/2977 2964/2964/2964 
f 2966/2966/2966 2979/2979/2979 2978/2978/2978 2965/2965/2965 
f 2967/2967/2967 2980/2980/2980 2979/2979/2979 2966/2966/2966 
f 2968/2968/2968 2981/2981/2981 2980/2980/2980 2967/2967/2967 
f 2969/2969/2969 2982/2982/2982 2981/2981/2981 2968/2968/2968 
f 2970/2970/2970 2983/2983/2983 2982/2982/2982 2969/2969/2969 
f 2971/2971/2971 2984/2984/2984 2983/2983/2983 2970/2970/2970 
f 2972/2972/2972 2985/2985/2985 2984/2984/2984 2971/2971/2971 
f 2973/2973/2973 2986/2986/2986 2985/2985/2985 2972/2972/2972 
f 2974/2974/2974 2987/2987/2987 2986/2986/2986 2973/2973/2973 
f 2975/2975/2975 2988/2988/2988 2987/2987/2987 2974/2974/2974 
f 2977/2977/2977 2990/2990/2990 2989/2989/2989 2976/2976/2976 
f 2978/2978/2978 2991/2991/2991 2990/2990/2990 2977/2977/2977 
f 2979/2979/2979 2992/2992/2992 2991/2991/2991 2978/2978/2978 
f 2980/2980/2980 2993/2993/2993 2992/2992/2992 2979/2979/2979 
f 2981/2981/2981 2994/2994/2994 2993/2993/2993 2980/2980/2980 
f 2982/2982/2982 2995/2995/2995 2994/2994/2994 2981/2981/2981 
f 2983/2983/2983 2996/2996/2996 2995/2995/2995 2982/2982/2982 
f 2984/2984/2984 2997/2997/2997 2996/2996/2996 2983/2983/2983 
f 2985/2985/2985 2998/2998/2998 2997/2997/2997 2984/2984/2984 
f 2986/2986/2986 2999/2999/2999 2998/2998/2998 2985/2985/2985 
f 2987/2987/2987 3000/3000/3000 2999/2999/2999 2986/2986/2986 
f 2988/2988/2988 3001/3001/3001 3000/3000/3000 2987/2987/2987 
f 2990/2990/2990 3003/3003/3003 3002/3002/3002 2989/2989/2989 
f 2991/2991/2991 3004/3004/3004 3003/3003/3003 2990/2990/2990 
f 2992/2992/2992 3005/3005/3005 3004/3004/3004 2991/2991/2991 
f 2993/2993/2993 3006/3006/3006 3005/3005/3005 2992/2992/2992 
f 2994/2994/2994 3007/3007/3007 3006/3006/3006 2993/2993/2993 
f 2995/2995/2995 3008/3008/3008 3007/3007/3007 2994/2994/2994 
f 2996/2996/2996 3009/3009/3009 3008/3008/3008 2995/2995/2995 
f 2997/2997/2997 3010/3010/3010 3009/3009/3009 2996/2996/2996 
f 2998/2998/2998 3011/3011/3011 3010/3010/3010 2997/2997/2997 
f 2999/2999/2999 3012/3012/3012 3011/3011/3011 2998/2998/2998 
f 3000/3000/3000 3013/3013/3013 3012/3012/3012 2999/2999/2999 
f 3001/3001/3001 3014/3014/3014 3013/3013/3013 3000/3000/3000 
f 3003/3003/3003 3016/3016/3016 3015/3015/3015 3002/3002/3002 
f 3004/3004/3004 3017/3017/3017 3016/3016/3016 3003/3003/3003 
f 3005/3005/3005 3018/3018/3018 3017/3017/3017 3004/3004/3004 
f 3006/3006/3006 3019/3019/3019 3018/3018/3018 3005/3005/3005 
f 3007/3007/3007 3020/3020/3020 3019/3019/3019 3006/3006/3006 
f 3008/3008/3008 3021/3021/3021 3020/3020/3020 3007/3007/3007 
f 3009/3009/3009 3022/3022/3022 3021/3021/3021 3008/3008/3008 
f 3010/3010/3010 3023/3023/3023 3022/3022/3022 3009/3009/3009 
f 3011/3011/3011 3024/3024/3024 3023/3023/3023 3010/3010/3010 
f 3012/3012/3012 3025/3025/3025 3024/3024/3024 3011/3011/3011 
f 3013/3013/3013 3026/3026/3026 3025/3025/3025 3012/3012/3012 
f 3014/3014/3014 3027/3027/3027 3026/3026/3026 3013/3013/3013 
f 3016/3016/3016 3029/3029/3029 3028/3028/3028 3015/3015/3015 
f 3017/3017/3017 3030/3030/3030 3029/3029/3029 3016/3016/3016 
f 3018/3018/3018 3031/3031/3031 3030/3030/3030 3017/3017/3017 
f 3019/3019/3019 3032/3032/3032 3031/3031/3031 3018/3018/3018 
f 3020/3020/3020 3033/3033/3033 3032/3032/3032 3019/3019/3019 
f 3021/3021/3021 3034/3034/3034 3033/3033/3033 3020/3020/3020 
f 3022/3022/3022 3035/3035/3035 3034/3034/3034 3021/3021/3021 
f 3023/3023/3023 3036/3036/3036 3035/3035/3035 3022/3022/3022 
f 3024/3024/3024 3037/3037/3037 3036/3036/3036 3023/3023/3023 
f 3025/3025/3025 3038/3038/3038 3037/3037/3037 3024/3024/3024 
f 3026/3026/3026 3039/3039/3039 3038/3038/3038 3025/3025/3025 
f 3027/3027/3027 3040/3040/3040 3039/3039/3039 3026/3026/3026 
f 3029/3029/3029 3042/3042/3042 3041/3041/3041 3028/3028/3028 
f 3030/3030/3030 3043/3043/3043 3042/3042/3042 3029/3029/3029 
f 3031/3031/3031 3044/3044/3044 3043/3043/3043 3030/3030/3030 
f 3032/3032/3032 3045/3045/3045 3044/3044/3044 3031/3031/3031 
f 3033/3033/3033 3046/3046/3046 3045/3045/3045 3032/3032/3032 
f 3034/3034/3034 3047/3047/3047 3046/3046/3046 3033/3033/3033 
f 3035/3035/3035 3048/3048/3048 3047/3047/3047 3034/3034/3034 
f 3036/3036/3036 3049/3049/3049 3048/3048/3048 3035/3035/3035 
f 3037/3037/3037 3050/3050/3050 3049/3049/3049 3036/3036/3036 
f 3038/3038/3038 3051/3051/3051 3050/3050/3050 3037/3037/3037 
f 3039/3039/3039 3052/3052/3052 3051/3051/3051 3038/3038/3038 
f 3040/3040/3040 3053/3053/3053 3052/3052/3052 3039/3039/3039 
f 3042/3042/3042 3055/3055/3055 3054/3054/3054 3041/3041/3041 
f 3043/3043/3043 3056/3056/3056 3055/3055/3055 3042/3042/3042 
f 3044/3044/3044 3057/3057/3057 3056/3056/3056 3043/3043/3043 
f 3045/3045/3045 3058/3058/3058 3057/3057/3057 3044/3044/3044 
f 3046/3046/3046 3059/3059/3059 3058/3058/3058 3045/3045/3045 
f 3047/3047/3047 3060/3060/3060 3059/3059/3059 3046/3046/3046 
f 3048/3048/3048 3061/3061/3061 3060/3060/3060 3047/3047/3047 
f 3049/3049/3049 3062/3062/3062 3061/3061/3061 3048/3048/3048 
f 3050/3050/3050 3063/3063/3063 3062/3062/3062 3049/3049/3049 
f 3051/3051/3051 3064/3064/3064 3063/3063/3063 3050/3050/3050 
f 3052/3052/3052 3065/3065/3065 3064/3064/3064 3051/3051/3051 
f 3053/3053/3053 3066/3066/3066 3065/3065/3065 3052/3052/3052 
f 3055/3055/3055 3068/3068/3068 3067/3067/3067 3054/3054/3054 
f 3056/3056/3056 3069/3069/3069 3068/3068/3068 3055/3055/3055 
f 3057/3057/3057 3070/3070/3070 3069/3069/3069 3056/3056/3056 
f 3058/3058/3058 3071/3071/3071 3070/3070/3070 3057/3057/3057 
f 3059/3059/3059 3072/3072/3072 3071/3071/3071 3058/3058/3058 
f 3060/3060/3060 3073/3073/3073 3072/3072/3072 3059/3059/3059 
f 3061/3061/3061 3074/3074/3074 3073/3073/3073 3060/3060/3060 
f 3062/3062/3062 3075/3075/3075 3074/3074/3074 3061/3061/3061 
f 3063/3063/3063 3076/3076/3076 3075/3075/3075 3062/3062/3062 
f 3064/3064/3064 3077/3077/3077 3076/3076/3076 3063/3063/3063 
f 3065/3065/3065 3078/3078/3078 3077/3077/3077 3064/3064/3064 
f 3066/3066/3066 3079/3079/3079 3078/3078/3078 3065/3065/3065 
f 3068/3068/3068 3081/3081/3081 3080/3080/3080 3067/3067/3067 
f 3069/3069/3069 3082/3082/3082 3081/3081/3081 3068/3068/3068 
f 3070/3070/3070 3083/3083/3083 3082/3082/3082 3069/3069/3069 
f 3071/3071/3071 3084/3084/3084 3083/3083/3083 3070/3070/3070 
f 3072/3072/3072 3085/3085/3085 3084/3084/3084 3071/3071/3071 
f 3073/3073/3073 3086/3086/3086 3085/3085/3085 3072/3072/3072 
f 3074/3074/3074 3087/3087/3087 3086/3086/3086 3073/3073/3073 
f 3075/3075/3075 3088/3088/3088 3087/3087/3087 3074/3074/3074 
f 3076/3076/3076 3089/3089/3089 3088/3088/3088 3075/3075/3075 
f 3077/3077/3077 3090/3090/3090 3089/3089/3089 3076/3076/3076 
f 3078/3078/3078 3091/3091/3091 3090/3090/3090 3077/3077/3077 
f 3079/3079/3079 3092/3092/3092 3091/3091/3091 3078/3078/3078 
f 3081/3081/3081 3094/3094/3094 3093/3093/3093 3080/3080/3080 
f 3082/3082/3082 3095/3095/3095 3094/3094/3094 3081/3081/3081 
f 3083/3083/3083 3096/3096/3096 3095/3095/3095 3082/3082/3082 
f 3084/3084/3084 3097/3097/3097 3096/3096/3096 3083/3083/3083 
f 3085/3085/3085 3098/3098/3098 3097/3097/3097 3084/3084/3084 
f 3086/3086/3086 3099/3099/3099 3098/3098/3098 3085/3085/3085 
f 3087/3087/3087 3100/3100/3100 3099/3099/3099 3086/3086/3086 
f 3088/3088/3088 3101/3101/3101 3100/3100/3100 3087/3087/3087 
f 3089/3089/3089 3102/3102/3102 3101/3101/3101 3088/3088/3088 
f 3090/3090/3090 3103/3103/3103 3102/3102/3102 3089/3089/3089 
f 3091/3091/3091 3104/3104/3104 3103/3103/3103 3090/3090/3090 
f 3092/3092/3092 3105/3105/3105 3104/3104/3104 3091/3091/3091 
f 3094/3094/3094 3107/3107/3107 3106/3106/3106 3093/3093/3093 
f 3095/3095/3095 3108/3108/3108 3107/3107/3107 3094/3094/3094 
f 3096/3096/3096 3109/3109/3109 3108/3108/3108 3095/3095/3095 
f 3097/3097/3097 3110/3110/3110 3109/3109/3109 3096/3096/3096 
f 3098/3098/3098 3111/3111/3111 3110/3110/3110 3097/3097/3097 
f 3099/3099/3099 3112/3112/3112 3111/3111/3111 3098/3098/3098 
f 3100/3100/3100 3113/3113/3113 3112/3112/3112 3099/3099/3099 
f 3101/3101/3101 3114/3114/3114 3113/3113/3113 3100/3100/3100 
f 3102/3102/3102 3115/3115/3115 3114/3114/3114 3101/3101/3101 
f 3103/3103/3103 3116/3116/3116 3115/3115/3115 3102/3102/3102 
f 3104/3104/3104 3117/3117/3117 3116/3116/3116 3103/3103/3103 
f 3105/3105/3105 3118/3118/3118 3117/3117/3117 3104/3104/3104 
f 3107/3107/3107 3120/3120/3120 3119/3119/3119 3106/3106/3106 
f 3108/3108/3108 3121/3121/3121 3120/3120/3120 3107/3107/3107 
f 3109/3109/3109 3122/3122/3122 3121/3121/3121 3108/3108/3108 
f 3110/3110/3110 3123/3123/3123 3122/3122/3122 3109/3109/3109 
f 3111/3111/3111 3124/3124/3124 3123/3123/3123 3110/3110/3110 
f 3112/3112/3112 3125/3125/3125 3124/3124/3124 3111/3111/3111 
f 3113/3113/3113 3126/3126/3126 3125/3125/3125 3112/3112/3112 
f 3114/3114/3114 3127/3127/3127 3126/3126/3126 3113/3113/3113 
f 3115/3115/3115 3128/3128/3128 3127/3127/3127 3114/3114/3114 
f 3116/3116/3116 3129/3129/3129 3128/3128/3128 3115/3115/3115 
f 3117/3117/3117 3130/3130/3130 3129/3129/3129 3116/3116/3116 
f 3118/3118/3118 3131/3131/3131 3130/3130/3130 3117/3117/3117 
f 3120/3120/3120 3133/3133/3133 3132/3132/3132 3119/3119/3119 
f 3121/3121/3121 3134/3134/3134 3133/3133/3133 3120/3120/3120 
f 3122/3122/3122 3135/3135/3135 3134/3134/3134 3121/3121/3121 
f 3123/3123/3123 3136/3136/3136 3135/3135/3135 3122/3122/3122 
f 3124/3124/3124 3137/3137/3137 3136/3136/3136 3123/3123/3123 
f 3125/3125/3125 3138/3138/3138 3137/3137/3137 3124/3124/3124 
f 3126/3126/3126 3139/3139/3139 3138/3138/3138 3125/3125/3125 
f 3127/3127/3127 3140/3140/3140 3139/3139/3139 3126/3126/3126 
f 3128/3128/3128 3141/3141/3141 3140/3140/3140 3127/3127/3127 
f 3129/3129/3129 3142/3142/3142 3141/3141/3141 3128/3128/3128 
f 3130/3130/3130 3143/3143/3143 3142/3142/3142 3129/3129/3129 
f 3131/3131/3131 3144/3144/3144 3143/3143/3143 3130/3130/3130 
f 3133/3133/3133 3146/3146/3146 3145/3145/3145 3132/3132/3132 
f 3134/3134/3134 3147/3147/3147 3146/3146/3146 3133/3133/3133 
f 3135/3135/3135 3148/3148/3148 3147/3147/3147 3134/3134/3134 
f 3136/3136/3136 3149/3149/3149 3148/3148/3148 3135/3135/3135 
f 3137/3137/3137 3150/3150/3150 3149/3149/3149 3136/3136/3136 
f 3138/3138/3138 3151/3151/3151 3150/3150/3150 3137/3137/3137 
f 3139/3139/3139 3152/3152/3152 3151/3151/3151 3138/3138/3138 
f 3140/3140/3140 3153/3153/3153 3152/3152/3152 3139/3139/3139 
f 3141/3141/3141 3154/3154/3154 3153/3153/3153 3140/3140/3140 
f 3142/3142/3142 3155/3155/3155 3154/3154/3154 3141/3141/3141 
f 3143/3143/3143 3156/3156/3156 3155/3155/3155 3142/3142/3142 
f 3144/3144/3144 3157/3157/3157 3156/3156/3156 3143/3143/3143 
f 3146/3146/3146 3159/3159/3159 3158/3158/3158 3145/3145/3145 
f 3147/3147/3147 3160/3160/3160 3159/3159/3159 3146/3146/3146 
f 3148/3148/3148 3161/3161/3161 3160/3160/3160 3147/3147/3147 
f 3149/3149/3149 3162/3162/3162 3161/3161/3161 3148/3148/3148 
f 3150/3150/3150 3163/3163/3163 3162/3162/3162 3149/3149/3149 
f 3151/3151/3151 3164/3164/3164 3163/3163/3163 3150/3150/3150 
f 3152/3152/3152 3165/3165/3165 3164/3164/3164 3151/3151/3151 
f 3153/3153/3153 3166/3166/3166 3165/3165/3165 3152/3152/3152 
f 3154/3154/3154 3167/3167/3167 3166/3166/3166 3153/3153/3153 
f 3155/3155/3155 3168/3168/3168 3167/3167/3167 3154/3154/3154 
f 3156/3156/3156 3169/3169/3169 3168/3168/3168 3155/3155/3155 
f 3157/3157/3157 3170/3170/3170 3169/3169/3169 3156/3156/3156 
f 3159/3159/3159 3172/3172/3172 3171/3171/3171 3158/3158/3158 
f 3160/3160/3160 3173/3173/3173 3172/3172/3172 3159/3159/3159 
f 3161/3161/3161 3174/3174/3174 3173/3173/3173 3160/3160/3160 
f 3162/3162/3162 3175/3175/3175 3174/3174/3174 3161/3161/3161 
f 3163/3163/3163 3176/3176/3176 3175/3175/3175 3162/3162/3162 
f 3164/3164/3164 3177/3177/3177 3176/3176/3176 3163/3163/3163 
f 3165/3165/3165 3178/3178/3178 3177/3177/3177 3164/3164/3164 
f 3166/3166/3166 3179/3179/3179 3178/3178/3178 3165/3165/3165 
f 3167/3167/3167 3180/3180/3180 3179/3179/3179 3166/3166/3166 
f 3168/3168/3168 3181/3181/3181 3180/3180/3180 3167/3167/3167 
f 3169/3169/3169 3182/3182/3182 3181/3181/3181 3168/3168/3168 
f 3170/3170/3170 3183/3183/3183 3182/3182/3182 3169/3169/3169 
f 3172/3172/3172 3185/3185/3185 3184/3184/3184 3171/3171/3171 
f 3173/3173/3173 3186/3186/3186 3185/3185/3185 3172/3172/3172 
f 3174/3174/3174 3187/3187/3187 3186/3186/3186 3173/3173/3173 
f 3175/3175/3175 3188/3188/3188 3187/3187/3187 3174/3174/3174 
f 3176/3176/3176 3189/3189/3189 3188/3188/3188 3175/3175/3175 
f 3177/3177/3177 3190/3190/3190 3189/3189/3189 3176/3176/3176 
f 3178/3178/3178 3191/3191/3191 3190/3190/3190 3177/3177/3177 
f 3179/3179/3179 3192/3192/3192 3191/3191/3191 3178/3178/3178 
f 3180/3180/3180 3193/3193/3193 3192/3192/3192 3179/3179/3179 
f 3181/3181/3181 3194/3194/3194 3193/3193/3193 3180/3180/3180 
f 3182/3182/3182 3195/3195/3195 3194/3194/3194 3181/3181/3181 
f 3183/3183/3183 3196/3196/3196 3195/3195/3195 3182/3182/3182 
f 3185/3185/3185 3198/3198/3198 3197/3197/3197 3184/3184/3184 
f 3186/3186/3186 3199/3199/3199 3198/3198/3198 3185/3185/3185 
f 3187/3187/3187 3200/3200/3200 3199/3199/3199 3186/3186/3186 
f 3188/3188/3188 3201/3201/3201 3200/3200/3200 3187/3187/3187 
f 3189/3189/3189 3202/3202/3202 3201/3201/3201 3188/3188/3188 
f 3190/3190/3190 3203/3203/3203 3202/3202/3202 3189/3189/3189 
f 3191/3191/3191 3204/3204/3204 3203/3203/3203 3190/3190/3190 
f 3192/3192/3192 3205/3205/3205 3204/3204/3204 3191/3191/3191 
f 3193/3193/3193 3206/3206/3206 3205/3205/3205 3192/3192/3192 
f 3194/3194/3194 3207/3207/3207 3206/3206/3206 3193/3193/3193 
f 3195/3195/3195 3208/3208/3208 3207/3207/3207 3194/3194/3194 
f 3196/3196/3196 3209/3209/3209 3208/3208/3208 3195/3195/3195 
f 3198/3198/3198 3211/3211/3211 3210/3210/3210 3197/3197/3197 
f 3199/3199/3199 3212/3212/3212 3211/3211/3211 3198/3198/3198 
f 3200/3200/3200 3213/3213/3213 3212/3212/3212 3199/3199/3199 
f 3201/3201/3201 3214/3214/3214 3213/3213/3213 3200/3200/3200 
f 3202/3202/3202 3215/3215/3215 3214/3214/3214 3201/3201/3201 
f 3203/3203/3203 3216/3216/3216 3215/3215/3215 3202/3202/3202 
f 3204/3204/3204 3217/3217/3217 3216/3216/3216 3203/3203/3203 
f 3205/3205/3205 3218/3218/3218 3217/3217/3217 3204/3204/3204 
f 3206/3206/3206 3219/3219/3219 3218/3218/3218 3205/3205/3205 
f 3207/3207/3207 3220/3220/3220 3219/3219/3219 3206/3206/3206 
f 3208/3208/3208 3221/3221/3221 3220/3220/3220 3207/3207/3207 
f 3209/3209/3209 3222/3222/3222 3221/3221/3221 3208/3208/3208 
f 3211/3211/3211 3224/3224/3224 3223/3223/3223 3210/3210/3210 
f 3212/3212/3212 3225/3225/3225 3224/3224/3224 3211/3211/3211 
f 3213/3213/3213 3226/3226/3226 3225/3225/3225 3212/3212/3212 
f 3214/3214/3214 3227/3227/3227 3226/3226/3226 3213/3213/3213 
f 3215/3215/3215 3228/3228/3228 3227/3227/3227 3214/3214/3214 
f 3216/3216/3216 3229/3229/3229 3228/3228/3228 3215/3215/3215 
f 3217/3217/3217 3230/3230/3230 3229/3229/3229 3216/3216/3216 
f 3218/3218/3218 3231/3231/3231 3230/3230/3230 3217/3217/3217 
f 3219/3219/3219 3232/3232/3232 3231/3231/3231 3218/3218/3218 
f 3220/3220/3220 3233/3233/3233 3232/3232/3232 3219/3219/3219 
f 3221/3221/3221 3234/3234/3234 3233/3233/3233 3220/3220/3220 
f 3222/3222/3222 3235/3235/3235 3234/3234/3234 3221/3221/3221 
f 3224/3224/3224 3237/3237/3237 3236/3236/3236 3223/3223/3223 
f 3225/3225/3225 3238/3238/3238 3237/3237/3237 3224/3224/3224 
f 3226/3226/3226 3239/3239/3239 3238/3238/3238 3225/3225/3225 
f 3227/3227/3227 3240/3240/3240 3239/3239/3239 3226/3226/3226 
f 3228/3228/3228 3241/3241/3241 3240/3240/3240 3227/3227/3227 
f 3229/3229/3229 3242/3242/3242 3241/3241/3241 3228/3228/3228 
f 3230/3230/3230 3243/3243/3243 3242/3242/3242 3229/3229/3229 
f 3231/3231/3231 3244/3244/3244 3243/3243/3243 3230/3230/3230 
f 3232/3232/3232 3245/3245/3245 3244/3244/3244 3231/3231/3231 
f 3233/3233/3233 3246/3246/3246 3245/3245/3245 3232/3232/3232 
f 3234/3234/3234 3247/3247/3247 3246/3246/3246 3233/3233/3233 
f 3235/3235/3235 3248/3248/3248 3247/3247/3247 3234/3234/3234 
f 3237/3237/3237 3250/3250/3250 3249/3249/3249 3236/3236/3236 
f 3238/3238/3238 3251/3251/3251 3250/3250/3250 3237/3237/3237 
f 3239/3239/3239 3252/3252/3252 3251/3251/3251 3238/3238/3238 
f 3240/3240/3240 3253/3253/3253 3252/3252/3252 3239/3239/3239 
f 3241/3241/3241 3254/3254/3254 3253/3253/3253 3240/3240/3240 
f 3242/3242/3242 3255/3255/3255 3254/3254/3254 3241/3241/3241 
f 3243/3243/3243 3256/3256/3256 3255/3255/3255 3242/3242/3242 
f 3244/3244/3244 3257/3257/3257 3256/3256/3256 3243/3243/3243 
f 3245/3245/3245 3258/3258/3258 3257/3257/3257 3244/3244/3244 
f 3246/3246/3246 3259/3259/3259 3258/3258/3258 3245/3245/3245 
f 3247/3247/3247 3260/3260/3260 3259/3259/3259 3246/3246/3246 
f 3248/3248/3248 3261/3261/3261 3260/3260/3260 3247/3247/3247 
f 3250/3250/3250 3263/3263/3263 3262/3262/3262 3249/3249/3249 
f 3251/3251/3251 3264/3264/3264 3263/3263/3263 3250/3250/3250 
f 3252/3252/3252 3265/3265/3265 3264/3264/3264 3251/3251/3251 
f 3253/3253/3253 3266/3266/3266 3265/3265/3265 3252/3252/3252 
f 3254/3254/3254 3267/3267/3267 3266/3266/3266 3253/3253/3253 
f 3255/3255/3255 3268/3268/3268 3267/3267/3267 3254/3254/3254 
f 3256/3256/3256 3269/3269/3269 3268/3268/3268 3255/3255/3255 
f 3257/3257/3257 3270/3270/3270 3269/3269/3269 3256/3256/3256 
f 3258/3258/3258 3271/3271/3271 3270/3270/3270 3257/3257/3257 
f 3259/3259/3259 3272/3272/3272 3271/3271/3271 3258/3258/3258 
f 3260/3260/3260 3273/3273/3273 3272/3272/3272 3259/3259/3259 
f 3261/3261/3261 3274/3274/3274 3273/3273/3273 3260/3260/3260 
f 3263/3263/3263 3276/3276/3276 3275/3275/3275 3262/3262/3262 
f 3264/3264/3264 3277/3277/3277 3276/3276/3276 3263/3263/3263 
f 3265/3265/3265 3278/3278/3278 3277/3277/3277 3264/3264/3264 
f 3266/3266/3266 3279/3279/3279 3278/3278/3278 3265/3265/3265 
f 3267/3267/3267 3280/3280/3280 3279/3279/3279 3266/3266/3266 
f 3268/3268/3268 3281/3281/3281 3280/3280/3280 3267/3267/3267 
f 3269/3269/3269 3282/3282/3282 3281/3281/3281 3268/3268/3268 
f 3270/3270/3270 3283/3283/3283 3282/3282/3282 3269/3269/3269 
f 3271/3271/3271 3284/3284/3284 3283/3283/3283 3270/3270/3270 
f 3272/3272/3272 3285/3285/3285 3284/3284/3284 3271/3271/3271 
f 3273/3273/3273 3286/3286/3286 3285/3285/3285 3272/3272/3272 
f 3274/3274/3274 3287/3287/3287 3286/3286/3286 3273/3273/3273 
f 3276/3276/3276 3289/3289/3289 3288/3288/3288 3275/3275/3275 
f 3277/3277/3277 3290/3290/3290 3289/3289/3289 3276/3276/3276 
f 3278/3278/3278 3291/3291/3291 3290/3290/3290 3277/3277/3277 
f 3279/3279/3279 3292/3292/3292 3291/3291/3291 3278/3278/3278 
f 3280/3280/3280 3293/3293/3293 3292/3292/3292 3279/3279/3279 
f 3281/3281/3281 3294/3294/3294 3293/3293/3293 3280/3280/3280 
f 3282/3282/3282 3295/3295/3295 3294/3294/3294 3281/3281/3281 
f 3283/3283/3283 3296/3296/3296 3295/3295/3295 3282/3282/3282 
f 3284/3284/3284 3297/3297/3297 3296/3296/3296 3283/3283/3283 
f 3285/3285/3285 3298/3298/3298 3297/3297/3297 3284/3284/3284 
f 3286/3286/3286 3299/3299/3299 3298/3298/3298 3285/3285/3285 
f 3287/3287/3287 3300/3300/3300 3299/3299/3299 3286/3286/3286 
f 3289/3289/3289 3302/3302/3302 3301/3301/3301 3288/3288/3288 
f 3290/3290/3290 3303/3303/3303 3302/3302/3302 3289/3289/3289 
f 3291/3291/3291 3304/3304/3304 3303/3303/3303 3290/3290/3290 
f 3292/3292/3292 3305/3305/3305 3304/3304/3304 3291/3291/3291 
f 3293/3293/3293 3306/3306/3306 3305/3305/3305 3292/3292/3292 
f 3294/3294/3294 3307/3307/3307 3306/3306/3306 3293/3293/3293 
f 3295/3295/3295 3308/3308/3308 3307/3307/3307 3294/3294/3294 
f 3296/3296/3296 3309/3309/3309 3308/3308/3308 3295/3295/3295 
f 3297/3297/3297 3310/3310/3310 3309/3309/3309 3296/3296/3296 
f 3298/3298/3298 3311/3311/3311 3310/3310/3310 3297/3297/3297 
f 3299/3299/3299 3312/3312/3312 3311/3311/3311 3298/3298/3298 
f 3300/3300/3300 3313/3313/3313 3312/3312/3312 3299/3299/3299 
f 3302/3302/3302 3315/3315/3315 3314/3314/3314 3301/3301/3301 
f 3303/3303/3303 3316/3316/3316 3315/3315/3315 3302/3302/3302 
f 3304/3304/3304 3317/3317/3317 3316/3316/3316 3303/3303/3303 
f 3305/3305/3305 3318/3318/3318 3317/3317/3317 3304/3304/3304 
f 3306/3306/3306 3319/3319/3319 3318/3318/3318 3305/3305/3305 
f 3307/3307/3307 3320/3320/3320 3319/3319/3319 3306/3306/3306 
f 3308/3308/3308 3321/3321/3321 3320/3320/3320 3307/3307/3307 
f 3309/3309/3309 3322/3322/3322 3321/3321/3321 3308/3308/3308 
f 3310/3310/3310 3323/3323/3323 3322/3322/3322 3309/3309/3309 
f 3311/3311/3311 3324/3324/3324 3323/3323/3323 3310/3310/3310 
f 3312/3312/3312 3325/3325/3325 3324/3324/3324 3311/3311/3311 
f 3313/3313/3313 3326/3326/3326 3325/3325/3325 3312/3312/3312 
f 3315/3315/3315 3328/3328/3328 3327/3327/3327 3314/3314/3314 
f 3316/3316/3316 3329/3329/3329 3328/3328/3328 3315/3315/3315 
f 3317/3317/3317 3330/3330/3330 3329/3329/3329 3316/3316/3316 
f 3318/3318/3318 3331/3331/3331 3330/3330/3330 3317/3317/3317 
f 3319/3319/3319 3332/3332/3332 3331/3331/3331 3318/3318/3318 
f 3320/3320/3320 3333/3333/3333 3332/3332/3332 3319/3319/3319 
f 3321/3321/3321 3334/3334/3334 3333/3333/3333 3320/3320/3320 
f 3322/3322/3322 3335/3335/3335 3334/3334/3334 3321/3321/3321 
f 3323/3323/3323 3336/3336/3336 3335/3335/3335 3322/3322/3322 
f 3324/3324/3324 3337/3337/3337 3336/3336/3336 3323/3323/3323 
f 3325/3325/3325 3338/3338/3338 3337/3337/3337 3324/3324/3324 
f 3326/3326/3326 3339/3339/3339 3338/3338/3338 3325/3325/3325 
f 3328/3328/3328 3341/3341/3341 3340/3340/3340 3327/3327/3327 
f 3329/3329/3329 3342/3342/3342 3341/3341/3341 3328/3328/3328 
f 3330/3330/3330 3343/3343/3343 3342/3342/3342 3329/3329/3329 
f 3331/3331/3331 3344/3344/3344 3343/3343/3343 3330/3330/3330 
f 3332/3332/3332 3345/3345/3345 3344/3344/3344 3331/3331/3331 
f 3333/3333/3333 3346/3346/3346 3345/3345/3345 3332/3332/3332 
f 3334/3334/3334 3347/3347/3347 3346/3346/3346 3333/3333/3333 
f 3335/3335/3335 3348/3348/3348 3347/3347/3347 3334/3334/3334 
f 3336/3336/3336 3349/3349/3349 3348/3348/3348 3335/3335/3335 
f 3337/3337/3337 3350/3350/3350 3349/3349/3349 3336/3336/3336 
f 3338/3338/3338 3351/3351/3351 3350/3350/3350 3337/3337/3337 
f 3339/3339/3339 3352/3352/3352 3351/3351/3351 3338/3338/3338 
f 3341/3341/3341 3354/3354/3354 3353/3353/3353 3340/3340/3340 
f 3342/3342/3342 3355/3355/3355 3354/3354/3354 3341/3341/3341 
f 3343/3343/3343 3356/3356/3356 3355/3355/3355 3342/3342/3342 
f 3344/3344/3344 3357/3357/3357 3356/3356/3356 3343/3343/3343 
f 3345/3345/3345 3358/3358/3358 3357/3357/3357 3344/3344/3344 
f 3346/3346/3346 3359/3359/3359 3358/3358/3358 3345/3345/3345 
f 3347/3347/3347 3360/3360/3360 3359/3359/3359 3346/3346/3346 
f 3348/3348/3348 3361/3361/3361 3360/3360/3360 3347/3347/3347 
f 3349/3349/3349 3362/3362/3362 3361/3361/3361 3348/3348/3348 
f 3350/3350/3350 3363/3363/3363 3362/3362/3362 3349/3349/3349 
f 3351/3351/3351 3364/3364/3364 3363/3363/3363 3350/3350/3350 
f 3352/3352/3352 3365/3365/3365 3364/3364/3364 3351/3351/3351 
f 3354/3354/3354 3367/3367/3367 3366/3366/3366 3353/3353/3353 
f 3355/3355/3355 3368/3368/3368 3367/3367/3367 3354/3354/3354 
f 3356/3356/3356 3369/3369/3369 3368/3368/3368 3355/3355/3355 
f 3357/3357/3357 3370/3370/3370 3369/3369/3369 3356/3356/3356 
f 3358/3358/3358 3371/3371/3371 3370/3370/3370 3357/3357/3357 
f 3359/3359/3359 3372/3372/3372 3371/3371/3371 3358/3358/3358 
f 3360/3360/3360 3373/3373/3373 3372/3372/3372 3359/3359/3359 
f 3361/3361/3361 3374/3374/3374 3373/3373/3373 3360/3360/3360 
f 3362/3362/3362 3375/3375/3375 3374/3374/3374 3361/3361/3361 
f 3363/3363/3363 3376/3376/3376 3375/3375/3375 3362/3362/3362 
f 3364/3364/3364 3377/3377/3377 3376/3376/3376 3363/3363/3363 
f 3365/3365/3365 3378/3378/3378 3377/3377/3377 3364/3364/3364 
f 3367/3367/3367 3380/3380/3380 3379/3379/3379 3366/3366/3366 
f 3368/3368/3368 3381/3381/3381 3380/3380/3380 3367/3367/3367 
f 3369/3369/3369 3382/3382/3382 3381/3381/3381 3368/3368/3368 
f 3370/3370/3370 3383/3383/3383 3382/3382/3382 3369/3369/3369 
f 3371/3371/3371 3384/3384/3384 3383/3383/3383 3370/3370/3370 
f 3372/3372/3372 3385/3385/3385 3384/3384/3384 3371/3371/3371 
f 3373/3373/3373 3386/3386/3386 3385/3385/3385 3372/3372/3372 
f 3374/3374/3374 3387/3387/3387 3386/3386/3386 3373/3373/3373 
f 3375/3375/3375 3388/3388/3388 3387/3387/3387 3374/3374/3374 
f 3376/3376/3376 3389/3389/3389 3388/3388/3388 3375/3375/3375 
f 3377/3377/3377 3390/3390/3390 3389/3389/3389 3376/3376/3376 
f 3378/3378/3378 3391/3391/3391 3390/3390/3390 3377/3377/3377 
f 3380/3380/3380 3393/3393/3393 3392/3392/3392 3379/3379/3379 
f 3381/3381/3381 3394/3394/3394 3393/3393/3393 3380/3380/3380 
f 3382/3382/3382 3395/3395/3395 3394/3394/3394 3381/3381/3381 
f 3383/3383/3383 3396/3396/3396 3395/3395/3395 3382/3382/3382 
f 3384/3384/3384 3397/3397/3397 3396/3396/3396 3383/3383/3383 
f 3385/3385/3385 3398/3398/3398 3397/3397/3397 3384/3384/3384 
f 3386/3386/3386 3399/3399/3399 3398/3398/3398 3385/3385/3385 
f 3387/3387/3387 3400/3400/3400 3399/3399/3399 3386/3386/3386 
f 3388/3388/3388 3401/3401/3401 3400/3400/3400 3387/3387/3387 
f 3389/3389/3389 3402/3402/3402 3401/3401/3401 3388/3388/3388 
f 3390/3390/3390 3403/3403/3403 3402/3402/3402 3389/3389/3389 
f 3391/3391/3391 3404/3404/3404 3403/3403/3403 3390/3390/3390 
f 3393/3393/3393 3406/3406/3406 3405/3405/3405 3392/3392/3392 
f 3394/3394/3394 3407/3407/3407 3406/3406/3406 3393/3393/3393 
f 3395/3395/3395 3408/3408/3408 3407/3407/3407 3394/3394/3394 
f 3396/3396/3396 3409/3409/3409 3408/3408/3408 3395/3395/3395 
f 3397/3397/3397 3410/3410/3410 3409/3409/3409 3396/3396/3396 
f 3398/3398/3398 3411/3411/3411 3410/3410/3410 3397/3397/3397 
f 3399/3399/3399 3412/3412/3412 3411/3411/3411 3398/3398/3398 
f 3400/3400/3400 3413/3413/3413 3412/3412/3412 3399/3399/3399 
f 3401/3401/3401 3414/3414/3414 3413/3413/3413 3400/3400/3400 
f 3402/3402/3402 3415/3415/3415 3414/3414/3414 3401/3401/3401 
f 3403/3403/3403 3416/3416/3416 3415/3415/3415 3402/3402/3402 
f 3404/3404/3404 3417/3417/3417 3416/3416/3416 3403/3403/3403 
f 3406/3406/3406 3419/3419/3419 3418/3418/3418 3405/3405/3405 
f 3407/3407/3407 3420/3420/3420 3419/3419/3419 3406/3406/3406 
f 3408/3408/3408 3421/3421/3421 3420/3420/3420 3407/3407/3407 
f 3409/3409/3409 3422/3422/3422 3421/3421/3421 3408/3408/3408 
f 3410/3410/3410 3423/3423/3423 3422/3422/3422 3409/3409/3409 
f 3411/3411/3411 3424/3424/3424 3423/3423/3423 3410/3410/3410 
f 3412/3412/3412 3425/3425/3425 3424/3424/3424 3411/3411/3411 
f 3413/3413/3413 3426/3426/3426 3425/3425/3425 3412/3412/3412 
f 3414/3414/3414 3427/3427/3427 3426/3426/3426 3413/3413/3413 
f 3415/3415/3415 3428/3428/3428 3427/3427/3427 3414/3414/3414 
f 3416/3416/3416 3429/3429/3429 3428/3428/3428 3415/3415/3415 
f 3417/3417/3417 3430/3430/3430 3429/3429/3429 3416/3416/3416 
f 3419/3419/3419 3432/3432/3432 3431/3431/3431 3418/3418/3418 
f 3420/3420/3420 3433/3433/3433 3432/3432/3432 3419/3419/3419 
f 3421/3421/3421 3434/3434/3434 3433/3433/3433 3420/3420/3420 
f 3422/3422/3422 3435/3435/3435 3434/3434/3434 3421/3421/3421 
f 3423/3423/3423 3436/3436/3436 3435/3435/3435 3422/3422/3422 
f 3424/3424/3424 3437/3437/3437 3436/3436/3436 3423/3423/3423 
f 3425/3425/3425 3438/3438/3438 3437/3437/3437 3424/3424/3424 
f 3426/3426/3426 3439/3439/3439 3438/3438/3438 3425/3425/3425 
f 3427/3427/3427 3440/3440/3440 3439/3439/3439 3426/3426/3426 
f 3428/3428/3428 3441/3441/3441 3440/3440/3440 3427/3427/3427 
f 3429/3429/3429 3442/3442/3442 3441/3441/3441 3428/3428/3428 
f 3430/3430/3430 3443/3443/3443 3442/3442/3442 3429/3429/3429 
f 3432/3432/3432 3445/3445/3445 3444/3444/3444 3431/3431/3431 
f 3433/3433/3433 3446/3446/3446 3445/3445/3445 3432/3432/3432 
f 3434/3434/3434 3447/3447/3447 3446/3446/3446 3433/3433/3433 
f 3435/3435/3435 3448/3448/3448 3447/3447/3447 3434/3434/3434 
f 3436/3436/3436 3449/3449/3449 3448/3448/3448 3435/3435/3435 
f 3437/3437/3437 3450/3450/3450 3449/3449/3449 3436/3436/3436 
f 3438/3438/3438 3451/3451/3451 3450/3450/3450 3437/3437/3437 
f 3439/3439/3439 3452/3452/3452 3451/3451/3451 3438/3438/3438 
f 3440/3440/3440 3453/3453/3453 3452/3452/3452 3439/3439/3439 
f 3441/3441/3441 3454/3454/3454 3453/3453/3453 3440/3440/3440 
f 3442/3442/3442 3455/3455/3455 3454/3454/3454 3441/3441/3441 
f 3443/3443/3443 3456/3456/3456 3455/3455/3455 3442/3442/3442 
f 3445/3445/3445 3458/3458/3458 3457/3457/3457 3444/3444/3444 
f 3446/3446/3446 3459/3459/3459 3458/3458/3458 3445/3445/3445 
f 3447/3447/3447 3460/3460/3460 3459/3459/3459 3446/3446/3446 
f 3448/3448/3448 3461/3461/3461 3460/3460/3460 3447/3447/3447 
f 3449/3449/3449 3462/3462/3462 3461/3461/3461 3448/3448/3448 
f 3450/3450/3450 3463/3463/3463 3462/3462/3462 3449/3449/3449 
f 3451/3451/3451 3464/3464/3464 3463/3463/3463 3450/3450/3450 
f 3452/3452/3452 3465/3465/3465 3464/3464/3464 3451/3451/3451 
f 3453/3453/3453 3466/3466/3466 3465/3465/3465 3452/3452/3452 
f 3454/3454/3454 3467/3467/3467 3466/3466/3466 3453/3453/3453 
f 3455/3455/3455 3468/3468/3468 3467/3467/3467 3454/3454/3454 
f 3456/3456/3456 3469/3469/3469 3468/3468/3468 3455/3455/3455 
f 3458/3458/3458 3471/3471/3471 3470/3470/3470 3457/3457/3457 
f 3459/3459/3459 3472/3472/3472 3471/3471/3471 3458/3458/3458 
f 3460/3460/3460 3473/3473/3473 3472/3472/3472 3459/3459/3459 
f 3461/3461/3461 3474/3474/3474 3473/3473/3473 3460/3460/3460 
f 3462/3462/3462 3475/3475/3475 3474/3474/3474 3461/3461/3461 
f 3463/3463/3463 3476/3476/3476 3475/3475/3475 3462/3462/3462 
f 3464/3464/3464 3477/3477/3477 3476/3476/3476 3463/3463/3463 
f 3465/3465/3465 3478/3478/3478 3477/3477/3477 3464/3464/3464 
f 3466/3466/3466 3479/3479/3479 3478/3478/3478 3465/3465/3465 
f 3467/3467/3467 3480/3480/3480 3479/3479/3479 3466/3466/3466 
f 3468/3468/3468 3481/3481/3481 3480/3480/3480 3467/3467/3467 
f 3469/3469/3469 3482/3482/3482 3481/3481/3481 3468/3468/3468 
f 3471/3471/3471 3484/3484/3484 3483/3483/3483 3470/3470/3470 
f 3472/3472/3472 3485/3485/3485 3484/3484/3484 3471/3471/3471 
f 3473/3473/3473 3486/3486/3486 3485/3485/3485 3472/3472/3472 
f 3474/3474/3474 3487/3487/3487 3486/3486/3486 3473/3473/3473 
f 3475/3475/3475 3488/3488/3488 3487/3487/3487 3474/3474/3474 
f 3476/3476/3476 3489/3489/3489 3488/3488/3488 3475/3475/3475 
f 3477/3477/3477 3490/3490/3490 3489/3489/3489 3476/3476/3476 
f 3478/3478/3478 3491/3491/3491 3490/3490/3490 3477/3477/3477 
f 3479/3479/3479 3492/3492/3492 3491/3491/3491 3478/3478/3478 
f 3480/3480/3480 3493/3493/3493 3492/3492/3492 3479/3479/3479 
f 3481/3481/3481 3494/3494/3494 3493/3493/3493 3480/3480/3480 
f 3482/3482/3482 3495/3495/3495 3494/3494/3494 3481/3481/3481 
f 3484/3484/3484 3497/3497/3497 3496/3496/3496 3483/3483/3483 
f 3485/3485/3485 3498/3498/3498 3497/3497/3497 3484/3484/3484 
f 3486/3486/3486 3499/3499/3499 3498/3498/3498 3485/3485/3485 
f 3487/3487/3487 3500/3500/3500 3499/3499/3499 3486/3486/3486 
f 3488/3488/3488 3501/3501/3501 3500/3500/3500 3487/3487/3487 
f 3489/3489/3489 3502/3502/3502 3501/3501/3501 3488/3488/3488 
f 3490/3490/3490 3503/3503/3503 3502/3502/3502 3489/3489/3489 
f 3491/3491/3491 3504/3504/3504 3503/3503/3503 3490/3490/3490 
f 3492/3492/3492 3505/3505/3505 3504/3504/3504 3491/3491/3491 
f 3493/3493/3493 3506/3506/3506 3505/3505/3505 3492/3492/3492 
f 3494/3494/3494 3507/3507/3507 3506/3506/3506 3493/3493/3493 
f 3495/3495/3495 3508/3508/3508 3507/3507/3507 3494/3494/3494 
f 3497/3497/3497 3510/3510/3510 3509/3509/3509 3496/3496/3496 
f 3498/3498/3498 3511/3511/3511 3510/3510/3510 3497/3497/3497 
f 3499/3499/3499 3512/3512/3512 3511/3511/3511 3498/3498/3498 
f 3500/3500/3500 3513/3513/3513 3512/3512/3512 3499/3499/3499 
f 3501/3501/3501 3514/3514/3514 3513/3513/3513 3500/3500/3500 
f 3502/3502/3502 3515/3515/3515 3514/3514/3514 3501/3501/3501 
f 3503/3503/3503 3516/3516/3516 3515/3515/3515 3502/3502/3502 
f 3504/3504/3504 3517/3517/3517 3516/3516/3516 3503/3503/3503 
f 3505/3505/3505 3518/3518/3518 3517/3517/3517 3504/3504/3504 
f 3506/3506/3506 3519/3519/3519 3518/3518/3518 3505/3505/3505 
f 3507/3507/3507 3520/3520/3520 3519/3519/3519 3506/3506/3506 
f 3508/3508/3508 3521/3521/3521 3520/3520/3520 3507/3507/3507 
f 3510/3510/3510 3523/3523/3523 3522/3522/3522 3509/3509/3509 
f 3511/3511/3511 3524/3524/3524 3523/3523/3523 3510/3510/3510 
f 3512/3512/3512 3525/3525/3525 3524/3524/3524 3511/3511/3511 
f 3513/3513/3513 3526/3526/3526 3525/3525/3525 3512/3512/3512 
f 3514/3514/3514 3527/3527/3527 3526/3526/3526 3513/3513/3513 
f 3515/3515/3515 3528/3528/3528 3527/3527/3527 3514/3514/3514 
f 3516/3516/3516 3529/3529/3529 3528/3528/3528 3515/3515/3515 
f 3517/3517/3517 3530/3530/3530 3529/3529/3529 3516/3516/3516 
f 3518/3518/3518 3531/3531/3531 3530/3530/3530 3517/3517/3517 
f 3519/3519/3519 3532/3532/3532 3531/3531/3531 3518/3518/3518 
f 3520/3520/3520 3533/3533/3533 3532/3532/3532 3519/3519/3519 
f 3521/3521/3521 3534/3534/3534 3533/3533/3533 3520/3520/3520 
f 3523/3523/3523 3536/3536/3536 3535/3535/3535 3522/3522/3522 
f 3524/3524/3524 3537/3537/3537 3536/3536/3536 3523/3523/3523 
f 3525/3525/3525 3538/3538/3538 3537/3537/3537 3524/3524/3524 
f 3526/3526/3526 3539/3539/3539 3538/3538/3538 3525/3525/3525 
f 3527/3527/3527 3540/3540/3540 3539/3539/3539 3526/3526/3526 
f 3528/3528/3528 3541/3541/3541 3540/3540/3540 3527/3527/3527 
f 3529/3529/3529 3542/3542/3542 3541/3541/3541 3528/3528/3528 
f 3530/3530/3530 3543/3543/3543 3542/3542/3542 3529/3529/3529 
f 3531/3531/3531 3544/3544/3544 3543/3543/3543 3530/3530/3530 
f 3532/3532/3532 3545/3545/3545 3544/3544/3544 3531/3531/3531 
f 3533/3533/3533 3546/3546/3546 3545/3545/3545 3532/3532/3532 
f 3534/3534/3534 3547/3547/3547 3546/3546/3546 3533/3533/3533 
f 3536/3536/3536 3549/3549/3549 3548/3548/3548 3535/3535/3535 
f 3537/3537/3537 3550/3550/3550 3549/3549/3549 3536/3536/3536 
f 3538/3538/3538 3551/3551/3551 3550/3550/3550 3537/3537/3537 
f 3539/3539/3539 3552/3552/3552 3551/3551/3551 3538/3538/3538 
f 3540/3540/3540 3553/3553/3553 3552/3552/3552 3539/3539/3539 
f 3541/3541/3541 3554/3554/3554 3553/3553/3553 3540/3540/3540 
f 3542/3542/3542 3555/3555/3555 3554/3554/3554 3541/3541/3541 
f 3543/3543/3543 3556/3556/3556 3555/3555/3555 3542/3542/3542 
f 3544/3544/3544 3557/3557/3557 3556/3556/3556 3543/3543/3543 
f 3545/3545/3545 3558/3558/3558 3557/3557/3557 3544/3544/3544 
f 3546/3546/3546 3559/3559/3559 3558/3558/3558 3545/3545/3545 
f 3547/3547/3547 3560/3560/3560 3559/3559/3559 3546/3546/3546 
f 3549/3549/3549 3562/3562/3562 3561/3561/3561 3548/3548/3548 
f 3550/3550/3550 3563/3563/3563 3562/3562/3562 3549/3549/3549 
f 3551/3551/3551 3564/3564/3564 3563/3563/3563 3550/3550/3550 
f 3552/3552/3552 3565/3565/3565 3564/3564/3564 3551/3551/3551 
f 3553/3553/3553 3566/3566/3566 3565/3565/3565 3552/3552/3552 
f 3554/3554/3554 3567/3567/3567 3566/3566/3566 3553/3553/3553 
f 3555/3555/3555 3568/3568/3568 3567/3567/3567 3554/3554/3554 
f 3556/3556/3556 3569/3569/3569 3568/3568/3568 3555/3555/3555 
f 3557/3557/3557 3570/3570/3570 3569/3569/3569 3556/3556/3556 
f 3558/3558/3558 3571/3571/3571 3570/3570/3570 3557/3557/3557 
f 3559/3559/3559 3572/3572/3572 3571/3571/3571 3558/3558/3558 
f 3560/3560/3560 3573/3573/3573 3572/3572/3572 3559/3559/3559 
f 3562/3562/3562 3575/3575/3575 3574/3574/3574 3561/3561/3561 
f 3563/3563/3563 3576/3576/3576 3575/3575/3575 3562/3562/3562 
f 3564/3564/3564 3577/3577/3577 3576/3576/3576 3563/3563/3563 
f 3565/3565/3565 3578/3578/3578 3577/3577/3577 3564/3564/3564 
f 3566/3566/3566 3579/3579/3579 3578/3578/3578 3565/3565/3565 
f 3567/3567/3567 3580/3580/3580 3579/3579/3579 3566/3566/3566 
f 3568/3568/3568 3581/3581/3581 3580/3580/3580 3567/3567/3567 
f 3569/3569/3569 3582/3582/3582 3581/3581/3581 3568/3568/3568 
f 3570/3570/3570 3583/3583/3583 3582/3582/3582 3569/3569/3569 
f 3571/3571/3571 3584/3584/3584 3583/3583/3583 3570/3570/3570 
f 3572/3572/3572 3585/3585/3585 3584/3584/3584 3571/3571/3571 
f 3573/3573/3573 3586/3586/3586 3585/3585/3585 3572/3572/3572 
f 3575/3575/3575 3588/3588/3588 3587/3587/3587 3574/3574/3574 
f 3576/3576/3576 3589/3589/3589 3588/3588/3588 3575/3575/3575 
f 3577/3577/3577 3590/3590/3590 3589/3589/3589 3576/3576/3576 
f 3578/3578/3578 3591/3591/3591 3590/3590/3590 3577/3577/3577 
f 3579/3579/3579 3592/3592/3592 3591/3591/3591 3578/3578/3578 
f 3580/3580/3580 3593/3593/3593 3592/3592/3592 3579/3579/3579 
f 3581/3581/3581 3594/3594/3594 3593/3593/3593 3580/3580/3580 
f 3582/3582/3582 3595/3595/3595 3594/3594/3594 3581/3581/3581 
f 3583/3583/3583 3596/3596/3596 3595/3595/3595 3582/3582/3582 
f 3584/3584/3584 3597/3597/3597 3596/3596/3596 3583/3583/3583 
f 3585/3585/3585 3598/3598/3598 3597/3597/3597 3584/3584/3584 
f 3586/3586/3586 3599/3599/3599 3598/3598/3598 3585/3585/3585 
f 3588/3588/3588 3601/3601/3601 3600/3600/3600 3587/3587/3587 
f 3589/3589/3589 3602/3602/3602 3601/3601/3601 3588/3588/3588 
f 3590/3590/3590 3603/3603/3603 3602/3602/3602 3589/3589/3589 
f 3591/3591/3591 3604/3604/3604 3603/3603/3603 3590/3590/3590 
f 3592/3592/3592 3605/3605/3605 3604/3604/3604 3591/3591/3591 
f 3593/3593/3593 3606/3606/3606 3605/3605/3605 3592/3592/3592 
f 3594/3594/3594 3607/3607/3607 3606/3606/3606 3593/3593/3593 
f 3595/3595/3595 3608/3608/3608 3607/3607/3607 3594/3594/3594 
f 3596/3596/3596 3609/3609/3609 3608/3608/3608 3595/3595/3595 
f 3597/3597/3597 3610/3610/3610 3609/3609/3609 3596/3596/3596 
f 3598/3598/3598 3611/3611/3611 3610/3610/3610 3597/3597/3597 
f 3599/3599/3599 3612/3612/3612 3611/3611/3611 3598/3598/3598 
f 3601/3601/3601 3614/3614/3614 3613/3613/3613 3600/3600/3600 
f 3602/3602/3602 3615/3615/3615 3614/3614/3614 3601/3601/3601 
f 3603/3603/3603 3616/3616/3616 3615/3615/3615 3602/3602/3602 
f 3604/3604/3604 3617/3617/3617 3616/3616/3616 3603/3603/3603 
f 3605/3605/3605 3618/3618/3618 3617/3617/3617 3604/3604/3604 
f 3606/3606/3606 3619/3619/3619 3618/3618/3618 3605/3605/3605 
f 3607/3607/3607 3620/3620/3620 3619/3619/3619 3606/3606/3606 
f 3608/3608/3608 3621/3621/3621 3620/3620/3620 3607/3607/3607 
f 3609/3609/3609 3622/3622/3622 3621/3621/3621 3608/3608/3608 
f 3610/3610/3610 3623/3623/3623 3622/3622/3622 3609/3609/3609 
f 3611/3611/3611 3624/3624/3624 3623/3623/3623 3610/3610/3610 
f 3612/3612/3612 3625/3625/3625 3624/3624/3624 3611/3611/3611 
f 3614/3614/3614 3627/3627/3627 3626/3626/3626 3613/3613/3613 
f 3615/3615/3615 3628/3628/3628 3627/3627/3627 3614/3614/3614 
f 3616/3616/3616 3629/3629/3629 3628/3628/3628 3615/3615/3615 
f 3617/3617/3617 3630/3630/3630 3629/3629/3629 3616/3616/3616 
f 3618/3618/3618 3631/3631/3631 3630/3630/3630 3617/3617/3617 
f 3619/3619/3619 3632/3632/3632 3631/3631/3631 3618/3618/3618 
f 3620/3620/3620 3633/3633/3633 3632/3632/3632 3619/3619/3619 
f 3621/3621/3621 3634/3634/3634 3633/3633/3633 3620/3620/3620 
f 3622/3622/3622 3635/3635/3635 3634/3634/3634 3621/3621/3621 
f 3623/3623/3623 3636/3636/3636 3635/3635/3635 3622/3622/3622 
f 3624/3624/3624 3637/3637/3637 3636/3636/3636 3623/3623/3623 
f 3625/3625/3625 3638/3638/3638 3637/3637/3637 3624/3624/3624 
f 3627/3627/3627 3640/3640/3640 3639/3639/3639 3626/3626/3626 
f 3628/3628/3628 3641/3641/3641 3640/3640/3640 3627/3627/3627 
f 3629/3629/3629 3642/3642/3642 3641/3641/3641 3628/3628/3628 
f 3630/3630/3630 3643/3643/3643 3642/3642/3642 3629/3629/3629 
f 3631/3631/3631 3644/3644/3644 3643/3643/3643 3630/3630/3630 
f 3632/3632/3632 3645/3645/3645 3644/3644/3644 3631/3631/3631 
f 3633/3633/3633 3646/3646/3646 3645/3645/3645 3632/3632/3632 
f 3634/3634/3634 3647/3647/3647 3646/3646/3646 3633/3633/3633 
f 3635/3635/3635 3648/3648/3648 3647/3647/3647 3634/3634/3634 
f 3636/3636/3636 3649/3649/3649 3648/3648/3648 3635/3635/3635 
f 3637/3637/3637 3650/3650/3650 3649/3649/3649 3636/3636/3636 
f 3638/3638/3638 3651/3651/3651 3650/3650/3650 3637/3637/3637 
f 3640/3640/3640 3653/3653/3653 3652/3652/3652 3639/3639/3639 
f 3641/3641/3641 3654/3654/3654 3653/3653/3653 3640/3640/3640 
f 3642/3642/3642 3655/3655/3655 3654/3654/3654 3641/3641/3641 
f 3643/3643/3643 3656/3656/3656 3655/3655/3655 3642/3642/3642 
f 3644/3644/3644 3657/3657/3657 3656/3656/3656 3643/3643/3643 
f 3645/3645/3645 3658/3658/3658 3657/3657/3657 3644/3644/3644 
f 3646/3646/3646 3659/3659/3659 3658/3658/3658 3645/3645/3645 
f 3647/3647/3647 3660/3660/3660 3659/3659/3659 3646/3646/3646 
f 3648/3648/3648 3661/3661/3661 3660/3660/3660 3647/3647/3647 
f 3649/3649/3649 3662/3662/3662 3661/3661/3661 3648/3648/3648 
f 3650/3650/3650 3663/3663/3663 3662/3662/3662 3649/3649/3649 
f 3651/3651/3651 3664/3664/3664 3663/3663/3663 3650/3650/3650 
f 3653/3653/3653 3666/3666/3666 3665/3665/3665 3652/3652/3652 
f 3654/3654/3654 3667/3667/3667 3666/3666/3666 3653/3653/3653 
f 3655/3655/3655 3668/3668/3668 3667/3667/3667 3654/3654/3654 
f 3656/3656/3656 3669/3669/3669 3668/3668/3668 3655/3655/3655 
f 3657/3657/3657 3670/3670/3670 3669/3669/3669 3656/3656/3656 
f 3658/3658/3658 3671/3671/3671 3670/3670/3670 3657/3657/3657 
f 3659/3659/3659 3672/3672/3672 3671/3671/3671 3658/3658/3658 
f 3660/3660/3660 3673/3673/3673 3672/3672/3672 3659/3659/3659 
f 3661/3661/3661 3674/3674/3674 3673/3673/3673 3660/3660/3660 
f 3662/3662/3662 3675/3675/3675 3674/3674/3674 3661/3661/3661 
f 3663/3663/3663 3676/3676/3676 3675/3675/3675 3662/3662/3662 
f 3664/3664/3664 3677/3677/3677 3676/3676/3676 3663/3663/3663 
f 3666/3666/3666 3679/3679/3679 3678/3678/3678 3665/3665/3665 
f 3667/3667/3667 3680/3680/3680 3679/3679/3679 3666/3666/3666 
f 3668/3668/3668 3681/3681/3681 3680/3680/3680 3667/3667/3667 
f 3669/3669/3669 3682/3682/3682 3681/3681/3681 3668/3668/3668 
f 3670/3670/3670 3683/3683/3683 3682/3682/3682 3669/3669/3669 
f 3671/3671/3671 3684/3684/3684 3683/3683/3683 3670/3670/3670 
f 3672/3672/3672 3685/3685/3685 3684/3684/3684 3671/3671/3671 
f 3673/3673/3673 3686/3686/3686 3685/3685/3685 3672/3672/3672 
f 3674/3674/3674 3687/3687/3687 3686/3686/3686 3673/3673/3673 
f 3675/3675/3675 3688/3688/3688 3687/3687/3687 3674/3674/3674 
f 3676/3676/3676 3689/3689/3689 3688/3688/3688 3675/3675/3675 
f 3677/3677/3677 3690/3690/3690 3689/3689/3689 3676/3676/3676 
f 3679/3679/3679 3692/3692/3692 3691/3691/3691 3678/3678/3678 
f 3680/3680/3680 3693/3693/3693 3692/3692/3692 3679/3679/3679 
f 3681/3681/3681 3694/3694/3694 3693/3693/3693 3680/3680/3680 
f 3682/3682/3682 3695/3695/3695 3694/3694/3694 3681/3681/3681 
f 3683/3683/3683 3696/3696/3696 3695/3695/3695 3682/3682/3682 
f 3684/3684/3684 3697/3697/3697 3696/3696/3696 3683/3683/3683 
f 3685/3685/3685 3698/3698/3698 3697/3697/3697 3684/3684/3684 
f 3686/3686/3686 3699/3699/3699 3698/3698/3698 3685/3685/3685 
f 3687/3687/3687 3700/3700/3700 3699/3699/3699 3686/3686/3686 
f 3688/3688/3688 3701/3701/3701 3700/3700/3700 3687/3687/3687 
f 3689/3689/3689 3702/3702/3702 3701/3701/3701 3688/3688/3688 
f 3690/3690/3690 3703/3703/3703 3702/3702/3702 3689/3689/3689 
f 3692/3692/3692 3705/3705/3705 3704/3704/3704 3691/3691/3691 
f 3693/3693/3693 3706/3706/3706 3705/3705/3705 3692/3692/3692 
f 3694/3694/3694 3707/3707/3707 3706/3706/3706 3693/3693/3693 
f 3695/3695/3695 3708/3708/3708 3707/3707/3707 3694/3694/3694 
f 3696/3696/3696 3709/3709/3709 3708/3708/3708 3695/3695/3695 
f 3697/3697/3697 3710/3710/3710 3709/3709/3709 3696/3696/3696 
f 3698/3698/3698 3711/3711/3711 3710/3710/3710 3697/3697/3697 
f 3699/3699/3699 3712/3712/3712 3711/3711/3711 3698/3698/3698 
f 3700/3700/3700 3713/3713/3713 3712/3712/3712 3699/3699/3699 
f 3701/3701/3701 3714/3714/3714 3713/3713/3713 3700/3700/3700 
f 3702/3702/3702 3715/3715/3715 3714/3714/3714 3701/3701/3701 
f 3703/3703/3703 3716/3716/3716 3715/3715/3715 3702/3702/3702 
f 3705/3705/3705 3718/3718/3718 3717/3717/3717 3704/3704/3704 
f 3706/3706/3706 3719/3719/3719 3718/3718/3718 3705/3705/3705 
f 3707/3707/3707 3720/3720/3720 3719/3719/3719 3706/3706/3706 
f 3708/3708/3708 3721/3721/3721 3720/3720/3720 3707/3707/3707 
f 3709/3709/3709 3722/3722/3722 3721/3721/3721 3708/3708/3708 
f 3710/3710/3710 3723/3723/3723 3722/3722/3722 3709/3709/3709 
f 3711/3711/3711 3724/3724/3724 3723/3723/3723 3710/3710/3710 
f 3712/3712/3712 3725/3725/3725 3724/3724/3724 3711/3711/3711 
f 3713/3713/3713 3726/3726/3726 3725/3725/3725 3712/3712/3712 
f 3714/3714/3714 3727/3727/3727 3726/3726/3726 3713/3713/3713 
f 3715/3715/3715 3728/3728/3728 3727/3727/3727 3714/3714/3714 
f 3716/3716/3716 3729/3729/3729 3728/3728/3728 3715/3715/3715 
f 3718/3718/3718 3731/3731/3731 3730/3730/3730 3717/3717/3717 
f 3719/3719/3719 3732/3732/3732 3731/3731/3731 3718/3718/3718 
f 3720/3720/3720 3733/3733/3733 3732/3732/3732 3719/3719/3719 
f 3721/3721/3721 3734/3734/3734 3733/3733/3733 3720/3720/3720 
f 3722/3722/3722 3735/3735/3735 3734/3734/3734 3721/3721/3721 
f 3723/3723/3723 3736/3736/3736 3735/3735/3735 3722/3722/3722 
f 3724/3724/3724 3737/3737/3737 3736/3736/3736 3723/3723/3723 
f 3725/3725/3725 3738/3738/3738 3737/3737/3737 3724/3724/3724 
f 3726/3726/3726 3739/3739/3739 3738/3738/3738 3725/3725/3725 
f 3727/3727/3727 3740/3740/3740 3739/3739/3739 3726/3726/3726 
f 3728/3728/3728 3741/3741/3741 3740/3740/3740 3727/3727/3727 
f 3729/3729/3729 3742/3742/3742 3741/3741/3741 3728/3728/3728 
f 3731/3731/3731 3744/3744/3744 3743/3743/3743 3730/3730/3730 
f 3732/3732/3732 3745/3745/3745 3744/3744/3744 3731/3731/3731 
f 3733/3733/3733 3746/3746/3746 3745/3745/3745 3732/3732/3732 
f 3734/3734/3734 3747/3747/3747 3746/3746/3746 3733/3733/3733 
f 3735/3735/3735 3748/3748/3748 3747/3747/3747 3734/3734/3734 
f 3736/3736/3736 3749/3749/3749 3748/3748/3748 3735/3735/3735 
f 3737/3737/3737 3750/3750/3750 3749/3749/3749 3736/3736/3736 
f 3738/3738/3738 3751/3751/3751 3750/3750/3750 3737/3737/3737 
f 3739/3739/3739 3752/3752/3752 3751/3751/3751 3738/3738/3738 
f 3740/3740/3740 3753/3753/3753 3752/3752/3752 3739/3739/3739 
f 3741/3741/3741 3754/3754/3754 3753/3753/3753 3740/3740/3740 
f 3742/3742/3742 3755/3755/3755 3754/3754/3754 3741/3741/3741 
f 3744/3744/3744 3757/3757/3757 3756/3756/3756 3743/3743/3743 
f 3745/3745/3745 3758/3758/3758 3757/3757/3757 3744/3744/3744 
f 3746/3746/3746 3759/3759/3759 3758/3758/3758 3745/3745/3745 
f 3747/3747/3747 3760/3760/3760 3759/3759/3759 3746/3746/3746 
f 3748/3748/3748 3761/3761/3761 3760/3760/3760 3747/3747/3747 
f 3749/3749/3749 3762/3762/3762 3761/3761/3761 3748/3748/3748 
f 3750/3750/3750 3763/3763/3763 3762/3762/3762 3749/3749/3749 
f 3751/3751/3751 3764/3764/3764 3763/3763/3763 3750/3750/3750 
f 3752/3752/3752 3765/3765/3765 3764/3764/3764 3751/3751/3751 
f 3753/3753/3753 3766/3766/3766 3765/3765/3765 3752/3752/3752 
f 3754/3754/3754 3767/3767/3767 3766/3766/3766 3753/3753/3753 
f 3755/3755/3755 3768/3768/3768 3767/3767/3767 3754/3754/3754 
f 3757/3757/3757 3770/3770/3770 3769/3769/3769 3756/3756/3756 
f 3758/3758/3758 3771/3771/3771 3770/3770/3770 3757/3757/3757 
f 3759/3759/3759 3772/3772/3772 3771/3771/3771 3758/3758/3758 
f 3760/3760/3760 3773/3773/3773 3772/3772/3772 3759/3759/3759 
f 3761/3761/3761 3774/3774/3774 3773/3773/3773 3760/3760/3760 
f 3762/3762/3762 3775/3775/3775 3774/3774/3774 3761/3761/3761 
f 3763/3763/3763 3776/3776/3776 3775/3775/3775 3762/3762/3762 
f 3764/3764/3764 3777/3777/3777 3776/3776/3776 3763/3763/3763 
f 3765/3765/3765 3778/3778/3778 3777/3777/3777 3764/3764/3764 
f 3766/3766/3766 3779/3779/3779 3778/3778/3778 3765/3765/3765 
f 3767/3767/3767 3780/3780/3780 3779/3779/3779 3766/3766/3766 
f 3768/3768/3768 3781/3781/3781 3780/3780/3780 3767/3767/3767 
f 3770/3770/3770 3783/3783/3783 3782/3782/3782 3769/3769/3769 
f 3771/3771/3771 3784/3784/3784 3783/3783/3783 3770/3770/3770 
f 3772/3772/3772 3785/3785/3785 3784/3784/3784 3771/3771/3771 
f 3773/3773/3773 3786/3786/3786 3785/3785/3785 3772/3772/3772 
f 3774/3774/3774 3787/3787/3787 3786/3786/3786 3773/3773/3773 
f 3775/3775/3775 3788/3788/3788 3787/3787/3787 3774/3774/3774 
f 3776/3776/3776 3789/3789/3789 3788/3788/3788 3775/3775/3775 
f 3777/3777/3777 3790/3790/3790 3789/3789/3789 3776/3776/3776 
f 3778/3778/3778 3791/3791/3791 3790/3790/3790 3777/3777/3777 
f 3779/3779/3779 3792/3792/3792 3791/3791/3791 3778/3778/3778 
f 3780/3780/3780 3793/3793/3793 3792/3792/3792 3779/3779/3779 
f 3781/3781/3781 3794/3794/3794 3793/3793/3793 3780/3780/3780 
f 3783/3783/3783 3796/3796/3796 3795/3795/3795 3782/3782/3782 
f 3784/3784/3784 3797/3797/3797 3796/3796/3796 3783/3783/3783 
f 3785/3785/3785 3798/3798/3798 3797/3797/3797 3784/3784/3784 
f 3786/3786/3786 3799/3799/3799 3798/3798/3798 3785/3785/3785 
f 3787/3787/3787 3800/3800/3800 3799/3799/3799 3786/3786/3786 
f 3788/3788/3788 3801/3801/3801 3800/3800/3800 3787/3787/3787 
f 3789/3789/3789 3802/3802/3802 3801/3801/3801 3788/3788/3788 
f 3790/3790/3790 3803/3803/3803 3802/3802/3802 3789/3789/3789 
f 3791/3791/3791 3804/3804/3804 3803/3803/3803 3790/3790/3790 
f 3792/3792/3792 3805/3805/3805 3804/3804/3804 3791/3791/3791 
f 3793/3793/3793 3806/3806/3806 3805/3805/3805 3792/3792/3792 
f 3794/3794/3794 3807/3807/3807 3806/3806/3806 3793/3793/3793 
f 3796/3796/3796 3809/3809/3809 3808/3808/3808 3795/3795/3795 
f 3797/3797/3797 3810/3810/3810 3809/3809/3809 3796/3796/3796 
f 3798/3798/3798 3811/3811/3811 3810/3810/3810 3797/3797/3797 
f 3799/3799/3799 3812/3812/3812 3811/3811/3811 3798/3798/3798 
f 3800/3800/3800 3813/3813/3813 3812/3812/3812 3799/3799/3799 
f 3801/3801/3801 3814/3814/3814 3813/3813/3813 3800/3800/3800 
f 3802/3802/3802 3815/3815/3815 3814/3814/3814 3801/3801/3801 
f 3803/3803/3803 3816/3816/3816 3815/3815/3815 3802/3802/3802 
f 3804/3804/3804 3817/3817/3817 3816/3816/3816 3803/3803/3803 
f 3805/3805/3805 3818/3818/3818 3817/3817/3817 3804/3804/3804 
f 3806/3806/3806 3819/3819/3819 3818/3818/3818 3805/3805/3805 
f 3807/3807/3807 3820/3820/3820 3819/3819/3819 3806/3806/3806 
f 3809/3809/3809 3822/3822/3822 3821/3821/3821 3808/3808/3808 
f 3810/3810/3810 3823/3823/3823 3822/3822/3822 3809/3809/3809 
f 3811/3811/3811 3824/3824/3824 3823/3823/3823 3810/3810/3810 
f 3812/3812/3812 3825/3825/3825 3824/3824/3824 3811/3811/3811 
f 3813/3813/3813 3826/3826/3826 3825/3825/3825 3812/3812/3812 
f 3814/3814/3814 3827/3827/3827 3826/3826/3826 3813/3813/3813 
f 3815/3815/3815 3828/3828/3828 3827/3827/3827 3814/3814/3814 
f 3816/3816/3816 3829/3829/3829 3828/3828/3828 3815/3815/3815 
f 3817/3817/3817 3830/3830/3830 3829/3829/3829 3816/3816/3816 
f 3818/3818/3818 3831/3831/3831 3830/3830/3830 3817/3817/3817 
f 3819/3819/3819 3832/3832/3832 3831/3831/3831 3818/3818/3818 
f 3820/3820/3820 3833/3833/3833 3832/3832/3832 3819/3819/3819 
f 3822/3822/3822 3835/3835/3835 3834/3834/3834 3821/3821/3821 
f 3823/3823/3823 3836/3836/3836 3835/3835/3835 3822/3822/3822 
f 3824/3824/3824 3837/3837/3837 3836/3836/3836 3823/3823/3823 
f 3825/3825/3825 3838/3838/3838 3837/3837/3837 3824/3824/3824 
f 3826/3826/3826 3839/3839/3839 3838/3838/3838 3825/3825/3825 
f 3827/3827/3827 3840/3840/3840 3839/3839/3839 3826/3826/3826 
f 3828/3828/3828 3841/3841/3841 3840/3840/3840 3827/3827/3827 
f 3829/3829/3829 3842/3842/3842 3841/3841/3841 3828/3828/3828 
f 3830/3830/3830 3843/3843/3843 3842/3842/3842 3829/3829/3829 
f 3831/3831/3831 3844/3844/3844 3843/3843/3843 3830/3830/3830 
f 3832/3832/3832 3845/3845/3845 3844/3844/3844 3831/3831/3831 
f 3833/3833/3833 3846/3846/3846 3845/3845/3845 3832/3832/3832 
f 3835/3835/3835 3848/3848/3848 3847/3847/3847 3834/3834/3834 
f 3836/3836/3836 3849/3849/3849 3848/3848/3848 3835/3835/3835 
f 3837/3837/3837 3850/3850/3850 3849/3849/3849 3836/3836/3836 
f 3838/3838/3838 3851/3851/3851 3850/3850/3850 3837/3837/3837 
f 3839/3839/3839 3852/3852/3852 3851/3851/3851 3838/3838/3838 
f 3840/3840/3840 3853/3853/3853 3852/3852/3852 3839/3839/3839 
f 3841/3841/3841 3854/3854/3854 3853/3853/3853 3840/3840/3840 
f 3842/3842/3842 3855/3855/3855 3854/3854/3854 3841/3841/3841 
f 3843/3843/3843 3856/3856/3856 3855/3855/3855 3842/3842/3842 
f 3844/3844/3844 3857/3857/3857 3856/3856/3856 3843/3843/3843 
f 3845/3845/3845 3858/3858/3858 3857/3857/3857 3844/3844/3844 
f 3846/3846/3846 3859/3859/3859 3858/3858/3858 3845/3845/3845 
f 3848/3848/3848 3861/3861/3861 3860/3860/3860 3847/3847/3847 
f 3849/3849/3849 3862/3862/3862 3861/3861/3861 3848/3848/3848 
f 3850/3850/3850 3863/3863/3863 3862/3862/3862 3849/3849/3849 
f 3851/3851/3851 3864/3864/3864 3863/3863/3863 3850/3850/3850 
f 3852/3852/3852 3865/3865/3865 3864/3864/3864 3851/3851/3851 
f 3853/3853/3853 3866/3866/3866 3865/3865/3865 3852/3852/3852 
f 3854/3854/3854 3867/3867/3867 3866/3866/3866 3853/3853/3853 
f 3855/3855/3855 3868/3868/3868 3867/3867/3867 3854/3854/3854 
f 3856/3856/3856 3869/3869/3869 3868/3868/3868 3855/3855/3855 
f 3857/3857/3857 3870/3870/3870 3869/3869/3869 3856/3856/3856 
f 3858/3858/3858 3871/3871/3871 3870/3870/3870 3857/3857/3857 
f 3859/3859/3859 3872/3872/3872 3871/3871/3871 3858/3858/3858 
f 3861/3861/3861 3874/3874/3874 3873/3873/3873 3860/3860/3860 
f 3862/3862/3862 3875/3875/3875 3874/3874/3874 3861/3861/3861 
f 3863/3863/3863 3876/3876/3876 3875/3875/3875 3862/3862/3862 
f 3864/3864/3864 3877/3877/3877 3876/3876/3876 3863/3863/3863 
f 3865/3865/3865 3878/3878/3878 3877/3877/3877 3864/3864/3864 
f 3866/3866/3866 3879/3879/3879 3878/3878/3878 3865/3865/3865 
f 3867/3867/3867 3880/3880/3880 3879/3879/3879 3866/3866/3866 
f 3868/3868/3868 3881/3881/3881 3880/3880/3880 3867/3867/3867 
f 3869/3869/3869 3882/3882/3882 3881/3881/3881 3868/3868/3868 
f 3870/3870/3870 3883/3883/3883 3882/3882/3882 3869/3869/3869 
f 3871/3871/3871 3884/3884/3884 3883/3883/3883 3870/3870/3870 
f 3872/3872/3872 3885/3885/3885 3884/3884/3884 3871/3871/3871 
f 3874/3874/3874 3887/3887/3887 3886/3886/3886 3873/3873/3873 
f 3875/3875/3875 3888/3888/3888 3887/3887/3887 3874/3874/3874 
f 3876/3876/3876 3889/3889/3889 3888/3888/3888 3875/3875/3875 
f 3877/3877/3877 3890/3890/3890 3889/3889/3889 3876/3876/3876 
f 3878/3878/3878 3891/3891/3891 3890/3890/3890 3877/3877/3877 
f 3879/3879/3879 3892/3892/3892 3891/3891/3891 3878/3878/3878 
f 3880/3880/3880 3893/3893/3893 3892/3892/3892 3879/3879/3879 
f 3881/3881/3881 3894/3894/3894 3893/3893/3893 3880/3880/3880 
f 3882/3882/3882 3895/3895/3895 3894/3894/3894 3881/3881/3881 
f 3883/3883/3883 3896/3896/3896 3895/3895/3895 3882/3882/3882 
f 3884/3884/3884 3897/3897/3897 3896/3896/3896 3883/3883/3883 
f 3885/3885/3885 3898/3898/3898 3897/3897/3897 3884/3884/3884 
f 3887/3887/3887 3900/3900/3900 3899/3899/3899 3886/3886/3886 
f 3888/3888/3888 3901/3901/3901 3900/3900/3900 3887/3887/3887 
f 3889/3889/3889 3902/3902/3902 3901/3901/3901 3888/3888/3888 
f 3890/3890/3890 3903/3903/3903 3902/3902/3902 3889/3889/3889 
f 3891/3891/3891 3904/3904/3904 3903/3903/3903 3890/3890/3890 
f 3892/3892/3892 3905/3905/3905 3904/3904/3904 3891/3891/3891 
f 3893/3893/3893 3906/3906/3906 3905/3905/3905 3892/3892/3892 
f 3894/3894/3894 3907/3907/3907 3906/3906/3906 3893/3893/3893 
f 3895/3895/3895 3908/3908/3908 3907/3907/3907 3894/3894/3894 
f 3896/3896/3896 3909/3909/3909 3908/3908/3908 3895/3895/3895 
f 3897/3897/3897 3910/3910/3910 3909/3909/3909 3896/3896/3896 
f 3898/3898/3898 3911/3911/3911 3910/3910/3910 3897/3897/3897 
f 3900/3900/3900 3913/3913/3913 3912/3912/3912 3899/3899/3899 
f 3901/3901/3901 3914/3914/3914 3913/3913/3913 3900/3900/3900 
f 3902/3902/3902 3915/3915/3915 3914/3914/3914 3901/3901/3901 
f 3903/3903/3903 3916/3916/3916 3915/3915/3915 3902/3902/3902 
f 3904/3904/3904 3917/3917/3917 3916/3916/3916 3903/3903/3903 
f 3905/3905/3905 3918/3918/3918 3917/3917/3917 3904/3904/3904 
f 3906/3906/3906 3919/3919/3919 3918/3918/3918 3905/3905/3905 
f 3907/3907/3907 3920/3920/3920 3919/3919/3919 3906/3906/3906 
f 3908/3908/3908 3921/3921/3921 3920/3920/3920 3907/3907/3907 
f 3909/3909/3909 3922/3922/3922 3921/3921/3921 3908/3908/3908 
f 3910/3910/3910 3923/3923/3923 3922/3922/3922 3909/3909/3909 
f 3911/3911/3911 3924/3924/3924 3923/3923/3923 3910/3910/3910 
f 3913/3913/3913 3926/3926/3926 3925/3925/3925 3912/3912/3912 
f 3914/3914/3914 3927/3927/3927 3926/3926/3926 3913/3913/3913 
f 3915/3915/3915 3928/3928/3928 3927/3927/3927 3914/3914/3914 
f 3916/3916/3916 3929/3929/3929 3928/3928/3928 3915/3915/3915 
f 3917/3917/3917 3930/3930/3930 3929/3929/3929 3916/3916/3916 
f 3918/3918/3918 3931/3931/3931 3930/3930/3930 3917/3917/3917 
f 3919/3919/3919 3932/3932/3932 3931/3931/3931 3918/3918/3918 
f 3920/3920/3920 3933/3933/3933 3932/3932/3932 3919/3919/3919 
f 3921/3921/3921 3934/3934/3934 3933/3933/3933 3920/3920/3920 
f 3922/3922/3922 3935/3935/3935 3934/3934/3934 3921/3921/3921 
f 3923/3923/3923 3936/3936/3936 3935/3935/3935 3922/3922/3922 
f 3924/3924/3924 3937/3937/3937 3936/3936/3936 3923/3923/3923 
f 3926/3926/3926 3939/3939/3939 3938/3938/3938 3925/3925/3925 
f 3927/3927/3927 3940/3940/3940 3939/3939/3939 3926/3926/3926 
f 3928/3928/3928 3941/3941/3941 3940/3940/3940 3927/3927/3927 
f 3929/3929/3929 3942/3942/3942 3941/3941/3941 3928/3928/3928 
f 3930/3930/3930 3943/3943/3943 3942/3942/3942 3929/3929/3929 
f 3931/3931/3931 3944/3944/3944 3943/3943/3943 3930/3930/3930 
f 3932/3932/3932 3945/3945/3945 3944/3944/3944 3931/3931/3931 
f 3933/3933/3933 3946/3946/3946 3945/3945/3945 3932/3932/3932 
f 3934/3934/3934 3947/3947/3947 3946/3946/3946 3933/3933/3933 
f 3935/3935/3935 3948/3948/3948 3947/3947/3947 3934/3934/3934 
f 3936/3936/3936 3949/3949/3949 3948/3948/3948 3935/3935/3935 
f 3937/3937/3937 3950/3950/3950 3949/3949/3949 3936/3936/3936 
f 3939/3939/3939 3952/3952/3952 3951/3951/3951 3938/3938/3938 
f 3940/3940/3940 3953/3953/3953 3952/3952/3952 3939/3939/3939 
f 3941/3941/3941 3954/3954/3954 3953/3953/3953 3940/3940/3940 
f 3942/3942/3942 3955/3955/3955 3954/3954/3954 3941/3941/3941 
f 3943/3943/3943 3956/3956/3956 3955/3955/3955 3942/3942/3942 
f 3944/3944/3944 3957/3957/3957 3956/3956/3956 3943/3943/3943 
f 3945/3945/3945 3958/3958/3958 3957/3957/3957 3944/3944/3944 
f 3946/3946/3946 3959/3959/3959 3958/3958/3958 3945/3945/3945 
f 3947/3947/3947 3960/3960/3960 3959/3959/3959 3946/3946/3946 
f 3948/3948/3948 3961/3961/3961 3960/3960/3960 3947/3947/3947 
f 3949/3949/3949 3962/3962/3962 3961/3961/3961 3948/3948/3948 
f 3950/3950/3950 3963/3963/3963 3962/3962/3962 3949/3949/3949 
f 3952/3952/3952 3965/3965/3965 3964/3964/3964 3951/3951/3951 
f 3953/3953/3953 3966/3966/3966 3965/3965/3965 3952/3952/3952 
f 3954/3954/3954 3967/3967/3967 3966/3966/3966 3953/3953/3953 
f 3955/3955/3955 3968/3968/3968 3967/3967/3967 3954/3954/3954 
f 3956/3956/3956 3969/3969/3969 3968/3968/3968 3955/3955/3955 
f 3957/3957/3957 3970/3970/3970 3969/3969/3969 3956/3956/3956 
f 3958/3958/3958 3971/3971/3971 3970/3970/3970 3957/3957/3957 
f 3959/3959/3959 3972/3972/3972 3971/3971/3971 3958/3958/3958 
f 3960/3960/3960 3973/3973/3973 3972/3972/3972 3959/3959/3959 
f 3961/3961/3961 3974/3974/3974 3973/3973/3973 3960/3960/3960 
f 3962/3962/3962 3975/3975/3975 3974/3974/3974 3961/3961/3961 
f 3963/3963/3963 3976/3976/3976 3975/3975/3975 3962/3962/3962 
f 3965/3965/3965 3978/3978/3978 3977/3977/3977 3964/3964/3964 
f 3966/3966/3966 3979/3979/3979 3978/3978/3978 3965/3965/3965 
f 3967/3967/3967 3980/3980/3980 3979/3979/3979 3966/3966/3966 
f 3968/3968/3968 3981/3981/3981 3980/3980/3980 3967/3967/3967 
f 3969/3969/3969 3982/3982/3982 3981/3981/3981 3968/3968/3968 
f 3970/3970/3970 3983/3983/3983 3982/3982/3982 3969/3969/3969 
f 3971/3971/3971 3984/3984/3984 3983/3983/3983 3970/3970/3970 
f 3972/3972/3972 3985/3985/3985 3984/3984/3984 3971/3971/3971 
f 3973/3973/3973 3986/3986/3986 3985/3985/3985 3972/3972/3972 
f 3974/3974/3974 3987/3987/3987 3986/3986/3986 3973/3973/3973 
f 3975/3975/3975 3988/3988/3988 3987/3987/3987 3974/3974/3974 
f 3976/3976/3976 3989/3989/3989 3988/3988/3988 3975/3975/3975 
f 3978/3978/3978 3991/3991/3991 3990/3990/3990 3977/3977/3977 
f 3979/3979/3979 3992/3992/3992 3991/3991/3991 3978/3978/3978 
f 3980/3980/3980 3993/3993/3993 3992/3992/3992 3979/3979/3979 
f 3981/3981/3981 3994/3994/3994 3993/3993/3993 3980/3980/3980 
f 3982/3982/3982 3995/3995/3995 3994/3994/3994 3981/3981/3981 
f 3983/3983/3983 3996/3996/3996 3995/3995/3995 3982/3982/3982 
f 3984/3984/3984 3997/3997/3997 3996/3996/3996 3983/3983/3983 
f 3985/3985/3985 3998/3998/3998 3997/3997/3997 3984/3984/3984 
f 3986/3986/3986 3999/3999/3999 3998/3998/3998 3985/3985/3985 
f 3987/3987/3987 4000/4000/4000 3999/3999/3999 3986/3986/3986 
f 3988/3988/3988 4001/4001/4001 4000/4000/4000 3987/3987/3987 
f 3989/3989/3989 4002/4002/4002 4001/4001/4001 3988/3988/3988 
f 3991/3991/3991 4004/4004/4004 4003/4003/4003 3990/3990/3990 
f 3992/3992/3992 4005/4005/4005 4004/4004/4004 3991/3991/3991 
f 3993/3993/3993 4006/4006/4006 4005/4005/4005 3992/3992/3992 
f 3994/3994/3994 4007/4007/4007 4006/4006/4006 3993/3993/3993 
f 3995/3995/3995 4008/4008/4008 4007/4007/4007 3994/3994/3994 
f 3996/3996/3996 4009/4009/4009 4008/4008/4008 3995/3995/3995 
f 3997/3997/3997 4010/4010/4010 4009/4009/4009 3996/3996/3996 
f 3998/3998/3998 4011/4011/4011 4010/4010/4010 3997/3997/3997 
f 3999/3999/3999 4012/4012/4012 4011/4011/4011 3998/3998/3998 
f 4000/4000/4000 4013/4013/4013 4012/4012/4012 3999/3999/3999 
f 4001/4001/4001 4014/4014/4014 4013/4013/4013 4000/4000/4000 
f 4002/4002/4002 4015/4015/4015 4014/4014/4014 4001/4001/4001 
f 4004/4004/4004 4017/4017/4017 4016/4016/4016 4003/4003/4003 
f 4005/4005/4005 4018/4018/4018 4017/4017/4017 4004/4004/4004 
f 4006/4006/4006 4019/4019/4019 4018/4018/4018 4005/4005/4005 
f 4007/4007/4007 4020/4020/4020 4019/4019/4019 4006/4006/4006 
f 4008/4008/4008 4021/4021/4021 4020/4020/4020 4007/4007/4007 
f 4009/4009/4009 4022/4022/4022 4021/4021/4021 4008/4008/4008 
f 4010/4010/4010 4023/4023/4023 4022/4022/4022 4009/4009/4009 
f 4011/4011/4011 4024/4024/4024 4023/4023/4023 4010/4010/4010 
f 4012/4012/4012 4025/4025/4025 4024/4024/4024 4011/4011/4011 
f 4013/4013/4013 4026/4026/4026 4025/4025/4025 4012/4012/4012 
f 4014/4014/4014 4027/4027/4027 4026/4026/4026 4013/4013/4013 
f 4015/4015/4015 4028/4028/4028 4027/4027/4027 4014/4014/4014 
f 4017/4017/4017 4030/4030/4030 4029/4029/4029 4016/4016/4016 
f 4018/4018/4018 4031/4031/4031 4030/4030/4030 4017/4017/4017 
f 4019/4019/4019 4032/4032/4032 4031/4031/4031 4018/4018/4018 
f 4020/4020/4020 4033/4033/4033 4032/4032/4032 4019/4019/4019 
f 4021/4021/4021 4034/4034/4034 4033/4033/4033 4020/4020/4020 
f 4022/4022/4022 4035/4035/4035 4034/4034/4034 4021/4021/4021 
f 4023/4023/4023 4036/4036/4036 4035/4035/4035 4022/4022/4022 
f 4024/4024/4024 4037/4037/4037 4036/4036/4036 4023/4023/4023 
f 4025/4025/4025 4038/4038/4038 4037/4037/4037 4024/4024/4024 
f 4026/4026/4026 4039/4039/4039 4038/4038/4038 4025/4025/4025 
f 4027/4027/4027 4040/4040/4040 4039/4039/4039 4026/4026/4026 
f 4028/4028/4028 4041/4041/4041 4040/4040/4040 4027/4027/4027 
f 4030/4030/4030 4043/4043/4043 4042/4042/4042 4029/4029/4029 
f 4031/4031/4031 4044/4044/4044 4043/4043/4043 4030/4030/4030 
f 4032/4032/4032 4045/4045/4045 4044/4044/4044 4031/4031/4031 
f 4033/4033/4033 4046/4046/4046 4045/4045/4045 4032/4032/4032 
f 4034/4034/4034 4047/4047/4047 4046/4046/4046 4033/4033/4033 
f 4035/4035/4035 4048/4048/4048 4047/4047/4047 4034/4034/4034 
f 4036/4036/4036 4049/4049/4049 4048/4048/4048 4035/4035/4035 
f 4037/4037/4037 4050/4050/4050 4049/4049/4049 4036/4036/4036 
f 4038/4038/4038 4051/4051/4051 4050/4050/4050 4037/4037/4037 
f 4039/4039/4039 4052/4052/4052 4051/4051/4051 4038/4038/4038 
f 4040/4040/4040 4053/4053/4053 4052/4052/4052 4039/4039/4039 
f 4041/4041/4041 4054/4054/4054 4053/4053/4053 4040/4040/4040 
f 4043/4043/4043 4056/4056/4056 4055/4055/4055 4042/4042/4042 
f 4044/4044/4044 4057/4057/4057 4056/4056/4056 4043/4043/4043 
f 4045/4045/4045 4058/4058/4058 4057/4057/4057 4044/4044/4044 
f 4046/4046/4046 4059/4059/4059 4058/4058/4058 4045/4045/4045 
f 4047/4047/4047 4060/4060/4060 4059/4059/4059 4046/4046/4046 
f 4048/4048/4048 4061/4061/4061 4060/4060/4060 4047/4047/4047 
f 4049/4049/4049 4062/4062/4062 4061/4061/4061 4048/4048/4048 
f 4050/4050/4050 4063/4063/4063 4062/4062/4062 4049/4049/4049 
f 4051/4051/4051 4064/4064/4064 4063/4063/4063 4050/4050/4050 
f 4052/4052/4052 4065/4065/4065 4064/4064/4064 4051/4051/4051 
f 4053/4053/4053 4066/4066/4066 4065/4065/4065 4052/4052/4052 
f 4054/4054/4054 4067/4067/4067 4066/4066/4066 4053/4053/4053 
f 4056/4056/4056 4069/4069/4069 4068/4068/4068 4055/4055/4055 
f 4057/4057/4057 4070/4070/4070 4069/4069/4069 4056/4056/4056 
f 4058/4058/4058 4071/4071/4071 4070/4070/4070 4057/4057/4057 
f 4059/4059/4059 4072/4072/4072 4071/4071/4071 4058/4058/4058 
f 4060/4060/4060 4073/4073/4073 4072/4072/4072 4059/4059/4059 
f 4061/4061/4061 4074/4074/4074 4073/4073/4073 4060/4060/4060 
f 4062/4062/4062 4075/4075/4075 4074/4074/4074 4061/4061/4061 
f 4063/4063/4063 4076/4076/4076 4075/4075/4075 4062/4062/4062 
f 4064/4064/4064 4077/4077/4077 4076/4076/4076 4063/4063/4063 
f 4065/4065/4065 4078/4078/4078 4077/4077/4077 4064/4064/4064 
f 4066/4066/4066 4079/4079/4079 4078/4078/4078 4065/4065/4065 
f 4067/4067/4067 4080/4080/4080 4079/4079/4079 4066/4066/4066 
f 4069/4069/4069 4082/4082/4082 4081/4081/4081 4068/4068/4068 
f 4070/4070/4070 4083/4083/4083 4082/4082/4082 4069/4069/4069 
f 4071/4071/4071 4084/4084/4084 4083/4083/4083 4070/4070/4070 
f 4072/4072/4072 4085/4085/4085 4084/4084/4084 4071/4071/4071 
f 4073/4073/4073 4086/4086/4086 4085/4085/4085 4072/4072/4072 
f 4074/4074/4074 4087/4087/4087 4086/4086/4086 4073/4073/4073 
f 4075/4075/4075 4088/4088/4088 4087/4087/4087 4074/4074/4074 
f 4076/4076/4076 4089/4089/4089 4088/4088/4088 4075/4075/4075 
f 4077/4077/4077 4090/4090/4090 4089/4089/4089 4076/4076/4076 
f 4078/4078/4078 4091/4091/4091 4090/4090/4090 4077/4077/4077 
f 4079/4079/4079 4092/4092/4092 4091/4091/4091 4078/4078/4078 
f 4080/4080/4080 4093/4093/4093 4092/4092/4092 4079/4079/4079 
f 4082/4082/4082 4095/4095/4095 4094/4094/4094 4081/4081/4081 
f 4083/4083/4083 4096/4096/4096 4095/4095/4095 4082/4082/4082 
f 4084/4084/4084 4097/4097/4097 4096/4096/4096 4083/4083/4083 
f 4085/4085/4085 4098/4098/4098 4097/4097/4097 4084/4084/4084 
f 4086/4086/4086 4099/4099/4099 4098/4098/4098 4085/4085/4085 
f 4087/4087/4087 4100/4100/4100 4099/4099/4099 4086/4086/4086 
f 4088/4088/4088 4101/4101/4101 4100/4100/4100 4087/4087/4087 
f 4089/4089/4089 4102/4102/4102 4101/4101/4101 4088/4088/4088 
f 4090/4090/4090 4103/4103/4103 4102/4102/4102 4089/4089/4089 
f 4091/4091/4091 4104/4104/4104 4103/4103/4103 4090/4090/4090 
f 4092/4092/4092 4105/4105/4105 4104/4104/4104 4091/4091/4091 
f 4093/4093/4093 4106/4106/4106 4105/4105/4105 4092/4092/4092 
f 4095/4095/4095 4108/4108/4108 4107/4107/4107 4094/4094/4094 
f 4096/4096/4096 4109/4109/4109 4108/4108/4108 4095/4095/4095 
f 4097/4097/4097 4110/4110/4110 4109/4109/4109 4096/4096/4096 
f 4098/4098/4098 4111/4111/4111 4110/4110/4110 4097/4097/4097 
f 4099/4099/4099 4112/4112/4112 4111/4111/4111 4098/4098/4098 
f 4100/4100/4100 4113/4113/4113 4112/4112/4112 4099/4099/4099 
f 4101/4101/4101 4114/4114/4114 4113/4113/4113 4100/4100/4100 
f 4102/4102/4102 4115/4115/4115 4114/4114/4114 4101/4101/4101 
f 4103/4103/4103 4116/4116/4116 4115/4115/4115 4102/4102/4102 
f 4104/4104/4104 4117/4117/4117 4116/4116/4116 4103/4103/4103 
f 4105/4105/4105 4118/4118/4118 4117/4117/4117 4104/4104/4104 
f 4106/4106/4106 4119/4119/4119 4118/4118/4118 4105/4105/4105 
f 4108/4108/4108 4121/4121/4121 4120/4120/4120 4107/4107/4107 
f 4109/4109/4109 4122/4122/4122 4121/4121/4121 4108/4108/4108 
f 4110/4110/4110 4123/4123/4123 4122/4122/4122 4109/4109/4109 
f 4111/4111/4111 4124/4124/4124 4123/4123/4123 4110/4110/4110 
f 4112/4112/4112 4125/4125/4125 4124/4124/4124 4111/4111/4111 
f 4113/4113/4113 4126/4126/4126 4125/4125/4125 4112/4112/4112 
f 4114/4114/4114 4127/4127/4127 4126/4126/4126 4113/4113/4113 
f 4115/4115/4115 4128/4128/4128 4127/4127/4127 4114/4114/4114 
f 4116/4116/4116 4129/4129/4129 4128/4128/4128 4115/4115/4115 
f 4117/4117/4117 4130/4130/4130 4129/4129/4129 4116/4116/4116 
f 4118/4118/4118 4131/4131/4131 4130/4130/4130 4117/4117/4117 
f 4119/4119/4119 4132/4132/4132 4131/4131/4131 4118/4118/4118 
f 4121/4121/4121 4134/4134/4134 4133/4133/4133 4120/4120/4120 
f 4122/4122/4122 4135/4135/4135 4134/4134/4134 4121/4121/4121 
f 4123/4123/4123 4136/4136/4136 4135/4135/4135 4122/4122/4122 
f 4124/4124/4124 4137/4137/4137 4136/4136/4136 4123/4123/4123 
f 4125/4125/4125 4138/4138/4138 4137/4137/4137 4124/4124/4124 
f 4126/4126/4126 4139/4139/4139 4138/4138/4138 4125/4125/4125 
f 4127/4127/4127 4140/4140/4140 4139/4139/4139 4126/4126/4126 
f 4128/4128/4128 4141/4141/4141 4140/4140/4140 4127/4127/4127 
f 4129/4129/4129 4142/4142/4142 4141/4141/4141 4128/4128/4128 
f 4130/4130/4130 4143/4143/4143 4142/4142/4142 4129/4129/4129 
f 4131/4131/4131 4144/4144/4144 4143/4143/4143 4130/4130/4130 
f 4132/4132/4132 4145/4145/4145 4144/4144/4144 4131/4131/4131 
f 4147/4147/4147 4159/4159/4159 4158/4158/4158 4146/4146/4146 
f 4148/4148/4148 4160/4160/4160 4159/4159/4159 4147/4147/4147 
f 4149/4149/4149 4161/4161/4161 4160/4160/4160 4148/4148/4148 
f 4150/4150/4150 4162/4162/4162 4161/4161/4161 4149/4149/4149 
f 4151/4151/4151 4163/4163/4163 4162/4162/4162 4150/4150/4150 
f 4152/4152/4152 4164/4164/4164 4163/4163/4163 4151/4151/4151 
f 4153/4153/4153 4165/4165/4165 4164/4164/4164 4152/4152/4152 
f 4154/4154/4154 4166/4166/4166 4165/4165/4165 4153/4153/4153 
f 4155/4155/4155 4167/4167/4167 4166/4166/4166 4154/4154/4154 
f 4156/4156/4156 4168/4168/4168 4167/4167/4167 4155/4155/4155 
f 4157/4157/4157 4169/4169/4169 4168/4168/4168 4156/4156/4156 
f 4146/4146/4146 4158/4158/4158 4169/4169/4169 4157/4157/4157 
f 4159/4159/4159 4171/4171/4171 4170/4170/4170 4158/4158/4158 
f 4160/4160/4160 4172/4172/4172 4171/4171/4171 4159/4159/4159 
f 4161/4161/4161 4173/4173/4173 4172/4172/4172 4160/4160/4160 
f 4162/4162/4162 4174/4174/4174 4173/4173/4173 4161/4161/4161 
f 4163/4163/4163 4175/4175/4175 4174/4174/4174 4162/4162/4162 
f 4164/4164/4164 4176/4176/4176 4175/4175/4175 4163/4163/4163 
f 4165/4165/4165 4177/4177/4177 4176/4176/4176 4164/4164/4164 
f 4166/4166/4166 4178/4178/4178 4177/4177/4177 4165/4165/4165 
f 4167/4167/4167 4179/4179/4179 4178/4178/4178 4166/4166/4166 
f 4168/4168/4168 4180/4180/4180 4179/4179/4179 4167/4167/4167 
f 4169/4169/4169 4181/4181/4181 4180/4180/4180 4168/4168/4168 
f 4158/4158/4158 4170/4170/4170 4181/4181/4181 4169/4169/4169 
f 4171/4171/4171 4183/4183/4183 4182/4182/4182 4170/4170/4170 
f 4172/4172/4172 4184/4184/4184 4183/4183/4183 4171/4171/4171 
f 4173/4173/4173 4185/4185/4185 4184/4184/4184 4172/4172/4172 
f 4174/4174/4174 4186/4186/4186 4185/4185/4185 4173/4173/4173 
f 4175/4175/4175 4187/4187/4187 4186/4186/4186 4174/4174/4174 
f 4176/4176/4176 4188/4188/4188 4187/4187/4187 4175/4175/4175 
f 4177/4177/4177 4189/4189/4189 4188/4188/4188 4176/4176/4176 
f 4178/4178/4178 4190/4190/4190 4189/4189/4189 4177/4177/4177 
f 4179/4179/4179 4191/4191/4191 4190/4190/4190 4178/4178/4178 
f 4180/4180/4180 4192/4192/4192 4191/4191/4191 4179/4179/4179 
f 4181/4181/4181 4193/4193/4193 4192/4192/4192 4180/4180/4180 
f 4170/4170/4170 4182/4182/4182 4193/4193/4193 4181/4181/4181 
f 4182/4182/4182 4183/4183/4183 4184/4184/4184 4194/4194/4194 
f 4184/4184/4184 4185/4185/4185 4186/4186/4186 4194/4194/4194 
f 4186/4186/4186 4187/4187/4187 4188/4188/4188 4194/4194/4194 
f 4188/4188/4188 4189/4189/4189 4190/4190/4190 4194/4194/4194 
f 4190/4190/4190 4191/4191/4191 4192/4192/4192 4194/4194/4194 
f 4192/4192/4192 4193/4193/4193 4182/4182/4182 4194/4194/4194 

g s.0082
usemap Standard_5A3C20
usemtl Standard_5A3C20
v -0.6225765 1.106762 1.164094
v 0.2764016 1.203006 1.491416
v 0.3550028 -0.4681998 1.645499
v -0.5266703 -0.5598104 1.272908
v 0.2764016 1.203006 1.491416
v 0.4019901 1.243825 1.197048
v 0.480192 -0.5046881 1.355658
v 0.3550028 -0.4681998 1.645499
v 0.4019901 1.243825 1.197048
v -0.4948727 1.168922 0.8585353
v -0.3965641 -0.5782173 0.9677696
v 0.480192 -0.5046881 1.355658
v -0.4948727 1.168922 0.8585353
v -0.6225765 1.106762 1.164094
v -0.5266703 -0.5598104 1.272908
v -0.3965641 -0.5782173 0.9677696
v -0.5266703 -0.5598104 1.272908
v 0.3550028 -0.4681998 1.645499
v 0.480192 -0.5046881 1.355658
v -0.3965641 -0.5782173 0.9677696
v -0.4948727 1.168922 0.8585353
v 0.4019901 1.243825 1.197048
v 0.2764016 1.203006 1.491416
v -0.6225765 1.106762 1.164094

vn -0.3701941 0.05369141 0.9274015
vn -0.3478896 0.06983726 0.9349309
vn -0.3701941 0.05369141 0.9274015
vn -0.3922884 0.03743396 0.9190803
vn 0.9159067 0.07799961 0.3937397
vn 0.9131407 0.07714976 0.4002776
vn 0.9159067 0.07799961 0.3937397
vn 0.9187434 0.07888222 0.3868956
vn 0.3821829 -0.05139785 -0.9226563
vn 0.3556677 -0.03837159 -0.9338245
vn 0.3821829 -0.05139785 -0.9226563
vn 0.4082557 -0.06434237 -0.9105972
vn -0.9165269 -0.07721109 -0.3924498
vn -0.9140188 -0.07858461 -0.3979876
vn -0.9165269 -0.07721109 -0.3924498
vn -0.9188618 -0.07591179 -0.3872084
vn 0.04522889 -0.9927901 0.1110056
vn 0.04239983 -0.9888431 0.1427993
vn 0.04522889 -0.9927901 0.1110056
vn 0.04789189 -0.9956051 0.08047832
vn -0.1352966 0.9844702 0.1118625
vn -0.1157703 0.9893878 0.0878015
vn -0.1352966 0.9844702 0.1118625
vn -0.1538815 0.9788492 0.1348141

vt 0.7942783 0.03586933
vt 0.1760054 0.02549189
vt 0.1648064 0.9974042
vt 0.829275 1
vt 0.1760054 0.02549189
vt 0.01381996 0.009645134
vt 0 0.995466
vt 0.1648064 0.9974042
vt 0.01381996 0.009645134
vt 0.9627519 2.980232E-08
vt 1 0.9907053
vt 0 0.995466
vt 0.9627519 2.980232E-08
vt 0.7942783 0.03586933
vt 0.829275 1
vt 1 0.9907053
vt 0.829275 1
vt 0.1648064 0.9974042
vt 0 0.995466
vt 1 0.9907053
vt 0.9627519 2.980232E-08
vt 0.01381996 0.009645134
vt 0.1760054 0.02549189
vt 0.7942783 0.03586933

usemap Standard_5A3C20
usemtl Standard_5A3C20
f 4198/4198/4198 4197/4197/4197 4196/4196/4196 4195/4195/4195 
f 4202/4202/4202 4201/4201/4201 4200/4200/4200 4199/4199/4199 
f 4206/4206/4206 4205/4205/4205 4204/4204/4204 4203/4203/4203 
f 4210/4210/4210 4209/4209/4209 4208/4208/4208 4207/4207/4207 
f 4214/4214/4214 4213/4213/4213 4212/4212/4212 4211/4211/4211 
f 4218/4218/4218 4217/4217/4217 4216/4216/4216 4215/4215/4215 

g s.0086
usemap Standard_5A3C20
usemtl Standard_5A3C20
v 2.113552 0.4952706 3.205822
v 2.03359 0.5211942 3.152257
v 2.073688 0.6166037 3.231312
v 2.673014 0.4493701 1.532861
v 2.711767 0.5806552 1.433008
v 2.585316 0.4915031 1.511201
v 2.03359 0.5211942 3.152257
v 1.977116 0.6030075 3.145001
v 2.073688 0.6166037 3.231312
v 2.585316 0.4915031 1.511201
v 2.711767 0.5806552 1.433008
v 2.551596 0.5851289 1.505505
v 1.977116 0.6030075 3.145001
v 1.977214 0.6927852 3.188305
v 2.073688 0.6166037 3.231312
v 2.551596 0.5851289 1.505505
v 2.711767 0.5806552 1.433008
v 2.591607 0.6754027 1.519111
v 1.977214 0.6927852 3.188305
v 2.033824 0.7379369 3.256801
v 2.073688 0.6166037 3.231312
v 2.591607 0.6754027 1.519111
v 2.711767 0.5806552 1.433008
v 2.68191 0.7094433 1.544047
v 2.033824 0.7379369 3.256801
v 2.113787 0.7120136 3.310367
v 2.073688 0.6166037 3.231312
v 2.68191 0.7094433 1.544047
v 2.711767 0.5806552 1.433008
v 2.769608 0.6673103 1.565707
v 2.113787 0.7120136 3.310367
v 2.170259 0.6302006 3.317622
v 2.073688 0.6166037 3.231312
v 2.769608 0.6673103 1.565707
v 2.711767 0.5806552 1.433008
v 2.803328 0.5736846 1.571402
v 2.170259 0.6302006 3.317622
v 2.170163 0.5404227 3.274319
v 2.073688 0.6166037 3.231312
v 2.803328 0.5736846 1.571402
v 2.711767 0.5806552 1.433008
v 2.763318 0.4834107 1.557797
v 2.170163 0.5404227 3.274319
v 2.113552 0.4952706 3.205822
v 2.073688 0.6166037 3.231312
v 2.763318 0.4834107 1.557797
v 2.711767 0.5806552 1.433008
v 2.673014 0.4493701 1.532861
v 2.113552 0.4952706 3.205822
v 2.63987 0.44509 1.658733
v 2.552172 0.487223 1.637073
v 2.03359 0.5211942 3.152257
v 2.63987 0.44509 1.658733
v 2.673014 0.4493701 1.532861
v 2.585316 0.4915031 1.511201
v 2.552172 0.487223 1.637073
v 2.03359 0.5211942 3.152257
v 2.552172 0.487223 1.637073
v 2.518452 0.5808488 1.631377
v 1.977116 0.6030075 3.145001
v 2.552172 0.487223 1.637073
v 2.585316 0.4915031 1.511201
v 2.551596 0.5851289 1.505505
v 2.518452 0.5808488 1.631377
v 1.977116 0.6030075 3.145001
v 2.518452 0.5808488 1.631377
v 2.558462 0.6711227 1.644982
v 1.977214 0.6927852 3.188305
v 2.518452 0.5808488 1.631377
v 2.551596 0.5851289 1.505505
v 2.591607 0.6754027 1.519111
v 2.558462 0.6711227 1.644982
v 1.977214 0.6927852 3.188305
v 2.558462 0.6711227 1.644982
v 2.648765 0.7051633 1.669919
v 2.033824 0.7379369 3.256801
v 2.558462 0.6711227 1.644982
v 2.591607 0.6754027 1.519111
v 2.68191 0.7094433 1.544047
v 2.648765 0.7051633 1.669919
v 2.033824 0.7379369 3.256801
v 2.648765 0.7051633 1.669919
v 2.736463 0.6630303 1.691579
v 2.113787 0.7120136 3.310367
v 2.648765 0.7051633 1.669919
v 2.68191 0.7094433 1.544047
v 2.769608 0.6673103 1.565707
v 2.736463 0.6630303 1.691579
v 2.113787 0.7120136 3.310367
v 2.736463 0.6630303 1.691579
v 2.770184 0.5694045 1.697274
v 2.170259 0.6302006 3.317622
v 2.736463 0.6630303 1.691579
v 2.769608 0.6673103 1.565707
v 2.803328 0.5736846 1.571402
v 2.770184 0.5694045 1.697274
v 2.170259 0.6302006 3.317622
v 2.770184 0.5694045 1.697274
v 2.730173 0.4791306 1.683669
v 2.170163 0.5404227 3.274319
v 2.770184 0.5694045 1.697274
v 2.803328 0.5736846 1.571402
v 2.763318 0.4834107 1.557797
v 2.730173 0.4791306 1.683669
v 2.170163 0.5404227 3.274319
v 2.730173 0.4791306 1.683669
v 2.63987 0.44509 1.658733
v 2.113552 0.4952706 3.205822
v 2.730173 0.4791306 1.683669
v 2.763318 0.4834107 1.557797
v 2.673014 0.4493701 1.532861
v 2.63987 0.44509 1.658733

vn -0.5970238 -0.347998 0.722814
vn -0.5970238 -0.347998 0.722814
vn -0.5970238 -0.347998 0.722814
vn -0.08347897 -0.5875352 -0.8048811
vn -0.08347897 -0.5875352 -0.8048811
vn -0.08347897 -0.5875352 -0.8048811
vn -0.5970142 -0.3480056 0.7228182
vn -0.5970142 -0.3480056 0.7228182
vn -0.5970142 -0.3480056 0.7228182
vn -0.4085707 -0.2013083 -0.89025
vn -0.4085707 -0.2013083 -0.89025
vn -0.4085707 -0.2013083 -0.89025
vn -0.597016 -0.348 0.7228194
vn -0.597016 -0.348 0.7228194
vn -0.597016 -0.348 0.7228194
vn -0.3860177 0.3024317 -0.8715076
vn -0.3860177 0.3024317 -0.8715076
vn -0.3860177 0.3024317 -0.8715076
vn -0.5970152 -0.347998 0.7228209
vn -0.5970152 -0.347998 0.7228209
vn -0.5970152 -0.347998 0.7228209
vn -0.03419242 0.6480476 -0.760832
vn -0.03419242 0.6480476 -0.760832
vn -0.03419242 0.6480476 -0.760832
vn -0.5970201 -0.3479987 0.7228166
vn -0.5970201 -0.3479987 0.7228166
vn -0.5970201 -0.3479987 0.7228166
vn 0.4593242 0.638715 -0.6173042
vn 0.4593242 0.638715 -0.6173042
vn 0.4593242 0.638715 -0.6173042
vn -0.5970206 -0.3479983 0.7228164
vn -0.5970206 -0.3479983 0.7228164
vn -0.5970206 -0.3479983 0.7228164
vn 0.811226 0.2603193 -0.5235898
vn 0.811226 0.2603193 -0.5235898
vn 0.811226 0.2603193 -0.5235898
vn -0.5970197 -0.3480012 0.7228158
vn -0.5970197 -0.3480012 0.7228158
vn -0.5970197 -0.3480012 0.7228158
vn 0.7963278 -0.2714795 -0.5405192
vn 0.7963278 -0.2714795 -0.5405192
vn 0.7963278 -0.2714795 -0.5405192
vn -0.597018 -0.3479972 0.7228191
vn -0.597018 -0.3479972 0.7228191
vn -0.597018 -0.3479972 0.7228191
vn 0.4176964 -0.6249294 -0.6595399
vn 0.4176964 -0.6249294 -0.6595399
vn 0.4176964 -0.6249294 -0.6595399
vn -0.3395929 -0.9362427 -0.09014668
vn -0.4083367 -0.9062374 -0.1095213
vn -0.3395929 -0.9362427 -0.09014668
vn -0.2653686 -0.9616559 -0.06926332
vn -0.401404 -0.9056734 -0.1364937
vn -0.401404 -0.9056734 -0.1364937
vn -0.401404 -0.9056734 -0.1364937
vn -0.401404 -0.9056734 -0.1364937
vn -0.8432563 -0.4546873 -0.2866675
vn -0.8922439 -0.339465 -0.2977655
vn -0.8432563 -0.4546873 -0.2866675
vn -0.7807728 -0.5629879 -0.2709955
vn -0.9059703 -0.3415133 -0.2501727
vn -0.9059703 -0.3415133 -0.2501727
vn -0.9059703 -0.3415133 -0.2501727
vn -0.9059703 -0.3415133 -0.2501727
vn -0.8928875 0.3039147 -0.3322463
vn -0.8508277 0.4238909 -0.3104976
vn -0.8928875 0.3039147 -0.3322463
vn -0.9214917 0.1695567 -0.3494332
vn -0.8798314 0.4227004 -0.217304
vn -0.8798314 0.4227004 -0.217304
vn -0.8798314 0.4227004 -0.217304
vn -0.8798314 0.4227004 -0.217304
vn -0.3857068 0.9080749 -0.1631876
vn -0.3173196 0.9389898 -0.1326894
vn -0.3857068 0.9080749 -0.1631876
vn -0.4565899 0.8680747 -0.1948639
vn -0.338299 0.9393022 -0.05714146
vn -0.338299 0.9393022 -0.05714146
vn -0.338299 0.9393022 -0.05714146
vn -0.338299 0.9393022 -0.05714146
vn 0.333317 0.9369735 0.1047876
vn 0.4013201 0.9056624 0.1368131
vn 0.333317 0.9369735 0.1047876
vn 0.2634686 0.9619596 0.07223641
vn 0.4014042 0.9056733 0.1364937
vn 0.4014042 0.9056733 0.1364937
vn 0.4014042 0.9056733 0.1364937
vn 0.4014042 0.9056733 0.1364937
vn 0.8388184 0.4534735 0.3012399
vn 0.8819014 0.3376408 0.3290116
vn 0.8388184 0.4534735 0.3012399
vn 0.7815368 0.5632543 0.2682256
vn 0.9059703 0.3415134 0.2501727
vn 0.9059703 0.3415134 0.2501727
vn 0.9059703 0.3415134 0.2501727
vn 0.9059703 0.3415134 0.2501727
vn 0.892172 -0.3042536 0.3338546
vn 0.8441811 -0.4236506 0.3284484
vn 0.892172 -0.3042536 0.3338546
vn 0.928862 -0.1617384 0.3332508
vn 0.8798314 -0.4227006 0.217304
vn 0.8798314 -0.4227006 0.217304
vn 0.8798314 -0.4227006 0.217304
vn 0.8798314 -0.4227006 0.217304
vn 0.3844127 -0.9082315 0.1653552
vn 0.3132637 -0.9383069 0.1464444
vn 0.3844127 -0.9082315 0.1653552
vn 0.4649648 -0.8655156 0.1862539
vn 0.3382989 -0.9393022 0.05714144
vn 0.3382989 -0.9393022 0.05714144
vn 0.3382989 -0.9393022 0.05714144
vn 0.3382989 -0.9393022 0.05714144

vt 0.586476 0.02170736
vt 0.6969897 0.04654604
vt 0.8485117 0.02405483
vt 0.4150409 0.9517723
vt 0.298676 0.9908383
vt 0.5114622 0.9699329
vt 0.6969897 0.04654604
vt 0.7835563 0.06554323
vt 0.8485117 0.02405483
vt 0.5114622 0.9699329
vt 0.298676 0.9908383
vt 0.6518011 0.9930741
vt 0.7835563 0.06554323
vt 0.8568957 0.07076505
vt 0.8485117 0.02405483
vt 0.6518011 0.9930741
vt 0.298676 0.9908383
vt 0.9659384 1
vt 0.8568957 0.07076505
vt 0.9254919 0.06046855
vt 0.8485117 0.02405483
vt 0.9659384 1
vt 0.298676 0.9908383
vt 0.04916865 0.9783586
vt 0.9254919 0.06046855
vt 1 0.03915823
vt 0.8485117 0.02405483
vt 0.04916865 0.9783586
vt 0.298676 0.9908383
vt 0.1543533 0.9575344
vt 1 0.03915823
vt 2.980232E-08 0.01354924
vt 0.8485117 0.02405483
vt 0.1543533 0.9575344
vt 0.298676 0.9908383
vt 0.2432523 0.9450426
vt 2.980232E-08 0.01354924
vt 0.355359 2.980232E-08
vt 0.8485117 0.02405483
vt 0.2432523 0.9450426
vt 0.298676 0.9908383
vt 0.328337 0.9430269
vt 0.355359 2.980232E-08
vt 0.586476 0.02170736
vt 0.8485117 0.02405483
vt 0.328337 0.9430269
vt 0.298676 0.9908383
vt 0.4150409 0.9517723
vt 0.586476 0.02170736
vt 0.4150409 0.9403362
vt 0.5114622 0.9613879
vt 0.6969897 0.04654604
vt 0.4150409 0.9403362
vt 0.4150409 0.9517723
vt 0.5114622 0.9699329
vt 0.5114622 0.9613879
vt 0.6969897 0.04654604
vt 0.5114622 0.9613879
vt 0.6518011 0.9883971
vt 0.7835563 0.06554323
vt 0.5114622 0.9613879
vt 0.5114622 0.9699329
vt 0.6518011 0.9930741
vt 0.6518011 0.9883971
vt 0.7835563 0.06554323
vt 0.6518011 0.9883971
vt 0.9659384 0.9965086
vt 0.8568957 0.07076505
vt 0.6518011 0.9883971
vt 0.6518011 0.9930741
vt 0.9659384 1
vt 0.9659384 0.9965086
vt 0.8568957 0.07076505
vt 0.9659384 0.9965086
vt 0.04916865 0.9712023
vt 0.9254919 0.06046855
vt 0.9659384 0.9965086
vt 0.9659384 1
vt 0.04916865 0.9783586
vt 0.04916865 0.9712023
vt 0.9254919 0.06046855
vt 0.04916865 0.9712023
vt 0.1543533 0.9469986
vt 1 0.03915823
vt 0.04916865 0.9712023
vt 0.04916865 0.9783586
vt 0.1543533 0.9575344
vt 0.1543533 0.9469986
vt 1 0.03915823
vt 0.1543533 0.9469986
vt 0.2432523 0.9325769
vt 2.980232E-08 0.01354924
vt 0.1543533 0.9469986
vt 0.1543533 0.9575344
vt 0.2432523 0.9450426
vt 0.2432523 0.9325769
vt 2.980232E-08 0.01354924
vt 0.2432523 0.9325769
vt 0.328337 0.9302579
vt 0.355359 2.980232E-08
vt 0.2432523 0.9325769
vt 0.2432523 0.9450426
vt 0.328337 0.9430269
vt 0.328337 0.9302579
vt 0.355359 2.980232E-08
vt 0.328337 0.9302579
vt 0.4150409 0.9403362
vt 0.586476 0.02170736
vt 0.328337 0.9302579
vt 0.328337 0.9430269
vt 0.4150409 0.9517723
vt 0.4150409 0.9403362

usemap Standard_5A3C20
usemtl Standard_5A3C20
f 4221/4221/4221 4220/4220/4220 4219/4219/4219 
f 4224/4224/4224 4223/4223/4223 4222/4222/4222 
f 4227/4227/4227 4226/4226/4226 4225/4225/4225 
f 4230/4230/4230 4229/4229/4229 4228/4228/4228 
f 4233/4233/4233 4232/4232/4232 4231/4231/4231 
f 4236/4236/4236 4235/4235/4235 4234/4234/4234 
f 4239/4239/4239 4238/4238/4238 4237/4237/4237 
f 4242/4242/4242 4241/4241/4241 4240/4240/4240 
f 4245/4245/4245 4244/4244/4244 4243/4243/4243 
f 4248/4248/4248 4247/4247/4247 4246/4246/4246 
f 4251/4251/4251 4250/4250/4250 4249/4249/4249 
f 4254/4254/4254 4253/4253/4253 4252/4252/4252 
f 4257/4257/4257 4256/4256/4256 4255/4255/4255 
f 4260/4260/4260 4259/4259/4259 4258/4258/4258 
f 4263/4263/4263 4262/4262/4262 4261/4261/4261 
f 4266/4266/4266 4265/4265/4265 4264/4264/4264 
f 4270/4270/4270 4269/4269/4269 4268/4268/4268 4267/4267/4267 
f 4274/4274/4274 4273/4273/4273 4272/4272/4272 4271/4271/4271 
f 4278/4278/4278 4277/4277/4277 4276/4276/4276 4275/4275/4275 
f 4282/4282/4282 4281/4281/4281 4280/4280/4280 4279/4279/4279 
f 4286/4286/4286 4285/4285/4285 4284/4284/4284 4283/4283/4283 
f 4290/4290/4290 4289/4289/4289 4288/4288/4288 4287/4287/4287 
f 4294/4294/4294 4293/4293/4293 4292/4292/4292 4291/4291/4291 
f 4298/4298/4298 4297/4297/4297 4296/4296/4296 4295/4295/4295 
f 4302/4302/4302 4301/4301/4301 4300/4300/4300 4299/4299/4299 
f 4306/4306/4306 4305/4305/4305 4304/4304/4304 4303/4303/4303 
f 4310/4310/4310 4309/4309/4309 4308/4308/4308 4307/4307/4307 
f 4314/4314/4314 4313/4313/4313 4312/4312/4312 4311/4311/4311 
f 4318/4318/4318 4317/4317/4317 4316/4316/4316 4315/4315/4315 
f 4322/4322/4322 4321/4321/4321 4320/4320/4320 4319/4319/4319 
f 4326/4326/4326 4325/4325/4325 4324/4324/4324 4323/4323/4323 
f 4330/4330/4330 4329/4329/4329 4328/4328/4328 4327/4327/4327 
