
mtllib ./699669bf-9a9f-4f50-a327-3cea2205749b.mtl

g p.0014
usemap Cartoon_2D69FF
usemtl Cartoon_2D69FF
v -0.002664657 0.261935 0.004453073
v -0.003682042 0.261427 0.01342974
v -0.00252967 0.260697 0.02237472
v 0.0007254891 0.2597872 0.03076816
v 0.005894254 0.2587506 0.03812226
v 0.01267623 0.2576475 0.04400964
v 0.02067729 0.2565418 0.04808814
v 0.02943243 0.2554978 0.05012073
v 0.03843283 0.2545764 0.04998929
v 0.04715541 0.2538309 0.04770145
v 0.05509327 0.2533047 0.04339017
v 0.06178509 0.2530285 0.03730602
v 0.06684194 0.2530182 0.02980258
v 0.06996995 0.2532744 0.02131591
v 0.07098734 0.2537824 0.01233924
v 0.06983496 0.2545124 0.003394272
v 0.0665798 0.2554222 -0.00499917
v 0.06141103 0.2564588 -0.01235328
v 0.05462907 0.257562 -0.01824065
v 0.04662801 0.2586676 -0.02231915
v 0.03787287 0.2597116 -0.02435175
v 0.02887247 0.2606331 -0.0242203
v 0.02014987 0.2613785 -0.02193246
v 0.01221202 0.2619047 -0.01762119
v 0.00552021 0.2621809 -0.01153703
v 0.0004633553 0.2621912 -0.004033585
v -0.0177665 0.252999 0.0004772199
v -0.01917623 0.2522952 0.01291565
v -0.01757945 0.2512836 0.02531017
v -0.01306897 0.250023 0.03694046
v -0.005906925 0.2485867 0.04713061
v 0.003490463 0.247058 0.05528841
v 0.01457705 0.245526 0.06093974
v 0.02670852 0.2440795 0.06375618
v 0.03917984 0.2428026 0.06357405
v 0.05126621 0.2417697 0.06040393
v 0.06226524 0.2410406 0.05443005
v 0.07153769 0.2406578 0.04599959
v 0.07854466 0.2406436 0.03560252
v 0.08287896 0.2409986 0.02384305
v 0.08428869 0.2417024 0.01140462
v 0.08269192 0.242714 -0.0009898953
v 0.07818143 0.2439746 -0.0126202
v 0.07101938 0.245411 -0.02281034
v 0.061622 0.2469396 -0.03096812
v 0.05053542 0.2484717 -0.03661946
v 0.03840394 0.2499182 -0.0394359
v 0.02593262 0.251195 -0.03925377
v 0.01384624 0.252228 -0.03608364
v 0.002847236 0.252957 -0.03010977
v -0.006425215 0.2533398 -0.02167932
v -0.0134322 0.2533541 -0.01128224
v -0.02887502 0.2435869 -0.002571544
v -0.03056522 0.2427431 0.01234161
v -0.02865076 0.2415302 0.02720213
v -0.02324289 0.2400188 0.04114635
v -0.01465589 0.2382967 0.05336392
v -0.003388818 0.2364639 0.06314476
v 0.00990353 0.234627 0.06992047
v 0.02444866 0.2328928 0.07329727
v 0.03940124 0.2313619 0.0730789
v 0.05389229 0.2301234 0.06927805
v 0.06707966 0.2292493 0.06211562
v 0.07819693 0.2287904 0.05200786
v 0.086598 0.2287732 0.03954221
v 0.09179465 0.229199 0.02544311
v 0.09348486 0.2300428 0.01052995
v 0.09157039 0.2312556 -0.004330557
v 0.08616251 0.232767 -0.0182748
v 0.07757551 0.2344892 -0.03049236
v 0.06630845 0.2363219 -0.04027319
v 0.0530161 0.2381588 -0.0470489
v 0.03847098 0.2398931 -0.0504257
v 0.02351838 0.241424 -0.05020733
v 0.009027321 0.2426624 -0.04640647
v -0.004160024 0.2435365 -0.03924407
v -0.0152773 0.2439955 -0.0291363
v -0.02367838 0.2440126 -0.01667064
v -0.03777391 0.2339113 -0.00510732
v -0.03968269 0.2329584 0.0117344
v -0.03752065 0.2315887 0.02851667
v -0.03141344 0.2298818 0.04426415
v -0.02171597 0.227937 0.05806169
v -0.008991845 0.2258672 0.06910739
v 0.006019465 0.2237928 0.07675932
v 0.02244556 0.2218342 0.08057281
v 0.03933181 0.2201054 0.0803262
v 0.05569683 0.2187068 0.07603383
v 0.07058959 0.2177196 0.06794516
v 0.08314453 0.2172013 0.05653027
v 0.09263203 0.217182 0.04245257
v 0.09850071 0.2176628 0.02653017
v 0.1004095 0.2186157 0.009688448
v 0.09824744 0.2199854 -0.007093806
v 0.09214021 0.2216922 -0.0228413
v 0.08244275 0.2236371 -0.03663884
v 0.06971864 0.2257069 -0.04768452
v 0.05470733 0.2277813 -0.05533647
v 0.03828124 0.2297398 -0.05914995
v 0.02139498 0.2314687 -0.05890334
v 0.005029945 0.2328673 -0.05461096
v -0.009862777 0.2338544 -0.04652231
v -0.02241774 0.2343727 -0.03510742
v -0.03190524 0.2343921 -0.02102971
v -0.04516135 0.2240555 -0.0072922
v -0.04724637 0.2230146 0.01110449
v -0.0448847 0.2215185 0.02943624
v -0.03821362 0.219654 0.04663767
v -0.0276208 0.2175296 0.06170911
v -0.01372188 0.2152687 0.07377466
v 0.002675407 0.2130027 0.08213308
v 0.0206181 0.2108634 0.08629866
v 0.03906343 0.2089749 0.08602928
v 0.05693942 0.2074472 0.0813406
v 0.0732072 0.2063689 0.07250512
v 0.08692133 0.2058027 0.06003631
v 0.0972848 0.2057816 0.04465883
v 0.1036953 0.2063068 0.02726634
v 0.1057803 0.2073477 0.008869642
v 0.1034187 0.2088438 -0.009462098
v 0.09674758 0.2107083 -0.02666354
v 0.08615476 0.2128327 -0.04173497
v 0.07225585 0.2150936 -0.0538005
v 0.05585856 0.2173595 -0.06215894
v 0.03791586 0.2194989 -0.06632452
v 0.01947053 0.2213874 -0.06605513
v 0.001594523 0.2229151 -0.06136645
v -0.01467323 0.2239934 -0.05253098
v -0.02838736 0.2245596 -0.04006217
v -0.03875084 0.2245807 -0.02468468
v -0.05139667 0.2140624 -0.009209601
v -0.05362564 0.2129496 0.01045729
v -0.05110092 0.2113501 0.03005476
v -0.04396923 0.2093569 0.04844386
v -0.03264502 0.2070859 0.06455591
v -0.01778645 0.2046689 0.07745451
v -0.0002570227 0.2022464 0.08639005
v 0.01892453 0.1999593 0.09084323
v 0.03864341 0.1979405 0.09055526
v 0.05775364 0.1963073 0.08554286
v 0.07514463 0.1951545 0.07609732
v 0.08980566 0.1945493 0.0627676
v 0.1008847 0.1945267 0.04632838
v 0.1077378 0.1950881 0.02773503
v 0.1099668 0.1962009 0.008068133
v 0.1074421 0.1978004 -0.01152932
v 0.1003104 0.1997935 -0.02991844
v 0.08898616 0.2020646 -0.04603048
v 0.0741276 0.2044816 -0.05892906
v 0.05659816 0.2069041 -0.06786461
v 0.03741661 0.2091911 -0.07231779
v 0.01769771 0.21121 -0.07202982
v -0.001412535 0.2128432 -0.06701741
v -0.01880349 0.213996 -0.0575719
v -0.03346452 0.2146012 -0.04424217
v -0.04454353 0.2146238 -0.02780294
v -0.05669218 0.2039571 -0.01090882
v -0.05903879 0.2027856 0.009795973
v -0.05638082 0.2011018 0.03042768
v -0.04887276 0.1990034 0.04978725
v -0.03695094 0.1966125 0.0667496
v -0.02130821 0.1940679 0.08032893
v -0.002853682 0.1915176 0.08973602
v 0.01734016 0.1891098 0.09442422
v 0.03809969 0.1869845 0.09412104
v 0.05821845 0.185265 0.08884412
v 0.07652723 0.1840515 0.0789001
v 0.09196198 0.1834143 0.06486692
v 0.1036257 0.1833905 0.04756014
v 0.1108405 0.1839816 0.02798554
v 0.1131871 0.1851531 0.007280735
v 0.1105291 0.1868369 -0.01335096
v 0.1030211 0.1889353 -0.03271054
v 0.09109922 0.1913262 -0.04967288
v 0.07545652 0.1938708 -0.06325218
v 0.05700198 0.1964211 -0.0726593
v 0.03680814 0.1988288 -0.07734749
v 0.0160486 0.2009542 -0.07704432
v -0.004070172 0.2026737 -0.07176738
v -0.02237892 0.2038873 -0.06182339
v -0.03781368 0.2045244 -0.0477902
v -0.04947738 0.2045482 -0.0304834
v -0.0611838 0.1937561 -0.0124214
v -0.06362553 0.1925371 0.009122595
v -0.06085983 0.190785 0.03059054
v -0.05304746 0.1886016 0.0507348
v -0.04064241 0.1861137 0.06838466
v -0.02436566 0.183466 0.08251438
v -0.005163129 0.1808124 0.09230277
v 0.0158492 0.178307 0.09718098
v 0.03745016 0.1760955 0.09686551
v 0.05838437 0.1743063 0.0913747
v 0.07743524 0.1730436 0.08102765
v 0.09349559 0.1723806 0.06642567
v 0.105632 0.1723559 0.04841741
v 0.1131393 0.1729709 0.02804941
v 0.115581 0.1741898 0.006505406
v 0.1128153 0.1759419 -0.01496252
v 0.1050029 0.1781254 -0.03510679
v 0.09259786 0.1806132 -0.05275665
v 0.07632114 0.1832609 -0.06688634
v 0.0571186 0.1859145 -0.07667475
v 0.03610627 0.1884199 -0.08155297
v 0.0145053 0.1906314 -0.08123749
v -0.006428925 0.1924206 -0.07574668
v -0.02547976 0.1936834 -0.06539964
v -0.04154012 0.1943464 -0.05079766
v -0.05367658 0.1943711 -0.03278939
v -0.06496274 0.18347 -0.01376853
v -0.0674796 0.1822135 0.008438513
v -0.06462879 0.1804075 0.03056717
v -0.05657598 0.1781569 0.05133139
v -0.04378916 0.1755925 0.06952445
v -0.02701146 0.1728633 0.08408902
v -0.007217951 0.170128 0.09417867
v 0.01444107 0.1675455 0.09920703
v 0.03670683 0.1652659 0.09888185
v 0.05828532 0.1634217 0.09322205
v 0.07792251 0.1621201 0.08255655
v 0.09447713 0.1614367 0.06750517
v 0.1069871 0.1614112 0.04894268
v 0.1147254 0.1620451 0.02794783
v 0.1172422 0.1633016 0.005740779
v 0.1143914 0.1651077 -0.01638786
v 0.1063386 0.1673583 -0.0371521
v 0.09355178 0.1699227 -0.05534516
v 0.07677411 0.1726519 -0.06990971
v 0.05698059 0.1753872 -0.07999936
v 0.03532157 0.1779697 -0.08502772
v 0.0130558 0.1802493 -0.08470254
v -0.008522702 0.1820934 -0.07904273
v -0.02815986 0.1833951 -0.06837725
v -0.0447145 0.1840785 -0.05332588
v -0.05722446 0.184104 -0.03476337
v -0.06809143 0.1731065 -0.0149647
v -0.07066523 0.1718215 0.007744666
v -0.06774992 0.1699747 0.03037388
v -0.05951495 0.1676731 0.05160778
v -0.04643889 0.1650507 0.07021236
v -0.02928169 0.1622598 0.08510639
v -0.009040453 0.1594626 0.09542427
v 0.01310849 0.1568217 0.1005664
v 0.0358779 0.1544906 0.1002338
v 0.05794449 0.1526046 0.09444601
v 0.07802588 0.1512736 0.08353925
v 0.09495497 0.1505747 0.06814741
v 0.1077479 0.1505486 0.04916504
v 0.1156612 0.1511969 0.02769529
v 0.118235 0.1524818 0.004985912
v 0.1153197 0.1543287 -0.01764328
v 0.1070848 0.1566303 -0.0388772
v 0.0940087 0.1592527 -0.05748178
v 0.07685151 0.1620436 -0.07237579
v 0.05661026 0.1648408 -0.08269367
v 0.03446131 0.1674817 -0.08783577
v 0.01169189 0.1698128 -0.08750324
v -0.01037472 0.1716987 -0.0817154
v -0.03045607 0.1730298 -0.07080866
v -0.04738516 0.1737287 -0.05541683
v -0.06017812 0.1737547 -0.03643444
v -0.07061236 0.1626704 -0.01601977
v -0.07322608 0.1613656 0.007041698
v -0.07026558 0.15949 0.03002177
v -0.06190291 0.1571528 0.0515849
v -0.04862411 0.1544898 0.07047795
v -0.03120089 0.1516556 0.0856029
v -0.01064582 0.148815 0.09608074
v 0.01184654 0.1461332 0.1013026
v 0.03496899 0.1437659 0.1009649
v 0.05737772 0.1418507 0.09508732
v 0.07777046 0.140499 0.08401146
v 0.09496204 0.1397893 0.06838097
v 0.1079533 0.1397628 0.04910429
v 0.1159893 0.1404212 0.02730165
v 0.118603 0.141726 0.004240168
v 0.1156425 0.1436015 -0.01873988
v 0.1072799 0.1459388 -0.04030303
v 0.09400108 0.1486018 -0.05919608
v 0.07657788 0.151436 -0.074321
v 0.05602279 0.1542766 -0.08479886
v 0.03353043 0.1569584 -0.09002068
v 0.01040798 0.1593257 -0.089683
v -0.01200077 0.1612409 -0.08380543
v -0.03239347 0.1625926 -0.07272959
v -0.04958506 0.1633023 -0.0570991
v -0.06257636 0.1633287 -0.0378224
v -0.07255316 0.1521652 -0.01694016
v -0.07519051 0.1508486 0.006330024
v -0.07220322 0.1489561 0.02951806
v -0.0637649 0.1465977 0.05127634
v -0.05036592 0.1439105 0.07034037
v -0.03278501 0.1410507 0.0856022
v -0.0120439 0.1381844 0.09617487
v 0.01065201 0.1354783 0.1014439
v 0.0339837 0.1330896 0.1011032
v 0.05659524 0.1311571 0.09517246
v 0.07717253 0.1297932 0.08399636
v 0.0945197 0.129077 0.06822442
v 0.1076285 0.1290503 0.04877327
v 0.1157373 0.1297146 0.02677332
v 0.1183746 0.1310313 0.003503134
v 0.1153874 0.1329238 -0.01968488
v 0.106949 0.1352821 -0.04144318
v 0.09355004 0.1379693 -0.0605072
v 0.07596916 0.1408291 -0.07576902
v 0.05522805 0.1436954 -0.08634169
v 0.03253213 0.1464015 -0.09161077
v 0.009200428 0.1487902 -0.09127004
v -0.01341112 0.1507227 -0.08533928
v -0.03398839 0.1520866 -0.07416318
v -0.05133554 0.1528028 -0.05839125
v -0.06444442 0.1528295 -0.03894009
v -0.07392935 0.1415927 -0.01772946
v -0.07657455 0.1402721 0.005609868
v -0.07357837 0.138374 0.02886681
v -0.06511497 0.1360086 0.05068975
v -0.05167617 0.1333134 0.06981044
v -0.03404302 0.1304451 0.08511762
v -0.01324028 0.1275703 0.09572171
v 0.009523079 0.1248562 0.1010065
v 0.03292412 0.1224604 0.1006647
v 0.05560284 0.1205221 0.09471633
v 0.07624129 0.1191541 0.083507
v 0.09364001 0.1184359 0.0676882
v 0.1067878 0.1184091 0.04817925
v 0.1149207 0.1190754 0.02611392
v 0.1175658 0.1203959 0.002774579
v 0.1145697 0.122294 -0.02048234
v 0.1061063 0.1246594 -0.04230531
v 0.09266747 0.1273546 -0.06142598
v 0.07503434 0.1302229 -0.07673316
v 0.05423159 0.1330977 -0.08733725
v 0.03146823 0.1358119 -0.09262199
v 0.008067185 0.1382077 -0.09228024
v -0.01461156 0.1401459 -0.08633184
v -0.03524997 0.1415139 -0.07512255
v -0.05264869 0.1422321 -0.05930374
v -0.06579652 0.1422589 -0.03979478
v -0.07474599 0.1309534 -0.01838887
v -0.07738334 0.1296368 0.004881313
v -0.07439605 0.1277443 0.02806935
v -0.06595773 0.1253859 0.04982763
v -0.05255875 0.1226987 0.06889165
v -0.03497784 0.1198389 0.08415349
v -0.01423674 0.1169726 0.09472616
v 0.008459174 0.1142665 0.09999524
v 0.03179087 0.1118778 0.0996545
v 0.05440241 0.1099453 0.09372374
v 0.07497971 0.1085814 0.08254765
v 0.09232686 0.1078652 0.0667757
v 0.1054357 0.1078385 0.04732456
v 0.1135445 0.1085028 0.02532461
v 0.1161818 0.1098195 0.002054423
v 0.1131945 0.111712 -0.02113359
v 0.1047562 0.1140703 -0.04289189
v 0.09135721 0.1167575 -0.06195591
v 0.07377633 0.1196173 -0.07721773
v 0.05303521 0.1224836 -0.0877904
v 0.0303393 0.1251897 -0.09305948
v 0.007007595 0.1275784 -0.09271875
v -0.01560396 0.1295109 -0.08678798
v -0.03618122 0.1308749 -0.0756119
v -0.05352838 0.131591 -0.05983996
v -0.06663725 0.1316177 -0.0403888
v -0.07499802 0.1202469 -0.01891719
v -0.07761174 0.118942 0.004144277
v -0.07465124 0.1170665 0.02712435
v -0.06628858 0.1147293 0.04868748
v -0.05300978 0.1120662 0.06758052
v -0.03558656 0.109232 0.08270548
v -0.01503148 0.1063915 0.09318332
v 0.007460879 0.1037096 0.09840515
v 0.03058332 0.1013423 0.09806746
v 0.05299205 0.09942716 0.0921899
v 0.07338479 0.09807546 0.08111404
v 0.09057637 0.09736575 0.06548356
v 0.1035677 0.09733929 0.04620687
v 0.1116037 0.09799761 0.02440423
v 0.1142174 0.09930244 0.001342747
v 0.1112569 0.101178 -0.0216373
v 0.1028942 0.1035152 -0.04320045
v 0.08961542 0.1061783 -0.0620935
v 0.07219221 0.1090124 -0.07721843
v 0.05163712 0.111853 -0.08769628
v 0.02914477 0.1145349 -0.0929181
v 0.006022314 0.1169022 -0.09258042
v -0.01638644 0.1188173 -0.08670285
v -0.03677914 0.120169 -0.07562701
v -0.05397072 0.1208787 -0.05999652
v -0.06696203 0.1209052 -0.04071981
v -0.07466993 0.1094711 -0.01931083
v -0.07724373 0.1081862 0.003398536
v -0.07432842 0.1063393 0.02602774
v -0.06609345 0.1040378 0.04726165
v -0.05301739 0.1014153 0.06586623
v -0.03586019 0.09862444 0.08076026
v -0.01561895 0.09582726 0.09107814
v 0.006529994 0.09318635 0.09622023
v 0.0292994 0.09085521 0.09588771
v 0.05136599 0.0889693 0.09009988
v 0.07144737 0.08763823 0.07919312
v 0.08837647 0.08693936 0.06380127
v 0.1011694 0.0869133 0.04481891
v 0.1090827 0.08756156 0.02334916
v 0.1116565 0.08884647 0.0006397814
v 0.1087412 0.09069337 -0.02198941
v 0.1005063 0.09299491 -0.04322333
v 0.08743019 0.09561733 -0.06182791
v 0.07027301 0.09840823 -0.07672192
v 0.05003176 0.1012054 -0.08703981
v 0.02788281 0.1038463 -0.0921819
v 0.005113397 0.1061775 -0.09184937
v -0.01695322 0.1080634 -0.08606154
v -0.03703456 0.1093944 -0.07515479
v -0.05396366 0.1100933 -0.05976295
v -0.06675661 0.1101194 -0.04078057
v -0.07373407 0.09862292 -0.01956337
v -0.07625093 0.09736642 0.002643671
v -0.07340012 0.09556039 0.02477233
v -0.06534731 0.09330976 0.04553655
v -0.05256049 0.09074534 0.06372961
v -0.03578279 0.08801617 0.07829418
v -0.01598928 0.08528087 0.08838383
v 0.005669739 0.08269837 0.09341218
v 0.0279355 0.08041879 0.09308701
v 0.04951399 0.0785746 0.08742721
v 0.06915118 0.07727297 0.0767617
v 0.0857058 0.07658955 0.06171033
v 0.09821577 0.07656407 0.04314784
v 0.105954 0.077198 0.02215299
v 0.1084709 0.07845449 -5.406328E-05
v 0.1056201 0.08026053 -0.0221827
v 0.09756728 0.08251116 -0.04294694
v 0.08478045 0.08507558 -0.06114
v 0.06800278 0.08780474 -0.07570455
v 0.04820926 0.09054005 -0.0857942
v 0.02655024 0.09312254 -0.09082256
v 0.004284473 0.09540213 -0.09049739
v -0.01729403 0.09724632 -0.08483757
v -0.03693119 0.09854795 -0.07417209
v -0.05348583 0.09923136 -0.05912071
v -0.06599579 0.09925684 -0.04055821
v -0.07214797 0.08769718 -0.01966495
v -0.07458969 0.0864782 0.001879044
v -0.07182398 0.08472608 0.02334699
v -0.06401161 0.08254264 0.04349125
v -0.05160657 0.0800548 0.06114111
v -0.03532982 0.07740712 0.07527082
v -0.01612729 0.07475348 0.08505922
v 0.004885041 0.07224809 0.08993743
v 0.026486 0.07003658 0.08962196
v 0.0474202 0.06824744 0.08413115
v 0.06647108 0.06698468 0.0737841
v 0.08253142 0.06632167 0.05918211
v 0.09466787 0.06629695 0.04117386
v 0.1021751 0.06691194 0.02080586
v 0.1046168 0.06813093 -0.0007381458
v 0.1018511 0.06988304 -0.02220608
v 0.09403875 0.07206647 -0.04235034
v 0.0816337 0.07455432 -0.0600002
v 0.06535698 0.077202 -0.07412989
v 0.04615444 0.07985564 -0.0839183
v 0.02514211 0.08236103 -0.08879652
v 0.00354114 0.08457255 -0.08848105
v -0.01739309 0.08636168 -0.08299023
v -0.03644392 0.08762445 -0.07264319
v -0.05250427 0.08828745 -0.05804121
v -0.06464074 0.08831217 -0.04003294
v -0.06984917 0.07668647 -0.01960108
v -0.07219578 0.07551497 0.001103714
v -0.0695378 0.0738311 0.02173542
v -0.06202975 0.07173273 0.04109499
v -0.05010793 0.06934179 0.05805733
v -0.0344652 0.06679724 0.07163665
v -0.01601067 0.06424697 0.08104376
v 0.004183166 0.06183918 0.08573195
v 0.0249427 0.0597138 0.08542878
v 0.04506145 0.05799436 0.08015186
v 0.06337024 0.05678079 0.07020783
v 0.07880498 0.0561436 0.05617465
v 0.09046868 0.05611984 0.03886788
v 0.09768348 0.05671088 0.01929327
v 0.1000301 0.05788238 -0.001411524
v 0.09737211 0.05956625 -0.02204322
v 0.08986406 0.06166463 -0.0414028
v 0.07794223 0.06405558 -0.05836514
v 0.06229953 0.06660011 -0.07194444
v 0.04384499 0.06915039 -0.08135155
v 0.02365115 0.07155818 -0.08603975
v 0.002891609 0.07368356 -0.08573657
v -0.01722717 0.07540299 -0.08045964
v -0.03553592 0.07661657 -0.07051564
v -0.05097066 0.07725375 -0.05648246
v -0.06263437 0.07727751 -0.03917566
v -0.06674649 0.0655799 -0.01935057
v -0.06897546 0.06446712 0.0003163181
v -0.06645074 0.06286767 0.01991378
v -0.05931905 0.06087448 0.03830288
v -0.04799485 0.0586034 0.05441493
v -0.03313627 0.0561864 0.06731354
v -0.01560685 0.05376397 0.07624907
v 0.003574701 0.05147688 0.08070225
v 0.02329358 0.04945805 0.08041427
v 0.04240382 0.04782481 0.07540188
v 0.05979481 0.04667207 0.06595634
v 0.07445583 0.04606682 0.05262662
v 0.08553484 0.04604425 0.03618741
v 0.09238797 0.04660567 0.01759406
v 0.09461696 0.04771844 -0.002072837
v 0.09209223 0.0493179 -0.02167029
v 0.08496052 0.05131108 -0.0400594
v 0.07363632 0.05358217 -0.05617145
v 0.05877777 0.05599917 -0.06907003
v 0.04124833 0.0584216 -0.07800557
v 0.02206678 0.06070869 -0.08245876
v 0.002347887 0.06272752 -0.08217078
v -0.01676236 0.06436076 -0.07715838
v -0.03415331 0.0655135 -0.06771286
v -0.04881434 0.06611875 -0.05438314
v -0.05989335 0.06614131 -0.03794391
v -0.06270401 0.0543613 -0.01888188
v -0.06478903 0.0533204 -0.0004851893
v -0.06242736 0.05182423 0.01784657
v -0.05575629 0.04995978 0.035048
v -0.04516346 0.04783538 0.05011943
v -0.03126454 0.04557449 0.06218498
v -0.01486725 0.0433085 0.07054341
v 0.003075447 0.04116913 0.07470898
v 0.02152078 0.03928068 0.07443961
v 0.03939677 0.03775293 0.06975093
v 0.05566455 0.03667463 0.06091545
v 0.06937869 0.03610848 0.04844663
v 0.07974214 0.03608737 0.03306915
v 0.08615266 0.03661253 0.01567666
v 0.08823768 0.03765342 -0.002720037
v 0.08587602 0.03914959 -0.02105178
v 0.07920493 0.04101405 -0.03825322
v 0.06861211 0.04313844 -0.05332467
v 0.0547132 0.04539934 -0.06539019
v 0.03831591 0.04766532 -0.07374862
v 0.02037321 0.04980469 -0.07791419
v 0.001927869 0.05169314 -0.07764482
v -0.01594813 0.0532209 -0.07295614
v -0.03221589 0.05429919 -0.06412067
v -0.04593002 0.05486534 -0.05165185
v -0.05629349 0.05488645 -0.03627436
v -0.05750939 0.04300529 -0.01814571
v -0.05941817 0.04205237 -0.001303993
v -0.05725613 0.04068267 0.01547827
v -0.05114892 0.03897581 0.03122576
v -0.04145144 0.03703097 0.04502328
v -0.02872733 0.03496118 0.05606899
v -0.01371602 0.03288674 0.06372093
v 0.002710074 0.03092819 0.06753441
v 0.01959632 0.02919937 0.0672878
v 0.03596134 0.02780074 0.06299544
v 0.05085409 0.02681359 0.05490677
v 0.06340905 0.02629529 0.04349187
v 0.07289654 0.02627596 0.02941418
v 0.07876521 0.02675673 0.01349178
v 0.08067399 0.02770965 -0.003349944
v 0.07851195 0.02907935 -0.0201322
v 0.07240473 0.03078621 -0.03587969
v 0.06270726 0.03273106 -0.04967722
v 0.04998315 0.03480083 -0.06072291
v 0.03497184 0.03687529 -0.06837485
v 0.01854574 0.03883383 -0.07218833
v 0.001659494 0.04056265 -0.07194173
v -0.01470554 0.04196129 -0.06764935
v -0.02959827 0.04294843 -0.0595607
v -0.04215322 0.04346673 -0.04814581
v -0.05164072 0.04348606 -0.03406809
v -0.05080335 0.03146908 -0.01705865
v -0.05249356 0.03062528 -0.00214549
v -0.05057909 0.02941243 0.01271502
v -0.04517122 0.02790102 0.02665926
v -0.03658422 0.02617889 0.03887682
v -0.02531714 0.02434611 0.04865767
v -0.01202479 0.02250922 0.05543338
v 0.002520334 0.02077495 0.05881017
v 0.01747292 0.01924409 0.05859181
v 0.03196397 0.01800562 0.05479096
v 0.04515135 0.01713151 0.04762853
v 0.05626861 0.01667257 0.03752077
v 0.06466968 0.01665545 0.02505511
v 0.06986634 0.01708116 0.01095601
v 0.07155654 0.01792496 -0.003957157
v 0.06964207 0.01913781 -0.01881766
v 0.0642342 0.02064922 -0.0327619
v 0.0556472 0.02237136 -0.04497946
v 0.04438014 0.02420413 -0.0547603
v 0.03108778 0.02604103 -0.06153601
v 0.01654265 0.0277753 -0.06491281
v 0.001590062 0.02930616 -0.06469444
v -0.01290101 0.03054463 -0.06089359
v -0.02608835 0.03141874 -0.05373117
v -0.03720563 0.03187768 -0.04362341
v -0.0456067 0.0318948 -0.03115775
v -0.04188766 0.0196694 -0.01545859
v -0.04329739 0.01896562 -0.003020161
v -0.04170062 0.01795404 0.009374367
v -0.03719014 0.01669343 0.02100466
v -0.03002808 0.01525708 0.03119481
v -0.0206307 0.01372843 0.0393526
v -0.009544112 0.01219635 0.04500393
v 0.002587367 0.01074987 0.04782037
v 0.01505868 0.009473048 0.04763824
v 0.02714505 0.008440092 0.04446812
v 0.03814408 0.007711038 0.03849424
v 0.04741652 0.00732825 0.03006378
v 0.05442351 0.007313974 0.01966671
v 0.05875781 0.007669047 0.007907243
v 0.06016754 0.008372821 -0.004531194
v 0.05857076 0.009384409 -0.01692571
v 0.05406028 0.01064502 -0.02855601
v 0.04689823 0.01208137 -0.03874616
v 0.03750085 0.01361001 -0.04690394
v 0.02641426 0.01514209 -0.05255528
v 0.01428279 0.01658858 -0.05537172
v 0.001811462 0.0178654 -0.05518958
v -0.01027492 0.01889835 -0.05201946
v -0.02127393 0.01962741 -0.04604559
v -0.03054637 0.0200102 -0.03761514
v -0.03755336 0.02002447 -0.02721805
v -0.02897866 0.007393591 -0.01293145
v -0.02999604 0.006885685 -0.003954783
v -0.02884367 0.00615564 0.004990198
v -0.02558852 0.005245879 0.01338364
v -0.02041974 0.004209265 0.02073775
v -0.01363776 0.003106073 0.02662513
v -0.005636707 0.002000391 0.03070363
v 0.003118437 0.0009564757 0.03273623
v 0.01211884 3.500283E-05 0.03260478
v 0.02084143 -0.0007104725 0.03031694
v 0.0287793 -0.001236618 0.02600567
v 0.03547111 -0.00151287 0.01992151
v 0.04052796 -0.001523167 0.01241806
v 0.04365598 -0.001266927 0.003931394
v 0.04467336 -0.0007590055 -0.005045279
v 0.04352099 -2.895296E-05 -0.01399025
v 0.04026583 0.0008808076 -0.0223837
v 0.03509706 0.001917407 -0.02973781
v 0.02831509 0.003020599 -0.03562519
v 0.02031403 0.004126281 -0.03970369
v 0.01155888 0.005170196 -0.04173628
v 0.002558477 0.006091669 -0.04160484
v -0.006164121 0.006837137 -0.039317
v -0.01410197 0.007363282 -0.03500573
v -0.02079379 0.007639542 -0.02892157
v -0.02585065 0.007649846 -0.02141811
v 0.03474906 0.2682106 0.01360885
v 0.006242244 -0.007542551 -0.005224383

vn -0.3171152 0.9481705 -0.02026343
vn -0.3253887 0.9421299 0.08070634
vn -0.3093435 0.9336515 0.1805587
vn -0.2699122 0.9232281 0.2734908
vn -0.2093863 0.9114655 0.3541015
vn -0.1312834 0.8990474 0.4177061
vn -0.04014239 0.8866953 0.4606083
vn 0.05873976 0.8751271 0.4803145
vn 0.1596164 0.8650153 0.4756796
vn 0.2566251 0.8569474 0.4469729
vn 0.3441278 0.8513922 0.3958629
vn 0.4170394 0.8486727 0.3253196
vn 0.4711224 0.8489468 0.239443
vn 0.5032338 0.8521987 0.143224
vn 0.5115073 0.8582394 0.04225422
vn 0.4954622 0.8667178 -0.05759827
vn 0.4560308 0.8771411 -0.1505302
vn 0.3955049 0.8889036 -0.2311409
vn 0.317402 0.9013218 -0.2947456
vn 0.226261 0.9136739 -0.3376476
vn 0.1273789 0.925242 -0.3573538
vn 0.02650216 0.9353539 -0.352719
vn -0.07050643 0.9434219 -0.3240123
vn -0.1580092 0.9489771 -0.2729023
vn -0.2309207 0.9516966 -0.2023591
vn -0.2850038 0.9514225 -0.1164825
vn -0.5604268 0.8232569 -0.09038779
vn -0.5767166 0.8141892 0.06703651
vn -0.5549979 0.8012556 0.2235325
vn -0.4965325 0.785208 0.3700052
vn -0.4047187 0.7669786 0.4979424
vn -0.2848921 0.7476272 0.5999084
vn -0.1440165 0.7282782 0.6699777
vn 0.009720629 0.7100562 0.7040779
vn 0.1673848 0.6940202 0.7002274
vn 0.3198132 0.681102 0.6586498
vn 0.4581472 0.6720526 0.5817615
vn 0.5743473 0.6673977 0.4740311
vn 0.6616605 0.6674081 0.3417192
vn 0.7150121 0.6720829 0.1925156
vn 0.7313019 0.6811506 0.03509138
vn 0.709583 0.694084 -0.1214048
vn 0.6511177 0.7101319 -0.2678775
vn 0.5593039 0.7283612 -0.3958144
vn 0.4394773 0.7477126 -0.4977806
vn 0.2986019 0.7670616 -0.5678498
vn 0.1448647 0.7852836 -0.60195
vn -0.01279965 0.8013197 -0.5980995
vn -0.1652279 0.8142378 -0.5565219
vn -0.303562 0.8232871 -0.4796337
vn -0.419762 0.827942 -0.3719031
vn -0.507075 0.8279317 -0.2395914
vn -0.6693543 0.7328373 -0.1221241
vn -0.6888568 0.7224373 0.0596696
vn -0.664448 0.7075598 0.2405572
vn -0.5975465 0.6890694 0.4100263
vn -0.49204 0.6680406 0.5582278
vn -0.3540607 0.6456956 0.6765488
vn -0.1916272 0.6233327 0.758113
vn -0.01417936 0.6022521 0.79818
vn 0.16797 0.5836787 0.7944214
vn 0.344235 0.5686917 0.7470556
vn 0.5043719 0.5581622 0.6588353
vn 0.6390739 0.5527022 0.5348877
vn 0.7405127 0.5526291 0.382416
vn 0.8027931 0.5579471 0.2102813
vn 0.8222957 0.5683469 0.02848763
vn 0.7978868 0.5832245 -0.1524002
vn 0.7309852 0.6017149 -0.3218691
vn 0.6254789 0.6227438 -0.4700704
vn 0.4874994 0.6450889 -0.5883916
vn 0.3250659 0.6674515 -0.6699557
vn 0.1476181 0.6885322 -0.7100227
vn -0.0345314 0.7071057 -0.7062641
vn -0.2107963 0.7220927 -0.6588984
vn -0.370933 0.732622 -0.5706782
vn -0.505635 0.7380821 -0.4467304
vn -0.607074 0.7381551 -0.2942587
vn -0.7436916 0.652742 -0.1443972
vn -0.7652889 0.641455 0.05355782
vn -0.7390614 0.6252851 0.2506127
vn -0.6665332 0.6051725 0.4353157
vn -0.5519194 0.582286 0.5969321
vn -0.4018807 0.5579557 0.7260698
vn -0.2251374 0.5335953 0.8152235
vn -0.0319609 0.5106207 0.8592119
vn 0.1664223 0.4903673 0.8554785
vn 0.3584827 0.4740117 0.8042406
vn 0.5330585 0.4625052 0.7084756
vn 0.6800039 0.4565157 0.5737493
vn 0.7907789 0.4563918 0.4078913
vn 0.8589459 0.4621403 0.2205407
vn 0.8805432 0.4734274 0.02258576
vn 0.8543156 0.4895971 -0.1744693
vn 0.7817873 0.5097096 -0.3591721
vn 0.6671737 0.5325961 -0.5207885
vn 0.5171351 0.5569266 -0.6499262
vn 0.3403918 0.5812868 -0.7390798
vn 0.1472152 0.6042613 -0.7830683
vn -0.0511681 0.6245149 -0.7793349
vn -0.2432284 0.6408705 -0.7280969
vn -0.4178041 0.6523771 -0.632332
vn -0.5647494 0.6583666 -0.4976059
vn -0.6755247 0.6584907 -0.3317477
vn -0.7984715 0.5800076 -0.1613521
vn -0.8215593 0.5680849 0.04816447
vn -0.7940226 0.5509902 0.2567835
vn -0.7174621 0.5297167 0.4523808
vn -0.596327 0.5055007 0.6235889
vn -0.4376569 0.4797499 0.7604581
vn -0.2506735 0.4539609 0.8550335
vn -0.04624382 0.4296319 0.9018192
vn 0.163752 0.4081773 0.898096
vn 0.3671094 0.3908437 0.8440804
vn 0.5520101 0.3786386 0.7429116
vn 0.7077084 0.3722713 0.6004689
vn 0.8251556 0.3721117 0.4250309
vn 0.897526 0.3781694 0.226793
vn 0.9206137 0.3900922 0.01727649
vn 0.8930771 0.407187 -0.1913426
vn 0.8165165 0.4284605 -0.3869398
vn 0.6953813 0.4526763 -0.5581478
vn 0.5367113 0.478427 -0.695017
vn 0.349728 0.5042163 -0.7895925
vn 0.1452983 0.528545 -0.8363782
vn -0.06469759 0.5499998 -0.8326551
vn -0.2680549 0.5673334 -0.7786395
vn -0.4529557 0.5795386 -0.6774703
vn -0.6086538 0.5859058 -0.5350279
vn -0.726101 0.5860651 -0.3595899
vn -0.8405064 0.5128139 -0.1748456
vn -0.8647019 0.5004195 0.04325483
vn -0.8361945 0.4826378 0.26046
vn -0.7566409 0.4605026 0.4641465
vn -0.6306646 0.4353001 0.6424766
vn -0.4655866 0.4084947 0.7850868
vn -0.2710009 0.3816445 0.8836888
vn -0.05821618 0.3563099 0.9325525
vn 0.1604015 0.3339632 0.928838
vn 0.372147 0.3159033 0.872761
vn 0.564714 0.3031797 0.7675807
vn 0.7269117 0.2965319 0.6194097
vn 0.8493134 0.2963459 0.4368592
vn 0.9248056 0.3026326 0.2305385
vn 0.9490013 0.3150271 0.01243805
vn 0.9204937 0.3328088 -0.2047672
vn 0.8409401 0.3549441 -0.4084535
vn 0.7149639 0.3801468 -0.5867838
vn 0.549886 0.4069521 -0.7293939
vn 0.3553003 0.4338025 -0.8279959
vn 0.1425155 0.4591369 -0.8768596
vn -0.07610229 0.4814833 -0.873145
vn -0.2878476 0.4995432 -0.8170681
vn -0.4804148 0.5122669 -0.7118877
vn -0.6426123 0.5189151 -0.5637168
vn -0.7650141 0.5191009 -0.3811663
vn -0.873543 0.4498487 -0.1859
vn -0.8985813 0.4370981 0.03869078
vn -0.8693449 0.4187976 0.2623889
vn -0.7875331 0.3960108 0.4721939
vn -0.6579005 0.3700621 0.6559123
vn -0.4879805 0.3424597 0.8028676
vn -0.2876485 0.3148074 0.9045191
vn -0.06854719 0.2887122 0.9549589
vn 0.1565901 0.2656906 0.951256
vn 0.3746792 0.247081 0.8936255
vn 0.5730458 0.2339646 0.7854165
vn 0.7401612 0.2271036 0.6329181
vn 0.8663138 0.2268973 0.4449921
vn 0.9441715 0.2333571 0.232561
vn 0.9692098 0.2461073 0.007970477
vn 0.9399734 0.2644078 -0.2157278
vn 0.8581614 0.2871946 -0.4255328
vn 0.7285288 0.3131433 -0.6092514
vn 0.558609 0.340746 -0.7562065
vn 0.3582771 0.3683986 -0.8578578
vn 0.1391757 0.3944938 -0.9082977
vn -0.08596165 0.417515 -0.9045948
vn -0.3040507 0.4361246 -0.8469643
vn -0.5024174 0.4492409 -0.7387553
vn -0.669533 0.4561016 -0.5862567
vn -0.7956852 0.4563084 -0.398331
vn -0.8998547 0.390105 -0.1951401
vn -0.9255404 0.3770849 0.03437795
vn -0.8957582 0.3583914 0.2630075
vn -0.8122386 0.3351108 0.4774612
vn -0.6798359 0.308596 0.6652756
vn -0.5062448 0.2803877 0.815536
vn -0.301553 0.2521262 0.9195098
vn -0.07765727 0.2254532 0.971154
vn 0.1524305 0.2019191 0.9674677
vn 0.3753386 0.1828913 0.9086648
vn 0.5781124 0.1694759 0.7981629
vn 0.7489673 0.1624525 0.642384
vn 0.8779741 0.162229 0.4503812
vn 0.9576351 0.1688193 0.233313
vn 0.9833209 0.1818397 0.003795053
vn 0.9535387 0.2005331 -0.2248344
vn 0.8700192 0.2238137 -0.439288
vn 0.7376163 0.2503287 -0.6271026
vn 0.5640251 0.2785366 -0.7773629
vn 0.3593337 0.3067982 -0.8813366
vn 0.1354378 0.3334714 -0.9329809
vn -0.09465012 0.3570057 -0.9292945
vn -0.317558 0.3760332 -0.8704919
vn -0.5203319 0.3894487 -0.7599899
vn -0.6911868 0.396472 -0.6042109
vn -0.8201936 0.3966949 -0.4122083
vn -0.9209023 0.3327776 -0.2029731
vn -0.9470846 0.3195557 0.03024648
vn -0.9169019 0.3005677 0.2625829
vn -0.8321087 0.2769164 0.4805336
vn -0.6976325 0.2499767 0.6714318
vn -0.5212888 0.2213141 0.8241833
vn -0.3133257 0.1925943 0.929911
vn -0.08582964 0.1654866 0.9824701
vn 0.1479783 0.1415662 0.9788061
vn 0.3745098 0.1222235 0.9191321
vn 0.5806002 0.1085823 0.8069159
vn 0.7542719 0.1014357 0.6486793
vn 0.8854316 0.1011989 0.4536183
vn 0.9664571 0.1078855 0.2330693
vn 0.9926394 0.1211072 -0.0001503969
vn 0.9624568 0.1400953 -0.232487
vn 0.8776635 0.1637465 -0.4504374
vn 0.7431873 0.1906863 -0.6413356
vn 0.5668435 0.2193491 -0.7940872
vn 0.3588806 0.2480686 -0.8998148
vn 0.1313845 0.2751763 -0.9523739
vn -0.1024236 0.2990969 -0.9487098
vn -0.328955 0.3184395 -0.8890359
vn -0.5350453 0.3320804 -0.7768198
vn -0.7087169 0.3392273 -0.6185831
vn -0.8398767 0.3394644 -0.4235221
vn -0.9376563 0.2771949 -0.2096755
vn -0.9642128 0.2638282 0.02624056
vn -0.9337509 0.2446262 0.26128
vn -0.8480409 0.2207056 0.4817838
vn -0.7120641 0.1934567 0.6749364
vn -0.5337226 0.164463 0.8295131
vn -0.3233814 0.1354091 0.9365302
vn -0.09326436 0.1079841 0.9897682
vn 0.1432547 0.0837817 0.9861332
vn 0.3724303 0.064208 0.9258364
vn 0.5809433 0.05040098 0.812382
vn 0.7566759 0.04316301 0.6523638
vn 0.8894153 0.04291464 0.455081
vn 0.9714469 0.04967017 0.2319994
vn 0.9980035 0.06303743 -0.003916455
vn 0.9675416 0.08223919 -0.2389563
vn 0.8818316 0.1061593 -0.4594598
vn 0.7458547 0.133408 -0.6526123
vn 0.5675133 0.1624018 -0.8071892
vn 0.357172 0.1914555 -0.9142062
vn 0.127055 0.2188805 -0.9674443
vn -0.1094641 0.2430835 -0.9638091
vn -0.3386396 0.2626573 -0.9035123
vn -0.5471527 0.2764641 -0.7900579
vn -0.7228853 0.2837021 -0.6300397
vn -0.8556246 0.2839504 -0.4327571
vn -0.9507664 0.222777 -0.2154383
vn -0.9775941 0.2093123 0.02231258
vn -0.9469581 0.1899673 0.2591963
vn -0.8606387 0.1658648 0.4814456
vn -0.7236528 0.1384058 0.6761438
vn -0.543961 0.1091866 0.8319763
vn -0.3320068 0.07990505 0.9398865
vn -0.1001081 0.052263 0.993603
vn 0.1382583 0.02786715 0.9900041
vn 0.3692391 0.00813501 0.9292988
vn 0.5794107 -0.005786696 0.8150152
vn 0.7565585 -0.01308924 0.6537951
vn 0.8903874 -0.01334758 0.4550078
vn 0.9731199 -0.006546749 0.2302061
vn 0.9999476 0.006917129 -0.007544701
vn 0.9693116 0.02626311 -0.2444285
vn 0.8829922 0.05036591 -0.4666776
vn 0.7460063 0.07782451 -0.6613758
vn 0.5663145 0.1070436 -0.8172084
vn 0.3543603 0.1363247 -0.9251186
vn 0.1224615 0.1639666 -0.978835
vn -0.1159049 0.1883628 -0.9752362
vn -0.3468857 0.2080952 -0.9145309
vn -0.5570573 0.2220172 -0.8002472
vn -0.734205 0.2293194 -0.6390271
vn -0.8680339 0.2295778 -0.4402399
vn -0.9606587 0.1689999 -0.220395
vn -0.987667 0.1554814 0.01842152
vn -0.9569526 0.1360537 0.2563807
vn -0.8703 0.1118471 0.4796542
vn -0.7327456 0.08426732 0.675265
vn -0.5522836 0.05491743 0.8318456
vn -0.3394011 0.02550337 0.940296
vn -0.1064711 -0.002265728 0.9943132
vn 0.1329702 -0.02677592 0.9907583
vn 0.3650071 -0.04660274 0.9298376
vn 0.5761544 -0.06059384 0.8150918
vn 0.7541409 -0.06793603 0.6531893
vn 0.8886226 -0.06820332 0.4535395
vn 0.9717844 -0.06137925 0.2277451
vn 0.9987927 -0.0478606 -0.01107133
vn 0.9680781 -0.02843371 -0.2490308
vn 0.8814256 -0.004226682 -0.472304
vn 0.7438713 0.02335333 -0.6679147
vn 0.5634089 0.0527034 -0.8244954
vn 0.3505268 0.08211774 -0.9329457
vn 0.1175967 0.1098867 -0.986963
vn -0.1218448 0.1343969 -0.983408
vn -0.3538815 0.1542234 -0.9224874
vn -0.5650288 0.1682144 -0.8077415
vn -0.7430153 0.1755569 -0.6458392
vn -0.877497 0.1758237 -0.4461894
vn -0.9675891 0.1153695 -0.2246354
vn -0.994695 0.1018374 0.01452681
vn -0.9639927 0.08238719 0.2528446
vn -0.8772666 0.05814859 0.4764682
vn -0.739557 0.03053066 0.6724011
vn -0.5588672 0.001138385 0.8292564
vn -0.3456978 -0.02831993 0.9379184
vn -0.112438 -0.05613228 0.992072
vn 0.1273565 -0.08068259 0.98857
vn 0.3597495 -0.1005439 0.9276159
vn 0.5712351 -0.1145621 0.8127521
vn 0.7495226 -0.1219223 0.6506541
vn 0.8842507 -0.1221966 0.4507424
vn 0.9675893 -0.1153693 0.2246353
vn 0.9946949 -0.1018375 -0.01452681
vn 0.9639927 -0.08238702 -0.2528448
vn 0.8772666 -0.05814861 -0.4764682
vn 0.7395572 -0.03053072 -0.6724009
vn 0.5588672 -0.001138535 -0.8292565
vn 0.3456978 0.02831978 -0.9379185
vn 0.112438 0.05613244 -0.9920719
vn -0.1273566 0.08068274 -0.9885699
vn -0.3597496 0.100544 -0.9276158
vn -0.5712351 0.1145621 -0.812752
vn -0.7495226 0.1219221 -0.6506542
vn -0.8842505 0.1221967 -0.4507426
vn -0.9716728 0.06139965 -0.2282149
vn -0.9987963 0.04789418 0.01058937
vn -0.9681966 0.02847759 0.2485644
vn -0.8816522 0.004278712 0.4718804
vn -0.7441925 -0.02329562 0.6675588
vn -0.5638065 -0.05264359 0.8242273
vn -0.3509774 -0.08205976 0.9327813
vn -0.1180742 -0.109834 0.9869118
vn 0.1213679 -0.1343521 0.9834731
vn 0.3534335 -0.1541895 0.9226649
vn 0.5646353 -0.1681932 0.8080211
vn 0.7426993 -0.1755492 0.6462045
vn 0.877277 -0.1758306 0.4466192
vn 0.9605472 -0.1690206 0.2208646
vn 0.9876708 -0.1555144 -0.01793958
vn 0.9570711 -0.1360979 -0.2559148
vn 0.8705266 -0.1118994 -0.4792307
vn 0.7330671 -0.08432499 -0.6749088
vn 0.5526809 -0.05497704 -0.8315776
vn 0.3398517 -0.02556118 -0.9401315
vn 0.1069486 0.00221272 -0.994262
vn -0.1324937 0.02673114 -0.9908233
vn -0.3645591 0.04656889 -0.930015
vn -0.5757608 0.06057257 -0.8153713
vn -0.7538249 0.06792908 -0.6535547
vn -0.8884025 0.06820981 -0.4539695
vn -0.9728938 0.006588565 -0.2311584
vn -0.999955 -0.006850113 0.006567767
vn -0.9695519 -0.02617371 0.2434832
vn -0.8834515 -0.05025973 0.4658191
vn -0.7466578 -0.07770807 0.6606539
vn -0.5671206 -0.1069231 0.816665
vn -0.3552736 -0.1362074 0.9247855
vn -0.1234294 -0.1638595 0.9787315
vn 0.1149386 -0.1882721 0.975368
vn 0.3459774 -0.2080262 0.9148906
vn 0.5562596 -0.2219736 0.8008139
vn 0.7335644 -0.229304 0.6397679
vn 0.8675878 -0.2295909 0.4411114
vn 0.9505404 -0.2228185 0.2163903
vn 0.9776015 -0.2093803 -0.02133581
vn 0.9471985 -0.1900566 -0.2582512
vn 0.8610981 -0.1659705 -0.480587
vn 0.7243043 -0.1385223 -0.675422
vn 0.544767 -0.109307 -0.831433
vn 0.3329203 -0.08002213 -0.9395534
vn 0.1010761 -0.05237014 -0.9934994
vn -0.1372921 -0.0279582 -0.990136
vn -0.3683309 -0.008204294 -0.9296586
vn -0.5786131 0.005743125 -0.815582
vn -0.755918 0.01307347 -0.6545358
vn -0.8899413 0.01336133 -0.4558794
vn -0.9710999 -0.04960645 -0.2334612
vn -0.9980148 -0.06293377 0.002416333
vn -0.9679105 -0.08210197 0.2375047
vn -0.8825368 -0.1059966 0.4581416
vn -0.746855 -0.1332292 0.6515042
vn -0.5687508 -0.1622175 0.8063548
vn -0.3585745 -0.1912758 0.9136946
vn -0.1285412 -0.2187161 0.9672851
vn 0.1079806 -0.2429437 0.9640117
vn 0.337245 -0.2625504 0.9040647
vn 0.5459281 -0.276397 0.7909282
vn 0.7219019 -0.2836782 0.631177
vn 0.8549393 -0.2839714 0.4340954
vn 0.9373093 -0.277259 0.2111371
vn 0.9642242 -0.2639312 -0.02474051
vn 0.9341198 -0.2447633 -0.259829
vn 0.8487459 -0.2208688 -0.4804656
vn 0.7130643 -0.1936361 -0.6738282
vn 0.53496 -0.164648 -0.828679
vn 0.3247839 -0.1355892 -0.9360187
vn 0.09475055 -0.1081487 -0.9896091
vn -0.1417714 -0.08392122 -0.9863357
vn -0.3710357 -0.06431482 -0.9263888
vn -0.5797189 -0.05046836 -0.813252
vn -0.7556925 -0.04318732 -0.6535011
vn -0.8887302 -0.04289453 -0.4564196
vn -0.9659786 -0.1077973 -0.2350849
vn -0.992655 -0.1209643 -0.00191816
vn -0.9629655 -0.139906 0.2304856
vn -0.8786357 -0.1635218 0.44862
vn -0.7445666 -0.1904392 0.6398074
vn -0.5685498 -0.2190936 0.792937
vn -0.3608146 -0.2478205 0.8991095
vn -0.1334337 -0.2749495 0.9521545
vn 0.1003778 -0.2989045 0.9489892
vn 0.3270322 -0.3182928 0.8897975
vn 0.5333569 -0.3319879 0.7780195
vn 0.7073609 -0.3391943 0.6201515
vn 0.8389322 -0.3394924 0.4253676
vn 0.9204237 -0.332866 0.2049886
vn 0.9471 -0.3196992 -0.02817804
vn 0.9174106 -0.300757 -0.2605819
vn 0.8330809 -0.277141 -0.478716
vn 0.6990118 -0.2502238 -0.6699034
vn 0.5229948 -0.2215691 -0.8230332
vn 0.3152596 -0.1928424 -0.9292056
vn 0.08787888 -0.1657135 -0.9822507
vn -0.1459329 -0.1417588 -0.9790853
vn -0.372587 -0.1223703 -0.9198937
vn -0.5789117 -0.108675 -0.8081158
vn -0.7529159 -0.1014687 -0.6502476
vn -0.884487 -0.1011702 -0.4554639
vn -0.9570094 -0.1687037 -0.2359492
vn -0.9833413 -0.1816525 -0.006500217
vn -0.954204 -0.2002857 0.222217
vn -0.8712907 -0.2235201 0.436911
vn -0.7394204 -0.2500057 0.6251037
vn -0.5662566 -0.2782033 0.7758585
vn -0.3618629 -0.306474 0.8804141
vn -0.138118 -0.3331748 0.932694
vn 0.09197474 -0.356754 0.9296597
vn 0.3150431 -0.3758416 0.8714878
vn 0.5181236 -0.3893276 0.7615589
vn 0.6894134 -0.3964288 0.6062618
vn 0.8189581 -0.3967323 0.4146217
vn 0.899229 -0.3902203 0.197776
vn 0.9255608 -0.3772719 -0.03167292
vn 0.8964233 -0.3586392 -0.2603903
vn 0.8135102 -0.3354046 -0.4750842
vn 0.6816398 -0.3089189 -0.6632769
vn 0.5084759 -0.2807216 -0.8140317
vn 0.3040823 -0.252451 -0.9185872
vn 0.08033746 -0.22575 -0.970867
vn -0.1497554 -0.2021705 -0.9678329
vn -0.3728237 -0.1830831 -0.9096609
vn -0.5759041 -0.1695971 -0.7997321
vn -0.7471938 -0.162496 -0.644435
vn -0.8767385 -0.1621922 -0.4527949
vn -0.9433752 -0.2332106 -0.2359155
vn -0.9692356 -0.2458701 -0.01141273
vn -0.94082 -0.2640931 0.2123974
vn -0.8597794 -0.2868212 0.4225077
vn -0.7308242 -0.3127326 0.6067077
vn -0.5614485 -0.3403221 0.7542921
vn -0.3614954 -0.3679861 0.8566839
vn -0.1425863 -0.3941167 0.9079324
vn 0.08255728 -0.4171951 0.9050594
vn 0.3008507 -0.4358805 0.8482317
vn 0.4996072 -0.4490871 0.7407519
vn 0.6672762 -0.4560469 0.5888664
vn 0.794113 -0.4563559 0.4014023
vn 0.8727466 -0.4499957 0.1892542
vn 0.8986072 -0.4373359 -0.03524864
vn 0.8701914 -0.4191127 -0.2590588
vn 0.789151 -0.3963852 -0.469169
vn 0.6601957 -0.3704734 -0.6533689
vn 0.4908198 -0.3428841 -0.8009534
vn 0.2908671 -0.3152205 -0.9033452
vn 0.07195775 -0.28909 -0.9545937
vn -0.153186 -0.2660112 -0.9517206
vn -0.3714791 -0.2473256 -0.8948929
vn -0.5702358 -0.2341192 -0.7874131
vn -0.7379047 -0.2271591 -0.6355277
vn -0.8647414 -0.2268505 -0.4480637
vn -0.9238043 -0.3024481 -0.2347566
vn -0.9490337 -0.3147282 -0.01676678
vn -0.9215584 -0.3324125 0.2005791
vn -0.842975 -0.3544738 0.4046499
vn -0.7178505 -0.3796298 0.5835853
vn -0.5534567 -0.4064185 0.7269868
vn -0.3593475 -0.4332829 0.82652
vn -0.1468042 -0.4586619 0.8764004
vn 0.07182144 -0.4810807 0.8737293
vn 0.2838235 -0.499236 0.818662
vn 0.4768812 -0.512073 0.7143987
vn 0.6397747 -0.5188456 0.5669987
vn 0.7630372 -0.5191602 0.3850285
vn 0.8395051 -0.5129985 0.1790637
vn 0.8647345 -0.5007185 -0.03892618
vn 0.8372591 -0.4830337 -0.2562724
vn 0.7586758 -0.4609723 -0.4603429
vn 0.6335512 -0.4358166 -0.6392782
vn 0.4691573 -0.409028 -0.7826797
vn 0.2750483 -0.3821635 -0.8822129
vn 0.06250493 -0.3567845 -0.9320933
vn -0.1561209 -0.3343657 -0.9294223
vn -0.3681229 -0.3162104 -0.874355
vn -0.5611806 -0.3033734 -0.7700915
vn -0.7240739 -0.2966008 -0.6226917
vn -0.8473364 -0.2962863 -0.4407215
vn -0.8962666 -0.3779373 -0.2320981
vn -0.9206548 -0.3897161 -0.02272073
vn -0.8944161 -0.4066888 0.1860753
vn -0.8190755 -0.4278691 0.3821561
vn -0.6990117 -0.4520262 0.5541253
vn -0.5412022 -0.4777559 0.6919895
vn -0.3548181 -0.5035633 0.7877361
vn -0.150692 -0.5279482 0.8358006
vn 0.05931362 -0.5494935 0.83339
vn 0.2629938 -0.566947 0.7806441
vn 0.4485115 -0.5792947 0.6806284
vn 0.6050849 -0.5858188 0.5391555
vn 0.7236147 -0.5861399 0.3644471
vn 0.7972121 -0.5802398 0.166657
vn 0.8216003 -0.5684612 -0.04272031
vn 0.7953615 -0.5514883 -0.2515165
vn 0.7200211 -0.5303079 -0.4475971
vn 0.5999572 -0.5061509 -0.6195664
vn 0.4421475 -0.4804211 -0.7574306
vn 0.2557637 -0.4546139 -0.8531771
vn 0.05163754 -0.430229 -0.9012417
vn -0.1583682 -0.4086838 -0.898831
vn -0.3620484 -0.3912301 -0.8460851
vn -0.5475661 -0.3788823 -0.7460694
vn -0.7041394 -0.3723584 -0.6045965
vn -0.8226691 -0.3720371 -0.4298882
vn -0.8573419 -0.4618444 -0.2272986
vn -0.8805955 -0.4729481 -0.02952096
vn -0.8560213 -0.4889624 0.1677597
vn -0.7850472 -0.5089564 0.3530784
vn -0.6717982 -0.5317681 0.5156645
vn -0.5228558 -0.5560719 0.6460696
vn -0.3468758 -0.5804551 0.7367151
vn -0.154086 -0.6035008 0.7823325
vn 0.0443096 -0.6238698 0.7802712
vn 0.2367812 -0.6403783 0.7306507
vn 0.4121429 -0.6520666 0.6363547
vn 0.560203 -0.6582558 0.5028636
vn 0.6723573 -0.6585858 0.3379353
vn 0.7420875 -0.6530378 0.1511548
vn 0.7653411 -0.641934 -0.04662263
vn 0.7407669 -0.6259197 -0.2439034
vn 0.6697928 -0.6059259 -0.4292218
vn 0.5565438 -0.5831142 -0.5918081
vn 0.4076013 -0.5588105 -0.7222133
vn 0.2316216 -0.5344271 -0.8128586
vn 0.03883173 -0.5113813 -0.8584762
vn -0.1595642 -0.4910124 -0.8564147
vn -0.3520356 -0.4745041 -0.8067942
vn -0.5273972 -0.4628157 -0.7124983
vn -0.6754575 -0.4566266 -0.5790073
vn -0.7876117 -0.4562964 -0.4140791
vn -0.8006857 -0.5575583 -0.2191601
vn -0.8223644 -0.5677173 -0.03759948
vn -0.8001279 -0.5823905 0.1435847
vn -0.7352682 -0.6007252 0.3138628
vn -0.631555 -0.6216556 0.4633386
vn -0.4950157 -0.6439655 0.5833248
vn -0.3335852 -0.6663584 0.666849
vn -0.1566454 -0.6875327 0.7090564
vn 0.0255204 -0.7062579 0.7074944
vn 0.2023257 -0.721446 0.6622537
vn 0.3634951 -0.732214 0.5759635
vn 0.4996619 -0.7379362 0.4536388
vn 0.6029127 -0.7382801 0.3023885
vn 0.6672469 -0.7332256 0.1310028
vn 0.6889257 -0.7230664 -0.05055781
vn 0.6666892 -0.7083934 -0.2317421
vn 0.6018296 -0.6900588 -0.40202
vn 0.4981163 -0.6691282 -0.5514957
vn 0.3615769 -0.6468184 -0.6714821
vn 0.2001465 -0.6244255 -0.7550061
vn 0.02320676 -0.6032511 -0.7972137
vn -0.1589593 -0.5845258 -0.7956516
vn -0.3357645 -0.5693377 -0.750411
vn -0.4969338 -0.5585698 -0.6641209
vn -0.6331007 -0.5528477 -0.5417961
vn -0.7363514 -0.5525039 -0.3905458
vn -0.7120422 -0.671535 -0.2050284
vn -0.7313989 -0.6802632 -0.04793253
vn -0.7127415 -0.6929088 0.1089814
vn -0.6571539 -0.708737 0.2565942
vn -0.567867 -0.7268277 0.386327
vn -0.4500698 -0.7461296 0.4906401
vn -0.310608 -0.7655211 0.5634715
vn -0.1575868 -0.7838751 0.6005882
vn 0.0001007463 -0.800125 0.5998333
vn 0.1532905 -0.8133264 0.5612506
vn 0.2930798 -0.8227119 0.4870824
vn 0.4113443 -0.8277363 0.3816391
vn 0.5012108 -0.8281077 0.2510487
vn 0.5574571 -0.8238041 0.1029006
vn 0.5768138 -0.8150759 -0.05419535
vn 0.5581563 -0.8024304 -0.2111094
vn 0.5025688 -0.7866023 -0.3587222
vn 0.4132819 -0.7685115 -0.4884548
vn 0.2954844 -0.7492095 -0.592768
vn 0.1560228 -0.729818 -0.6655993
vn 0.003001578 -0.7114641 -0.7027161
vn -0.154686 -0.6952142 -0.701961
vn -0.3078758 -0.6820128 -0.6633784
vn -0.447665 -0.6726273 -0.5892103
vn -0.5659295 -0.6676027 -0.483767
vn -0.6557961 -0.6672315 -0.3531765
vn -0.4971673 -0.8510804 -0.1687803
vn -0.5117049 -0.8564277 -0.06848122
vn -0.5019124 -0.8643181 0.0322246
vn -0.4683586 -0.8742928 0.1274848
vn -0.412994 -0.8857722 0.2117631
vn -0.3390359 -0.8980893 0.2801612
vn -0.2507824 -0.9105281 0.3287045
vn -0.1533628 -0.9223658 0.3545717
vn -0.05243846 -0.9329145 0.3562594
vn 0.04612496 -0.9415609 0.3336696
vn 0.1365997 -0.9478028 0.2881151
vn 0.2137275 -0.9512772 0.2222435
vn 0.2730258 -0.9517824 0.1398829
vn 0.3110486 -0.9492889 0.04581968
vn 0.3255863 -0.9439415 -0.05447938
vn 0.3157936 -0.9360512 -0.1551853
vn 0.2822399 -0.9260765 -0.2504454
vn 0.2268753 -0.914597 -0.3347235
vn 0.1529172 -0.90228 -0.4031219
vn 0.06466386 -0.8898411 -0.4516651
vn -0.03275584 -0.8780034 -0.4775323
vn -0.1336802 -0.8674548 -0.4792201
vn -0.2322437 -0.8588082 -0.4566303
vn -0.3227184 -0.8525665 -0.4110757
vn -0.399846 -0.8490921 -0.3452041
vn -0.4591444 -0.8485869 -0.2628435
vn 0.1025935 0.9924115 0.06777915
vn -0.1025935 -0.9924115 -0.06777915

vt 0.3947911 0
vt 0.3947911 0.241661
vt 0.3947911 0.483322
vt 0.3947911 0.7249829
vt 0.3947911 0.9666439
vt 0.3947911 1.208305
vt 0.3947911 1.449966
vt 0.3947911 1.691627
vt 0.3947911 1.933288
vt 0.3947911 2.174949
vt 0.3947911 2.41661
vt 0.3947911 2.658271
vt 0.3947911 2.899932
vt 0.3947911 3.141593
vt 0.3947911 3.383254
vt 0.3947911 3.624915
vt 0.3947911 3.866576
vt 0.3947911 4.108237
vt 0.3947911 4.349897
vt 0.3947911 4.591558
vt 0.3947911 4.83322
vt 0.3947911 5.074881
vt 0.3947911 5.316542
vt 0.3947911 5.558202
vt 0.3947911 5.799863
vt 0.3947911 6.041524
vt 0.5620698 0
vt 0.5620698 0.241661
vt 0.5620698 0.483322
vt 0.5620698 0.7249829
vt 0.5620698 0.9666439
vt 0.5620698 1.208305
vt 0.5620698 1.449966
vt 0.5620698 1.691627
vt 0.5620698 1.933288
vt 0.5620698 2.174949
vt 0.5620698 2.41661
vt 0.5620698 2.658271
vt 0.5620698 2.899932
vt 0.5620698 3.141593
vt 0.5620698 3.383254
vt 0.5620698 3.624915
vt 0.5620698 3.866576
vt 0.5620698 4.108237
vt 0.5620698 4.349897
vt 0.5620698 4.591558
vt 0.5620698 4.83322
vt 0.5620698 5.074881
vt 0.5620698 5.316542
vt 0.5620698 5.558202
vt 0.5620698 5.799863
vt 0.5620698 6.041524
vt 0.6931599 0
vt 0.6931599 0.241661
vt 0.6931599 0.483322
vt 0.6931599 0.7249829
vt 0.6931599 0.9666439
vt 0.6931599 1.208305
vt 0.6931599 1.449966
vt 0.6931599 1.691627
vt 0.6931599 1.933288
vt 0.6931599 2.174949
vt 0.6931599 2.41661
vt 0.6931599 2.658271
vt 0.6931599 2.899932
vt 0.6931599 3.141593
vt 0.6931599 3.383254
vt 0.6931599 3.624915
vt 0.6931599 3.866576
vt 0.6931599 4.108237
vt 0.6931599 4.349897
vt 0.6931599 4.591558
vt 0.6931599 4.83322
vt 0.6931599 5.074881
vt 0.6931599 5.316542
vt 0.6931599 5.558202
vt 0.6931599 5.799863
vt 0.6931599 6.041524
vt 0.8061141 0
vt 0.8061141 0.241661
vt 0.8061141 0.483322
vt 0.8061141 0.7249829
vt 0.8061141 0.9666439
vt 0.8061141 1.208305
vt 0.8061141 1.449966
vt 0.8061141 1.691627
vt 0.8061141 1.933288
vt 0.8061141 2.174949
vt 0.8061141 2.41661
vt 0.8061141 2.658271
vt 0.8061141 2.899932
vt 0.8061141 3.141593
vt 0.8061141 3.383254
vt 0.8061141 3.624915
vt 0.8061141 3.866576
vt 0.8061141 4.108237
vt 0.8061141 4.349897
vt 0.8061141 4.591558
vt 0.8061141 4.83322
vt 0.8061141 5.074881
vt 0.8061141 5.316542
vt 0.8061141 5.558202
vt 0.8061141 5.799863
vt 0.8061141 6.041524
vt 0.9079226 0
vt 0.9079226 0.241661
vt 0.9079226 0.483322
vt 0.9079226 0.7249829
vt 0.9079226 0.9666439
vt 0.9079226 1.208305
vt 0.9079226 1.449966
vt 0.9079226 1.691627
vt 0.9079226 1.933288
vt 0.9079226 2.174949
vt 0.9079226 2.41661
vt 0.9079226 2.658271
vt 0.9079226 2.899932
vt 0.9079226 3.141593
vt 0.9079226 3.383254
vt 0.9079226 3.624915
vt 0.9079226 3.866576
vt 0.9079226 4.108237
vt 0.9079226 4.349897
vt 0.9079226 4.591558
vt 0.9079226 4.83322
vt 0.9079226 5.074881
vt 0.9079226 5.316542
vt 0.9079226 5.558202
vt 0.9079226 5.799863
vt 0.9079226 6.041524
vt 1.002186 0
vt 1.002186 0.241661
vt 1.002186 0.483322
vt 1.002186 0.7249829
vt 1.002186 0.9666439
vt 1.002186 1.208305
vt 1.002186 1.449966
vt 1.002186 1.691627
vt 1.002186 1.933288
vt 1.002186 2.174949
vt 1.002186 2.41661
vt 1.002186 2.658271
vt 1.002186 2.899932
vt 1.002186 3.141593
vt 1.002186 3.383254
vt 1.002186 3.624915
vt 1.002186 3.866576
vt 1.002186 4.108237
vt 1.002186 4.349897
vt 1.002186 4.591558
vt 1.002186 4.83322
vt 1.002186 5.074881
vt 1.002186 5.316542
vt 1.002186 5.558202
vt 1.002186 5.799863
vt 1.002186 6.041524
vt 1.091068 0
vt 1.091068 0.241661
vt 1.091068 0.483322
vt 1.091068 0.7249829
vt 1.091068 0.9666439
vt 1.091068 1.208305
vt 1.091068 1.449966
vt 1.091068 1.691627
vt 1.091068 1.933288
vt 1.091068 2.174949
vt 1.091068 2.41661
vt 1.091068 2.658271
vt 1.091068 2.899932
vt 1.091068 3.141593
vt 1.091068 3.383254
vt 1.091068 3.624915
vt 1.091068 3.866576
vt 1.091068 4.108237
vt 1.091068 4.349897
vt 1.091068 4.591558
vt 1.091068 4.83322
vt 1.091068 5.074881
vt 1.091068 5.316542
vt 1.091068 5.558202
vt 1.091068 5.799863
vt 1.091068 6.041524
vt 1.176005 0
vt 1.176005 0.241661
vt 1.176005 0.483322
vt 1.176005 0.7249829
vt 1.176005 0.9666439
vt 1.176005 1.208305
vt 1.176005 1.449966
vt 1.176005 1.691627
vt 1.176005 1.933288
vt 1.176005 2.174949
vt 1.176005 2.41661
vt 1.176005 2.658271
vt 1.176005 2.899932
vt 1.176005 3.141593
vt 1.176005 3.383254
vt 1.176005 3.624915
vt 1.176005 3.866576
vt 1.176005 4.108237
vt 1.176005 4.349897
vt 1.176005 4.591558
vt 1.176005 4.83322
vt 1.176005 5.074881
vt 1.176005 5.316542
vt 1.176005 5.558202
vt 1.176005 5.799863
vt 1.176005 6.041524
vt 1.25803 0
vt 1.25803 0.241661
vt 1.25803 0.483322
vt 1.25803 0.7249829
vt 1.25803 0.9666439
vt 1.25803 1.208305
vt 1.25803 1.449966
vt 1.25803 1.691627
vt 1.25803 1.933288
vt 1.25803 2.174949
vt 1.25803 2.41661
vt 1.25803 2.658271
vt 1.25803 2.899932
vt 1.25803 3.141593
vt 1.25803 3.383254
vt 1.25803 3.624915
vt 1.25803 3.866576
vt 1.25803 4.108237
vt 1.25803 4.349897
vt 1.25803 4.591558
vt 1.25803 4.83322
vt 1.25803 5.074881
vt 1.25803 5.316542
vt 1.25803 5.558202
vt 1.25803 5.799863
vt 1.25803 6.041524
vt 1.337928 0
vt 1.337928 0.241661
vt 1.337928 0.483322
vt 1.337928 0.7249829
vt 1.337928 0.9666439
vt 1.337928 1.208305
vt 1.337928 1.449966
vt 1.337928 1.691627
vt 1.337928 1.933288
vt 1.337928 2.174949
vt 1.337928 2.41661
vt 1.337928 2.658271
vt 1.337928 2.899932
vt 1.337928 3.141593
vt 1.337928 3.383254
vt 1.337928 3.624915
vt 1.337928 3.866576
vt 1.337928 4.108237
vt 1.337928 4.349897
vt 1.337928 4.591558
vt 1.337928 4.83322
vt 1.337928 5.074881
vt 1.337928 5.316542
vt 1.337928 5.558202
vt 1.337928 5.799863
vt 1.337928 6.041524
vt 1.416337 0
vt 1.416337 0.241661
vt 1.416337 0.483322
vt 1.416337 0.7249829
vt 1.416337 0.9666439
vt 1.416337 1.208305
vt 1.416337 1.449966
vt 1.416337 1.691627
vt 1.416337 1.933288
vt 1.416337 2.174949
vt 1.416337 2.41661
vt 1.416337 2.658271
vt 1.416337 2.899932
vt 1.416337 3.141593
vt 1.416337 3.383254
vt 1.416337 3.624915
vt 1.416337 3.866576
vt 1.416337 4.108237
vt 1.416337 4.349897
vt 1.416337 4.591558
vt 1.416337 4.83322
vt 1.416337 5.074881
vt 1.416337 5.316542
vt 1.416337 5.558202
vt 1.416337 5.799863
vt 1.416337 6.041524
vt 1.493797 0
vt 1.493797 0.241661
vt 1.493797 0.483322
vt 1.493797 0.7249829
vt 1.493797 0.9666439
vt 1.493797 1.208305
vt 1.493797 1.449966
vt 1.493797 1.691627
vt 1.493797 1.933288
vt 1.493797 2.174949
vt 1.493797 2.41661
vt 1.493797 2.658271
vt 1.493797 2.899932
vt 1.493797 3.141593
vt 1.493797 3.383254
vt 1.493797 3.624915
vt 1.493797 3.866576
vt 1.493797 4.108237
vt 1.493797 4.349897
vt 1.493797 4.591558
vt 1.493797 4.83322
vt 1.493797 5.074881
vt 1.493797 5.316542
vt 1.493797 5.558202
vt 1.493797 5.799863
vt 1.493797 6.041524
vt 1.570796 0
vt 1.570796 0.241661
vt 1.570796 0.483322
vt 1.570796 0.7249829
vt 1.570796 0.9666439
vt 1.570796 1.208305
vt 1.570796 1.449966
vt 1.570796 1.691627
vt 1.570796 1.933288
vt 1.570796 2.174949
vt 1.570796 2.41661
vt 1.570796 2.658271
vt 1.570796 2.899932
vt 1.570796 3.141593
vt 1.570796 3.383254
vt 1.570796 3.624915
vt 1.570796 3.866576
vt 1.570796 4.108237
vt 1.570796 4.349897
vt 1.570796 4.591558
vt 1.570796 4.83322
vt 1.570796 5.074881
vt 1.570796 5.316542
vt 1.570796 5.558202
vt 1.570796 5.799863
vt 1.570796 6.041524
vt 1.647796 0
vt 1.647796 0.241661
vt 1.647796 0.483322
vt 1.647796 0.7249829
vt 1.647796 0.9666439
vt 1.647796 1.208305
vt 1.647796 1.449966
vt 1.647796 1.691627
vt 1.647796 1.933288
vt 1.647796 2.174949
vt 1.647796 2.41661
vt 1.647796 2.658271
vt 1.647796 2.899932
vt 1.647796 3.141593
vt 1.647796 3.383254
vt 1.647796 3.624915
vt 1.647796 3.866576
vt 1.647796 4.108237
vt 1.647796 4.349897
vt 1.647796 4.591558
vt 1.647796 4.83322
vt 1.647796 5.074881
vt 1.647796 5.316542
vt 1.647796 5.558202
vt 1.647796 5.799863
vt 1.647796 6.041524
vt 1.725256 0
vt 1.725256 0.241661
vt 1.725256 0.483322
vt 1.725256 0.7249829
vt 1.725256 0.9666439
vt 1.725256 1.208305
vt 1.725256 1.449966
vt 1.725256 1.691627
vt 1.725256 1.933288
vt 1.725256 2.174949
vt 1.725256 2.41661
vt 1.725256 2.658271
vt 1.725256 2.899932
vt 1.725256 3.141593
vt 1.725256 3.383254
vt 1.725256 3.624915
vt 1.725256 3.866576
vt 1.725256 4.108237
vt 1.725256 4.349897
vt 1.725256 4.591558
vt 1.725256 4.83322
vt 1.725256 5.074881
vt 1.725256 5.316542
vt 1.725256 5.558202
vt 1.725256 5.799863
vt 1.725256 6.041524
vt 1.803665 0
vt 1.803665 0.241661
vt 1.803665 0.483322
vt 1.803665 0.7249829
vt 1.803665 0.9666439
vt 1.803665 1.208305
vt 1.803665 1.449966
vt 1.803665 1.691627
vt 1.803665 1.933288
vt 1.803665 2.174949
vt 1.803665 2.41661
vt 1.803665 2.658271
vt 1.803665 2.899932
vt 1.803665 3.141593
vt 1.803665 3.383254
vt 1.803665 3.624915
vt 1.803665 3.866576
vt 1.803665 4.108237
vt 1.803665 4.349897
vt 1.803665 4.591558
vt 1.803665 4.83322
vt 1.803665 5.074881
vt 1.803665 5.316542
vt 1.803665 5.558202
vt 1.803665 5.799863
vt 1.803665 6.041524
vt 1.883563 0
vt 1.883563 0.241661
vt 1.883563 0.483322
vt 1.883563 0.7249829
vt 1.883563 0.9666439
vt 1.883563 1.208305
vt 1.883563 1.449966
vt 1.883563 1.691627
vt 1.883563 1.933288
vt 1.883563 2.174949
vt 1.883563 2.41661
vt 1.883563 2.658271
vt 1.883563 2.899932
vt 1.883563 3.141593
vt 1.883563 3.383254
vt 1.883563 3.624915
vt 1.883563 3.866576
vt 1.883563 4.108237
vt 1.883563 4.349897
vt 1.883563 4.591558
vt 1.883563 4.83322
vt 1.883563 5.074881
vt 1.883563 5.316542
vt 1.883563 5.558202
vt 1.883563 5.799863
vt 1.883563 6.041524
vt 1.965587 0
vt 1.965587 0.241661
vt 1.965587 0.483322
vt 1.965587 0.7249829
vt 1.965587 0.9666439
vt 1.965587 1.208305
vt 1.965587 1.449966
vt 1.965587 1.691627
vt 1.965587 1.933288
vt 1.965587 2.174949
vt 1.965587 2.41661
vt 1.965587 2.658271
vt 1.965587 2.899932
vt 1.965587 3.141593
vt 1.965587 3.383254
vt 1.965587 3.624915
vt 1.965587 3.866576
vt 1.965587 4.108237
vt 1.965587 4.349897
vt 1.965587 4.591558
vt 1.965587 4.83322
vt 1.965587 5.074881
vt 1.965587 5.316542
vt 1.965587 5.558202
vt 1.965587 5.799863
vt 1.965587 6.041524
vt 2.050525 0
vt 2.050525 0.241661
vt 2.050525 0.483322
vt 2.050525 0.7249829
vt 2.050525 0.9666439
vt 2.050525 1.208305
vt 2.050525 1.449966
vt 2.050525 1.691627
vt 2.050525 1.933288
vt 2.050525 2.174949
vt 2.050525 2.41661
vt 2.050525 2.658271
vt 2.050525 2.899932
vt 2.050525 3.141593
vt 2.050525 3.383254
vt 2.050525 3.624915
vt 2.050525 3.866576
vt 2.050525 4.108237
vt 2.050525 4.349897
vt 2.050525 4.591558
vt 2.050525 4.83322
vt 2.050525 5.074881
vt 2.050525 5.316542
vt 2.050525 5.558202
vt 2.050525 5.799863
vt 2.050525 6.041524
vt 2.139407 0
vt 2.139407 0.241661
vt 2.139407 0.483322
vt 2.139407 0.7249829
vt 2.139407 0.9666439
vt 2.139407 1.208305
vt 2.139407 1.449966
vt 2.139407 1.691627
vt 2.139407 1.933288
vt 2.139407 2.174949
vt 2.139407 2.41661
vt 2.139407 2.658271
vt 2.139407 2.899932
vt 2.139407 3.141593
vt 2.139407 3.383254
vt 2.139407 3.624915
vt 2.139407 3.866576
vt 2.139407 4.108237
vt 2.139407 4.349897
vt 2.139407 4.591558
vt 2.139407 4.83322
vt 2.139407 5.074881
vt 2.139407 5.316542
vt 2.139407 5.558202
vt 2.139407 5.799863
vt 2.139407 6.041524
vt 2.23367 0
vt 2.23367 0.241661
vt 2.23367 0.483322
vt 2.23367 0.7249829
vt 2.23367 0.9666439
vt 2.23367 1.208305
vt 2.23367 1.449966
vt 2.23367 1.691627
vt 2.23367 1.933288
vt 2.23367 2.174949
vt 2.23367 2.41661
vt 2.23367 2.658271
vt 2.23367 2.899932
vt 2.23367 3.141593
vt 2.23367 3.383254
vt 2.23367 3.624915
vt 2.23367 3.866576
vt 2.23367 4.108237
vt 2.23367 4.349897
vt 2.23367 4.591558
vt 2.23367 4.83322
vt 2.23367 5.074881
vt 2.23367 5.316542
vt 2.23367 5.558202
vt 2.23367 5.799863
vt 2.23367 6.041524
vt 2.335479 0
vt 2.335479 0.241661
vt 2.335479 0.483322
vt 2.335479 0.7249829
vt 2.335479 0.9666439
vt 2.335479 1.208305
vt 2.335479 1.449966
vt 2.335479 1.691627
vt 2.335479 1.933288
vt 2.335479 2.174949
vt 2.335479 2.41661
vt 2.335479 2.658271
vt 2.335479 2.899932
vt 2.335479 3.141593
vt 2.335479 3.383254
vt 2.335479 3.624915
vt 2.335479 3.866576
vt 2.335479 4.108237
vt 2.335479 4.349897
vt 2.335479 4.591558
vt 2.335479 4.83322
vt 2.335479 5.074881
vt 2.335479 5.316542
vt 2.335479 5.558202
vt 2.335479 5.799863
vt 2.335479 6.041524
vt 2.448433 0
vt 2.448433 0.241661
vt 2.448433 0.483322
vt 2.448433 0.7249829
vt 2.448433 0.9666439
vt 2.448433 1.208305
vt 2.448433 1.449966
vt 2.448433 1.691627
vt 2.448433 1.933288
vt 2.448433 2.174949
vt 2.448433 2.41661
vt 2.448433 2.658271
vt 2.448433 2.899932
vt 2.448433 3.141593
vt 2.448433 3.383254
vt 2.448433 3.624915
vt 2.448433 3.866576
vt 2.448433 4.108237
vt 2.448433 4.349897
vt 2.448433 4.591558
vt 2.448433 4.83322
vt 2.448433 5.074881
vt 2.448433 5.316542
vt 2.448433 5.558202
vt 2.448433 5.799863
vt 2.448433 6.041524
vt 2.579523 0
vt 2.579523 0.241661
vt 2.579523 0.483322
vt 2.579523 0.7249829
vt 2.579523 0.9666439
vt 2.579523 1.208305
vt 2.579523 1.449966
vt 2.579523 1.691627
vt 2.579523 1.933288
vt 2.579523 2.174949
vt 2.579523 2.41661
vt 2.579523 2.658271
vt 2.579523 2.899932
vt 2.579523 3.141593
vt 2.579523 3.383254
vt 2.579523 3.624915
vt 2.579523 3.866576
vt 2.579523 4.108237
vt 2.579523 4.349897
vt 2.579523 4.591558
vt 2.579523 4.83322
vt 2.579523 5.074881
vt 2.579523 5.316542
vt 2.579523 5.558202
vt 2.579523 5.799863
vt 2.579523 6.041524
vt 2.746801 0
vt 2.746801 0.241661
vt 2.746801 0.483322
vt 2.746801 0.7249829
vt 2.746801 0.9666439
vt 2.746801 1.208305
vt 2.746801 1.449966
vt 2.746801 1.691627
vt 2.746801 1.933288
vt 2.746801 2.174949
vt 2.746801 2.41661
vt 2.746801 2.658271
vt 2.746801 2.899932
vt 2.746801 3.141593
vt 2.746801 3.383254
vt 2.746801 3.624915
vt 2.746801 3.866576
vt 2.746801 4.108237
vt 2.746801 4.349897
vt 2.746801 4.591558
vt 2.746801 4.83322
vt 2.746801 5.074881
vt 2.746801 5.316542
vt 2.746801 5.558202
vt 2.746801 5.799863
vt 2.746801 6.041524
vt 0 1
vt 0 0

usemap Cartoon_2D69FF
usemtl Cartoon_2D69FF
f 28/28/28 2/2/2 1/1/1 
f 27/27/27 28/28/28 1/1/1 
f 29/29/29 3/3/3 2/2/2 
f 28/28/28 29/29/29 2/2/2 
f 30/30/30 4/4/4 3/3/3 
f 29/29/29 30/30/30 3/3/3 
f 31/31/31 5/5/5 4/4/4 
f 30/30/30 31/31/31 4/4/4 
f 32/32/32 6/6/6 5/5/5 
f 31/31/31 32/32/32 5/5/5 
f 33/33/33 7/7/7 6/6/6 
f 32/32/32 33/33/33 6/6/6 
f 34/34/34 8/8/8 7/7/7 
f 33/33/33 34/34/34 7/7/7 
f 35/35/35 9/9/9 8/8/8 
f 34/34/34 35/35/35 8/8/8 
f 36/36/36 10/10/10 9/9/9 
f 35/35/35 36/36/36 9/9/9 
f 37/37/37 11/11/11 10/10/10 
f 36/36/36 37/37/37 10/10/10 
f 38/38/38 12/12/12 11/11/11 
f 37/37/37 38/38/38 11/11/11 
f 39/39/39 13/13/13 12/12/12 
f 38/38/38 39/39/39 12/12/12 
f 40/40/40 14/14/14 13/13/13 
f 39/39/39 40/40/40 13/13/13 
f 41/41/41 15/15/15 14/14/14 
f 40/40/40 41/41/41 14/14/14 
f 42/42/42 16/16/16 15/15/15 
f 41/41/41 42/42/42 15/15/15 
f 43/43/43 17/17/17 16/16/16 
f 42/42/42 43/43/43 16/16/16 
f 44/44/44 18/18/18 17/17/17 
f 43/43/43 44/44/44 17/17/17 
f 45/45/45 19/19/19 18/18/18 
f 44/44/44 45/45/45 18/18/18 
f 46/46/46 20/20/20 19/19/19 
f 45/45/45 46/46/46 19/19/19 
f 47/47/47 21/21/21 20/20/20 
f 46/46/46 47/47/47 20/20/20 
f 48/48/48 22/22/22 21/21/21 
f 47/47/47 48/48/48 21/21/21 
f 49/49/49 23/23/23 22/22/22 
f 48/48/48 49/49/49 22/22/22 
f 50/50/50 24/24/24 23/23/23 
f 49/49/49 50/50/50 23/23/23 
f 51/51/51 25/25/25 24/24/24 
f 50/50/50 51/51/51 24/24/24 
f 52/52/52 26/26/26 25/25/25 
f 51/51/51 52/52/52 25/25/25 
f 27/27/27 1/1/1 26/26/26 
f 52/52/52 27/27/27 26/26/26 
f 54/54/54 28/28/28 27/27/27 
f 53/53/53 54/54/54 27/27/27 
f 55/55/55 29/29/29 28/28/28 
f 54/54/54 55/55/55 28/28/28 
f 56/56/56 30/30/30 29/29/29 
f 55/55/55 56/56/56 29/29/29 
f 57/57/57 31/31/31 30/30/30 
f 56/56/56 57/57/57 30/30/30 
f 58/58/58 32/32/32 31/31/31 
f 57/57/57 58/58/58 31/31/31 
f 59/59/59 33/33/33 32/32/32 
f 58/58/58 59/59/59 32/32/32 
f 60/60/60 34/34/34 33/33/33 
f 59/59/59 60/60/60 33/33/33 
f 61/61/61 35/35/35 34/34/34 
f 60/60/60 61/61/61 34/34/34 
f 62/62/62 36/36/36 35/35/35 
f 61/61/61 62/62/62 35/35/35 
f 63/63/63 37/37/37 36/36/36 
f 62/62/62 63/63/63 36/36/36 
f 64/64/64 38/38/38 37/37/37 
f 63/63/63 64/64/64 37/37/37 
f 65/65/65 39/39/39 38/38/38 
f 64/64/64 65/65/65 38/38/38 
f 66/66/66 40/40/40 39/39/39 
f 65/65/65 66/66/66 39/39/39 
f 67/67/67 41/41/41 40/40/40 
f 66/66/66 67/67/67 40/40/40 
f 68/68/68 42/42/42 41/41/41 
f 67/67/67 68/68/68 41/41/41 
f 69/69/69 43/43/43 42/42/42 
f 68/68/68 69/69/69 42/42/42 
f 70/70/70 44/44/44 43/43/43 
f 69/69/69 70/70/70 43/43/43 
f 71/71/71 45/45/45 44/44/44 
f 70/70/70 71/71/71 44/44/44 
f 72/72/72 46/46/46 45/45/45 
f 71/71/71 72/72/72 45/45/45 
f 73/73/73 47/47/47 46/46/46 
f 72/72/72 73/73/73 46/46/46 
f 74/74/74 48/48/48 47/47/47 
f 73/73/73 74/74/74 47/47/47 
f 75/75/75 49/49/49 48/48/48 
f 74/74/74 75/75/75 48/48/48 
f 76/76/76 50/50/50 49/49/49 
f 75/75/75 76/76/76 49/49/49 
f 77/77/77 51/51/51 50/50/50 
f 76/76/76 77/77/77 50/50/50 
f 78/78/78 52/52/52 51/51/51 
f 77/77/77 78/78/78 51/51/51 
f 53/53/53 27/27/27 52/52/52 
f 78/78/78 53/53/53 52/52/52 
f 80/80/80 54/54/54 53/53/53 
f 79/79/79 80/80/80 53/53/53 
f 81/81/81 55/55/55 54/54/54 
f 80/80/80 81/81/81 54/54/54 
f 82/82/82 56/56/56 55/55/55 
f 81/81/81 82/82/82 55/55/55 
f 83/83/83 57/57/57 56/56/56 
f 82/82/82 83/83/83 56/56/56 
f 84/84/84 58/58/58 57/57/57 
f 83/83/83 84/84/84 57/57/57 
f 85/85/85 59/59/59 58/58/58 
f 84/84/84 85/85/85 58/58/58 
f 86/86/86 60/60/60 59/59/59 
f 85/85/85 86/86/86 59/59/59 
f 87/87/87 61/61/61 60/60/60 
f 86/86/86 87/87/87 60/60/60 
f 88/88/88 62/62/62 61/61/61 
f 87/87/87 88/88/88 61/61/61 
f 89/89/89 63/63/63 62/62/62 
f 88/88/88 89/89/89 62/62/62 
f 90/90/90 64/64/64 63/63/63 
f 89/89/89 90/90/90 63/63/63 
f 91/91/91 65/65/65 64/64/64 
f 90/90/90 91/91/91 64/64/64 
f 92/92/92 66/66/66 65/65/65 
f 91/91/91 92/92/92 65/65/65 
f 93/93/93 67/67/67 66/66/66 
f 92/92/92 93/93/93 66/66/66 
f 94/94/94 68/68/68 67/67/67 
f 93/93/93 94/94/94 67/67/67 
f 95/95/95 69/69/69 68/68/68 
f 94/94/94 95/95/95 68/68/68 
f 96/96/96 70/70/70 69/69/69 
f 95/95/95 96/96/96 69/69/69 
f 97/97/97 71/71/71 70/70/70 
f 96/96/96 97/97/97 70/70/70 
f 98/98/98 72/72/72 71/71/71 
f 97/97/97 98/98/98 71/71/71 
f 99/99/99 73/73/73 72/72/72 
f 98/98/98 99/99/99 72/72/72 
f 100/100/100 74/74/74 73/73/73 
f 99/99/99 100/100/100 73/73/73 
f 101/101/101 75/75/75 74/74/74 
f 100/100/100 101/101/101 74/74/74 
f 102/102/102 76/76/76 75/75/75 
f 101/101/101 102/102/102 75/75/75 
f 103/103/103 77/77/77 76/76/76 
f 102/102/102 103/103/103 76/76/76 
f 104/104/104 78/78/78 77/77/77 
f 103/103/103 104/104/104 77/77/77 
f 79/79/79 53/53/53 78/78/78 
f 104/104/104 79/79/79 78/78/78 
f 106/106/106 80/80/80 79/79/79 
f 105/105/105 106/106/106 79/79/79 
f 107/107/107 81/81/81 80/80/80 
f 106/106/106 107/107/107 80/80/80 
f 108/108/108 82/82/82 81/81/81 
f 107/107/107 108/108/108 81/81/81 
f 109/109/109 83/83/83 82/82/82 
f 108/108/108 109/109/109 82/82/82 
f 110/110/110 84/84/84 83/83/83 
f 109/109/109 110/110/110 83/83/83 
f 111/111/111 85/85/85 84/84/84 
f 110/110/110 111/111/111 84/84/84 
f 112/112/112 86/86/86 85/85/85 
f 111/111/111 112/112/112 85/85/85 
f 113/113/113 87/87/87 86/86/86 
f 112/112/112 113/113/113 86/86/86 
f 114/114/114 88/88/88 87/87/87 
f 113/113/113 114/114/114 87/87/87 
f 115/115/115 89/89/89 88/88/88 
f 114/114/114 115/115/115 88/88/88 
f 116/116/116 90/90/90 89/89/89 
f 115/115/115 116/116/116 89/89/89 
f 117/117/117 91/91/91 90/90/90 
f 116/116/116 117/117/117 90/90/90 
f 118/118/118 92/92/92 91/91/91 
f 117/117/117 118/118/118 91/91/91 
f 119/119/119 93/93/93 92/92/92 
f 118/118/118 119/119/119 92/92/92 
f 120/120/120 94/94/94 93/93/93 
f 119/119/119 120/120/120 93/93/93 
f 121/121/121 95/95/95 94/94/94 
f 120/120/120 121/121/121 94/94/94 
f 122/122/122 96/96/96 95/95/95 
f 121/121/121 122/122/122 95/95/95 
f 123/123/123 97/97/97 96/96/96 
f 122/122/122 123/123/123 96/96/96 
f 124/124/124 98/98/98 97/97/97 
f 123/123/123 124/124/124 97/97/97 
f 125/125/125 99/99/99 98/98/98 
f 124/124/124 125/125/125 98/98/98 
f 126/126/126 100/100/100 99/99/99 
f 125/125/125 126/126/126 99/99/99 
f 127/127/127 101/101/101 100/100/100 
f 126/126/126 127/127/127 100/100/100 
f 128/128/128 102/102/102 101/101/101 
f 127/127/127 128/128/128 101/101/101 
f 129/129/129 103/103/103 102/102/102 
f 128/128/128 129/129/129 102/102/102 
f 130/130/130 104/104/104 103/103/103 
f 129/129/129 130/130/130 103/103/103 
f 105/105/105 79/79/79 104/104/104 
f 130/130/130 105/105/105 104/104/104 
f 132/132/132 106/106/106 105/105/105 
f 131/131/131 132/132/132 105/105/105 
f 133/133/133 107/107/107 106/106/106 
f 132/132/132 133/133/133 106/106/106 
f 134/134/134 108/108/108 107/107/107 
f 133/133/133 134/134/134 107/107/107 
f 135/135/135 109/109/109 108/108/108 
f 134/134/134 135/135/135 108/108/108 
f 136/136/136 110/110/110 109/109/109 
f 135/135/135 136/136/136 109/109/109 
f 137/137/137 111/111/111 110/110/110 
f 136/136/136 137/137/137 110/110/110 
f 138/138/138 112/112/112 111/111/111 
f 137/137/137 138/138/138 111/111/111 
f 139/139/139 113/113/113 112/112/112 
f 138/138/138 139/139/139 112/112/112 
f 140/140/140 114/114/114 113/113/113 
f 139/139/139 140/140/140 113/113/113 
f 141/141/141 115/115/115 114/114/114 
f 140/140/140 141/141/141 114/114/114 
f 142/142/142 116/116/116 115/115/115 
f 141/141/141 142/142/142 115/115/115 
f 143/143/143 117/117/117 116/116/116 
f 142/142/142 143/143/143 116/116/116 
f 144/144/144 118/118/118 117/117/117 
f 143/143/143 144/144/144 117/117/117 
f 145/145/145 119/119/119 118/118/118 
f 144/144/144 145/145/145 118/118/118 
f 146/146/146 120/120/120 119/119/119 
f 145/145/145 146/146/146 119/119/119 
f 147/147/147 121/121/121 120/120/120 
f 146/146/146 147/147/147 120/120/120 
f 148/148/148 122/122/122 121/121/121 
f 147/147/147 148/148/148 121/121/121 
f 149/149/149 123/123/123 122/122/122 
f 148/148/148 149/149/149 122/122/122 
f 150/150/150 124/124/124 123/123/123 
f 149/149/149 150/150/150 123/123/123 
f 151/151/151 125/125/125 124/124/124 
f 150/150/150 151/151/151 124/124/124 
f 152/152/152 126/126/126 125/125/125 
f 151/151/151 152/152/152 125/125/125 
f 153/153/153 127/127/127 126/126/126 
f 152/152/152 153/153/153 126/126/126 
f 154/154/154 128/128/128 127/127/127 
f 153/153/153 154/154/154 127/127/127 
f 155/155/155 129/129/129 128/128/128 
f 154/154/154 155/155/155 128/128/128 
f 156/156/156 130/130/130 129/129/129 
f 155/155/155 156/156/156 129/129/129 
f 131/131/131 105/105/105 130/130/130 
f 156/156/156 131/131/131 130/130/130 
f 158/158/158 132/132/132 131/131/131 
f 157/157/157 158/158/158 131/131/131 
f 159/159/159 133/133/133 132/132/132 
f 158/158/158 159/159/159 132/132/132 
f 160/160/160 134/134/134 133/133/133 
f 159/159/159 160/160/160 133/133/133 
f 161/161/161 135/135/135 134/134/134 
f 160/160/160 161/161/161 134/134/134 
f 162/162/162 136/136/136 135/135/135 
f 161/161/161 162/162/162 135/135/135 
f 163/163/163 137/137/137 136/136/136 
f 162/162/162 163/163/163 136/136/136 
f 164/164/164 138/138/138 137/137/137 
f 163/163/163 164/164/164 137/137/137 
f 165/165/165 139/139/139 138/138/138 
f 164/164/164 165/165/165 138/138/138 
f 166/166/166 140/140/140 139/139/139 
f 165/165/165 166/166/166 139/139/139 
f 167/167/167 141/141/141 140/140/140 
f 166/166/166 167/167/167 140/140/140 
f 168/168/168 142/142/142 141/141/141 
f 167/167/167 168/168/168 141/141/141 
f 169/169/169 143/143/143 142/142/142 
f 168/168/168 169/169/169 142/142/142 
f 170/170/170 144/144/144 143/143/143 
f 169/169/169 170/170/170 143/143/143 
f 171/171/171 145/145/145 144/144/144 
f 170/170/170 171/171/171 144/144/144 
f 172/172/172 146/146/146 145/145/145 
f 171/171/171 172/172/172 145/145/145 
f 173/173/173 147/147/147 146/146/146 
f 172/172/172 173/173/173 146/146/146 
f 174/174/174 148/148/148 147/147/147 
f 173/173/173 174/174/174 147/147/147 
f 175/175/175 149/149/149 148/148/148 
f 174/174/174 175/175/175 148/148/148 
f 176/176/176 150/150/150 149/149/149 
f 175/175/175 176/176/176 149/149/149 
f 177/177/177 151/151/151 150/150/150 
f 176/176/176 177/177/177 150/150/150 
f 178/178/178 152/152/152 151/151/151 
f 177/177/177 178/178/178 151/151/151 
f 179/179/179 153/153/153 152/152/152 
f 178/178/178 179/179/179 152/152/152 
f 180/180/180 154/154/154 153/153/153 
f 179/179/179 180/180/180 153/153/153 
f 181/181/181 155/155/155 154/154/154 
f 180/180/180 181/181/181 154/154/154 
f 182/182/182 156/156/156 155/155/155 
f 181/181/181 182/182/182 155/155/155 
f 157/157/157 131/131/131 156/156/156 
f 182/182/182 157/157/157 156/156/156 
f 184/184/184 158/158/158 157/157/157 
f 183/183/183 184/184/184 157/157/157 
f 185/185/185 159/159/159 158/158/158 
f 184/184/184 185/185/185 158/158/158 
f 186/186/186 160/160/160 159/159/159 
f 185/185/185 186/186/186 159/159/159 
f 187/187/187 161/161/161 160/160/160 
f 186/186/186 187/187/187 160/160/160 
f 188/188/188 162/162/162 161/161/161 
f 187/187/187 188/188/188 161/161/161 
f 189/189/189 163/163/163 162/162/162 
f 188/188/188 189/189/189 162/162/162 
f 190/190/190 164/164/164 163/163/163 
f 189/189/189 190/190/190 163/163/163 
f 191/191/191 165/165/165 164/164/164 
f 190/190/190 191/191/191 164/164/164 
f 192/192/192 166/166/166 165/165/165 
f 191/191/191 192/192/192 165/165/165 
f 193/193/193 167/167/167 166/166/166 
f 192/192/192 193/193/193 166/166/166 
f 194/194/194 168/168/168 167/167/167 
f 193/193/193 194/194/194 167/167/167 
f 195/195/195 169/169/169 168/168/168 
f 194/194/194 195/195/195 168/168/168 
f 196/196/196 170/170/170 169/169/169 
f 195/195/195 196/196/196 169/169/169 
f 197/197/197 171/171/171 170/170/170 
f 196/196/196 197/197/197 170/170/170 
f 198/198/198 172/172/172 171/171/171 
f 197/197/197 198/198/198 171/171/171 
f 199/199/199 173/173/173 172/172/172 
f 198/198/198 199/199/199 172/172/172 
f 200/200/200 174/174/174 173/173/173 
f 199/199/199 200/200/200 173/173/173 
f 201/201/201 175/175/175 174/174/174 
f 200/200/200 201/201/201 174/174/174 
f 202/202/202 176/176/176 175/175/175 
f 201/201/201 202/202/202 175/175/175 
f 203/203/203 177/177/177 176/176/176 
f 202/202/202 203/203/203 176/176/176 
f 204/204/204 178/178/178 177/177/177 
f 203/203/203 204/204/204 177/177/177 
f 205/205/205 179/179/179 178/178/178 
f 204/204/204 205/205/205 178/178/178 
f 206/206/206 180/180/180 179/179/179 
f 205/205/205 206/206/206 179/179/179 
f 207/207/207 181/181/181 180/180/180 
f 206/206/206 207/207/207 180/180/180 
f 208/208/208 182/182/182 181/181/181 
f 207/207/207 208/208/208 181/181/181 
f 183/183/183 157/157/157 182/182/182 
f 208/208/208 183/183/183 182/182/182 
f 210/210/210 184/184/184 183/183/183 
f 209/209/209 210/210/210 183/183/183 
f 211/211/211 185/185/185 184/184/184 
f 210/210/210 211/211/211 184/184/184 
f 212/212/212 186/186/186 185/185/185 
f 211/211/211 212/212/212 185/185/185 
f 213/213/213 187/187/187 186/186/186 
f 212/212/212 213/213/213 186/186/186 
f 214/214/214 188/188/188 187/187/187 
f 213/213/213 214/214/214 187/187/187 
f 215/215/215 189/189/189 188/188/188 
f 214/214/214 215/215/215 188/188/188 
f 216/216/216 190/190/190 189/189/189 
f 215/215/215 216/216/216 189/189/189 
f 217/217/217 191/191/191 190/190/190 
f 216/216/216 217/217/217 190/190/190 
f 218/218/218 192/192/192 191/191/191 
f 217/217/217 218/218/218 191/191/191 
f 219/219/219 193/193/193 192/192/192 
f 218/218/218 219/219/219 192/192/192 
f 220/220/220 194/194/194 193/193/193 
f 219/219/219 220/220/220 193/193/193 
f 221/221/221 195/195/195 194/194/194 
f 220/220/220 221/221/221 194/194/194 
f 222/222/222 196/196/196 195/195/195 
f 221/221/221 222/222/222 195/195/195 
f 223/223/223 197/197/197 196/196/196 
f 222/222/222 223/223/223 196/196/196 
f 224/224/224 198/198/198 197/197/197 
f 223/223/223 224/224/224 197/197/197 
f 225/225/225 199/199/199 198/198/198 
f 224/224/224 225/225/225 198/198/198 
f 226/226/226 200/200/200 199/199/199 
f 225/225/225 226/226/226 199/199/199 
f 227/227/227 201/201/201 200/200/200 
f 226/226/226 227/227/227 200/200/200 
f 228/228/228 202/202/202 201/201/201 
f 227/227/227 228/228/228 201/201/201 
f 229/229/229 203/203/203 202/202/202 
f 228/228/228 229/229/229 202/202/202 
f 230/230/230 204/204/204 203/203/203 
f 229/229/229 230/230/230 203/203/203 
f 231/231/231 205/205/205 204/204/204 
f 230/230/230 231/231/231 204/204/204 
f 232/232/232 206/206/206 205/205/205 
f 231/231/231 232/232/232 205/205/205 
f 233/233/233 207/207/207 206/206/206 
f 232/232/232 233/233/233 206/206/206 
f 234/234/234 208/208/208 207/207/207 
f 233/233/233 234/234/234 207/207/207 
f 209/209/209 183/183/183 208/208/208 
f 234/234/234 209/209/209 208/208/208 
f 236/236/236 210/210/210 209/209/209 
f 235/235/235 236/236/236 209/209/209 
f 237/237/237 211/211/211 210/210/210 
f 236/236/236 237/237/237 210/210/210 
f 238/238/238 212/212/212 211/211/211 
f 237/237/237 238/238/238 211/211/211 
f 239/239/239 213/213/213 212/212/212 
f 238/238/238 239/239/239 212/212/212 
f 240/240/240 214/214/214 213/213/213 
f 239/239/239 240/240/240 213/213/213 
f 241/241/241 215/215/215 214/214/214 
f 240/240/240 241/241/241 214/214/214 
f 242/242/242 216/216/216 215/215/215 
f 241/241/241 242/242/242 215/215/215 
f 243/243/243 217/217/217 216/216/216 
f 242/242/242 243/243/243 216/216/216 
f 244/244/244 218/218/218 217/217/217 
f 243/243/243 244/244/244 217/217/217 
f 245/245/245 219/219/219 218/218/218 
f 244/244/244 245/245/245 218/218/218 
f 246/246/246 220/220/220 219/219/219 
f 245/245/245 246/246/246 219/219/219 
f 247/247/247 221/221/221 220/220/220 
f 246/246/246 247/247/247 220/220/220 
f 248/248/248 222/222/222 221/221/221 
f 247/247/247 248/248/248 221/221/221 
f 249/249/249 223/223/223 222/222/222 
f 248/248/248 249/249/249 222/222/222 
f 250/250/250 224/224/224 223/223/223 
f 249/249/249 250/250/250 223/223/223 
f 251/251/251 225/225/225 224/224/224 
f 250/250/250 251/251/251 224/224/224 
f 252/252/252 226/226/226 225/225/225 
f 251/251/251 252/252/252 225/225/225 
f 253/253/253 227/227/227 226/226/226 
f 252/252/252 253/253/253 226/226/226 
f 254/254/254 228/228/228 227/227/227 
f 253/253/253 254/254/254 227/227/227 
f 255/255/255 229/229/229 228/228/228 
f 254/254/254 255/255/255 228/228/228 
f 256/256/256 230/230/230 229/229/229 
f 255/255/255 256/256/256 229/229/229 
f 257/257/257 231/231/231 230/230/230 
f 256/256/256 257/257/257 230/230/230 
f 258/258/258 232/232/232 231/231/231 
f 257/257/257 258/258/258 231/231/231 
f 259/259/259 233/233/233 232/232/232 
f 258/258/258 259/259/259 232/232/232 
f 260/260/260 234/234/234 233/233/233 
f 259/259/259 260/260/260 233/233/233 
f 235/235/235 209/209/209 234/234/234 
f 260/260/260 235/235/235 234/234/234 
f 262/262/262 236/236/236 235/235/235 
f 261/261/261 262/262/262 235/235/235 
f 263/263/263 237/237/237 236/236/236 
f 262/262/262 263/263/263 236/236/236 
f 264/264/264 238/238/238 237/237/237 
f 263/263/263 264/264/264 237/237/237 
f 265/265/265 239/239/239 238/238/238 
f 264/264/264 265/265/265 238/238/238 
f 266/266/266 240/240/240 239/239/239 
f 265/265/265 266/266/266 239/239/239 
f 267/267/267 241/241/241 240/240/240 
f 266/266/266 267/267/267 240/240/240 
f 268/268/268 242/242/242 241/241/241 
f 267/267/267 268/268/268 241/241/241 
f 269/269/269 243/243/243 242/242/242 
f 268/268/268 269/269/269 242/242/242 
f 270/270/270 244/244/244 243/243/243 
f 269/269/269 270/270/270 243/243/243 
f 271/271/271 245/245/245 244/244/244 
f 270/270/270 271/271/271 244/244/244 
f 272/272/272 246/246/246 245/245/245 
f 271/271/271 272/272/272 245/245/245 
f 273/273/273 247/247/247 246/246/246 
f 272/272/272 273/273/273 246/246/246 
f 274/274/274 248/248/248 247/247/247 
f 273/273/273 274/274/274 247/247/247 
f 275/275/275 249/249/249 248/248/248 
f 274/274/274 275/275/275 248/248/248 
f 276/276/276 250/250/250 249/249/249 
f 275/275/275 276/276/276 249/249/249 
f 277/277/277 251/251/251 250/250/250 
f 276/276/276 277/277/277 250/250/250 
f 278/278/278 252/252/252 251/251/251 
f 277/277/277 278/278/278 251/251/251 
f 279/279/279 253/253/253 252/252/252 
f 278/278/278 279/279/279 252/252/252 
f 280/280/280 254/254/254 253/253/253 
f 279/279/279 280/280/280 253/253/253 
f 281/281/281 255/255/255 254/254/254 
f 280/280/280 281/281/281 254/254/254 
f 282/282/282 256/256/256 255/255/255 
f 281/281/281 282/282/282 255/255/255 
f 283/283/283 257/257/257 256/256/256 
f 282/282/282 283/283/283 256/256/256 
f 284/284/284 258/258/258 257/257/257 
f 283/283/283 284/284/284 257/257/257 
f 285/285/285 259/259/259 258/258/258 
f 284/284/284 285/285/285 258/258/258 
f 286/286/286 260/260/260 259/259/259 
f 285/285/285 286/286/286 259/259/259 
f 261/261/261 235/235/235 260/260/260 
f 286/286/286 261/261/261 260/260/260 
f 288/288/288 262/262/262 261/261/261 
f 287/287/287 288/288/288 261/261/261 
f 289/289/289 263/263/263 262/262/262 
f 288/288/288 289/289/289 262/262/262 
f 290/290/290 264/264/264 263/263/263 
f 289/289/289 290/290/290 263/263/263 
f 291/291/291 265/265/265 264/264/264 
f 290/290/290 291/291/291 264/264/264 
f 292/292/292 266/266/266 265/265/265 
f 291/291/291 292/292/292 265/265/265 
f 293/293/293 267/267/267 266/266/266 
f 292/292/292 293/293/293 266/266/266 
f 294/294/294 268/268/268 267/267/267 
f 293/293/293 294/294/294 267/267/267 
f 295/295/295 269/269/269 268/268/268 
f 294/294/294 295/295/295 268/268/268 
f 296/296/296 270/270/270 269/269/269 
f 295/295/295 296/296/296 269/269/269 
f 297/297/297 271/271/271 270/270/270 
f 296/296/296 297/297/297 270/270/270 
f 298/298/298 272/272/272 271/271/271 
f 297/297/297 298/298/298 271/271/271 
f 299/299/299 273/273/273 272/272/272 
f 298/298/298 299/299/299 272/272/272 
f 300/300/300 274/274/274 273/273/273 
f 299/299/299 300/300/300 273/273/273 
f 301/301/301 275/275/275 274/274/274 
f 300/300/300 301/301/301 274/274/274 
f 302/302/302 276/276/276 275/275/275 
f 301/301/301 302/302/302 275/275/275 
f 303/303/303 277/277/277 276/276/276 
f 302/302/302 303/303/303 276/276/276 
f 304/304/304 278/278/278 277/277/277 
f 303/303/303 304/304/304 277/277/277 
f 305/305/305 279/279/279 278/278/278 
f 304/304/304 305/305/305 278/278/278 
f 306/306/306 280/280/280 279/279/279 
f 305/305/305 306/306/306 279/279/279 
f 307/307/307 281/281/281 280/280/280 
f 306/306/306 307/307/307 280/280/280 
f 308/308/308 282/282/282 281/281/281 
f 307/307/307 308/308/308 281/281/281 
f 309/309/309 283/283/283 282/282/282 
f 308/308/308 309/309/309 282/282/282 
f 310/310/310 284/284/284 283/283/283 
f 309/309/309 310/310/310 283/283/283 
f 311/311/311 285/285/285 284/284/284 
f 310/310/310 311/311/311 284/284/284 
f 312/312/312 286/286/286 285/285/285 
f 311/311/311 312/312/312 285/285/285 
f 287/287/287 261/261/261 286/286/286 
f 312/312/312 287/287/287 286/286/286 
f 314/314/314 288/288/288 287/287/287 
f 313/313/313 314/314/314 287/287/287 
f 315/315/315 289/289/289 288/288/288 
f 314/314/314 315/315/315 288/288/288 
f 316/316/316 290/290/290 289/289/289 
f 315/315/315 316/316/316 289/289/289 
f 317/317/317 291/291/291 290/290/290 
f 316/316/316 317/317/317 290/290/290 
f 318/318/318 292/292/292 291/291/291 
f 317/317/317 318/318/318 291/291/291 
f 319/319/319 293/293/293 292/292/292 
f 318/318/318 319/319/319 292/292/292 
f 320/320/320 294/294/294 293/293/293 
f 319/319/319 320/320/320 293/293/293 
f 321/321/321 295/295/295 294/294/294 
f 320/320/320 321/321/321 294/294/294 
f 322/322/322 296/296/296 295/295/295 
f 321/321/321 322/322/322 295/295/295 
f 323/323/323 297/297/297 296/296/296 
f 322/322/322 323/323/323 296/296/296 
f 324/324/324 298/298/298 297/297/297 
f 323/323/323 324/324/324 297/297/297 
f 325/325/325 299/299/299 298/298/298 
f 324/324/324 325/325/325 298/298/298 
f 326/326/326 300/300/300 299/299/299 
f 325/325/325 326/326/326 299/299/299 
f 327/327/327 301/301/301 300/300/300 
f 326/326/326 327/327/327 300/300/300 
f 328/328/328 302/302/302 301/301/301 
f 327/327/327 328/328/328 301/301/301 
f 329/329/329 303/303/303 302/302/302 
f 328/328/328 329/329/329 302/302/302 
f 330/330/330 304/304/304 303/303/303 
f 329/329/329 330/330/330 303/303/303 
f 331/331/331 305/305/305 304/304/304 
f 330/330/330 331/331/331 304/304/304 
f 332/332/332 306/306/306 305/305/305 
f 331/331/331 332/332/332 305/305/305 
f 333/333/333 307/307/307 306/306/306 
f 332/332/332 333/333/333 306/306/306 
f 334/334/334 308/308/308 307/307/307 
f 333/333/333 334/334/334 307/307/307 
f 335/335/335 309/309/309 308/308/308 
f 334/334/334 335/335/335 308/308/308 
f 336/336/336 310/310/310 309/309/309 
f 335/335/335 336/336/336 309/309/309 
f 337/337/337 311/311/311 310/310/310 
f 336/336/336 337/337/337 310/310/310 
f 338/338/338 312/312/312 311/311/311 
f 337/337/337 338/338/338 311/311/311 
f 313/313/313 287/287/287 312/312/312 
f 338/338/338 313/313/313 312/312/312 
f 340/340/340 314/314/314 313/313/313 
f 339/339/339 340/340/340 313/313/313 
f 341/341/341 315/315/315 314/314/314 
f 340/340/340 341/341/341 314/314/314 
f 342/342/342 316/316/316 315/315/315 
f 341/341/341 342/342/342 315/315/315 
f 343/343/343 317/317/317 316/316/316 
f 342/342/342 343/343/343 316/316/316 
f 344/344/344 318/318/318 317/317/317 
f 343/343/343 344/344/344 317/317/317 
f 345/345/345 319/319/319 318/318/318 
f 344/344/344 345/345/345 318/318/318 
f 346/346/346 320/320/320 319/319/319 
f 345/345/345 346/346/346 319/319/319 
f 347/347/347 321/321/321 320/320/320 
f 346/346/346 347/347/347 320/320/320 
f 348/348/348 322/322/322 321/321/321 
f 347/347/347 348/348/348 321/321/321 
f 349/349/349 323/323/323 322/322/322 
f 348/348/348 349/349/349 322/322/322 
f 350/350/350 324/324/324 323/323/323 
f 349/349/349 350/350/350 323/323/323 
f 351/351/351 325/325/325 324/324/324 
f 350/350/350 351/351/351 324/324/324 
f 352/352/352 326/326/326 325/325/325 
f 351/351/351 352/352/352 325/325/325 
f 353/353/353 327/327/327 326/326/326 
f 352/352/352 353/353/353 326/326/326 
f 354/354/354 328/328/328 327/327/327 
f 353/353/353 354/354/354 327/327/327 
f 355/355/355 329/329/329 328/328/328 
f 354/354/354 355/355/355 328/328/328 
f 356/356/356 330/330/330 329/329/329 
f 355/355/355 356/356/356 329/329/329 
f 357/357/357 331/331/331 330/330/330 
f 356/356/356 357/357/357 330/330/330 
f 358/358/358 332/332/332 331/331/331 
f 357/357/357 358/358/358 331/331/331 
f 359/359/359 333/333/333 332/332/332 
f 358/358/358 359/359/359 332/332/332 
f 360/360/360 334/334/334 333/333/333 
f 359/359/359 360/360/360 333/333/333 
f 361/361/361 335/335/335 334/334/334 
f 360/360/360 361/361/361 334/334/334 
f 362/362/362 336/336/336 335/335/335 
f 361/361/361 362/362/362 335/335/335 
f 363/363/363 337/337/337 336/336/336 
f 362/362/362 363/363/363 336/336/336 
f 364/364/364 338/338/338 337/337/337 
f 363/363/363 364/364/364 337/337/337 
f 339/339/339 313/313/313 338/338/338 
f 364/364/364 339/339/339 338/338/338 
f 366/366/366 340/340/340 339/339/339 
f 365/365/365 366/366/366 339/339/339 
f 367/367/367 341/341/341 340/340/340 
f 366/366/366 367/367/367 340/340/340 
f 368/368/368 342/342/342 341/341/341 
f 367/367/367 368/368/368 341/341/341 
f 369/369/369 343/343/343 342/342/342 
f 368/368/368 369/369/369 342/342/342 
f 370/370/370 344/344/344 343/343/343 
f 369/369/369 370/370/370 343/343/343 
f 371/371/371 345/345/345 344/344/344 
f 370/370/370 371/371/371 344/344/344 
f 372/372/372 346/346/346 345/345/345 
f 371/371/371 372/372/372 345/345/345 
f 373/373/373 347/347/347 346/346/346 
f 372/372/372 373/373/373 346/346/346 
f 374/374/374 348/348/348 347/347/347 
f 373/373/373 374/374/374 347/347/347 
f 375/375/375 349/349/349 348/348/348 
f 374/374/374 375/375/375 348/348/348 
f 376/376/376 350/350/350 349/349/349 
f 375/375/375 376/376/376 349/349/349 
f 377/377/377 351/351/351 350/350/350 
f 376/376/376 377/377/377 350/350/350 
f 378/378/378 352/352/352 351/351/351 
f 377/377/377 378/378/378 351/351/351 
f 379/379/379 353/353/353 352/352/352 
f 378/378/378 379/379/379 352/352/352 
f 380/380/380 354/354/354 353/353/353 
f 379/379/379 380/380/380 353/353/353 
f 381/381/381 355/355/355 354/354/354 
f 380/380/380 381/381/381 354/354/354 
f 382/382/382 356/356/356 355/355/355 
f 381/381/381 382/382/382 355/355/355 
f 383/383/383 357/357/357 356/356/356 
f 382/382/382 383/383/383 356/356/356 
f 384/384/384 358/358/358 357/357/357 
f 383/383/383 384/384/384 357/357/357 
f 385/385/385 359/359/359 358/358/358 
f 384/384/384 385/385/385 358/358/358 
f 386/386/386 360/360/360 359/359/359 
f 385/385/385 386/386/386 359/359/359 
f 387/387/387 361/361/361 360/360/360 
f 386/386/386 387/387/387 360/360/360 
f 388/388/388 362/362/362 361/361/361 
f 387/387/387 388/388/388 361/361/361 
f 389/389/389 363/363/363 362/362/362 
f 388/388/388 389/389/389 362/362/362 
f 390/390/390 364/364/364 363/363/363 
f 389/389/389 390/390/390 363/363/363 
f 365/365/365 339/339/339 364/364/364 
f 390/390/390 365/365/365 364/364/364 
f 392/392/392 366/366/366 365/365/365 
f 391/391/391 392/392/392 365/365/365 
f 393/393/393 367/367/367 366/366/366 
f 392/392/392 393/393/393 366/366/366 
f 394/394/394 368/368/368 367/367/367 
f 393/393/393 394/394/394 367/367/367 
f 395/395/395 369/369/369 368/368/368 
f 394/394/394 395/395/395 368/368/368 
f 396/396/396 370/370/370 369/369/369 
f 395/395/395 396/396/396 369/369/369 
f 397/397/397 371/371/371 370/370/370 
f 396/396/396 397/397/397 370/370/370 
f 398/398/398 372/372/372 371/371/371 
f 397/397/397 398/398/398 371/371/371 
f 399/399/399 373/373/373 372/372/372 
f 398/398/398 399/399/399 372/372/372 
f 400/400/400 374/374/374 373/373/373 
f 399/399/399 400/400/400 373/373/373 
f 401/401/401 375/375/375 374/374/374 
f 400/400/400 401/401/401 374/374/374 
f 402/402/402 376/376/376 375/375/375 
f 401/401/401 402/402/402 375/375/375 
f 403/403/403 377/377/377 376/376/376 
f 402/402/402 403/403/403 376/376/376 
f 404/404/404 378/378/378 377/377/377 
f 403/403/403 404/404/404 377/377/377 
f 405/405/405 379/379/379 378/378/378 
f 404/404/404 405/405/405 378/378/378 
f 406/406/406 380/380/380 379/379/379 
f 405/405/405 406/406/406 379/379/379 
f 407/407/407 381/381/381 380/380/380 
f 406/406/406 407/407/407 380/380/380 
f 408/408/408 382/382/382 381/381/381 
f 407/407/407 408/408/408 381/381/381 
f 409/409/409 383/383/383 382/382/382 
f 408/408/408 409/409/409 382/382/382 
f 410/410/410 384/384/384 383/383/383 
f 409/409/409 410/410/410 383/383/383 
f 411/411/411 385/385/385 384/384/384 
f 410/410/410 411/411/411 384/384/384 
f 412/412/412 386/386/386 385/385/385 
f 411/411/411 412/412/412 385/385/385 
f 413/413/413 387/387/387 386/386/386 
f 412/412/412 413/413/413 386/386/386 
f 414/414/414 388/388/388 387/387/387 
f 413/413/413 414/414/414 387/387/387 
f 415/415/415 389/389/389 388/388/388 
f 414/414/414 415/415/415 388/388/388 
f 416/416/416 390/390/390 389/389/389 
f 415/415/415 416/416/416 389/389/389 
f 391/391/391 365/365/365 390/390/390 
f 416/416/416 391/391/391 390/390/390 
f 418/418/418 392/392/392 391/391/391 
f 417/417/417 418/418/418 391/391/391 
f 419/419/419 393/393/393 392/392/392 
f 418/418/418 419/419/419 392/392/392 
f 420/420/420 394/394/394 393/393/393 
f 419/419/419 420/420/420 393/393/393 
f 421/421/421 395/395/395 394/394/394 
f 420/420/420 421/421/421 394/394/394 
f 422/422/422 396/396/396 395/395/395 
f 421/421/421 422/422/422 395/395/395 
f 423/423/423 397/397/397 396/396/396 
f 422/422/422 423/423/423 396/396/396 
f 424/424/424 398/398/398 397/397/397 
f 423/423/423 424/424/424 397/397/397 
f 425/425/425 399/399/399 398/398/398 
f 424/424/424 425/425/425 398/398/398 
f 426/426/426 400/400/400 399/399/399 
f 425/425/425 426/426/426 399/399/399 
f 427/427/427 401/401/401 400/400/400 
f 426/426/426 427/427/427 400/400/400 
f 428/428/428 402/402/402 401/401/401 
f 427/427/427 428/428/428 401/401/401 
f 429/429/429 403/403/403 402/402/402 
f 428/428/428 429/429/429 402/402/402 
f 430/430/430 404/404/404 403/403/403 
f 429/429/429 430/430/430 403/403/403 
f 431/431/431 405/405/405 404/404/404 
f 430/430/430 431/431/431 404/404/404 
f 432/432/432 406/406/406 405/405/405 
f 431/431/431 432/432/432 405/405/405 
f 433/433/433 407/407/407 406/406/406 
f 432/432/432 433/433/433 406/406/406 
f 434/434/434 408/408/408 407/407/407 
f 433/433/433 434/434/434 407/407/407 
f 435/435/435 409/409/409 408/408/408 
f 434/434/434 435/435/435 408/408/408 
f 436/436/436 410/410/410 409/409/409 
f 435/435/435 436/436/436 409/409/409 
f 437/437/437 411/411/411 410/410/410 
f 436/436/436 437/437/437 410/410/410 
f 438/438/438 412/412/412 411/411/411 
f 437/437/437 438/438/438 411/411/411 
f 439/439/439 413/413/413 412/412/412 
f 438/438/438 439/439/439 412/412/412 
f 440/440/440 414/414/414 413/413/413 
f 439/439/439 440/440/440 413/413/413 
f 441/441/441 415/415/415 414/414/414 
f 440/440/440 441/441/441 414/414/414 
f 442/442/442 416/416/416 415/415/415 
f 441/441/441 442/442/442 415/415/415 
f 417/417/417 391/391/391 416/416/416 
f 442/442/442 417/417/417 416/416/416 
f 444/444/444 418/418/418 417/417/417 
f 443/443/443 444/444/444 417/417/417 
f 445/445/445 419/419/419 418/418/418 
f 444/444/444 445/445/445 418/418/418 
f 446/446/446 420/420/420 419/419/419 
f 445/445/445 446/446/446 419/419/419 
f 447/447/447 421/421/421 420/420/420 
f 446/446/446 447/447/447 420/420/420 
f 448/448/448 422/422/422 421/421/421 
f 447/447/447 448/448/448 421/421/421 
f 449/449/449 423/423/423 422/422/422 
f 448/448/448 449/449/449 422/422/422 
f 450/450/450 424/424/424 423/423/423 
f 449/449/449 450/450/450 423/423/423 
f 451/451/451 425/425/425 424/424/424 
f 450/450/450 451/451/451 424/424/424 
f 452/452/452 426/426/426 425/425/425 
f 451/451/451 452/452/452 425/425/425 
f 453/453/453 427/427/427 426/426/426 
f 452/452/452 453/453/453 426/426/426 
f 454/454/454 428/428/428 427/427/427 
f 453/453/453 454/454/454 427/427/427 
f 455/455/455 429/429/429 428/428/428 
f 454/454/454 455/455/455 428/428/428 
f 456/456/456 430/430/430 429/429/429 
f 455/455/455 456/456/456 429/429/429 
f 457/457/457 431/431/431 430/430/430 
f 456/456/456 457/457/457 430/430/430 
f 458/458/458 432/432/432 431/431/431 
f 457/457/457 458/458/458 431/431/431 
f 459/459/459 433/433/433 432/432/432 
f 458/458/458 459/459/459 432/432/432 
f 460/460/460 434/434/434 433/433/433 
f 459/459/459 460/460/460 433/433/433 
f 461/461/461 435/435/435 434/434/434 
f 460/460/460 461/461/461 434/434/434 
f 462/462/462 436/436/436 435/435/435 
f 461/461/461 462/462/462 435/435/435 
f 463/463/463 437/437/437 436/436/436 
f 462/462/462 463/463/463 436/436/436 
f 464/464/464 438/438/438 437/437/437 
f 463/463/463 464/464/464 437/437/437 
f 465/465/465 439/439/439 438/438/438 
f 464/464/464 465/465/465 438/438/438 
f 466/466/466 440/440/440 439/439/439 
f 465/465/465 466/466/466 439/439/439 
f 467/467/467 441/441/441 440/440/440 
f 466/466/466 467/467/467 440/440/440 
f 468/468/468 442/442/442 441/441/441 
f 467/467/467 468/468/468 441/441/441 
f 443/443/443 417/417/417 442/442/442 
f 468/468/468 443/443/443 442/442/442 
f 470/470/470 444/444/444 443/443/443 
f 469/469/469 470/470/470 443/443/443 
f 471/471/471 445/445/445 444/444/444 
f 470/470/470 471/471/471 444/444/444 
f 472/472/472 446/446/446 445/445/445 
f 471/471/471 472/472/472 445/445/445 
f 473/473/473 447/447/447 446/446/446 
f 472/472/472 473/473/473 446/446/446 
f 474/474/474 448/448/448 447/447/447 
f 473/473/473 474/474/474 447/447/447 
f 475/475/475 449/449/449 448/448/448 
f 474/474/474 475/475/475 448/448/448 
f 476/476/476 450/450/450 449/449/449 
f 475/475/475 476/476/476 449/449/449 
f 477/477/477 451/451/451 450/450/450 
f 476/476/476 477/477/477 450/450/450 
f 478/478/478 452/452/452 451/451/451 
f 477/477/477 478/478/478 451/451/451 
f 479/479/479 453/453/453 452/452/452 
f 478/478/478 479/479/479 452/452/452 
f 480/480/480 454/454/454 453/453/453 
f 479/479/479 480/480/480 453/453/453 
f 481/481/481 455/455/455 454/454/454 
f 480/480/480 481/481/481 454/454/454 
f 482/482/482 456/456/456 455/455/455 
f 481/481/481 482/482/482 455/455/455 
f 483/483/483 457/457/457 456/456/456 
f 482/482/482 483/483/483 456/456/456 
f 484/484/484 458/458/458 457/457/457 
f 483/483/483 484/484/484 457/457/457 
f 485/485/485 459/459/459 458/458/458 
f 484/484/484 485/485/485 458/458/458 
f 486/486/486 460/460/460 459/459/459 
f 485/485/485 486/486/486 459/459/459 
f 487/487/487 461/461/461 460/460/460 
f 486/486/486 487/487/487 460/460/460 
f 488/488/488 462/462/462 461/461/461 
f 487/487/487 488/488/488 461/461/461 
f 489/489/489 463/463/463 462/462/462 
f 488/488/488 489/489/489 462/462/462 
f 490/490/490 464/464/464 463/463/463 
f 489/489/489 490/490/490 463/463/463 
f 491/491/491 465/465/465 464/464/464 
f 490/490/490 491/491/491 464/464/464 
f 492/492/492 466/466/466 465/465/465 
f 491/491/491 492/492/492 465/465/465 
f 493/493/493 467/467/467 466/466/466 
f 492/492/492 493/493/493 466/466/466 
f 494/494/494 468/468/468 467/467/467 
f 493/493/493 494/494/494 467/467/467 
f 469/469/469 443/443/443 468/468/468 
f 494/494/494 469/469/469 468/468/468 
f 496/496/496 470/470/470 469/469/469 
f 495/495/495 496/496/496 469/469/469 
f 497/497/497 471/471/471 470/470/470 
f 496/496/496 497/497/497 470/470/470 
f 498/498/498 472/472/472 471/471/471 
f 497/497/497 498/498/498 471/471/471 
f 499/499/499 473/473/473 472/472/472 
f 498/498/498 499/499/499 472/472/472 
f 500/500/500 474/474/474 473/473/473 
f 499/499/499 500/500/500 473/473/473 
f 501/501/501 475/475/475 474/474/474 
f 500/500/500 501/501/501 474/474/474 
f 502/502/502 476/476/476 475/475/475 
f 501/501/501 502/502/502 475/475/475 
f 503/503/503 477/477/477 476/476/476 
f 502/502/502 503/503/503 476/476/476 
f 504/504/504 478/478/478 477/477/477 
f 503/503/503 504/504/504 477/477/477 
f 505/505/505 479/479/479 478/478/478 
f 504/504/504 505/505/505 478/478/478 
f 506/506/506 480/480/480 479/479/479 
f 505/505/505 506/506/506 479/479/479 
f 507/507/507 481/481/481 480/480/480 
f 506/506/506 507/507/507 480/480/480 
f 508/508/508 482/482/482 481/481/481 
f 507/507/507 508/508/508 481/481/481 
f 509/509/509 483/483/483 482/482/482 
f 508/508/508 509/509/509 482/482/482 
f 510/510/510 484/484/484 483/483/483 
f 509/509/509 510/510/510 483/483/483 
f 511/511/511 485/485/485 484/484/484 
f 510/510/510 511/511/511 484/484/484 
f 512/512/512 486/486/486 485/485/485 
f 511/511/511 512/512/512 485/485/485 
f 513/513/513 487/487/487 486/486/486 
f 512/512/512 513/513/513 486/486/486 
f 514/514/514 488/488/488 487/487/487 
f 513/513/513 514/514/514 487/487/487 
f 515/515/515 489/489/489 488/488/488 
f 514/514/514 515/515/515 488/488/488 
f 516/516/516 490/490/490 489/489/489 
f 515/515/515 516/516/516 489/489/489 
f 517/517/517 491/491/491 490/490/490 
f 516/516/516 517/517/517 490/490/490 
f 518/518/518 492/492/492 491/491/491 
f 517/517/517 518/518/518 491/491/491 
f 519/519/519 493/493/493 492/492/492 
f 518/518/518 519/519/519 492/492/492 
f 520/520/520 494/494/494 493/493/493 
f 519/519/519 520/520/520 493/493/493 
f 495/495/495 469/469/469 494/494/494 
f 520/520/520 495/495/495 494/494/494 
f 522/522/522 496/496/496 495/495/495 
f 521/521/521 522/522/522 495/495/495 
f 523/523/523 497/497/497 496/496/496 
f 522/522/522 523/523/523 496/496/496 
f 524/524/524 498/498/498 497/497/497 
f 523/523/523 524/524/524 497/497/497 
f 525/525/525 499/499/499 498/498/498 
f 524/524/524 525/525/525 498/498/498 
f 526/526/526 500/500/500 499/499/499 
f 525/525/525 526/526/526 499/499/499 
f 527/527/527 501/501/501 500/500/500 
f 526/526/526 527/527/527 500/500/500 
f 528/528/528 502/502/502 501/501/501 
f 527/527/527 528/528/528 501/501/501 
f 529/529/529 503/503/503 502/502/502 
f 528/528/528 529/529/529 502/502/502 
f 530/530/530 504/504/504 503/503/503 
f 529/529/529 530/530/530 503/503/503 
f 531/531/531 505/505/505 504/504/504 
f 530/530/530 531/531/531 504/504/504 
f 532/532/532 506/506/506 505/505/505 
f 531/531/531 532/532/532 505/505/505 
f 533/533/533 507/507/507 506/506/506 
f 532/532/532 533/533/533 506/506/506 
f 534/534/534 508/508/508 507/507/507 
f 533/533/533 534/534/534 507/507/507 
f 535/535/535 509/509/509 508/508/508 
f 534/534/534 535/535/535 508/508/508 
f 536/536/536 510/510/510 509/509/509 
f 535/535/535 536/536/536 509/509/509 
f 537/537/537 511/511/511 510/510/510 
f 536/536/536 537/537/537 510/510/510 
f 538/538/538 512/512/512 511/511/511 
f 537/537/537 538/538/538 511/511/511 
f 539/539/539 513/513/513 512/512/512 
f 538/538/538 539/539/539 512/512/512 
f 540/540/540 514/514/514 513/513/513 
f 539/539/539 540/540/540 513/513/513 
f 541/541/541 515/515/515 514/514/514 
f 540/540/540 541/541/541 514/514/514 
f 542/542/542 516/516/516 515/515/515 
f 541/541/541 542/542/542 515/515/515 
f 543/543/543 517/517/517 516/516/516 
f 542/542/542 543/543/543 516/516/516 
f 544/544/544 518/518/518 517/517/517 
f 543/543/543 544/544/544 517/517/517 
f 545/545/545 519/519/519 518/518/518 
f 544/544/544 545/545/545 518/518/518 
f 546/546/546 520/520/520 519/519/519 
f 545/545/545 546/546/546 519/519/519 
f 521/521/521 495/495/495 520/520/520 
f 546/546/546 521/521/521 520/520/520 
f 548/548/548 522/522/522 521/521/521 
f 547/547/547 548/548/548 521/521/521 
f 549/549/549 523/523/523 522/522/522 
f 548/548/548 549/549/549 522/522/522 
f 550/550/550 524/524/524 523/523/523 
f 549/549/549 550/550/550 523/523/523 
f 551/551/551 525/525/525 524/524/524 
f 550/550/550 551/551/551 524/524/524 
f 552/552/552 526/526/526 525/525/525 
f 551/551/551 552/552/552 525/525/525 
f 553/553/553 527/527/527 526/526/526 
f 552/552/552 553/553/553 526/526/526 
f 554/554/554 528/528/528 527/527/527 
f 553/553/553 554/554/554 527/527/527 
f 555/555/555 529/529/529 528/528/528 
f 554/554/554 555/555/555 528/528/528 
f 556/556/556 530/530/530 529/529/529 
f 555/555/555 556/556/556 529/529/529 
f 557/557/557 531/531/531 530/530/530 
f 556/556/556 557/557/557 530/530/530 
f 558/558/558 532/532/532 531/531/531 
f 557/557/557 558/558/558 531/531/531 
f 559/559/559 533/533/533 532/532/532 
f 558/558/558 559/559/559 532/532/532 
f 560/560/560 534/534/534 533/533/533 
f 559/559/559 560/560/560 533/533/533 
f 561/561/561 535/535/535 534/534/534 
f 560/560/560 561/561/561 534/534/534 
f 562/562/562 536/536/536 535/535/535 
f 561/561/561 562/562/562 535/535/535 
f 563/563/563 537/537/537 536/536/536 
f 562/562/562 563/563/563 536/536/536 
f 564/564/564 538/538/538 537/537/537 
f 563/563/563 564/564/564 537/537/537 
f 565/565/565 539/539/539 538/538/538 
f 564/564/564 565/565/565 538/538/538 
f 566/566/566 540/540/540 539/539/539 
f 565/565/565 566/566/566 539/539/539 
f 567/567/567 541/541/541 540/540/540 
f 566/566/566 567/567/567 540/540/540 
f 568/568/568 542/542/542 541/541/541 
f 567/567/567 568/568/568 541/541/541 
f 569/569/569 543/543/543 542/542/542 
f 568/568/568 569/569/569 542/542/542 
f 570/570/570 544/544/544 543/543/543 
f 569/569/569 570/570/570 543/543/543 
f 571/571/571 545/545/545 544/544/544 
f 570/570/570 571/571/571 544/544/544 
f 572/572/572 546/546/546 545/545/545 
f 571/571/571 572/572/572 545/545/545 
f 547/547/547 521/521/521 546/546/546 
f 572/572/572 547/547/547 546/546/546 
f 574/574/574 548/548/548 547/547/547 
f 573/573/573 574/574/574 547/547/547 
f 575/575/575 549/549/549 548/548/548 
f 574/574/574 575/575/575 548/548/548 
f 576/576/576 550/550/550 549/549/549 
f 575/575/575 576/576/576 549/549/549 
f 577/577/577 551/551/551 550/550/550 
f 576/576/576 577/577/577 550/550/550 
f 578/578/578 552/552/552 551/551/551 
f 577/577/577 578/578/578 551/551/551 
f 579/579/579 553/553/553 552/552/552 
f 578/578/578 579/579/579 552/552/552 
f 580/580/580 554/554/554 553/553/553 
f 579/579/579 580/580/580 553/553/553 
f 581/581/581 555/555/555 554/554/554 
f 580/580/580 581/581/581 554/554/554 
f 582/582/582 556/556/556 555/555/555 
f 581/581/581 582/582/582 555/555/555 
f 583/583/583 557/557/557 556/556/556 
f 582/582/582 583/583/583 556/556/556 
f 584/584/584 558/558/558 557/557/557 
f 583/583/583 584/584/584 557/557/557 
f 585/585/585 559/559/559 558/558/558 
f 584/584/584 585/585/585 558/558/558 
f 586/586/586 560/560/560 559/559/559 
f 585/585/585 586/586/586 559/559/559 
f 587/587/587 561/561/561 560/560/560 
f 586/586/586 587/587/587 560/560/560 
f 588/588/588 562/562/562 561/561/561 
f 587/587/587 588/588/588 561/561/561 
f 589/589/589 563/563/563 562/562/562 
f 588/588/588 589/589/589 562/562/562 
f 590/590/590 564/564/564 563/563/563 
f 589/589/589 590/590/590 563/563/563 
f 591/591/591 565/565/565 564/564/564 
f 590/590/590 591/591/591 564/564/564 
f 592/592/592 566/566/566 565/565/565 
f 591/591/591 592/592/592 565/565/565 
f 593/593/593 567/567/567 566/566/566 
f 592/592/592 593/593/593 566/566/566 
f 594/594/594 568/568/568 567/567/567 
f 593/593/593 594/594/594 567/567/567 
f 595/595/595 569/569/569 568/568/568 
f 594/594/594 595/595/595 568/568/568 
f 596/596/596 570/570/570 569/569/569 
f 595/595/595 596/596/596 569/569/569 
f 597/597/597 571/571/571 570/570/570 
f 596/596/596 597/597/597 570/570/570 
f 598/598/598 572/572/572 571/571/571 
f 597/597/597 598/598/598 571/571/571 
f 573/573/573 547/547/547 572/572/572 
f 598/598/598 573/573/573 572/572/572 
f 600/600/600 574/574/574 573/573/573 
f 599/599/599 600/600/600 573/573/573 
f 601/601/601 575/575/575 574/574/574 
f 600/600/600 601/601/601 574/574/574 
f 602/602/602 576/576/576 575/575/575 
f 601/601/601 602/602/602 575/575/575 
f 603/603/603 577/577/577 576/576/576 
f 602/602/602 603/603/603 576/576/576 
f 604/604/604 578/578/578 577/577/577 
f 603/603/603 604/604/604 577/577/577 
f 605/605/605 579/579/579 578/578/578 
f 604/604/604 605/605/605 578/578/578 
f 606/606/606 580/580/580 579/579/579 
f 605/605/605 606/606/606 579/579/579 
f 607/607/607 581/581/581 580/580/580 
f 606/606/606 607/607/607 580/580/580 
f 608/608/608 582/582/582 581/581/581 
f 607/607/607 608/608/608 581/581/581 
f 609/609/609 583/583/583 582/582/582 
f 608/608/608 609/609/609 582/582/582 
f 610/610/610 584/584/584 583/583/583 
f 609/609/609 610/610/610 583/583/583 
f 611/611/611 585/585/585 584/584/584 
f 610/610/610 611/611/611 584/584/584 
f 612/612/612 586/586/586 585/585/585 
f 611/611/611 612/612/612 585/585/585 
f 613/613/613 587/587/587 586/586/586 
f 612/612/612 613/613/613 586/586/586 
f 614/614/614 588/588/588 587/587/587 
f 613/613/613 614/614/614 587/587/587 
f 615/615/615 589/589/589 588/588/588 
f 614/614/614 615/615/615 588/588/588 
f 616/616/616 590/590/590 589/589/589 
f 615/615/615 616/616/616 589/589/589 
f 617/617/617 591/591/591 590/590/590 
f 616/616/616 617/617/617 590/590/590 
f 618/618/618 592/592/592 591/591/591 
f 617/617/617 618/618/618 591/591/591 
f 619/619/619 593/593/593 592/592/592 
f 618/618/618 619/619/619 592/592/592 
f 620/620/620 594/594/594 593/593/593 
f 619/619/619 620/620/620 593/593/593 
f 621/621/621 595/595/595 594/594/594 
f 620/620/620 621/621/621 594/594/594 
f 622/622/622 596/596/596 595/595/595 
f 621/621/621 622/622/622 595/595/595 
f 623/623/623 597/597/597 596/596/596 
f 622/622/622 623/623/623 596/596/596 
f 624/624/624 598/598/598 597/597/597 
f 623/623/623 624/624/624 597/597/597 
f 599/599/599 573/573/573 598/598/598 
f 624/624/624 599/599/599 598/598/598 
f 626/626/626 600/600/600 599/599/599 
f 625/625/625 626/626/626 599/599/599 
f 627/627/627 601/601/601 600/600/600 
f 626/626/626 627/627/627 600/600/600 
f 628/628/628 602/602/602 601/601/601 
f 627/627/627 628/628/628 601/601/601 
f 629/629/629 603/603/603 602/602/602 
f 628/628/628 629/629/629 602/602/602 
f 630/630/630 604/604/604 603/603/603 
f 629/629/629 630/630/630 603/603/603 
f 631/631/631 605/605/605 604/604/604 
f 630/630/630 631/631/631 604/604/604 
f 632/632/632 606/606/606 605/605/605 
f 631/631/631 632/632/632 605/605/605 
f 633/633/633 607/607/607 606/606/606 
f 632/632/632 633/633/633 606/606/606 
f 634/634/634 608/608/608 607/607/607 
f 633/633/633 634/634/634 607/607/607 
f 635/635/635 609/609/609 608/608/608 
f 634/634/634 635/635/635 608/608/608 
f 636/636/636 610/610/610 609/609/609 
f 635/635/635 636/636/636 609/609/609 
f 637/637/637 611/611/611 610/610/610 
f 636/636/636 637/637/637 610/610/610 
f 638/638/638 612/612/612 611/611/611 
f 637/637/637 638/638/638 611/611/611 
f 639/639/639 613/613/613 612/612/612 
f 638/638/638 639/639/639 612/612/612 
f 640/640/640 614/614/614 613/613/613 
f 639/639/639 640/640/640 613/613/613 
f 641/641/641 615/615/615 614/614/614 
f 640/640/640 641/641/641 614/614/614 
f 642/642/642 616/616/616 615/615/615 
f 641/641/641 642/642/642 615/615/615 
f 643/643/643 617/617/617 616/616/616 
f 642/642/642 643/643/643 616/616/616 
f 644/644/644 618/618/618 617/617/617 
f 643/643/643 644/644/644 617/617/617 
f 645/645/645 619/619/619 618/618/618 
f 644/644/644 645/645/645 618/618/618 
f 646/646/646 620/620/620 619/619/619 
f 645/645/645 646/646/646 619/619/619 
f 647/647/647 621/621/621 620/620/620 
f 646/646/646 647/647/647 620/620/620 
f 648/648/648 622/622/622 621/621/621 
f 647/647/647 648/648/648 621/621/621 
f 649/649/649 623/623/623 622/622/622 
f 648/648/648 649/649/649 622/622/622 
f 650/650/650 624/624/624 623/623/623 
f 649/649/649 650/650/650 623/623/623 
f 625/625/625 599/599/599 624/624/624 
f 650/650/650 625/625/625 624/624/624 
f 1/1/1 2/2/2 651/651/651 
f 626/626/626 625/625/625 652/652/652 
f 2/2/2 3/3/3 651/651/651 
f 627/627/627 626/626/626 652/652/652 
f 3/3/3 4/4/4 651/651/651 
f 628/628/628 627/627/627 652/652/652 
f 4/4/4 5/5/5 651/651/651 
f 629/629/629 628/628/628 652/652/652 
f 5/5/5 6/6/6 651/651/651 
f 630/630/630 629/629/629 652/652/652 
f 6/6/6 7/7/7 651/651/651 
f 631/631/631 630/630/630 652/652/652 
f 7/7/7 8/8/8 651/651/651 
f 632/632/632 631/631/631 652/652/652 
f 8/8/8 9/9/9 651/651/651 
f 633/633/633 632/632/632 652/652/652 
f 9/9/9 10/10/10 651/651/651 
f 634/634/634 633/633/633 652/652/652 
f 10/10/10 11/11/11 651/651/651 
f 635/635/635 634/634/634 652/652/652 
f 11/11/11 12/12/12 651/651/651 
f 636/636/636 635/635/635 652/652/652 
f 12/12/12 13/13/13 651/651/651 
f 637/637/637 636/636/636 652/652/652 
f 13/13/13 14/14/14 651/651/651 
f 638/638/638 637/637/637 652/652/652 
f 14/14/14 15/15/15 651/651/651 
f 639/639/639 638/638/638 652/652/652 
f 15/15/15 16/16/16 651/651/651 
f 640/640/640 639/639/639 652/652/652 
f 16/16/16 17/17/17 651/651/651 
f 641/641/641 640/640/640 652/652/652 
f 17/17/17 18/18/18 651/651/651 
f 642/642/642 641/641/641 652/652/652 
f 18/18/18 19/19/19 651/651/651 
f 643/643/643 642/642/642 652/652/652 
f 19/19/19 20/20/20 651/651/651 
f 644/644/644 643/643/643 652/652/652 
f 20/20/20 21/21/21 651/651/651 
f 645/645/645 644/644/644 652/652/652 
f 21/21/21 22/22/22 651/651/651 
f 646/646/646 645/645/645 652/652/652 
f 22/22/22 23/23/23 651/651/651 
f 647/647/647 646/646/646 652/652/652 
f 23/23/23 24/24/24 651/651/651 
f 648/648/648 647/647/647 652/652/652 
f 24/24/24 25/25/25 651/651/651 
f 649/649/649 648/648/648 652/652/652 
f 25/25/25 26/26/26 651/651/651 
f 650/650/650 649/649/649 652/652/652 
f 26/26/26 1/1/1 651/651/651 
f 625/625/625 650/650/650 652/652/652 

g p.0015
usemap Cartoon_FFFFFF
usemtl Cartoon_FFFFFF
v -0.1005069 0.1272727 -0.003828454
v -0.06580412 0.1623817 0.0005042634
v -0.09991712 0.1264374 0.0003939522
v -0.06580412 0.1623817 0.0005042634
v -0.09854046 0.1253812 0.004376851
v -0.06580412 0.1623817 0.0005042634
v -0.09642985 0.1241447 0.007967183
v -0.06580412 0.1623817 0.0005042634
v -0.09366639 0.1227753 0.01102698
v -0.06580412 0.1623817 0.0005042634
v -0.09035628 0.1213257 0.01343864
v -0.06580412 0.1623817 0.0005042634
v -0.08662674 0.1198516 0.0151095
v -0.06580412 0.1623817 0.0005042634
v -0.08262107 0.1184097 0.01597534
v -0.06580412 0.1623817 0.0005042634
v -0.07849322 0.1170553 0.0160029
v -0.06580412 0.1623817 0.0005042634
v -0.07440182 0.1158406 0.0151911
v -0.06580412 0.1623817 0.0005042634
v -0.0705041 0.1148121 0.01357115
v -0.06580412 0.1623817 0.0005042634
v -0.06694984 0.1140094 0.0112053
v -0.06580412 0.1623817 0.0005042634
v -0.06387564 0.1134634 0.008184481
v -0.06580412 0.1623817 0.0005042634
v -0.06139963 0.1131951 0.004624761
v -0.06580412 0.1623817 0.0005042634
v -0.05961697 0.1132147 0.0006629471
v -0.06580412 0.1623817 0.0005042634
v -0.05859616 0.1135215 -0.003548705
v -0.06580412 0.1623817 0.0005042634
v -0.05837643 0.1141037 -0.007848352
v -0.06580412 0.1623817 0.0005042634
v -0.05896623 0.114939 -0.01207076
v -0.06580412 0.1623817 0.0005042634
v -0.06034289 0.1159951 -0.01605366
v -0.06580412 0.1623817 0.0005042634
v -0.0624535 0.1172317 -0.01964399
v -0.06580412 0.1623817 0.0005042634
v -0.06521696 0.1186011 -0.02270378
v -0.06580412 0.1623817 0.0005042644
v -0.06852707 0.1200507 -0.02511545
v -0.06580412 0.1623817 0.0005042634
v -0.07225662 0.1215247 -0.02678631
v -0.06580412 0.1623817 0.0005042634
v -0.07626227 0.1229667 -0.02765215
v -0.06580412 0.1623817 0.0005042634
v -0.08039013 0.124321 -0.0276797
v -0.06580412 0.1623817 0.0005042634
v -0.08448153 0.1255358 -0.02686791
v -0.06580412 0.1623817 0.0005042634
v -0.08837925 0.1265643 -0.02524796
v -0.06580412 0.1623817 0.0005042634
v -0.0919335 0.1273669 -0.02288211
v -0.06580412 0.1623817 0.0005042634
v -0.09500771 0.1279129 -0.01986128
v -0.06580412 0.1623817 0.0005042644
v -0.09748372 0.1281813 -0.01630157
v -0.06580412 0.1623817 0.0005042634
v -0.09926637 0.1281617 -0.01233975
v -0.06580412 0.1623817 0.0005042634
v -0.1002872 0.1278549 -0.008128099
v -0.06580412 0.1623817 0.0005042634
v -0.1005069 0.1272727 -0.00382845
v -0.06580412 0.1623817 0.0005042634
v -0.1005069 0.1272727 -0.003828454
v -0.06580412 0.1623817 0.0005042634
v -0.09991712 0.1264374 0.0003939522
v -0.06580412 0.1623817 0.0005042634
v -0.09854046 0.1253812 0.004376851
v -0.06580412 0.1623817 0.0005042634
v -0.09642985 0.1241447 0.007967183
v -0.06580412 0.1623817 0.0005042634
v -0.09366639 0.1227753 0.01102698
v -0.06580412 0.1623817 0.0005042634
v -0.09035628 0.1213257 0.01343864
v -0.06580412 0.1623817 0.0005042634
v -0.08662674 0.1198516 0.0151095
v -0.06580412 0.1623817 0.0005042634
v -0.08262107 0.1184097 0.01597534
v -0.06580412 0.1623817 0.0005042634
v -0.07849322 0.1170553 0.0160029
v -0.06580412 0.1623817 0.0005042634
v -0.07440182 0.1158406 0.0151911
v -0.06580412 0.1623817 0.0005042634
v -0.0705041 0.1148121 0.01357115
v -0.06580412 0.1623817 0.0005042634
v -0.06694984 0.1140094 0.0112053
v -0.06580412 0.1623817 0.0005042634
v -0.06387564 0.1134634 0.008184481
v -0.06580412 0.1623817 0.0005042634
v -0.06139963 0.1131951 0.004624761
v -0.06580412 0.1623817 0.0005042634
v -0.05961697 0.1132147 0.0006629471
v -0.06580412 0.1623817 0.0005042634
v -0.05859616 0.1135215 -0.003548705
v -0.06580412 0.1623817 0.0005042634
v -0.05837643 0.1141037 -0.007848352
v -0.06580412 0.1623817 0.0005042634
v -0.05896623 0.114939 -0.01207076
v -0.06580412 0.1623817 0.0005042634
v -0.06034289 0.1159951 -0.01605366
v -0.06580412 0.1623817 0.0005042634
v -0.0624535 0.1172317 -0.01964399
v -0.06580412 0.1623817 0.0005042634
v -0.06521696 0.1186011 -0.02270378
v -0.06580412 0.1623817 0.0005042634
v -0.06852707 0.1200507 -0.02511545
v -0.06580412 0.1623817 0.0005042634
v -0.07225662 0.1215247 -0.02678631
v -0.06580412 0.1623817 0.0005042634
v -0.07626227 0.1229667 -0.02765215
v -0.06580412 0.1623817 0.0005042634
v -0.08039013 0.124321 -0.0276797
v -0.06580412 0.1623817 0.0005042634
v -0.08448153 0.1255358 -0.02686791
v -0.06580412 0.1623817 0.0005042634
v -0.08837925 0.1265643 -0.02524796
v -0.06580412 0.1623817 0.0005042634
v -0.0919335 0.1273669 -0.02288211
v -0.06580412 0.1623817 0.0005042634
v -0.09500771 0.1279129 -0.01986128
v -0.06580412 0.1623817 0.0005042634
v -0.09748372 0.1281813 -0.01630157
v -0.06580412 0.1623817 0.0005042634
v -0.09926637 0.1281617 -0.01233975
v -0.06580412 0.1623817 0.0005042634
v -0.1002872 0.1278549 -0.008128099
v -0.06580412 0.1623817 0.0005042634
v -0.07944167 0.1206882 -0.005838403
v -0.06580412 0.1623817 0.0005042634

vn -0.9505258 0.2971112 0.0906948
vn -0.9505258 0.2971112 0.0906948
vn -0.9239125 0.259422 0.2812222
vn -0.9239125 0.259422 0.2812222
vn -0.8617937 0.2117634 0.4609424
vn -0.8617937 0.2117634 0.4609424
vn -0.7665566 0.1559668 0.6229488
vn -0.7665566 0.1559668 0.6229488
vn -0.6418613 0.09417658 0.7610157
vn -0.6418613 0.09417658 0.7610157
vn -0.4924995 0.02876713 0.8698372
vn -0.4924995 0.02876713 0.8698372
vn -0.3242113 -0.03774779 0.9452313
vn -0.3242113 -0.03774779 0.9452313
vn -0.1434637 -0.1028121 0.9843007
vn -0.1434637 -0.1028121 0.9843007
vn 0.04279703 -0.1639254 0.9855439
vn 0.04279703 -0.1639254 0.9855439
vn 0.2274131 -0.2187392 0.9489133
vn 0.2274131 -0.2187392 0.9489133
vn 0.4032899 -0.2651469 0.8758164
vn 0.4032899 -0.2651469 0.8758164
vn 0.5636684 -0.3013652 0.7690624
vn 0.5636684 -0.3013652 0.7690624
vn 0.7023853 -0.3260021 0.6327539
vn 0.7023853 -0.3260021 0.6327539
vn 0.8141101 -0.338111 0.4721288
vn 0.8141101 -0.338111 0.4721288
vn 0.8945491 -0.3372265 0.2933601
vn 0.8945491 -0.3372265 0.2933601
vn 0.940611 -0.3233825 0.1033179
vn 0.940611 -0.3233825 0.1033179
vn 0.9505258 -0.2971112 -0.09069489
vn 0.9505258 -0.2971112 -0.09069489
vn 0.9239125 -0.259422 -0.2812224
vn 0.9239125 -0.259422 -0.2812224
vn 0.8617938 -0.2117634 -0.4609424
vn 0.8617938 -0.2117634 -0.4609424
vn 0.7665566 -0.1559668 -0.6229489
vn 0.7665566 -0.1559668 -0.6229489
vn 0.6418611 -0.09417651 -0.7610157
vn 0.6418611 -0.09417651 -0.7610157
vn 0.4924992 -0.02876706 -0.8698373
vn 0.4924992 -0.02876706 -0.8698373
vn 0.324211 0.03774791 -0.9452314
vn 0.324211 0.03774791 -0.9452314
vn 0.1434638 0.1028121 -0.9843007
vn 0.1434638 0.1028121 -0.9843007
vn -0.042797 0.1639254 -0.9855439
vn -0.042797 0.1639254 -0.9855439
vn -0.2274132 0.2187392 -0.9489133
vn -0.2274132 0.2187392 -0.9489133
vn -0.40329 0.2651469 -0.8758163
vn -0.40329 0.2651469 -0.8758163
vn -0.5636684 0.3013652 -0.7690623
vn -0.5636684 0.3013652 -0.7690623
vn -0.7023855 0.3260021 -0.6327536
vn -0.7023855 0.3260021 -0.6327536
vn -0.81411 0.338111 -0.4721289
vn -0.81411 0.338111 -0.4721289
vn -0.8945491 0.3372265 -0.2933602
vn -0.8945491 0.3372265 -0.2933602
vn -0.9406111 0.3233825 -0.1033178
vn -0.9406111 0.3233825 -0.1033178
vn -0.9505258 0.2971112 0.09069497
vn -0.9505258 0.2971112 0.09069497
vn -0.3076833 -0.9406665 -0.1430999
vn 0.3076833 0.9406665 0.1430999
vn -0.3076833 -0.9406665 -0.1430999
vn 0.3076833 0.9406665 0.1430999
vn -0.3076833 -0.9406665 -0.1430999
vn 0.3076833 0.9406665 0.1430999
vn -0.3076833 -0.9406665 -0.1430999
vn 0.3076833 0.9406665 0.1430999
vn -0.3076833 -0.9406665 -0.1430999
vn 0.3076833 0.9406665 0.1430999
vn -0.3076833 -0.9406665 -0.1430999
vn 0.3076833 0.9406665 0.1430999
vn -0.3076833 -0.9406665 -0.1430999
vn 0.3076833 0.9406665 0.1430999
vn -0.3076833 -0.9406665 -0.1430999
vn 0.3076833 0.9406665 0.1430999
vn -0.3076833 -0.9406665 -0.1430999
vn 0.3076833 0.9406665 0.1430999
vn -0.3076833 -0.9406665 -0.1430999
vn 0.3076833 0.9406665 0.1430999
vn -0.3076833 -0.9406665 -0.1430999
vn 0.3076833 0.9406665 0.1430999
vn -0.3076833 -0.9406665 -0.1430999
vn 0.3076833 0.9406665 0.1430999
vn -0.3076833 -0.9406665 -0.1430999
vn 0.3076833 0.9406665 0.1430999
vn -0.3076833 -0.9406665 -0.1430999
vn 0.3076833 0.9406665 0.1430999
vn -0.3076833 -0.9406665 -0.1430999
vn 0.3076833 0.9406665 0.1430999
vn -0.3076833 -0.9406665 -0.1430999
vn 0.3076833 0.9406665 0.1430999
vn -0.3076833 -0.9406665 -0.1430999
vn 0.3076833 0.9406665 0.1430999
vn -0.3076833 -0.9406665 -0.1430999
vn 0.3076833 0.9406665 0.1430999
vn -0.3076833 -0.9406665 -0.1430999
vn 0.3076833 0.9406665 0.1430999
vn -0.3076833 -0.9406665 -0.1430999
vn 0.3076833 0.9406665 0.1430999
vn -0.3076833 -0.9406665 -0.1430999
vn 0.3076833 0.9406665 0.1430999
vn -0.3076833 -0.9406665 -0.1430999
vn 0.3076833 0.9406665 0.1430999
vn -0.3076833 -0.9406665 -0.1430999
vn 0.3076833 0.9406665 0.1430999
vn -0.3076833 -0.9406665 -0.1430999
vn 0.3076833 0.9406665 0.1430999
vn -0.3076833 -0.9406665 -0.1430999
vn 0.3076833 0.9406665 0.1430999
vn -0.3076833 -0.9406665 -0.1430999
vn 0.3076833 0.9406665 0.1430999
vn -0.3076833 -0.9406665 -0.1430999
vn 0.3076833 0.9406665 0.1430999
vn -0.3076833 -0.9406665 -0.1430999
vn 0.3076833 0.9406665 0.1430999
vn -0.3076833 -0.9406665 -0.1430999
vn 0.3076833 0.9406665 0.1430999
vn -0.3076833 -0.9406665 -0.1430999
vn 0.3076833 0.9406665 0.1430999
vn -0.3076833 -0.9406665 -0.1430999
vn 0.3076833 0.9406665 0.1430999
vn -0.3076833 -0.9406665 -0.1430999
vn 0.3076833 0.9406665 0.1430999
vn -0.3076833 -0.9406665 -0.1430999
vn 0.3076833 0.9406665 0.1430999

vt 0 0
vt 0 1
vt 0.03125 0
vt 0.03125 1
vt 0.0625 0
vt 0.0625 1
vt 0.09375 0
vt 0.09375 1
vt 0.125 0
vt 0.125 1
vt 0.15625 0
vt 0.15625 1
vt 0.1875 0
vt 0.1875 1
vt 0.21875 0
vt 0.21875 1
vt 0.25 0
vt 0.25 1
vt 0.28125 0
vt 0.28125 1
vt 0.3125 0
vt 0.3125 1
vt 0.34375 0
vt 0.34375 1
vt 0.375 0
vt 0.375 1
vt 0.40625 0
vt 0.40625 1
vt 0.4375 0
vt 0.4375 1
vt 0.46875 0
vt 0.46875 1
vt 0.5 0
vt 0.5 1
vt 0.53125 0
vt 0.53125 1
vt 0.5625 0
vt 0.5625 1
vt 0.59375 0
vt 0.59375 1
vt 0.625 0
vt 0.625 1
vt 0.65625 0
vt 0.65625 1
vt 0.6875 0
vt 0.6875 1
vt 0.71875 0
vt 0.71875 1
vt 0.75 0
vt 0.75 1
vt 0.78125 0
vt 0.78125 1
vt 0.8125 0
vt 0.8125 1
vt 0.84375 0
vt 0.84375 1
vt 0.875 0
vt 0.875 1
vt 0.90625 0
vt 0.90625 1
vt 0.9375 0
vt 0.9375 1
vt 0.96875 0
vt 0.96875 1
vt 1 0
vt 1 1
vt 1 0.5
vt 1 0.5
vt 0.9903927 0.5975451
vt 0.9903927 0.5975451
vt 0.9619398 0.6913418
vt 0.9619398 0.6913418
vt 0.9157348 0.7777851
vt 0.9157348 0.7777851
vt 0.8535534 0.8535534
vt 0.8535534 0.8535534
vt 0.7777851 0.9157348
vt 0.7777851 0.9157348
vt 0.6913418 0.9619398
vt 0.6913418 0.9619398
vt 0.5975451 0.9903927
vt 0.5975451 0.9903927
vt 0.5 1
vt 0.5 1
vt 0.4024548 0.9903927
vt 0.4024548 0.9903927
vt 0.3086582 0.9619398
vt 0.3086582 0.9619398
vt 0.2222148 0.9157348
vt 0.2222148 0.9157348
vt 0.1464466 0.8535534
vt 0.1464466 0.8535534
vt 0.08426517 0.7777851
vt 0.08426517 0.7777851
vt 0.03806019 0.6913416
vt 0.03806019 0.6913416
vt 0.009607345 0.5975451
vt 0.009607345 0.5975451
vt 0 0.5
vt 0 0.5
vt 0.009607375 0.4024548
vt 0.009607375 0.4024548
vt 0.03806022 0.3086583
vt 0.03806022 0.3086583
vt 0.0842652 0.2222148
vt 0.0842652 0.2222148
vt 0.1464467 0.1464466
vt 0.1464467 0.1464466
vt 0.222215 0.08426511
vt 0.222215 0.08426511
vt 0.3086584 0.03806016
vt 0.3086584 0.03806016
vt 0.4024548 0.009607345
vt 0.4024548 0.009607345
vt 0.5 0
vt 0.5 0
vt 0.5975452 0.009607345
vt 0.5975452 0.009607345
vt 0.6913418 0.03806028
vt 0.6913418 0.03806028
vt 0.7777852 0.08426526
vt 0.7777852 0.08426526
vt 0.8535535 0.1464467
vt 0.8535535 0.1464467
vt 0.9157348 0.2222148
vt 0.9157348 0.2222148
vt 0.9619398 0.3086583
vt 0.9619398 0.3086583
vt 0.9903927 0.4024549
vt 0.9903927 0.4024549
vt 0.5 0.5
vt 0.5 0.5

usemap Cartoon_FFFFFF
usemtl Cartoon_FFFFFF
f 655/655/655 654/654/654 653/653/653 
f 656/656/656 654/654/654 655/655/655 
f 657/657/657 656/656/656 655/655/655 
f 658/658/658 656/656/656 657/657/657 
f 659/659/659 658/658/658 657/657/657 
f 660/660/660 658/658/658 659/659/659 
f 661/661/661 660/660/660 659/659/659 
f 662/662/662 660/660/660 661/661/661 
f 663/663/663 662/662/662 661/661/661 
f 664/664/664 662/662/662 663/663/663 
f 665/665/665 664/664/664 663/663/663 
f 666/666/666 664/664/664 665/665/665 
f 667/667/667 666/666/666 665/665/665 
f 668/668/668 666/666/666 667/667/667 
f 669/669/669 668/668/668 667/667/667 
f 670/670/670 668/668/668 669/669/669 
f 671/671/671 670/670/670 669/669/669 
f 672/672/672 670/670/670 671/671/671 
f 673/673/673 672/672/672 671/671/671 
f 674/674/674 672/672/672 673/673/673 
f 675/675/675 674/674/674 673/673/673 
f 676/676/676 674/674/674 675/675/675 
f 677/677/677 676/676/676 675/675/675 
f 678/678/678 676/676/676 677/677/677 
f 679/679/679 678/678/678 677/677/677 
f 680/680/680 678/678/678 679/679/679 
f 681/681/681 680/680/680 679/679/679 
f 682/682/682 680/680/680 681/681/681 
f 683/683/683 682/682/682 681/681/681 
f 684/684/684 682/682/682 683/683/683 
f 685/685/685 684/684/684 683/683/683 
f 686/686/686 684/684/684 685/685/685 
f 687/687/687 686/686/686 685/685/685 
f 688/688/688 686/686/686 687/687/687 
f 689/689/689 688/688/688 687/687/687 
f 690/690/690 688/688/688 689/689/689 
f 691/691/691 690/690/690 689/689/689 
f 692/692/692 690/690/690 691/691/691 
f 693/693/693 692/692/692 691/691/691 
f 694/694/694 692/692/692 693/693/693 
f 695/695/695 694/694/694 693/693/693 
f 696/696/696 694/694/694 695/695/695 
f 697/697/697 696/696/696 695/695/695 
f 698/698/698 696/696/696 697/697/697 
f 699/699/699 698/698/698 697/697/697 
f 700/700/700 698/698/698 699/699/699 
f 701/701/701 700/700/700 699/699/699 
f 702/702/702 700/700/700 701/701/701 
f 703/703/703 702/702/702 701/701/701 
f 704/704/704 702/702/702 703/703/703 
f 705/705/705 704/704/704 703/703/703 
f 706/706/706 704/704/704 705/705/705 
f 707/707/707 706/706/706 705/705/705 
f 708/708/708 706/706/706 707/707/707 
f 709/709/709 708/708/708 707/707/707 
f 710/710/710 708/708/708 709/709/709 
f 711/711/711 710/710/710 709/709/709 
f 712/712/712 710/710/710 711/711/711 
f 713/713/713 712/712/712 711/711/711 
f 714/714/714 712/712/712 713/713/713 
f 715/715/715 714/714/714 713/713/713 
f 716/716/716 714/714/714 715/715/715 
f 717/717/717 716/716/716 715/715/715 
f 718/718/718 716/716/716 717/717/717 
f 783/783/783 721/721/721 719/719/719 
f 722/722/722 784/784/784 720/720/720 
f 783/783/783 723/723/723 721/721/721 
f 724/724/724 784/784/784 722/722/722 
f 783/783/783 725/725/725 723/723/723 
f 726/726/726 784/784/784 724/724/724 
f 783/783/783 727/727/727 725/725/725 
f 728/728/728 784/784/784 726/726/726 
f 783/783/783 729/729/729 727/727/727 
f 730/730/730 784/784/784 728/728/728 
f 783/783/783 731/731/731 729/729/729 
f 732/732/732 784/784/784 730/730/730 
f 783/783/783 733/733/733 731/731/731 
f 734/734/734 784/784/784 732/732/732 
f 783/783/783 735/735/735 733/733/733 
f 736/736/736 784/784/784 734/734/734 
f 783/783/783 737/737/737 735/735/735 
f 738/738/738 784/784/784 736/736/736 
f 783/783/783 739/739/739 737/737/737 
f 740/740/740 784/784/784 738/738/738 
f 783/783/783 741/741/741 739/739/739 
f 742/742/742 784/784/784 740/740/740 
f 783/783/783 743/743/743 741/741/741 
f 744/744/744 784/784/784 742/742/742 
f 783/783/783 745/745/745 743/743/743 
f 746/746/746 784/784/784 744/744/744 
f 783/783/783 747/747/747 745/745/745 
f 748/748/748 784/784/784 746/746/746 
f 783/783/783 749/749/749 747/747/747 
f 750/750/750 784/784/784 748/748/748 
f 783/783/783 751/751/751 749/749/749 
f 752/752/752 784/784/784 750/750/750 
f 783/783/783 753/753/753 751/751/751 
f 754/754/754 784/784/784 752/752/752 
f 783/783/783 755/755/755 753/753/753 
f 756/756/756 784/784/784 754/754/754 
f 783/783/783 757/757/757 755/755/755 
f 758/758/758 784/784/784 756/756/756 
f 783/783/783 759/759/759 757/757/757 
f 760/760/760 784/784/784 758/758/758 
f 783/783/783 761/761/761 759/759/759 
f 762/762/762 784/784/784 760/760/760 
f 783/783/783 763/763/763 761/761/761 
f 764/764/764 784/784/784 762/762/762 
f 783/783/783 765/765/765 763/763/763 
f 766/766/766 784/784/784 764/764/764 
f 783/783/783 767/767/767 765/765/765 
f 768/768/768 784/784/784 766/766/766 
f 783/783/783 769/769/769 767/767/767 
f 770/770/770 784/784/784 768/768/768 
f 783/783/783 771/771/771 769/769/769 
f 772/772/772 784/784/784 770/770/770 
f 783/783/783 773/773/773 771/771/771 
f 774/774/774 784/784/784 772/772/772 
f 783/783/783 775/775/775 773/773/773 
f 776/776/776 784/784/784 774/774/774 
f 783/783/783 777/777/777 775/775/775 
f 778/778/778 784/784/784 776/776/776 
f 783/783/783 779/779/779 777/777/777 
f 780/780/780 784/784/784 778/778/778 
f 783/783/783 781/781/781 779/779/779 
f 782/782/782 784/784/784 780/780/780 
f 783/783/783 719/719/719 781/781/781 
f 720/720/720 784/784/784 782/782/782 

g p.0016
usemap Cartoon_FFFFFF
usemtl Cartoon_FFFFFF
v -0.07045574 0.1895852 0.03892917
v -0.07062076 0.189353 0.0404729
v -0.0704079 0.189141 0.0420137
v -0.06982952 0.1889617 0.04346202
v -0.06891926 0.1888254 0.04473367
v -0.06772999 0.1887401 0.04575478
v -0.06633084 0.1887107 0.04646598
v -0.06480312 0.1887389 0.04682595
v -0.06323563 0.1888232 0.04681377
v -0.06171945 0.1889585 0.04643014
v -0.0603427 0.1891371 0.04569737
v -0.05918539 0.1893485 0.04465803
v -0.05831479 0.1895805 0.04337253
v -0.05778148 0.1898196 0.04191558
v -0.05761646 0.1900519 0.04037184
v -0.05782932 0.1902638 0.03883105
v -0.0584077 0.1904432 0.03738273
v -0.05931797 0.1905794 0.03611107
v -0.06050723 0.1906648 0.03508997
v -0.06190638 0.1906941 0.03437877
v -0.0634341 0.1906659 0.0340188
v -0.06500159 0.1905816 0.03403097
v -0.06651778 0.1904463 0.0344146
v -0.06789452 0.1902677 0.03514738
v -0.06905183 0.1900563 0.03618672
v -0.06992243 0.1898243 0.03747222
v -0.07283187 0.1882529 0.03816691
v -0.07306053 0.187931 0.04030597
v -0.07276557 0.1876373 0.04244096
v -0.07196416 0.1873889 0.0444478
v -0.07070284 0.1872 0.04620986
v -0.06905495 0.1870818 0.04762475
v -0.06711623 0.1870411 0.04861022
v -0.06499937 0.1870802 0.04910901
v -0.06282739 0.187197 0.04909213
v -0.0607265 0.1873845 0.04856056
v -0.05881882 0.1876319 0.0475452
v -0.05721521 0.1879249 0.04610505
v -0.05600887 0.1882464 0.04432381
v -0.05526989 0.1885777 0.04230499
v -0.05504124 0.1888995 0.04016593
v -0.05533619 0.1891932 0.03803094
v -0.05613761 0.1894417 0.0360241
v -0.05739892 0.1896305 0.03426204
v -0.05904681 0.1897487 0.03284715
v -0.06098553 0.1897894 0.03186168
v -0.06310239 0.1897503 0.03136289
v -0.06527438 0.1896335 0.03137977
v -0.06737526 0.189446 0.03191134
v -0.06928293 0.1891986 0.0329267
v -0.07088655 0.1889056 0.03436685
v -0.0720929 0.1885841 0.0361481
v -0.07451119 0.1869334 0.03756883
v -0.07478534 0.1865475 0.04013348
v -0.0744317 0.1861954 0.04269323
v -0.07347084 0.1858975 0.04509936
v -0.07195858 0.1856711 0.047212
v -0.06998282 0.1855294 0.04890838
v -0.06765838 0.1854805 0.05008993
v -0.06512035 0.1855275 0.05068795
v -0.06251623 0.1856674 0.05066772
v -0.05999736 0.1858923 0.05003039
v -0.05771014 0.186189 0.04881301
v -0.05578747 0.1865402 0.04708633
v -0.05434112 0.1869256 0.04495069
v -0.05345511 0.1873228 0.04253022
v -0.05318097 0.1877087 0.03996558
v -0.0535346 0.1880608 0.03740582
v -0.05449547 0.1883587 0.0349997
v -0.05600773 0.1885851 0.03288706
v -0.05798348 0.1887269 0.03119067
v -0.06030792 0.1887757 0.03000913
v -0.06284595 0.1887287 0.0294111
v -0.06545007 0.1885888 0.02943134
v -0.06796894 0.1883639 0.03006867
v -0.07025617 0.1880673 0.03128605
v -0.07217883 0.187716 0.03301273
v -0.07362519 0.1873306 0.03514836
v -0.07580494 0.1856211 0.03706161
v -0.07611454 0.1851853 0.03995791
v -0.07571518 0.1847876 0.0428487
v -0.07463004 0.1844512 0.04556597
v -0.07292223 0.1841955 0.04795182
v -0.07069096 0.1840354 0.04986759
v -0.06806593 0.1839803 0.05120192
v -0.06519968 0.1840333 0.05187728
v -0.0622588 0.1841914 0.05185443
v -0.0594142 0.1844453 0.05113468
v -0.05683118 0.1847803 0.04975987
v -0.05465988 0.185177 0.0478099
v -0.05302648 0.1856123 0.04539809
v -0.05202591 0.1860608 0.0426646
v -0.05171631 0.1864966 0.0397683
v -0.05211567 0.1868943 0.03687751
v -0.0532008 0.1872307 0.03416023
v -0.05490862 0.1874864 0.03177439
v -0.05713988 0.1876465 0.02985863
v -0.05976491 0.1877016 0.02852429
v -0.06263116 0.1876486 0.02784893
v -0.06557205 0.1874905 0.02787178
v -0.06841666 0.1872366 0.02859153
v -0.07099966 0.1869016 0.02996634
v -0.07317096 0.1865049 0.03191631
v -0.07480437 0.1860696 0.03432813
v -0.07683495 0.1843136 0.03661653
v -0.07717314 0.1838376 0.03978024
v -0.0767369 0.1834032 0.04293793
v -0.07555158 0.1830357 0.04590609
v -0.07368608 0.1827564 0.04851222
v -0.07124881 0.1825816 0.05060486
v -0.06838141 0.1825214 0.05206239
v -0.06525052 0.1825793 0.05280012
v -0.06203812 0.1827519 0.05277515
v -0.05893087 0.1830293 0.05198895
v -0.05610938 0.1833953 0.05048721
v -0.0537376 0.1838286 0.04835719
v -0.05195339 0.184304 0.0457227
v -0.05086043 0.184794 0.04273684
v -0.05052225 0.18527 0.03957312
v -0.05095848 0.1857044 0.03641544
v -0.0521438 0.1860719 0.03344727
v -0.0540093 0.1863512 0.03084114
v -0.05644657 0.186526 0.0287485
v -0.05931398 0.1865862 0.02729097
v -0.06244486 0.1865283 0.02655325
v -0.06565727 0.1863557 0.02657821
v -0.06876452 0.1860783 0.02736441
v -0.07158601 0.1857123 0.02886616
v -0.07395779 0.185279 0.03099617
v -0.07574199 0.1848036 0.03363066
v -0.07766393 0.1830099 0.03621881
v -0.07802547 0.182501 0.03960096
v -0.07755911 0.1820366 0.04297668
v -0.07629195 0.1816437 0.04614978
v -0.07429764 0.1813452 0.04893585
v -0.07169209 0.1811583 0.05117297
v -0.06862671 0.1810939 0.05273114
v -0.06527966 0.1811558 0.0535198
v -0.06184544 0.1813404 0.05349311
v -0.05852366 0.1816369 0.05265263
v -0.05550735 0.1820281 0.05104719
v -0.05297182 0.1824913 0.04877011
v -0.05106442 0.1829996 0.04595372
v -0.049896 0.1835234 0.0427617
v -0.04953446 0.1840323 0.03937955
v -0.05000082 0.1844966 0.03600384
v -0.05126798 0.1848895 0.03283074
v -0.05326229 0.1851881 0.03004467
v -0.05586784 0.185375 0.02780755
v -0.05893321 0.1854394 0.02624938
v -0.06228027 0.1853775 0.02546072
v -0.06571449 0.1851929 0.02548741
v -0.06903627 0.1848964 0.02632789
v -0.07205257 0.1845052 0.02793332
v -0.07458811 0.1840419 0.0302104
v -0.07649551 0.1835337 0.03302679
v -0.07832891 0.1817092 0.03585974
v -0.07870953 0.1811735 0.03942038
v -0.07821856 0.1806846 0.04297425
v -0.07688453 0.1802709 0.0463148
v -0.07478498 0.1799566 0.04924791
v -0.07204191 0.1797598 0.05160309
v -0.06881476 0.1796921 0.0532435
v -0.06529107 0.1797572 0.05407377
v -0.06167562 0.1799515 0.05404568
v -0.05817854 0.1802637 0.05316084
v -0.05500305 0.1806756 0.05147068
v -0.0523337 0.1811633 0.04907343
v -0.05032564 0.1816984 0.04610841
v -0.04909556 0.1822498 0.04274792
v -0.04871494 0.1827855 0.03918729
v -0.04920591 0.1832744 0.03563342
v -0.05053994 0.183688 0.03229287
v -0.05263949 0.1840024 0.02935977
v -0.05538255 0.1841991 0.02700458
v -0.0586097 0.1842669 0.02536418
v -0.06213339 0.1842017 0.0245339
v -0.06574885 0.1840074 0.024562
v -0.06924593 0.1836953 0.02544684
v -0.07242142 0.1832834 0.02713699
v -0.07509077 0.1827957 0.02953424
v -0.07709883 0.1822606 0.03249927
v -0.07885362 0.1804111 0.03553373
v -0.07924967 0.1798536 0.03923868
v -0.07873879 0.1793449 0.0429366
v -0.0773507 0.1789145 0.04641255
v -0.07516605 0.1785875 0.04946453
v -0.0723118 0.1783827 0.05191518
v -0.06895385 0.1783122 0.05362207
v -0.06528734 0.17838 0.05448601
v -0.06152534 0.1785822 0.05445677
v -0.05788651 0.178907 0.05353606
v -0.05458232 0.1793356 0.0517774
v -0.05180478 0.179843 0.04928299
v -0.04971533 0.1803998 0.04619779
v -0.04843538 0.1809736 0.0427011
v -0.04803934 0.181531 0.03899614
v -0.04855021 0.1820397 0.03529823
v -0.04993831 0.1824701 0.03182228
v -0.05212297 0.1827972 0.02877029
v -0.0549772 0.183002 0.02631964
v -0.05833516 0.1830725 0.02461275
v -0.06200167 0.1830047 0.02374882
v -0.06576366 0.1828025 0.02377806
v -0.06940249 0.1824777 0.02469876
v -0.07270668 0.1820491 0.02645742
v -0.07548422 0.1815417 0.02895184
v -0.07757369 0.1809849 0.03203704
v -0.07925398 0.1791153 0.03523701
v -0.07966221 0.1785407 0.039056
v -0.07913561 0.1780163 0.04286771
v -0.07770479 0.1775727 0.04645064
v -0.07545291 0.1772355 0.04959656
v -0.07251082 0.1770245 0.05212263
v -0.06904952 0.1769518 0.05388205
v -0.06527016 0.1770217 0.05477257
v -0.0613924 0.1772301 0.05474244
v -0.05764158 0.1775649 0.0537934
v -0.05423568 0.1780067 0.05198061
v -0.05137266 0.1785297 0.04940942
v -0.0492189 0.1791037 0.04622927
v -0.04789957 0.1796951 0.04262497
v -0.04749134 0.1802697 0.03880598
v -0.04801793 0.180794 0.03499427
v -0.04944875 0.1812377 0.03141133
v -0.05170064 0.1815748 0.02826542
v -0.05464272 0.1817859 0.02573935
v -0.05810402 0.1818586 0.02397993
v -0.06188338 0.1817887 0.02308941
v -0.06576116 0.1815803 0.02311954
v -0.06951197 0.1812454 0.02406858
v -0.07291786 0.1808037 0.02588137
v -0.07578088 0.1802806 0.02845256
v -0.07793465 0.1797067 0.03163271
v -0.07954086 0.1778215 0.03496703
v -0.07995833 0.1772339 0.0388724
v -0.07941982 0.1766977 0.04277034
v -0.07795665 0.1762441 0.04643431
v -0.07565381 0.1758993 0.04965139
v -0.07264518 0.1756835 0.0522346
v -0.06910559 0.1756091 0.05403382
v -0.06524074 0.1756806 0.05494449
v -0.06127525 0.1758937 0.05491367
v -0.05743959 0.1762361 0.05394316
v -0.05395666 0.1766879 0.05208937
v -0.05102888 0.1772228 0.04946002
v -0.0488264 0.1778097 0.04620793
v -0.04747722 0.1784145 0.0425221
v -0.04705976 0.1790021 0.03861673
v -0.04759827 0.1795383 0.0347188
v -0.04906145 0.179992 0.03105482
v -0.05136427 0.1803368 0.02783774
v -0.05437291 0.1805526 0.02525453
v -0.0579125 0.1806269 0.02345531
v -0.06177735 0.1805554 0.02254465
v -0.06574284 0.1803423 0.02257547
v -0.0695785 0.1799999 0.02354597
v -0.07306143 0.1795482 0.02539976
v -0.07598921 0.1790133 0.02802911
v -0.07819169 0.1784264 0.0312812
v -0.0797217 0.1765298 0.03472204
v -0.08014564 0.1759331 0.03868796
v -0.07959878 0.1753886 0.04264633
v -0.07811292 0.1749279 0.04636712
v -0.07577439 0.1745777 0.04963408
v -0.0727191 0.1743586 0.05225734
v -0.06912463 0.1742831 0.05408445
v -0.06519986 0.1743557 0.05500924
v -0.06117289 0.1745721 0.05497794
v -0.05727776 0.1749198 0.05399239
v -0.05374082 0.1753786 0.05210985
v -0.05076765 0.1759217 0.04943974
v -0.04853102 0.1765177 0.04613723
v -0.04716092 0.177132 0.04239425
v -0.04673699 0.1777287 0.03842833
v -0.04728384 0.1782732 0.03446995
v -0.04876971 0.1787339 0.03074916
v -0.05110824 0.179084 0.02748221
v -0.05416352 0.1793032 0.02485895
v -0.057758 0.1793787 0.02303183
v -0.06168277 0.1793061 0.02210705
v -0.06570974 0.1790896 0.02213835
v -0.06960487 0.1787419 0.0231239
v -0.07314181 0.1782832 0.02500643
v -0.07611498 0.17774 0.02767655
v -0.07835161 0.177144 0.03097906
v -0.07980131 0.1752399 0.0345009
v -0.08022909 0.1746378 0.03850271
v -0.07967728 0.1740884 0.04249691
v -0.07817797 0.1736235 0.04625137
v -0.07581827 0.1732702 0.04954789
v -0.07273534 0.173049 0.05219489
v -0.06910834 0.1729729 0.05403855
v -0.06514805 0.1730461 0.05497169
v -0.06108463 0.1732645 0.05494012
v -0.05715425 0.1736154 0.05394565
v -0.0535853 0.1740783 0.05204608
v -0.05058522 0.1746264 0.0493518
v -0.04832835 0.1752278 0.0460194
v -0.04694586 0.1758475 0.04224254
v -0.04651808 0.1764496 0.03824073
v -0.04706988 0.1769991 0.03424653
v -0.0485692 0.177464 0.03049207
v -0.0509289 0.1778172 0.02719555
v -0.05401183 0.1780384 0.02454855
v -0.05763884 0.1781146 0.0227049
v -0.06159912 0.1780413 0.02177175
v -0.06566254 0.1778229 0.02180332
v -0.06959292 0.1774721 0.0227978
v -0.07316186 0.1770092 0.02469737
v -0.07616195 0.1764611 0.02739165
v -0.07841882 0.1758597 0.03072405
v -0.0797824 0.1739519 0.03430297
v -0.08021145 0.173348 0.03831668
v -0.079658 0.1727969 0.04232275
v -0.07815424 0.1723306 0.04608836
v -0.07578752 0.1719763 0.04939468
v -0.07269543 0.1717545 0.05204955
v -0.06905764 0.1716781 0.05389868
v -0.06508559 0.1717515 0.0548346
v -0.0610101 0.1719706 0.05480293
v -0.05706804 0.1723225 0.05380551
v -0.05348849 0.1727868 0.05190029
v -0.05047949 0.1733365 0.049198
v -0.04821591 0.1739397 0.0458557
v -0.04682931 0.1745613 0.04206762
v -0.04640026 0.1751652 0.03805391
v -0.04695371 0.1757163 0.03404785
v -0.04845748 0.1761825 0.03028223
v -0.05082419 0.1765368 0.02697591
v -0.05391628 0.1767586 0.02432105
v -0.05755406 0.176835 0.02247192
v -0.06152612 0.1767616 0.02153599
v -0.06560161 0.1765426 0.02156766
v -0.06954368 0.1761907 0.02256509
v -0.07312322 0.1757264 0.02447031
v -0.07613222 0.1751767 0.02717259
v -0.0783958 0.1745735 0.0305149
v -0.07966585 0.1726656 0.03412805
v -0.08009363 0.1720635 0.03812987
v -0.07954182 0.171514 0.04212406
v -0.07804251 0.1710492 0.04587852
v -0.07568281 0.1706959 0.04917504
v -0.07259988 0.1704747 0.05182205
v -0.06897287 0.1703986 0.0536657
v -0.06501258 0.1704718 0.05459885
v -0.06094917 0.1706902 0.05456727
v -0.05701879 0.171041 0.0535728
v -0.05344984 0.171504 0.05167323
v -0.05044976 0.172052 0.04897895
v -0.04819289 0.1726535 0.04564655
v -0.0468104 0.1732732 0.0418697
v -0.04638262 0.1738753 0.03786788
v -0.04693443 0.1744248 0.03387368
v -0.04843374 0.1748897 0.03011923
v -0.05079344 0.1752429 0.0268227
v -0.05387637 0.1754641 0.0241757
v -0.05750338 0.1755403 0.02233205
v -0.06146367 0.175467 0.0213989
v -0.06552708 0.1752486 0.02143048
v -0.06945746 0.1748978 0.02242495
v -0.0730264 0.1744349 0.02432452
v -0.07602649 0.1738868 0.0270188
v -0.07828336 0.1732854 0.0303512
v -0.07945079 0.1713812 0.03397635
v -0.07987472 0.1707845 0.03794227
v -0.07932787 0.1702399 0.04190064
v -0.077842 0.1697792 0.04562143
v -0.07550347 0.1694291 0.04888839
v -0.07244819 0.16921 0.05151165
v -0.06885371 0.1691345 0.05333876
v -0.06492894 0.1692071 0.05426355
v -0.06090197 0.1694235 0.05423225
v -0.05700684 0.1697712 0.0532467
v -0.0534699 0.17023 0.05136416
v -0.05049673 0.1707731 0.04869405
v -0.0482601 0.1713691 0.04539154
v -0.04689001 0.1719833 0.04164856
v -0.04646607 0.17258 0.03768263
v -0.04701292 0.1731246 0.03372426
v -0.04849879 0.1735853 0.03000347
v -0.05083732 0.1739354 0.02673652
v -0.05389261 0.1741545 0.02411326
v -0.05748708 0.17423 0.02228614
v -0.06141185 0.1741575 0.02136136
v -0.06543882 0.173941 0.02139265
v -0.06933396 0.1735933 0.02237821
v -0.07287088 0.1731346 0.02426074
v -0.07584406 0.1725914 0.02693086
v -0.07808069 0.1719954 0.03023337
v -0.07913449 0.1700986 0.03384849
v -0.07955195 0.169511 0.03775386
v -0.07901344 0.1689748 0.0416518
v -0.07755026 0.1685211 0.04531578
v -0.07524744 0.1681764 0.04853285
v -0.0722388 0.1679606 0.05111606
v -0.06869921 0.1678862 0.05291528
v -0.06483436 0.1679577 0.05382594
v -0.06086887 0.1681708 0.05379513
v -0.05703321 0.1685132 0.05282462
v -0.05355028 0.168965 0.05097083
v -0.0506225 0.1694998 0.04834148
v -0.04842002 0.1700868 0.0450894
v -0.04707085 0.1706916 0.04140357
v -0.04665338 0.1712792 0.03749819
v -0.04719188 0.1718154 0.03360026
v -0.04865507 0.1722691 0.02993628
v -0.0509579 0.1726138 0.0267192
v -0.05396653 0.1728296 0.024136
v -0.05750612 0.172904 0.02233678
v -0.06137097 0.1728325 0.02142611
v -0.06533646 0.1726194 0.02145693
v -0.06917212 0.172277 0.02242744
v -0.07265504 0.1718252 0.02428123
v -0.07558283 0.1712904 0.02691057
v -0.07778531 0.1707034 0.03016266
v -0.07871214 0.168818 0.03374563
v -0.07912037 0.1682434 0.03756461
v -0.07859378 0.1677191 0.04137633
v -0.07716296 0.1672754 0.04495926
v -0.07491107 0.1669383 0.04810518
v -0.07196899 0.1667272 0.05063125
v -0.06850769 0.1666546 0.05239067
v -0.06472833 0.1667244 0.05328119
v -0.06085056 0.1669329 0.05325105
v -0.05709974 0.1672677 0.05230201
v -0.05369385 0.1677095 0.05048922
v -0.05083083 0.1682325 0.04791804
v -0.04867706 0.1688064 0.04473789
v -0.04735773 0.1693979 0.04113358
v -0.0469495 0.1699725 0.0373146
v -0.04747609 0.1704968 0.03350288
v -0.04890691 0.1709405 0.02991995
v -0.0511588 0.1712776 0.02677403
v -0.05410089 0.1714886 0.02424797
v -0.05756219 0.1715613 0.02248855
v -0.06134154 0.1714914 0.02159803
v -0.06521931 0.171283 0.02162816
v -0.06897014 0.1709482 0.0225772
v -0.07237602 0.1705064 0.02438999
v -0.07523905 0.1699834 0.02696117
v -0.0773928 0.1694095 0.03014133
v -0.07817633 0.1675395 0.0336695
v -0.07857237 0.1669821 0.03737446
v -0.0780615 0.1664734 0.04107237
v -0.0766734 0.166043 0.04454832
v -0.07448874 0.1657159 0.04760031
v -0.07163451 0.1655112 0.05005096
v -0.06827655 0.1654406 0.05175784
v -0.06461003 0.1655085 0.05262177
v -0.06084805 0.1657106 0.05259254
v -0.05720922 0.1660355 0.05167184
v -0.05390502 0.166464 0.04991318
v -0.05112748 0.1669715 0.04741876
v -0.04903803 0.1675283 0.04433355
v -0.04775808 0.1681021 0.04083687
v -0.04736204 0.1686595 0.03713191
v -0.04787292 0.1691682 0.033434
v -0.04926101 0.1695986 0.02995805
v -0.05144567 0.1699257 0.02690606
v -0.05429991 0.1701304 0.02445541
v -0.05765786 0.1702009 0.02274852
v -0.06132438 0.1701331 0.02188459
v -0.06508636 0.1699309 0.02191383
v -0.0687252 0.1696061 0.02283453
v -0.07202939 0.1691775 0.02459319
v -0.07480693 0.1686701 0.02708761
v -0.07689638 0.1681133 0.03017281
v -0.07751615 0.1662633 0.03362267
v -0.07789677 0.1657276 0.03718331
v -0.0774058 0.1652387 0.04073717
v -0.07607177 0.1648251 0.04407773
v -0.07397222 0.1645108 0.04701083
v -0.07122916 0.164314 0.04936602
v -0.06800201 0.1642462 0.05100642
v -0.06447832 0.1643114 0.0518367
v -0.06086287 0.1645057 0.0518086
v -0.05736578 0.1648179 0.05092376
v -0.05419029 0.1652298 0.0492336
v -0.05152094 0.1657174 0.04683635
v -0.04951288 0.1662525 0.04387133
v -0.0482828 0.1668039 0.04051085
v -0.04790218 0.1673397 0.03695021
v -0.04839315 0.1678286 0.03339635
v -0.04972718 0.1682422 0.03005579
v -0.05182674 0.1685565 0.02712269
v -0.05456979 0.1687533 0.0247675
v -0.05779695 0.1688211 0.02312711
v -0.06132064 0.1687559 0.02229683
v -0.06493609 0.1685616 0.02232492
v -0.06843318 0.1682494 0.02320976
v -0.07160866 0.1678375 0.02489992
v -0.074278 0.1673499 0.02729717
v -0.07628607 0.1668148 0.03026219
v -0.07671571 0.1649897 0.03360889
v -0.07707725 0.1644809 0.03699104
v -0.07661089 0.1640165 0.04036676
v -0.07534374 0.1636236 0.04353985
v -0.07334942 0.163325 0.04632592
v -0.07074387 0.1631381 0.04856305
v -0.0676785 0.1630737 0.05012122
v -0.06433144 0.1631356 0.05090988
v -0.06089723 0.1633202 0.05088319
v -0.05757545 0.1636167 0.0500427
v -0.05455914 0.164008 0.04843727
v -0.0520236 0.1644712 0.04616019
v -0.0501162 0.1649794 0.0433438
v -0.04894778 0.1655032 0.04015178
v -0.04858625 0.1660121 0.03676963
v -0.04905261 0.1664765 0.03339392
v -0.05031976 0.1668694 0.03022082
v -0.05231407 0.167168 0.02743475
v -0.05491962 0.1673549 0.02519763
v -0.057985 0.1674192 0.02363946
v -0.06133205 0.1673573 0.0228508
v -0.06476627 0.1671728 0.02287749
v -0.06808805 0.1668762 0.02371797
v -0.07110435 0.166485 0.0253234
v -0.07363988 0.1660218 0.02760048
v -0.07554729 0.1655135 0.03041687
v -0.07575127 0.1637192 0.03363376
v -0.07608946 0.1632431 0.03679747
v -0.07565323 0.1628088 0.03995516
v -0.07446791 0.1624413 0.04292332
v -0.07260241 0.162162 0.04552945
v -0.07016513 0.1619871 0.0476221
v -0.06729773 0.1619269 0.04907963
v -0.06416685 0.1619848 0.04981735
v -0.06095444 0.1621574 0.04979239
v -0.0578472 0.1624348 0.04900619
v -0.0550257 0.1628008 0.04750444
v -0.05265392 0.1632341 0.04537443
v -0.05086971 0.1637095 0.04273994
v -0.04977676 0.1641995 0.03975407
v -0.04943857 0.1646755 0.03659036
v -0.04987481 0.1651099 0.03343267
v -0.05106013 0.1654774 0.03046451
v -0.05292563 0.1657567 0.02785837
v -0.0553629 0.1659315 0.02576574
v -0.0582303 0.1659918 0.0243082
v -0.06136118 0.1659339 0.02357048
v -0.06457359 0.1657612 0.02359544
v -0.06768084 0.1654838 0.02438165
v -0.07050233 0.1651179 0.02588339
v -0.07287411 0.1646846 0.0280134
v -0.07465832 0.1642091 0.0306479
v -0.0745858 0.1624523 0.03370599
v -0.0748954 0.1620165 0.0366023
v -0.07449604 0.1616189 0.03949308
v -0.07341091 0.1612824 0.04221036
v -0.07170309 0.1610267 0.04459621
v -0.06947183 0.1608667 0.04651197
v -0.0668468 0.1608115 0.04784631
v -0.06398055 0.1608645 0.04852167
v -0.06103966 0.1610226 0.04849882
v -0.05819506 0.1612765 0.04777907
v -0.05561205 0.1616116 0.04640426
v -0.05344075 0.1620082 0.04445428
v -0.05180735 0.1624435 0.04204248
v -0.05080677 0.162892 0.03930899
v -0.05049717 0.1633278 0.03641269
v -0.05089654 0.1637255 0.0335219
v -0.05198167 0.1640619 0.03080462
v -0.05368949 0.1643176 0.02841877
v -0.05592075 0.1644777 0.02650302
v -0.05854578 0.1645328 0.02516868
v -0.06141203 0.1644798 0.02449331
v -0.06435291 0.1643218 0.02451617
v -0.06719752 0.1640678 0.02523592
v -0.06978052 0.1637328 0.02661072
v -0.07195182 0.1633361 0.0285607
v -0.07358523 0.1629009 0.03097251
v -0.0731566 0.1611903 0.03384038
v -0.07343075 0.1608045 0.03640502
v -0.07307711 0.1604523 0.03896478
v -0.07211624 0.1601544 0.0413709
v -0.07060398 0.159928 0.04348354
v -0.06862822 0.1597863 0.04517993
v -0.06630379 0.1597375 0.04636147
v -0.06376576 0.1597844 0.0469595
v -0.06116164 0.1599243 0.04693926
v -0.05864277 0.1601492 0.04630193
v -0.05635554 0.1604459 0.04508455
v -0.05443288 0.1607971 0.04335787
v -0.05298652 0.1611825 0.04122224
v -0.05210052 0.1615797 0.03880176
v -0.05182637 0.1619656 0.03623712
v -0.05218001 0.1623177 0.03367736
v -0.05314087 0.1626156 0.03127124
v -0.05465313 0.1628421 0.0291586
v -0.05662889 0.1629838 0.02746221
v -0.05895333 0.1630326 0.02628067
v -0.06149136 0.1629857 0.02568264
v -0.06409548 0.1628457 0.02570288
v -0.06661434 0.1626209 0.02634021
v -0.06890157 0.1623242 0.02755759
v -0.07082424 0.1619729 0.02928427
v -0.07227059 0.1615875 0.0314199
v -0.07134182 0.1599355 0.0340656
v -0.07157047 0.1596136 0.03620466
v -0.07127552 0.1593199 0.03833965
v -0.0704741 0.1590715 0.0403465
v -0.06921279 0.1588826 0.04210856
v -0.0675649 0.1587644 0.04352344
v -0.06562618 0.1587237 0.04450892
v -0.06350932 0.1587628 0.04500771
v -0.06133733 0.1588796 0.04499083
v -0.05923645 0.1590671 0.04445926
v -0.05732877 0.1593146 0.0434439
v -0.05572516 0.1596075 0.04200374
v -0.05451881 0.159929 0.0402225
v -0.05377984 0.1602603 0.03820369
v -0.05355118 0.1605821 0.03606463
v -0.05384614 0.1608758 0.03392964
v -0.05464755 0.1611243 0.03192279
v -0.05590886 0.1613131 0.03016073
v -0.05755676 0.1614313 0.02874585
v -0.05949548 0.161472 0.02776038
v -0.06161234 0.1614329 0.02726159
v -0.06378432 0.1613162 0.02727846
v -0.06588521 0.1611286 0.02781003
v -0.06779289 0.1608812 0.0288254
v -0.0693965 0.1605882 0.03026555
v -0.07060284 0.1602668 0.03204679
v -0.06883024 0.1586935 0.03445502
v -0.06899525 0.1584613 0.03599875
v -0.06878239 0.1582493 0.03753955
v -0.06820402 0.15807 0.03898786
v -0.06729374 0.1579337 0.04025953
v -0.06610447 0.1578484 0.04128063
v -0.06470533 0.157819 0.04199183
v -0.06317761 0.1578472 0.0423518
v -0.06161011 0.1579315 0.04233962
v -0.06009394 0.1580668 0.041956
v -0.05871718 0.1582454 0.04122322
v -0.05755988 0.1584568 0.04018388
v -0.05668927 0.1586888 0.03889838
v -0.05615596 0.1589279 0.03744143
v -0.05599094 0.1591602 0.03589769
v -0.0562038 0.1593721 0.0343569
v -0.05678218 0.1595515 0.03290858
v -0.05769245 0.1596877 0.03163692
v -0.05888172 0.1597731 0.03061582
v -0.06028087 0.1598024 0.02990461
v -0.06180859 0.1597742 0.02954464
v -0.06337608 0.1596899 0.02955682
v -0.06489226 0.1595546 0.02994045
v -0.06626901 0.159376 0.03067322
v -0.06742632 0.1591646 0.03171257
v -0.06829692 0.1589326 0.03299807
v -0.06418634 0.1909896 0.0406088
v -0.06242537 0.1575236 0.0357618

vn -0.3531052 0.9326228 0.07437248
vn -0.358639 0.9216568 0.1480765
vn -0.3462035 0.9117373 0.2210843
vn -0.3165215 0.9034405 0.2891529
vn -0.271318 0.8972488 0.348326
vn -0.2132199 0.8935221 0.3951652
vn -0.1456039 0.8924769 0.4269481
vn -0.07239953 0.8941738 0.4418276
vn 0.002138914 0.8985143 0.438939
vn 0.07367961 0.9052462 0.4184502
vn 0.1380647 0.9139783 0.3815519
vn 0.1915524 0.9242029 0.3303885
vn 0.2310343 0.935326 0.2679335
vn 0.2542157 0.9467012 0.1978164
vn 0.2597494 0.9576672 0.1241123
vn 0.247314 0.9675868 0.05110452
vn 0.2176319 0.9758835 -0.01696393
vn 0.1724284 0.9820752 -0.07613716
vn 0.1143304 0.9858019 -0.1229763
vn 0.04671435 0.9868472 -0.1547592
vn -0.02649003 0.9851502 -0.1696387
vn -0.1010286 0.9808097 -0.1667501
vn -0.1725692 0.9740778 -0.1462613
vn -0.2369543 0.9653457 -0.1093631
vn -0.290442 0.955121 -0.05819958
vn -0.3299238 0.9439979 0.00425542
vn -0.5541233 0.8324043 0.007110006
vn -0.5661436 0.8138061 0.1311529
vn -0.5478382 0.7968805 0.2546659
vn -0.5002711 0.782611 0.370471
vn -0.4262068 0.771827 0.4718377
vn -0.3299496 0.7651551 0.5528752
vn -0.2170935 0.7629831 0.6088737
vn -0.0941976 0.7654372 0.6365789
vn 0.0315961 0.7723749 0.6343806
vn 0.152977 0.7833927 0.6024068
vn 0.2628907 0.7978507 0.5425152
vn 0.3549494 0.8149084 0.4581869
vn 0.4238031 0.8335744 0.3543226
vn 0.4654501 0.8527642 0.2369587
vn 0.4774704 0.8713622 0.1129157
vn 0.459165 0.8882878 -0.01059742
vn 0.411598 0.9025573 -0.1264024
vn 0.3375336 0.9133413 -0.227769
vn 0.2412764 0.9200132 -0.3088064
vn 0.1284205 0.9221852 -0.3648051
vn 0.005524483 0.9197311 -0.3925102
vn -0.1202694 0.9127935 -0.3903119
vn -0.2416501 0.9017755 -0.3583379
vn -0.3515638 0.8873176 -0.2984466
vn -0.4436226 0.87026 -0.2141183
vn -0.5124762 0.8515939 -0.110254
vn -0.658353 0.7520658 -0.03111888
vn -0.6735142 0.7294741 0.1193573
vn -0.65187 0.7088921 0.2693278
vn -0.5946779 0.6915163 0.4100775
vn -0.5052617 0.6783563 0.5334259
vn -0.3888181 0.6701771 0.632205
vn -0.2521144 0.6674538 0.7006739
vn -0.1030953 0.6703448 0.7348532
vn 0.04957885 0.6786822 0.7327567
vn 0.1970351 0.6919812 0.6945064
vn 0.3307039 0.7094691 0.6223251
vn 0.4428167 0.7301295 0.5204079
vn 0.5268582 0.7527618 0.3946775
vn 0.577944 0.7760504 0.2524411
vn 0.5931052 0.7986422 0.101965
vn 0.5714609 0.8192239 -0.04800579
vn 0.5142686 0.8365998 -0.1887553
vn 0.4248526 0.8497597 -0.3121037
vn 0.3084089 0.8579389 -0.4108827
vn 0.1717053 0.8606622 -0.4793516
vn 0.02268625 0.8577711 -0.513531
vn -0.129988 0.8494339 -0.5114344
vn -0.2774442 0.8361349 -0.4731841
vn -0.4111128 0.818647 -0.4010029
vn -0.5232257 0.7979866 -0.2990854
vn -0.6072672 0.7753544 -0.1733551
vn -0.736563 0.6734761 -0.06248814
vn -0.7540609 0.6478558 0.1080515
vn -0.7298362 0.6245027 0.2780928
vn -0.6652964 0.6047744 0.4377541
vn -0.5641928 0.5898173 0.577756
vn -0.4324003 0.580501 0.6899626
vn -0.2775792 0.5773667 0.7678525
vn -0.1087267 0.5805963 0.8068992
vn 0.06434419 0.5900025 0.8048335
vn 0.2315751 0.6050384 0.7617753
vn 0.3832472 0.6248304 0.6802269
vn 0.5105458 0.648228 0.5649278
vn 0.6060728 0.6738716 0.4225786
vn 0.6642768 0.7002707 0.2614524
vn 0.6817748 0.7258912 0.09091299
vn 0.6575499 0.7492442 -0.07912851
vn 0.5930101 0.7689724 -0.2387897
vn 0.4919064 0.7839292 -0.3787916
vn 0.3601142 0.7932455 -0.4909982
vn 0.205293 0.79638 -0.5688882
vn 0.03644051 0.7931502 -0.6079348
vn -0.1366305 0.7837442 -0.6058691
vn -0.3038613 0.7687083 -0.5628107
vn -0.4555334 0.7489163 -0.4812625
vn -0.582832 0.7255188 -0.3659635
vn -0.6783592 0.6998754 -0.2236142
vn -0.7982377 0.5956321 -0.08966053
vn -0.8175865 0.5675936 0.09690188
vn -0.7912858 0.542029 0.2829688
vn -0.7208646 0.5204237 0.4577263
vn -0.6104156 0.5040336 0.6110181
vn -0.4663571 0.4938112 0.7339357
vn -0.2970612 0.4903509 0.8193354
vn -0.1123675 0.4938536 0.8622542
vn 0.07699072 0.5041153 0.8601977
vn 0.2600085 0.5205402 0.8132856
vn 0.4260499 0.5421734 0.724244
vn 0.5654647 0.5677577 0.5982481
vn 0.6701509 0.5958066 0.4426197
vn 0.7340245 0.6246896 0.2664037
vn 0.7533732 0.6527283 0.07984141
vn 0.7270728 0.6782929 -0.1062255
vn 0.6566515 0.6998981 -0.280983
vn 0.5462024 0.7162879 -0.4342747
vn 0.4021439 0.7265102 -0.5571923
vn 0.2328483 0.7299706 -0.642592
vn 0.04815453 0.7264683 -0.6855108
vn -0.1412038 0.7162064 -0.6834543
vn -0.3242216 0.6997817 -0.6365422
vn -0.4902629 0.6781484 -0.5475007
vn -0.6296778 0.6525639 -0.4215048
vn -0.7343641 0.6245151 -0.2658764
vn -0.8476441 0.5182207 -0.1137837
vn -0.8684943 0.488216 0.08580697
vn -0.8405026 0.4608532 0.2849031
vn -0.7652956 0.4377226 0.4719337
vn -0.6472447 0.4201682 0.636029
vn -0.4932107 0.4092095 0.7676528
vn -0.3121447 0.4054843 0.8591555
vn -0.1145701 0.4092093 0.905219
vn 0.08803094 0.4201674 0.9031665
vn 0.283884 0.437722 0.8531175
vn 0.4616067 0.4608527 0.7579803
vn 0.6108705 0.4882154 0.623284
vn 0.7230008 0.5182199 0.4568567
vn 0.7914808 0.5491224 0.2683706
vn 0.8123308 0.5791268 0.06877988
vn 0.7843391 0.6064898 -0.1303164
vn 0.7091323 0.6296209 -0.3173468
vn 0.5910816 0.6471754 -0.4814421
vn 0.4370473 0.6581336 -0.613066
vn 0.2559814 0.6618586 -0.7045684
vn 0.0584068 0.6581339 -0.7506322
vn -0.1441944 0.6471758 -0.7485796
vn -0.3400473 0.6296213 -0.6985305
vn -0.5177701 0.6064904 -0.6033934
vn -0.6670339 0.5791277 -0.4686971
vn -0.7791641 0.5491232 -0.3022698
vn -0.8871701 0.4411046 -0.135484
vn -0.9092458 0.4094976 0.07472461
vn -0.8798779 0.3806691 0.2844397
vn -0.8007731 0.3562943 0.4814735
vn -0.6765288 0.3377903 0.654375
vn -0.5143654 0.3262321 0.7930958
vn -0.3237076 0.3222911 0.889574
vn -0.1156356 0.3261966 0.9382026
vn 0.09775828 0.3377216 0.9361557
vn 0.3040724 0.3561968 0.8835518
vn 0.4913165 0.380548 0.7834483
vn 0.6486085 0.4093598 0.6416632
vn 0.7668073 0.4409582 0.4664358
vn 0.8390435 0.4735067 0.2679501
vn 0.8611192 0.5051133 0.05774161
vn 0.8317513 0.5339417 -0.1519737
vn 0.7526464 0.5583163 -0.3490074
vn 0.6284021 0.5768206 -0.5219088
vn 0.4662388 0.588379 -0.6606296
vn 0.275581 0.59232 -0.7571077
vn 0.06750903 0.5884143 -0.8057364
vn -0.145885 0.576889 -0.8036894
vn -0.352199 0.558414 -0.7510857
vn -0.5394431 0.534063 -0.6509821
vn -0.6967351 0.505251 -0.509197
vn -0.814934 0.4736528 -0.3339697
vn -0.9183031 0.3642105 -0.1551456
vn -0.9413736 0.33131 0.06363397
vn -0.9109002 0.3012982 0.2819224
vn -0.8286537 0.2759191 0.4870337
vn -0.6994141 0.2566472 0.6670473
vn -0.5306923 0.2446034 0.8115016
vn -0.3322935 0.2404877 0.9120015
vn -0.1157485 0.2445385 0.9627062
vn 0.1063583 0.2565209 0.960669
vn 0.3211188 0.275738 0.9060084
vn 0.516052 0.3010738 0.8019009
vn 0.6798289 0.3310553 0.6543968
vn 0.8029314 0.3639398 0.4720687
vn 0.8782054 0.3978171 0.2655125
vn 0.9012759 0.4307177 0.04673303
vn 0.8708024 0.4607297 -0.1715554
vn 0.788556 0.4861088 -0.3766666
vn 0.6593163 0.5053802 -0.5566801
vn 0.4905944 0.5174237 -0.7011346
vn 0.2921959 0.5215398 -0.8016344
vn 0.07565076 0.5174892 -0.852339
vn -0.1464562 0.5055069 -0.8503019
vn -0.3612165 0.4862896 -0.7956414
vn -0.5561498 0.460954 -0.6915337
vn -0.7199266 0.4309727 -0.5440297
vn -0.8430291 0.3980875 -0.3617018
vn -0.9420245 0.2874955 -0.1730202
vn -0.9658891 0.2535736 0.05252342
vn -0.9345516 0.222627 0.2775798
vn -0.8498333 0.1964539 0.4890698
vn -0.716658 0.1765758 0.6747017
vn -0.5427651 0.1641479 0.8236877
vn -0.3382605 0.1598923 0.9273696
vn -0.1150296 0.1640563 0.9797212
vn 0.1139544 0.1763981 0.9777004
vn 0.3353839 0.1962005 0.9214244
vn 0.5363899 0.2223123 0.8141641
vn 0.7052912 0.2532161 0.6621525
vn 0.8322713 0.2871162 0.4742244
vn 0.9099509 0.3220418 0.2613015
vn 0.9338154 0.3559638 0.0357579
vn 0.9024778 0.3869106 -0.1892985
vn 0.8177596 0.4130836 -0.4007883
vn 0.6845841 0.4329617 -0.5864202
vn 0.5106912 0.4453897 -0.7354065
vn 0.3061867 0.4496452 -0.8390881
vn 0.08295589 0.445481 -0.8914399
vn -0.1460283 0.4331392 -0.889419
vn -0.3674575 0.4133372 -0.833143
vn -0.5684639 0.3872252 -0.7258826
vn -0.7373648 0.3563215 -0.5738711
vn -0.864345 0.3224216 -0.385943
vn -0.9590002 0.2109328 -0.1892775
vn -0.9834774 0.1762371 0.04138573
vn -0.9514973 0.1445817 0.2715676
vn -0.8649185 0.1178066 0.4878909
vn -0.7287729 0.09746794 0.6777831
vn -0.5509726 0.0847475 0.830209
vn -0.3418507 0.08038441 0.93631
vn -0.1135605 0.08463261 0.9899198
vn 0.1206303 0.0972448 0.987923
vn 0.3471116 0.117488 0.9304354
vn 0.5527213 0.1441864 0.8207981
vn 0.7255099 0.1757879 0.6653827
vn 0.8554354 0.2104559 0.4732213
vn 0.9349473 0.2461758 0.255482
vn 0.9594244 0.2808716 0.02481882
vn 0.9274443 0.3125267 -0.2053632
vn 0.8408656 0.3393016 -0.4216864
vn 0.7047201 0.3596404 -0.6115786
vn 0.5269195 0.3723611 -0.7640046
vn 0.3177978 0.3767241 -0.8701055
vn 0.08950759 0.3724763 -0.9237152
vn -0.1446833 0.3598639 -0.9217183
vn -0.3711646 0.3396204 -0.8642309
vn -0.5767742 0.312922 -0.7545935
vn -0.7495627 0.2813205 -0.5991781
vn -0.8794883 0.2466526 -0.4070169
vn -0.9696799 0.1345046 -0.2040329
vn -0.9946021 0.0992659 0.03021559
vn -0.9621875 0.06711324 0.2639906
vn -0.8743199 0.0399147 0.483706
vn -0.736106 0.01925103 0.6765924
vn -0.5555785 0.006323227 0.8314401
vn -0.3432283 0.001882595 0.9392501
vn -0.1113972 0.00618705 0.9937567
vn 0.126442 0.01898687 0.9917923
vn 0.3564671 0.03953768 0.933471
vn 0.5653097 0.06664502 0.8221821
vn 0.7408326 0.09873398 0.6643934
vn 0.8728351 0.1339397 0.4692751
vn 0.9536456 0.1702159 0.2481664
vn 0.9785678 0.2054541 0.013918
vn 0.9461531 0.237607 -0.2198571
vn 0.8582855 0.2648056 -0.4395724
vn 0.7200718 0.285469 -0.6324587
vn 0.5395441 0.298397 -0.7873065
vn 0.3271941 0.3028376 -0.8951164
vn 0.09536294 0.2985331 -0.9496231
vn -0.1424765 0.2857336 -0.9476585
vn -0.3725015 0.2651829 -0.8893372
vn -0.5813441 0.2380752 -0.7780483
vn -0.7568669 0.2059861 -0.6202599
vn -0.8888693 0.1707806 -0.4251414
vn -0.9743545 0.0581972 -0.2173621
vn -0.999563 0.0226364 0.01900853
vn -0.9669135 -0.009813079 0.2549155
vn -0.8783034 -0.03726484 0.4766492
vn -0.7388825 -0.05812345 0.6713229
vn -0.5567535 -0.07117742 0.8276227
vn -0.3425007 -0.0756676 0.9364656
vn -0.1085762 -0.07133299 0.9915255
vn 0.1314254 -0.05842578 0.9896028
vn 0.3635562 -0.03769593 0.9308093
vn 0.5743256 -0.01034806 0.8185615
vn 0.7514841 0.02202829 0.6593834
vn 0.8847362 0.0575516 0.4625252
vn 0.9663377 0.0941575 0.239428
vn 0.9915461 0.1297184 0.003057433
vn 0.9588966 0.1621673 -0.2328497
vn 0.8702865 0.1896192 -0.4545833
vn 0.7308656 0.2104785 -0.6492567
vn 0.5487365 0.2235323 -0.8055567
vn 0.3344839 0.2280224 -0.9143994
vn 0.1005594 0.2236878 -0.9694595
vn -0.1394425 0.2107804 -0.9675368
vn -0.371573 0.1900503 -0.9087433
vn -0.5823424 0.1627025 -0.7964956
vn -0.7595009 0.1303263 -0.6373174
vn -0.8927531 0.09480288 -0.4404594
vn -0.9731871 -0.01799721 -0.2293095
vn -0.9985288 -0.0536663 0.007759936
vn -0.9658394 -0.08621629 0.2443783
vn -0.8770191 -0.113756 0.4667945
vn -0.7372298 -0.1346847 0.6620819
vn -0.5545952 -0.1477857 0.8188917
vn -0.3397294 -0.1522978 0.9281105
vn -0.10512 -0.1479592 0.983391
vn 0.1355987 -0.1350217 0.9815203
vn 0.3684368 -0.1142372 0.9226072
vn 0.5798629 -0.08681379 0.8100755
vn 0.7575892 -0.05434503 0.6504653
vn 0.8912874 -0.01871773 0.4530523
vn 0.9731872 0.01799723 0.2293094
vn 0.9985288 0.05366622 -0.00775998
vn 0.9658394 0.08621653 -0.2443784
vn 0.8770191 0.1137559 -0.4667944
vn 0.7372298 0.1346844 -0.662082
vn 0.5545951 0.1477855 -0.8188918
vn 0.3397295 0.1522978 -0.9281105
vn 0.10512 0.1479594 -0.983391
vn -0.1355988 0.1350218 -0.9815203
vn -0.3684369 0.1142373 -0.9226072
vn -0.5798629 0.08681373 -0.8100755
vn -0.7575892 0.05434481 -0.6504653
vn -0.8912873 0.01871783 -0.4530523
vn -0.9662296 -0.09408454 -0.2398926
vn -0.9915536 -0.1296495 -0.00353486
vn -0.9590191 -0.1621069 0.232387
vn -0.8705169 -0.1895704 0.4541622
vn -0.7311906 -0.2104437 0.6489021
vn -0.5491372 -0.2235143 0.8052886
vn -0.3349368 -0.2280223 0.9142337
vn -0.1010384 -0.2237053 0.9694056
vn 0.1389651 -0.2108145 0.9675981
vn 0.3711253 -0.1900991 0.9089161
vn 0.5819502 -0.1627628 0.7967698
vn 0.7591871 -0.1303946 0.6376772
vn 0.8925358 -0.09487594 0.4408837
vn 0.9742464 -0.05827014 0.2178264
vn 0.9995704 -0.022705 -0.01853119
vn 0.9670359 0.009752334 -0.2544531
vn 0.8785338 0.03721583 -0.4762284
vn 0.7392074 0.05808913 -0.6709679
vn 0.5571539 0.07115972 -0.8273547
vn 0.3429537 0.07566736 -0.9362998
vn 0.1090553 0.07135034 -0.9914716
vn -0.1309483 0.05845977 -0.9896641
vn -0.3631085 0.03774453 -0.9309821
vn -0.5739334 0.01040844 -0.8188359
vn -0.7511702 -0.02195952 -0.6597431
vn -0.8845189 -0.05747883 -0.4629498
vn -0.9534274 -0.1700687 -0.2491039
vn -0.9785827 -0.2053155 -0.0148814
vn -0.9464003 -0.2374847 0.2189233
vn -0.8587506 -0.264707 0.4387228
vn -0.7207275 -0.2854002 0.6317424
vn -0.5403526 -0.298361 0.7867653
vn -0.3281082 -0.302837 0.8947819
vn -0.09632958 -0.2985682 0.9495144
vn 0.1415133 -0.2858023 0.9477822
vn 0.3715978 -0.265281 0.8896859
vn 0.5805525 -0.238197 0.7786019
vn 0.7562335 -0.2061246 0.6209858
vn 0.888431 -0.1709275 0.4259979
vn 0.9694618 -0.1346518 0.20497
vn 0.9946169 -0.09940477 -0.0292523
vn 0.9624346 -0.06723538 -0.2630572
vn 0.8747849 -0.04001309 -0.4828564
vn 0.7367618 -0.01932028 -0.6758763
vn 0.5563868 -0.006359392 -0.8308991
vn 0.3441426 -0.00188284 -0.9389155
vn 0.1123639 -0.006151974 -0.9936481
vn -0.125479 -0.01891829 -0.9919159
vn -0.3555637 -0.03943934 -0.9338196
vn -0.5645183 -0.06652316 -0.8227355
vn -0.7401991 -0.0985956 -0.6651196
vn -0.8723966 -0.1337924 -0.4701315
vn -0.9346149 -0.2459517 -0.2569101
vn -0.9594472 -0.2806603 -0.02628677
vn -0.9278209 -0.3123406 0.2039405
vn -0.841574 -0.3391516 0.4203919
vn -0.7057191 -0.3595353 0.6104875
vn -0.5281515 -0.372307 0.7631798
vn -0.3191905 -0.376724 0.8695956
vn -0.09098055 -0.3725298 0.9235498
vn 0.1432158 -0.3599684 0.9219068
vn 0.3697878 -0.3397698 0.864762
vn 0.5755682 -0.3131078 0.7554367
vn 0.7485977 -0.2815317 0.6002844
vn 0.8788203 -0.246877 0.4083218
vn 0.9586679 -0.2111572 0.1907053
vn 0.9835001 -0.1764485 -0.0399179
vn 0.9518738 -0.1447681 -0.2701453
vn 0.8656271 -0.117957 -0.4865963
vn 0.7297721 -0.09757303 -0.6766922
vn 0.5522044 -0.08480199 -0.8293847
vn 0.3432435 -0.08038518 -0.9358002
vn 0.1150335 -0.08457898 -0.9897543
vn -0.119163 -0.09714034 -0.9881113
vn -0.3457349 -0.1173391 -0.9309667
vn -0.5515154 -0.144001 -0.8216413
vn -0.7245447 -0.175577 -0.6664891
vn -0.8547672 -0.210232 -0.4745265
vn -0.9094976 -0.3217359 -0.2632491
vn -0.9338464 -0.3556758 -0.03776002
vn -0.9029914 -0.3866568 0.1873583
vn -0.8187258 -0.4128787 0.399023
vn -0.6859469 -0.4328175 0.5849323
vn -0.5123713 -0.4453149 0.7342821
vn -0.3080865 -0.4496445 0.8383929
vn -0.08496477 -0.4455542 0.891214
vn 0.1440267 -0.433282 0.8896759
vn 0.3655799 -0.4135408 0.8338676
vn 0.566819 -0.3874784 0.7270328
vn 0.7360486 -0.3566092 0.57538
vn 0.8634338 -0.3227272 0.387723
vn 0.9415714 -0.2878015 0.1749675
vn 0.96592 -0.2538621 -0.05052147
vn 0.9350651 -0.222881 -0.2756399
vn 0.8507996 -0.196659 -0.4873043
vn 0.7180206 -0.1767201 -0.6732135
vn 0.5444448 -0.1642223 -0.8225635
vn 0.3401601 -0.159893 -0.9266743
vn 0.1170386 -0.1639836 -0.9794955
vn -0.1119531 -0.1762558 -0.9779572
vn -0.3335062 -0.1959967 -0.9221491
vn -0.5347452 -0.2220592 -0.8153142
vn -0.7039749 -0.2529284 -0.6636615
vn -0.83136 -0.2868102 -0.4760045
vn -0.877621 -0.3974228 -0.2680233
vn -0.9013161 -0.4303458 -0.04931381
vn -0.8714645 -0.4604023 0.1690543
vn -0.7898015 -0.4858448 0.3743908
vn -0.6610729 -0.5051947 0.5547619
vn -0.4927602 -0.5173279 0.6996851
vn -0.2946447 -0.5215391 0.8007382
vn -0.07824051 -0.5175833 0.8520482
vn 0.143876 -0.5056903 0.8506333
vn 0.3587961 -0.4865522 0.7965753
vn 0.5540295 -0.4612805 0.6930164
vn 0.7182298 -0.4313438 0.5459748
vn 0.8418545 -0.3984819 0.3639961
vn 0.9177188 -0.3646048 0.1576562
vn 0.9414138 -0.3316813 -0.06105331
vn 0.9115621 -0.3016256 -0.2794216
vn 0.8298992 -0.276183 -0.484758
vn 0.7011707 -0.2568327 -0.6651289
vn 0.5328578 -0.2446999 -0.8100522
vn 0.3347425 -0.2404889 -0.9111052
vn 0.1183382 -0.2444443 -0.9624152
vn -0.1037785 -0.2563369 -0.9610003
vn -0.3186984 -0.2754755 -0.9069424
vn -0.5139318 -0.3007475 -0.8033835
vn -0.6781321 -0.3306842 -0.656342
vn -0.8017567 -0.363546 -0.4743632
vn -0.8383132 -0.4730144 -0.2710872
vn -0.8611689 -0.5046495 -0.06096627
vn -0.8325782 -0.5335331 0.1488487
vn -0.7542024 -0.5579869 0.3461637
vn -0.6305967 -0.5765893 0.5195118
vn -0.4689446 -0.5882595 0.6588185
vn -0.2786405 -0.5923191 0.7559878
vn -0.07074469 -0.5885324 0.8053724
vn 0.1426612 -0.5771191 0.8041028
vn 0.3491749 -0.5587425 0.7522525
vn 0.5367939 -0.5344711 0.6528345
vn 0.6946151 -0.505715 0.511627
vn 0.8134661 -0.4741457 0.3368363
vn 0.88644 -0.4415977 0.1386208
vn 0.9092957 -0.4099622 -0.07150015
vn 0.8807049 -0.3810783 -0.2813153
vn 0.8023291 -0.3566249 -0.47863
vn 0.6787235 -0.3380223 -0.6519781
vn 0.5170711 -0.326352 -0.7912849
vn 0.3267672 -0.3222924 -0.8884542
vn 0.1188714 -0.3260796 -0.9378389
vn -0.09453478 -0.3374928 -0.9365692
vn -0.3010482 -0.3558689 -0.8847187
vn -0.4886673 -0.3801405 -0.7853009
vn -0.6464883 -0.4088967 -0.6440934
vn -0.7653396 -0.4404661 -0.4693027
vn -0.7905833 -0.5485164 -0.2722274
vn -0.8123924 -0.5785559 -0.0727445
vn -0.7853562 -0.6059867 0.1264743
vn -0.7110459 -0.6292149 0.3138508
vn -0.5937802 -0.6468905 0.4784952
vn -0.4403743 -0.6579859 0.6108396
vn -0.2597433 -0.6618568 0.703192
vn -0.06238507 -0.6582781 0.7501853
vn 0.1402308 -0.647458 0.7490885
vn 0.336329 -0.6300247 0.6999655
vn 0.514513 -0.6069918 0.605671
vn 0.6644273 -0.5796975 0.4716853
vn 0.7773598 -0.5497285 0.3057947
vn 0.8467467 -0.5188265 0.1176406
vn 0.8685557 -0.488787 -0.08184242
vn 0.8415194 -0.4613561 -0.2810615
vn 0.7672092 -0.4381278 -0.4684378
vn 0.6499436 -0.4204524 -0.6330822
vn 0.4965375 -0.4093569 -0.7654263
vn 0.3159066 -0.4054856 -0.8577787
vn 0.1185484 -0.4090643 -0.9047722
vn -0.08406753 -0.4198851 -0.9036754
vn -0.2801658 -0.4373184 -0.8545524
vn -0.4583497 -0.4603513 -0.760258
vn -0.608264 -0.4876453 -0.6262723
vn -0.7211964 -0.5176143 -0.4603816
vn -0.7329261 -0.6239482 -0.2711236
vn -0.7534485 -0.6520294 -0.08469303
vn -0.7283173 -0.6776775 0.1015237
vn -0.658993 -0.6994017 0.2767047
vn -0.5495047 -0.7159395 0.4306684
vn -0.4062151 -0.7263299 0.5544674
vn -0.2374518 -0.729969 0.6409072
vn -0.05302291 -0.7266452 0.6849638
vn 0.1363534 -0.7165518 0.684077
vn 0.3196714 -0.7002754 0.6382983
vn 0.4862772 -0.6787617 0.550288
vn 0.6264881 -0.6532614 0.4251613
vn 0.7321558 -0.6252562 0.2701898
vn 0.7971391 -0.5963737 0.09438015
vn 0.8176615 -0.5682926 -0.09205036
vn 0.7925304 -0.5426444 -0.2782674
vn 0.7232062 -0.5209202 -0.453448
vn 0.6137177 -0.5043824 -0.6074117
vn 0.4704281 -0.4939919 -0.7312109
vn 0.3016649 -0.490353 -0.8176504
vn 0.117236 -0.4936767 -0.8617071
vn -0.07214056 -0.50377 -0.8608203
vn -0.2554584 -0.5200464 -0.8150416
vn -0.4220642 -0.5415599 -0.7270314
vn -0.562275 -0.5670605 -0.6019047
vn -0.6679428 -0.5950656 -0.4469332
vn -0.6629229 -0.6993571 -0.2672692
vn -0.6818674 -0.7250301 -0.09689247
vn -0.6590837 -0.7484857 0.07333393
vn -0.5958959 -0.7683606 0.233517
vn -0.4959762 -0.7834997 0.374347
vn -0.3651319 -0.7930233 0.4876399
vn -0.2109666 -0.7963779 0.5668116
vn -0.04244052 -0.7933685 0.6072605
vn 0.1306526 -0.78417 0.6066362
vn 0.2982533 -0.7693169 0.5649748
vn 0.4506212 -0.7496725 0.4846976
vn 0.5789009 -0.7263784 0.37047
vn 0.6756377 -0.7007886 0.2289304
vn 0.7352093 -0.67439 0.06830465
vn 0.7541535 -0.648717 -0.102072
vn 0.7313698 -0.6252613 -0.2722985
vn 0.6681821 -0.6053863 -0.4324814
vn 0.5682625 -0.590247 -0.5733116
vn 0.437418 -0.5807235 -0.6866044
vn 0.2832529 -0.5773689 -0.765776
vn 0.1147268 -0.5803785 -0.806225
vn -0.05836657 -0.589577 -0.8056006
vn -0.2259671 -0.60443 -0.7639392
vn -0.3783349 -0.6240745 -0.6836621
vn -0.5066147 -0.6473684 -0.5694345
vn -0.6033513 -0.6729585 -0.4278949
vn -0.5762354 -0.7748968 -0.2597839
vn -0.5932226 -0.797555 -0.1095131
vn -0.5733973 -0.8182663 0.04069117
vn -0.5179117 -0.8358273 0.1820996
vn -0.4299904 -0.8492173 0.3064936
vn -0.3147431 -0.8576581 0.4066438
vn -0.1788675 -0.8606592 0.4767305
vn -0.03026031 -0.8580462 0.5126801
vn 0.1224421 -0.849971 0.5124033
vn 0.270365 -0.8369029 0.4759163
vn 0.4049121 -0.8196012 0.4053394
vn 0.5182635 -0.7990715 0.3047746
vn 0.603832 -0.776507 0.1800661
vn 0.6566445 -0.7532188 0.03846162
vn 0.6736317 -0.7305608 -0.1118092
vn 0.6538063 -0.7098494 -0.2620135
vn 0.5983207 -0.6922884 -0.4034217
vn 0.5103996 -0.6788983 -0.5278157
vn 0.3951521 -0.6704575 -0.6279662
vn 0.2592766 -0.6674564 -0.6980528
vn 0.1106694 -0.6700693 -0.7340023
vn -0.04203312 -0.6781445 -0.7337255
vn -0.1899562 -0.6912128 -0.6972386
vn -0.3245029 -0.7085146 -0.6266617
vn -0.4378546 -0.7290442 -0.5260969
vn -0.523423 -0.7516088 -0.4013884
vn -0.463158 -0.8512167 -0.2468092
vn -0.4776276 -0.8699038 -0.1230415
vn -0.4617626 -0.8870032 0.0007847585
vn -0.4164849 -0.9015211 0.1174734
vn -0.344426 -0.9126137 0.2202426
vn -0.2497738 -0.9196366 0.30312
vn -0.1380287 -0.9221813 0.3612888
vn -0.01568534 -0.9201002 0.3913687
vn 0.1101463 -0.9135143 0.3916114
vn 0.2321533 -0.9028059 0.3620032
vn 0.3432452 -0.8885978 0.3042642
vn 0.4369656 -0.8717155 0.2217503
vn 0.5078676 -0.8531403 0.119257
vn 0.5518311 -0.8339514 0.002740621
vn 0.5663008 -0.8152643 -0.1210272
vn 0.5504358 -0.7981649 -0.2448535
vn 0.5051581 -0.7836469 -0.3615421
vn 0.4330992 -0.7725543 -0.4643112
vn 0.3384468 -0.7655315 -0.5471885
vn 0.2267018 -0.7629867 -0.6053575
vn 0.1043585 -0.7650678 -0.6354374
vn -0.02147321 -0.7716538 -0.6356801
vn -0.1434803 -0.7823622 -0.6060717
vn -0.2545721 -0.7965703 -0.5483328
vn -0.3482924 -0.8134526 -0.465819
vn -0.4191945 -0.8320279 -0.3633256
vn -0.2498787 -0.9437739 -0.216452
vn -0.2600465 -0.9549083 -0.1432686
vn -0.2522279 -0.9651567 -0.06966826
vn -0.226877 -0.9739234 7.166308E-05
vn -0.1854674 -0.9806989 0.06189809
vn -0.1304056 -0.9850897 0.1122178
vn -0.06489141 -0.9868402 0.1481067
vn 0.00726747 -0.9858489 0.1674788
vn 0.08187755 -0.9821734 0.1692082
vn 0.1546028 -0.9760273 0.1531946
vn 0.2212166 -0.9677678 0.1203686
vn 0.2778478 -0.9578749 0.07263789
vn 0.3212048 -0.9469235 0.01277641
vn 0.3487683 -0.9355502 -0.05573691
vn 0.358936 -0.9244158 -0.1289203
vn 0.3511175 -0.9141673 -0.2025208
vn 0.3257666 -0.9054006 -0.2722606
vn 0.284357 -0.8986251 -0.334087
vn 0.2292951 -0.8942345 -0.3844067
vn 0.163781 -0.8924839 -0.4202955
vn 0.09162211 -0.8934751 -0.4396676
vn 0.01701199 -0.8971506 -0.4413971
vn -0.05571328 -0.9032967 -0.4253835
vn -0.1223271 -0.9115562 -0.3925575
vn -0.1789581 -0.9214491 -0.3448268
vn -0.2223153 -0.9324005 -0.2849653
vn -0.05200592 0.9883346 0.1431439
vn 0.05200592 -0.9883346 -0.1431438

vt 0.3947911 0
vt 0.3947911 0.241661
vt 0.3947911 0.483322
vt 0.3947911 0.7249829
vt 0.3947911 0.9666439
vt 0.3947911 1.208305
vt 0.3947911 1.449966
vt 0.3947911 1.691627
vt 0.3947911 1.933288
vt 0.3947911 2.174949
vt 0.3947911 2.41661
vt 0.3947911 2.658271
vt 0.3947911 2.899932
vt 0.3947911 3.141593
vt 0.3947911 3.383254
vt 0.3947911 3.624915
vt 0.3947911 3.866576
vt 0.3947911 4.108237
vt 0.3947911 4.349897
vt 0.3947911 4.591558
vt 0.3947911 4.83322
vt 0.3947911 5.074881
vt 0.3947911 5.316542
vt 0.3947911 5.558202
vt 0.3947911 5.799863
vt 0.3947911 6.041524
vt 0.5620698 0
vt 0.5620698 0.241661
vt 0.5620698 0.483322
vt 0.5620698 0.7249829
vt 0.5620698 0.9666439
vt 0.5620698 1.208305
vt 0.5620698 1.449966
vt 0.5620698 1.691627
vt 0.5620698 1.933288
vt 0.5620698 2.174949
vt 0.5620698 2.41661
vt 0.5620698 2.658271
vt 0.5620698 2.899932
vt 0.5620698 3.141593
vt 0.5620698 3.383254
vt 0.5620698 3.624915
vt 0.5620698 3.866576
vt 0.5620698 4.108237
vt 0.5620698 4.349897
vt 0.5620698 4.591558
vt 0.5620698 4.83322
vt 0.5620698 5.074881
vt 0.5620698 5.316542
vt 0.5620698 5.558202
vt 0.5620698 5.799863
vt 0.5620698 6.041524
vt 0.6931599 0
vt 0.6931599 0.241661
vt 0.6931599 0.483322
vt 0.6931599 0.7249829
vt 0.6931599 0.9666439
vt 0.6931599 1.208305
vt 0.6931599 1.449966
vt 0.6931599 1.691627
vt 0.6931599 1.933288
vt 0.6931599 2.174949
vt 0.6931599 2.41661
vt 0.6931599 2.658271
vt 0.6931599 2.899932
vt 0.6931599 3.141593
vt 0.6931599 3.383254
vt 0.6931599 3.624915
vt 0.6931599 3.866576
vt 0.6931599 4.108237
vt 0.6931599 4.349897
vt 0.6931599 4.591558
vt 0.6931599 4.83322
vt 0.6931599 5.074881
vt 0.6931599 5.316542
vt 0.6931599 5.558202
vt 0.6931599 5.799863
vt 0.6931599 6.041524
vt 0.8061141 0
vt 0.8061141 0.241661
vt 0.8061141 0.483322
vt 0.8061141 0.7249829
vt 0.8061141 0.9666439
vt 0.8061141 1.208305
vt 0.8061141 1.449966
vt 0.8061141 1.691627
vt 0.8061141 1.933288
vt 0.8061141 2.174949
vt 0.8061141 2.41661
vt 0.8061141 2.658271
vt 0.8061141 2.899932
vt 0.8061141 3.141593
vt 0.8061141 3.383254
vt 0.8061141 3.624915
vt 0.8061141 3.866576
vt 0.8061141 4.108237
vt 0.8061141 4.349897
vt 0.8061141 4.591558
vt 0.8061141 4.83322
vt 0.8061141 5.074881
vt 0.8061141 5.316542
vt 0.8061141 5.558202
vt 0.8061141 5.799863
vt 0.8061141 6.041524
vt 0.9079226 0
vt 0.9079226 0.241661
vt 0.9079226 0.483322
vt 0.9079226 0.7249829
vt 0.9079226 0.9666439
vt 0.9079226 1.208305
vt 0.9079226 1.449966
vt 0.9079226 1.691627
vt 0.9079226 1.933288
vt 0.9079226 2.174949
vt 0.9079226 2.41661
vt 0.9079226 2.658271
vt 0.9079226 2.899932
vt 0.9079226 3.141593
vt 0.9079226 3.383254
vt 0.9079226 3.624915
vt 0.9079226 3.866576
vt 0.9079226 4.108237
vt 0.9079226 4.349897
vt 0.9079226 4.591558
vt 0.9079226 4.83322
vt 0.9079226 5.074881
vt 0.9079226 5.316542
vt 0.9079226 5.558202
vt 0.9079226 5.799863
vt 0.9079226 6.041524
vt 1.002186 0
vt 1.002186 0.241661
vt 1.002186 0.483322
vt 1.002186 0.7249829
vt 1.002186 0.9666439
vt 1.002186 1.208305
vt 1.002186 1.449966
vt 1.002186 1.691627
vt 1.002186 1.933288
vt 1.002186 2.174949
vt 1.002186 2.41661
vt 1.002186 2.658271
vt 1.002186 2.899932
vt 1.002186 3.141593
vt 1.002186 3.383254
vt 1.002186 3.624915
vt 1.002186 3.866576
vt 1.002186 4.108237
vt 1.002186 4.349897
vt 1.002186 4.591558
vt 1.002186 4.83322
vt 1.002186 5.074881
vt 1.002186 5.316542
vt 1.002186 5.558202
vt 1.002186 5.799863
vt 1.002186 6.041524
vt 1.091068 0
vt 1.091068 0.241661
vt 1.091068 0.483322
vt 1.091068 0.7249829
vt 1.091068 0.9666439
vt 1.091068 1.208305
vt 1.091068 1.449966
vt 1.091068 1.691627
vt 1.091068 1.933288
vt 1.091068 2.174949
vt 1.091068 2.41661
vt 1.091068 2.658271
vt 1.091068 2.899932
vt 1.091068 3.141593
vt 1.091068 3.383254
vt 1.091068 3.624915
vt 1.091068 3.866576
vt 1.091068 4.108237
vt 1.091068 4.349897
vt 1.091068 4.591558
vt 1.091068 4.83322
vt 1.091068 5.074881
vt 1.091068 5.316542
vt 1.091068 5.558202
vt 1.091068 5.799863
vt 1.091068 6.041524
vt 1.176005 0
vt 1.176005 0.241661
vt 1.176005 0.483322
vt 1.176005 0.7249829
vt 1.176005 0.9666439
vt 1.176005 1.208305
vt 1.176005 1.449966
vt 1.176005 1.691627
vt 1.176005 1.933288
vt 1.176005 2.174949
vt 1.176005 2.41661
vt 1.176005 2.658271
vt 1.176005 2.899932
vt 1.176005 3.141593
vt 1.176005 3.383254
vt 1.176005 3.624915
vt 1.176005 3.866576
vt 1.176005 4.108237
vt 1.176005 4.349897
vt 1.176005 4.591558
vt 1.176005 4.83322
vt 1.176005 5.074881
vt 1.176005 5.316542
vt 1.176005 5.558202
vt 1.176005 5.799863
vt 1.176005 6.041524
vt 1.25803 0
vt 1.25803 0.241661
vt 1.25803 0.483322
vt 1.25803 0.7249829
vt 1.25803 0.9666439
vt 1.25803 1.208305
vt 1.25803 1.449966
vt 1.25803 1.691627
vt 1.25803 1.933288
vt 1.25803 2.174949
vt 1.25803 2.41661
vt 1.25803 2.658271
vt 1.25803 2.899932
vt 1.25803 3.141593
vt 1.25803 3.383254
vt 1.25803 3.624915
vt 1.25803 3.866576
vt 1.25803 4.108237
vt 1.25803 4.349897
vt 1.25803 4.591558
vt 1.25803 4.83322
vt 1.25803 5.074881
vt 1.25803 5.316542
vt 1.25803 5.558202
vt 1.25803 5.799863
vt 1.25803 6.041524
vt 1.337928 0
vt 1.337928 0.241661
vt 1.337928 0.483322
vt 1.337928 0.7249829
vt 1.337928 0.9666439
vt 1.337928 1.208305
vt 1.337928 1.449966
vt 1.337928 1.691627
vt 1.337928 1.933288
vt 1.337928 2.174949
vt 1.337928 2.41661
vt 1.337928 2.658271
vt 1.337928 2.899932
vt 1.337928 3.141593
vt 1.337928 3.383254
vt 1.337928 3.624915
vt 1.337928 3.866576
vt 1.337928 4.108237
vt 1.337928 4.349897
vt 1.337928 4.591558
vt 1.337928 4.83322
vt 1.337928 5.074881
vt 1.337928 5.316542
vt 1.337928 5.558202
vt 1.337928 5.799863
vt 1.337928 6.041524
vt 1.416337 0
vt 1.416337 0.241661
vt 1.416337 0.483322
vt 1.416337 0.7249829
vt 1.416337 0.9666439
vt 1.416337 1.208305
vt 1.416337 1.449966
vt 1.416337 1.691627
vt 1.416337 1.933288
vt 1.416337 2.174949
vt 1.416337 2.41661
vt 1.416337 2.658271
vt 1.416337 2.899932
vt 1.416337 3.141593
vt 1.416337 3.383254
vt 1.416337 3.624915
vt 1.416337 3.866576
vt 1.416337 4.108237
vt 1.416337 4.349897
vt 1.416337 4.591558
vt 1.416337 4.83322
vt 1.416337 5.074881
vt 1.416337 5.316542
vt 1.416337 5.558202
vt 1.416337 5.799863
vt 1.416337 6.041524
vt 1.493797 0
vt 1.493797 0.241661
vt 1.493797 0.483322
vt 1.493797 0.7249829
vt 1.493797 0.9666439
vt 1.493797 1.208305
vt 1.493797 1.449966
vt 1.493797 1.691627
vt 1.493797 1.933288
vt 1.493797 2.174949
vt 1.493797 2.41661
vt 1.493797 2.658271
vt 1.493797 2.899932
vt 1.493797 3.141593
vt 1.493797 3.383254
vt 1.493797 3.624915
vt 1.493797 3.866576
vt 1.493797 4.108237
vt 1.493797 4.349897
vt 1.493797 4.591558
vt 1.493797 4.83322
vt 1.493797 5.074881
vt 1.493797 5.316542
vt 1.493797 5.558202
vt 1.493797 5.799863
vt 1.493797 6.041524
vt 1.570796 0
vt 1.570796 0.241661
vt 1.570796 0.483322
vt 1.570796 0.7249829
vt 1.570796 0.9666439
vt 1.570796 1.208305
vt 1.570796 1.449966
vt 1.570796 1.691627
vt 1.570796 1.933288
vt 1.570796 2.174949
vt 1.570796 2.41661
vt 1.570796 2.658271
vt 1.570796 2.899932
vt 1.570796 3.141593
vt 1.570796 3.383254
vt 1.570796 3.624915
vt 1.570796 3.866576
vt 1.570796 4.108237
vt 1.570796 4.349897
vt 1.570796 4.591558
vt 1.570796 4.83322
vt 1.570796 5.074881
vt 1.570796 5.316542
vt 1.570796 5.558202
vt 1.570796 5.799863
vt 1.570796 6.041524
vt 1.647796 0
vt 1.647796 0.241661
vt 1.647796 0.483322
vt 1.647796 0.7249829
vt 1.647796 0.9666439
vt 1.647796 1.208305
vt 1.647796 1.449966
vt 1.647796 1.691627
vt 1.647796 1.933288
vt 1.647796 2.174949
vt 1.647796 2.41661
vt 1.647796 2.658271
vt 1.647796 2.899932
vt 1.647796 3.141593
vt 1.647796 3.383254
vt 1.647796 3.624915
vt 1.647796 3.866576
vt 1.647796 4.108237
vt 1.647796 4.349897
vt 1.647796 4.591558
vt 1.647796 4.83322
vt 1.647796 5.074881
vt 1.647796 5.316542
vt 1.647796 5.558202
vt 1.647796 5.799863
vt 1.647796 6.041524
vt 1.725256 0
vt 1.725256 0.241661
vt 1.725256 0.483322
vt 1.725256 0.7249829
vt 1.725256 0.9666439
vt 1.725256 1.208305
vt 1.725256 1.449966
vt 1.725256 1.691627
vt 1.725256 1.933288
vt 1.725256 2.174949
vt 1.725256 2.41661
vt 1.725256 2.658271
vt 1.725256 2.899932
vt 1.725256 3.141593
vt 1.725256 3.383254
vt 1.725256 3.624915
vt 1.725256 3.866576
vt 1.725256 4.108237
vt 1.725256 4.349897
vt 1.725256 4.591558
vt 1.725256 4.83322
vt 1.725256 5.074881
vt 1.725256 5.316542
vt 1.725256 5.558202
vt 1.725256 5.799863
vt 1.725256 6.041524
vt 1.803665 0
vt 1.803665 0.241661
vt 1.803665 0.483322
vt 1.803665 0.7249829
vt 1.803665 0.9666439
vt 1.803665 1.208305
vt 1.803665 1.449966
vt 1.803665 1.691627
vt 1.803665 1.933288
vt 1.803665 2.174949
vt 1.803665 2.41661
vt 1.803665 2.658271
vt 1.803665 2.899932
vt 1.803665 3.141593
vt 1.803665 3.383254
vt 1.803665 3.624915
vt 1.803665 3.866576
vt 1.803665 4.108237
vt 1.803665 4.349897
vt 1.803665 4.591558
vt 1.803665 4.83322
vt 1.803665 5.074881
vt 1.803665 5.316542
vt 1.803665 5.558202
vt 1.803665 5.799863
vt 1.803665 6.041524
vt 1.883563 0
vt 1.883563 0.241661
vt 1.883563 0.483322
vt 1.883563 0.7249829
vt 1.883563 0.9666439
vt 1.883563 1.208305
vt 1.883563 1.449966
vt 1.883563 1.691627
vt 1.883563 1.933288
vt 1.883563 2.174949
vt 1.883563 2.41661
vt 1.883563 2.658271
vt 1.883563 2.899932
vt 1.883563 3.141593
vt 1.883563 3.383254
vt 1.883563 3.624915
vt 1.883563 3.866576
vt 1.883563 4.108237
vt 1.883563 4.349897
vt 1.883563 4.591558
vt 1.883563 4.83322
vt 1.883563 5.074881
vt 1.883563 5.316542
vt 1.883563 5.558202
vt 1.883563 5.799863
vt 1.883563 6.041524
vt 1.965587 0
vt 1.965587 0.241661
vt 1.965587 0.483322
vt 1.965587 0.7249829
vt 1.965587 0.9666439
vt 1.965587 1.208305
vt 1.965587 1.449966
vt 1.965587 1.691627
vt 1.965587 1.933288
vt 1.965587 2.174949
vt 1.965587 2.41661
vt 1.965587 2.658271
vt 1.965587 2.899932
vt 1.965587 3.141593
vt 1.965587 3.383254
vt 1.965587 3.624915
vt 1.965587 3.866576
vt 1.965587 4.108237
vt 1.965587 4.349897
vt 1.965587 4.591558
vt 1.965587 4.83322
vt 1.965587 5.074881
vt 1.965587 5.316542
vt 1.965587 5.558202
vt 1.965587 5.799863
vt 1.965587 6.041524
vt 2.050525 0
vt 2.050525 0.241661
vt 2.050525 0.483322
vt 2.050525 0.7249829
vt 2.050525 0.9666439
vt 2.050525 1.208305
vt 2.050525 1.449966
vt 2.050525 1.691627
vt 2.050525 1.933288
vt 2.050525 2.174949
vt 2.050525 2.41661
vt 2.050525 2.658271
vt 2.050525 2.899932
vt 2.050525 3.141593
vt 2.050525 3.383254
vt 2.050525 3.624915
vt 2.050525 3.866576
vt 2.050525 4.108237
vt 2.050525 4.349897
vt 2.050525 4.591558
vt 2.050525 4.83322
vt 2.050525 5.074881
vt 2.050525 5.316542
vt 2.050525 5.558202
vt 2.050525 5.799863
vt 2.050525 6.041524
vt 2.139407 0
vt 2.139407 0.241661
vt 2.139407 0.483322
vt 2.139407 0.7249829
vt 2.139407 0.9666439
vt 2.139407 1.208305
vt 2.139407 1.449966
vt 2.139407 1.691627
vt 2.139407 1.933288
vt 2.139407 2.174949
vt 2.139407 2.41661
vt 2.139407 2.658271
vt 2.139407 2.899932
vt 2.139407 3.141593
vt 2.139407 3.383254
vt 2.139407 3.624915
vt 2.139407 3.866576
vt 2.139407 4.108237
vt 2.139407 4.349897
vt 2.139407 4.591558
vt 2.139407 4.83322
vt 2.139407 5.074881
vt 2.139407 5.316542
vt 2.139407 5.558202
vt 2.139407 5.799863
vt 2.139407 6.041524
vt 2.23367 0
vt 2.23367 0.241661
vt 2.23367 0.483322
vt 2.23367 0.7249829
vt 2.23367 0.9666439
vt 2.23367 1.208305
vt 2.23367 1.449966
vt 2.23367 1.691627
vt 2.23367 1.933288
vt 2.23367 2.174949
vt 2.23367 2.41661
vt 2.23367 2.658271
vt 2.23367 2.899932
vt 2.23367 3.141593
vt 2.23367 3.383254
vt 2.23367 3.624915
vt 2.23367 3.866576
vt 2.23367 4.108237
vt 2.23367 4.349897
vt 2.23367 4.591558
vt 2.23367 4.83322
vt 2.23367 5.074881
vt 2.23367 5.316542
vt 2.23367 5.558202
vt 2.23367 5.799863
vt 2.23367 6.041524
vt 2.335479 0
vt 2.335479 0.241661
vt 2.335479 0.483322
vt 2.335479 0.7249829
vt 2.335479 0.9666439
vt 2.335479 1.208305
vt 2.335479 1.449966
vt 2.335479 1.691627
vt 2.335479 1.933288
vt 2.335479 2.174949
vt 2.335479 2.41661
vt 2.335479 2.658271
vt 2.335479 2.899932
vt 2.335479 3.141593
vt 2.335479 3.383254
vt 2.335479 3.624915
vt 2.335479 3.866576
vt 2.335479 4.108237
vt 2.335479 4.349897
vt 2.335479 4.591558
vt 2.335479 4.83322
vt 2.335479 5.074881
vt 2.335479 5.316542
vt 2.335479 5.558202
vt 2.335479 5.799863
vt 2.335479 6.041524
vt 2.448433 0
vt 2.448433 0.241661
vt 2.448433 0.483322
vt 2.448433 0.7249829
vt 2.448433 0.9666439
vt 2.448433 1.208305
vt 2.448433 1.449966
vt 2.448433 1.691627
vt 2.448433 1.933288
vt 2.448433 2.174949
vt 2.448433 2.41661
vt 2.448433 2.658271
vt 2.448433 2.899932
vt 2.448433 3.141593
vt 2.448433 3.383254
vt 2.448433 3.624915
vt 2.448433 3.866576
vt 2.448433 4.108237
vt 2.448433 4.349897
vt 2.448433 4.591558
vt 2.448433 4.83322
vt 2.448433 5.074881
vt 2.448433 5.316542
vt 2.448433 5.558202
vt 2.448433 5.799863
vt 2.448433 6.041524
vt 2.579523 0
vt 2.579523 0.241661
vt 2.579523 0.483322
vt 2.579523 0.7249829
vt 2.579523 0.9666439
vt 2.579523 1.208305
vt 2.579523 1.449966
vt 2.579523 1.691627
vt 2.579523 1.933288
vt 2.579523 2.174949
vt 2.579523 2.41661
vt 2.579523 2.658271
vt 2.579523 2.899932
vt 2.579523 3.141593
vt 2.579523 3.383254
vt 2.579523 3.624915
vt 2.579523 3.866576
vt 2.579523 4.108237
vt 2.579523 4.349897
vt 2.579523 4.591558
vt 2.579523 4.83322
vt 2.579523 5.074881
vt 2.579523 5.316542
vt 2.579523 5.558202
vt 2.579523 5.799863
vt 2.579523 6.041524
vt 2.746801 0
vt 2.746801 0.241661
vt 2.746801 0.483322
vt 2.746801 0.7249829
vt 2.746801 0.9666439
vt 2.746801 1.208305
vt 2.746801 1.449966
vt 2.746801 1.691627
vt 2.746801 1.933288
vt 2.746801 2.174949
vt 2.746801 2.41661
vt 2.746801 2.658271
vt 2.746801 2.899932
vt 2.746801 3.141593
vt 2.746801 3.383254
vt 2.746801 3.624915
vt 2.746801 3.866576
vt 2.746801 4.108237
vt 2.746801 4.349897
vt 2.746801 4.591558
vt 2.746801 4.83322
vt 2.746801 5.074881
vt 2.746801 5.316542
vt 2.746801 5.558202
vt 2.746801 5.799863
vt 2.746801 6.041524
vt 0 1
vt 0 0

usemap Cartoon_FFFFFF
usemtl Cartoon_FFFFFF
f 812/812/812 786/786/786 785/785/785 
f 811/811/811 812/812/812 785/785/785 
f 813/813/813 787/787/787 786/786/786 
f 812/812/812 813/813/813 786/786/786 
f 814/814/814 788/788/788 787/787/787 
f 813/813/813 814/814/814 787/787/787 
f 815/815/815 789/789/789 788/788/788 
f 814/814/814 815/815/815 788/788/788 
f 816/816/816 790/790/790 789/789/789 
f 815/815/815 816/816/816 789/789/789 
f 817/817/817 791/791/791 790/790/790 
f 816/816/816 817/817/817 790/790/790 
f 818/818/818 792/792/792 791/791/791 
f 817/817/817 818/818/818 791/791/791 
f 819/819/819 793/793/793 792/792/792 
f 818/818/818 819/819/819 792/792/792 
f 820/820/820 794/794/794 793/793/793 
f 819/819/819 820/820/820 793/793/793 
f 821/821/821 795/795/795 794/794/794 
f 820/820/820 821/821/821 794/794/794 
f 822/822/822 796/796/796 795/795/795 
f 821/821/821 822/822/822 795/795/795 
f 823/823/823 797/797/797 796/796/796 
f 822/822/822 823/823/823 796/796/796 
f 824/824/824 798/798/798 797/797/797 
f 823/823/823 824/824/824 797/797/797 
f 825/825/825 799/799/799 798/798/798 
f 824/824/824 825/825/825 798/798/798 
f 826/826/826 800/800/800 799/799/799 
f 825/825/825 826/826/826 799/799/799 
f 827/827/827 801/801/801 800/800/800 
f 826/826/826 827/827/827 800/800/800 
f 828/828/828 802/802/802 801/801/801 
f 827/827/827 828/828/828 801/801/801 
f 829/829/829 803/803/803 802/802/802 
f 828/828/828 829/829/829 802/802/802 
f 830/830/830 804/804/804 803/803/803 
f 829/829/829 830/830/830 803/803/803 
f 831/831/831 805/805/805 804/804/804 
f 830/830/830 831/831/831 804/804/804 
f 832/832/832 806/806/806 805/805/805 
f 831/831/831 832/832/832 805/805/805 
f 833/833/833 807/807/807 806/806/806 
f 832/832/832 833/833/833 806/806/806 
f 834/834/834 808/808/808 807/807/807 
f 833/833/833 834/834/834 807/807/807 
f 835/835/835 809/809/809 808/808/808 
f 834/834/834 835/835/835 808/808/808 
f 836/836/836 810/810/810 809/809/809 
f 835/835/835 836/836/836 809/809/809 
f 811/811/811 785/785/785 810/810/810 
f 836/836/836 811/811/811 810/810/810 
f 838/838/838 812/812/812 811/811/811 
f 837/837/837 838/838/838 811/811/811 
f 839/839/839 813/813/813 812/812/812 
f 838/838/838 839/839/839 812/812/812 
f 840/840/840 814/814/814 813/813/813 
f 839/839/839 840/840/840 813/813/813 
f 841/841/841 815/815/815 814/814/814 
f 840/840/840 841/841/841 814/814/814 
f 842/842/842 816/816/816 815/815/815 
f 841/841/841 842/842/842 815/815/815 
f 843/843/843 817/817/817 816/816/816 
f 842/842/842 843/843/843 816/816/816 
f 844/844/844 818/818/818 817/817/817 
f 843/843/843 844/844/844 817/817/817 
f 845/845/845 819/819/819 818/818/818 
f 844/844/844 845/845/845 818/818/818 
f 846/846/846 820/820/820 819/819/819 
f 845/845/845 846/846/846 819/819/819 
f 847/847/847 821/821/821 820/820/820 
f 846/846/846 847/847/847 820/820/820 
f 848/848/848 822/822/822 821/821/821 
f 847/847/847 848/848/848 821/821/821 
f 849/849/849 823/823/823 822/822/822 
f 848/848/848 849/849/849 822/822/822 
f 850/850/850 824/824/824 823/823/823 
f 849/849/849 850/850/850 823/823/823 
f 851/851/851 825/825/825 824/824/824 
f 850/850/850 851/851/851 824/824/824 
f 852/852/852 826/826/826 825/825/825 
f 851/851/851 852/852/852 825/825/825 
f 853/853/853 827/827/827 826/826/826 
f 852/852/852 853/853/853 826/826/826 
f 854/854/854 828/828/828 827/827/827 
f 853/853/853 854/854/854 827/827/827 
f 855/855/855 829/829/829 828/828/828 
f 854/854/854 855/855/855 828/828/828 
f 856/856/856 830/830/830 829/829/829 
f 855/855/855 856/856/856 829/829/829 
f 857/857/857 831/831/831 830/830/830 
f 856/856/856 857/857/857 830/830/830 
f 858/858/858 832/832/832 831/831/831 
f 857/857/857 858/858/858 831/831/831 
f 859/859/859 833/833/833 832/832/832 
f 858/858/858 859/859/859 832/832/832 
f 860/860/860 834/834/834 833/833/833 
f 859/859/859 860/860/860 833/833/833 
f 861/861/861 835/835/835 834/834/834 
f 860/860/860 861/861/861 834/834/834 
f 862/862/862 836/836/836 835/835/835 
f 861/861/861 862/862/862 835/835/835 
f 837/837/837 811/811/811 836/836/836 
f 862/862/862 837/837/837 836/836/836 
f 864/864/864 838/838/838 837/837/837 
f 863/863/863 864/864/864 837/837/837 
f 865/865/865 839/839/839 838/838/838 
f 864/864/864 865/865/865 838/838/838 
f 866/866/866 840/840/840 839/839/839 
f 865/865/865 866/866/866 839/839/839 
f 867/867/867 841/841/841 840/840/840 
f 866/866/866 867/867/867 840/840/840 
f 868/868/868 842/842/842 841/841/841 
f 867/867/867 868/868/868 841/841/841 
f 869/869/869 843/843/843 842/842/842 
f 868/868/868 869/869/869 842/842/842 
f 870/870/870 844/844/844 843/843/843 
f 869/869/869 870/870/870 843/843/843 
f 871/871/871 845/845/845 844/844/844 
f 870/870/870 871/871/871 844/844/844 
f 872/872/872 846/846/846 845/845/845 
f 871/871/871 872/872/872 845/845/845 
f 873/873/873 847/847/847 846/846/846 
f 872/872/872 873/873/873 846/846/846 
f 874/874/874 848/848/848 847/847/847 
f 873/873/873 874/874/874 847/847/847 
f 875/875/875 849/849/849 848/848/848 
f 874/874/874 875/875/875 848/848/848 
f 876/876/876 850/850/850 849/849/849 
f 875/875/875 876/876/876 849/849/849 
f 877/877/877 851/851/851 850/850/850 
f 876/876/876 877/877/877 850/850/850 
f 878/878/878 852/852/852 851/851/851 
f 877/877/877 878/878/878 851/851/851 
f 879/879/879 853/853/853 852/852/852 
f 878/878/878 879/879/879 852/852/852 
f 880/880/880 854/854/854 853/853/853 
f 879/879/879 880/880/880 853/853/853 
f 881/881/881 855/855/855 854/854/854 
f 880/880/880 881/881/881 854/854/854 
f 882/882/882 856/856/856 855/855/855 
f 881/881/881 882/882/882 855/855/855 
f 883/883/883 857/857/857 856/856/856 
f 882/882/882 883/883/883 856/856/856 
f 884/884/884 858/858/858 857/857/857 
f 883/883/883 884/884/884 857/857/857 
f 885/885/885 859/859/859 858/858/858 
f 884/884/884 885/885/885 858/858/858 
f 886/886/886 860/860/860 859/859/859 
f 885/885/885 886/886/886 859/859/859 
f 887/887/887 861/861/861 860/860/860 
f 886/886/886 887/887/887 860/860/860 
f 888/888/888 862/862/862 861/861/861 
f 887/887/887 888/888/888 861/861/861 
f 863/863/863 837/837/837 862/862/862 
f 888/888/888 863/863/863 862/862/862 
f 890/890/890 864/864/864 863/863/863 
f 889/889/889 890/890/890 863/863/863 
f 891/891/891 865/865/865 864/864/864 
f 890/890/890 891/891/891 864/864/864 
f 892/892/892 866/866/866 865/865/865 
f 891/891/891 892/892/892 865/865/865 
f 893/893/893 867/867/867 866/866/866 
f 892/892/892 893/893/893 866/866/866 
f 894/894/894 868/868/868 867/867/867 
f 893/893/893 894/894/894 867/867/867 
f 895/895/895 869/869/869 868/868/868 
f 894/894/894 895/895/895 868/868/868 
f 896/896/896 870/870/870 869/869/869 
f 895/895/895 896/896/896 869/869/869 
f 897/897/897 871/871/871 870/870/870 
f 896/896/896 897/897/897 870/870/870 
f 898/898/898 872/872/872 871/871/871 
f 897/897/897 898/898/898 871/871/871 
f 899/899/899 873/873/873 872/872/872 
f 898/898/898 899/899/899 872/872/872 
f 900/900/900 874/874/874 873/873/873 
f 899/899/899 900/900/900 873/873/873 
f 901/901/901 875/875/875 874/874/874 
f 900/900/900 901/901/901 874/874/874 
f 902/902/902 876/876/876 875/875/875 
f 901/901/901 902/902/902 875/875/875 
f 903/903/903 877/877/877 876/876/876 
f 902/902/902 903/903/903 876/876/876 
f 904/904/904 878/878/878 877/877/877 
f 903/903/903 904/904/904 877/877/877 
f 905/905/905 879/879/879 878/878/878 
f 904/904/904 905/905/905 878/878/878 
f 906/906/906 880/880/880 879/879/879 
f 905/905/905 906/906/906 879/879/879 
f 907/907/907 881/881/881 880/880/880 
f 906/906/906 907/907/907 880/880/880 
f 908/908/908 882/882/882 881/881/881 
f 907/907/907 908/908/908 881/881/881 
f 909/909/909 883/883/883 882/882/882 
f 908/908/908 909/909/909 882/882/882 
f 910/910/910 884/884/884 883/883/883 
f 909/909/909 910/910/910 883/883/883 
f 911/911/911 885/885/885 884/884/884 
f 910/910/910 911/911/911 884/884/884 
f 912/912/912 886/886/886 885/885/885 
f 911/911/911 912/912/912 885/885/885 
f 913/913/913 887/887/887 886/886/886 
f 912/912/912 913/913/913 886/886/886 
f 914/914/914 888/888/888 887/887/887 
f 913/913/913 914/914/914 887/887/887 
f 889/889/889 863/863/863 888/888/888 
f 914/914/914 889/889/889 888/888/888 
f 916/916/916 890/890/890 889/889/889 
f 915/915/915 916/916/916 889/889/889 
f 917/917/917 891/891/891 890/890/890 
f 916/916/916 917/917/917 890/890/890 
f 918/918/918 892/892/892 891/891/891 
f 917/917/917 918/918/918 891/891/891 
f 919/919/919 893/893/893 892/892/892 
f 918/918/918 919/919/919 892/892/892 
f 920/920/920 894/894/894 893/893/893 
f 919/919/919 920/920/920 893/893/893 
f 921/921/921 895/895/895 894/894/894 
f 920/920/920 921/921/921 894/894/894 
f 922/922/922 896/896/896 895/895/895 
f 921/921/921 922/922/922 895/895/895 
f 923/923/923 897/897/897 896/896/896 
f 922/922/922 923/923/923 896/896/896 
f 924/924/924 898/898/898 897/897/897 
f 923/923/923 924/924/924 897/897/897 
f 925/925/925 899/899/899 898/898/898 
f 924/924/924 925/925/925 898/898/898 
f 926/926/926 900/900/900 899/899/899 
f 925/925/925 926/926/926 899/899/899 
f 927/927/927 901/901/901 900/900/900 
f 926/926/926 927/927/927 900/900/900 
f 928/928/928 902/902/902 901/901/901 
f 927/927/927 928/928/928 901/901/901 
f 929/929/929 903/903/903 902/902/902 
f 928/928/928 929/929/929 902/902/902 
f 930/930/930 904/904/904 903/903/903 
f 929/929/929 930/930/930 903/903/903 
f 931/931/931 905/905/905 904/904/904 
f 930/930/930 931/931/931 904/904/904 
f 932/932/932 906/906/906 905/905/905 
f 931/931/931 932/932/932 905/905/905 
f 933/933/933 907/907/907 906/906/906 
f 932/932/932 933/933/933 906/906/906 
f 934/934/934 908/908/908 907/907/907 
f 933/933/933 934/934/934 907/907/907 
f 935/935/935 909/909/909 908/908/908 
f 934/934/934 935/935/935 908/908/908 
f 936/936/936 910/910/910 909/909/909 
f 935/935/935 936/936/936 909/909/909 
f 937/937/937 911/911/911 910/910/910 
f 936/936/936 937/937/937 910/910/910 
f 938/938/938 912/912/912 911/911/911 
f 937/937/937 938/938/938 911/911/911 
f 939/939/939 913/913/913 912/912/912 
f 938/938/938 939/939/939 912/912/912 
f 940/940/940 914/914/914 913/913/913 
f 939/939/939 940/940/940 913/913/913 
f 915/915/915 889/889/889 914/914/914 
f 940/940/940 915/915/915 914/914/914 
f 942/942/942 916/916/916 915/915/915 
f 941/941/941 942/942/942 915/915/915 
f 943/943/943 917/917/917 916/916/916 
f 942/942/942 943/943/943 916/916/916 
f 944/944/944 918/918/918 917/917/917 
f 943/943/943 944/944/944 917/917/917 
f 945/945/945 919/919/919 918/918/918 
f 944/944/944 945/945/945 918/918/918 
f 946/946/946 920/920/920 919/919/919 
f 945/945/945 946/946/946 919/919/919 
f 947/947/947 921/921/921 920/920/920 
f 946/946/946 947/947/947 920/920/920 
f 948/948/948 922/922/922 921/921/921 
f 947/947/947 948/948/948 921/921/921 
f 949/949/949 923/923/923 922/922/922 
f 948/948/948 949/949/949 922/922/922 
f 950/950/950 924/924/924 923/923/923 
f 949/949/949 950/950/950 923/923/923 
f 951/951/951 925/925/925 924/924/924 
f 950/950/950 951/951/951 924/924/924 
f 952/952/952 926/926/926 925/925/925 
f 951/951/951 952/952/952 925/925/925 
f 953/953/953 927/927/927 926/926/926 
f 952/952/952 953/953/953 926/926/926 
f 954/954/954 928/928/928 927/927/927 
f 953/953/953 954/954/954 927/927/927 
f 955/955/955 929/929/929 928/928/928 
f 954/954/954 955/955/955 928/928/928 
f 956/956/956 930/930/930 929/929/929 
f 955/955/955 956/956/956 929/929/929 
f 957/957/957 931/931/931 930/930/930 
f 956/956/956 957/957/957 930/930/930 
f 958/958/958 932/932/932 931/931/931 
f 957/957/957 958/958/958 931/931/931 
f 959/959/959 933/933/933 932/932/932 
f 958/958/958 959/959/959 932/932/932 
f 960/960/960 934/934/934 933/933/933 
f 959/959/959 960/960/960 933/933/933 
f 961/961/961 935/935/935 934/934/934 
f 960/960/960 961/961/961 934/934/934 
f 962/962/962 936/936/936 935/935/935 
f 961/961/961 962/962/962 935/935/935 
f 963/963/963 937/937/937 936/936/936 
f 962/962/962 963/963/963 936/936/936 
f 964/964/964 938/938/938 937/937/937 
f 963/963/963 964/964/964 937/937/937 
f 965/965/965 939/939/939 938/938/938 
f 964/964/964 965/965/965 938/938/938 
f 966/966/966 940/940/940 939/939/939 
f 965/965/965 966/966/966 939/939/939 
f 941/941/941 915/915/915 940/940/940 
f 966/966/966 941/941/941 940/940/940 
f 968/968/968 942/942/942 941/941/941 
f 967/967/967 968/968/968 941/941/941 
f 969/969/969 943/943/943 942/942/942 
f 968/968/968 969/969/969 942/942/942 
f 970/970/970 944/944/944 943/943/943 
f 969/969/969 970/970/970 943/943/943 
f 971/971/971 945/945/945 944/944/944 
f 970/970/970 971/971/971 944/944/944 
f 972/972/972 946/946/946 945/945/945 
f 971/971/971 972/972/972 945/945/945 
f 973/973/973 947/947/947 946/946/946 
f 972/972/972 973/973/973 946/946/946 
f 974/974/974 948/948/948 947/947/947 
f 973/973/973 974/974/974 947/947/947 
f 975/975/975 949/949/949 948/948/948 
f 974/974/974 975/975/975 948/948/948 
f 976/976/976 950/950/950 949/949/949 
f 975/975/975 976/976/976 949/949/949 
f 977/977/977 951/951/951 950/950/950 
f 976/976/976 977/977/977 950/950/950 
f 978/978/978 952/952/952 951/951/951 
f 977/977/977 978/978/978 951/951/951 
f 979/979/979 953/953/953 952/952/952 
f 978/978/978 979/979/979 952/952/952 
f 980/980/980 954/954/954 953/953/953 
f 979/979/979 980/980/980 953/953/953 
f 981/981/981 955/955/955 954/954/954 
f 980/980/980 981/981/981 954/954/954 
f 982/982/982 956/956/956 955/955/955 
f 981/981/981 982/982/982 955/955/955 
f 983/983/983 957/957/957 956/956/956 
f 982/982/982 983/983/983 956/956/956 
f 984/984/984 958/958/958 957/957/957 
f 983/983/983 984/984/984 957/957/957 
f 985/985/985 959/959/959 958/958/958 
f 984/984/984 985/985/985 958/958/958 
f 986/986/986 960/960/960 959/959/959 
f 985/985/985 986/986/986 959/959/959 
f 987/987/987 961/961/961 960/960/960 
f 986/986/986 987/987/987 960/960/960 
f 988/988/988 962/962/962 961/961/961 
f 987/987/987 988/988/988 961/961/961 
f 989/989/989 963/963/963 962/962/962 
f 988/988/988 989/989/989 962/962/962 
f 990/990/990 964/964/964 963/963/963 
f 989/989/989 990/990/990 963/963/963 
f 991/991/991 965/965/965 964/964/964 
f 990/990/990 991/991/991 964/964/964 
f 992/992/992 966/966/966 965/965/965 
f 991/991/991 992/992/992 965/965/965 
f 967/967/967 941/941/941 966/966/966 
f 992/992/992 967/967/967 966/966/966 
f 994/994/994 968/968/968 967/967/967 
f 993/993/993 994/994/994 967/967/967 
f 995/995/995 969/969/969 968/968/968 
f 994/994/994 995/995/995 968/968/968 
f 996/996/996 970/970/970 969/969/969 
f 995/995/995 996/996/996 969/969/969 
f 997/997/997 971/971/971 970/970/970 
f 996/996/996 997/997/997 970/970/970 
f 998/998/998 972/972/972 971/971/971 
f 997/997/997 998/998/998 971/971/971 
f 999/999/999 973/973/973 972/972/972 
f 998/998/998 999/999/999 972/972/972 
f 1000/1000/1000 974/974/974 973/973/973 
f 999/999/999 1000/1000/1000 973/973/973 
f 1001/1001/1001 975/975/975 974/974/974 
f 1000/1000/1000 1001/1001/1001 974/974/974 
f 1002/1002/1002 976/976/976 975/975/975 
f 1001/1001/1001 1002/1002/1002 975/975/975 
f 1003/1003/1003 977/977/977 976/976/976 
f 1002/1002/1002 1003/1003/1003 976/976/976 
f 1004/1004/1004 978/978/978 977/977/977 
f 1003/1003/1003 1004/1004/1004 977/977/977 
f 1005/1005/1005 979/979/979 978/978/978 
f 1004/1004/1004 1005/1005/1005 978/978/978 
f 1006/1006/1006 980/980/980 979/979/979 
f 1005/1005/1005 1006/1006/1006 979/979/979 
f 1007/1007/1007 981/981/981 980/980/980 
f 1006/1006/1006 1007/1007/1007 980/980/980 
f 1008/1008/1008 982/982/982 981/981/981 
f 1007/1007/1007 1008/1008/1008 981/981/981 
f 1009/1009/1009 983/983/983 982/982/982 
f 1008/1008/1008 1009/1009/1009 982/982/982 
f 1010/1010/1010 984/984/984 983/983/983 
f 1009/1009/1009 1010/1010/1010 983/983/983 
f 1011/1011/1011 985/985/985 984/984/984 
f 1010/1010/1010 1011/1011/1011 984/984/984 
f 1012/1012/1012 986/986/986 985/985/985 
f 1011/1011/1011 1012/1012/1012 985/985/985 
f 1013/1013/1013 987/987/987 986/986/986 
f 1012/1012/1012 1013/1013/1013 986/986/986 
f 1014/1014/1014 988/988/988 987/987/987 
f 1013/1013/1013 1014/1014/1014 987/987/987 
f 1015/1015/1015 989/989/989 988/988/988 
f 1014/1014/1014 1015/1015/1015 988/988/988 
f 1016/1016/1016 990/990/990 989/989/989 
f 1015/1015/1015 1016/1016/1016 989/989/989 
f 1017/1017/1017 991/991/991 990/990/990 
f 1016/1016/1016 1017/1017/1017 990/990/990 
f 1018/1018/1018 992/992/992 991/991/991 
f 1017/1017/1017 1018/1018/1018 991/991/991 
f 993/993/993 967/967/967 992/992/992 
f 1018/1018/1018 993/993/993 992/992/992 
f 1020/1020/1020 994/994/994 993/993/993 
f 1019/1019/1019 1020/1020/1020 993/993/993 
f 1021/1021/1021 995/995/995 994/994/994 
f 1020/1020/1020 1021/1021/1021 994/994/994 
f 1022/1022/1022 996/996/996 995/995/995 
f 1021/1021/1021 1022/1022/1022 995/995/995 
f 1023/1023/1023 997/997/997 996/996/996 
f 1022/1022/1022 1023/1023/1023 996/996/996 
f 1024/1024/1024 998/998/998 997/997/997 
f 1023/1023/1023 1024/1024/1024 997/997/997 
f 1025/1025/1025 999/999/999 998/998/998 
f 1024/1024/1024 1025/1025/1025 998/998/998 
f 1026/1026/1026 1000/1000/1000 999/999/999 
f 1025/1025/1025 1026/1026/1026 999/999/999 
f 1027/1027/1027 1001/1001/1001 1000/1000/1000 
f 1026/1026/1026 1027/1027/1027 1000/1000/1000 
f 1028/1028/1028 1002/1002/1002 1001/1001/1001 
f 1027/1027/1027 1028/1028/1028 1001/1001/1001 
f 1029/1029/1029 1003/1003/1003 1002/1002/1002 
f 1028/1028/1028 1029/1029/1029 1002/1002/1002 
f 1030/1030/1030 1004/1004/1004 1003/1003/1003 
f 1029/1029/1029 1030/1030/1030 1003/1003/1003 
f 1031/1031/1031 1005/1005/1005 1004/1004/1004 
f 1030/1030/1030 1031/1031/1031 1004/1004/1004 
f 1032/1032/1032 1006/1006/1006 1005/1005/1005 
f 1031/1031/1031 1032/1032/1032 1005/1005/1005 
f 1033/1033/1033 1007/1007/1007 1006/1006/1006 
f 1032/1032/1032 1033/1033/1033 1006/1006/1006 
f 1034/1034/1034 1008/1008/1008 1007/1007/1007 
f 1033/1033/1033 1034/1034/1034 1007/1007/1007 
f 1035/1035/1035 1009/1009/1009 1008/1008/1008 
f 1034/1034/1034 1035/1035/1035 1008/1008/1008 
f 1036/1036/1036 1010/1010/1010 1009/1009/1009 
f 1035/1035/1035 1036/1036/1036 1009/1009/1009 
f 1037/1037/1037 1011/1011/1011 1010/1010/1010 
f 1036/1036/1036 1037/1037/1037 1010/1010/1010 
f 1038/1038/1038 1012/1012/1012 1011/1011/1011 
f 1037/1037/1037 1038/1038/1038 1011/1011/1011 
f 1039/1039/1039 1013/1013/1013 1012/1012/1012 
f 1038/1038/1038 1039/1039/1039 1012/1012/1012 
f 1040/1040/1040 1014/1014/1014 1013/1013/1013 
f 1039/1039/1039 1040/1040/1040 1013/1013/1013 
f 1041/1041/1041 1015/1015/1015 1014/1014/1014 
f 1040/1040/1040 1041/1041/1041 1014/1014/1014 
f 1042/1042/1042 1016/1016/1016 1015/1015/1015 
f 1041/1041/1041 1042/1042/1042 1015/1015/1015 
f 1043/1043/1043 1017/1017/1017 1016/1016/1016 
f 1042/1042/1042 1043/1043/1043 1016/1016/1016 
f 1044/1044/1044 1018/1018/1018 1017/1017/1017 
f 1043/1043/1043 1044/1044/1044 1017/1017/1017 
f 1019/1019/1019 993/993/993 1018/1018/1018 
f 1044/1044/1044 1019/1019/1019 1018/1018/1018 
f 1046/1046/1046 1020/1020/1020 1019/1019/1019 
f 1045/1045/1045 1046/1046/1046 1019/1019/1019 
f 1047/1047/1047 1021/1021/1021 1020/1020/1020 
f 1046/1046/1046 1047/1047/1047 1020/1020/1020 
f 1048/1048/1048 1022/1022/1022 1021/1021/1021 
f 1047/1047/1047 1048/1048/1048 1021/1021/1021 
f 1049/1049/1049 1023/1023/1023 1022/1022/1022 
f 1048/1048/1048 1049/1049/1049 1022/1022/1022 
f 1050/1050/1050 1024/1024/1024 1023/1023/1023 
f 1049/1049/1049 1050/1050/1050 1023/1023/1023 
f 1051/1051/1051 1025/1025/1025 1024/1024/1024 
f 1050/1050/1050 1051/1051/1051 1024/1024/1024 
f 1052/1052/1052 1026/1026/1026 1025/1025/1025 
f 1051/1051/1051 1052/1052/1052 1025/1025/1025 
f 1053/1053/1053 1027/1027/1027 1026/1026/1026 
f 1052/1052/1052 1053/1053/1053 1026/1026/1026 
f 1054/1054/1054 1028/1028/1028 1027/1027/1027 
f 1053/1053/1053 1054/1054/1054 1027/1027/1027 
f 1055/1055/1055 1029/1029/1029 1028/1028/1028 
f 1054/1054/1054 1055/1055/1055 1028/1028/1028 
f 1056/1056/1056 1030/1030/1030 1029/1029/1029 
f 1055/1055/1055 1056/1056/1056 1029/1029/1029 
f 1057/1057/1057 1031/1031/1031 1030/1030/1030 
f 1056/1056/1056 1057/1057/1057 1030/1030/1030 
f 1058/1058/1058 1032/1032/1032 1031/1031/1031 
f 1057/1057/1057 1058/1058/1058 1031/1031/1031 
f 1059/1059/1059 1033/1033/1033 1032/1032/1032 
f 1058/1058/1058 1059/1059/1059 1032/1032/1032 
f 1060/1060/1060 1034/1034/1034 1033/1033/1033 
f 1059/1059/1059 1060/1060/1060 1033/1033/1033 
f 1061/1061/1061 1035/1035/1035 1034/1034/1034 
f 1060/1060/1060 1061/1061/1061 1034/1034/1034 
f 1062/1062/1062 1036/1036/1036 1035/1035/1035 
f 1061/1061/1061 1062/1062/1062 1035/1035/1035 
f 1063/1063/1063 1037/1037/1037 1036/1036/1036 
f 1062/1062/1062 1063/1063/1063 1036/1036/1036 
f 1064/1064/1064 1038/1038/1038 1037/1037/1037 
f 1063/1063/1063 1064/1064/1064 1037/1037/1037 
f 1065/1065/1065 1039/1039/1039 1038/1038/1038 
f 1064/1064/1064 1065/1065/1065 1038/1038/1038 
f 1066/1066/1066 1040/1040/1040 1039/1039/1039 
f 1065/1065/1065 1066/1066/1066 1039/1039/1039 
f 1067/1067/1067 1041/1041/1041 1040/1040/1040 
f 1066/1066/1066 1067/1067/1067 1040/1040/1040 
f 1068/1068/1068 1042/1042/1042 1041/1041/1041 
f 1067/1067/1067 1068/1068/1068 1041/1041/1041 
f 1069/1069/1069 1043/1043/1043 1042/1042/1042 
f 1068/1068/1068 1069/1069/1069 1042/1042/1042 
f 1070/1070/1070 1044/1044/1044 1043/1043/1043 
f 1069/1069/1069 1070/1070/1070 1043/1043/1043 
f 1045/1045/1045 1019/1019/1019 1044/1044/1044 
f 1070/1070/1070 1045/1045/1045 1044/1044/1044 
f 1072/1072/1072 1046/1046/1046 1045/1045/1045 
f 1071/1071/1071 1072/1072/1072 1045/1045/1045 
f 1073/1073/1073 1047/1047/1047 1046/1046/1046 
f 1072/1072/1072 1073/1073/1073 1046/1046/1046 
f 1074/1074/1074 1048/1048/1048 1047/1047/1047 
f 1073/1073/1073 1074/1074/1074 1047/1047/1047 
f 1075/1075/1075 1049/1049/1049 1048/1048/1048 
f 1074/1074/1074 1075/1075/1075 1048/1048/1048 
f 1076/1076/1076 1050/1050/1050 1049/1049/1049 
f 1075/1075/1075 1076/1076/1076 1049/1049/1049 
f 1077/1077/1077 1051/1051/1051 1050/1050/1050 
f 1076/1076/1076 1077/1077/1077 1050/1050/1050 
f 1078/1078/1078 1052/1052/1052 1051/1051/1051 
f 1077/1077/1077 1078/1078/1078 1051/1051/1051 
f 1079/1079/1079 1053/1053/1053 1052/1052/1052 
f 1078/1078/1078 1079/1079/1079 1052/1052/1052 
f 1080/1080/1080 1054/1054/1054 1053/1053/1053 
f 1079/1079/1079 1080/1080/1080 1053/1053/1053 
f 1081/1081/1081 1055/1055/1055 1054/1054/1054 
f 1080/1080/1080 1081/1081/1081 1054/1054/1054 
f 1082/1082/1082 1056/1056/1056 1055/1055/1055 
f 1081/1081/1081 1082/1082/1082 1055/1055/1055 
f 1083/1083/1083 1057/1057/1057 1056/1056/1056 
f 1082/1082/1082 1083/1083/1083 1056/1056/1056 
f 1084/1084/1084 1058/1058/1058 1057/1057/1057 
f 1083/1083/1083 1084/1084/1084 1057/1057/1057 
f 1085/1085/1085 1059/1059/1059 1058/1058/1058 
f 1084/1084/1084 1085/1085/1085 1058/1058/1058 
f 1086/1086/1086 1060/1060/1060 1059/1059/1059 
f 1085/1085/1085 1086/1086/1086 1059/1059/1059 
f 1087/1087/1087 1061/1061/1061 1060/1060/1060 
f 1086/1086/1086 1087/1087/1087 1060/1060/1060 
f 1088/1088/1088 1062/1062/1062 1061/1061/1061 
f 1087/1087/1087 1088/1088/1088 1061/1061/1061 
f 1089/1089/1089 1063/1063/1063 1062/1062/1062 
f 1088/1088/1088 1089/1089/1089 1062/1062/1062 
f 1090/1090/1090 1064/1064/1064 1063/1063/1063 
f 1089/1089/1089 1090/1090/1090 1063/1063/1063 
f 1091/1091/1091 1065/1065/1065 1064/1064/1064 
f 1090/1090/1090 1091/1091/1091 1064/1064/1064 
f 1092/1092/1092 1066/1066/1066 1065/1065/1065 
f 1091/1091/1091 1092/1092/1092 1065/1065/1065 
f 1093/1093/1093 1067/1067/1067 1066/1066/1066 
f 1092/1092/1092 1093/1093/1093 1066/1066/1066 
f 1094/1094/1094 1068/1068/1068 1067/1067/1067 
f 1093/1093/1093 1094/1094/1094 1067/1067/1067 
f 1095/1095/1095 1069/1069/1069 1068/1068/1068 
f 1094/1094/1094 1095/1095/1095 1068/1068/1068 
f 1096/1096/1096 1070/1070/1070 1069/1069/1069 
f 1095/1095/1095 1096/1096/1096 1069/1069/1069 
f 1071/1071/1071 1045/1045/1045 1070/1070/1070 
f 1096/1096/1096 1071/1071/1071 1070/1070/1070 
f 1098/1098/1098 1072/1072/1072 1071/1071/1071 
f 1097/1097/1097 1098/1098/1098 1071/1071/1071 
f 1099/1099/1099 1073/1073/1073 1072/1072/1072 
f 1098/1098/1098 1099/1099/1099 1072/1072/1072 
f 1100/1100/1100 1074/1074/1074 1073/1073/1073 
f 1099/1099/1099 1100/1100/1100 1073/1073/1073 
f 1101/1101/1101 1075/1075/1075 1074/1074/1074 
f 1100/1100/1100 1101/1101/1101 1074/1074/1074 
f 1102/1102/1102 1076/1076/1076 1075/1075/1075 
f 1101/1101/1101 1102/1102/1102 1075/1075/1075 
f 1103/1103/1103 1077/1077/1077 1076/1076/1076 
f 1102/1102/1102 1103/1103/1103 1076/1076/1076 
f 1104/1104/1104 1078/1078/1078 1077/1077/1077 
f 1103/1103/1103 1104/1104/1104 1077/1077/1077 
f 1105/1105/1105 1079/1079/1079 1078/1078/1078 
f 1104/1104/1104 1105/1105/1105 1078/1078/1078 
f 1106/1106/1106 1080/1080/1080 1079/1079/1079 
f 1105/1105/1105 1106/1106/1106 1079/1079/1079 
f 1107/1107/1107 1081/1081/1081 1080/1080/1080 
f 1106/1106/1106 1107/1107/1107 1080/1080/1080 
f 1108/1108/1108 1082/1082/1082 1081/1081/1081 
f 1107/1107/1107 1108/1108/1108 1081/1081/1081 
f 1109/1109/1109 1083/1083/1083 1082/1082/1082 
f 1108/1108/1108 1109/1109/1109 1082/1082/1082 
f 1110/1110/1110 1084/1084/1084 1083/1083/1083 
f 1109/1109/1109 1110/1110/1110 1083/1083/1083 
f 1111/1111/1111 1085/1085/1085 1084/1084/1084 
f 1110/1110/1110 1111/1111/1111 1084/1084/1084 
f 1112/1112/1112 1086/1086/1086 1085/1085/1085 
f 1111/1111/1111 1112/1112/1112 1085/1085/1085 
f 1113/1113/1113 1087/1087/1087 1086/1086/1086 
f 1112/1112/1112 1113/1113/1113 1086/1086/1086 
f 1114/1114/1114 1088/1088/1088 1087/1087/1087 
f 1113/1113/1113 1114/1114/1114 1087/1087/1087 
f 1115/1115/1115 1089/1089/1089 1088/1088/1088 
f 1114/1114/1114 1115/1115/1115 1088/1088/1088 
f 1116/1116/1116 1090/1090/1090 1089/1089/1089 
f 1115/1115/1115 1116/1116/1116 1089/1089/1089 
f 1117/1117/1117 1091/1091/1091 1090/1090/1090 
f 1116/1116/1116 1117/1117/1117 1090/1090/1090 
f 1118/1118/1118 1092/1092/1092 1091/1091/1091 
f 1117/1117/1117 1118/1118/1118 1091/1091/1091 
f 1119/1119/1119 1093/1093/1093 1092/1092/1092 
f 1118/1118/1118 1119/1119/1119 1092/1092/1092 
f 1120/1120/1120 1094/1094/1094 1093/1093/1093 
f 1119/1119/1119 1120/1120/1120 1093/1093/1093 
f 1121/1121/1121 1095/1095/1095 1094/1094/1094 
f 1120/1120/1120 1121/1121/1121 1094/1094/1094 
f 1122/1122/1122 1096/1096/1096 1095/1095/1095 
f 1121/1121/1121 1122/1122/1122 1095/1095/1095 
f 1097/1097/1097 1071/1071/1071 1096/1096/1096 
f 1122/1122/1122 1097/1097/1097 1096/1096/1096 
f 1124/1124/1124 1098/1098/1098 1097/1097/1097 
f 1123/1123/1123 1124/1124/1124 1097/1097/1097 
f 1125/1125/1125 1099/1099/1099 1098/1098/1098 
f 1124/1124/1124 1125/1125/1125 1098/1098/1098 
f 1126/1126/1126 1100/1100/1100 1099/1099/1099 
f 1125/1125/1125 1126/1126/1126 1099/1099/1099 
f 1127/1127/1127 1101/1101/1101 1100/1100/1100 
f 1126/1126/1126 1127/1127/1127 1100/1100/1100 
f 1128/1128/1128 1102/1102/1102 1101/1101/1101 
f 1127/1127/1127 1128/1128/1128 1101/1101/1101 
f 1129/1129/1129 1103/1103/1103 1102/1102/1102 
f 1128/1128/1128 1129/1129/1129 1102/1102/1102 
f 1130/1130/1130 1104/1104/1104 1103/1103/1103 
f 1129/1129/1129 1130/1130/1130 1103/1103/1103 
f 1131/1131/1131 1105/1105/1105 1104/1104/1104 
f 1130/1130/1130 1131/1131/1131 1104/1104/1104 
f 1132/1132/1132 1106/1106/1106 1105/1105/1105 
f 1131/1131/1131 1132/1132/1132 1105/1105/1105 
f 1133/1133/1133 1107/1107/1107 1106/1106/1106 
f 1132/1132/1132 1133/1133/1133 1106/1106/1106 
f 1134/1134/1134 1108/1108/1108 1107/1107/1107 
f 1133/1133/1133 1134/1134/1134 1107/1107/1107 
f 1135/1135/1135 1109/1109/1109 1108/1108/1108 
f 1134/1134/1134 1135/1135/1135 1108/1108/1108 
f 1136/1136/1136 1110/1110/1110 1109/1109/1109 
f 1135/1135/1135 1136/1136/1136 1109/1109/1109 
f 1137/1137/1137 1111/1111/1111 1110/1110/1110 
f 1136/1136/1136 1137/1137/1137 1110/1110/1110 
f 1138/1138/1138 1112/1112/1112 1111/1111/1111 
f 1137/1137/1137 1138/1138/1138 1111/1111/1111 
f 1139/1139/1139 1113/1113/1113 1112/1112/1112 
f 1138/1138/1138 1139/1139/1139 1112/1112/1112 
f 1140/1140/1140 1114/1114/1114 1113/1113/1113 
f 1139/1139/1139 1140/1140/1140 1113/1113/1113 
f 1141/1141/1141 1115/1115/1115 1114/1114/1114 
f 1140/1140/1140 1141/1141/1141 1114/1114/1114 
f 1142/1142/1142 1116/1116/1116 1115/1115/1115 
f 1141/1141/1141 1142/1142/1142 1115/1115/1115 
f 1143/1143/1143 1117/1117/1117 1116/1116/1116 
f 1142/1142/1142 1143/1143/1143 1116/1116/1116 
f 1144/1144/1144 1118/1118/1118 1117/1117/1117 
f 1143/1143/1143 1144/1144/1144 1117/1117/1117 
f 1145/1145/1145 1119/1119/1119 1118/1118/1118 
f 1144/1144/1144 1145/1145/1145 1118/1118/1118 
f 1146/1146/1146 1120/1120/1120 1119/1119/1119 
f 1145/1145/1145 1146/1146/1146 1119/1119/1119 
f 1147/1147/1147 1121/1121/1121 1120/1120/1120 
f 1146/1146/1146 1147/1147/1147 1120/1120/1120 
f 1148/1148/1148 1122/1122/1122 1121/1121/1121 
f 1147/1147/1147 1148/1148/1148 1121/1121/1121 
f 1123/1123/1123 1097/1097/1097 1122/1122/1122 
f 1148/1148/1148 1123/1123/1123 1122/1122/1122 
f 1150/1150/1150 1124/1124/1124 1123/1123/1123 
f 1149/1149/1149 1150/1150/1150 1123/1123/1123 
f 1151/1151/1151 1125/1125/1125 1124/1124/1124 
f 1150/1150/1150 1151/1151/1151 1124/1124/1124 
f 1152/1152/1152 1126/1126/1126 1125/1125/1125 
f 1151/1151/1151 1152/1152/1152 1125/1125/1125 
f 1153/1153/1153 1127/1127/1127 1126/1126/1126 
f 1152/1152/1152 1153/1153/1153 1126/1126/1126 
f 1154/1154/1154 1128/1128/1128 1127/1127/1127 
f 1153/1153/1153 1154/1154/1154 1127/1127/1127 
f 1155/1155/1155 1129/1129/1129 1128/1128/1128 
f 1154/1154/1154 1155/1155/1155 1128/1128/1128 
f 1156/1156/1156 1130/1130/1130 1129/1129/1129 
f 1155/1155/1155 1156/1156/1156 1129/1129/1129 
f 1157/1157/1157 1131/1131/1131 1130/1130/1130 
f 1156/1156/1156 1157/1157/1157 1130/1130/1130 
f 1158/1158/1158 1132/1132/1132 1131/1131/1131 
f 1157/1157/1157 1158/1158/1158 1131/1131/1131 
f 1159/1159/1159 1133/1133/1133 1132/1132/1132 
f 1158/1158/1158 1159/1159/1159 1132/1132/1132 
f 1160/1160/1160 1134/1134/1134 1133/1133/1133 
f 1159/1159/1159 1160/1160/1160 1133/1133/1133 
f 1161/1161/1161 1135/1135/1135 1134/1134/1134 
f 1160/1160/1160 1161/1161/1161 1134/1134/1134 
f 1162/1162/1162 1136/1136/1136 1135/1135/1135 
f 1161/1161/1161 1162/1162/1162 1135/1135/1135 
f 1163/1163/1163 1137/1137/1137 1136/1136/1136 
f 1162/1162/1162 1163/1163/1163 1136/1136/1136 
f 1164/1164/1164 1138/1138/1138 1137/1137/1137 
f 1163/1163/1163 1164/1164/1164 1137/1137/1137 
f 1165/1165/1165 1139/1139/1139 1138/1138/1138 
f 1164/1164/1164 1165/1165/1165 1138/1138/1138 
f 1166/1166/1166 1140/1140/1140 1139/1139/1139 
f 1165/1165/1165 1166/1166/1166 1139/1139/1139 
f 1167/1167/1167 1141/1141/1141 1140/1140/1140 
f 1166/1166/1166 1167/1167/1167 1140/1140/1140 
f 1168/1168/1168 1142/1142/1142 1141/1141/1141 
f 1167/1167/1167 1168/1168/1168 1141/1141/1141 
f 1169/1169/1169 1143/1143/1143 1142/1142/1142 
f 1168/1168/1168 1169/1169/1169 1142/1142/1142 
f 1170/1170/1170 1144/1144/1144 1143/1143/1143 
f 1169/1169/1169 1170/1170/1170 1143/1143/1143 
f 1171/1171/1171 1145/1145/1145 1144/1144/1144 
f 1170/1170/1170 1171/1171/1171 1144/1144/1144 
f 1172/1172/1172 1146/1146/1146 1145/1145/1145 
f 1171/1171/1171 1172/1172/1172 1145/1145/1145 
f 1173/1173/1173 1147/1147/1147 1146/1146/1146 
f 1172/1172/1172 1173/1173/1173 1146/1146/1146 
f 1174/1174/1174 1148/1148/1148 1147/1147/1147 
f 1173/1173/1173 1174/1174/1174 1147/1147/1147 
f 1149/1149/1149 1123/1123/1123 1148/1148/1148 
f 1174/1174/1174 1149/1149/1149 1148/1148/1148 
f 1176/1176/1176 1150/1150/1150 1149/1149/1149 
f 1175/1175/1175 1176/1176/1176 1149/1149/1149 
f 1177/1177/1177 1151/1151/1151 1150/1150/1150 
f 1176/1176/1176 1177/1177/1177 1150/1150/1150 
f 1178/1178/1178 1152/1152/1152 1151/1151/1151 
f 1177/1177/1177 1178/1178/1178 1151/1151/1151 
f 1179/1179/1179 1153/1153/1153 1152/1152/1152 
f 1178/1178/1178 1179/1179/1179 1152/1152/1152 
f 1180/1180/1180 1154/1154/1154 1153/1153/1153 
f 1179/1179/1179 1180/1180/1180 1153/1153/1153 
f 1181/1181/1181 1155/1155/1155 1154/1154/1154 
f 1180/1180/1180 1181/1181/1181 1154/1154/1154 
f 1182/1182/1182 1156/1156/1156 1155/1155/1155 
f 1181/1181/1181 1182/1182/1182 1155/1155/1155 
f 1183/1183/1183 1157/1157/1157 1156/1156/1156 
f 1182/1182/1182 1183/1183/1183 1156/1156/1156 
f 1184/1184/1184 1158/1158/1158 1157/1157/1157 
f 1183/1183/1183 1184/1184/1184 1157/1157/1157 
f 1185/1185/1185 1159/1159/1159 1158/1158/1158 
f 1184/1184/1184 1185/1185/1185 1158/1158/1158 
f 1186/1186/1186 1160/1160/1160 1159/1159/1159 
f 1185/1185/1185 1186/1186/1186 1159/1159/1159 
f 1187/1187/1187 1161/1161/1161 1160/1160/1160 
f 1186/1186/1186 1187/1187/1187 1160/1160/1160 
f 1188/1188/1188 1162/1162/1162 1161/1161/1161 
f 1187/1187/1187 1188/1188/1188 1161/1161/1161 
f 1189/1189/1189 1163/1163/1163 1162/1162/1162 
f 1188/1188/1188 1189/1189/1189 1162/1162/1162 
f 1190/1190/1190 1164/1164/1164 1163/1163/1163 
f 1189/1189/1189 1190/1190/1190 1163/1163/1163 
f 1191/1191/1191 1165/1165/1165 1164/1164/1164 
f 1190/1190/1190 1191/1191/1191 1164/1164/1164 
f 1192/1192/1192 1166/1166/1166 1165/1165/1165 
f 1191/1191/1191 1192/1192/1192 1165/1165/1165 
f 1193/1193/1193 1167/1167/1167 1166/1166/1166 
f 1192/1192/1192 1193/1193/1193 1166/1166/1166 
f 1194/1194/1194 1168/1168/1168 1167/1167/1167 
f 1193/1193/1193 1194/1194/1194 1167/1167/1167 
f 1195/1195/1195 1169/1169/1169 1168/1168/1168 
f 1194/1194/1194 1195/1195/1195 1168/1168/1168 
f 1196/1196/1196 1170/1170/1170 1169/1169/1169 
f 1195/1195/1195 1196/1196/1196 1169/1169/1169 
f 1197/1197/1197 1171/1171/1171 1170/1170/1170 
f 1196/1196/1196 1197/1197/1197 1170/1170/1170 
f 1198/1198/1198 1172/1172/1172 1171/1171/1171 
f 1197/1197/1197 1198/1198/1198 1171/1171/1171 
f 1199/1199/1199 1173/1173/1173 1172/1172/1172 
f 1198/1198/1198 1199/1199/1199 1172/1172/1172 
f 1200/1200/1200 1174/1174/1174 1173/1173/1173 
f 1199/1199/1199 1200/1200/1200 1173/1173/1173 
f 1175/1175/1175 1149/1149/1149 1174/1174/1174 
f 1200/1200/1200 1175/1175/1175 1174/1174/1174 
f 1202/1202/1202 1176/1176/1176 1175/1175/1175 
f 1201/1201/1201 1202/1202/1202 1175/1175/1175 
f 1203/1203/1203 1177/1177/1177 1176/1176/1176 
f 1202/1202/1202 1203/1203/1203 1176/1176/1176 
f 1204/1204/1204 1178/1178/1178 1177/1177/1177 
f 1203/1203/1203 1204/1204/1204 1177/1177/1177 
f 1205/1205/1205 1179/1179/1179 1178/1178/1178 
f 1204/1204/1204 1205/1205/1205 1178/1178/1178 
f 1206/1206/1206 1180/1180/1180 1179/1179/1179 
f 1205/1205/1205 1206/1206/1206 1179/1179/1179 
f 1207/1207/1207 1181/1181/1181 1180/1180/1180 
f 1206/1206/1206 1207/1207/1207 1180/1180/1180 
f 1208/1208/1208 1182/1182/1182 1181/1181/1181 
f 1207/1207/1207 1208/1208/1208 1181/1181/1181 
f 1209/1209/1209 1183/1183/1183 1182/1182/1182 
f 1208/1208/1208 1209/1209/1209 1182/1182/1182 
f 1210/1210/1210 1184/1184/1184 1183/1183/1183 
f 1209/1209/1209 1210/1210/1210 1183/1183/1183 
f 1211/1211/1211 1185/1185/1185 1184/1184/1184 
f 1210/1210/1210 1211/1211/1211 1184/1184/1184 
f 1212/1212/1212 1186/1186/1186 1185/1185/1185 
f 1211/1211/1211 1212/1212/1212 1185/1185/1185 
f 1213/1213/1213 1187/1187/1187 1186/1186/1186 
f 1212/1212/1212 1213/1213/1213 1186/1186/1186 
f 1214/1214/1214 1188/1188/1188 1187/1187/1187 
f 1213/1213/1213 1214/1214/1214 1187/1187/1187 
f 1215/1215/1215 1189/1189/1189 1188/1188/1188 
f 1214/1214/1214 1215/1215/1215 1188/1188/1188 
f 1216/1216/1216 1190/1190/1190 1189/1189/1189 
f 1215/1215/1215 1216/1216/1216 1189/1189/1189 
f 1217/1217/1217 1191/1191/1191 1190/1190/1190 
f 1216/1216/1216 1217/1217/1217 1190/1190/1190 
f 1218/1218/1218 1192/1192/1192 1191/1191/1191 
f 1217/1217/1217 1218/1218/1218 1191/1191/1191 
f 1219/1219/1219 1193/1193/1193 1192/1192/1192 
f 1218/1218/1218 1219/1219/1219 1192/1192/1192 
f 1220/1220/1220 1194/1194/1194 1193/1193/1193 
f 1219/1219/1219 1220/1220/1220 1193/1193/1193 
f 1221/1221/1221 1195/1195/1195 1194/1194/1194 
f 1220/1220/1220 1221/1221/1221 1194/1194/1194 
f 1222/1222/1222 1196/1196/1196 1195/1195/1195 
f 1221/1221/1221 1222/1222/1222 1195/1195/1195 
f 1223/1223/1223 1197/1197/1197 1196/1196/1196 
f 1222/1222/1222 1223/1223/1223 1196/1196/1196 
f 1224/1224/1224 1198/1198/1198 1197/1197/1197 
f 1223/1223/1223 1224/1224/1224 1197/1197/1197 
f 1225/1225/1225 1199/1199/1199 1198/1198/1198 
f 1224/1224/1224 1225/1225/1225 1198/1198/1198 
f 1226/1226/1226 1200/1200/1200 1199/1199/1199 
f 1225/1225/1225 1226/1226/1226 1199/1199/1199 
f 1201/1201/1201 1175/1175/1175 1200/1200/1200 
f 1226/1226/1226 1201/1201/1201 1200/1200/1200 
f 1228/1228/1228 1202/1202/1202 1201/1201/1201 
f 1227/1227/1227 1228/1228/1228 1201/1201/1201 
f 1229/1229/1229 1203/1203/1203 1202/1202/1202 
f 1228/1228/1228 1229/1229/1229 1202/1202/1202 
f 1230/1230/1230 1204/1204/1204 1203/1203/1203 
f 1229/1229/1229 1230/1230/1230 1203/1203/1203 
f 1231/1231/1231 1205/1205/1205 1204/1204/1204 
f 1230/1230/1230 1231/1231/1231 1204/1204/1204 
f 1232/1232/1232 1206/1206/1206 1205/1205/1205 
f 1231/1231/1231 1232/1232/1232 1205/1205/1205 
f 1233/1233/1233 1207/1207/1207 1206/1206/1206 
f 1232/1232/1232 1233/1233/1233 1206/1206/1206 
f 1234/1234/1234 1208/1208/1208 1207/1207/1207 
f 1233/1233/1233 1234/1234/1234 1207/1207/1207 
f 1235/1235/1235 1209/1209/1209 1208/1208/1208 
f 1234/1234/1234 1235/1235/1235 1208/1208/1208 
f 1236/1236/1236 1210/1210/1210 1209/1209/1209 
f 1235/1235/1235 1236/1236/1236 1209/1209/1209 
f 1237/1237/1237 1211/1211/1211 1210/1210/1210 
f 1236/1236/1236 1237/1237/1237 1210/1210/1210 
f 1238/1238/1238 1212/1212/1212 1211/1211/1211 
f 1237/1237/1237 1238/1238/1238 1211/1211/1211 
f 1239/1239/1239 1213/1213/1213 1212/1212/1212 
f 1238/1238/1238 1239/1239/1239 1212/1212/1212 
f 1240/1240/1240 1214/1214/1214 1213/1213/1213 
f 1239/1239/1239 1240/1240/1240 1213/1213/1213 
f 1241/1241/1241 1215/1215/1215 1214/1214/1214 
f 1240/1240/1240 1241/1241/1241 1214/1214/1214 
f 1242/1242/1242 1216/1216/1216 1215/1215/1215 
f 1241/1241/1241 1242/1242/1242 1215/1215/1215 
f 1243/1243/1243 1217/1217/1217 1216/1216/1216 
f 1242/1242/1242 1243/1243/1243 1216/1216/1216 
f 1244/1244/1244 1218/1218/1218 1217/1217/1217 
f 1243/1243/1243 1244/1244/1244 1217/1217/1217 
f 1245/1245/1245 1219/1219/1219 1218/1218/1218 
f 1244/1244/1244 1245/1245/1245 1218/1218/1218 
f 1246/1246/1246 1220/1220/1220 1219/1219/1219 
f 1245/1245/1245 1246/1246/1246 1219/1219/1219 
f 1247/1247/1247 1221/1221/1221 1220/1220/1220 
f 1246/1246/1246 1247/1247/1247 1220/1220/1220 
f 1248/1248/1248 1222/1222/1222 1221/1221/1221 
f 1247/1247/1247 1248/1248/1248 1221/1221/1221 
f 1249/1249/1249 1223/1223/1223 1222/1222/1222 
f 1248/1248/1248 1249/1249/1249 1222/1222/1222 
f 1250/1250/1250 1224/1224/1224 1223/1223/1223 
f 1249/1249/1249 1250/1250/1250 1223/1223/1223 
f 1251/1251/1251 1225/1225/1225 1224/1224/1224 
f 1250/1250/1250 1251/1251/1251 1224/1224/1224 
f 1252/1252/1252 1226/1226/1226 1225/1225/1225 
f 1251/1251/1251 1252/1252/1252 1225/1225/1225 
f 1227/1227/1227 1201/1201/1201 1226/1226/1226 
f 1252/1252/1252 1227/1227/1227 1226/1226/1226 
f 1254/1254/1254 1228/1228/1228 1227/1227/1227 
f 1253/1253/1253 1254/1254/1254 1227/1227/1227 
f 1255/1255/1255 1229/1229/1229 1228/1228/1228 
f 1254/1254/1254 1255/1255/1255 1228/1228/1228 
f 1256/1256/1256 1230/1230/1230 1229/1229/1229 
f 1255/1255/1255 1256/1256/1256 1229/1229/1229 
f 1257/1257/1257 1231/1231/1231 1230/1230/1230 
f 1256/1256/1256 1257/1257/1257 1230/1230/1230 
f 1258/1258/1258 1232/1232/1232 1231/1231/1231 
f 1257/1257/1257 1258/1258/1258 1231/1231/1231 
f 1259/1259/1259 1233/1233/1233 1232/1232/1232 
f 1258/1258/1258 1259/1259/1259 1232/1232/1232 
f 1260/1260/1260 1234/1234/1234 1233/1233/1233 
f 1259/1259/1259 1260/1260/1260 1233/1233/1233 
f 1261/1261/1261 1235/1235/1235 1234/1234/1234 
f 1260/1260/1260 1261/1261/1261 1234/1234/1234 
f 1262/1262/1262 1236/1236/1236 1235/1235/1235 
f 1261/1261/1261 1262/1262/1262 1235/1235/1235 
f 1263/1263/1263 1237/1237/1237 1236/1236/1236 
f 1262/1262/1262 1263/1263/1263 1236/1236/1236 
f 1264/1264/1264 1238/1238/1238 1237/1237/1237 
f 1263/1263/1263 1264/1264/1264 1237/1237/1237 
f 1265/1265/1265 1239/1239/1239 1238/1238/1238 
f 1264/1264/1264 1265/1265/1265 1238/1238/1238 
f 1266/1266/1266 1240/1240/1240 1239/1239/1239 
f 1265/1265/1265 1266/1266/1266 1239/1239/1239 
f 1267/1267/1267 1241/1241/1241 1240/1240/1240 
f 1266/1266/1266 1267/1267/1267 1240/1240/1240 
f 1268/1268/1268 1242/1242/1242 1241/1241/1241 
f 1267/1267/1267 1268/1268/1268 1241/1241/1241 
f 1269/1269/1269 1243/1243/1243 1242/1242/1242 
f 1268/1268/1268 1269/1269/1269 1242/1242/1242 
f 1270/1270/1270 1244/1244/1244 1243/1243/1243 
f 1269/1269/1269 1270/1270/1270 1243/1243/1243 
f 1271/1271/1271 1245/1245/1245 1244/1244/1244 
f 1270/1270/1270 1271/1271/1271 1244/1244/1244 
f 1272/1272/1272 1246/1246/1246 1245/1245/1245 
f 1271/1271/1271 1272/1272/1272 1245/1245/1245 
f 1273/1273/1273 1247/1247/1247 1246/1246/1246 
f 1272/1272/1272 1273/1273/1273 1246/1246/1246 
f 1274/1274/1274 1248/1248/1248 1247/1247/1247 
f 1273/1273/1273 1274/1274/1274 1247/1247/1247 
f 1275/1275/1275 1249/1249/1249 1248/1248/1248 
f 1274/1274/1274 1275/1275/1275 1248/1248/1248 
f 1276/1276/1276 1250/1250/1250 1249/1249/1249 
f 1275/1275/1275 1276/1276/1276 1249/1249/1249 
f 1277/1277/1277 1251/1251/1251 1250/1250/1250 
f 1276/1276/1276 1277/1277/1277 1250/1250/1250 
f 1278/1278/1278 1252/1252/1252 1251/1251/1251 
f 1277/1277/1277 1278/1278/1278 1251/1251/1251 
f 1253/1253/1253 1227/1227/1227 1252/1252/1252 
f 1278/1278/1278 1253/1253/1253 1252/1252/1252 
f 1280/1280/1280 1254/1254/1254 1253/1253/1253 
f 1279/1279/1279 1280/1280/1280 1253/1253/1253 
f 1281/1281/1281 1255/1255/1255 1254/1254/1254 
f 1280/1280/1280 1281/1281/1281 1254/1254/1254 
f 1282/1282/1282 1256/1256/1256 1255/1255/1255 
f 1281/1281/1281 1282/1282/1282 1255/1255/1255 
f 1283/1283/1283 1257/1257/1257 1256/1256/1256 
f 1282/1282/1282 1283/1283/1283 1256/1256/1256 
f 1284/1284/1284 1258/1258/1258 1257/1257/1257 
f 1283/1283/1283 1284/1284/1284 1257/1257/1257 
f 1285/1285/1285 1259/1259/1259 1258/1258/1258 
f 1284/1284/1284 1285/1285/1285 1258/1258/1258 
f 1286/1286/1286 1260/1260/1260 1259/1259/1259 
f 1285/1285/1285 1286/1286/1286 1259/1259/1259 
f 1287/1287/1287 1261/1261/1261 1260/1260/1260 
f 1286/1286/1286 1287/1287/1287 1260/1260/1260 
f 1288/1288/1288 1262/1262/1262 1261/1261/1261 
f 1287/1287/1287 1288/1288/1288 1261/1261/1261 
f 1289/1289/1289 1263/1263/1263 1262/1262/1262 
f 1288/1288/1288 1289/1289/1289 1262/1262/1262 
f 1290/1290/1290 1264/1264/1264 1263/1263/1263 
f 1289/1289/1289 1290/1290/1290 1263/1263/1263 
f 1291/1291/1291 1265/1265/1265 1264/1264/1264 
f 1290/1290/1290 1291/1291/1291 1264/1264/1264 
f 1292/1292/1292 1266/1266/1266 1265/1265/1265 
f 1291/1291/1291 1292/1292/1292 1265/1265/1265 
f 1293/1293/1293 1267/1267/1267 1266/1266/1266 
f 1292/1292/1292 1293/1293/1293 1266/1266/1266 
f 1294/1294/1294 1268/1268/1268 1267/1267/1267 
f 1293/1293/1293 1294/1294/1294 1267/1267/1267 
f 1295/1295/1295 1269/1269/1269 1268/1268/1268 
f 1294/1294/1294 1295/1295/1295 1268/1268/1268 
f 1296/1296/1296 1270/1270/1270 1269/1269/1269 
f 1295/1295/1295 1296/1296/1296 1269/1269/1269 
f 1297/1297/1297 1271/1271/1271 1270/1270/1270 
f 1296/1296/1296 1297/1297/1297 1270/1270/1270 
f 1298/1298/1298 1272/1272/1272 1271/1271/1271 
f 1297/1297/1297 1298/1298/1298 1271/1271/1271 
f 1299/1299/1299 1273/1273/1273 1272/1272/1272 
f 1298/1298/1298 1299/1299/1299 1272/1272/1272 
f 1300/1300/1300 1274/1274/1274 1273/1273/1273 
f 1299/1299/1299 1300/1300/1300 1273/1273/1273 
f 1301/1301/1301 1275/1275/1275 1274/1274/1274 
f 1300/1300/1300 1301/1301/1301 1274/1274/1274 
f 1302/1302/1302 1276/1276/1276 1275/1275/1275 
f 1301/1301/1301 1302/1302/1302 1275/1275/1275 
f 1303/1303/1303 1277/1277/1277 1276/1276/1276 
f 1302/1302/1302 1303/1303/1303 1276/1276/1276 
f 1304/1304/1304 1278/1278/1278 1277/1277/1277 
f 1303/1303/1303 1304/1304/1304 1277/1277/1277 
f 1279/1279/1279 1253/1253/1253 1278/1278/1278 
f 1304/1304/1304 1279/1279/1279 1278/1278/1278 
f 1306/1306/1306 1280/1280/1280 1279/1279/1279 
f 1305/1305/1305 1306/1306/1306 1279/1279/1279 
f 1307/1307/1307 1281/1281/1281 1280/1280/1280 
f 1306/1306/1306 1307/1307/1307 1280/1280/1280 
f 1308/1308/1308 1282/1282/1282 1281/1281/1281 
f 1307/1307/1307 1308/1308/1308 1281/1281/1281 
f 1309/1309/1309 1283/1283/1283 1282/1282/1282 
f 1308/1308/1308 1309/1309/1309 1282/1282/1282 
f 1310/1310/1310 1284/1284/1284 1283/1283/1283 
f 1309/1309/1309 1310/1310/1310 1283/1283/1283 
f 1311/1311/1311 1285/1285/1285 1284/1284/1284 
f 1310/1310/1310 1311/1311/1311 1284/1284/1284 
f 1312/1312/1312 1286/1286/1286 1285/1285/1285 
f 1311/1311/1311 1312/1312/1312 1285/1285/1285 
f 1313/1313/1313 1287/1287/1287 1286/1286/1286 
f 1312/1312/1312 1313/1313/1313 1286/1286/1286 
f 1314/1314/1314 1288/1288/1288 1287/1287/1287 
f 1313/1313/1313 1314/1314/1314 1287/1287/1287 
f 1315/1315/1315 1289/1289/1289 1288/1288/1288 
f 1314/1314/1314 1315/1315/1315 1288/1288/1288 
f 1316/1316/1316 1290/1290/1290 1289/1289/1289 
f 1315/1315/1315 1316/1316/1316 1289/1289/1289 
f 1317/1317/1317 1291/1291/1291 1290/1290/1290 
f 1316/1316/1316 1317/1317/1317 1290/1290/1290 
f 1318/1318/1318 1292/1292/1292 1291/1291/1291 
f 1317/1317/1317 1318/1318/1318 1291/1291/1291 
f 1319/1319/1319 1293/1293/1293 1292/1292/1292 
f 1318/1318/1318 1319/1319/1319 1292/1292/1292 
f 1320/1320/1320 1294/1294/1294 1293/1293/1293 
f 1319/1319/1319 1320/1320/1320 1293/1293/1293 
f 1321/1321/1321 1295/1295/1295 1294/1294/1294 
f 1320/1320/1320 1321/1321/1321 1294/1294/1294 
f 1322/1322/1322 1296/1296/1296 1295/1295/1295 
f 1321/1321/1321 1322/1322/1322 1295/1295/1295 
f 1323/1323/1323 1297/1297/1297 1296/1296/1296 
f 1322/1322/1322 1323/1323/1323 1296/1296/1296 
f 1324/1324/1324 1298/1298/1298 1297/1297/1297 
f 1323/1323/1323 1324/1324/1324 1297/1297/1297 
f 1325/1325/1325 1299/1299/1299 1298/1298/1298 
f 1324/1324/1324 1325/1325/1325 1298/1298/1298 
f 1326/1326/1326 1300/1300/1300 1299/1299/1299 
f 1325/1325/1325 1326/1326/1326 1299/1299/1299 
f 1327/1327/1327 1301/1301/1301 1300/1300/1300 
f 1326/1326/1326 1327/1327/1327 1300/1300/1300 
f 1328/1328/1328 1302/1302/1302 1301/1301/1301 
f 1327/1327/1327 1328/1328/1328 1301/1301/1301 
f 1329/1329/1329 1303/1303/1303 1302/1302/1302 
f 1328/1328/1328 1329/1329/1329 1302/1302/1302 
f 1330/1330/1330 1304/1304/1304 1303/1303/1303 
f 1329/1329/1329 1330/1330/1330 1303/1303/1303 
f 1305/1305/1305 1279/1279/1279 1304/1304/1304 
f 1330/1330/1330 1305/1305/1305 1304/1304/1304 
f 1332/1332/1332 1306/1306/1306 1305/1305/1305 
f 1331/1331/1331 1332/1332/1332 1305/1305/1305 
f 1333/1333/1333 1307/1307/1307 1306/1306/1306 
f 1332/1332/1332 1333/1333/1333 1306/1306/1306 
f 1334/1334/1334 1308/1308/1308 1307/1307/1307 
f 1333/1333/1333 1334/1334/1334 1307/1307/1307 
f 1335/1335/1335 1309/1309/1309 1308/1308/1308 
f 1334/1334/1334 1335/1335/1335 1308/1308/1308 
f 1336/1336/1336 1310/1310/1310 1309/1309/1309 
f 1335/1335/1335 1336/1336/1336 1309/1309/1309 
f 1337/1337/1337 1311/1311/1311 1310/1310/1310 
f 1336/1336/1336 1337/1337/1337 1310/1310/1310 
f 1338/1338/1338 1312/1312/1312 1311/1311/1311 
f 1337/1337/1337 1338/1338/1338 1311/1311/1311 
f 1339/1339/1339 1313/1313/1313 1312/1312/1312 
f 1338/1338/1338 1339/1339/1339 1312/1312/1312 
f 1340/1340/1340 1314/1314/1314 1313/1313/1313 
f 1339/1339/1339 1340/1340/1340 1313/1313/1313 
f 1341/1341/1341 1315/1315/1315 1314/1314/1314 
f 1340/1340/1340 1341/1341/1341 1314/1314/1314 
f 1342/1342/1342 1316/1316/1316 1315/1315/1315 
f 1341/1341/1341 1342/1342/1342 1315/1315/1315 
f 1343/1343/1343 1317/1317/1317 1316/1316/1316 
f 1342/1342/1342 1343/1343/1343 1316/1316/1316 
f 1344/1344/1344 1318/1318/1318 1317/1317/1317 
f 1343/1343/1343 1344/1344/1344 1317/1317/1317 
f 1345/1345/1345 1319/1319/1319 1318/1318/1318 
f 1344/1344/1344 1345/1345/1345 1318/1318/1318 
f 1346/1346/1346 1320/1320/1320 1319/1319/1319 
f 1345/1345/1345 1346/1346/1346 1319/1319/1319 
f 1347/1347/1347 1321/1321/1321 1320/1320/1320 
f 1346/1346/1346 1347/1347/1347 1320/1320/1320 
f 1348/1348/1348 1322/1322/1322 1321/1321/1321 
f 1347/1347/1347 1348/1348/1348 1321/1321/1321 
f 1349/1349/1349 1323/1323/1323 1322/1322/1322 
f 1348/1348/1348 1349/1349/1349 1322/1322/1322 
f 1350/1350/1350 1324/1324/1324 1323/1323/1323 
f 1349/1349/1349 1350/1350/1350 1323/1323/1323 
f 1351/1351/1351 1325/1325/1325 1324/1324/1324 
f 1350/1350/1350 1351/1351/1351 1324/1324/1324 
f 1352/1352/1352 1326/1326/1326 1325/1325/1325 
f 1351/1351/1351 1352/1352/1352 1325/1325/1325 
f 1353/1353/1353 1327/1327/1327 1326/1326/1326 
f 1352/1352/1352 1353/1353/1353 1326/1326/1326 
f 1354/1354/1354 1328/1328/1328 1327/1327/1327 
f 1353/1353/1353 1354/1354/1354 1327/1327/1327 
f 1355/1355/1355 1329/1329/1329 1328/1328/1328 
f 1354/1354/1354 1355/1355/1355 1328/1328/1328 
f 1356/1356/1356 1330/1330/1330 1329/1329/1329 
f 1355/1355/1355 1356/1356/1356 1329/1329/1329 
f 1331/1331/1331 1305/1305/1305 1330/1330/1330 
f 1356/1356/1356 1331/1331/1331 1330/1330/1330 
f 1358/1358/1358 1332/1332/1332 1331/1331/1331 
f 1357/1357/1357 1358/1358/1358 1331/1331/1331 
f 1359/1359/1359 1333/1333/1333 1332/1332/1332 
f 1358/1358/1358 1359/1359/1359 1332/1332/1332 
f 1360/1360/1360 1334/1334/1334 1333/1333/1333 
f 1359/1359/1359 1360/1360/1360 1333/1333/1333 
f 1361/1361/1361 1335/1335/1335 1334/1334/1334 
f 1360/1360/1360 1361/1361/1361 1334/1334/1334 
f 1362/1362/1362 1336/1336/1336 1335/1335/1335 
f 1361/1361/1361 1362/1362/1362 1335/1335/1335 
f 1363/1363/1363 1337/1337/1337 1336/1336/1336 
f 1362/1362/1362 1363/1363/1363 1336/1336/1336 
f 1364/1364/1364 1338/1338/1338 1337/1337/1337 
f 1363/1363/1363 1364/1364/1364 1337/1337/1337 
f 1365/1365/1365 1339/1339/1339 1338/1338/1338 
f 1364/1364/1364 1365/1365/1365 1338/1338/1338 
f 1366/1366/1366 1340/1340/1340 1339/1339/1339 
f 1365/1365/1365 1366/1366/1366 1339/1339/1339 
f 1367/1367/1367 1341/1341/1341 1340/1340/1340 
f 1366/1366/1366 1367/1367/1367 1340/1340/1340 
f 1368/1368/1368 1342/1342/1342 1341/1341/1341 
f 1367/1367/1367 1368/1368/1368 1341/1341/1341 
f 1369/1369/1369 1343/1343/1343 1342/1342/1342 
f 1368/1368/1368 1369/1369/1369 1342/1342/1342 
f 1370/1370/1370 1344/1344/1344 1343/1343/1343 
f 1369/1369/1369 1370/1370/1370 1343/1343/1343 
f 1371/1371/1371 1345/1345/1345 1344/1344/1344 
f 1370/1370/1370 1371/1371/1371 1344/1344/1344 
f 1372/1372/1372 1346/1346/1346 1345/1345/1345 
f 1371/1371/1371 1372/1372/1372 1345/1345/1345 
f 1373/1373/1373 1347/1347/1347 1346/1346/1346 
f 1372/1372/1372 1373/1373/1373 1346/1346/1346 
f 1374/1374/1374 1348/1348/1348 1347/1347/1347 
f 1373/1373/1373 1374/1374/1374 1347/1347/1347 
f 1375/1375/1375 1349/1349/1349 1348/1348/1348 
f 1374/1374/1374 1375/1375/1375 1348/1348/1348 
f 1376/1376/1376 1350/1350/1350 1349/1349/1349 
f 1375/1375/1375 1376/1376/1376 1349/1349/1349 
f 1377/1377/1377 1351/1351/1351 1350/1350/1350 
f 1376/1376/1376 1377/1377/1377 1350/1350/1350 
f 1378/1378/1378 1352/1352/1352 1351/1351/1351 
f 1377/1377/1377 1378/1378/1378 1351/1351/1351 
f 1379/1379/1379 1353/1353/1353 1352/1352/1352 
f 1378/1378/1378 1379/1379/1379 1352/1352/1352 
f 1380/1380/1380 1354/1354/1354 1353/1353/1353 
f 1379/1379/1379 1380/1380/1380 1353/1353/1353 
f 1381/1381/1381 1355/1355/1355 1354/1354/1354 
f 1380/1380/1380 1381/1381/1381 1354/1354/1354 
f 1382/1382/1382 1356/1356/1356 1355/1355/1355 
f 1381/1381/1381 1382/1382/1382 1355/1355/1355 
f 1357/1357/1357 1331/1331/1331 1356/1356/1356 
f 1382/1382/1382 1357/1357/1357 1356/1356/1356 
f 1384/1384/1384 1358/1358/1358 1357/1357/1357 
f 1383/1383/1383 1384/1384/1384 1357/1357/1357 
f 1385/1385/1385 1359/1359/1359 1358/1358/1358 
f 1384/1384/1384 1385/1385/1385 1358/1358/1358 
f 1386/1386/1386 1360/1360/1360 1359/1359/1359 
f 1385/1385/1385 1386/1386/1386 1359/1359/1359 
f 1387/1387/1387 1361/1361/1361 1360/1360/1360 
f 1386/1386/1386 1387/1387/1387 1360/1360/1360 
f 1388/1388/1388 1362/1362/1362 1361/1361/1361 
f 1387/1387/1387 1388/1388/1388 1361/1361/1361 
f 1389/1389/1389 1363/1363/1363 1362/1362/1362 
f 1388/1388/1388 1389/1389/1389 1362/1362/1362 
f 1390/1390/1390 1364/1364/1364 1363/1363/1363 
f 1389/1389/1389 1390/1390/1390 1363/1363/1363 
f 1391/1391/1391 1365/1365/1365 1364/1364/1364 
f 1390/1390/1390 1391/1391/1391 1364/1364/1364 
f 1392/1392/1392 1366/1366/1366 1365/1365/1365 
f 1391/1391/1391 1392/1392/1392 1365/1365/1365 
f 1393/1393/1393 1367/1367/1367 1366/1366/1366 
f 1392/1392/1392 1393/1393/1393 1366/1366/1366 
f 1394/1394/1394 1368/1368/1368 1367/1367/1367 
f 1393/1393/1393 1394/1394/1394 1367/1367/1367 
f 1395/1395/1395 1369/1369/1369 1368/1368/1368 
f 1394/1394/1394 1395/1395/1395 1368/1368/1368 
f 1396/1396/1396 1370/1370/1370 1369/1369/1369 
f 1395/1395/1395 1396/1396/1396 1369/1369/1369 
f 1397/1397/1397 1371/1371/1371 1370/1370/1370 
f 1396/1396/1396 1397/1397/1397 1370/1370/1370 
f 1398/1398/1398 1372/1372/1372 1371/1371/1371 
f 1397/1397/1397 1398/1398/1398 1371/1371/1371 
f 1399/1399/1399 1373/1373/1373 1372/1372/1372 
f 1398/1398/1398 1399/1399/1399 1372/1372/1372 
f 1400/1400/1400 1374/1374/1374 1373/1373/1373 
f 1399/1399/1399 1400/1400/1400 1373/1373/1373 
f 1401/1401/1401 1375/1375/1375 1374/1374/1374 
f 1400/1400/1400 1401/1401/1401 1374/1374/1374 
f 1402/1402/1402 1376/1376/1376 1375/1375/1375 
f 1401/1401/1401 1402/1402/1402 1375/1375/1375 
f 1403/1403/1403 1377/1377/1377 1376/1376/1376 
f 1402/1402/1402 1403/1403/1403 1376/1376/1376 
f 1404/1404/1404 1378/1378/1378 1377/1377/1377 
f 1403/1403/1403 1404/1404/1404 1377/1377/1377 
f 1405/1405/1405 1379/1379/1379 1378/1378/1378 
f 1404/1404/1404 1405/1405/1405 1378/1378/1378 
f 1406/1406/1406 1380/1380/1380 1379/1379/1379 
f 1405/1405/1405 1406/1406/1406 1379/1379/1379 
f 1407/1407/1407 1381/1381/1381 1380/1380/1380 
f 1406/1406/1406 1407/1407/1407 1380/1380/1380 
f 1408/1408/1408 1382/1382/1382 1381/1381/1381 
f 1407/1407/1407 1408/1408/1408 1381/1381/1381 
f 1383/1383/1383 1357/1357/1357 1382/1382/1382 
f 1408/1408/1408 1383/1383/1383 1382/1382/1382 
f 1410/1410/1410 1384/1384/1384 1383/1383/1383 
f 1409/1409/1409 1410/1410/1410 1383/1383/1383 
f 1411/1411/1411 1385/1385/1385 1384/1384/1384 
f 1410/1410/1410 1411/1411/1411 1384/1384/1384 
f 1412/1412/1412 1386/1386/1386 1385/1385/1385 
f 1411/1411/1411 1412/1412/1412 1385/1385/1385 
f 1413/1413/1413 1387/1387/1387 1386/1386/1386 
f 1412/1412/1412 1413/1413/1413 1386/1386/1386 
f 1414/1414/1414 1388/1388/1388 1387/1387/1387 
f 1413/1413/1413 1414/1414/1414 1387/1387/1387 
f 1415/1415/1415 1389/1389/1389 1388/1388/1388 
f 1414/1414/1414 1415/1415/1415 1388/1388/1388 
f 1416/1416/1416 1390/1390/1390 1389/1389/1389 
f 1415/1415/1415 1416/1416/1416 1389/1389/1389 
f 1417/1417/1417 1391/1391/1391 1390/1390/1390 
f 1416/1416/1416 1417/1417/1417 1390/1390/1390 
f 1418/1418/1418 1392/1392/1392 1391/1391/1391 
f 1417/1417/1417 1418/1418/1418 1391/1391/1391 
f 1419/1419/1419 1393/1393/1393 1392/1392/1392 
f 1418/1418/1418 1419/1419/1419 1392/1392/1392 
f 1420/1420/1420 1394/1394/1394 1393/1393/1393 
f 1419/1419/1419 1420/1420/1420 1393/1393/1393 
f 1421/1421/1421 1395/1395/1395 1394/1394/1394 
f 1420/1420/1420 1421/1421/1421 1394/1394/1394 
f 1422/1422/1422 1396/1396/1396 1395/1395/1395 
f 1421/1421/1421 1422/1422/1422 1395/1395/1395 
f 1423/1423/1423 1397/1397/1397 1396/1396/1396 
f 1422/1422/1422 1423/1423/1423 1396/1396/1396 
f 1424/1424/1424 1398/1398/1398 1397/1397/1397 
f 1423/1423/1423 1424/1424/1424 1397/1397/1397 
f 1425/1425/1425 1399/1399/1399 1398/1398/1398 
f 1424/1424/1424 1425/1425/1425 1398/1398/1398 
f 1426/1426/1426 1400/1400/1400 1399/1399/1399 
f 1425/1425/1425 1426/1426/1426 1399/1399/1399 
f 1427/1427/1427 1401/1401/1401 1400/1400/1400 
f 1426/1426/1426 1427/1427/1427 1400/1400/1400 
f 1428/1428/1428 1402/1402/1402 1401/1401/1401 
f 1427/1427/1427 1428/1428/1428 1401/1401/1401 
f 1429/1429/1429 1403/1403/1403 1402/1402/1402 
f 1428/1428/1428 1429/1429/1429 1402/1402/1402 
f 1430/1430/1430 1404/1404/1404 1403/1403/1403 
f 1429/1429/1429 1430/1430/1430 1403/1403/1403 
f 1431/1431/1431 1405/1405/1405 1404/1404/1404 
f 1430/1430/1430 1431/1431/1431 1404/1404/1404 
f 1432/1432/1432 1406/1406/1406 1405/1405/1405 
f 1431/1431/1431 1432/1432/1432 1405/1405/1405 
f 1433/1433/1433 1407/1407/1407 1406/1406/1406 
f 1432/1432/1432 1433/1433/1433 1406/1406/1406 
f 1434/1434/1434 1408/1408/1408 1407/1407/1407 
f 1433/1433/1433 1434/1434/1434 1407/1407/1407 
f 1409/1409/1409 1383/1383/1383 1408/1408/1408 
f 1434/1434/1434 1409/1409/1409 1408/1408/1408 
f 785/785/785 786/786/786 1435/1435/1435 
f 1410/1410/1410 1409/1409/1409 1436/1436/1436 
f 786/786/786 787/787/787 1435/1435/1435 
f 1411/1411/1411 1410/1410/1410 1436/1436/1436 
f 787/787/787 788/788/788 1435/1435/1435 
f 1412/1412/1412 1411/1411/1411 1436/1436/1436 
f 788/788/788 789/789/789 1435/1435/1435 
f 1413/1413/1413 1412/1412/1412 1436/1436/1436 
f 789/789/789 790/790/790 1435/1435/1435 
f 1414/1414/1414 1413/1413/1413 1436/1436/1436 
f 790/790/790 791/791/791 1435/1435/1435 
f 1415/1415/1415 1414/1414/1414 1436/1436/1436 
f 791/791/791 792/792/792 1435/1435/1435 
f 1416/1416/1416 1415/1415/1415 1436/1436/1436 
f 792/792/792 793/793/793 1435/1435/1435 
f 1417/1417/1417 1416/1416/1416 1436/1436/1436 
f 793/793/793 794/794/794 1435/1435/1435 
f 1418/1418/1418 1417/1417/1417 1436/1436/1436 
f 794/794/794 795/795/795 1435/1435/1435 
f 1419/1419/1419 1418/1418/1418 1436/1436/1436 
f 795/795/795 796/796/796 1435/1435/1435 
f 1420/1420/1420 1419/1419/1419 1436/1436/1436 
f 796/796/796 797/797/797 1435/1435/1435 
f 1421/1421/1421 1420/1420/1420 1436/1436/1436 
f 797/797/797 798/798/798 1435/1435/1435 
f 1422/1422/1422 1421/1421/1421 1436/1436/1436 
f 798/798/798 799/799/799 1435/1435/1435 
f 1423/1423/1423 1422/1422/1422 1436/1436/1436 
f 799/799/799 800/800/800 1435/1435/1435 
f 1424/1424/1424 1423/1423/1423 1436/1436/1436 
f 800/800/800 801/801/801 1435/1435/1435 
f 1425/1425/1425 1424/1424/1424 1436/1436/1436 
f 801/801/801 802/802/802 1435/1435/1435 
f 1426/1426/1426 1425/1425/1425 1436/1436/1436 
f 802/802/802 803/803/803 1435/1435/1435 
f 1427/1427/1427 1426/1426/1426 1436/1436/1436 
f 803/803/803 804/804/804 1435/1435/1435 
f 1428/1428/1428 1427/1427/1427 1436/1436/1436 
f 804/804/804 805/805/805 1435/1435/1435 
f 1429/1429/1429 1428/1428/1428 1436/1436/1436 
f 805/805/805 806/806/806 1435/1435/1435 
f 1430/1430/1430 1429/1429/1429 1436/1436/1436 
f 806/806/806 807/807/807 1435/1435/1435 
f 1431/1431/1431 1430/1430/1430 1436/1436/1436 
f 807/807/807 808/808/808 1435/1435/1435 
f 1432/1432/1432 1431/1431/1431 1436/1436/1436 
f 808/808/808 809/809/809 1435/1435/1435 
f 1433/1433/1433 1432/1432/1432 1436/1436/1436 
f 809/809/809 810/810/810 1435/1435/1435 
f 1434/1434/1434 1433/1433/1433 1436/1436/1436 
f 810/810/810 785/785/785 1435/1435/1435 
f 1409/1409/1409 1434/1434/1434 1436/1436/1436 

g p.0017
usemap Cartoon_FFFFFF
usemtl Cartoon_FFFFFF
v -0.06915744 0.1972747 -0.03251623
v -0.06933913 0.1973163 -0.03095753
v -0.06914355 0.1973873 -0.02940157
v -0.06858205 0.1974837 -0.02793879
v -0.06768727 0.1975997 -0.0266542
v -0.06651121 0.1977288 -0.02562244
v -0.06512222 0.1978633 -0.02490349
v -0.06360102 0.1979955 -0.02453913
v -0.06203602 0.1981177 -0.02455052
v -0.06051817 0.1982228 -0.02493702
v -0.05913568 0.1983047 -0.02567615
v -0.0579689 0.1983585 -0.02672496
v -0.05708564 0.1983813 -0.02802251
v -0.05653722 0.1983716 -0.02949337
v -0.05635552 0.19833 -0.03105207
v -0.05655111 0.198259 -0.03260802
v -0.05711261 0.1981627 -0.0340708
v -0.05800739 0.1980466 -0.0353554
v -0.05918345 0.1979175 -0.03638715
v -0.06057244 0.197783 -0.0371061
v -0.06209364 0.1976508 -0.03747047
v -0.06365864 0.1975286 -0.03745907
v -0.06517649 0.1974235 -0.03707258
v -0.06655898 0.1973417 -0.03633345
v -0.06772576 0.1972878 -0.03528463
v -0.06860902 0.1972651 -0.03398709
v -0.07148923 0.1957657 -0.03305265
v -0.07174098 0.1958233 -0.03089285
v -0.07146998 0.1959217 -0.02873686
v -0.07069194 0.1960552 -0.02670998
v -0.0694521 0.196216 -0.02492999
v -0.06782251 0.1963949 -0.02350035
v -0.06589786 0.1965813 -0.02250414
v -0.06379002 0.1967645 -0.02199926
v -0.0616215 0.1969338 -0.02201505
v -0.0595183 0.1970794 -0.02255059
v -0.05760267 0.1971928 -0.02357476
v -0.05598593 0.1972674 -0.02502804
v -0.05476205 0.197299 -0.02682597
v -0.05400214 0.1972855 -0.02886406
v -0.05375038 0.197228 -0.03102386
v -0.05402139 0.1971295 -0.03317985
v -0.05479942 0.196996 -0.03520674
v -0.05603927 0.1968352 -0.03698672
v -0.05766886 0.1966564 -0.03841636
v -0.0595935 0.19647 -0.03941257
v -0.06170134 0.1962868 -0.03991745
v -0.06386987 0.1961174 -0.03990166
v -0.06597307 0.1959719 -0.03936612
v -0.06788869 0.1958584 -0.03834195
v -0.06950543 0.1957838 -0.03688867
v -0.07072932 0.1957523 -0.03509074
v -0.07312718 0.194317 -0.03342289
v -0.07342903 0.194386 -0.03083338
v -0.0731041 0.194504 -0.02824843
v -0.07217127 0.194664 -0.02581828
v -0.07068475 0.1948569 -0.02368415
v -0.06873094 0.1950713 -0.02197007
v -0.06642337 0.1952948 -0.02077566
v -0.06389616 0.1955145 -0.02017033
v -0.06129619 0.1957175 -0.02018926
v -0.05877455 0.195892 -0.02083136
v -0.05647778 0.196028 -0.0220593
v -0.05453938 0.1961175 -0.02380172
v -0.05307199 0.1961553 -0.02595736
v -0.0521609 0.1961392 -0.02840094
v -0.05185904 0.1960701 -0.03099045
v -0.05218397 0.1959522 -0.03357539
v -0.05311681 0.1957921 -0.03600554
v -0.05460332 0.1955993 -0.03813967
v -0.05655714 0.1953849 -0.03985375
v -0.05886471 0.1951613 -0.04104816
v -0.06139191 0.1949417 -0.04165349
v -0.06399189 0.1947387 -0.04163456
v -0.06651353 0.1945641 -0.04099246
v -0.06881028 0.1944282 -0.03976453
v -0.07074869 0.1943387 -0.03802211
v -0.07221608 0.1943009 -0.03586647
v -0.0743812 0.1929016 -0.03370116
v -0.0747221 0.1929796 -0.03077678
v -0.07435514 0.1931128 -0.02785755
v -0.07330168 0.1932936 -0.02511314
v -0.07162292 0.1935113 -0.02270302
v -0.06941644 0.1937535 -0.02076728
v -0.06681046 0.1940059 -0.01941841
v -0.06395644 0.194254 -0.01873479
v -0.06102024 0.1944832 -0.01875618
v -0.0581725 0.1946803 -0.0194813
v -0.05557872 0.1948339 -0.02086804
v -0.05338964 0.1949349 -0.02283579
v -0.05173249 0.1949776 -0.02527019
v -0.05070357 0.1949595 -0.02802978
v -0.05036268 0.1948815 -0.03095416
v -0.05072964 0.1947483 -0.03387339
v -0.0517831 0.1945675 -0.03661781
v -0.05346186 0.1943497 -0.03902792
v -0.05566834 0.1941076 -0.04096366
v -0.05827432 0.1938552 -0.04231253
v -0.06112834 0.1936071 -0.04299614
v -0.06406455 0.1933779 -0.04297476
v -0.06691229 0.1931807 -0.04224963
v -0.06950606 0.1930272 -0.0408629
v -0.07169513 0.1929261 -0.03889515
v -0.07335228 0.1928834 -0.03646075
v -0.07537262 0.1915091 -0.03391654
v -0.07574499 0.1915942 -0.03072215
v -0.07534415 0.1917398 -0.02753339
v -0.07419342 0.1919372 -0.02453559
v -0.07235967 0.1921751 -0.02190295
v -0.06994946 0.1924396 -0.01978848
v -0.06710288 0.1927153 -0.01831507
v -0.06398535 0.1929863 -0.01756834
v -0.06077805 0.1932367 -0.0175917
v -0.05766738 0.193452 -0.01838377
v -0.05483412 0.1936198 -0.01989855
v -0.05244293 0.1937301 -0.02204798
v -0.05063278 0.1937768 -0.02470714
v -0.04950887 0.1937569 -0.02772152
v -0.0491365 0.1936717 -0.0309159
v -0.04953733 0.1935262 -0.03410466
v -0.05068806 0.1933288 -0.03710247
v -0.05252182 0.1930909 -0.0397351
v -0.05493202 0.1928264 -0.04184957
v -0.0577786 0.1925507 -0.04332298
v -0.06089614 0.1922797 -0.04406971
v -0.06410343 0.1920293 -0.04404636
v -0.0672141 0.191814 -0.04325428
v -0.07004736 0.1916462 -0.04173951
v -0.07243855 0.1915358 -0.03959008
v -0.0742487 0.1914892 -0.03693091
v -0.07616385 0.1901339 -0.03408396
v -0.07656193 0.190225 -0.03066902
v -0.07613342 0.1903805 -0.02726009
v -0.07490324 0.1905916 -0.0240553
v -0.07294288 0.1908459 -0.0212409
v -0.07036626 0.1911287 -0.01898044
v -0.06732313 0.1914235 -0.01740529
v -0.06399035 0.1917131 -0.01660701
v -0.0605616 0.1919808 -0.01663198
v -0.05723616 0.192211 -0.01747874
v -0.05420728 0.1923903 -0.0190981
v -0.05165099 0.1925084 -0.02139594
v -0.04971585 0.1925582 -0.02423871
v -0.04851434 0.192537 -0.02746121
v -0.04811626 0.1924459 -0.03087615
v -0.04854477 0.1922904 -0.03428507
v -0.04977495 0.1920793 -0.03748986
v -0.05173532 0.191825 -0.04030427
v -0.05431193 0.1915422 -0.04256473
v -0.05735506 0.1912474 -0.04413987
v -0.06068784 0.1909578 -0.04493816
v -0.06411659 0.1906901 -0.04491319
v -0.06744204 0.1904599 -0.04406643
v -0.07047091 0.1902806 -0.04244707
v -0.0730272 0.1901625 -0.04014923
v -0.07496233 0.1901127 -0.03730646
v -0.07679179 0.188773 -0.03421227
v -0.07721087 0.1888688 -0.03061711
v -0.07675976 0.1890326 -0.02702828
v -0.07546465 0.1892548 -0.02365436
v -0.07340083 0.1895226 -0.02069143
v -0.07068823 0.1898202 -0.01831167
v -0.06748451 0.1901306 -0.0166534
v -0.06397584 0.1904355 -0.01581299
v -0.06036615 0.1907173 -0.01583927
v -0.05686521 0.1909597 -0.01673073
v -0.05367648 0.1911485 -0.01843555
v -0.05098529 0.1912727 -0.02085465
v -0.04894803 0.1913252 -0.02384745
v -0.0476831 0.1913028 -0.02724001
v -0.04726402 0.191207 -0.03083517
v -0.04771514 0.1910432 -0.034424
v -0.04901024 0.190821 -0.03779792
v -0.05107407 0.1905532 -0.04076086
v -0.05378666 0.1902556 -0.04314061
v -0.05699039 0.1899452 -0.04479888
v -0.06049905 0.1896403 -0.04563929
v -0.06410874 0.1893585 -0.04561301
v -0.06760969 0.1891161 -0.04472155
v -0.07079841 0.1889273 -0.04301674
v -0.07348961 0.1888031 -0.04059763
v -0.07552687 0.1887506 -0.03760483
v -0.07728007 0.1874242 -0.03430713
v -0.07771613 0.1875239 -0.03056625
v -0.07724673 0.1876943 -0.02683196
v -0.07589913 0.1879255 -0.02332129
v -0.07375166 0.1882041 -0.02023826
v -0.07092912 0.1885139 -0.01776205
v -0.06759554 0.1888368 -0.01603656
v -0.06394466 0.1891541 -0.01516209
v -0.06018865 0.1894473 -0.01518944
v -0.05654582 0.1896995 -0.01611703
v -0.05322784 0.1898959 -0.01789094
v -0.05042757 0.1900252 -0.0204081
v -0.04830774 0.1900798 -0.02352219
v -0.04699154 0.1900566 -0.02705227
v -0.04655547 0.1899568 -0.03079315
v -0.04702488 0.1897864 -0.03452744
v -0.04837247 0.1895552 -0.03803811
v -0.05051995 0.1892766 -0.04112114
v -0.05334248 0.1889669 -0.04359735
v -0.05667606 0.1886439 -0.04532283
v -0.06032695 0.1883266 -0.04619731
v -0.06408295 0.1880334 -0.04616996
v -0.06772579 0.1877812 -0.04524237
v -0.07104376 0.1875848 -0.04346845
v -0.07384403 0.1874555 -0.0409513
v -0.07596387 0.1874009 -0.0378372
v -0.0776445 0.1860861 -0.03437233
v -0.07809399 0.1861889 -0.03051631
v -0.07761014 0.1863646 -0.0266671
v -0.07622107 0.1866029 -0.02304838
v -0.0740075 0.1868901 -0.01987046
v -0.0710981 0.1872094 -0.01731805
v -0.06766193 0.1875422 -0.01553946
v -0.06389868 0.1878693 -0.01463807
v -0.06002708 0.1881716 -0.01466626
v -0.05627213 0.1884315 -0.01562239
v -0.05285204 0.188634 -0.01745091
v -0.04996558 0.1887672 -0.02004553
v -0.04778051 0.1888235 -0.02325547
v -0.04642381 0.1887995 -0.02689418
v -0.04597432 0.1886967 -0.0307502
v -0.04645817 0.188521 -0.03459942
v -0.04784724 0.1882827 -0.03821813
v -0.0500608 0.1879956 -0.04139605
v -0.05297021 0.1876763 -0.04394846
v -0.05640639 0.1873434 -0.04572705
v -0.06016963 0.1870164 -0.04662844
v -0.06404123 0.1867141 -0.04660025
v -0.06779619 0.1864541 -0.04564412
v -0.07121626 0.1862517 -0.04381561
v -0.07410272 0.1861184 -0.04122098
v -0.0762878 0.1860621 -0.03801104
v -0.07789596 0.1847579 -0.03441046
v -0.07835562 0.184863 -0.03046723
v -0.07786082 0.1850426 -0.02653094
v -0.07644033 0.1852864 -0.02283037
v -0.0741767 0.18558 -0.01958057
v -0.07120147 0.1859065 -0.01697041
v -0.06768758 0.1862469 -0.01515159
v -0.06383921 0.1865814 -0.01422981
v -0.05988004 0.1868905 -0.01425864
v -0.05604015 0.1871563 -0.01523641
v -0.05254269 0.1873634 -0.01710628
v -0.04959095 0.1874996 -0.01975959
v -0.04735645 0.1875572 -0.02304214
v -0.04596905 0.1875327 -0.02676316
v -0.0455094 0.1874276 -0.0307064
v -0.04600419 0.1872479 -0.03464269
v -0.04742469 0.1870042 -0.03834326
v -0.04968832 0.1867105 -0.04159306
v -0.05266354 0.186384 -0.04420321
v -0.05617744 0.1860436 -0.04602203
v -0.0600258 0.1857092 -0.04694381
v -0.06398498 0.1854001 -0.04691498
v -0.06782487 0.1851342 -0.04593722
v -0.07132232 0.1849272 -0.04406735
v -0.07427406 0.1847909 -0.04141403
v -0.07650857 0.1847334 -0.03813148
v -0.07804182 0.1834388 -0.0344233
v -0.07850861 0.1835456 -0.03041893
v -0.07800614 0.183728 -0.02642161
v -0.07656363 0.1839755 -0.02266366
v -0.07426489 0.1842737 -0.01936347
v -0.07124354 0.1846053 -0.01671285
v -0.06767516 0.1849509 -0.01486583
v -0.06376713 0.1852906 -0.01392976
v -0.05974657 0.1856045 -0.01395904
v -0.05584714 0.1858744 -0.01495196
v -0.05229546 0.1860847 -0.01685082
v -0.04929794 0.1862231 -0.01954528
v -0.0470288 0.1862815 -0.02287872
v -0.0456199 0.1862566 -0.02665744
v -0.04515311 0.1861499 -0.03066181
v -0.04565558 0.1859674 -0.03465913
v -0.0470981 0.1857199 -0.03841708
v -0.04939683 0.1854217 -0.04171726
v -0.05241818 0.1850902 -0.04436789
v -0.05598656 0.1847445 -0.04621491
v -0.0598946 0.1844049 -0.04715098
v -0.06391516 0.184091 -0.0471217
v -0.06781459 0.183821 -0.04612878
v -0.07136626 0.1836108 -0.04422992
v -0.07436378 0.1834724 -0.04153546
v -0.07663292 0.1834139 -0.03820202
v -0.07808688 0.1821285 -0.034412
v -0.07855789 0.1822363 -0.03037139
v -0.07805088 0.1824203 -0.02633789
v -0.07659531 0.1826701 -0.02254593
v -0.07427578 0.182971 -0.01921588
v -0.07122708 0.1833055 -0.01654127
v -0.0676264 0.1836543 -0.01467754
v -0.063683 0.183997 -0.01373299
v -0.05962606 0.1843138 -0.01376253
v -0.05569134 0.1845862 -0.01476444
v -0.05210752 0.1847984 -0.01668049
v -0.04908288 0.184938 -0.01939933
v -0.0467932 0.184997 -0.02276294
v -0.04537154 0.1849719 -0.02657585
v -0.04490053 0.1848641 -0.03061647
v -0.04540755 0.18468 -0.03464996
v -0.04686312 0.1844303 -0.03844192
v -0.04918265 0.1841294 -0.04177197
v -0.05223135 0.1837948 -0.04444658
v -0.05583202 0.183446 -0.04631032
v -0.05977542 0.1831033 -0.04725486
v -0.06383237 0.1827866 -0.04722532
v -0.06776709 0.1825142 -0.04622341
v -0.07135091 0.182302 -0.04430736
v -0.07437555 0.1821624 -0.04158853
v -0.07666523 0.1821034 -0.03822491
v -0.07803385 0.1808268 -0.0343772
v -0.07850626 0.1809348 -0.03032458
v -0.07799774 0.1811194 -0.0262791
v -0.07653784 0.1813699 -0.02247587
v -0.07421141 0.1816717 -0.01913592
v -0.07115366 0.1820073 -0.01645336
v -0.06754228 0.1823571 -0.01458409
v -0.06358716 0.1827008 -0.01363674
v -0.05951816 0.1830185 -0.01366637
v -0.05557175 0.1832917 -0.01467125
v -0.05197728 0.1835045 -0.016593
v -0.04894365 0.1836446 -0.01931991
v -0.04664716 0.1837037 -0.02269352
v -0.04522128 0.1836785 -0.02651777
v -0.04474888 0.1835705 -0.03057039
v -0.0452574 0.1833858 -0.03461587
v -0.04671729 0.1831354 -0.0384191
v -0.04904372 0.1828336 -0.04175904
v -0.05210147 0.182498 -0.0444416
v -0.05571285 0.1821482 -0.04631088
v -0.05966797 0.1818044 -0.04725823
v -0.06373698 0.1814868 -0.0472286
v -0.06768338 0.1812136 -0.04622371
v -0.07127785 0.1810008 -0.04430197
v -0.07431148 0.1808607 -0.04157505
v -0.07660797 0.1808016 -0.03820144
v -0.07788359 0.1795334 -0.03431911
v -0.0783546 0.1796412 -0.0302785
v -0.07784759 0.1798252 -0.02624501
v -0.07639202 0.180075 -0.02245305
v -0.07407248 0.1803759 -0.019123
v -0.07102378 0.1807105 -0.01644838
v -0.06742311 0.1810592 -0.01458465
v -0.06347971 0.181402 -0.01364011
v -0.05942276 0.1817187 -0.01366965
v -0.05548805 0.1819911 -0.01467155
v -0.05190422 0.1822033 -0.0165876
v -0.04887958 0.1823429 -0.01930644
v -0.0465899 0.1824019 -0.02267005
v -0.04516825 0.1823768 -0.02648297
v -0.04469724 0.182269 -0.03052358
v -0.04520425 0.1820849 -0.03455707
v -0.04665983 0.1818352 -0.03834904
v -0.04897936 0.1815343 -0.04167909
v -0.05202805 0.1811997 -0.0443537
v -0.05562873 0.180851 -0.04621743
v -0.05957213 0.1805082 -0.04716197
v -0.06362908 0.1801915 -0.04713243
v -0.06756379 0.1799191 -0.04613052
v -0.07114761 0.1797069 -0.04421448
v -0.07417226 0.1795673 -0.04149564
v -0.07646194 0.1795083 -0.03813203
v -0.07763524 0.1782486 -0.03423753
v -0.07810202 0.1783554 -0.03023316
v -0.07759956 0.1785378 -0.02623584
v -0.07615703 0.1787854 -0.02247789
v -0.07385831 0.1790836 -0.0191777
v -0.07083695 0.1794151 -0.01652708
v -0.06726857 0.1797608 -0.01468006
v -0.06336054 0.1801004 -0.01374399
v -0.05933998 0.1804143 -0.01377326
v -0.05544055 0.1806843 -0.01476619
v -0.05188888 0.1808945 -0.01666505
v -0.04889136 0.1810329 -0.0193595
v -0.04662221 0.1810914 -0.02269295
v -0.04521331 0.1810665 -0.02647166
v -0.04474653 0.1809597 -0.03047604
v -0.04524899 0.1807773 -0.03447336
v -0.04669151 0.1805298 -0.03823131
v -0.04899024 0.1802316 -0.04153149
v -0.05201159 0.1799 -0.04418211
v -0.05557998 0.1795544 -0.04602914
v -0.05948801 0.1792147 -0.0469652
v -0.06350857 0.1789008 -0.04693593
v -0.067408 0.1786308 -0.04594301
v -0.07095967 0.1784206 -0.04404414
v -0.07395718 0.1782822 -0.04134969
v -0.07622633 0.1782238 -0.03801624
v -0.07728608 0.1769726 -0.0341318
v -0.07774574 0.1770777 -0.03018857
v -0.07725094 0.1772574 -0.02625228
v -0.07583045 0.1775011 -0.02255171
v -0.07356681 0.1777948 -0.01930191
v -0.07059159 0.1781213 -0.01669176
v -0.0670777 0.1784616 -0.01487294
v -0.06322933 0.1787961 -0.01395116
v -0.05927015 0.1791052 -0.01397999
v -0.05543026 0.179371 -0.01495775
v -0.05193281 0.1795781 -0.01682762
v -0.04898106 0.1797144 -0.01948094
v -0.04674657 0.1797719 -0.02276349
v -0.04535917 0.1797474 -0.02648451
v -0.04489952 0.1796423 -0.03042774
v -0.04539431 0.1794626 -0.03436403
v -0.04681481 0.1792189 -0.0380646
v -0.04907844 0.1789252 -0.0413144
v -0.05205366 0.1785988 -0.04392455
v -0.05556756 0.1782584 -0.04574337
v -0.05941592 0.1779239 -0.04666515
v -0.0633751 0.1776148 -0.04663632
v -0.06721499 0.177349 -0.04565856
v -0.07071243 0.1771419 -0.04378869
v -0.07366419 0.1770057 -0.04113538
v -0.07589868 0.1769481 -0.03785282
v -0.07683133 0.1757058 -0.03400078
v -0.07728082 0.1758086 -0.03014477
v -0.07679696 0.1759842 -0.02629555
v -0.07540789 0.1762226 -0.02267683
v -0.07319433 0.1765097 -0.01949892
v -0.07028492 0.176829 -0.0169465
v -0.06684875 0.1771619 -0.01516792
v -0.0630855 0.1774889 -0.01426652
v -0.05921391 0.1777912 -0.01429472
v -0.05545896 0.1780511 -0.01525085
v -0.05203887 0.1782536 -0.01707936
v -0.04915241 0.1783869 -0.01967399
v -0.04696734 0.1784431 -0.02288393
v -0.04561063 0.1784192 -0.02652264
v -0.04516114 0.1783164 -0.03037866
v -0.04564499 0.1781407 -0.03422787
v -0.04703407 0.1779024 -0.03784659
v -0.04924763 0.1776152 -0.04102451
v -0.05215704 0.1772959 -0.04357692
v -0.05559321 0.1769631 -0.04535551
v -0.05935645 0.176636 -0.0462569
v -0.06322805 0.1763337 -0.04622871
v -0.06698301 0.1760738 -0.04527257
v -0.07040309 0.1758713 -0.04344406
v -0.07328955 0.1757381 -0.04084944
v -0.07547462 0.1756818 -0.03763949
v -0.07626359 0.1744487 -0.0338427
v -0.07669966 0.1745485 -0.03010182
v -0.07623026 0.1747189 -0.02636753
v -0.07488266 0.1749501 -0.02285686
v -0.07273519 0.1752287 -0.01977383
v -0.06991265 0.1755384 -0.01729762
v -0.06657907 0.1758613 -0.01557214
v -0.06292819 0.1761786 -0.01469766
v -0.05917219 0.1764719 -0.01472501
v -0.05552935 0.1767241 -0.0156526
v -0.05221137 0.1769205 -0.01742651
v -0.0494111 0.1770498 -0.01994367
v -0.04729127 0.1771044 -0.02305777
v -0.04597507 0.1770811 -0.02658784
v -0.045539 0.1769814 -0.03032872
v -0.04600841 0.176811 -0.03406301
v -0.047356 0.1765797 -0.03757368
v -0.04950348 0.1763012 -0.04065671
v -0.05232602 0.1759914 -0.04313292
v -0.0556596 0.1756685 -0.0448584
v -0.05931047 0.1753512 -0.04573288
v -0.06306648 0.1750579 -0.04570553
v -0.06670932 0.1748058 -0.04477794
v -0.07002729 0.1746093 -0.04300402
v -0.07282756 0.1744801 -0.04048687
v -0.07494739 0.1744255 -0.03737277
v -0.07557203 0.1732025 -0.03365496
v -0.07599111 0.1732983 -0.0300598
v -0.07553999 0.1734621 -0.02647097
v -0.07424489 0.1736843 -0.02309705
v -0.07218107 0.173952 -0.02013411
v -0.06946848 0.1742497 -0.01775436
v -0.06626475 0.17456 -0.01609609
v -0.06275608 0.174865 -0.01525568
v -0.05914639 0.1751468 -0.01528196
v -0.05564545 0.1753892 -0.01617341
v -0.05245672 0.175578 -0.01787823
v -0.04976553 0.1757022 -0.02029734
v -0.04772827 0.1757547 -0.02329013
v -0.04646334 0.1757323 -0.02668269
v -0.04604426 0.1756365 -0.03027786
v -0.04649538 0.1754727 -0.03386668
v -0.04779048 0.1752505 -0.03724061
v -0.0498543 0.1749827 -0.04020354
v -0.0525669 0.1746851 -0.04258329
v -0.05577062 0.1743747 -0.04424156
v -0.05927929 0.1740698 -0.04508198
v -0.06288899 0.173788 -0.04505569
v -0.06638993 0.1735456 -0.04416424
v -0.06957865 0.1733568 -0.04245942
v -0.07226984 0.1732326 -0.04004032
v -0.07430711 0.1731801 -0.03704752
v -0.0747408 0.1719683 -0.03343376
v -0.07513887 0.1720594 -0.03001882
v -0.07471036 0.1722149 -0.02660989
v -0.07348018 0.172426 -0.0234051
v -0.07151981 0.1726803 -0.0205907
v -0.0689432 0.1729631 -0.01833024
v -0.06590007 0.1732579 -0.01675509
v -0.06256729 0.1735475 -0.01595681
v -0.05913854 0.1738152 -0.01598177
v -0.0558131 0.1740454 -0.01682854
v -0.05278422 0.1742247 -0.0184479
v -0.05022793 0.1743428 -0.02074574
v -0.0482928 0.1743926 -0.02358851
v -0.04709128 0.1743714 -0.02681101
v -0.04669321 0.1742803 -0.03022595
v -0.04712171 0.1741247 -0.03363487
v -0.0483519 0.1739137 -0.03683966
v -0.05031226 0.1736594 -0.03965407
v -0.05288888 0.1733766 -0.04191453
v -0.055932 0.1730818 -0.04348967
v -0.05926479 0.1727922 -0.04428796
v -0.06269354 0.1725245 -0.04426299
v -0.06601898 0.1722943 -0.04341622
v -0.06904785 0.172115 -0.04179687
v -0.07160414 0.1719969 -0.03949903
v -0.07353928 0.1719471 -0.03665626
v -0.07374627 0.1707484 -0.03317345
v -0.07411864 0.1708335 -0.02997906
v -0.0737178 0.1709791 -0.02679031
v -0.07256708 0.1711765 -0.0237925
v -0.07073332 0.1714144 -0.02115986
v -0.06832311 0.1716789 -0.01904539
v -0.06547653 0.1719546 -0.01757198
v -0.062359 0.1722256 -0.01682526
v -0.0591517 0.172476 -0.01684861
v -0.05604103 0.1726913 -0.01764069
v -0.05320777 0.1728591 -0.01915546
v -0.05081658 0.1729694 -0.02130489
v -0.04900643 0.1730161 -0.02396406
v -0.04788251 0.1729962 -0.02697843
v -0.04751015 0.1729111 -0.03017282
v -0.04791098 0.1727655 -0.03336157
v -0.04906171 0.1725681 -0.03635938
v -0.05089547 0.1723302 -0.03899202
v -0.05330567 0.1720657 -0.04110648
v -0.05615225 0.17179 -0.0425799
v -0.05926979 0.171519 -0.04332662
v -0.06247709 0.1712686 -0.04330327
v -0.06558775 0.1710533 -0.04251119
v -0.06842101 0.1708855 -0.04099642
v -0.0708122 0.1707751 -0.03884699
v -0.07262235 0.1707285 -0.03618782
v -0.07255156 0.1695458 -0.03286519
v -0.07289245 0.1696238 -0.02994081
v -0.0725255 0.169757 -0.02702158
v -0.07147203 0.1699378 -0.02427716
v -0.06979328 0.1701556 -0.02186705
v -0.06758679 0.1703977 -0.01993131
v -0.06498082 0.1706501 -0.01858243
v -0.06212679 0.1708982 -0.01789882
v -0.05919059 0.1711274 -0.0179202
v -0.05634285 0.1713246 -0.01864533
v -0.05374907 0.1714781 -0.02003207
v -0.05156 0.1715792 -0.02199982
v -0.04990285 0.1716219 -0.02443422
v -0.04887393 0.1716037 -0.0271938
v -0.04853304 0.1715257 -0.03011819
v -0.04889999 0.1713925 -0.03303741
v -0.04995346 0.1712117 -0.03578183
v -0.05163221 0.170994 -0.03819195
v -0.05383869 0.1707518 -0.04012769
v -0.05644467 0.1704994 -0.04147656
v -0.05929869 0.1702513 -0.04216017
v -0.0622349 0.1700221 -0.04213879
v -0.06508264 0.169825 -0.04141366
v -0.06767641 0.1696714 -0.04002693
v -0.06986549 0.1695703 -0.03805918
v -0.07152264 0.1695277 -0.03562477
v -0.07109424 0.1683661 -0.03249403
v -0.0713961 0.1684352 -0.02990452
v -0.07107116 0.1685531 -0.02731958
v -0.07013834 0.1687132 -0.02488942
v -0.06865181 0.168906 -0.0227553
v -0.06669799 0.1691204 -0.02104121
v -0.06439043 0.1693439 -0.0198468
v -0.06186322 0.1695636 -0.01924147
v -0.05926325 0.1697666 -0.01926041
v -0.05674161 0.1699412 -0.0199025
v -0.05444484 0.1700771 -0.02113044
v -0.05250644 0.1701666 -0.02287286
v -0.05103905 0.1702044 -0.0250285
v -0.05012796 0.1701883 -0.02747208
v -0.0498261 0.1701193 -0.03006159
v -0.05015104 0.1700013 -0.03264653
v -0.05108387 0.1698412 -0.03507669
v -0.05257038 0.1696484 -0.03721081
v -0.0545242 0.169434 -0.03892489
v -0.05683177 0.1692105 -0.04011931
v -0.05935897 0.1689908 -0.04072464
v -0.06195895 0.1687878 -0.0407057
v -0.0644806 0.1686133 -0.04006361
v -0.06677735 0.1684773 -0.03883567
v -0.06871575 0.1683878 -0.03709325
v -0.07018314 0.16835 -0.03493761
v -0.069253 0.1672198 -0.03203091
v -0.06950476 0.1672773 -0.02987111
v -0.06923375 0.1673757 -0.02771512
v -0.06845571 0.1675092 -0.02568823
v -0.06721587 0.1676701 -0.02390824
v -0.06558628 0.1678489 -0.0224786
v -0.06366163 0.1680353 -0.0214824
v -0.06155379 0.1682185 -0.02097752
v -0.05938527 0.1683878 -0.0209933
v -0.05728207 0.1685334 -0.02152885
v -0.05536644 0.1686468 -0.02255302
v -0.0537497 0.1687215 -0.0240063
v -0.05252581 0.168753 -0.02580423
v -0.05176591 0.1687396 -0.02784231
v -0.05151414 0.168682 -0.03000211
v -0.05178515 0.1685836 -0.03215811
v -0.05256319 0.1684501 -0.03418499
v -0.05380303 0.1682893 -0.03596498
v -0.05543263 0.1681104 -0.03739462
v -0.05735727 0.167924 -0.03839083
v -0.05946511 0.1677408 -0.03889571
v -0.06163364 0.1675715 -0.03887992
v -0.06373683 0.1674259 -0.03834438
v -0.06565246 0.1673125 -0.0373202
v -0.0672692 0.1672379 -0.03586692
v -0.06849309 0.1672063 -0.034069
v -0.06671792 0.1661337 -0.0314016
v -0.06689961 0.1661753 -0.0298429
v -0.06670403 0.1662463 -0.02828694
v -0.06614253 0.1663426 -0.02682416
v -0.06524774 0.1664587 -0.02553957
v -0.06407169 0.1665878 -0.02450781
v -0.0626827 0.1667223 -0.02378886
v -0.0611615 0.1668545 -0.0234245
v -0.05959649 0.1669767 -0.02343589
v -0.05807864 0.1670818 -0.02382239
v -0.05669615 0.1671636 -0.02456152
v -0.05552937 0.1672175 -0.02561033
v -0.05464611 0.1672402 -0.02690787
v -0.05409769 0.1672305 -0.02837874
v -0.053916 0.167189 -0.02993744
v -0.05411158 0.167118 -0.03149339
v -0.05467308 0.1670216 -0.03295618
v -0.05556786 0.1669056 -0.03424077
v -0.05674392 0.1667765 -0.03527252
v -0.05813291 0.166642 -0.03599147
v -0.05965411 0.1665097 -0.03635584
v -0.06121911 0.1663876 -0.03634445
v -0.06273697 0.1662825 -0.03595795
v -0.06411945 0.1662006 -0.03521882
v -0.06528623 0.1661468 -0.03417001
v -0.0661695 0.166124 -0.03287246
v -0.06294898 0.1991207 -0.03105124
v -0.06030616 0.1653846 -0.02984373

vn -0.3766787 0.9213139 -0.09640422
vn -0.3830126 0.9234815 -0.02198415
vn -0.3713998 0.9270301 0.05174319
vn -0.3425151 0.9317536 0.1204931
vn -0.2980372 0.9373775 0.1802697
vn -0.240551 0.943575 0.2275995
vn -0.1733975 0.9499857 0.2597315
vn -0.1004792 0.9562373 0.2747985
vn -0.02603404 0.9619663 0.2719247
vn 0.04561171 0.9668398 0.2512773
vn 0.1102941 0.9705747 0.2140561
vn 0.164254 0.9729537 0.1624243
vn 0.2043556 0.9738388 0.09938265
vn 0.2282681 0.9731783 0.02859477
vn 0.234602 0.9710107 -0.04582534
vn 0.2229892 0.9674622 -0.1195527
vn 0.1941044 0.9627386 -0.1883025
vn 0.1496266 0.9571148 -0.2480792
vn 0.09214037 0.9509173 -0.295409
vn 0.02498675 0.9445065 -0.327541
vn -0.04793146 0.938255 -0.342608
vn -0.1223767 0.9325259 -0.3397342
vn -0.1940224 0.9276524 -0.3190867
vn -0.2587048 0.9239175 -0.2818656
vn -0.3126646 0.9215385 -0.2302337
vn -0.3527661 0.9206535 -0.1671921
vn -0.5742088 0.8054509 -0.1467419
vn -0.5875711 0.8088869 -0.02149559
vn -0.5706529 0.8146767 0.1032332
vn -0.5244374 0.8224835 0.2201958
vn -0.4516106 0.8318538 0.3225943
vn -0.3564048 0.8422429 0.404478
vn -0.2443529 0.853047 0.4610882
vn -0.1219673 0.8636385 0.4891346
vn 0.003639574 0.8734013 0.4869875
vn 0.1251681 0.8817685 0.4547718
vn 0.2355551 0.8882537 0.3943592
vn 0.3283857 0.8924799 0.3092611
vn 0.3982646 0.8942016 0.2044231
vn 0.4411307 0.8933188 0.08593798
vn 0.454493 0.8898826 -0.03930841
vn 0.4375748 0.8840928 -0.1640374
vn 0.3913593 0.8762859 -0.2809998
vn 0.3185324 0.8669157 -0.3833982
vn 0.2233265 0.8565267 -0.4652821
vn 0.1112748 0.8457224 -0.5218922
vn -0.01111082 0.8351312 -0.5499386
vn -0.1367179 0.8253683 -0.5477914
vn -0.2582462 0.817001 -0.5155756
vn -0.3686333 0.8105158 -0.4551632
vn -0.4614638 0.8062896 -0.3700652
vn -0.5313427 0.8045679 -0.2652271
vn -0.6758927 0.7168666 -0.1710889
vn -0.692681 0.7209898 -0.01915314
vn -0.6727201 0.7279741 0.1322933
vn -0.6171696 0.7374139 0.2744494
vn -0.5292581 0.7487607 0.3990531
vn -0.4140945 0.7613549 0.4988632
vn -0.2783719 0.7744644 0.5680791
vn -0.1299782 0.7873278 0.6026779
vn 0.02246301 0.7991971 0.6006491
vn 0.1700921 0.8093827 0.5621107
vn 0.3043294 0.8172925 0.4893022
vn 0.4173734 0.8224669 0.3864551
vn 0.5026548 0.8246053 0.2595463
vn 0.555217 0.8235832 0.1159516
vn 0.5720055 0.8194601 -0.0359841
vn 0.5520443 0.8124757 -0.1874308
vn 0.4964938 0.8030359 -0.3295867
vn 0.4085823 0.7916892 -0.4541903
vn 0.2934188 0.7790949 -0.5540004
vn 0.1576962 0.7659852 -0.6232163
vn 0.009302468 0.7531219 -0.6578152
vn -0.1431388 0.7412527 -0.6557863
vn -0.2907678 0.7310672 -0.6172479
vn -0.425005 0.7231573 -0.5444395
vn -0.5380491 0.7179829 -0.4415922
vn -0.6233305 0.7158445 -0.3146836
vn -0.7517091 0.6319107 -0.1887387
vn -0.7710506 0.636559 -0.01654513
vn -0.7487339 0.6444532 0.1551694
vn -0.6860558 0.6551351 0.316426
vn -0.5866593 0.6679837 0.4578523
vn -0.4563201 0.6822523 0.5712299
vn -0.3026139 0.6971118 0.6499692
vn -0.1344734 0.7116982 0.6894944
vn 0.03832993 0.7251642 0.6875084
vn 0.2057533 0.7367269 0.6441265
vn 0.3580666 0.7457148 0.5618699
vn 0.486418 0.7516051 0.4455192
vn 0.5833482 0.7540556 0.3018361
vn 0.6432239 0.7529238 0.1391712
vn 0.6625655 0.7482756 -0.03302216
vn 0.6402487 0.7403812 -0.2047369
vn 0.5775706 0.7296993 -0.3659933
vn 0.478174 0.7168507 -0.5074196
vn 0.3478351 0.7025821 -0.6207973
vn 0.1941289 0.6877227 -0.6995366
vn 0.02598831 0.6731362 -0.7390617
vn -0.1468151 0.6596703 -0.7370756
vn -0.3142384 0.6481075 -0.6936937
vn -0.4665518 0.6391196 -0.6114372
vn -0.5949031 0.6332295 -0.4950866
vn -0.6918333 0.630779 -0.3514034
vn -0.8110757 0.5488718 -0.2022273
vn -0.832441 0.5539405 -0.01385559
vn -0.8082278 0.5625629 0.1740421
vn -0.739844 0.5742375 0.3505455
vn -0.6312636 0.5882858 0.5053968
vn -0.4887967 0.6038918 0.6295971
vn -0.3207226 0.6201486 0.7159279
vn -0.1368099 0.6361111 0.7593719
vn 0.05225339 0.6508515 0.7574047
vn 0.2354796 0.6635134 0.7101403
vn 0.4022203 0.6733607 0.6203258
vn 0.5427851 0.6798213 0.493181
vn 0.6490049 0.6825198 0.3360942
vn 0.7147065 0.6812993 0.1581957
vn 0.7360716 0.6762306 -0.03017595
vn 0.7118587 0.6676084 -0.2180737
vn 0.6434748 0.6559337 -0.3945771
vn 0.5348944 0.641885 -0.5494283
vn 0.3924273 0.6262791 -0.6736284
vn 0.2243535 0.6100224 -0.7599593
vn 0.04044082 0.5940602 -0.8034034
vn -0.1486225 0.5793197 -0.8014362
vn -0.3318487 0.566658 -0.7541718
vn -0.4985894 0.5568106 -0.6643573
vn -0.6391541 0.5503498 -0.5372123
vn -0.745374 0.5476513 -0.3801258
vn -0.8582338 0.4671252 -0.2126705
vn -0.881241 0.4725359 -0.01114426
vn -0.8554828 0.4817501 0.1899107
vn -0.782456 0.4942325 0.3788098
vn -0.6664051 0.5092573 0.5445744
vn -0.5140749 0.5259504 0.6775715
vn -0.3343174 0.5433428 0.7700716
vn -0.13758 0.560424 0.8166986
vn 0.06470381 0.5762005 0.8147431
vn 0.2607781 0.5897558 0.7643186
vn 0.4392475 0.6003019 0.6683557
vn 0.5897403 0.607226 0.5324311
vn 0.7035103 0.6101257 0.3644446
vn 0.7739455 0.6088325 0.1741588
vn 0.7969525 0.6034216 -0.02736748
vn 0.7711942 0.5942074 -0.2284226
vn 0.6981675 0.5817257 -0.4173216
vn 0.582117 0.5667012 -0.5830863
vn 0.4297865 0.5500074 -0.7160833
vn 0.2500291 0.5326149 -0.8085833
vn 0.05329169 0.5155339 -0.8552104
vn -0.1489923 0.4997575 -0.8532548
vn -0.3450664 0.4862022 -0.8028303
vn -0.523536 0.475656 -0.7068673
vn -0.6740288 0.4687318 -0.570943
vn -0.7877986 0.465832 -0.4029563
vn -0.8955577 0.3863612 -0.2206841
vn -0.9199048 0.3920508 -0.008436942
vn -0.8928894 0.4017472 0.2033415
vn -0.8160812 0.4148869 0.4023436
vn -0.693944 0.4307066 0.5770039
vn -0.533576 0.4482869 0.7171719
vn -0.3442974 0.4666052 0.8147017
vn -0.1371084 0.4845977 0.8639249
vn 0.07595012 0.5012186 0.8619812
vn 0.282496 0.5155021 0.808983
vn 0.4705254 0.526618 0.7080107
vn 0.6291108 0.5339199 0.5649328
vn 0.7490357 0.5369841 0.3880638
vn 0.8233306 0.5356321 0.187683
vn 0.847678 0.5299422 -0.0245639
vn 0.8206624 0.5202456 -0.2363425
vn 0.743854 0.5071058 -0.4353446
vn 0.6217169 0.4912863 -0.6100048
vn 0.461349 0.4737064 -0.7501729
vn 0.2720704 0.4553878 -0.8477025
vn 0.06488139 0.4373952 -0.8969257
vn -0.1481773 0.4207741 -0.8949819
vn -0.354723 0.4064907 -0.841984
vn -0.5427526 0.395375 -0.7410117
vn -0.7013379 0.3880728 -0.5979337
vn -0.8212628 0.3850089 -0.4210648
vn -0.9245268 0.3064002 -0.2266476
vn -0.9499614 0.3123145 -0.00574652
vn -0.9219363 0.3224 0.2146895
vn -0.8420803 0.3360708 0.4218498
vn -0.7150345 0.3525316 0.6036946
vn -0.548182 0.3708268 0.7496559
vn -0.3512196 0.3898931 0.8512509
vn -0.1355945 0.4086219 0.9025754
vn 0.08616223 0.425925 0.9006464
vn 0.3011629 0.4407963 0.8455764
vn 0.4969125 0.4523724 0.7405654
vn 0.6620346 0.4599802 0.5917165
vn 0.7869332 0.4631768 0.4076804
vn 0.8643494 0.4617778 0.1991521
vn 0.8897839 0.4558637 -0.02174891
vn 0.8617587 0.4457782 -0.242185
vn 0.7819028 0.4321077 -0.4493452
vn 0.6548569 0.4156463 -0.6311898
vn 0.4880043 0.3973508 -0.7771512
vn 0.2910422 0.3782849 -0.8787463
vn 0.07541699 0.3595564 -0.9300707
vn -0.14634 0.3422535 -0.9281418
vn -0.3613404 0.3273817 -0.8730717
vn -0.5570902 0.3158058 -0.7680607
vn -0.7222123 0.3081983 -0.6192119
vn -0.8471106 0.3050009 -0.4351758
vn -0.9461176 0.2271291 -0.230811
vn -0.9724191 0.2332199 -0.003080267
vn -0.9436058 0.2436119 0.2241902
vn -0.8613523 0.2577009 0.4377928
vn -0.7304389 0.2746681 0.625313
vn -0.5584737 0.293528 0.7758533
vn -0.3554507 0.3131839 0.8806649
vn -0.1331691 0.3324936 0.9336562
vn 0.09545314 0.3503351 0.9317479
vn 0.3171293 0.3656716 0.8750505
vn 0.5189763 0.3776114 0.7668594
vn 0.6892636 0.3854608 0.613462
vn 0.8180947 0.3887637 0.4237733
vn 0.8979824 0.3873278 0.2088176
vn 0.9242837 0.3812371 -0.01891303
vn 0.8954704 0.3708454 -0.2461836
vn 0.8132169 0.3567564 -0.459786
vn 0.6823035 0.3397891 -0.6473062
vn 0.5103383 0.3209293 -0.7978466
vn 0.3073154 0.3012734 -0.902658
vn 0.08503381 0.2819634 -0.9556495
vn -0.1435885 0.2641219 -0.953741
vn -0.3652646 0.2487858 -0.8970437
vn -0.5671117 0.2368459 -0.7888525
vn -0.7373989 0.2289966 -0.6354553
vn -0.8662301 0.2256938 -0.4457667
vn -0.9609925 0.1484738 -0.233343
vn -0.9879618 0.1546973 -0.0004430525
vn -0.9585634 0.1653202 0.2320034
vn -0.8745055 0.1797253 0.4504876
vn -0.7406736 0.1970754 0.6423113
vn -0.5648454 0.2163623 0.7963272
vn -0.3572394 0.2364647 0.9035842
vn -0.1299208 0.2562148 0.957849
vn 0.1038993 0.2744643 0.9559677
vn 0.3306322 0.2901528 0.8980499
vn 0.5371011 0.3023689 0.7874613
vn 0.7113068 0.3104024 0.6306291
vn 0.8431248 0.3137863 0.4366677
vn 0.9248945 0.3123241 0.2168495
vn 0.9518638 0.3061007 -0.01605033
vn 0.9224653 0.2954776 -0.2484968
vn 0.8384076 0.2810723 -0.4669809
vn 0.7045758 0.2637223 -0.6588046
vn 0.5287473 0.2444358 -0.8128206
vn 0.3211415 0.2243333 -0.9200776
vn 0.09382277 0.2045836 -0.9743423
vn -0.1399974 0.1863339 -0.972461
vn -0.3667302 0.170645 -0.9145432
vn -0.5731992 0.1584289 -0.8039547
vn -0.7474047 0.1503955 -0.6471225
vn -0.8792227 0.1470115 -0.4531611
vn -0.9695989 0.0703845 -0.2343584
vn -0.9970519 0.07669938 0.002161499
vn -0.9672591 0.08748324 0.2382364
vn -0.8819519 0.1021089 0.4601464
vn -0.7460881 0.1197263 0.6549948
vn -0.5675638 0.1393118 0.8114576
vn -0.3567537 0.1597272 0.9204423
vn -0.1259099 0.1797857 0.9756145
vn 0.1115521 0.1983222 0.9737682
vn 0.341832 0.2142588 0.9150104
vn 0.5515465 0.2266692 0.8027562
vn 0.728508 0.2348327 0.6435291
vn 0.8624319 0.2382749 0.4465829
vn 0.9455352 0.2367954 0.2233634
vn 0.9729881 0.23048 -0.01315637
vn 0.9431952 0.2196965 -0.2492313
vn 0.857888 0.2050709 -0.4711414
vn 0.7220244 0.1874532 -0.6659896
vn 0.5434999 0.1678679 -0.8224525
vn 0.33269 0.1474526 -0.9314372
vn 0.1018461 0.1273938 -0.9866095
vn -0.1356161 0.1088578 -0.984763
vn -0.3658959 0.09292128 -0.9260054
vn -0.5756105 0.08051049 -0.813751
vn -0.7525718 0.07234681 -0.654524
vn -0.8864956 0.06890487 -0.4575779
vn -0.9722264 -0.007173549 -0.2339324
vn -0.9999884 -0.0008059 0.004730163
vn -0.9699845 0.01007115 0.242958
vn -0.8839582 0.02482611 0.4669065
vn -0.746909 0.04260142 0.6635602
vn -0.5668019 0.06236333 0.8214904
vn -0.3541037 0.08296387 0.9315189
vn -0.1211762 0.1032058 0.9872511
vn 0.1184442 0.1219126 0.9854482
vn 0.3508314 0.1379971 0.9262149
vn 0.5624801 0.1505247 0.8129936
vn 0.7410896 0.1587672 0.6523643
vn 0.8762802 0.1622456 0.4536621
vn 0.9601949 0.1607579 0.2284351
vn 0.9879569 0.1543904 -0.01022748
vn 0.9579531 0.1435127 -0.2484553
vn 0.8719266 0.1287579 -0.4724038
vn 0.7348775 0.1109833 -0.6690574
vn 0.5547702 0.09122123 -0.8269877
vn 0.3420722 0.07062065 -0.9370162
vn 0.1091447 0.05037867 -0.9927484
vn -0.1304758 0.0316717 -0.9909455
vn -0.3628629 0.01558695 -0.9317122
vn -0.5745115 0.003059368 -0.8184908
vn -0.7531211 -0.005182994 -0.6578615
vn -0.8883116 -0.008661491 -0.4591595
vn -0.9690368 -0.08422025 -0.2321088
vn -0.9969396 -0.07783844 0.007259383
vn -0.9669037 -0.06693273 0.2462056
vn -0.8806749 -0.0521374 0.4708433
vn -0.7432646 -0.03431218 0.6681171
vn -0.5626585 -0.01449252 0.8265624
vn -0.3493525 0.006169463 0.9369711
vn -0.1157435 0.02647273 0.9929263
vn 0.1245921 0.04523752 0.9911763
vn 0.3576868 0.06137318 0.9318227
vn 0.5699942 0.07394206 0.8183149
vn 0.7491754 0.0822137 0.6572498
vn 0.8848174 0.08570755 0.4579875
vn 0.9690369 0.08422024 0.2321086
vn 0.9969396 0.07783835 -0.007259428
vn 0.9669037 0.06693297 -0.2462056
vn 0.880675 0.05213738 -0.4708433
vn 0.7432646 0.03431188 -0.6681171
vn 0.5626584 0.01449234 -0.8265625
vn 0.3493525 -0.006169465 -0.936971
vn 0.1157435 -0.02647257 -0.9929263
vn -0.1245922 -0.04523735 -0.9911763
vn -0.3576869 -0.06137308 -0.9318227
vn -0.5699942 -0.07394211 -0.8183149
vn -0.7491753 -0.08221391 -0.6572497
vn -0.8848173 -0.08570746 -0.4579876
vn -0.9600819 -0.1607659 -0.2289041
vn -0.9879592 -0.1544076 0.009745334
vn -0.9580702 -0.1435388 0.2479881
vn -0.872152 -0.1287909 0.4719785
vn -0.735198 -0.1110208 0.6686989
vn -0.5551674 -0.09126179 0.8267167
vn -0.3425227 -0.070662 0.9368485
vn -0.1096223 -0.05041816 0.9926938
vn 0.1299985 -0.03170702 0.991007
vn 0.362414 -0.01561607 0.9318864
vn 0.5741169 -0.003080379 0.8187675
vn 0.7528039 0.005171381 0.6582246
vn 0.8880901 0.008659295 0.4595878
vn 0.9721134 0.007181472 0.2344012
vn 0.9999906 0.0008234661 -0.004248156
vn 0.9701016 -0.01004546 -0.2424909
vn 0.8841835 -0.02479342 -0.4664814
vn 0.7472296 -0.04256349 -0.6632016
vn 0.5671987 -0.0623225 -0.8212196
vn 0.3545542 -0.08292265 -0.9313512
vn 0.1216538 -0.1031665 -0.9871965
vn -0.1179672 -0.1218774 -0.9855099
vn -0.3503825 -0.1379682 -0.9263892
vn -0.5620855 -0.1505037 -0.8132703
vn -0.7407724 -0.1587552 -0.6527274
vn -0.8760586 -0.1622438 -0.4540908
vn -0.945307 -0.2368114 -0.2243098
vn -0.9729924 -0.2305153 0.01218357
vn -0.9434317 -0.2197486 0.2482884
vn -0.8583429 -0.2051372 0.4702833
vn -0.7226711 -0.1875302 0.6652662
vn -0.5443011 -0.16795 0.8219059
vn -0.3335988 -0.1475356 0.9310989
vn -0.10281 -0.1274734 0.9864991
vn 0.1346532 -0.1089289 0.9848873
vn 0.36499 -0.09297974 0.9263569
vn 0.5748141 -0.08055291 0.8143095
vn 0.7519315 -0.07237077 0.6552568
vn 0.8860486 -0.06890876 0.4584424
vn 0.969371 -0.07036851 0.2353046
vn 0.9970563 -0.07666437 -0.001188767
vn 0.9674955 -0.08743092 -0.2372936
vn 0.8824067 -0.1020423 -0.4592883
vn 0.7467349 -0.1196498 -0.6542713
vn 0.5683649 -0.1392298 -0.8109109
vn 0.3576627 -0.1596438 -0.920104
vn 0.1268738 -0.1797063 -0.9755043
vn -0.1105893 -0.1982512 -0.9738924
vn -0.3409262 -0.2142001 -0.9153621
vn -0.5507504 -0.2266268 -0.8033145
vn -0.7278676 -0.2348089 -0.644262
vn -0.8619848 -0.2382706 -0.4474476
vn -0.924547 -0.3123487 -0.2182913
vn -0.9518704 -0.3061544 0.01456806
vn -0.9228256 -0.2955574 0.24706
vn -0.8391005 -0.2811736 0.4656733
vn -0.705561 -0.2638393 0.6577024
vn -0.5299681 -0.2445618 0.8119873
vn -0.3225262 -0.2244606 0.919562
vn -0.09529142 -0.2047045 0.9741743
vn 0.1385303 -0.1864419 0.9726503
vn 0.36535 -0.1707341 0.9150789
vn 0.5719859 -0.1584936 0.8048055
vn 0.7464291 -0.1504321 0.648239
vn 0.8785415 -0.147018 0.4544783
vn 0.960645 -0.1484496 0.2347845
vn 0.9879684 -0.1546438 0.001925231
vn 0.9589236 -0.1652407 -0.2305669
vn 0.8751985 -0.1796244 -0.4491799
vn 0.741659 -0.1969585 -0.6412092
vn 0.566066 -0.2162367 -0.7954941
vn 0.3586243 -0.236338 -0.9030687
vn 0.1313894 -0.2560936 -0.9576809
vn -0.1024324 -0.2743563 -0.956157
vn -0.329252 -0.2900643 -0.8985855
vn -0.535888 -0.3023046 -0.7883121
vn -0.7103311 -0.3103661 -0.6317456
vn -0.8424434 -0.3137804 -0.4379852
vn -0.8975085 -0.3873611 -0.210784
vn -0.9242927 -0.3813104 0.0168914
vn -0.8959618 -0.3709541 0.2442242
vn -0.8141621 -0.3568941 0.4580028
vn -0.6836476 -0.3399478 0.645803
vn -0.5120033 -0.3211001 0.7967103
vn -0.3092043 -0.3014466 0.9019549
vn -0.08703683 -0.2821288 0.9554203
vn 0.1415876 -0.2642696 0.9539992
vn 0.3633822 -0.248907 0.8977743
vn 0.5654572 -0.2369339 0.7900131
vn 0.7360684 -0.2290462 0.6369781
vn 0.8653008 -0.2257021 0.4475634
vn 0.9456438 -0.2270959 0.232777
vn 0.9724281 -0.2331471 0.005101797
vn 0.9440972 -0.2435035 -0.2222311
vn 0.8622974 -0.2575632 -0.4360096
vn 0.7317829 -0.2745095 -0.6238095
vn 0.5601383 -0.2933569 -0.7747172
vn 0.3573396 -0.3130107 -0.8799617
vn 0.1351722 -0.3323288 -0.933427
vn -0.09345236 -0.3501879 -0.9320059
vn -0.3152468 -0.3655503 -0.8757811
vn -0.5173217 -0.3775234 -0.7680198
vn -0.687933 -0.3854111 -0.6149849
vn -0.8171655 -0.3887551 -0.4255703
vn -0.8637384 -0.4618208 -0.201687
vn -0.8897956 -0.4559577 0.01914294
vn -0.8623922 -0.4459183 0.2396591
vn -0.7831212 -0.4322854 0.4470465
vn -0.6565894 -0.4158513 0.6292519
vn -0.4901505 -0.3975715 0.7756864
vn -0.293477 -0.3785083 0.8778399
vn -0.07799916 -0.3597691 0.9297754
vn 0.1437604 -0.3424432 0.9284748
vn 0.3589138 -0.3275382 0.8740135
vn 0.5549571 -0.3159195 0.7695566
vn 0.7204969 -0.3082625 0.621175
vn 0.8459128 -0.3050121 0.4374918
vn 0.9239159 -0.3063573 0.2291823
vn 0.9499732 -0.31222 0.008352296
vn 0.9225698 -0.3222601 -0.212164
vn 0.8432987 -0.3358929 -0.4195511
vn 0.7167671 -0.3523267 -0.6017565
vn 0.550328 -0.3706067 -0.7481911
vn 0.3536546 -0.3896703 -0.8503444
vn 0.1381767 -0.4084089 -0.9022801
vn -0.08358313 -0.4257345 -0.9009795
vn -0.2987363 -0.4406401 -0.8465181
vn -0.4947796 -0.4522589 -0.7420613
vn -0.6603194 -0.459916 -0.5936797
vn -0.7857352 -0.4631662 -0.4099966
vn -0.8225671 -0.535686 -0.1908502
vn -0.8476921 -0.5300605 0.02130787
vn -0.8214536 -0.520421 0.2331866
vn -0.7453761 -0.5073283 0.4324723
vn -0.6238815 -0.4915429 0.6075833
vn -0.4640303 -0.4739823 0.7483426
vn -0.2751125 -0.4556671 0.84657
vn -0.06810759 -0.4376618 0.8965565
vn 0.1449544 -0.4210123 0.8953976
vn 0.3516912 -0.4066865 0.8431604
vn 0.5400875 -0.3955172 0.7428806
vn 0.6991947 -0.3881534 0.6003863
vn 0.819766 -0.3850231 0.4239586
vn 0.8947942 -0.3863081 0.2238511
vn 0.9199194 -0.3919333 0.01169291
vn 0.8936806 -0.4015724 -0.200186
vn 0.8176032 -0.4146655 -0.3994714
vn 0.6961087 -0.4304508 -0.5745823
vn 0.5362573 -0.4480112 -0.7153419
vn 0.3473396 -0.4663266 -0.8135691
vn 0.1403348 -0.4843324 -0.8635557
vn -0.07272746 -0.5009816 -0.8623968
vn -0.2794641 -0.5153069 -0.8101596
vn -0.4678603 -0.5264764 -0.7098798
vn -0.6269675 -0.5338403 -0.5673856
vn -0.7475389 -0.5369707 -0.3909577
vn -0.7730071 -0.6088983 -0.1780528
vn -0.7969704 -0.6035663 0.02336412
vn -0.7721675 -0.5944225 0.2245424
vn -0.7000396 -0.5819984 0.4137904
vn -0.5847787 -0.5670162 0.5801089
vn -0.4330835 -0.550346 0.7138333
vn -0.2537696 -0.5329574 0.8071911
vn -0.05725842 -0.5158605 0.854757
vn 0.1450298 -0.5000494 0.8537663
vn 0.3413386 -0.4864424 0.8042771
vn 0.5202593 -0.4758305 0.7091654
vn 0.6713938 -0.4688302 0.5739587
vn 0.7859586 -0.4658486 0.4065146
vn 0.8572955 -0.4670592 0.2165645
vn 0.8812587 -0.4723913 0.01514754
vn 0.8564557 -0.4815351 -0.186031
vn 0.7843279 -0.4939592 -0.3752787
vn 0.6690672 -0.5089415 -0.5415974
vn 0.5173717 -0.5256115 -0.6753215
vn 0.3380579 -0.5429999 -0.7686793
vn 0.1415467 -0.5600967 -0.8162452
vn -0.06074149 -0.5759084 -0.8152545
vn -0.2570504 -0.5895154 -0.7657654
vn -0.4359711 -0.6001272 -0.6706538
vn -0.5871055 -0.6071273 -0.5354471
vn -0.7016702 -0.6101088 -0.3680029
vn -0.7135582 -0.6813798 -0.162961
vn -0.7360936 -0.6764076 0.02527693
vn -0.7130496 -0.6678717 0.2133253
vn -0.6457654 -0.6562679 0.3902557
vn -0.5381515 -0.6422708 0.5457848
vn -0.3964619 -0.6266938 0.6708747
vn -0.2289308 -0.6104422 0.7582553
vn -0.04529504 -0.5944604 0.8028482
vn 0.1437735 -0.5796772 0.802062
vn 0.3272868 -0.5669518 0.7559424
vn 0.4945798 -0.5570238 0.6671696
vn 0.6359298 -0.5504703 0.5409027
vn 0.7431221 -0.547672 0.38448
vn 0.8099272 -0.5487915 0.2069924
vn 0.8324626 -0.5537637 0.01875455
vn 0.8094187 -0.5622997 -0.169294
vn 0.7421346 -0.5739034 -0.3462241
vn 0.6345207 -0.5879005 -0.5017533
vn 0.4928308 -0.6034775 -0.6268433
vn 0.3253 -0.6197293 -0.7142237
vn 0.1416642 -0.635711 -0.7588167
vn -0.04740454 -0.6504941 -0.7580306
vn -0.2309177 -0.6632193 -0.7119109
vn -0.3982106 -0.6731472 -0.6231381
vn -0.5395605 -0.679701 -0.4968713
vn -0.646753 -0.6824993 -0.3404486
vn -0.6418086 -0.7530232 -0.1450441
vn -0.6625924 -0.748494 0.0269843
vn -0.6417163 -0.7407057 0.1988849
vn -0.5803936 -0.7301111 0.3606675
vn -0.4821882 -0.7173259 0.5029294
vn -0.3528074 -0.7030932 0.6174033
vn -0.1997701 -0.6882399 0.6974365
vn -0.03197085 -0.6736295 0.7383774
vn 0.1408389 -0.6601109 0.7378469
vn 0.308616 -0.6484699 0.6958757
vn 0.46161 -0.6393828 0.614903
vn 0.5909291 -0.633378 0.4996348
vn 0.6890581 -0.6308045 0.3567699
vn 0.7502938 -0.6318114 0.1946112
vn 0.7710773 -0.6363409 0.022583
vn 0.7502013 -0.644129 -0.1493177
vn 0.6888787 -0.6547235 -0.3111001
vn 0.5906734 -0.6675086 -0.4533621
vn 0.4612925 -0.6817415 -0.5678361
vn 0.3082554 -0.6965947 -0.6478692
vn 0.140456 -0.7112052 -0.6888101
vn -0.0323539 -0.7247238 -0.6882795
vn -0.200131 -0.7363648 -0.6463084
vn -0.3531248 -0.7454518 -0.5653358
vn -0.482444 -0.7514566 -0.4500676
vn -0.5805728 -0.7540303 -0.3072026
vn -0.5534306 -0.8237084 -0.1233651
vn -0.5720396 -0.8197355 0.02836225
vn -0.5538972 -0.8128851 0.1800436
vn -0.5000576 -0.8035554 0.3228639
vn -0.4136499 -0.7922887 0.4485224
vn -0.2996957 -0.7797398 0.5497165
vn -0.1648177 -0.7666379 0.6205655
vn -0.01685449 -0.7537443 0.6569517
vn 0.1355949 -0.7418085 0.6567603
vn 0.2836705 -0.7315243 0.6200026
vn 0.4187671 -0.7234892 0.5488147
vn 0.5330328 -0.7181701 0.4473339
vn 0.6198273 -0.7158763 0.321458
vn 0.6741065 -0.7167408 0.1785022
vn 0.6927154 -0.7207139 0.02677487
vn 0.6745729 -0.7275643 -0.1249065
vn 0.6207333 -0.736894 -0.2677266
vn 0.5343256 -0.7481607 -0.3933851
vn 0.4203714 -0.7607096 -0.4945795
vn 0.2854934 -0.7738116 -0.5654283
vn 0.1375302 -0.786705 -0.6018144
vn -0.01491929 -0.7986407 -0.6016231
vn -0.162995 -0.808925 -0.5648655
vn -0.2980913 -0.8169603 -0.4936776
vn -0.4123571 -0.8222793 -0.3921968
vn -0.4991516 -0.8245731 -0.2663208
vn -0.4387341 -0.8934869 -0.09588338
vn -0.4545388 -0.8902521 0.02908374
vn -0.4400603 -0.8846422 0.1541274
vn -0.39614 -0.8769832 0.2719809
vn -0.3253306 -0.8677202 0.3757945
vn -0.2317472 -0.8573919 0.4595351
vn -0.1208283 -0.846598 0.5183361
vn 0.0009795249 -0.8359662 0.5487801
vn 0.1265975 -0.8261142 0.5490978
vn 0.2487251 -0.8176144 0.519271
vn 0.3602648 -0.8109612 0.4610328
vn 0.4547341 -0.806541 0.3777678
vn 0.5266429 -0.8046107 0.2743153
vn 0.5718123 -0.8052825 0.1566873
vn 0.5876169 -0.8085172 0.03172017
vn 0.5731384 -0.8141272 -0.0933236
vn 0.5292181 -0.8217861 -0.211177
vn 0.4584087 -0.831049 -0.3149904
vn 0.3648252 -0.8413775 -0.3987312
vn 0.2539065 -0.8521713 -0.4575321
vn 0.1320986 -0.8628032 -0.487976
vn 0.006480615 -0.8726552 -0.4882939
vn -0.115647 -0.8811548 -0.4584669
vn -0.2271867 -0.8878081 -0.4002287
vn -0.3216559 -0.8922284 -0.3169639
vn -0.3935648 -0.8941586 -0.2135113
vn -0.2237337 -0.9734966 -0.04740968
vn -0.2346882 -0.9717099 0.02648198
vn -0.2276909 -0.9685015 0.100805
vn -0.2031485 -0.9640578 0.17124
vn -0.1624873 -0.9586371 0.2336937
vn -0.1080704 -0.9525544 0.2845362
vn -0.04306027 -0.9461632 0.3208131
vn 0.02876485 -0.9398349 0.3404158
vn 0.1032308 -0.9339374 0.3422052
vn 0.17601 -0.9288133 0.3260774
vn 0.2428726 -0.9247604 0.2929694
vn 0.299933 -0.9220143 0.2448057
vn 0.3438748 -0.9207346 0.1843851
vn 0.3721443 -0.9209957 0.1152191
vn 0.3830988 -0.9227824 0.04132747
vn 0.3761016 -0.9259908 -0.03299564
vn 0.3515592 -0.9304344 -0.1034306
vn 0.310898 -0.9358552 -0.1658842
vn 0.2564811 -0.9419379 -0.2167268
vn 0.191471 -0.948329 -0.2530036
vn 0.1196458 -0.9546574 -0.2726063
vn 0.04517981 -0.9605548 -0.2743957
vn -0.02759934 -0.965679 -0.2582679
vn -0.09446198 -0.9697319 -0.22516
vn -0.1515222 -0.972478 -0.1769962
vn -0.1954641 -0.9737576 -0.1165756
vn -0.07804902 0.9963115 -0.03566093
vn 0.07804902 -0.9963115 0.03566093

vt 0.3947911 0
vt 0.3947911 0.241661
vt 0.3947911 0.483322
vt 0.3947911 0.7249829
vt 0.3947911 0.9666439
vt 0.3947911 1.208305
vt 0.3947911 1.449966
vt 0.3947911 1.691627
vt 0.3947911 1.933288
vt 0.3947911 2.174949
vt 0.3947911 2.41661
vt 0.3947911 2.658271
vt 0.3947911 2.899932
vt 0.3947911 3.141593
vt 0.3947911 3.383254
vt 0.3947911 3.624915
vt 0.3947911 3.866576
vt 0.3947911 4.108237
vt 0.3947911 4.349897
vt 0.3947911 4.591558
vt 0.3947911 4.83322
vt 0.3947911 5.074881
vt 0.3947911 5.316542
vt 0.3947911 5.558202
vt 0.3947911 5.799863
vt 0.3947911 6.041524
vt 0.5620698 0
vt 0.5620698 0.241661
vt 0.5620698 0.483322
vt 0.5620698 0.7249829
vt 0.5620698 0.9666439
vt 0.5620698 1.208305
vt 0.5620698 1.449966
vt 0.5620698 1.691627
vt 0.5620698 1.933288
vt 0.5620698 2.174949
vt 0.5620698 2.41661
vt 0.5620698 2.658271
vt 0.5620698 2.899932
vt 0.5620698 3.141593
vt 0.5620698 3.383254
vt 0.5620698 3.624915
vt 0.5620698 3.866576
vt 0.5620698 4.108237
vt 0.5620698 4.349897
vt 0.5620698 4.591558
vt 0.5620698 4.83322
vt 0.5620698 5.074881
vt 0.5620698 5.316542
vt 0.5620698 5.558202
vt 0.5620698 5.799863
vt 0.5620698 6.041524
vt 0.6931599 0
vt 0.6931599 0.241661
vt 0.6931599 0.483322
vt 0.6931599 0.7249829
vt 0.6931599 0.9666439
vt 0.6931599 1.208305
vt 0.6931599 1.449966
vt 0.6931599 1.691627
vt 0.6931599 1.933288
vt 0.6931599 2.174949
vt 0.6931599 2.41661
vt 0.6931599 2.658271
vt 0.6931599 2.899932
vt 0.6931599 3.141593
vt 0.6931599 3.383254
vt 0.6931599 3.624915
vt 0.6931599 3.866576
vt 0.6931599 4.108237
vt 0.6931599 4.349897
vt 0.6931599 4.591558
vt 0.6931599 4.83322
vt 0.6931599 5.074881
vt 0.6931599 5.316542
vt 0.6931599 5.558202
vt 0.6931599 5.799863
vt 0.6931599 6.041524
vt 0.8061141 0
vt 0.8061141 0.241661
vt 0.8061141 0.483322
vt 0.8061141 0.7249829
vt 0.8061141 0.9666439
vt 0.8061141 1.208305
vt 0.8061141 1.449966
vt 0.8061141 1.691627
vt 0.8061141 1.933288
vt 0.8061141 2.174949
vt 0.8061141 2.41661
vt 0.8061141 2.658271
vt 0.8061141 2.899932
vt 0.8061141 3.141593
vt 0.8061141 3.383254
vt 0.8061141 3.624915
vt 0.8061141 3.866576
vt 0.8061141 4.108237
vt 0.8061141 4.349897
vt 0.8061141 4.591558
vt 0.8061141 4.83322
vt 0.8061141 5.074881
vt 0.8061141 5.316542
vt 0.8061141 5.558202
vt 0.8061141 5.799863
vt 0.8061141 6.041524
vt 0.9079226 0
vt 0.9079226 0.241661
vt 0.9079226 0.483322
vt 0.9079226 0.7249829
vt 0.9079226 0.9666439
vt 0.9079226 1.208305
vt 0.9079226 1.449966
vt 0.9079226 1.691627
vt 0.9079226 1.933288
vt 0.9079226 2.174949
vt 0.9079226 2.41661
vt 0.9079226 2.658271
vt 0.9079226 2.899932
vt 0.9079226 3.141593
vt 0.9079226 3.383254
vt 0.9079226 3.624915
vt 0.9079226 3.866576
vt 0.9079226 4.108237
vt 0.9079226 4.349897
vt 0.9079226 4.591558
vt 0.9079226 4.83322
vt 0.9079226 5.074881
vt 0.9079226 5.316542
vt 0.9079226 5.558202
vt 0.9079226 5.799863
vt 0.9079226 6.041524
vt 1.002186 0
vt 1.002186 0.241661
vt 1.002186 0.483322
vt 1.002186 0.7249829
vt 1.002186 0.9666439
vt 1.002186 1.208305
vt 1.002186 1.449966
vt 1.002186 1.691627
vt 1.002186 1.933288
vt 1.002186 2.174949
vt 1.002186 2.41661
vt 1.002186 2.658271
vt 1.002186 2.899932
vt 1.002186 3.141593
vt 1.002186 3.383254
vt 1.002186 3.624915
vt 1.002186 3.866576
vt 1.002186 4.108237
vt 1.002186 4.349897
vt 1.002186 4.591558
vt 1.002186 4.83322
vt 1.002186 5.074881
vt 1.002186 5.316542
vt 1.002186 5.558202
vt 1.002186 5.799863
vt 1.002186 6.041524
vt 1.091068 0
vt 1.091068 0.241661
vt 1.091068 0.483322
vt 1.091068 0.7249829
vt 1.091068 0.9666439
vt 1.091068 1.208305
vt 1.091068 1.449966
vt 1.091068 1.691627
vt 1.091068 1.933288
vt 1.091068 2.174949
vt 1.091068 2.41661
vt 1.091068 2.658271
vt 1.091068 2.899932
vt 1.091068 3.141593
vt 1.091068 3.383254
vt 1.091068 3.624915
vt 1.091068 3.866576
vt 1.091068 4.108237
vt 1.091068 4.349897
vt 1.091068 4.591558
vt 1.091068 4.83322
vt 1.091068 5.074881
vt 1.091068 5.316542
vt 1.091068 5.558202
vt 1.091068 5.799863
vt 1.091068 6.041524
vt 1.176005 0
vt 1.176005 0.241661
vt 1.176005 0.483322
vt 1.176005 0.7249829
vt 1.176005 0.9666439
vt 1.176005 1.208305
vt 1.176005 1.449966
vt 1.176005 1.691627
vt 1.176005 1.933288
vt 1.176005 2.174949
vt 1.176005 2.41661
vt 1.176005 2.658271
vt 1.176005 2.899932
vt 1.176005 3.141593
vt 1.176005 3.383254
vt 1.176005 3.624915
vt 1.176005 3.866576
vt 1.176005 4.108237
vt 1.176005 4.349897
vt 1.176005 4.591558
vt 1.176005 4.83322
vt 1.176005 5.074881
vt 1.176005 5.316542
vt 1.176005 5.558202
vt 1.176005 5.799863
vt 1.176005 6.041524
vt 1.25803 0
vt 1.25803 0.241661
vt 1.25803 0.483322
vt 1.25803 0.7249829
vt 1.25803 0.9666439
vt 1.25803 1.208305
vt 1.25803 1.449966
vt 1.25803 1.691627
vt 1.25803 1.933288
vt 1.25803 2.174949
vt 1.25803 2.41661
vt 1.25803 2.658271
vt 1.25803 2.899932
vt 1.25803 3.141593
vt 1.25803 3.383254
vt 1.25803 3.624915
vt 1.25803 3.866576
vt 1.25803 4.108237
vt 1.25803 4.349897
vt 1.25803 4.591558
vt 1.25803 4.83322
vt 1.25803 5.074881
vt 1.25803 5.316542
vt 1.25803 5.558202
vt 1.25803 5.799863
vt 1.25803 6.041524
vt 1.337928 0
vt 1.337928 0.241661
vt 1.337928 0.483322
vt 1.337928 0.7249829
vt 1.337928 0.9666439
vt 1.337928 1.208305
vt 1.337928 1.449966
vt 1.337928 1.691627
vt 1.337928 1.933288
vt 1.337928 2.174949
vt 1.337928 2.41661
vt 1.337928 2.658271
vt 1.337928 2.899932
vt 1.337928 3.141593
vt 1.337928 3.383254
vt 1.337928 3.624915
vt 1.337928 3.866576
vt 1.337928 4.108237
vt 1.337928 4.349897
vt 1.337928 4.591558
vt 1.337928 4.83322
vt 1.337928 5.074881
vt 1.337928 5.316542
vt 1.337928 5.558202
vt 1.337928 5.799863
vt 1.337928 6.041524
vt 1.416337 0
vt 1.416337 0.241661
vt 1.416337 0.483322
vt 1.416337 0.7249829
vt 1.416337 0.9666439
vt 1.416337 1.208305
vt 1.416337 1.449966
vt 1.416337 1.691627
vt 1.416337 1.933288
vt 1.416337 2.174949
vt 1.416337 2.41661
vt 1.416337 2.658271
vt 1.416337 2.899932
vt 1.416337 3.141593
vt 1.416337 3.383254
vt 1.416337 3.624915
vt 1.416337 3.866576
vt 1.416337 4.108237
vt 1.416337 4.349897
vt 1.416337 4.591558
vt 1.416337 4.83322
vt 1.416337 5.074881
vt 1.416337 5.316542
vt 1.416337 5.558202
vt 1.416337 5.799863
vt 1.416337 6.041524
vt 1.493797 0
vt 1.493797 0.241661
vt 1.493797 0.483322
vt 1.493797 0.7249829
vt 1.493797 0.9666439
vt 1.493797 1.208305
vt 1.493797 1.449966
vt 1.493797 1.691627
vt 1.493797 1.933288
vt 1.493797 2.174949
vt 1.493797 2.41661
vt 1.493797 2.658271
vt 1.493797 2.899932
vt 1.493797 3.141593
vt 1.493797 3.383254
vt 1.493797 3.624915
vt 1.493797 3.866576
vt 1.493797 4.108237
vt 1.493797 4.349897
vt 1.493797 4.591558
vt 1.493797 4.83322
vt 1.493797 5.074881
vt 1.493797 5.316542
vt 1.493797 5.558202
vt 1.493797 5.799863
vt 1.493797 6.041524
vt 1.570796 0
vt 1.570796 0.241661
vt 1.570796 0.483322
vt 1.570796 0.7249829
vt 1.570796 0.9666439
vt 1.570796 1.208305
vt 1.570796 1.449966
vt 1.570796 1.691627
vt 1.570796 1.933288
vt 1.570796 2.174949
vt 1.570796 2.41661
vt 1.570796 2.658271
vt 1.570796 2.899932
vt 1.570796 3.141593
vt 1.570796 3.383254
vt 1.570796 3.624915
vt 1.570796 3.866576
vt 1.570796 4.108237
vt 1.570796 4.349897
vt 1.570796 4.591558
vt 1.570796 4.83322
vt 1.570796 5.074881
vt 1.570796 5.316542
vt 1.570796 5.558202
vt 1.570796 5.799863
vt 1.570796 6.041524
vt 1.647796 0
vt 1.647796 0.241661
vt 1.647796 0.483322
vt 1.647796 0.7249829
vt 1.647796 0.9666439
vt 1.647796 1.208305
vt 1.647796 1.449966
vt 1.647796 1.691627
vt 1.647796 1.933288
vt 1.647796 2.174949
vt 1.647796 2.41661
vt 1.647796 2.658271
vt 1.647796 2.899932
vt 1.647796 3.141593
vt 1.647796 3.383254
vt 1.647796 3.624915
vt 1.647796 3.866576
vt 1.647796 4.108237
vt 1.647796 4.349897
vt 1.647796 4.591558
vt 1.647796 4.83322
vt 1.647796 5.074881
vt 1.647796 5.316542
vt 1.647796 5.558202
vt 1.647796 5.799863
vt 1.647796 6.041524
vt 1.725256 0
vt 1.725256 0.241661
vt 1.725256 0.483322
vt 1.725256 0.7249829
vt 1.725256 0.9666439
vt 1.725256 1.208305
vt 1.725256 1.449966
vt 1.725256 1.691627
vt 1.725256 1.933288
vt 1.725256 2.174949
vt 1.725256 2.41661
vt 1.725256 2.658271
vt 1.725256 2.899932
vt 1.725256 3.141593
vt 1.725256 3.383254
vt 1.725256 3.624915
vt 1.725256 3.866576
vt 1.725256 4.108237
vt 1.725256 4.349897
vt 1.725256 4.591558
vt 1.725256 4.83322
vt 1.725256 5.074881
vt 1.725256 5.316542
vt 1.725256 5.558202
vt 1.725256 5.799863
vt 1.725256 6.041524
vt 1.803665 0
vt 1.803665 0.241661
vt 1.803665 0.483322
vt 1.803665 0.7249829
vt 1.803665 0.9666439
vt 1.803665 1.208305
vt 1.803665 1.449966
vt 1.803665 1.691627
vt 1.803665 1.933288
vt 1.803665 2.174949
vt 1.803665 2.41661
vt 1.803665 2.658271
vt 1.803665 2.899932
vt 1.803665 3.141593
vt 1.803665 3.383254
vt 1.803665 3.624915
vt 1.803665 3.866576
vt 1.803665 4.108237
vt 1.803665 4.349897
vt 1.803665 4.591558
vt 1.803665 4.83322
vt 1.803665 5.074881
vt 1.803665 5.316542
vt 1.803665 5.558202
vt 1.803665 5.799863
vt 1.803665 6.041524
vt 1.883563 0
vt 1.883563 0.241661
vt 1.883563 0.483322
vt 1.883563 0.7249829
vt 1.883563 0.9666439
vt 1.883563 1.208305
vt 1.883563 1.449966
vt 1.883563 1.691627
vt 1.883563 1.933288
vt 1.883563 2.174949
vt 1.883563 2.41661
vt 1.883563 2.658271
vt 1.883563 2.899932
vt 1.883563 3.141593
vt 1.883563 3.383254
vt 1.883563 3.624915
vt 1.883563 3.866576
vt 1.883563 4.108237
vt 1.883563 4.349897
vt 1.883563 4.591558
vt 1.883563 4.83322
vt 1.883563 5.074881
vt 1.883563 5.316542
vt 1.883563 5.558202
vt 1.883563 5.799863
vt 1.883563 6.041524
vt 1.965587 0
vt 1.965587 0.241661
vt 1.965587 0.483322
vt 1.965587 0.7249829
vt 1.965587 0.9666439
vt 1.965587 1.208305
vt 1.965587 1.449966
vt 1.965587 1.691627
vt 1.965587 1.933288
vt 1.965587 2.174949
vt 1.965587 2.41661
vt 1.965587 2.658271
vt 1.965587 2.899932
vt 1.965587 3.141593
vt 1.965587 3.383254
vt 1.965587 3.624915
vt 1.965587 3.866576
vt 1.965587 4.108237
vt 1.965587 4.349897
vt 1.965587 4.591558
vt 1.965587 4.83322
vt 1.965587 5.074881
vt 1.965587 5.316542
vt 1.965587 5.558202
vt 1.965587 5.799863
vt 1.965587 6.041524
vt 2.050525 0
vt 2.050525 0.241661
vt 2.050525 0.483322
vt 2.050525 0.7249829
vt 2.050525 0.9666439
vt 2.050525 1.208305
vt 2.050525 1.449966
vt 2.050525 1.691627
vt 2.050525 1.933288
vt 2.050525 2.174949
vt 2.050525 2.41661
vt 2.050525 2.658271
vt 2.050525 2.899932
vt 2.050525 3.141593
vt 2.050525 3.383254
vt 2.050525 3.624915
vt 2.050525 3.866576
vt 2.050525 4.108237
vt 2.050525 4.349897
vt 2.050525 4.591558
vt 2.050525 4.83322
vt 2.050525 5.074881
vt 2.050525 5.316542
vt 2.050525 5.558202
vt 2.050525 5.799863
vt 2.050525 6.041524
vt 2.139407 0
vt 2.139407 0.241661
vt 2.139407 0.483322
vt 2.139407 0.7249829
vt 2.139407 0.9666439
vt 2.139407 1.208305
vt 2.139407 1.449966
vt 2.139407 1.691627
vt 2.139407 1.933288
vt 2.139407 2.174949
vt 2.139407 2.41661
vt 2.139407 2.658271
vt 2.139407 2.899932
vt 2.139407 3.141593
vt 2.139407 3.383254
vt 2.139407 3.624915
vt 2.139407 3.866576
vt 2.139407 4.108237
vt 2.139407 4.349897
vt 2.139407 4.591558
vt 2.139407 4.83322
vt 2.139407 5.074881
vt 2.139407 5.316542
vt 2.139407 5.558202
vt 2.139407 5.799863
vt 2.139407 6.041524
vt 2.23367 0
vt 2.23367 0.241661
vt 2.23367 0.483322
vt 2.23367 0.7249829
vt 2.23367 0.9666439
vt 2.23367 1.208305
vt 2.23367 1.449966
vt 2.23367 1.691627
vt 2.23367 1.933288
vt 2.23367 2.174949
vt 2.23367 2.41661
vt 2.23367 2.658271
vt 2.23367 2.899932
vt 2.23367 3.141593
vt 2.23367 3.383254
vt 2.23367 3.624915
vt 2.23367 3.866576
vt 2.23367 4.108237
vt 2.23367 4.349897
vt 2.23367 4.591558
vt 2.23367 4.83322
vt 2.23367 5.074881
vt 2.23367 5.316542
vt 2.23367 5.558202
vt 2.23367 5.799863
vt 2.23367 6.041524
vt 2.335479 0
vt 2.335479 0.241661
vt 2.335479 0.483322
vt 2.335479 0.7249829
vt 2.335479 0.9666439
vt 2.335479 1.208305
vt 2.335479 1.449966
vt 2.335479 1.691627
vt 2.335479 1.933288
vt 2.335479 2.174949
vt 2.335479 2.41661
vt 2.335479 2.658271
vt 2.335479 2.899932
vt 2.335479 3.141593
vt 2.335479 3.383254
vt 2.335479 3.624915
vt 2.335479 3.866576
vt 2.335479 4.108237
vt 2.335479 4.349897
vt 2.335479 4.591558
vt 2.335479 4.83322
vt 2.335479 5.074881
vt 2.335479 5.316542
vt 2.335479 5.558202
vt 2.335479 5.799863
vt 2.335479 6.041524
vt 2.448433 0
vt 2.448433 0.241661
vt 2.448433 0.483322
vt 2.448433 0.7249829
vt 2.448433 0.9666439
vt 2.448433 1.208305
vt 2.448433 1.449966
vt 2.448433 1.691627
vt 2.448433 1.933288
vt 2.448433 2.174949
vt 2.448433 2.41661
vt 2.448433 2.658271
vt 2.448433 2.899932
vt 2.448433 3.141593
vt 2.448433 3.383254
vt 2.448433 3.624915
vt 2.448433 3.866576
vt 2.448433 4.108237
vt 2.448433 4.349897
vt 2.448433 4.591558
vt 2.448433 4.83322
vt 2.448433 5.074881
vt 2.448433 5.316542
vt 2.448433 5.558202
vt 2.448433 5.799863
vt 2.448433 6.041524
vt 2.579523 0
vt 2.579523 0.241661
vt 2.579523 0.483322
vt 2.579523 0.7249829
vt 2.579523 0.9666439
vt 2.579523 1.208305
vt 2.579523 1.449966
vt 2.579523 1.691627
vt 2.579523 1.933288
vt 2.579523 2.174949
vt 2.579523 2.41661
vt 2.579523 2.658271
vt 2.579523 2.899932
vt 2.579523 3.141593
vt 2.579523 3.383254
vt 2.579523 3.624915
vt 2.579523 3.866576
vt 2.579523 4.108237
vt 2.579523 4.349897
vt 2.579523 4.591558
vt 2.579523 4.83322
vt 2.579523 5.074881
vt 2.579523 5.316542
vt 2.579523 5.558202
vt 2.579523 5.799863
vt 2.579523 6.041524
vt 2.746801 0
vt 2.746801 0.241661
vt 2.746801 0.483322
vt 2.746801 0.7249829
vt 2.746801 0.9666439
vt 2.746801 1.208305
vt 2.746801 1.449966
vt 2.746801 1.691627
vt 2.746801 1.933288
vt 2.746801 2.174949
vt 2.746801 2.41661
vt 2.746801 2.658271
vt 2.746801 2.899932
vt 2.746801 3.141593
vt 2.746801 3.383254
vt 2.746801 3.624915
vt 2.746801 3.866576
vt 2.746801 4.108237
vt 2.746801 4.349897
vt 2.746801 4.591558
vt 2.746801 4.83322
vt 2.746801 5.074881
vt 2.746801 5.316542
vt 2.746801 5.558202
vt 2.746801 5.799863
vt 2.746801 6.041524
vt 0 1
vt 0 0

usemap Cartoon_FFFFFF
usemtl Cartoon_FFFFFF
f 1464/1464/1464 1438/1438/1438 1437/1437/1437 
f 1463/1463/1463 1464/1464/1464 1437/1437/1437 
f 1465/1465/1465 1439/1439/1439 1438/1438/1438 
f 1464/1464/1464 1465/1465/1465 1438/1438/1438 
f 1466/1466/1466 1440/1440/1440 1439/1439/1439 
f 1465/1465/1465 1466/1466/1466 1439/1439/1439 
f 1467/1467/1467 1441/1441/1441 1440/1440/1440 
f 1466/1466/1466 1467/1467/1467 1440/1440/1440 
f 1468/1468/1468 1442/1442/1442 1441/1441/1441 
f 1467/1467/1467 1468/1468/1468 1441/1441/1441 
f 1469/1469/1469 1443/1443/1443 1442/1442/1442 
f 1468/1468/1468 1469/1469/1469 1442/1442/1442 
f 1470/1470/1470 1444/1444/1444 1443/1443/1443 
f 1469/1469/1469 1470/1470/1470 1443/1443/1443 
f 1471/1471/1471 1445/1445/1445 1444/1444/1444 
f 1470/1470/1470 1471/1471/1471 1444/1444/1444 
f 1472/1472/1472 1446/1446/1446 1445/1445/1445 
f 1471/1471/1471 1472/1472/1472 1445/1445/1445 
f 1473/1473/1473 1447/1447/1447 1446/1446/1446 
f 1472/1472/1472 1473/1473/1473 1446/1446/1446 
f 1474/1474/1474 1448/1448/1448 1447/1447/1447 
f 1473/1473/1473 1474/1474/1474 1447/1447/1447 
f 1475/1475/1475 1449/1449/1449 1448/1448/1448 
f 1474/1474/1474 1475/1475/1475 1448/1448/1448 
f 1476/1476/1476 1450/1450/1450 1449/1449/1449 
f 1475/1475/1475 1476/1476/1476 1449/1449/1449 
f 1477/1477/1477 1451/1451/1451 1450/1450/1450 
f 1476/1476/1476 1477/1477/1477 1450/1450/1450 
f 1478/1478/1478 1452/1452/1452 1451/1451/1451 
f 1477/1477/1477 1478/1478/1478 1451/1451/1451 
f 1479/1479/1479 1453/1453/1453 1452/1452/1452 
f 1478/1478/1478 1479/1479/1479 1452/1452/1452 
f 1480/1480/1480 1454/1454/1454 1453/1453/1453 
f 1479/1479/1479 1480/1480/1480 1453/1453/1453 
f 1481/1481/1481 1455/1455/1455 1454/1454/1454 
f 1480/1480/1480 1481/1481/1481 1454/1454/1454 
f 1482/1482/1482 1456/1456/1456 1455/1455/1455 
f 1481/1481/1481 1482/1482/1482 1455/1455/1455 
f 1483/1483/1483 1457/1457/1457 1456/1456/1456 
f 1482/1482/1482 1483/1483/1483 1456/1456/1456 
f 1484/1484/1484 1458/1458/1458 1457/1457/1457 
f 1483/1483/1483 1484/1484/1484 1457/1457/1457 
f 1485/1485/1485 1459/1459/1459 1458/1458/1458 
f 1484/1484/1484 1485/1485/1485 1458/1458/1458 
f 1486/1486/1486 1460/1460/1460 1459/1459/1459 
f 1485/1485/1485 1486/1486/1486 1459/1459/1459 
f 1487/1487/1487 1461/1461/1461 1460/1460/1460 
f 1486/1486/1486 1487/1487/1487 1460/1460/1460 
f 1488/1488/1488 1462/1462/1462 1461/1461/1461 
f 1487/1487/1487 1488/1488/1488 1461/1461/1461 
f 1463/1463/1463 1437/1437/1437 1462/1462/1462 
f 1488/1488/1488 1463/1463/1463 1462/1462/1462 
f 1490/1490/1490 1464/1464/1464 1463/1463/1463 
f 1489/1489/1489 1490/1490/1490 1463/1463/1463 
f 1491/1491/1491 1465/1465/1465 1464/1464/1464 
f 1490/1490/1490 1491/1491/1491 1464/1464/1464 
f 1492/1492/1492 1466/1466/1466 1465/1465/1465 
f 1491/1491/1491 1492/1492/1492 1465/1465/1465 
f 1493/1493/1493 1467/1467/1467 1466/1466/1466 
f 1492/1492/1492 1493/1493/1493 1466/1466/1466 
f 1494/1494/1494 1468/1468/1468 1467/1467/1467 
f 1493/1493/1493 1494/1494/1494 1467/1467/1467 
f 1495/1495/1495 1469/1469/1469 1468/1468/1468 
f 1494/1494/1494 1495/1495/1495 1468/1468/1468 
f 1496/1496/1496 1470/1470/1470 1469/1469/1469 
f 1495/1495/1495 1496/1496/1496 1469/1469/1469 
f 1497/1497/1497 1471/1471/1471 1470/1470/1470 
f 1496/1496/1496 1497/1497/1497 1470/1470/1470 
f 1498/1498/1498 1472/1472/1472 1471/1471/1471 
f 1497/1497/1497 1498/1498/1498 1471/1471/1471 
f 1499/1499/1499 1473/1473/1473 1472/1472/1472 
f 1498/1498/1498 1499/1499/1499 1472/1472/1472 
f 1500/1500/1500 1474/1474/1474 1473/1473/1473 
f 1499/1499/1499 1500/1500/1500 1473/1473/1473 
f 1501/1501/1501 1475/1475/1475 1474/1474/1474 
f 1500/1500/1500 1501/1501/1501 1474/1474/1474 
f 1502/1502/1502 1476/1476/1476 1475/1475/1475 
f 1501/1501/1501 1502/1502/1502 1475/1475/1475 
f 1503/1503/1503 1477/1477/1477 1476/1476/1476 
f 1502/1502/1502 1503/1503/1503 1476/1476/1476 
f 1504/1504/1504 1478/1478/1478 1477/1477/1477 
f 1503/1503/1503 1504/1504/1504 1477/1477/1477 
f 1505/1505/1505 1479/1479/1479 1478/1478/1478 
f 1504/1504/1504 1505/1505/1505 1478/1478/1478 
f 1506/1506/1506 1480/1480/1480 1479/1479/1479 
f 1505/1505/1505 1506/1506/1506 1479/1479/1479 
f 1507/1507/1507 1481/1481/1481 1480/1480/1480 
f 1506/1506/1506 1507/1507/1507 1480/1480/1480 
f 1508/1508/1508 1482/1482/1482 1481/1481/1481 
f 1507/1507/1507 1508/1508/1508 1481/1481/1481 
f 1509/1509/1509 1483/1483/1483 1482/1482/1482 
f 1508/1508/1508 1509/1509/1509 1482/1482/1482 
f 1510/1510/1510 1484/1484/1484 1483/1483/1483 
f 1509/1509/1509 1510/1510/1510 1483/1483/1483 
f 1511/1511/1511 1485/1485/1485 1484/1484/1484 
f 1510/1510/1510 1511/1511/1511 1484/1484/1484 
f 1512/1512/1512 1486/1486/1486 1485/1485/1485 
f 1511/1511/1511 1512/1512/1512 1485/1485/1485 
f 1513/1513/1513 1487/1487/1487 1486/1486/1486 
f 1512/1512/1512 1513/1513/1513 1486/1486/1486 
f 1514/1514/1514 1488/1488/1488 1487/1487/1487 
f 1513/1513/1513 1514/1514/1514 1487/1487/1487 
f 1489/1489/1489 1463/1463/1463 1488/1488/1488 
f 1514/1514/1514 1489/1489/1489 1488/1488/1488 
f 1516/1516/1516 1490/1490/1490 1489/1489/1489 
f 1515/1515/1515 1516/1516/1516 1489/1489/1489 
f 1517/1517/1517 1491/1491/1491 1490/1490/1490 
f 1516/1516/1516 1517/1517/1517 1490/1490/1490 
f 1518/1518/1518 1492/1492/1492 1491/1491/1491 
f 1517/1517/1517 1518/1518/1518 1491/1491/1491 
f 1519/1519/1519 1493/1493/1493 1492/1492/1492 
f 1518/1518/1518 1519/1519/1519 1492/1492/1492 
f 1520/1520/1520 1494/1494/1494 1493/1493/1493 
f 1519/1519/1519 1520/1520/1520 1493/1493/1493 
f 1521/1521/1521 1495/1495/1495 1494/1494/1494 
f 1520/1520/1520 1521/1521/1521 1494/1494/1494 
f 1522/1522/1522 1496/1496/1496 1495/1495/1495 
f 1521/1521/1521 1522/1522/1522 1495/1495/1495 
f 1523/1523/1523 1497/1497/1497 1496/1496/1496 
f 1522/1522/1522 1523/1523/1523 1496/1496/1496 
f 1524/1524/1524 1498/1498/1498 1497/1497/1497 
f 1523/1523/1523 1524/1524/1524 1497/1497/1497 
f 1525/1525/1525 1499/1499/1499 1498/1498/1498 
f 1524/1524/1524 1525/1525/1525 1498/1498/1498 
f 1526/1526/1526 1500/1500/1500 1499/1499/1499 
f 1525/1525/1525 1526/1526/1526 1499/1499/1499 
f 1527/1527/1527 1501/1501/1501 1500/1500/1500 
f 1526/1526/1526 1527/1527/1527 1500/1500/1500 
f 1528/1528/1528 1502/1502/1502 1501/1501/1501 
f 1527/1527/1527 1528/1528/1528 1501/1501/1501 
f 1529/1529/1529 1503/1503/1503 1502/1502/1502 
f 1528/1528/1528 1529/1529/1529 1502/1502/1502 
f 1530/1530/1530 1504/1504/1504 1503/1503/1503 
f 1529/1529/1529 1530/1530/1530 1503/1503/1503 
f 1531/1531/1531 1505/1505/1505 1504/1504/1504 
f 1530/1530/1530 1531/1531/1531 1504/1504/1504 
f 1532/1532/1532 1506/1506/1506 1505/1505/1505 
f 1531/1531/1531 1532/1532/1532 1505/1505/1505 
f 1533/1533/1533 1507/1507/1507 1506/1506/1506 
f 1532/1532/1532 1533/1533/1533 1506/1506/1506 
f 1534/1534/1534 1508/1508/1508 1507/1507/1507 
f 1533/1533/1533 1534/1534/1534 1507/1507/1507 
f 1535/1535/1535 1509/1509/1509 1508/1508/1508 
f 1534/1534/1534 1535/1535/1535 1508/1508/1508 
f 1536/1536/1536 1510/1510/1510 1509/1509/1509 
f 1535/1535/1535 1536/1536/1536 1509/1509/1509 
f 1537/1537/1537 1511/1511/1511 1510/1510/1510 
f 1536/1536/1536 1537/1537/1537 1510/1510/1510 
f 1538/1538/1538 1512/1512/1512 1511/1511/1511 
f 1537/1537/1537 1538/1538/1538 1511/1511/1511 
f 1539/1539/1539 1513/1513/1513 1512/1512/1512 
f 1538/1538/1538 1539/1539/1539 1512/1512/1512 
f 1540/1540/1540 1514/1514/1514 1513/1513/1513 
f 1539/1539/1539 1540/1540/1540 1513/1513/1513 
f 1515/1515/1515 1489/1489/1489 1514/1514/1514 
f 1540/1540/1540 1515/1515/1515 1514/1514/1514 
f 1542/1542/1542 1516/1516/1516 1515/1515/1515 
f 1541/1541/1541 1542/1542/1542 1515/1515/1515 
f 1543/1543/1543 1517/1517/1517 1516/1516/1516 
f 1542/1542/1542 1543/1543/1543 1516/1516/1516 
f 1544/1544/1544 1518/1518/1518 1517/1517/1517 
f 1543/1543/1543 1544/1544/1544 1517/1517/1517 
f 1545/1545/1545 1519/1519/1519 1518/1518/1518 
f 1544/1544/1544 1545/1545/1545 1518/1518/1518 
f 1546/1546/1546 1520/1520/1520 1519/1519/1519 
f 1545/1545/1545 1546/1546/1546 1519/1519/1519 
f 1547/1547/1547 1521/1521/1521 1520/1520/1520 
f 1546/1546/1546 1547/1547/1547 1520/1520/1520 
f 1548/1548/1548 1522/1522/1522 1521/1521/1521 
f 1547/1547/1547 1548/1548/1548 1521/1521/1521 
f 1549/1549/1549 1523/1523/1523 1522/1522/1522 
f 1548/1548/1548 1549/1549/1549 1522/1522/1522 
f 1550/1550/1550 1524/1524/1524 1523/1523/1523 
f 1549/1549/1549 1550/1550/1550 1523/1523/1523 
f 1551/1551/1551 1525/1525/1525 1524/1524/1524 
f 1550/1550/1550 1551/1551/1551 1524/1524/1524 
f 1552/1552/1552 1526/1526/1526 1525/1525/1525 
f 1551/1551/1551 1552/1552/1552 1525/1525/1525 
f 1553/1553/1553 1527/1527/1527 1526/1526/1526 
f 1552/1552/1552 1553/1553/1553 1526/1526/1526 
f 1554/1554/1554 1528/1528/1528 1527/1527/1527 
f 1553/1553/1553 1554/1554/1554 1527/1527/1527 
f 1555/1555/1555 1529/1529/1529 1528/1528/1528 
f 1554/1554/1554 1555/1555/1555 1528/1528/1528 
f 1556/1556/1556 1530/1530/1530 1529/1529/1529 
f 1555/1555/1555 1556/1556/1556 1529/1529/1529 
f 1557/1557/1557 1531/1531/1531 1530/1530/1530 
f 1556/1556/1556 1557/1557/1557 1530/1530/1530 
f 1558/1558/1558 1532/1532/1532 1531/1531/1531 
f 1557/1557/1557 1558/1558/1558 1531/1531/1531 
f 1559/1559/1559 1533/1533/1533 1532/1532/1532 
f 1558/1558/1558 1559/1559/1559 1532/1532/1532 
f 1560/1560/1560 1534/1534/1534 1533/1533/1533 
f 1559/1559/1559 1560/1560/1560 1533/1533/1533 
f 1561/1561/1561 1535/1535/1535 1534/1534/1534 
f 1560/1560/1560 1561/1561/1561 1534/1534/1534 
f 1562/1562/1562 1536/1536/1536 1535/1535/1535 
f 1561/1561/1561 1562/1562/1562 1535/1535/1535 
f 1563/1563/1563 1537/1537/1537 1536/1536/1536 
f 1562/1562/1562 1563/1563/1563 1536/1536/1536 
f 1564/1564/1564 1538/1538/1538 1537/1537/1537 
f 1563/1563/1563 1564/1564/1564 1537/1537/1537 
f 1565/1565/1565 1539/1539/1539 1538/1538/1538 
f 1564/1564/1564 1565/1565/1565 1538/1538/1538 
f 1566/1566/1566 1540/1540/1540 1539/1539/1539 
f 1565/1565/1565 1566/1566/1566 1539/1539/1539 
f 1541/1541/1541 1515/1515/1515 1540/1540/1540 
f 1566/1566/1566 1541/1541/1541 1540/1540/1540 
f 1568/1568/1568 1542/1542/1542 1541/1541/1541 
f 1567/1567/1567 1568/1568/1568 1541/1541/1541 
f 1569/1569/1569 1543/1543/1543 1542/1542/1542 
f 1568/1568/1568 1569/1569/1569 1542/1542/1542 
f 1570/1570/1570 1544/1544/1544 1543/1543/1543 
f 1569/1569/1569 1570/1570/1570 1543/1543/1543 
f 1571/1571/1571 1545/1545/1545 1544/1544/1544 
f 1570/1570/1570 1571/1571/1571 1544/1544/1544 
f 1572/1572/1572 1546/1546/1546 1545/1545/1545 
f 1571/1571/1571 1572/1572/1572 1545/1545/1545 
f 1573/1573/1573 1547/1547/1547 1546/1546/1546 
f 1572/1572/1572 1573/1573/1573 1546/1546/1546 
f 1574/1574/1574 1548/1548/1548 1547/1547/1547 
f 1573/1573/1573 1574/1574/1574 1547/1547/1547 
f 1575/1575/1575 1549/1549/1549 1548/1548/1548 
f 1574/1574/1574 1575/1575/1575 1548/1548/1548 
f 1576/1576/1576 1550/1550/1550 1549/1549/1549 
f 1575/1575/1575 1576/1576/1576 1549/1549/1549 
f 1577/1577/1577 1551/1551/1551 1550/1550/1550 
f 1576/1576/1576 1577/1577/1577 1550/1550/1550 
f 1578/1578/1578 1552/1552/1552 1551/1551/1551 
f 1577/1577/1577 1578/1578/1578 1551/1551/1551 
f 1579/1579/1579 1553/1553/1553 1552/1552/1552 
f 1578/1578/1578 1579/1579/1579 1552/1552/1552 
f 1580/1580/1580 1554/1554/1554 1553/1553/1553 
f 1579/1579/1579 1580/1580/1580 1553/1553/1553 
f 1581/1581/1581 1555/1555/1555 1554/1554/1554 
f 1580/1580/1580 1581/1581/1581 1554/1554/1554 
f 1582/1582/1582 1556/1556/1556 1555/1555/1555 
f 1581/1581/1581 1582/1582/1582 1555/1555/1555 
f 1583/1583/1583 1557/1557/1557 1556/1556/1556 
f 1582/1582/1582 1583/1583/1583 1556/1556/1556 
f 1584/1584/1584 1558/1558/1558 1557/1557/1557 
f 1583/1583/1583 1584/1584/1584 1557/1557/1557 
f 1585/1585/1585 1559/1559/1559 1558/1558/1558 
f 1584/1584/1584 1585/1585/1585 1558/1558/1558 
f 1586/1586/1586 1560/1560/1560 1559/1559/1559 
f 1585/1585/1585 1586/1586/1586 1559/1559/1559 
f 1587/1587/1587 1561/1561/1561 1560/1560/1560 
f 1586/1586/1586 1587/1587/1587 1560/1560/1560 
f 1588/1588/1588 1562/1562/1562 1561/1561/1561 
f 1587/1587/1587 1588/1588/1588 1561/1561/1561 
f 1589/1589/1589 1563/1563/1563 1562/1562/1562 
f 1588/1588/1588 1589/1589/1589 1562/1562/1562 
f 1590/1590/1590 1564/1564/1564 1563/1563/1563 
f 1589/1589/1589 1590/1590/1590 1563/1563/1563 
f 1591/1591/1591 1565/1565/1565 1564/1564/1564 
f 1590/1590/1590 1591/1591/1591 1564/1564/1564 
f 1592/1592/1592 1566/1566/1566 1565/1565/1565 
f 1591/1591/1591 1592/1592/1592 1565/1565/1565 
f 1567/1567/1567 1541/1541/1541 1566/1566/1566 
f 1592/1592/1592 1567/1567/1567 1566/1566/1566 
f 1594/1594/1594 1568/1568/1568 1567/1567/1567 
f 1593/1593/1593 1594/1594/1594 1567/1567/1567 
f 1595/1595/1595 1569/1569/1569 1568/1568/1568 
f 1594/1594/1594 1595/1595/1595 1568/1568/1568 
f 1596/1596/1596 1570/1570/1570 1569/1569/1569 
f 1595/1595/1595 1596/1596/1596 1569/1569/1569 
f 1597/1597/1597 1571/1571/1571 1570/1570/1570 
f 1596/1596/1596 1597/1597/1597 1570/1570/1570 
f 1598/1598/1598 1572/1572/1572 1571/1571/1571 
f 1597/1597/1597 1598/1598/1598 1571/1571/1571 
f 1599/1599/1599 1573/1573/1573 1572/1572/1572 
f 1598/1598/1598 1599/1599/1599 1572/1572/1572 
f 1600/1600/1600 1574/1574/1574 1573/1573/1573 
f 1599/1599/1599 1600/1600/1600 1573/1573/1573 
f 1601/1601/1601 1575/1575/1575 1574/1574/1574 
f 1600/1600/1600 1601/1601/1601 1574/1574/1574 
f 1602/1602/1602 1576/1576/1576 1575/1575/1575 
f 1601/1601/1601 1602/1602/1602 1575/1575/1575 
f 1603/1603/1603 1577/1577/1577 1576/1576/1576 
f 1602/1602/1602 1603/1603/1603 1576/1576/1576 
f 1604/1604/1604 1578/1578/1578 1577/1577/1577 
f 1603/1603/1603 1604/1604/1604 1577/1577/1577 
f 1605/1605/1605 1579/1579/1579 1578/1578/1578 
f 1604/1604/1604 1605/1605/1605 1578/1578/1578 
f 1606/1606/1606 1580/1580/1580 1579/1579/1579 
f 1605/1605/1605 1606/1606/1606 1579/1579/1579 
f 1607/1607/1607 1581/1581/1581 1580/1580/1580 
f 1606/1606/1606 1607/1607/1607 1580/1580/1580 
f 1608/1608/1608 1582/1582/1582 1581/1581/1581 
f 1607/1607/1607 1608/1608/1608 1581/1581/1581 
f 1609/1609/1609 1583/1583/1583 1582/1582/1582 
f 1608/1608/1608 1609/1609/1609 1582/1582/1582 
f 1610/1610/1610 1584/1584/1584 1583/1583/1583 
f 1609/1609/1609 1610/1610/1610 1583/1583/1583 
f 1611/1611/1611 1585/1585/1585 1584/1584/1584 
f 1610/1610/1610 1611/1611/1611 1584/1584/1584 
f 1612/1612/1612 1586/1586/1586 1585/1585/1585 
f 1611/1611/1611 1612/1612/1612 1585/1585/1585 
f 1613/1613/1613 1587/1587/1587 1586/1586/1586 
f 1612/1612/1612 1613/1613/1613 1586/1586/1586 
f 1614/1614/1614 1588/1588/1588 1587/1587/1587 
f 1613/1613/1613 1614/1614/1614 1587/1587/1587 
f 1615/1615/1615 1589/1589/1589 1588/1588/1588 
f 1614/1614/1614 1615/1615/1615 1588/1588/1588 
f 1616/1616/1616 1590/1590/1590 1589/1589/1589 
f 1615/1615/1615 1616/1616/1616 1589/1589/1589 
f 1617/1617/1617 1591/1591/1591 1590/1590/1590 
f 1616/1616/1616 1617/1617/1617 1590/1590/1590 
f 1618/1618/1618 1592/1592/1592 1591/1591/1591 
f 1617/1617/1617 1618/1618/1618 1591/1591/1591 
f 1593/1593/1593 1567/1567/1567 1592/1592/1592 
f 1618/1618/1618 1593/1593/1593 1592/1592/1592 
f 1620/1620/1620 1594/1594/1594 1593/1593/1593 
f 1619/1619/1619 1620/1620/1620 1593/1593/1593 
f 1621/1621/1621 1595/1595/1595 1594/1594/1594 
f 1620/1620/1620 1621/1621/1621 1594/1594/1594 
f 1622/1622/1622 1596/1596/1596 1595/1595/1595 
f 1621/1621/1621 1622/1622/1622 1595/1595/1595 
f 1623/1623/1623 1597/1597/1597 1596/1596/1596 
f 1622/1622/1622 1623/1623/1623 1596/1596/1596 
f 1624/1624/1624 1598/1598/1598 1597/1597/1597 
f 1623/1623/1623 1624/1624/1624 1597/1597/1597 
f 1625/1625/1625 1599/1599/1599 1598/1598/1598 
f 1624/1624/1624 1625/1625/1625 1598/1598/1598 
f 1626/1626/1626 1600/1600/1600 1599/1599/1599 
f 1625/1625/1625 1626/1626/1626 1599/1599/1599 
f 1627/1627/1627 1601/1601/1601 1600/1600/1600 
f 1626/1626/1626 1627/1627/1627 1600/1600/1600 
f 1628/1628/1628 1602/1602/1602 1601/1601/1601 
f 1627/1627/1627 1628/1628/1628 1601/1601/1601 
f 1629/1629/1629 1603/1603/1603 1602/1602/1602 
f 1628/1628/1628 1629/1629/1629 1602/1602/1602 
f 1630/1630/1630 1604/1604/1604 1603/1603/1603 
f 1629/1629/1629 1630/1630/1630 1603/1603/1603 
f 1631/1631/1631 1605/1605/1605 1604/1604/1604 
f 1630/1630/1630 1631/1631/1631 1604/1604/1604 
f 1632/1632/1632 1606/1606/1606 1605/1605/1605 
f 1631/1631/1631 1632/1632/1632 1605/1605/1605 
f 1633/1633/1633 1607/1607/1607 1606/1606/1606 
f 1632/1632/1632 1633/1633/1633 1606/1606/1606 
f 1634/1634/1634 1608/1608/1608 1607/1607/1607 
f 1633/1633/1633 1634/1634/1634 1607/1607/1607 
f 1635/1635/1635 1609/1609/1609 1608/1608/1608 
f 1634/1634/1634 1635/1635/1635 1608/1608/1608 
f 1636/1636/1636 1610/1610/1610 1609/1609/1609 
f 1635/1635/1635 1636/1636/1636 1609/1609/1609 
f 1637/1637/1637 1611/1611/1611 1610/1610/1610 
f 1636/1636/1636 1637/1637/1637 1610/1610/1610 
f 1638/1638/1638 1612/1612/1612 1611/1611/1611 
f 1637/1637/1637 1638/1638/1638 1611/1611/1611 
f 1639/1639/1639 1613/1613/1613 1612/1612/1612 
f 1638/1638/1638 1639/1639/1639 1612/1612/1612 
f 1640/1640/1640 1614/1614/1614 1613/1613/1613 
f 1639/1639/1639 1640/1640/1640 1613/1613/1613 
f 1641/1641/1641 1615/1615/1615 1614/1614/1614 
f 1640/1640/1640 1641/1641/1641 1614/1614/1614 
f 1642/1642/1642 1616/1616/1616 1615/1615/1615 
f 1641/1641/1641 1642/1642/1642 1615/1615/1615 
f 1643/1643/1643 1617/1617/1617 1616/1616/1616 
f 1642/1642/1642 1643/1643/1643 1616/1616/1616 
f 1644/1644/1644 1618/1618/1618 1617/1617/1617 
f 1643/1643/1643 1644/1644/1644 1617/1617/1617 
f 1619/1619/1619 1593/1593/1593 1618/1618/1618 
f 1644/1644/1644 1619/1619/1619 1618/1618/1618 
f 1646/1646/1646 1620/1620/1620 1619/1619/1619 
f 1645/1645/1645 1646/1646/1646 1619/1619/1619 
f 1647/1647/1647 1621/1621/1621 1620/1620/1620 
f 1646/1646/1646 1647/1647/1647 1620/1620/1620 
f 1648/1648/1648 1622/1622/1622 1621/1621/1621 
f 1647/1647/1647 1648/1648/1648 1621/1621/1621 
f 1649/1649/1649 1623/1623/1623 1622/1622/1622 
f 1648/1648/1648 1649/1649/1649 1622/1622/1622 
f 1650/1650/1650 1624/1624/1624 1623/1623/1623 
f 1649/1649/1649 1650/1650/1650 1623/1623/1623 
f 1651/1651/1651 1625/1625/1625 1624/1624/1624 
f 1650/1650/1650 1651/1651/1651 1624/1624/1624 
f 1652/1652/1652 1626/1626/1626 1625/1625/1625 
f 1651/1651/1651 1652/1652/1652 1625/1625/1625 
f 1653/1653/1653 1627/1627/1627 1626/1626/1626 
f 1652/1652/1652 1653/1653/1653 1626/1626/1626 
f 1654/1654/1654 1628/1628/1628 1627/1627/1627 
f 1653/1653/1653 1654/1654/1654 1627/1627/1627 
f 1655/1655/1655 1629/1629/1629 1628/1628/1628 
f 1654/1654/1654 1655/1655/1655 1628/1628/1628 
f 1656/1656/1656 1630/1630/1630 1629/1629/1629 
f 1655/1655/1655 1656/1656/1656 1629/1629/1629 
f 1657/1657/1657 1631/1631/1631 1630/1630/1630 
f 1656/1656/1656 1657/1657/1657 1630/1630/1630 
f 1658/1658/1658 1632/1632/1632 1631/1631/1631 
f 1657/1657/1657 1658/1658/1658 1631/1631/1631 
f 1659/1659/1659 1633/1633/1633 1632/1632/1632 
f 1658/1658/1658 1659/1659/1659 1632/1632/1632 
f 1660/1660/1660 1634/1634/1634 1633/1633/1633 
f 1659/1659/1659 1660/1660/1660 1633/1633/1633 
f 1661/1661/1661 1635/1635/1635 1634/1634/1634 
f 1660/1660/1660 1661/1661/1661 1634/1634/1634 
f 1662/1662/1662 1636/1636/1636 1635/1635/1635 
f 1661/1661/1661 1662/1662/1662 1635/1635/1635 
f 1663/1663/1663 1637/1637/1637 1636/1636/1636 
f 1662/1662/1662 1663/1663/1663 1636/1636/1636 
f 1664/1664/1664 1638/1638/1638 1637/1637/1637 
f 1663/1663/1663 1664/1664/1664 1637/1637/1637 
f 1665/1665/1665 1639/1639/1639 1638/1638/1638 
f 1664/1664/1664 1665/1665/1665 1638/1638/1638 
f 1666/1666/1666 1640/1640/1640 1639/1639/1639 
f 1665/1665/1665 1666/1666/1666 1639/1639/1639 
f 1667/1667/1667 1641/1641/1641 1640/1640/1640 
f 1666/1666/1666 1667/1667/1667 1640/1640/1640 
f 1668/1668/1668 1642/1642/1642 1641/1641/1641 
f 1667/1667/1667 1668/1668/1668 1641/1641/1641 
f 1669/1669/1669 1643/1643/1643 1642/1642/1642 
f 1668/1668/1668 1669/1669/1669 1642/1642/1642 
f 1670/1670/1670 1644/1644/1644 1643/1643/1643 
f 1669/1669/1669 1670/1670/1670 1643/1643/1643 
f 1645/1645/1645 1619/1619/1619 1644/1644/1644 
f 1670/1670/1670 1645/1645/1645 1644/1644/1644 
f 1672/1672/1672 1646/1646/1646 1645/1645/1645 
f 1671/1671/1671 1672/1672/1672 1645/1645/1645 
f 1673/1673/1673 1647/1647/1647 1646/1646/1646 
f 1672/1672/1672 1673/1673/1673 1646/1646/1646 
f 1674/1674/1674 1648/1648/1648 1647/1647/1647 
f 1673/1673/1673 1674/1674/1674 1647/1647/1647 
f 1675/1675/1675 1649/1649/1649 1648/1648/1648 
f 1674/1674/1674 1675/1675/1675 1648/1648/1648 
f 1676/1676/1676 1650/1650/1650 1649/1649/1649 
f 1675/1675/1675 1676/1676/1676 1649/1649/1649 
f 1677/1677/1677 1651/1651/1651 1650/1650/1650 
f 1676/1676/1676 1677/1677/1677 1650/1650/1650 
f 1678/1678/1678 1652/1652/1652 1651/1651/1651 
f 1677/1677/1677 1678/1678/1678 1651/1651/1651 
f 1679/1679/1679 1653/1653/1653 1652/1652/1652 
f 1678/1678/1678 1679/1679/1679 1652/1652/1652 
f 1680/1680/1680 1654/1654/1654 1653/1653/1653 
f 1679/1679/1679 1680/1680/1680 1653/1653/1653 
f 1681/1681/1681 1655/1655/1655 1654/1654/1654 
f 1680/1680/1680 1681/1681/1681 1654/1654/1654 
f 1682/1682/1682 1656/1656/1656 1655/1655/1655 
f 1681/1681/1681 1682/1682/1682 1655/1655/1655 
f 1683/1683/1683 1657/1657/1657 1656/1656/1656 
f 1682/1682/1682 1683/1683/1683 1656/1656/1656 
f 1684/1684/1684 1658/1658/1658 1657/1657/1657 
f 1683/1683/1683 1684/1684/1684 1657/1657/1657 
f 1685/1685/1685 1659/1659/1659 1658/1658/1658 
f 1684/1684/1684 1685/1685/1685 1658/1658/1658 
f 1686/1686/1686 1660/1660/1660 1659/1659/1659 
f 1685/1685/1685 1686/1686/1686 1659/1659/1659 
f 1687/1687/1687 1661/1661/1661 1660/1660/1660 
f 1686/1686/1686 1687/1687/1687 1660/1660/1660 
f 1688/1688/1688 1662/1662/1662 1661/1661/1661 
f 1687/1687/1687 1688/1688/1688 1661/1661/1661 
f 1689/1689/1689 1663/1663/1663 1662/1662/1662 
f 1688/1688/1688 1689/1689/1689 1662/1662/1662 
f 1690/1690/1690 1664/1664/1664 1663/1663/1663 
f 1689/1689/1689 1690/1690/1690 1663/1663/1663 
f 1691/1691/1691 1665/1665/1665 1664/1664/1664 
f 1690/1690/1690 1691/1691/1691 1664/1664/1664 
f 1692/1692/1692 1666/1666/1666 1665/1665/1665 
f 1691/1691/1691 1692/1692/1692 1665/1665/1665 
f 1693/1693/1693 1667/1667/1667 1666/1666/1666 
f 1692/1692/1692 1693/1693/1693 1666/1666/1666 
f 1694/1694/1694 1668/1668/1668 1667/1667/1667 
f 1693/1693/1693 1694/1694/1694 1667/1667/1667 
f 1695/1695/1695 1669/1669/1669 1668/1668/1668 
f 1694/1694/1694 1695/1695/1695 1668/1668/1668 
f 1696/1696/1696 1670/1670/1670 1669/1669/1669 
f 1695/1695/1695 1696/1696/1696 1669/1669/1669 
f 1671/1671/1671 1645/1645/1645 1670/1670/1670 
f 1696/1696/1696 1671/1671/1671 1670/1670/1670 
f 1698/1698/1698 1672/1672/1672 1671/1671/1671 
f 1697/1697/1697 1698/1698/1698 1671/1671/1671 
f 1699/1699/1699 1673/1673/1673 1672/1672/1672 
f 1698/1698/1698 1699/1699/1699 1672/1672/1672 
f 1700/1700/1700 1674/1674/1674 1673/1673/1673 
f 1699/1699/1699 1700/1700/1700 1673/1673/1673 
f 1701/1701/1701 1675/1675/1675 1674/1674/1674 
f 1700/1700/1700 1701/1701/1701 1674/1674/1674 
f 1702/1702/1702 1676/1676/1676 1675/1675/1675 
f 1701/1701/1701 1702/1702/1702 1675/1675/1675 
f 1703/1703/1703 1677/1677/1677 1676/1676/1676 
f 1702/1702/1702 1703/1703/1703 1676/1676/1676 
f 1704/1704/1704 1678/1678/1678 1677/1677/1677 
f 1703/1703/1703 1704/1704/1704 1677/1677/1677 
f 1705/1705/1705 1679/1679/1679 1678/1678/1678 
f 1704/1704/1704 1705/1705/1705 1678/1678/1678 
f 1706/1706/1706 1680/1680/1680 1679/1679/1679 
f 1705/1705/1705 1706/1706/1706 1679/1679/1679 
f 1707/1707/1707 1681/1681/1681 1680/1680/1680 
f 1706/1706/1706 1707/1707/1707 1680/1680/1680 
f 1708/1708/1708 1682/1682/1682 1681/1681/1681 
f 1707/1707/1707 1708/1708/1708 1681/1681/1681 
f 1709/1709/1709 1683/1683/1683 1682/1682/1682 
f 1708/1708/1708 1709/1709/1709 1682/1682/1682 
f 1710/1710/1710 1684/1684/1684 1683/1683/1683 
f 1709/1709/1709 1710/1710/1710 1683/1683/1683 
f 1711/1711/1711 1685/1685/1685 1684/1684/1684 
f 1710/1710/1710 1711/1711/1711 1684/1684/1684 
f 1712/1712/1712 1686/1686/1686 1685/1685/1685 
f 1711/1711/1711 1712/1712/1712 1685/1685/1685 
f 1713/1713/1713 1687/1687/1687 1686/1686/1686 
f 1712/1712/1712 1713/1713/1713 1686/1686/1686 
f 1714/1714/1714 1688/1688/1688 1687/1687/1687 
f 1713/1713/1713 1714/1714/1714 1687/1687/1687 
f 1715/1715/1715 1689/1689/1689 1688/1688/1688 
f 1714/1714/1714 1715/1715/1715 1688/1688/1688 
f 1716/1716/1716 1690/1690/1690 1689/1689/1689 
f 1715/1715/1715 1716/1716/1716 1689/1689/1689 
f 1717/1717/1717 1691/1691/1691 1690/1690/1690 
f 1716/1716/1716 1717/1717/1717 1690/1690/1690 
f 1718/1718/1718 1692/1692/1692 1691/1691/1691 
f 1717/1717/1717 1718/1718/1718 1691/1691/1691 
f 1719/1719/1719 1693/1693/1693 1692/1692/1692 
f 1718/1718/1718 1719/1719/1719 1692/1692/1692 
f 1720/1720/1720 1694/1694/1694 1693/1693/1693 
f 1719/1719/1719 1720/1720/1720 1693/1693/1693 
f 1721/1721/1721 1695/1695/1695 1694/1694/1694 
f 1720/1720/1720 1721/1721/1721 1694/1694/1694 
f 1722/1722/1722 1696/1696/1696 1695/1695/1695 
f 1721/1721/1721 1722/1722/1722 1695/1695/1695 
f 1697/1697/1697 1671/1671/1671 1696/1696/1696 
f 1722/1722/1722 1697/1697/1697 1696/1696/1696 
f 1724/1724/1724 1698/1698/1698 1697/1697/1697 
f 1723/1723/1723 1724/1724/1724 1697/1697/1697 
f 1725/1725/1725 1699/1699/1699 1698/1698/1698 
f 1724/1724/1724 1725/1725/1725 1698/1698/1698 
f 1726/1726/1726 1700/1700/1700 1699/1699/1699 
f 1725/1725/1725 1726/1726/1726 1699/1699/1699 
f 1727/1727/1727 1701/1701/1701 1700/1700/1700 
f 1726/1726/1726 1727/1727/1727 1700/1700/1700 
f 1728/1728/1728 1702/1702/1702 1701/1701/1701 
f 1727/1727/1727 1728/1728/1728 1701/1701/1701 
f 1729/1729/1729 1703/1703/1703 1702/1702/1702 
f 1728/1728/1728 1729/1729/1729 1702/1702/1702 
f 1730/1730/1730 1704/1704/1704 1703/1703/1703 
f 1729/1729/1729 1730/1730/1730 1703/1703/1703 
f 1731/1731/1731 1705/1705/1705 1704/1704/1704 
f 1730/1730/1730 1731/1731/1731 1704/1704/1704 
f 1732/1732/1732 1706/1706/1706 1705/1705/1705 
f 1731/1731/1731 1732/1732/1732 1705/1705/1705 
f 1733/1733/1733 1707/1707/1707 1706/1706/1706 
f 1732/1732/1732 1733/1733/1733 1706/1706/1706 
f 1734/1734/1734 1708/1708/1708 1707/1707/1707 
f 1733/1733/1733 1734/1734/1734 1707/1707/1707 
f 1735/1735/1735 1709/1709/1709 1708/1708/1708 
f 1734/1734/1734 1735/1735/1735 1708/1708/1708 
f 1736/1736/1736 1710/1710/1710 1709/1709/1709 
f 1735/1735/1735 1736/1736/1736 1709/1709/1709 
f 1737/1737/1737 1711/1711/1711 1710/1710/1710 
f 1736/1736/1736 1737/1737/1737 1710/1710/1710 
f 1738/1738/1738 1712/1712/1712 1711/1711/1711 
f 1737/1737/1737 1738/1738/1738 1711/1711/1711 
f 1739/1739/1739 1713/1713/1713 1712/1712/1712 
f 1738/1738/1738 1739/1739/1739 1712/1712/1712 
f 1740/1740/1740 1714/1714/1714 1713/1713/1713 
f 1739/1739/1739 1740/1740/1740 1713/1713/1713 
f 1741/1741/1741 1715/1715/1715 1714/1714/1714 
f 1740/1740/1740 1741/1741/1741 1714/1714/1714 
f 1742/1742/1742 1716/1716/1716 1715/1715/1715 
f 1741/1741/1741 1742/1742/1742 1715/1715/1715 
f 1743/1743/1743 1717/1717/1717 1716/1716/1716 
f 1742/1742/1742 1743/1743/1743 1716/1716/1716 
f 1744/1744/1744 1718/1718/1718 1717/1717/1717 
f 1743/1743/1743 1744/1744/1744 1717/1717/1717 
f 1745/1745/1745 1719/1719/1719 1718/1718/1718 
f 1744/1744/1744 1745/1745/1745 1718/1718/1718 
f 1746/1746/1746 1720/1720/1720 1719/1719/1719 
f 1745/1745/1745 1746/1746/1746 1719/1719/1719 
f 1747/1747/1747 1721/1721/1721 1720/1720/1720 
f 1746/1746/1746 1747/1747/1747 1720/1720/1720 
f 1748/1748/1748 1722/1722/1722 1721/1721/1721 
f 1747/1747/1747 1748/1748/1748 1721/1721/1721 
f 1723/1723/1723 1697/1697/1697 1722/1722/1722 
f 1748/1748/1748 1723/1723/1723 1722/1722/1722 
f 1750/1750/1750 1724/1724/1724 1723/1723/1723 
f 1749/1749/1749 1750/1750/1750 1723/1723/1723 
f 1751/1751/1751 1725/1725/1725 1724/1724/1724 
f 1750/1750/1750 1751/1751/1751 1724/1724/1724 
f 1752/1752/1752 1726/1726/1726 1725/1725/1725 
f 1751/1751/1751 1752/1752/1752 1725/1725/1725 
f 1753/1753/1753 1727/1727/1727 1726/1726/1726 
f 1752/1752/1752 1753/1753/1753 1726/1726/1726 
f 1754/1754/1754 1728/1728/1728 1727/1727/1727 
f 1753/1753/1753 1754/1754/1754 1727/1727/1727 
f 1755/1755/1755 1729/1729/1729 1728/1728/1728 
f 1754/1754/1754 1755/1755/1755 1728/1728/1728 
f 1756/1756/1756 1730/1730/1730 1729/1729/1729 
f 1755/1755/1755 1756/1756/1756 1729/1729/1729 
f 1757/1757/1757 1731/1731/1731 1730/1730/1730 
f 1756/1756/1756 1757/1757/1757 1730/1730/1730 
f 1758/1758/1758 1732/1732/1732 1731/1731/1731 
f 1757/1757/1757 1758/1758/1758 1731/1731/1731 
f 1759/1759/1759 1733/1733/1733 1732/1732/1732 
f 1758/1758/1758 1759/1759/1759 1732/1732/1732 
f 1760/1760/1760 1734/1734/1734 1733/1733/1733 
f 1759/1759/1759 1760/1760/1760 1733/1733/1733 
f 1761/1761/1761 1735/1735/1735 1734/1734/1734 
f 1760/1760/1760 1761/1761/1761 1734/1734/1734 
f 1762/1762/1762 1736/1736/1736 1735/1735/1735 
f 1761/1761/1761 1762/1762/1762 1735/1735/1735 
f 1763/1763/1763 1737/1737/1737 1736/1736/1736 
f 1762/1762/1762 1763/1763/1763 1736/1736/1736 
f 1764/1764/1764 1738/1738/1738 1737/1737/1737 
f 1763/1763/1763 1764/1764/1764 1737/1737/1737 
f 1765/1765/1765 1739/1739/1739 1738/1738/1738 
f 1764/1764/1764 1765/1765/1765 1738/1738/1738 
f 1766/1766/1766 1740/1740/1740 1739/1739/1739 
f 1765/1765/1765 1766/1766/1766 1739/1739/1739 
f 1767/1767/1767 1741/1741/1741 1740/1740/1740 
f 1766/1766/1766 1767/1767/1767 1740/1740/1740 
f 1768/1768/1768 1742/1742/1742 1741/1741/1741 
f 1767/1767/1767 1768/1768/1768 1741/1741/1741 
f 1769/1769/1769 1743/1743/1743 1742/1742/1742 
f 1768/1768/1768 1769/1769/1769 1742/1742/1742 
f 1770/1770/1770 1744/1744/1744 1743/1743/1743 
f 1769/1769/1769 1770/1770/1770 1743/1743/1743 
f 1771/1771/1771 1745/1745/1745 1744/1744/1744 
f 1770/1770/1770 1771/1771/1771 1744/1744/1744 
f 1772/1772/1772 1746/1746/1746 1745/1745/1745 
f 1771/1771/1771 1772/1772/1772 1745/1745/1745 
f 1773/1773/1773 1747/1747/1747 1746/1746/1746 
f 1772/1772/1772 1773/1773/1773 1746/1746/1746 
f 1774/1774/1774 1748/1748/1748 1747/1747/1747 
f 1773/1773/1773 1774/1774/1774 1747/1747/1747 
f 1749/1749/1749 1723/1723/1723 1748/1748/1748 
f 1774/1774/1774 1749/1749/1749 1748/1748/1748 
f 1776/1776/1776 1750/1750/1750 1749/1749/1749 
f 1775/1775/1775 1776/1776/1776 1749/1749/1749 
f 1777/1777/1777 1751/1751/1751 1750/1750/1750 
f 1776/1776/1776 1777/1777/1777 1750/1750/1750 
f 1778/1778/1778 1752/1752/1752 1751/1751/1751 
f 1777/1777/1777 1778/1778/1778 1751/1751/1751 
f 1779/1779/1779 1753/1753/1753 1752/1752/1752 
f 1778/1778/1778 1779/1779/1779 1752/1752/1752 
f 1780/1780/1780 1754/1754/1754 1753/1753/1753 
f 1779/1779/1779 1780/1780/1780 1753/1753/1753 
f 1781/1781/1781 1755/1755/1755 1754/1754/1754 
f 1780/1780/1780 1781/1781/1781 1754/1754/1754 
f 1782/1782/1782 1756/1756/1756 1755/1755/1755 
f 1781/1781/1781 1782/1782/1782 1755/1755/1755 
f 1783/1783/1783 1757/1757/1757 1756/1756/1756 
f 1782/1782/1782 1783/1783/1783 1756/1756/1756 
f 1784/1784/1784 1758/1758/1758 1757/1757/1757 
f 1783/1783/1783 1784/1784/1784 1757/1757/1757 
f 1785/1785/1785 1759/1759/1759 1758/1758/1758 
f 1784/1784/1784 1785/1785/1785 1758/1758/1758 
f 1786/1786/1786 1760/1760/1760 1759/1759/1759 
f 1785/1785/1785 1786/1786/1786 1759/1759/1759 
f 1787/1787/1787 1761/1761/1761 1760/1760/1760 
f 1786/1786/1786 1787/1787/1787 1760/1760/1760 
f 1788/1788/1788 1762/1762/1762 1761/1761/1761 
f 1787/1787/1787 1788/1788/1788 1761/1761/1761 
f 1789/1789/1789 1763/1763/1763 1762/1762/1762 
f 1788/1788/1788 1789/1789/1789 1762/1762/1762 
f 1790/1790/1790 1764/1764/1764 1763/1763/1763 
f 1789/1789/1789 1790/1790/1790 1763/1763/1763 
f 1791/1791/1791 1765/1765/1765 1764/1764/1764 
f 1790/1790/1790 1791/1791/1791 1764/1764/1764 
f 1792/1792/1792 1766/1766/1766 1765/1765/1765 
f 1791/1791/1791 1792/1792/1792 1765/1765/1765 
f 1793/1793/1793 1767/1767/1767 1766/1766/1766 
f 1792/1792/1792 1793/1793/1793 1766/1766/1766 
f 1794/1794/1794 1768/1768/1768 1767/1767/1767 
f 1793/1793/1793 1794/1794/1794 1767/1767/1767 
f 1795/1795/1795 1769/1769/1769 1768/1768/1768 
f 1794/1794/1794 1795/1795/1795 1768/1768/1768 
f 1796/1796/1796 1770/1770/1770 1769/1769/1769 
f 1795/1795/1795 1796/1796/1796 1769/1769/1769 
f 1797/1797/1797 1771/1771/1771 1770/1770/1770 
f 1796/1796/1796 1797/1797/1797 1770/1770/1770 
f 1798/1798/1798 1772/1772/1772 1771/1771/1771 
f 1797/1797/1797 1798/1798/1798 1771/1771/1771 
f 1799/1799/1799 1773/1773/1773 1772/1772/1772 
f 1798/1798/1798 1799/1799/1799 1772/1772/1772 
f 1800/1800/1800 1774/1774/1774 1773/1773/1773 
f 1799/1799/1799 1800/1800/1800 1773/1773/1773 
f 1775/1775/1775 1749/1749/1749 1774/1774/1774 
f 1800/1800/1800 1775/1775/1775 1774/1774/1774 
f 1802/1802/1802 1776/1776/1776 1775/1775/1775 
f 1801/1801/1801 1802/1802/1802 1775/1775/1775 
f 1803/1803/1803 1777/1777/1777 1776/1776/1776 
f 1802/1802/1802 1803/1803/1803 1776/1776/1776 
f 1804/1804/1804 1778/1778/1778 1777/1777/1777 
f 1803/1803/1803 1804/1804/1804 1777/1777/1777 
f 1805/1805/1805 1779/1779/1779 1778/1778/1778 
f 1804/1804/1804 1805/1805/1805 1778/1778/1778 
f 1806/1806/1806 1780/1780/1780 1779/1779/1779 
f 1805/1805/1805 1806/1806/1806 1779/1779/1779 
f 1807/1807/1807 1781/1781/1781 1780/1780/1780 
f 1806/1806/1806 1807/1807/1807 1780/1780/1780 
f 1808/1808/1808 1782/1782/1782 1781/1781/1781 
f 1807/1807/1807 1808/1808/1808 1781/1781/1781 
f 1809/1809/1809 1783/1783/1783 1782/1782/1782 
f 1808/1808/1808 1809/1809/1809 1782/1782/1782 
f 1810/1810/1810 1784/1784/1784 1783/1783/1783 
f 1809/1809/1809 1810/1810/1810 1783/1783/1783 
f 1811/1811/1811 1785/1785/1785 1784/1784/1784 
f 1810/1810/1810 1811/1811/1811 1784/1784/1784 
f 1812/1812/1812 1786/1786/1786 1785/1785/1785 
f 1811/1811/1811 1812/1812/1812 1785/1785/1785 
f 1813/1813/1813 1787/1787/1787 1786/1786/1786 
f 1812/1812/1812 1813/1813/1813 1786/1786/1786 
f 1814/1814/1814 1788/1788/1788 1787/1787/1787 
f 1813/1813/1813 1814/1814/1814 1787/1787/1787 
f 1815/1815/1815 1789/1789/1789 1788/1788/1788 
f 1814/1814/1814 1815/1815/1815 1788/1788/1788 
f 1816/1816/1816 1790/1790/1790 1789/1789/1789 
f 1815/1815/1815 1816/1816/1816 1789/1789/1789 
f 1817/1817/1817 1791/1791/1791 1790/1790/1790 
f 1816/1816/1816 1817/1817/1817 1790/1790/1790 
f 1818/1818/1818 1792/1792/1792 1791/1791/1791 
f 1817/1817/1817 1818/1818/1818 1791/1791/1791 
f 1819/1819/1819 1793/1793/1793 1792/1792/1792 
f 1818/1818/1818 1819/1819/1819 1792/1792/1792 
f 1820/1820/1820 1794/1794/1794 1793/1793/1793 
f 1819/1819/1819 1820/1820/1820 1793/1793/1793 
f 1821/1821/1821 1795/1795/1795 1794/1794/1794 
f 1820/1820/1820 1821/1821/1821 1794/1794/1794 
f 1822/1822/1822 1796/1796/1796 1795/1795/1795 
f 1821/1821/1821 1822/1822/1822 1795/1795/1795 
f 1823/1823/1823 1797/1797/1797 1796/1796/1796 
f 1822/1822/1822 1823/1823/1823 1796/1796/1796 
f 1824/1824/1824 1798/1798/1798 1797/1797/1797 
f 1823/1823/1823 1824/1824/1824 1797/1797/1797 
f 1825/1825/1825 1799/1799/1799 1798/1798/1798 
f 1824/1824/1824 1825/1825/1825 1798/1798/1798 
f 1826/1826/1826 1800/1800/1800 1799/1799/1799 
f 1825/1825/1825 1826/1826/1826 1799/1799/1799 
f 1801/1801/1801 1775/1775/1775 1800/1800/1800 
f 1826/1826/1826 1801/1801/1801 1800/1800/1800 
f 1828/1828/1828 1802/1802/1802 1801/1801/1801 
f 1827/1827/1827 1828/1828/1828 1801/1801/1801 
f 1829/1829/1829 1803/1803/1803 1802/1802/1802 
f 1828/1828/1828 1829/1829/1829 1802/1802/1802 
f 1830/1830/1830 1804/1804/1804 1803/1803/1803 
f 1829/1829/1829 1830/1830/1830 1803/1803/1803 
f 1831/1831/1831 1805/1805/1805 1804/1804/1804 
f 1830/1830/1830 1831/1831/1831 1804/1804/1804 
f 1832/1832/1832 1806/1806/1806 1805/1805/1805 
f 1831/1831/1831 1832/1832/1832 1805/1805/1805 
f 1833/1833/1833 1807/1807/1807 1806/1806/1806 
f 1832/1832/1832 1833/1833/1833 1806/1806/1806 
f 1834/1834/1834 1808/1808/1808 1807/1807/1807 
f 1833/1833/1833 1834/1834/1834 1807/1807/1807 
f 1835/1835/1835 1809/1809/1809 1808/1808/1808 
f 1834/1834/1834 1835/1835/1835 1808/1808/1808 
f 1836/1836/1836 1810/1810/1810 1809/1809/1809 
f 1835/1835/1835 1836/1836/1836 1809/1809/1809 
f 1837/1837/1837 1811/1811/1811 1810/1810/1810 
f 1836/1836/1836 1837/1837/1837 1810/1810/1810 
f 1838/1838/1838 1812/1812/1812 1811/1811/1811 
f 1837/1837/1837 1838/1838/1838 1811/1811/1811 
f 1839/1839/1839 1813/1813/1813 1812/1812/1812 
f 1838/1838/1838 1839/1839/1839 1812/1812/1812 
f 1840/1840/1840 1814/1814/1814 1813/1813/1813 
f 1839/1839/1839 1840/1840/1840 1813/1813/1813 
f 1841/1841/1841 1815/1815/1815 1814/1814/1814 
f 1840/1840/1840 1841/1841/1841 1814/1814/1814 
f 1842/1842/1842 1816/1816/1816 1815/1815/1815 
f 1841/1841/1841 1842/1842/1842 1815/1815/1815 
f 1843/1843/1843 1817/1817/1817 1816/1816/1816 
f 1842/1842/1842 1843/1843/1843 1816/1816/1816 
f 1844/1844/1844 1818/1818/1818 1817/1817/1817 
f 1843/1843/1843 1844/1844/1844 1817/1817/1817 
f 1845/1845/1845 1819/1819/1819 1818/1818/1818 
f 1844/1844/1844 1845/1845/1845 1818/1818/1818 
f 1846/1846/1846 1820/1820/1820 1819/1819/1819 
f 1845/1845/1845 1846/1846/1846 1819/1819/1819 
f 1847/1847/1847 1821/1821/1821 1820/1820/1820 
f 1846/1846/1846 1847/1847/1847 1820/1820/1820 
f 1848/1848/1848 1822/1822/1822 1821/1821/1821 
f 1847/1847/1847 1848/1848/1848 1821/1821/1821 
f 1849/1849/1849 1823/1823/1823 1822/1822/1822 
f 1848/1848/1848 1849/1849/1849 1822/1822/1822 
f 1850/1850/1850 1824/1824/1824 1823/1823/1823 
f 1849/1849/1849 1850/1850/1850 1823/1823/1823 
f 1851/1851/1851 1825/1825/1825 1824/1824/1824 
f 1850/1850/1850 1851/1851/1851 1824/1824/1824 
f 1852/1852/1852 1826/1826/1826 1825/1825/1825 
f 1851/1851/1851 1852/1852/1852 1825/1825/1825 
f 1827/1827/1827 1801/1801/1801 1826/1826/1826 
f 1852/1852/1852 1827/1827/1827 1826/1826/1826 
f 1854/1854/1854 1828/1828/1828 1827/1827/1827 
f 1853/1853/1853 1854/1854/1854 1827/1827/1827 
f 1855/1855/1855 1829/1829/1829 1828/1828/1828 
f 1854/1854/1854 1855/1855/1855 1828/1828/1828 
f 1856/1856/1856 1830/1830/1830 1829/1829/1829 
f 1855/1855/1855 1856/1856/1856 1829/1829/1829 
f 1857/1857/1857 1831/1831/1831 1830/1830/1830 
f 1856/1856/1856 1857/1857/1857 1830/1830/1830 
f 1858/1858/1858 1832/1832/1832 1831/1831/1831 
f 1857/1857/1857 1858/1858/1858 1831/1831/1831 
f 1859/1859/1859 1833/1833/1833 1832/1832/1832 
f 1858/1858/1858 1859/1859/1859 1832/1832/1832 
f 1860/1860/1860 1834/1834/1834 1833/1833/1833 
f 1859/1859/1859 1860/1860/1860 1833/1833/1833 
f 1861/1861/1861 1835/1835/1835 1834/1834/1834 
f 1860/1860/1860 1861/1861/1861 1834/1834/1834 
f 1862/1862/1862 1836/1836/1836 1835/1835/1835 
f 1861/1861/1861 1862/1862/1862 1835/1835/1835 
f 1863/1863/1863 1837/1837/1837 1836/1836/1836 
f 1862/1862/1862 1863/1863/1863 1836/1836/1836 
f 1864/1864/1864 1838/1838/1838 1837/1837/1837 
f 1863/1863/1863 1864/1864/1864 1837/1837/1837 
f 1865/1865/1865 1839/1839/1839 1838/1838/1838 
f 1864/1864/1864 1865/1865/1865 1838/1838/1838 
f 1866/1866/1866 1840/1840/1840 1839/1839/1839 
f 1865/1865/1865 1866/1866/1866 1839/1839/1839 
f 1867/1867/1867 1841/1841/1841 1840/1840/1840 
f 1866/1866/1866 1867/1867/1867 1840/1840/1840 
f 1868/1868/1868 1842/1842/1842 1841/1841/1841 
f 1867/1867/1867 1868/1868/1868 1841/1841/1841 
f 1869/1869/1869 1843/1843/1843 1842/1842/1842 
f 1868/1868/1868 1869/1869/1869 1842/1842/1842 
f 1870/1870/1870 1844/1844/1844 1843/1843/1843 
f 1869/1869/1869 1870/1870/1870 1843/1843/1843 
f 1871/1871/1871 1845/1845/1845 1844/1844/1844 
f 1870/1870/1870 1871/1871/1871 1844/1844/1844 
f 1872/1872/1872 1846/1846/1846 1845/1845/1845 
f 1871/1871/1871 1872/1872/1872 1845/1845/1845 
f 1873/1873/1873 1847/1847/1847 1846/1846/1846 
f 1872/1872/1872 1873/1873/1873 1846/1846/1846 
f 1874/1874/1874 1848/1848/1848 1847/1847/1847 
f 1873/1873/1873 1874/1874/1874 1847/1847/1847 
f 1875/1875/1875 1849/1849/1849 1848/1848/1848 
f 1874/1874/1874 1875/1875/1875 1848/1848/1848 
f 1876/1876/1876 1850/1850/1850 1849/1849/1849 
f 1875/1875/1875 1876/1876/1876 1849/1849/1849 
f 1877/1877/1877 1851/1851/1851 1850/1850/1850 
f 1876/1876/1876 1877/1877/1877 1850/1850/1850 
f 1878/1878/1878 1852/1852/1852 1851/1851/1851 
f 1877/1877/1877 1878/1878/1878 1851/1851/1851 
f 1853/1853/1853 1827/1827/1827 1852/1852/1852 
f 1878/1878/1878 1853/1853/1853 1852/1852/1852 
f 1880/1880/1880 1854/1854/1854 1853/1853/1853 
f 1879/1879/1879 1880/1880/1880 1853/1853/1853 
f 1881/1881/1881 1855/1855/1855 1854/1854/1854 
f 1880/1880/1880 1881/1881/1881 1854/1854/1854 
f 1882/1882/1882 1856/1856/1856 1855/1855/1855 
f 1881/1881/1881 1882/1882/1882 1855/1855/1855 
f 1883/1883/1883 1857/1857/1857 1856/1856/1856 
f 1882/1882/1882 1883/1883/1883 1856/1856/1856 
f 1884/1884/1884 1858/1858/1858 1857/1857/1857 
f 1883/1883/1883 1884/1884/1884 1857/1857/1857 
f 1885/1885/1885 1859/1859/1859 1858/1858/1858 
f 1884/1884/1884 1885/1885/1885 1858/1858/1858 
f 1886/1886/1886 1860/1860/1860 1859/1859/1859 
f 1885/1885/1885 1886/1886/1886 1859/1859/1859 
f 1887/1887/1887 1861/1861/1861 1860/1860/1860 
f 1886/1886/1886 1887/1887/1887 1860/1860/1860 
f 1888/1888/1888 1862/1862/1862 1861/1861/1861 
f 1887/1887/1887 1888/1888/1888 1861/1861/1861 
f 1889/1889/1889 1863/1863/1863 1862/1862/1862 
f 1888/1888/1888 1889/1889/1889 1862/1862/1862 
f 1890/1890/1890 1864/1864/1864 1863/1863/1863 
f 1889/1889/1889 1890/1890/1890 1863/1863/1863 
f 1891/1891/1891 1865/1865/1865 1864/1864/1864 
f 1890/1890/1890 1891/1891/1891 1864/1864/1864 
f 1892/1892/1892 1866/1866/1866 1865/1865/1865 
f 1891/1891/1891 1892/1892/1892 1865/1865/1865 
f 1893/1893/1893 1867/1867/1867 1866/1866/1866 
f 1892/1892/1892 1893/1893/1893 1866/1866/1866 
f 1894/1894/1894 1868/1868/1868 1867/1867/1867 
f 1893/1893/1893 1894/1894/1894 1867/1867/1867 
f 1895/1895/1895 1869/1869/1869 1868/1868/1868 
f 1894/1894/1894 1895/1895/1895 1868/1868/1868 
f 1896/1896/1896 1870/1870/1870 1869/1869/1869 
f 1895/1895/1895 1896/1896/1896 1869/1869/1869 
f 1897/1897/1897 1871/1871/1871 1870/1870/1870 
f 1896/1896/1896 1897/1897/1897 1870/1870/1870 
f 1898/1898/1898 1872/1872/1872 1871/1871/1871 
f 1897/1897/1897 1898/1898/1898 1871/1871/1871 
f 1899/1899/1899 1873/1873/1873 1872/1872/1872 
f 1898/1898/1898 1899/1899/1899 1872/1872/1872 
f 1900/1900/1900 1874/1874/1874 1873/1873/1873 
f 1899/1899/1899 1900/1900/1900 1873/1873/1873 
f 1901/1901/1901 1875/1875/1875 1874/1874/1874 
f 1900/1900/1900 1901/1901/1901 1874/1874/1874 
f 1902/1902/1902 1876/1876/1876 1875/1875/1875 
f 1901/1901/1901 1902/1902/1902 1875/1875/1875 
f 1903/1903/1903 1877/1877/1877 1876/1876/1876 
f 1902/1902/1902 1903/1903/1903 1876/1876/1876 
f 1904/1904/1904 1878/1878/1878 1877/1877/1877 
f 1903/1903/1903 1904/1904/1904 1877/1877/1877 
f 1879/1879/1879 1853/1853/1853 1878/1878/1878 
f 1904/1904/1904 1879/1879/1879 1878/1878/1878 
f 1906/1906/1906 1880/1880/1880 1879/1879/1879 
f 1905/1905/1905 1906/1906/1906 1879/1879/1879 
f 1907/1907/1907 1881/1881/1881 1880/1880/1880 
f 1906/1906/1906 1907/1907/1907 1880/1880/1880 
f 1908/1908/1908 1882/1882/1882 1881/1881/1881 
f 1907/1907/1907 1908/1908/1908 1881/1881/1881 
f 1909/1909/1909 1883/1883/1883 1882/1882/1882 
f 1908/1908/1908 1909/1909/1909 1882/1882/1882 
f 1910/1910/1910 1884/1884/1884 1883/1883/1883 
f 1909/1909/1909 1910/1910/1910 1883/1883/1883 
f 1911/1911/1911 1885/1885/1885 1884/1884/1884 
f 1910/1910/1910 1911/1911/1911 1884/1884/1884 
f 1912/1912/1912 1886/1886/1886 1885/1885/1885 
f 1911/1911/1911 1912/1912/1912 1885/1885/1885 
f 1913/1913/1913 1887/1887/1887 1886/1886/1886 
f 1912/1912/1912 1913/1913/1913 1886/1886/1886 
f 1914/1914/1914 1888/1888/1888 1887/1887/1887 
f 1913/1913/1913 1914/1914/1914 1887/1887/1887 
f 1915/1915/1915 1889/1889/1889 1888/1888/1888 
f 1914/1914/1914 1915/1915/1915 1888/1888/1888 
f 1916/1916/1916 1890/1890/1890 1889/1889/1889 
f 1915/1915/1915 1916/1916/1916 1889/1889/1889 
f 1917/1917/1917 1891/1891/1891 1890/1890/1890 
f 1916/1916/1916 1917/1917/1917 1890/1890/1890 
f 1918/1918/1918 1892/1892/1892 1891/1891/1891 
f 1917/1917/1917 1918/1918/1918 1891/1891/1891 
f 1919/1919/1919 1893/1893/1893 1892/1892/1892 
f 1918/1918/1918 1919/1919/1919 1892/1892/1892 
f 1920/1920/1920 1894/1894/1894 1893/1893/1893 
f 1919/1919/1919 1920/1920/1920 1893/1893/1893 
f 1921/1921/1921 1895/1895/1895 1894/1894/1894 
f 1920/1920/1920 1921/1921/1921 1894/1894/1894 
f 1922/1922/1922 1896/1896/1896 1895/1895/1895 
f 1921/1921/1921 1922/1922/1922 1895/1895/1895 
f 1923/1923/1923 1897/1897/1897 1896/1896/1896 
f 1922/1922/1922 1923/1923/1923 1896/1896/1896 
f 1924/1924/1924 1898/1898/1898 1897/1897/1897 
f 1923/1923/1923 1924/1924/1924 1897/1897/1897 
f 1925/1925/1925 1899/1899/1899 1898/1898/1898 
f 1924/1924/1924 1925/1925/1925 1898/1898/1898 
f 1926/1926/1926 1900/1900/1900 1899/1899/1899 
f 1925/1925/1925 1926/1926/1926 1899/1899/1899 
f 1927/1927/1927 1901/1901/1901 1900/1900/1900 
f 1926/1926/1926 1927/1927/1927 1900/1900/1900 
f 1928/1928/1928 1902/1902/1902 1901/1901/1901 
f 1927/1927/1927 1928/1928/1928 1901/1901/1901 
f 1929/1929/1929 1903/1903/1903 1902/1902/1902 
f 1928/1928/1928 1929/1929/1929 1902/1902/1902 
f 1930/1930/1930 1904/1904/1904 1903/1903/1903 
f 1929/1929/1929 1930/1930/1930 1903/1903/1903 
f 1905/1905/1905 1879/1879/1879 1904/1904/1904 
f 1930/1930/1930 1905/1905/1905 1904/1904/1904 
f 1932/1932/1932 1906/1906/1906 1905/1905/1905 
f 1931/1931/1931 1932/1932/1932 1905/1905/1905 
f 1933/1933/1933 1907/1907/1907 1906/1906/1906 
f 1932/1932/1932 1933/1933/1933 1906/1906/1906 
f 1934/1934/1934 1908/1908/1908 1907/1907/1907 
f 1933/1933/1933 1934/1934/1934 1907/1907/1907 
f 1935/1935/1935 1909/1909/1909 1908/1908/1908 
f 1934/1934/1934 1935/1935/1935 1908/1908/1908 
f 1936/1936/1936 1910/1910/1910 1909/1909/1909 
f 1935/1935/1935 1936/1936/1936 1909/1909/1909 
f 1937/1937/1937 1911/1911/1911 1910/1910/1910 
f 1936/1936/1936 1937/1937/1937 1910/1910/1910 
f 1938/1938/1938 1912/1912/1912 1911/1911/1911 
f 1937/1937/1937 1938/1938/1938 1911/1911/1911 
f 1939/1939/1939 1913/1913/1913 1912/1912/1912 
f 1938/1938/1938 1939/1939/1939 1912/1912/1912 
f 1940/1940/1940 1914/1914/1914 1913/1913/1913 
f 1939/1939/1939 1940/1940/1940 1913/1913/1913 
f 1941/1941/1941 1915/1915/1915 1914/1914/1914 
f 1940/1940/1940 1941/1941/1941 1914/1914/1914 
f 1942/1942/1942 1916/1916/1916 1915/1915/1915 
f 1941/1941/1941 1942/1942/1942 1915/1915/1915 
f 1943/1943/1943 1917/1917/1917 1916/1916/1916 
f 1942/1942/1942 1943/1943/1943 1916/1916/1916 
f 1944/1944/1944 1918/1918/1918 1917/1917/1917 
f 1943/1943/1943 1944/1944/1944 1917/1917/1917 
f 1945/1945/1945 1919/1919/1919 1918/1918/1918 
f 1944/1944/1944 1945/1945/1945 1918/1918/1918 
f 1946/1946/1946 1920/1920/1920 1919/1919/1919 
f 1945/1945/1945 1946/1946/1946 1919/1919/1919 
f 1947/1947/1947 1921/1921/1921 1920/1920/1920 
f 1946/1946/1946 1947/1947/1947 1920/1920/1920 
f 1948/1948/1948 1922/1922/1922 1921/1921/1921 
f 1947/1947/1947 1948/1948/1948 1921/1921/1921 
f 1949/1949/1949 1923/1923/1923 1922/1922/1922 
f 1948/1948/1948 1949/1949/1949 1922/1922/1922 
f 1950/1950/1950 1924/1924/1924 1923/1923/1923 
f 1949/1949/1949 1950/1950/1950 1923/1923/1923 
f 1951/1951/1951 1925/1925/1925 1924/1924/1924 
f 1950/1950/1950 1951/1951/1951 1924/1924/1924 
f 1952/1952/1952 1926/1926/1926 1925/1925/1925 
f 1951/1951/1951 1952/1952/1952 1925/1925/1925 
f 1953/1953/1953 1927/1927/1927 1926/1926/1926 
f 1952/1952/1952 1953/1953/1953 1926/1926/1926 
f 1954/1954/1954 1928/1928/1928 1927/1927/1927 
f 1953/1953/1953 1954/1954/1954 1927/1927/1927 
f 1955/1955/1955 1929/1929/1929 1928/1928/1928 
f 1954/1954/1954 1955/1955/1955 1928/1928/1928 
f 1956/1956/1956 1930/1930/1930 1929/1929/1929 
f 1955/1955/1955 1956/1956/1956 1929/1929/1929 
f 1931/1931/1931 1905/1905/1905 1930/1930/1930 
f 1956/1956/1956 1931/1931/1931 1930/1930/1930 
f 1958/1958/1958 1932/1932/1932 1931/1931/1931 
f 1957/1957/1957 1958/1958/1958 1931/1931/1931 
f 1959/1959/1959 1933/1933/1933 1932/1932/1932 
f 1958/1958/1958 1959/1959/1959 1932/1932/1932 
f 1960/1960/1960 1934/1934/1934 1933/1933/1933 
f 1959/1959/1959 1960/1960/1960 1933/1933/1933 
f 1961/1961/1961 1935/1935/1935 1934/1934/1934 
f 1960/1960/1960 1961/1961/1961 1934/1934/1934 
f 1962/1962/1962 1936/1936/1936 1935/1935/1935 
f 1961/1961/1961 1962/1962/1962 1935/1935/1935 
f 1963/1963/1963 1937/1937/1937 1936/1936/1936 
f 1962/1962/1962 1963/1963/1963 1936/1936/1936 
f 1964/1964/1964 1938/1938/1938 1937/1937/1937 
f 1963/1963/1963 1964/1964/1964 1937/1937/1937 
f 1965/1965/1965 1939/1939/1939 1938/1938/1938 
f 1964/1964/1964 1965/1965/1965 1938/1938/1938 
f 1966/1966/1966 1940/1940/1940 1939/1939/1939 
f 1965/1965/1965 1966/1966/1966 1939/1939/1939 
f 1967/1967/1967 1941/1941/1941 1940/1940/1940 
f 1966/1966/1966 1967/1967/1967 1940/1940/1940 
f 1968/1968/1968 1942/1942/1942 1941/1941/1941 
f 1967/1967/1967 1968/1968/1968 1941/1941/1941 
f 1969/1969/1969 1943/1943/1943 1942/1942/1942 
f 1968/1968/1968 1969/1969/1969 1942/1942/1942 
f 1970/1970/1970 1944/1944/1944 1943/1943/1943 
f 1969/1969/1969 1970/1970/1970 1943/1943/1943 
f 1971/1971/1971 1945/1945/1945 1944/1944/1944 
f 1970/1970/1970 1971/1971/1971 1944/1944/1944 
f 1972/1972/1972 1946/1946/1946 1945/1945/1945 
f 1971/1971/1971 1972/1972/1972 1945/1945/1945 
f 1973/1973/1973 1947/1947/1947 1946/1946/1946 
f 1972/1972/1972 1973/1973/1973 1946/1946/1946 
f 1974/1974/1974 1948/1948/1948 1947/1947/1947 
f 1973/1973/1973 1974/1974/1974 1947/1947/1947 
f 1975/1975/1975 1949/1949/1949 1948/1948/1948 
f 1974/1974/1974 1975/1975/1975 1948/1948/1948 
f 1976/1976/1976 1950/1950/1950 1949/1949/1949 
f 1975/1975/1975 1976/1976/1976 1949/1949/1949 
f 1977/1977/1977 1951/1951/1951 1950/1950/1950 
f 1976/1976/1976 1977/1977/1977 1950/1950/1950 
f 1978/1978/1978 1952/1952/1952 1951/1951/1951 
f 1977/1977/1977 1978/1978/1978 1951/1951/1951 
f 1979/1979/1979 1953/1953/1953 1952/1952/1952 
f 1978/1978/1978 1979/1979/1979 1952/1952/1952 
f 1980/1980/1980 1954/1954/1954 1953/1953/1953 
f 1979/1979/1979 1980/1980/1980 1953/1953/1953 
f 1981/1981/1981 1955/1955/1955 1954/1954/1954 
f 1980/1980/1980 1981/1981/1981 1954/1954/1954 
f 1982/1982/1982 1956/1956/1956 1955/1955/1955 
f 1981/1981/1981 1982/1982/1982 1955/1955/1955 
f 1957/1957/1957 1931/1931/1931 1956/1956/1956 
f 1982/1982/1982 1957/1957/1957 1956/1956/1956 
f 1984/1984/1984 1958/1958/1958 1957/1957/1957 
f 1983/1983/1983 1984/1984/1984 1957/1957/1957 
f 1985/1985/1985 1959/1959/1959 1958/1958/1958 
f 1984/1984/1984 1985/1985/1985 1958/1958/1958 
f 1986/1986/1986 1960/1960/1960 1959/1959/1959 
f 1985/1985/1985 1986/1986/1986 1959/1959/1959 
f 1987/1987/1987 1961/1961/1961 1960/1960/1960 
f 1986/1986/1986 1987/1987/1987 1960/1960/1960 
f 1988/1988/1988 1962/1962/1962 1961/1961/1961 
f 1987/1987/1987 1988/1988/1988 1961/1961/1961 
f 1989/1989/1989 1963/1963/1963 1962/1962/1962 
f 1988/1988/1988 1989/1989/1989 1962/1962/1962 
f 1990/1990/1990 1964/1964/1964 1963/1963/1963 
f 1989/1989/1989 1990/1990/1990 1963/1963/1963 
f 1991/1991/1991 1965/1965/1965 1964/1964/1964 
f 1990/1990/1990 1991/1991/1991 1964/1964/1964 
f 1992/1992/1992 1966/1966/1966 1965/1965/1965 
f 1991/1991/1991 1992/1992/1992 1965/1965/1965 
f 1993/1993/1993 1967/1967/1967 1966/1966/1966 
f 1992/1992/1992 1993/1993/1993 1966/1966/1966 
f 1994/1994/1994 1968/1968/1968 1967/1967/1967 
f 1993/1993/1993 1994/1994/1994 1967/1967/1967 
f 1995/1995/1995 1969/1969/1969 1968/1968/1968 
f 1994/1994/1994 1995/1995/1995 1968/1968/1968 
f 1996/1996/1996 1970/1970/1970 1969/1969/1969 
f 1995/1995/1995 1996/1996/1996 1969/1969/1969 
f 1997/1997/1997 1971/1971/1971 1970/1970/1970 
f 1996/1996/1996 1997/1997/1997 1970/1970/1970 
f 1998/1998/1998 1972/1972/1972 1971/1971/1971 
f 1997/1997/1997 1998/1998/1998 1971/1971/1971 
f 1999/1999/1999 1973/1973/1973 1972/1972/1972 
f 1998/1998/1998 1999/1999/1999 1972/1972/1972 
f 2000/2000/2000 1974/1974/1974 1973/1973/1973 
f 1999/1999/1999 2000/2000/2000 1973/1973/1973 
f 2001/2001/2001 1975/1975/1975 1974/1974/1974 
f 2000/2000/2000 2001/2001/2001 1974/1974/1974 
f 2002/2002/2002 1976/1976/1976 1975/1975/1975 
f 2001/2001/2001 2002/2002/2002 1975/1975/1975 
f 2003/2003/2003 1977/1977/1977 1976/1976/1976 
f 2002/2002/2002 2003/2003/2003 1976/1976/1976 
f 2004/2004/2004 1978/1978/1978 1977/1977/1977 
f 2003/2003/2003 2004/2004/2004 1977/1977/1977 
f 2005/2005/2005 1979/1979/1979 1978/1978/1978 
f 2004/2004/2004 2005/2005/2005 1978/1978/1978 
f 2006/2006/2006 1980/1980/1980 1979/1979/1979 
f 2005/2005/2005 2006/2006/2006 1979/1979/1979 
f 2007/2007/2007 1981/1981/1981 1980/1980/1980 
f 2006/2006/2006 2007/2007/2007 1980/1980/1980 
f 2008/2008/2008 1982/1982/1982 1981/1981/1981 
f 2007/2007/2007 2008/2008/2008 1981/1981/1981 
f 1983/1983/1983 1957/1957/1957 1982/1982/1982 
f 2008/2008/2008 1983/1983/1983 1982/1982/1982 
f 2010/2010/2010 1984/1984/1984 1983/1983/1983 
f 2009/2009/2009 2010/2010/2010 1983/1983/1983 
f 2011/2011/2011 1985/1985/1985 1984/1984/1984 
f 2010/2010/2010 2011/2011/2011 1984/1984/1984 
f 2012/2012/2012 1986/1986/1986 1985/1985/1985 
f 2011/2011/2011 2012/2012/2012 1985/1985/1985 
f 2013/2013/2013 1987/1987/1987 1986/1986/1986 
f 2012/2012/2012 2013/2013/2013 1986/1986/1986 
f 2014/2014/2014 1988/1988/1988 1987/1987/1987 
f 2013/2013/2013 2014/2014/2014 1987/1987/1987 
f 2015/2015/2015 1989/1989/1989 1988/1988/1988 
f 2014/2014/2014 2015/2015/2015 1988/1988/1988 
f 2016/2016/2016 1990/1990/1990 1989/1989/1989 
f 2015/2015/2015 2016/2016/2016 1989/1989/1989 
f 2017/2017/2017 1991/1991/1991 1990/1990/1990 
f 2016/2016/2016 2017/2017/2017 1990/1990/1990 
f 2018/2018/2018 1992/1992/1992 1991/1991/1991 
f 2017/2017/2017 2018/2018/2018 1991/1991/1991 
f 2019/2019/2019 1993/1993/1993 1992/1992/1992 
f 2018/2018/2018 2019/2019/2019 1992/1992/1992 
f 2020/2020/2020 1994/1994/1994 1993/1993/1993 
f 2019/2019/2019 2020/2020/2020 1993/1993/1993 
f 2021/2021/2021 1995/1995/1995 1994/1994/1994 
f 2020/2020/2020 2021/2021/2021 1994/1994/1994 
f 2022/2022/2022 1996/1996/1996 1995/1995/1995 
f 2021/2021/2021 2022/2022/2022 1995/1995/1995 
f 2023/2023/2023 1997/1997/1997 1996/1996/1996 
f 2022/2022/2022 2023/2023/2023 1996/1996/1996 
f 2024/2024/2024 1998/1998/1998 1997/1997/1997 
f 2023/2023/2023 2024/2024/2024 1997/1997/1997 
f 2025/2025/2025 1999/1999/1999 1998/1998/1998 
f 2024/2024/2024 2025/2025/2025 1998/1998/1998 
f 2026/2026/2026 2000/2000/2000 1999/1999/1999 
f 2025/2025/2025 2026/2026/2026 1999/1999/1999 
f 2027/2027/2027 2001/2001/2001 2000/2000/2000 
f 2026/2026/2026 2027/2027/2027 2000/2000/2000 
f 2028/2028/2028 2002/2002/2002 2001/2001/2001 
f 2027/2027/2027 2028/2028/2028 2001/2001/2001 
f 2029/2029/2029 2003/2003/2003 2002/2002/2002 
f 2028/2028/2028 2029/2029/2029 2002/2002/2002 
f 2030/2030/2030 2004/2004/2004 2003/2003/2003 
f 2029/2029/2029 2030/2030/2030 2003/2003/2003 
f 2031/2031/2031 2005/2005/2005 2004/2004/2004 
f 2030/2030/2030 2031/2031/2031 2004/2004/2004 
f 2032/2032/2032 2006/2006/2006 2005/2005/2005 
f 2031/2031/2031 2032/2032/2032 2005/2005/2005 
f 2033/2033/2033 2007/2007/2007 2006/2006/2006 
f 2032/2032/2032 2033/2033/2033 2006/2006/2006 
f 2034/2034/2034 2008/2008/2008 2007/2007/2007 
f 2033/2033/2033 2034/2034/2034 2007/2007/2007 
f 2009/2009/2009 1983/1983/1983 2008/2008/2008 
f 2034/2034/2034 2009/2009/2009 2008/2008/2008 
f 2036/2036/2036 2010/2010/2010 2009/2009/2009 
f 2035/2035/2035 2036/2036/2036 2009/2009/2009 
f 2037/2037/2037 2011/2011/2011 2010/2010/2010 
f 2036/2036/2036 2037/2037/2037 2010/2010/2010 
f 2038/2038/2038 2012/2012/2012 2011/2011/2011 
f 2037/2037/2037 2038/2038/2038 2011/2011/2011 
f 2039/2039/2039 2013/2013/2013 2012/2012/2012 
f 2038/2038/2038 2039/2039/2039 2012/2012/2012 
f 2040/2040/2040 2014/2014/2014 2013/2013/2013 
f 2039/2039/2039 2040/2040/2040 2013/2013/2013 
f 2041/2041/2041 2015/2015/2015 2014/2014/2014 
f 2040/2040/2040 2041/2041/2041 2014/2014/2014 
f 2042/2042/2042 2016/2016/2016 2015/2015/2015 
f 2041/2041/2041 2042/2042/2042 2015/2015/2015 
f 2043/2043/2043 2017/2017/2017 2016/2016/2016 
f 2042/2042/2042 2043/2043/2043 2016/2016/2016 
f 2044/2044/2044 2018/2018/2018 2017/2017/2017 
f 2043/2043/2043 2044/2044/2044 2017/2017/2017 
f 2045/2045/2045 2019/2019/2019 2018/2018/2018 
f 2044/2044/2044 2045/2045/2045 2018/2018/2018 
f 2046/2046/2046 2020/2020/2020 2019/2019/2019 
f 2045/2045/2045 2046/2046/2046 2019/2019/2019 
f 2047/2047/2047 2021/2021/2021 2020/2020/2020 
f 2046/2046/2046 2047/2047/2047 2020/2020/2020 
f 2048/2048/2048 2022/2022/2022 2021/2021/2021 
f 2047/2047/2047 2048/2048/2048 2021/2021/2021 
f 2049/2049/2049 2023/2023/2023 2022/2022/2022 
f 2048/2048/2048 2049/2049/2049 2022/2022/2022 
f 2050/2050/2050 2024/2024/2024 2023/2023/2023 
f 2049/2049/2049 2050/2050/2050 2023/2023/2023 
f 2051/2051/2051 2025/2025/2025 2024/2024/2024 
f 2050/2050/2050 2051/2051/2051 2024/2024/2024 
f 2052/2052/2052 2026/2026/2026 2025/2025/2025 
f 2051/2051/2051 2052/2052/2052 2025/2025/2025 
f 2053/2053/2053 2027/2027/2027 2026/2026/2026 
f 2052/2052/2052 2053/2053/2053 2026/2026/2026 
f 2054/2054/2054 2028/2028/2028 2027/2027/2027 
f 2053/2053/2053 2054/2054/2054 2027/2027/2027 
f 2055/2055/2055 2029/2029/2029 2028/2028/2028 
f 2054/2054/2054 2055/2055/2055 2028/2028/2028 
f 2056/2056/2056 2030/2030/2030 2029/2029/2029 
f 2055/2055/2055 2056/2056/2056 2029/2029/2029 
f 2057/2057/2057 2031/2031/2031 2030/2030/2030 
f 2056/2056/2056 2057/2057/2057 2030/2030/2030 
f 2058/2058/2058 2032/2032/2032 2031/2031/2031 
f 2057/2057/2057 2058/2058/2058 2031/2031/2031 
f 2059/2059/2059 2033/2033/2033 2032/2032/2032 
f 2058/2058/2058 2059/2059/2059 2032/2032/2032 
f 2060/2060/2060 2034/2034/2034 2033/2033/2033 
f 2059/2059/2059 2060/2060/2060 2033/2033/2033 
f 2035/2035/2035 2009/2009/2009 2034/2034/2034 
f 2060/2060/2060 2035/2035/2035 2034/2034/2034 
f 2062/2062/2062 2036/2036/2036 2035/2035/2035 
f 2061/2061/2061 2062/2062/2062 2035/2035/2035 
f 2063/2063/2063 2037/2037/2037 2036/2036/2036 
f 2062/2062/2062 2063/2063/2063 2036/2036/2036 
f 2064/2064/2064 2038/2038/2038 2037/2037/2037 
f 2063/2063/2063 2064/2064/2064 2037/2037/2037 
f 2065/2065/2065 2039/2039/2039 2038/2038/2038 
f 2064/2064/2064 2065/2065/2065 2038/2038/2038 
f 2066/2066/2066 2040/2040/2040 2039/2039/2039 
f 2065/2065/2065 2066/2066/2066 2039/2039/2039 
f 2067/2067/2067 2041/2041/2041 2040/2040/2040 
f 2066/2066/2066 2067/2067/2067 2040/2040/2040 
f 2068/2068/2068 2042/2042/2042 2041/2041/2041 
f 2067/2067/2067 2068/2068/2068 2041/2041/2041 
f 2069/2069/2069 2043/2043/2043 2042/2042/2042 
f 2068/2068/2068 2069/2069/2069 2042/2042/2042 
f 2070/2070/2070 2044/2044/2044 2043/2043/2043 
f 2069/2069/2069 2070/2070/2070 2043/2043/2043 
f 2071/2071/2071 2045/2045/2045 2044/2044/2044 
f 2070/2070/2070 2071/2071/2071 2044/2044/2044 
f 2072/2072/2072 2046/2046/2046 2045/2045/2045 
f 2071/2071/2071 2072/2072/2072 2045/2045/2045 
f 2073/2073/2073 2047/2047/2047 2046/2046/2046 
f 2072/2072/2072 2073/2073/2073 2046/2046/2046 
f 2074/2074/2074 2048/2048/2048 2047/2047/2047 
f 2073/2073/2073 2074/2074/2074 2047/2047/2047 
f 2075/2075/2075 2049/2049/2049 2048/2048/2048 
f 2074/2074/2074 2075/2075/2075 2048/2048/2048 
f 2076/2076/2076 2050/2050/2050 2049/2049/2049 
f 2075/2075/2075 2076/2076/2076 2049/2049/2049 
f 2077/2077/2077 2051/2051/2051 2050/2050/2050 
f 2076/2076/2076 2077/2077/2077 2050/2050/2050 
f 2078/2078/2078 2052/2052/2052 2051/2051/2051 
f 2077/2077/2077 2078/2078/2078 2051/2051/2051 
f 2079/2079/2079 2053/2053/2053 2052/2052/2052 
f 2078/2078/2078 2079/2079/2079 2052/2052/2052 
f 2080/2080/2080 2054/2054/2054 2053/2053/2053 
f 2079/2079/2079 2080/2080/2080 2053/2053/2053 
f 2081/2081/2081 2055/2055/2055 2054/2054/2054 
f 2080/2080/2080 2081/2081/2081 2054/2054/2054 
f 2082/2082/2082 2056/2056/2056 2055/2055/2055 
f 2081/2081/2081 2082/2082/2082 2055/2055/2055 
f 2083/2083/2083 2057/2057/2057 2056/2056/2056 
f 2082/2082/2082 2083/2083/2083 2056/2056/2056 
f 2084/2084/2084 2058/2058/2058 2057/2057/2057 
f 2083/2083/2083 2084/2084/2084 2057/2057/2057 
f 2085/2085/2085 2059/2059/2059 2058/2058/2058 
f 2084/2084/2084 2085/2085/2085 2058/2058/2058 
f 2086/2086/2086 2060/2060/2060 2059/2059/2059 
f 2085/2085/2085 2086/2086/2086 2059/2059/2059 
f 2061/2061/2061 2035/2035/2035 2060/2060/2060 
f 2086/2086/2086 2061/2061/2061 2060/2060/2060 
f 1437/1437/1437 1438/1438/1438 2087/2087/2087 
f 2062/2062/2062 2061/2061/2061 2088/2088/2088 
f 1438/1438/1438 1439/1439/1439 2087/2087/2087 
f 2063/2063/2063 2062/2062/2062 2088/2088/2088 
f 1439/1439/1439 1440/1440/1440 2087/2087/2087 
f 2064/2064/2064 2063/2063/2063 2088/2088/2088 
f 1440/1440/1440 1441/1441/1441 2087/2087/2087 
f 2065/2065/2065 2064/2064/2064 2088/2088/2088 
f 1441/1441/1441 1442/1442/1442 2087/2087/2087 
f 2066/2066/2066 2065/2065/2065 2088/2088/2088 
f 1442/1442/1442 1443/1443/1443 2087/2087/2087 
f 2067/2067/2067 2066/2066/2066 2088/2088/2088 
f 1443/1443/1443 1444/1444/1444 2087/2087/2087 
f 2068/2068/2068 2067/2067/2067 2088/2088/2088 
f 1444/1444/1444 1445/1445/1445 2087/2087/2087 
f 2069/2069/2069 2068/2068/2068 2088/2088/2088 
f 1445/1445/1445 1446/1446/1446 2087/2087/2087 
f 2070/2070/2070 2069/2069/2069 2088/2088/2088 
f 1446/1446/1446 1447/1447/1447 2087/2087/2087 
f 2071/2071/2071 2070/2070/2070 2088/2088/2088 
f 1447/1447/1447 1448/1448/1448 2087/2087/2087 
f 2072/2072/2072 2071/2071/2071 2088/2088/2088 
f 1448/1448/1448 1449/1449/1449 2087/2087/2087 
f 2073/2073/2073 2072/2072/2072 2088/2088/2088 
f 1449/1449/1449 1450/1450/1450 2087/2087/2087 
f 2074/2074/2074 2073/2073/2073 2088/2088/2088 
f 1450/1450/1450 1451/1451/1451 2087/2087/2087 
f 2075/2075/2075 2074/2074/2074 2088/2088/2088 
f 1451/1451/1451 1452/1452/1452 2087/2087/2087 
f 2076/2076/2076 2075/2075/2075 2088/2088/2088 
f 1452/1452/1452 1453/1453/1453 2087/2087/2087 
f 2077/2077/2077 2076/2076/2076 2088/2088/2088 
f 1453/1453/1453 1454/1454/1454 2087/2087/2087 
f 2078/2078/2078 2077/2077/2077 2088/2088/2088 
f 1454/1454/1454 1455/1455/1455 2087/2087/2087 
f 2079/2079/2079 2078/2078/2078 2088/2088/2088 
f 1455/1455/1455 1456/1456/1456 2087/2087/2087 
f 2080/2080/2080 2079/2079/2079 2088/2088/2088 
f 1456/1456/1456 1457/1457/1457 2087/2087/2087 
f 2081/2081/2081 2080/2080/2080 2088/2088/2088 
f 1457/1457/1457 1458/1458/1458 2087/2087/2087 
f 2082/2082/2082 2081/2081/2081 2088/2088/2088 
f 1458/1458/1458 1459/1459/1459 2087/2087/2087 
f 2083/2083/2083 2082/2082/2082 2088/2088/2088 
f 1459/1459/1459 1460/1460/1460 2087/2087/2087 
f 2084/2084/2084 2083/2083/2083 2088/2088/2088 
f 1460/1460/1460 1461/1461/1461 2087/2087/2087 
f 2085/2085/2085 2084/2084/2084 2088/2088/2088 
f 1461/1461/1461 1462/1462/1462 2087/2087/2087 
f 2086/2086/2086 2085/2085/2085 2088/2088/2088 
f 1462/1462/1462 1437/1437/1437 2087/2087/2087 
f 2061/2061/2061 2086/2086/2086 2088/2088/2088 

g p.0018
usemap Cartoon_FFFFFF
usemtl Cartoon_FFFFFF
v -0.07045099 0.1898371 0.03887879
v -0.07061199 0.1895993 0.0404221
v -0.07039516 0.1893824 0.04196166
v -0.06981309 0.1891992 0.04340801
v -0.06889962 0.1890602 0.04467707
v -0.06770782 0.1889736 0.04569511
v -0.06630696 0.1889443 0.04640296
v -0.06477847 0.1889741 0.04675947
v -0.06321116 0.1890612 0.04674393
v -0.06169612 0.1892006 0.04635724
v -0.06032141 0.1893841 0.04562189
v -0.05916691 0.1896012 0.04458058
v -0.05829972 0.1898391 0.04329386
v -0.05777024 0.1900841 0.0418365
v -0.05760923 0.1903219 0.04029319
v -0.05782607 0.1905388 0.03875363
v -0.05840814 0.190722 0.03730728
v -0.05932162 0.190861 0.03603821
v -0.06051341 0.1909476 0.03502017
v -0.06191426 0.1909769 0.03431233
v -0.06344276 0.1909471 0.03395582
v -0.06501007 0.19086 0.03397135
v -0.0665251 0.1907206 0.03435804
v -0.06789982 0.1905371 0.0350934
v -0.06905432 0.19032 0.0361347
v -0.06992151 0.1900821 0.03742142
v -0.0728265 0.1885031 0.03811751
v -0.07304959 0.1881735 0.04025598
v -0.07274914 0.1878731 0.04238926
v -0.0719426 0.1876192 0.04439338
v -0.07067685 0.1874266 0.04615185
v -0.06902544 0.1873066 0.04756249
v -0.06708436 0.187266 0.0485433
v -0.06496642 0.1873072 0.0490373
v -0.06279469 0.1874279 0.04901577
v -0.0606954 0.1876211 0.04847996
v -0.05879053 0.1878754 0.04746102
v -0.05719081 0.1881762 0.04601815
v -0.0559892 0.1885059 0.04423521
v -0.05525553 0.1888454 0.04221583
v -0.05503244 0.1891749 0.04007736
v -0.05533289 0.1894753 0.03794408
v -0.05613943 0.1897292 0.03593996
v -0.05740518 0.1899218 0.03418149
v -0.05905658 0.1900419 0.03277086
v -0.06099766 0.1900824 0.03179004
v -0.0631156 0.1900412 0.03129604
v -0.06528734 0.1899205 0.03131757
v -0.06738663 0.1897274 0.03185338
v -0.06929149 0.189473 0.03287232
v -0.07089121 0.1891723 0.03431519
v -0.07209282 0.1888426 0.03609813
v -0.07450484 0.1871826 0.03751884
v -0.07477231 0.1867875 0.04008278
v -0.07441209 0.1864273 0.04264049
v -0.07344507 0.1861229 0.04504334
v -0.0719275 0.185892 0.04715168
v -0.06994753 0.1857481 0.04884297
v -0.06762026 0.1856994 0.05001893
v -0.06508093 0.1857489 0.05061121
v -0.06247713 0.1858936 0.0505854
v -0.05996016 0.1861251 0.04994299
v -0.05767631 0.1864301 0.04872131
v -0.05575831 0.1867907 0.04699137
v -0.05431763 0.187186 0.04485371
v -0.05343799 0.187593 0.04243255
v -0.05317051 0.1879881 0.03986862
v -0.05353074 0.1883483 0.0373109
v -0.05449774 0.1886527 0.03490805
v -0.05601533 0.1888836 0.03279972
v -0.05799529 0.1890276 0.03110843
v -0.06032256 0.1890762 0.02993247
v -0.06286188 0.1890268 0.02934018
v -0.0654657 0.1888821 0.029366
v -0.06798267 0.1886505 0.03000841
v -0.07026651 0.1883456 0.03123008
v -0.07218451 0.187985 0.03296002
v -0.07362519 0.1875897 0.03509768
v -0.07579742 0.1858697 0.03701014
v -0.07609949 0.1854235 0.03990565
v -0.07569266 0.1850167 0.04279413
v -0.07460061 0.184673 0.04550771
v -0.07288677 0.1844122 0.0478887
v -0.07065076 0.1842496 0.04979871
v -0.06802253 0.1841947 0.05112674
v -0.06515482 0.1842505 0.05179562
v -0.06221429 0.184414 0.05176647
v -0.05937183 0.1846755 0.05104098
v -0.05679263 0.1850198 0.04966132
v -0.05462659 0.1854271 0.04770767
v -0.0529996 0.1858735 0.04529356
v -0.0520062 0.1863331 0.0425593
v -0.05170414 0.1867794 0.0396638
v -0.05211096 0.1871862 0.03677532
v -0.05320302 0.1875299 0.03406173
v -0.05491685 0.1877907 0.03168075
v -0.05715285 0.1879532 0.02977074
v -0.05978109 0.1880082 0.02844271
v -0.0626488 0.1879523 0.02777383
v -0.06558934 0.1877889 0.02780298
v -0.06843179 0.1875274 0.02852847
v -0.07101098 0.187183 0.02990813
v -0.07317702 0.1867758 0.03186178
v -0.07480402 0.1863294 0.03427589
v -0.07682612 0.1845619 0.036563
v -0.07715607 0.1840745 0.03972584
v -0.07671169 0.1836302 0.04288101
v -0.07551881 0.1832547 0.04584514
v -0.07364674 0.1829699 0.04844595
v -0.07120428 0.1827923 0.05053231
v -0.06833339 0.1827322 0.05198296
v -0.0652009 0.1827933 0.0527136
v -0.06198888 0.1829718 0.05268175
v -0.05888398 0.1832574 0.05188928
v -0.05606665 0.1836336 0.05038224
v -0.05370062 0.1840784 0.04824821
v -0.05192341 0.1845661 0.04561121
v -0.0508383 0.1850682 0.0426245
v -0.05050834 0.1855556 0.03946166
v -0.05095272 0.1859999 0.03630649
v -0.05214561 0.1863754 0.03334237
v -0.05401768 0.1866602 0.03074155
v -0.05646013 0.1868378 0.02865519
v -0.05933102 0.1868978 0.02720454
v -0.06246351 0.1868368 0.02647391
v -0.06567554 0.1866583 0.02650575
v -0.06878044 0.1863727 0.02729822
v -0.07159777 0.1859965 0.02880526
v -0.07396379 0.1855517 0.03093929
v -0.075741 0.185064 0.03357629
v -0.07765368 0.1832581 0.03616277
v -0.07800642 0.182737 0.03954399
v -0.07753136 0.182262 0.04291701
v -0.07625611 0.1818606 0.04608579
v -0.07425478 0.1815561 0.04886618
v -0.07164369 0.1813662 0.05109659
v -0.06857458 0.1813021 0.0526474
v -0.0652258 0.1813673 0.05342848
v -0.061792 0.1815581 0.05339444
v -0.05847272 0.1818635 0.05254725
v -0.05546087 0.1822656 0.05093616
v -0.05293149 0.1827412 0.04865478
v -0.05103157 0.1832625 0.04583571
v -0.04987153 0.1837993 0.04264279
v -0.04951879 0.1843203 0.03926156
v -0.04999385 0.1847953 0.03588855
v -0.05126911 0.1851968 0.03271976
v -0.05327044 0.1855013 0.02993938
v -0.05588152 0.1856911 0.02770897
v -0.05895064 0.1857553 0.02615816
v -0.06229941 0.18569 0.02537708
v -0.06573321 0.1854992 0.02541112
v -0.0690525 0.1851938 0.02625831
v -0.07206434 0.1847917 0.0278694
v -0.07459372 0.1843162 0.03015077
v -0.07649364 0.1837948 0.03296984
v -0.07831717 0.1819574 0.03580081
v -0.07868852 0.1814089 0.03936047
v -0.07818839 0.1809087 0.0429115
v -0.07684584 0.1804861 0.04624751
v -0.0747389 0.1801656 0.04917463
v -0.07199001 0.1799657 0.05152275
v -0.06875892 0.1798982 0.0531554
v -0.06523342 0.1799668 0.0539777
v -0.0616184 0.1801677 0.05394186
v -0.05812395 0.1804892 0.05304997
v -0.05495315 0.1809126 0.05135385
v -0.05229028 0.1814132 0.04895207
v -0.0502901 0.181962 0.04598423
v -0.04906884 0.1825271 0.0426228
v -0.04869749 0.1830757 0.03906314
v -0.04919762 0.1835758 0.03551212
v -0.05054017 0.1839984 0.0321761
v -0.05264712 0.184319 0.02924898
v -0.05539601 0.1845188 0.02690086
v -0.05862709 0.1845864 0.02526821
v -0.06215259 0.1845177 0.02444591
v -0.06576761 0.1843168 0.02448175
v -0.06926206 0.1839953 0.02537365
v -0.07243285 0.183572 0.02706976
v -0.07509572 0.1830713 0.02947154
v -0.07709591 0.1825225 0.03243938
v -0.07884032 0.1806595 0.03547158
v -0.07922672 0.1800887 0.03917553
v -0.07870632 0.1795683 0.04287048
v -0.07730935 0.1791286 0.04634171
v -0.07511701 0.178795 0.04938747
v -0.07225669 0.178587 0.05183076
v -0.06889465 0.1785168 0.05352959
v -0.06522626 0.1785882 0.05438522
v -0.06146471 0.1787973 0.05434793
v -0.05782863 0.1791318 0.05341988
v -0.05452931 0.1795723 0.05165501
v -0.05175851 0.1800932 0.04915589
v -0.04967725 0.1806643 0.04606776
v -0.0484065 0.1812523 0.04257008
v -0.04802009 0.1818231 0.03886614
v -0.0485405 0.1823435 0.03517119
v -0.04993746 0.1827832 0.03169996
v -0.05212981 0.1831167 0.0286542
v -0.05499011 0.1833247 0.0262109
v -0.05835216 0.183395 0.02451208
v -0.06202055 0.1833236 0.02365645
v -0.06578209 0.1831145 0.02369374
v -0.06941818 0.18278 0.02462179
v -0.0727175 0.1823395 0.02638665
v -0.0754883 0.1818185 0.02888577
v -0.07756956 0.1812475 0.03197391
v -0.07923903 0.179364 0.03517137
v -0.07963733 0.1787756 0.03898931
v -0.07910091 0.1782392 0.04279799
v -0.07766095 0.1777859 0.04637604
v -0.07540113 0.1774421 0.04951555
v -0.0724528 0.1772278 0.05203404
v -0.06898728 0.1771553 0.05378515
v -0.06520598 0.177229 0.05466711
v -0.06132868 0.1774445 0.05462867
v -0.05758068 0.1777893 0.05367206
v -0.05417982 0.1782433 0.05185287
v -0.05132375 0.1787803 0.04927684
v -0.04917844 0.1793689 0.04609367
v -0.04786857 0.179975 0.04248835
v -0.04747028 0.1805634 0.03867041
v -0.04800669 0.1810998 0.03486174
v -0.04944665 0.1815531 0.03128368
v -0.05170647 0.1818969 0.02814417
v -0.05465481 0.1821112 0.02562569
v -0.05812033 0.1821837 0.02387458
v -0.06190162 0.18211 0.02299261
v -0.06577893 0.1818945 0.02303105
v -0.06952693 0.1815497 0.02398766
v -0.07292778 0.1810957 0.02580684
v -0.07578386 0.1805587 0.02838288
v -0.07792917 0.1799701 0.03156605
v -0.07952423 0.1780707 0.03489765
v -0.07993154 0.177469 0.03880195
v -0.07938299 0.1769205 0.04269677
v -0.07791045 0.1764569 0.04635576
v -0.07559952 0.1761054 0.04956628
v -0.07258449 0.1758861 0.05214174
v -0.06904058 0.1758121 0.05393246
v -0.06517376 0.1758874 0.05483437
v -0.06120874 0.1761077 0.05479506
v -0.05737597 0.1764603 0.05381682
v -0.05389819 0.1769247 0.05195648
v -0.05097751 0.1774738 0.04932218
v -0.04878367 0.1780757 0.046067
v -0.04744417 0.1786956 0.04238013
v -0.04703686 0.1792972 0.03847583
v -0.04758542 0.1798458 0.03458101
v -0.04905795 0.1803093 0.03092201
v -0.05136888 0.1806609 0.02771149
v -0.05438391 0.1808801 0.02513604
v -0.05792782 0.1809542 0.02334532
v -0.06179465 0.1808788 0.0224434
v -0.06575966 0.1806585 0.02248271
v -0.06959244 0.1803059 0.02346096
v -0.07307021 0.1798415 0.02532129
v -0.0759909 0.1792924 0.0279556
v -0.07818474 0.1786905 0.03121077
v -0.07970332 0.1767794 0.03464867
v -0.08011695 0.1761684 0.0386135
v -0.07955989 0.1756114 0.04256871
v -0.07806453 0.1751407 0.04628444
v -0.07571776 0.1747836 0.04954474
v -0.07265598 0.174561 0.05216013
v -0.06905713 0.1744858 0.05397861
v -0.06513035 0.1745623 0.05489451
v -0.06110386 0.1747861 0.05485459
v -0.05721166 0.1751441 0.05386117
v -0.05367995 0.1756157 0.051972
v -0.05071399 0.1761733 0.04929685
v -0.04848614 0.1767846 0.0459912
v -0.04712588 0.177414 0.04224716
v -0.04671225 0.178025 0.03828232
v -0.04726931 0.178582 0.03432712
v -0.04876467 0.1790528 0.03061139
v -0.05111144 0.1794098 0.02735109
v -0.05417321 0.1796324 0.02473571
v -0.05777207 0.1797076 0.02291722
v -0.06169885 0.1796312 0.02200132
v -0.06572534 0.1794074 0.02204124
v -0.06961754 0.1790493 0.02303466
v -0.07314924 0.1785778 0.02492383
v -0.07611521 0.1780201 0.02759898
v -0.07834306 0.1774089 0.03090463
v -0.07978114 0.1754902 0.03442331
v -0.0801985 0.1748737 0.03842403
v -0.0796364 0.1743116 0.04241503
v -0.07812751 0.1738366 0.04616439
v -0.07575951 0.1734763 0.04945419
v -0.07267002 0.1732517 0.05209325
v -0.06903859 0.1731758 0.05392819
v -0.06507628 0.173253 0.05485238
v -0.06101335 0.1734788 0.0548121
v -0.05708592 0.1738401 0.05380969
v -0.05352226 0.1743159 0.05190342
v -0.05052945 0.1748786 0.04920406
v -0.04828143 0.1754954 0.04586849
v -0.04690886 0.1761305 0.04209057
v -0.0464915 0.176747 0.03808985
v -0.04705359 0.1773091 0.03409885
v -0.04856249 0.1777841 0.03034949
v -0.05093049 0.1781443 0.02705969
v -0.05401998 0.178369 0.02442064
v -0.0576514 0.1784449 0.02258569
v -0.06161372 0.1783677 0.02166151
v -0.06567665 0.1781419 0.02170179
v -0.06960408 0.1777806 0.0227042
v -0.07316774 0.1773048 0.02461047
v -0.07616055 0.1767421 0.02730983
v -0.07840856 0.1761253 0.03064539
v -0.07976038 0.1742028 0.03422095
v -0.08017898 0.1735845 0.03823355
v -0.07961522 0.1730207 0.04223642
v -0.07810184 0.1725443 0.04599691
v -0.0757268 0.172183 0.04929649
v -0.07262813 0.1719577 0.0519434
v -0.06898591 0.1718816 0.05378379
v -0.06501182 0.171959 0.05471072
v -0.06093682 0.1721855 0.05467032
v -0.05699772 0.1725478 0.05366494
v -0.05342346 0.1730251 0.051753
v -0.05042176 0.1735894 0.04904562
v -0.04816706 0.1742081 0.04570014
v -0.04679041 0.1748451 0.04191099
v -0.04637181 0.1754634 0.03789838
v -0.04693558 0.1760272 0.03389552
v -0.04844896 0.1765036 0.03013502
v -0.050824 0.1768649 0.02683545
v -0.05392266 0.1770902 0.02418855
v -0.05756488 0.1771663 0.02234815
v -0.06153897 0.1770889 0.02142122
v -0.06561398 0.1768624 0.02146162
v -0.06955308 0.1765001 0.022467
v -0.07312733 0.1760228 0.02437894
v -0.07612903 0.1754585 0.02708632
v -0.07838373 0.1748398 0.0304318
v -0.07964194 0.1729174 0.03404136
v -0.0800593 0.1723009 0.03804208
v -0.0794972 0.1717388 0.04203309
v -0.0779883 0.1712638 0.04578244
v -0.0756203 0.1709035 0.04907224
v -0.07253081 0.1706789 0.0517113
v -0.06889939 0.170603 0.05354625
v -0.06493708 0.1706802 0.05447043
v -0.06087415 0.170906 0.05443015
v -0.05694672 0.1712673 0.05342775
v -0.05338305 0.1717431 0.05152147
v -0.05039024 0.1723058 0.04882211
v -0.04814223 0.1729226 0.04548655
v -0.04676966 0.1735577 0.04170863
v -0.04635229 0.1741742 0.03770791
v -0.04691439 0.1747363 0.03371691
v -0.04842329 0.1752113 0.02996755
v -0.05079129 0.1755716 0.02667775
v -0.05388077 0.1757962 0.02403869
v -0.0575122 0.1758721 0.02220375
v -0.06147452 0.1757949 0.02127956
v -0.06553745 0.1755691 0.02131984
v -0.06946487 0.1752078 0.02232225
v -0.07302853 0.174732 0.02422852
v -0.07602134 0.1741693 0.02692788
v -0.07826936 0.1735525 0.03026345
v -0.07942492 0.1716339 0.03388477
v -0.07983854 0.1710229 0.03784961
v -0.07928149 0.1704659 0.04180482
v -0.07778612 0.1699951 0.04552055
v -0.07543936 0.1696381 0.04878084
v -0.07237758 0.1694155 0.05139624
v -0.06877872 0.1693402 0.05321472
v -0.06485195 0.1694167 0.05413062
v -0.06082546 0.1696405 0.0540907
v -0.05693326 0.1699986 0.05309729
v -0.05340155 0.1704701 0.05120811
v -0.05043558 0.1710278 0.04853296
v -0.04820773 0.171639 0.04522731
v -0.04684747 0.1722685 0.04148327
v -0.04643384 0.1728795 0.03751843
v -0.0469909 0.1734365 0.03356323
v -0.04848627 0.1739072 0.0298475
v -0.05083303 0.1742643 0.0265872
v -0.05389481 0.1744869 0.02397181
v -0.05749366 0.1745621 0.02215333
v -0.06142044 0.1744856 0.02123743
v -0.06544694 0.1742618 0.02127735
v -0.06933913 0.1739038 0.02227077
v -0.07287084 0.1734322 0.02415994
v -0.07583681 0.1728746 0.02683509
v -0.07806466 0.1722633 0.03014074
v -0.07910662 0.1703523 0.03375181
v -0.07951393 0.1697507 0.03765611
v -0.07896538 0.1692021 0.04155093
v -0.07749285 0.1687386 0.04520993
v -0.07518191 0.168387 0.04842044
v -0.07216688 0.1681678 0.0509959
v -0.06862298 0.1680937 0.05278662
v -0.06475615 0.1681691 0.05368854
v -0.06079113 0.1683894 0.05364923
v -0.05695836 0.168742 0.05267098
v -0.05348058 0.1692064 0.05081065
v -0.05055989 0.1697555 0.04817634
v -0.04836606 0.1703574 0.04492117
v -0.04702656 0.1709772 0.04123429
v -0.04661926 0.1715789 0.03732999
v -0.04716781 0.1721274 0.03343517
v -0.04864034 0.172591 0.02977617
v -0.05095128 0.1729425 0.02656566
v -0.0539663 0.1731618 0.0239902
v -0.05751021 0.1732358 0.02219948
v -0.06137704 0.1731605 0.02129757
v -0.06534205 0.1729402 0.02133688
v -0.06917483 0.1725876 0.02231512
v -0.07265261 0.1721232 0.02417545
v -0.07557329 0.1715741 0.02680976
v -0.07776713 0.1709722 0.03006494
v -0.07868222 0.1690729 0.03364359
v -0.07908052 0.1684845 0.03746153
v -0.0785441 0.1679481 0.0412702
v -0.07710414 0.1674948 0.04484826
v -0.07484432 0.167151 0.04798776
v -0.07189599 0.1669367 0.05050625
v -0.06843047 0.1668642 0.05225736
v -0.06464917 0.1669379 0.05313933
v -0.06077186 0.1671534 0.05310089
v -0.05702387 0.1674982 0.05214428
v -0.05362301 0.1679522 0.0503251
v -0.05076694 0.1684892 0.04774906
v -0.04862163 0.1690778 0.04456589
v -0.04731176 0.1696839 0.04096057
v -0.04691346 0.1702723 0.03714262
v -0.04744988 0.1708087 0.03333396
v -0.04888984 0.171262 0.02975589
v -0.05114966 0.1716058 0.02661639
v -0.054098 0.1718201 0.02409791
v -0.05756351 0.1718926 0.0223468
v -0.06134481 0.1718189 0.02146483
v -0.06522212 0.1716034 0.02150327
v -0.06897011 0.1712586 0.02245988
v -0.07237097 0.1708046 0.02427906
v -0.07522704 0.1702676 0.0268551
v -0.07737236 0.169679 0.03003827
v -0.0781443 0.1677956 0.03356185
v -0.0785307 0.1672248 0.0372658
v -0.0780103 0.1667044 0.04096075
v -0.07661334 0.1662647 0.04443198
v -0.07442099 0.1659311 0.04747774
v -0.07156068 0.1657232 0.04992104
v -0.06819864 0.1656529 0.05161986
v -0.06453025 0.1657243 0.05247549
v -0.0607687 0.1659334 0.0524382
v -0.05713262 0.1662679 0.05151016
v -0.05383329 0.1667084 0.04974529
v -0.05106249 0.1672294 0.04724617
v -0.04898124 0.1678004 0.04415803
v -0.04771048 0.1683884 0.04066036
v -0.04732408 0.1689592 0.03695641
v -0.04784448 0.1694796 0.03326146
v -0.04924145 0.1699193 0.02979023
v -0.05143379 0.1702529 0.02674447
v -0.0542941 0.1704609 0.02430118
v -0.05765614 0.1705311 0.02260235
v -0.06132454 0.1704597 0.02174672
v -0.06508608 0.1702506 0.02178401
v -0.06872217 0.1699161 0.02271206
v -0.07202148 0.1694756 0.02447692
v -0.07479228 0.1689547 0.02697605
v -0.07687354 0.1683836 0.03006418
v -0.07748195 0.1665208 0.03350914
v -0.07785331 0.1659722 0.0370688
v -0.07735317 0.1654721 0.04061982
v -0.07601062 0.1650495 0.04395583
v -0.07390368 0.1647289 0.04688296
v -0.07115479 0.1645291 0.04923107
v -0.0679237 0.1644615 0.05086373
v -0.06439821 0.1645302 0.05168603
v -0.06078319 0.1647311 0.05165019
v -0.05728874 0.1650526 0.05075829
v -0.05411794 0.1654759 0.04906217
v -0.05145507 0.1659766 0.0466604
v -0.04945488 0.1665254 0.04369256
v -0.04823363 0.1670905 0.04033113
v -0.04786227 0.167639 0.03677147
v -0.0483624 0.1681392 0.03322044
v -0.04970496 0.1685618 0.02988443
v -0.0518119 0.1688823 0.02695731
v -0.05456079 0.1690822 0.02460919
v -0.05779187 0.1691497 0.02297654
v -0.06131737 0.1690811 0.02215424
v -0.06493239 0.1688801 0.02219008
v -0.06842685 0.1685587 0.02308198
v -0.07159764 0.1681353 0.02477809
v -0.07426051 0.1676347 0.02717987
v -0.07626069 0.1670859 0.03014771
v -0.07667926 0.1652486 0.03348915
v -0.077032 0.1647276 0.03687038
v -0.07655694 0.1642525 0.04024339
v -0.07528169 0.1638511 0.04341217
v -0.07328036 0.1635466 0.04619256
v -0.07066926 0.1633568 0.04842297
v -0.06760015 0.1632926 0.04997378
v -0.06425139 0.1633579 0.05075486
v -0.06081758 0.1635487 0.05072082
v -0.05749831 0.1638541 0.04987364
v -0.05448645 0.1642562 0.04826254
v -0.05195707 0.1647317 0.04598116
v -0.05005715 0.1652531 0.0431621
v -0.04889712 0.1657898 0.03996917
v -0.04854438 0.1663109 0.03658795
v -0.04901944 0.1667859 0.03321493
v -0.05029469 0.1671873 0.03004615
v -0.05229602 0.1674918 0.02726576
v -0.05490711 0.1676817 0.02503535
v -0.05797622 0.1677458 0.02348454
v -0.06132499 0.1676806 0.02270346
v -0.06475879 0.1674898 0.0227375
v -0.06807807 0.1671844 0.02358469
v -0.07108992 0.1667823 0.02519578
v -0.07361931 0.1663067 0.02747716
v -0.07551922 0.1657854 0.03029623
v -0.07571249 0.1639797 0.03350744
v -0.07604245 0.1634923 0.03667028
v -0.07559808 0.163048 0.03982545
v -0.07440519 0.1626725 0.04278957
v -0.07253312 0.1623877 0.04539039
v -0.07009067 0.1622101 0.04747675
v -0.06721977 0.1621501 0.0489274
v -0.06408728 0.1622111 0.04965803
v -0.06087525 0.1623896 0.04962619
v -0.05777035 0.1626752 0.04883372
v -0.05495302 0.1630514 0.04732668
v -0.052587 0.1634962 0.04519264
v -0.05080979 0.1639839 0.04255565
v -0.04972468 0.164486 0.03956894
v -0.04939472 0.1649734 0.03640609
v -0.0498391 0.1654177 0.03325093
v -0.05103198 0.1657932 0.0302868
v -0.05290405 0.166078 0.02768598
v -0.05534651 0.1662556 0.02559963
v -0.0582174 0.1663157 0.02414898
v -0.06134989 0.1662546 0.02341834
v -0.06456192 0.1660761 0.02345019
v -0.06766682 0.1657905 0.02424266
v -0.07048415 0.1654143 0.0257497
v -0.07285017 0.1649695 0.02788373
v -0.07462738 0.1644818 0.03052073
v -0.07454459 0.1627147 0.03357264
v -0.07484666 0.1622685 0.03646814
v -0.07443984 0.1618617 0.03935662
v -0.07334778 0.161518 0.0420702
v -0.07163394 0.1612572 0.04445119
v -0.06939794 0.1610947 0.0463612
v -0.0667697 0.1610397 0.04768923
v -0.06390199 0.1610956 0.04835811
v -0.06096146 0.161259 0.04832895
v -0.058119 0.1615205 0.04760347
v -0.05553981 0.1618649 0.04622381
v -0.05337377 0.1622721 0.04427015
v -0.05174678 0.1627185 0.04185605
v -0.05075338 0.1631782 0.03912179
v -0.05045132 0.1636244 0.03622629
v -0.05085813 0.1640312 0.03333781
v -0.05195019 0.1643749 0.03062423
v -0.05366402 0.1646357 0.02824324
v -0.05590003 0.1647983 0.02633324
v -0.05852826 0.1648532 0.0250052
v -0.06139598 0.1647974 0.02433632
v -0.06433651 0.1646339 0.02436548
v -0.06717897 0.1643724 0.02509096
v -0.06975816 0.1640281 0.02647062
v -0.07192419 0.1636208 0.02842427
v -0.07355119 0.1631744 0.03083838
v -0.07311281 0.1614549 0.03369938
v -0.07338029 0.1610598 0.03626332
v -0.07302006 0.1606996 0.03882104
v -0.07205305 0.1603952 0.04122389
v -0.07053547 0.1601643 0.04333222
v -0.06855551 0.1600203 0.04502352
v -0.06622824 0.1599717 0.04619947
v -0.06368891 0.1600211 0.04679176
v -0.0610851 0.1601658 0.04676595
v -0.05856813 0.1603974 0.04612353
v -0.05628428 0.1607023 0.04490186
v -0.05436628 0.1610629 0.04317192
v -0.0529256 0.1614582 0.04103426
v -0.05204596 0.1618653 0.0386131
v -0.05177848 0.1622604 0.03604916
v -0.05213871 0.1626206 0.03349145
v -0.05310572 0.162925 0.0310886
v -0.0546233 0.1631559 0.02898026
v -0.05660326 0.1632998 0.02728897
v -0.05893053 0.1633485 0.02611301
v -0.06146986 0.163299 0.02552073
v -0.06407367 0.1631543 0.02554654
v -0.06659064 0.1629228 0.02618895
v -0.06887449 0.1626178 0.02741063
v -0.07079248 0.1622572 0.02914056
v -0.07223317 0.1618619 0.03127823
v -0.07129527 0.1602025 0.03391611
v -0.07151836 0.159873 0.03605458
v -0.0712179 0.1595726 0.03818787
v -0.07041137 0.1593187 0.04019198
v -0.06914561 0.1591261 0.04195045
v -0.06749421 0.159006 0.04336109
v -0.06555314 0.1589655 0.0443419
v -0.06343519 0.1590067 0.0448359
v -0.06126346 0.1591274 0.04481437
v -0.05916417 0.1593205 0.04427857
v -0.0572593 0.1595749 0.04325962
v -0.05565958 0.1598756 0.04181675
v -0.05445797 0.1602053 0.04003382
v -0.0537243 0.1605448 0.03801443
v -0.0535012 0.1608744 0.03587596
v -0.05380166 0.1611748 0.03374268
v -0.0546082 0.1614287 0.03173856
v -0.05587395 0.1616213 0.02998009
v -0.05752535 0.1617413 0.02856945
v -0.05946643 0.1617819 0.02758864
v -0.06158437 0.1617407 0.02709464
v -0.0637561 0.16162 0.02711617
v -0.0658554 0.1614268 0.02765198
v -0.06776026 0.1611725 0.02867092
v -0.06935998 0.1608717 0.03011379
v -0.0705616 0.160542 0.03189673
v -0.06878056 0.1589638 0.03429544
v -0.06894156 0.158726 0.03583875
v -0.06872473 0.1585091 0.03737832
v -0.06814266 0.1583259 0.03882466
v -0.06722918 0.1581869 0.04009373
v -0.06603739 0.1581003 0.04111177
v -0.06463654 0.158071 0.04181961
v -0.06310803 0.1581008 0.04217613
v -0.06154073 0.1581879 0.04216059
v -0.06002569 0.1583273 0.0417739
v -0.05865097 0.1585108 0.04103854
v -0.05749647 0.1587279 0.03999724
v -0.05662928 0.1589658 0.03871052
v -0.0560998 0.1592108 0.03725315
v -0.0559388 0.1594486 0.03570984
v -0.05615563 0.1596655 0.03417028
v -0.0567377 0.1598487 0.03272393
v -0.05765118 0.1599877 0.03145486
v -0.05884297 0.1600743 0.03043683
v -0.06024383 0.1601036 0.02972898
v -0.06177232 0.1600738 0.02937247
v -0.06333964 0.1599867 0.029388
v -0.06485467 0.1598473 0.02977469
v -0.06622939 0.1596638 0.03051005
v -0.06738389 0.1594467 0.03155135
v -0.06825108 0.1592088 0.03283808
v -0.06418022 0.191247 0.04054862
v -0.06237058 0.1578009 0.03558332

vn -0.3546015 0.9317269 0.07837646
vn -0.3599439 0.9204997 0.1520554
vn -0.3473205 0.9103535 0.2249997
vn -0.317465 0.9018782 0.2929703
vn -0.2721126 0.8955663 0.3520168
vn -0.2138989 0.8917844 0.3987077
vn -0.1462073 0.8907524 0.4303296
vn -0.07297154 0.8925304 0.4450445
vn 0.001552074 0.8970149 0.4419975
vn 0.07303263 0.9039454 0.4213656
vn 0.1373158 0.9129191 0.3843476
vn 0.1906657 0.9234144 0.3330952
vn 0.2299819 0.9348214 0.2705869
vn 0.2529793 0.9464771 0.2004554
vn 0.2583216 0.9577044 0.1267765
vn 0.2456982 0.9678505 0.05383205
vn 0.2158427 0.9763258 -0.01413848
vn 0.1704904 0.9826378 -0.07318494
vn 0.1122767 0.9864196 -0.1198759
vn 0.044585 0.9874516 -0.1514977
vn -0.02865071 0.9856736 -0.1662127
vn -0.1031744 0.9811891 -0.1631657
vn -0.1746549 0.9742587 -0.1425336
vn -0.2389381 0.9652849 -0.1055159
vn -0.292288 0.9547896 -0.05426335
vn -0.3316041 0.9433827 0.008244937
vn -0.5555959 0.8313764 0.01123983
vn -0.5672937 0.8123339 0.1352461
vn -0.5486702 0.7950203 0.2586578
vn -0.5008077 0.7804417 0.3743025
vn -0.4264882 0.7694454 0.4754593
vn -0.3300305 0.7626705 0.5562495
vn -0.2170404 0.7605107 0.6119779
vn -0.09408483 0.7630917 0.6394054
vn 0.03169077 0.7702631 0.6369383
vn 0.1529768 0.7816084 0.6047201
vn 0.2627245 0.7964683 0.5446229
vn 0.3545558 0.813979 0.4601395
vn 0.4231336 0.833123 0.3561798
vn 0.4644724 0.8527877 0.2387855
vn 0.4761702 0.8718302 0.1147792
vn 0.4575466 0.8891438 -0.008632587
vn 0.4096842 0.9037223 -0.1242772
vn 0.3353646 0.9147186 -0.225434
vn 0.2389069 0.9214935 -0.3062242
vn 0.125917 0.9236532 -0.3619525
vn 0.002961322 0.9210724 -0.3893801
vn -0.1228144 0.913901 -0.386913
vn -0.2441004 0.9025556 -0.3546947
vn -0.353848 0.8876957 -0.2945977
vn -0.4456792 0.870185 -0.2101142
vn -0.5142571 0.8510411 -0.1061545
vn -0.6597703 0.7509813 -0.02702063
vn -0.6745402 0.7278495 0.1234123
vn -0.6525096 0.7067953 0.273261
vn -0.5949584 0.6890427 0.4138172
vn -0.5052315 0.6756232 0.5369117
vn -0.3885435 0.6673169 0.6353914
vn -0.2516759 0.6646062 0.7035325
vn -0.102583 0.6676489 0.7373748
vn 0.05007066 0.6762682 0.734952
vn 0.1974133 0.6899628 0.6964045
vn 0.3308819 0.7079373 0.6239727
vn 0.4427196 0.7291468 0.5218662
vn 0.5264271 0.7523587 0.3960187
vn 0.5771393 0.7762242 0.2537444
vn 0.5919093 0.7993561 0.1033115
vn 0.5698785 0.8204101 -0.0465375
vn 0.5123273 0.8381628 -0.1870935
vn 0.4226005 0.8515822 -0.310188
vn 0.3059124 0.8598886 -0.4086676
vn 0.1690448 0.8625992 -0.4768086
vn 0.01995193 0.8595565 -0.5106511
vn -0.1327018 0.8509374 -0.5082282
vn -0.2800444 0.8372426 -0.4696807
vn -0.4135129 0.8192682 -0.397249
vn -0.5253506 0.7980587 -0.2951423
vn -0.6090581 0.7748467 -0.1692949
vn -0.7379124 0.6723585 -0.05847606
vn -0.7549667 0.6461253 0.1120153
vn -0.7303038 0.6222363 0.2819191
vn -0.6653568 0.6020799 0.4413616
vn -0.5639005 0.5868276 0.5810762
vn -0.4318303 0.5773661 0.6929436
vn -0.2768225 0.5742449 0.7704622
vn -0.1078856 0.5776452 0.8091271
vn 0.06516286 0.5873699 0.8066911
vn 0.2322658 0.6028534 0.7632957
vn 0.3837116 0.6231964 0.6814629
vn 0.5106989 0.647216 0.5659487
vn 0.6058479 0.6735167 0.4234662
vn 0.6636286 0.7005697 0.2622962
vn 0.680683 0.7268029 0.09180503
vn 0.6560199 0.7506919 -0.078099
vn 0.591073 0.7708482 -0.2375414
vn 0.4896165 0.7861002 -0.3772559
vn 0.3575466 0.7955619 -0.4891235
vn 0.2025389 0.7986832 -0.5666419
vn 0.03360185 0.7952827 -0.6053068
vn -0.1394467 0.7855581 -0.6028707
vn -0.3065495 0.7700745 -0.5594753
vn -0.4579955 0.7497317 -0.4776427
vn -0.5849826 0.7257121 -0.3621286
vn -0.6801316 0.6994116 -0.2196459
vn -0.7995106 0.5944966 -0.08577054
vn -0.818374 0.5657874 0.1007395
vn -0.791594 0.539636 0.2866564
vn -0.720727 0.5175618 0.4611749
vn -0.6098918 0.5008479 0.6141526
vn -0.4655291 0.4904658 0.7366993
vn -0.2960286 0.4870192 0.8216929
vn -0.1112419 0.4907079 0.8641939
vn 0.07809234 0.5013174 0.8617322
vn 0.2609706 0.5182316 0.814451
vn 0.4267649 0.5404669 0.725098
vn 0.5658395 0.5667316 0.5988664
vn 0.6701123 0.5954993 0.4430916
vn 0.733523 0.6250978 0.2668273
vn 0.7523865 0.6538071 0.0803173
vn 0.7256066 0.6799587 -0.1055996
vn 0.6547395 0.7020327 -0.2801181
vn 0.5439041 0.7187462 -0.4330958
vn 0.3995413 0.7291284 -0.5556425
vn 0.2300413 0.7325752 -0.6406361
vn 0.04525448 0.7288867 -0.683137
vn -0.1440798 0.7182771 -0.6806753
vn -0.3269581 0.7013632 -0.6333941
vn -0.4927523 0.6791276 -0.5440412
vn -0.631827 0.6528628 -0.4178095
vn -0.7360998 0.6240952 -0.2620348
vn -0.8488343 0.5170792 -0.1100429
vn -0.8691654 0.4863567 0.0894921
vn -0.8406606 0.4583656 0.288428
vn -0.7649766 0.4347329 0.4752032
vn -0.6465122 0.4168317 0.6389627
vn -0.4921523 0.4057015 0.7701898
vn -0.3108671 0.4019902 0.8612581
vn -0.1131926 0.4059137 0.9068746
vn 0.08938311 0.4172435 0.9043885
vn 0.2850871 0.435321 0.8539443
vn 0.4625459 0.4590959 0.7584737
vn 0.6114459 0.4871863 0.623525
vn 0.723134 0.5179598 0.4569408
vn 0.791119 0.5496279 0.2684026
vn 0.8114499 0.5803501 0.06886756
vn 0.7829452 0.6083412 -0.1300685
vn 0.7072611 0.6319746 -0.3168435
vn 0.588797 0.649876 -0.4806031
vn 0.4344369 0.6610056 -0.6118302
vn 0.2531518 0.6647166 -0.7028983
vn 0.05547733 0.6607932 -0.7485149
vn -0.1470985 0.6494637 -0.7460287
vn -0.3428025 0.6313862 -0.6955846
vn -0.5202613 0.6076112 -0.600114
vn -0.6691614 0.5795208 -0.4651653
vn -0.7808494 0.5487472 -0.2985811
vn -0.8882726 0.4399664 -0.1319144
vn -0.9098015 0.4076033 0.07823588
vn -0.8798931 0.3781129 0.2877825
vn -0.8002858 0.3532088 0.4845475
vn -0.6756057 0.334339 0.6570954
vn -0.5130989 0.3226 0.7953985
vn -0.3222099 0.3186731 0.8914192
vn -0.1140325 0.3227873 0.939577
vn 0.09933504 0.3347033 0.9370733
vn 0.3054925 0.353729 0.8840532
vn 0.4924589 0.3787584 0.7835984
vn 0.649368 0.4083365 0.641547
vn 0.7671011 0.4407448 0.4661542
vn 0.8388161 0.4740998 0.2676134
vn 0.860345 0.5064626 0.05746327
vn 0.8304366 0.535953 -0.1520835
vn 0.7508292 0.5608568 -0.3488485
vn 0.6261491 0.5797269 -0.5213963
vn 0.4636424 0.5914662 -0.6596994
vn 0.2727535 0.5953929 -0.75572
vn 0.064576 0.5912785 -0.8038779
vn -0.1487917 0.5793623 -0.8013741
vn -0.3549491 0.5603366 -0.7483541
vn -0.5419154 0.5353076 -0.6478993
vn -0.6988246 0.5057293 -0.5058479
vn -0.8165576 0.4733212 -0.3304552
vn -0.9193135 0.3630839 -0.1517659
vn -0.9418149 0.3293963 0.06695311
vn -0.9107789 0.2986953 0.2850663
vn -0.8280091 0.272765 0.489898
vn -0.698316 0.2531122 0.6695438
vn -0.5292366 0.2408797 0.8135635
vn -0.330597 0.2367784 0.9135872
vn -0.1139419 0.2410461 0.9638019
vn 0.1081377 0.2534351 0.9612891
vn 0.3227354 0.273225 0.9061953
vn 0.5173796 0.2992663 0.8017218
vn 0.6807583 0.3300453 0.6539406
vn 0.8033763 0.3637728 0.4714402
vn 0.8781077 0.3984895 0.2648264
vn 0.9006092 0.4321773 0.04610746
vn 0.8695731 0.4628786 -0.1720058
vn 0.7868034 0.4888088 -0.3768373
vn 0.6571102 0.5084612 -0.5564832
vn 0.4880307 0.5206934 -0.700503
vn 0.2893914 0.524795 -0.8005266
vn 0.07273614 0.5205275 -0.8507411
vn -0.1493436 0.5081387 -0.8482285
vn -0.3639413 0.4883485 -0.7931347
vn -0.5585855 0.4623073 -0.6886612
vn -0.721964 0.4315285 -0.54088
vn -0.8445821 0.3978004 -0.3583797
vn -0.942939 0.2863878 -0.1698471
vn -0.9662169 0.2516541 0.05563429
vn -0.9342993 0.2199969 0.2805102
vn -0.8490416 0.1932554 0.491712
vn -0.7153984 0.1729842 0.6769649
vn -0.5411366 0.1603615 0.8255031
vn -0.3363837 0.1561205 0.928694
vn -0.1130391 0.1605078 0.9805404
vn 0.115917 0.1732685 0.9780293
vn 0.3371789 0.1936612 0.9213065
vn 0.5378873 0.2205003 0.8136688
vn 0.706378 0.2522261 0.6613714
vn 0.8328587 0.2869952 0.4732654
vn 0.9099791 0.3227863 0.2602829
vn 0.9332568 0.35752 0.03480159
vn 0.9013393 0.3891775 -0.1900744
vn 0.8160815 0.4159189 -0.401276
vn 0.6824383 0.43619 -0.5865289
vn 0.5081765 0.4488128 -0.7350671
vn 0.3034236 0.4530538 -0.8382579
vn 0.08007912 0.4486663 -0.8901045
vn -0.1488772 0.4359056 -0.8875933
vn -0.3701389 0.4155133 -0.8308706
vn -0.5708474 0.3886741 -0.7232328
vn -0.739338 0.3569483 -0.5709354
vn -0.8658187 0.3221793 -0.3828294
vn -0.9598152 0.2098504 -0.1863261
vn -0.9836924 0.1743246 0.0442736
vn -0.9511192 0.1419422 0.2742711
vn -0.8639886 0.1145856 0.4902998
vn -0.7273644 0.09384465 0.6798044
vn -0.5491868 0.08092465 0.8317722
vn -0.3398105 0.07657623 0.9373713
vn -0.111404 0.08105252 0.9904643
vn 0.1227586 0.09409293 0.987966
vn 0.3490686 0.1149397 0.9300215
vn 0.554374 0.1423817 0.8199982
vn 0.7267429 0.1748238 0.6642901
vn 0.8561578 0.2103806 0.4719468
vn 0.9350978 0.2469857 0.2541463
vn 0.9589748 0.2825117 0.02354671
vn 0.9264016 0.3148938 -0.2064508
vn 0.839271 0.3422503 -0.4224795
vn 0.7026469 0.3629913 -0.6119842
vn 0.5244691 0.3759116 -0.763952
vn 0.315093 0.3802599 -0.8695509
vn 0.0866864 0.375784 -0.922644
vn -0.1474763 0.3627434 -0.9201456
vn -0.3737863 0.3418963 -0.8622011
vn -0.5790916 0.3144543 -0.7521778
vn -0.7514604 0.2820123 -0.5964699
vn -0.8808753 0.2464555 -0.4041266
vn -0.9703923 0.1334539 -0.2013174
vn -0.9947053 0.09737199 0.03286668
vn -0.9616882 0.06448087 0.2664545
vn -0.8732601 0.03669159 0.4858709
vn -0.7345602 0.01561922 0.6783638
vn -0.5536491 0.002488452 0.8327463
vn -0.3410406 -0.001937482 0.9400465
vn -0.1090911 0.002598359 0.9940283
vn 0.1287196 0.01583285 0.9915547
vn 0.3585709 0.03699638 0.9327691
vn 0.5671045 0.06485885 0.8210882
vn 0.7422014 0.09780147 0.6630024
vn 0.8736853 0.1339097 0.4676988
vn 0.9539149 0.171085 0.2465281
vn 0.9782279 0.2071664 0.01234404
vn 0.9452107 0.2400578 -0.2212439
vn 0.8567826 0.2678472 -0.4406602
vn 0.7180828 0.2889192 -0.633153
vn 0.5371717 0.3020501 -0.7875356
vn 0.3245634 0.3064761 -0.8948358
vn 0.09261379 0.3019401 -0.9488176
vn -0.1451971 0.2887061 -0.9463438
vn -0.3750483 0.2675426 -0.8875583
vn -0.5835819 0.2396798 -0.7758774
vn -0.7586787 0.206737 -0.6177916
vn -0.8901626 0.170629 -0.4224881
vn -0.9749613 0.05718413 -0.2148962
vn -0.9995549 0.02077234 0.02140965
vn -0.9662975 -0.01242244 0.257128
vn -0.8771217 -0.0404705 0.47856
vn -0.7372102 -0.06174176 0.6728367
vn -0.5546942 -0.07500069 0.8286672
vn -0.3401806 -0.07947631 0.9369956
vn -0.1061365 -0.07490845 0.991526
vn 0.1338366 -0.0615628 0.9890893
vn 0.3657922 -0.04021482 0.9298274
vn 0.5762499 -0.0121051 0.817184
vn 0.7529784 0.02113258 0.6577057
vn 0.8857076 0.05756664 0.4606607
vn 0.966723 0.09507979 0.2375007
vn 0.9913166 0.1314917 0.001194859
vn 0.9580591 0.1646858 -0.2345236
vn 0.8688833 0.1927341 -0.4559555
vn 0.7289718 0.214006 -0.650232
vn 0.5464557 0.2272648 -0.8060626
vn 0.3319422 0.2317403 -0.9143909
vn 0.0978981 0.2271725 -0.9689214
vn -0.1420751 0.2138266 -0.9664848
vn -0.3740305 0.1924784 -0.9072229
vn -0.5844883 0.1643687 -0.7945794
vn -0.7612169 0.1311312 -0.6351011
vn -0.8939459 0.09469704 -0.4380562
vn -0.9736853 -0.01896688 -0.2271063
vn -0.9984102 -0.05548958 0.009898266
vn -0.9651112 -0.08878724 0.2463275
vn -0.8757233 -0.1169252 0.4684412
vn -0.7354418 -0.1382679 0.6633305
vn -0.552419 -0.1515747 0.8196697
vn -0.3372914 -0.1560725 0.9283727
vn -0.1025619 -0.1515001 0.9831219
vn 0.1381281 -0.138123 0.9807358
vn 0.3707908 -0.1167188 0.9213527
vn 0.5819044 -0.08853137 0.8084241
vn 0.7591997 -0.05519878 0.6485128
vn 0.8923733 -0.01865804 0.4509122
vn 0.9736853 0.01896689 0.2271062
vn 0.9984102 0.05548951 -0.00989831
vn 0.9651111 0.08878747 -0.2463275
vn 0.8757234 0.1169251 -0.4684412
vn 0.7354418 0.1382676 -0.6633306
vn 0.5524188 0.1515746 -0.8196697
vn 0.3372915 0.1560725 -0.9283727
vn 0.102562 0.1515003 -0.9831219
vn -0.1381283 0.1381232 -0.9807358
vn -0.3707908 0.1167189 -0.9213527
vn -0.5819044 0.08853132 -0.8084241
vn -0.7591998 0.05519855 -0.6485128
vn -0.8923732 0.01865814 -0.4509123
vn -0.9666161 -0.09500504 -0.2379652
vn -0.9913252 -0.1314211 -0.00167202
vn -0.9581828 -0.1646241 0.2340613
vn -0.8691147 -0.1926843 0.4555352
vn -0.7292976 -0.2139706 0.6498781
vn -0.546857 -0.2272466 0.8057955
vn -0.3323955 -0.2317405 0.9142262
vn -0.09837724 -0.2271906 0.9688686
vn 0.1415979 -0.2138618 0.9665471
vn 0.3735833 -0.1925286 0.9073964
vn 0.5840968 -0.1644307 0.7948543
vn 0.760904 -0.1312013 0.6354614
vn 0.8937297 -0.09477194 0.4384808
vn 0.9748545 -0.05725884 0.2153605
vn 0.9995636 -0.02084255 -0.02093256
vn 0.9664211 0.01236034 -0.2566659
vn 0.8773531 0.04042048 -0.4781398
vn 0.7375361 0.0617068 -0.6724827
vn 0.5550952 0.07498281 -0.8284001
vn 0.340634 0.07947632 -0.9368308
vn 0.1066157 0.07492644 -0.9914732
vn -0.1333596 0.06159784 -0.9891516
vn -0.3653449 0.04026482 -0.930001
vn -0.5758585 0.01216711 -0.8174589
vn -0.7526657 -0.02106203 -0.658066
vn -0.8854913 -0.05749204 -0.4610856
vn -0.9536993 -0.1709342 -0.2474656
vn -0.9782453 -0.2070245 -0.01330694
vn -0.9454604 -0.2399327 0.2203112
vn -0.8572497 -0.2677465 0.4398121
vn -0.7187403 -0.2888492 0.6324386
vn -0.5379815 -0.3020138 0.7869965
vn -0.3254782 -0.3064761 0.8945034
vn -0.09358067 -0.3019767 0.9487111
vn 0.1442343 -0.2887769 0.9464694
vn 0.3741457 -0.2676435 0.8879087
vn 0.5827919 -0.239805 0.7764323
vn 0.7580472 -0.2068792 0.6185187
vn 0.8897266 -0.1707796 0.4233451
vn 0.9701768 -0.1336047 0.2022546
vn 0.9947227 -0.09751412 -0.0319039
vn 0.9619377 -0.06460574 -0.2655221
vn 0.8737272 -0.03679204 -0.4850227
vn 0.7352178 -0.01568972 -0.6776494
vn 0.5544589 -0.002525017 -0.8322073
vn 0.3419556 0.00193776 -0.9397141
vn 0.1100581 -0.002561905 -0.9939219
vn -0.1277569 -0.01576214 -0.9916803
vn -0.3576685 -0.03689522 -0.9331195
vn -0.5663146 -0.06473368 -0.821643
vn -0.7415698 -0.09765947 -0.6637294
vn -0.8732491 -0.1337587 -0.4685559
vn -0.934769 -0.2467561 -0.2555745
vn -0.9590014 -0.2822954 -0.02501388
vn -0.9267818 -0.3147036 0.2050297
vn -0.8399826 -0.3420972 0.4211872
vn -0.7036486 -0.3628843 0.6108958
vn -0.525703 -0.3758569 0.7631304
vn -0.3164869 -0.3802605 0.8690443
vn -0.08815961 -0.3758395 0.9224817
vn 0.1460094 -0.3628511 0.9203371
vn 0.3724111 -0.3420501 0.862735
vn 0.577888 -0.3146451 0.7530232
vn 0.7504984 -0.2822289 0.5975777
vn 0.8802107 -0.2466856 0.4054323
vn 0.9594867 -0.2100804 0.187754
vn 0.983719 -0.1745409 -0.04280654
vn 0.9514993 -0.1421327 -0.2728503
vn 0.8647004 -0.1147391 -0.4890075
vn 0.7283663 -0.09395168 -0.6787162
vn 0.5504205 -0.08097974 -0.830951
vn 0.3412047 -0.07657628 -0.9368647
vn 0.1128773 -0.0809968 -0.9903021
vn -0.1212919 -0.09398524 -0.9881575
vn -0.3476934 -0.1147865 -0.9305554
vn -0.5531704 -0.1421913 -0.8208436
vn -0.7257807 -0.1746075 -0.6653981
vn -0.8554931 -0.210151 -0.4732527
vn -0.9095308 -0.3224729 -0.2622305
vn -0.933293 -0.3572252 -0.0368026
vn -0.9018579 -0.3889179 0.1881362
vn -0.8170522 -0.4157096 0.3995137
vn -0.6838048 -0.4360433 0.5850447
vn -0.5098594 -0.4487374 0.733947
vn -0.3053249 -0.4530541 0.8375672
vn -0.0820884 -0.4487424 0.889883
vn 0.1468765 -0.4360528 0.8878543
vn 0.3682633 -0.4157228 0.8315989
vn 0.5692058 -0.388934 0.724386
vn 0.7380259 -0.3572435 0.5724465
vn 0.8649123 -0.3224926 0.3846104
vn 0.9424909 -0.2867012 0.1717944
vn 0.966253 -0.2519495 -0.05363344
vn 0.9348179 -0.2202566 -0.2785724
vn 0.8500122 -0.1934648 -0.4899496
vn 0.7167649 -0.1731312 -0.6754804
vn 0.5428192 -0.1604367 -0.824383
vn 0.338285 -0.1561201 -0.9280031
vn 0.1150485 -0.1604322 -0.980319
vn -0.1139166 -0.1731218 -0.9782903
vn -0.3353032 -0.1934515 -0.9220349
vn -0.5362457 -0.2202403 -0.8148219
vn -0.7050658 -0.2519309 -0.6628824
vn -0.8319522 -0.2866815 -0.4750465
vn -0.8775299 -0.3980856 -0.2673372
vn -0.900656 -0.4317967 -0.04868685
vn -0.8702416 -0.4625438 0.1695074
vn -0.7880547 -0.4885392 0.3745654
vn -0.6588717 -0.5082723 0.5545697
vn -0.4902 -0.5205965 0.6990588
vn -0.2918421 -0.5247955 0.799636
vn -0.07532639 -0.5206252 0.850456
vn 0.1467646 -0.5083278 0.8485652
vn 0.3615234 -0.4886187 0.7940733
vn 0.5564692 -0.4626426 0.6901476
vn 0.7202724 -0.4319094 0.5428278
vn 0.8434135 -0.3982047 0.3606753
vn 0.9187357 -0.3634879 0.1542765
vn 0.9418618 -0.3297763 -0.06437384
vn 0.9114474 -0.29903 -0.2825682
vn 0.8292605 -0.2730345 -0.4876261
vn 0.7000774 -0.2533011 -0.6676302
vn 0.5314056 -0.2409771 -0.8121195
vn 0.333048 -0.2367783 -0.9126965
vn 0.1165322 -0.2409483 -0.9635166
vn -0.105559 -0.2532453 -0.9616258
vn -0.3203177 -0.272955 -0.9071341
vn -0.5152635 -0.2989312 -0.8032084
vn -0.6790667 -0.3296646 -0.6558885
vn -0.8022076 -0.363369 -0.473736
vn -0.838094 -0.4735955 -0.2707505
vn -0.8604031 -0.5059879 -0.06068622
vn -0.8312716 -0.5355351 0.1489619
vn -0.7523923 -0.5605205 0.3460096
vn -0.6283497 -0.5794912 0.5190053
vn -0.4663526 -0.5913454 0.6578951
vn -0.2758155 -0.5953937 0.7546072
vn -0.06781227 -0.5914013 0.803521
vn 0.1455693 -0.5795996 0.8017942
vn 0.3519283 -0.5606746 0.7495268
vn 0.5392713 -0.5357267 0.6497564
vn 0.6967111 -0.5062054 0.5082812
vn 0.8150975 -0.4738265 0.3333235
vn 0.8875506 -0.4404716 0.1350511
vn 0.9098597 -0.4080788 -0.07501314
vn 0.8807282 -0.3785312 -0.2846614
vn 0.8018489 -0.3535464 -0.4817088
vn 0.6778064 -0.3345754 -0.6547044
vn 0.5158091 -0.3227211 -0.7935944
vn 0.3252721 -0.3186728 -0.8903065
vn 0.1172689 -0.3226657 -0.9392203
vn -0.09611294 -0.3344672 -0.9374934
vn -0.3024717 -0.3533917 -0.885226
vn -0.4898147 -0.3783398 -0.7854556
vn -0.6472543 -0.4078612 -0.6439806
vn -0.7656409 -0.4402403 -0.4690228
vn -0.7902315 -0.5490071 -0.2722594
vn -0.8115217 -0.5797658 -0.07283004
vn -0.7839721 -0.6078269 0.1262305
vn -0.7091836 -0.6315601 0.3133534
vn -0.5915031 -0.6495859 0.4776634
vn -0.4377693 -0.6608563 0.609612
vn -0.2569169 -0.664717 0.7015306
vn -0.0594564 -0.6609433 0.7480769
vn 0.1431367 -0.6497547 0.7465459
vn 0.3390883 -0.6318011 0.6970268
vn 0.5170104 -0.6081261 0.6023975
vn 0.6665629 -0.5801055 0.4681575
vn 0.7790543 -0.5493677 0.3021081
vn 0.8479469 -0.5176997 0.1138998
vn 0.869237 -0.486941 -0.08552969
vn 0.8416873 -0.4588799 -0.2845905
vn 0.766899 -0.4351466 -0.4717132
vn 0.6492184 -0.4171211 -0.6360232
vn 0.4954845 -0.4058505 -0.7679717
vn 0.3146322 -0.4019895 -0.8598901
vn 0.1171717 -0.4057632 -0.9064364
vn -0.0854214 -0.4169523 -0.9049054
vn -0.2813731 -0.4349058 -0.8553866
vn -0.4592951 -0.4585807 -0.7607573
vn -0.6088476 -0.4866013 -0.6265172
vn -0.721339 -0.5173388 -0.4604678
vn -0.7324369 -0.6243383 -0.2715471
vn -0.7524744 -0.6530918 -0.08516631
vn -0.7268631 -0.6793294 0.1009029
vn -0.6570919 -0.701526 0.275847
vn -0.5472153 -0.7183916 0.4294983
vn -0.4036192 -0.7289461 0.5529277
vn -0.2346486 -0.7325761 0.6389618
vn -0.05012379 -0.7290706 0.6826006
vn 0.1392316 -0.7186333 0.681308
vn 0.3224129 -0.701871 0.6351591
vn 0.4887743 -0.6797577 0.5468357
vn 0.6286472 -0.6535785 0.4214711
vn 0.7339029 -0.6248549 0.2663508
vn 0.7984244 -0.5952563 0.09049016
vn 0.8184617 -0.5665028 -0.0958906
vn 0.7928506 -0.5402651 -0.28196
vn 0.7230794 -0.5180686 -0.4569039
vn 0.6132029 -0.5012031 -0.6105552
vn 0.4696067 -0.4906485 -0.7339848
vn 0.3006362 -0.4870186 -0.8200188
vn 0.1161113 -0.490524 -0.8636576
vn -0.07324427 -0.5009612 -0.8623649
vn -0.2564254 -0.5177235 -0.8162159
vn -0.4227867 -0.5398368 -0.7278926
vn -0.5626596 -0.5660161 -0.602528
vn -0.6679155 -0.5947396 -0.4474077
vn -0.6622899 -0.6996338 -0.268113
vn -0.6807911 -0.7259216 -0.09778129
vn -0.6575687 -0.7499164 0.07231063
vn -0.593972 -0.7702235 0.2322775
vn -0.4936975 -0.7856629 0.3728224
vn -0.3625725 -0.7953372 0.4857776
vn -0.2082173 -0.7986842 0.5645787
vn -0.03960302 -0.7955094 0.6046457
vn 0.1334714 -0.7859973 0.6036503
vn 0.3009476 -0.7707006 0.5616503
vn 0.4530925 -0.7505084 0.4810866
vn 0.5810637 -0.7265942 0.3666413
vn 0.6774242 -0.7003478 0.2249653
vn 0.7365738 -0.6732946 0.06429256
vn 0.7550748 -0.6470068 -0.1060391
vn 0.7318523 -0.6230119 -0.276131
vn 0.6682558 -0.6027046 -0.4360978
vn 0.5679812 -0.5872652 -0.5766427
vn 0.4368561 -0.577591 -0.6895979
vn 0.2825012 -0.574244 -0.7683989
vn 0.1138868 -0.5774189 -0.808466
vn -0.05918785 -0.586931 -0.8074706
vn -0.2266639 -0.6022277 -0.7654706
vn -0.3788086 -0.6224198 -0.6849069
vn -0.5067799 -0.6463341 -0.5704616
vn -0.6031404 -0.6725805 -0.4287856
vn -0.5754499 -0.7750425 -0.2610871
vn -0.5920461 -0.7982434 -0.1108555
vn -0.5718337 -0.8194311 0.03923072
vn -0.5159872 -0.8373742 0.1804489
vn -0.4277523 -0.8510298 0.3045918
vn -0.312257 -0.8596048 0.4044444
vn -0.1762131 -0.8626002 0.4742043
vn -0.02752745 -0.8598424 0.5098169
vn 0.1251592 -0.8514913 0.5092128
vn 0.272973 -0.8380327 0.4724267
vn 0.407324 -0.8202483 0.4015967
vn 0.5204037 -0.7991719 0.3008392
vn 0.6056406 -0.7760283 0.1760099
vn 0.6580811 -0.7521625 0.03436334
vn 0.6746773 -0.7289617 -0.1158683
vn 0.6544647 -0.707774 -0.2659545
vn 0.5986183 -0.6898309 -0.4071726
vn 0.5103834 -0.6761751 -0.5313153
vn 0.3948879 -0.6676003 -0.6311682
vn 0.2588442 -0.6646048 -0.700928
vn 0.1101586 -0.6673627 -0.7365407
vn -0.04252819 -0.6757136 -0.7359365
vn -0.1903421 -0.6891724 -0.6991504
vn -0.3246928 -0.7069568 -0.6283205
vn -0.4377726 -0.7280332 -0.527563
vn -0.5230096 -0.7511767 -0.4027337
vn -0.462206 -0.8512025 -0.2486361
vn -0.4763536 -0.8703375 -0.1248995
vn -0.4601693 -0.8878304 -0.001169555
vn -0.4145938 -0.9026645 0.1153632
vn -0.3422758 -0.9139778 0.2179262
vn -0.2474181 -0.9211128 0.3005587
vn -0.1355333 -0.9236547 0.3584586
vn -0.01312415 -0.921456 0.3882609
vn 0.1126957 -0.9146444 0.3882336
vn 0.234614 -0.9036155 0.3583784
vn 0.3455453 -0.8890108 0.3004301
vn 0.4390427 -0.8716786 0.2177567
vn 0.5096722 -0.8526263 0.1151628
vn 0.5533295 -0.8329613 -0.00138924
vn 0.5674772 -0.8138263 -0.1251258
vn 0.5512928 -0.7963334 -0.2488558
vn 0.5057173 -0.7814992 -0.3653886
vn 0.4333993 -0.770186 -0.4679513
vn 0.3385415 -0.763051 -0.550584
vn 0.2266569 -0.760509 -0.6084839
vn 0.1042476 -0.7627078 -0.6382861
vn -0.02157224 -0.7695195 -0.6382589
vn -0.1434906 -0.7805482 -0.6084036
vn -0.2544219 -0.795153 -0.5504554
vn -0.3479191 -0.8124852 -0.467782
vn -0.4185487 -0.8315374 -0.3651881
vn -0.248691 -0.9434786 -0.2190909
vn -0.2586682 -0.9548808 -0.1459225
vn -0.2506596 -0.9653659 -0.07237595
vn -0.2251306 -0.9743248 -0.002725487
vn -0.1835649 -0.9812365 0.05898099
vn -0.1283782 -0.9856996 0.1091573
vn -0.06277749 -0.9874547 0.1448876
vn 0.009424449 -0.9863995 0.1640951
vn 0.08403166 -0.9825957 0.1656636
vn 0.1567082 -0.9762642 0.149502
vn 0.2232305 -0.9677728 0.1165496
vn 0.2797324 -0.9576153 0.06872142
vn 0.3229301 -0.9463819 0.008797014
vn 0.3503133 -0.9347255 -0.05974098
vn 0.3602905 -0.9233233 -0.1329094
vn 0.3522819 -0.912838 -0.206456
vn 0.3267529 -0.9038793 -0.2761064
vn 0.2851872 -0.8969675 -0.3378128
vn 0.2300004 -0.8925045 -0.3879891
vn 0.1643998 -0.8907495 -0.4237194
vn 0.09219782 -0.8918046 -0.4429269
vn 0.01759057 -0.8956084 -0.4444954
vn -0.05508604 -0.9019399 -0.4283339
vn -0.1216082 -0.9104311 -0.3953815
vn -0.17811 -0.9205887 -0.3475533
vn -0.2213078 -0.9318221 -0.2876288
vn -0.05344304 0.9877455 0.1466374
vn 0.05344304 -0.9877455 -0.1466374

vt 0.3947911 0
vt 0.3947911 0.241661
vt 0.3947911 0.483322
vt 0.3947911 0.7249829
vt 0.3947911 0.9666439
vt 0.3947911 1.208305
vt 0.3947911 1.449966
vt 0.3947911 1.691627
vt 0.3947911 1.933288
vt 0.3947911 2.174949
vt 0.3947911 2.41661
vt 0.3947911 2.658271
vt 0.3947911 2.899932
vt 0.3947911 3.141593
vt 0.3947911 3.383254
vt 0.3947911 3.624915
vt 0.3947911 3.866576
vt 0.3947911 4.108237
vt 0.3947911 4.349897
vt 0.3947911 4.591558
vt 0.3947911 4.83322
vt 0.3947911 5.074881
vt 0.3947911 5.316542
vt 0.3947911 5.558202
vt 0.3947911 5.799863
vt 0.3947911 6.041524
vt 0.5620698 0
vt 0.5620698 0.241661
vt 0.5620698 0.483322
vt 0.5620698 0.7249829
vt 0.5620698 0.9666439
vt 0.5620698 1.208305
vt 0.5620698 1.449966
vt 0.5620698 1.691627
vt 0.5620698 1.933288
vt 0.5620698 2.174949
vt 0.5620698 2.41661
vt 0.5620698 2.658271
vt 0.5620698 2.899932
vt 0.5620698 3.141593
vt 0.5620698 3.383254
vt 0.5620698 3.624915
vt 0.5620698 3.866576
vt 0.5620698 4.108237
vt 0.5620698 4.349897
vt 0.5620698 4.591558
vt 0.5620698 4.83322
vt 0.5620698 5.074881
vt 0.5620698 5.316542
vt 0.5620698 5.558202
vt 0.5620698 5.799863
vt 0.5620698 6.041524
vt 0.6931599 0
vt 0.6931599 0.241661
vt 0.6931599 0.483322
vt 0.6931599 0.7249829
vt 0.6931599 0.9666439
vt 0.6931599 1.208305
vt 0.6931599 1.449966
vt 0.6931599 1.691627
vt 0.6931599 1.933288
vt 0.6931599 2.174949
vt 0.6931599 2.41661
vt 0.6931599 2.658271
vt 0.6931599 2.899932
vt 0.6931599 3.141593
vt 0.6931599 3.383254
vt 0.6931599 3.624915
vt 0.6931599 3.866576
vt 0.6931599 4.108237
vt 0.6931599 4.349897
vt 0.6931599 4.591558
vt 0.6931599 4.83322
vt 0.6931599 5.074881
vt 0.6931599 5.316542
vt 0.6931599 5.558202
vt 0.6931599 5.799863
vt 0.6931599 6.041524
vt 0.8061141 0
vt 0.8061141 0.241661
vt 0.8061141 0.483322
vt 0.8061141 0.7249829
vt 0.8061141 0.9666439
vt 0.8061141 1.208305
vt 0.8061141 1.449966
vt 0.8061141 1.691627
vt 0.8061141 1.933288
vt 0.8061141 2.174949
vt 0.8061141 2.41661
vt 0.8061141 2.658271
vt 0.8061141 2.899932
vt 0.8061141 3.141593
vt 0.8061141 3.383254
vt 0.8061141 3.624915
vt 0.8061141 3.866576
vt 0.8061141 4.108237
vt 0.8061141 4.349897
vt 0.8061141 4.591558
vt 0.8061141 4.83322
vt 0.8061141 5.074881
vt 0.8061141 5.316542
vt 0.8061141 5.558202
vt 0.8061141 5.799863
vt 0.8061141 6.041524
vt 0.9079226 0
vt 0.9079226 0.241661
vt 0.9079226 0.483322
vt 0.9079226 0.7249829
vt 0.9079226 0.9666439
vt 0.9079226 1.208305
vt 0.9079226 1.449966
vt 0.9079226 1.691627
vt 0.9079226 1.933288
vt 0.9079226 2.174949
vt 0.9079226 2.41661
vt 0.9079226 2.658271
vt 0.9079226 2.899932
vt 0.9079226 3.141593
vt 0.9079226 3.383254
vt 0.9079226 3.624915
vt 0.9079226 3.866576
vt 0.9079226 4.108237
vt 0.9079226 4.349897
vt 0.9079226 4.591558
vt 0.9079226 4.83322
vt 0.9079226 5.074881
vt 0.9079226 5.316542
vt 0.9079226 5.558202
vt 0.9079226 5.799863
vt 0.9079226 6.041524
vt 1.002186 0
vt 1.002186 0.241661
vt 1.002186 0.483322
vt 1.002186 0.7249829
vt 1.002186 0.9666439
vt 1.002186 1.208305
vt 1.002186 1.449966
vt 1.002186 1.691627
vt 1.002186 1.933288
vt 1.002186 2.174949
vt 1.002186 2.41661
vt 1.002186 2.658271
vt 1.002186 2.899932
vt 1.002186 3.141593
vt 1.002186 3.383254
vt 1.002186 3.624915
vt 1.002186 3.866576
vt 1.002186 4.108237
vt 1.002186 4.349897
vt 1.002186 4.591558
vt 1.002186 4.83322
vt 1.002186 5.074881
vt 1.002186 5.316542
vt 1.002186 5.558202
vt 1.002186 5.799863
vt 1.002186 6.041524
vt 1.091068 0
vt 1.091068 0.241661
vt 1.091068 0.483322
vt 1.091068 0.7249829
vt 1.091068 0.9666439
vt 1.091068 1.208305
vt 1.091068 1.449966
vt 1.091068 1.691627
vt 1.091068 1.933288
vt 1.091068 2.174949
vt 1.091068 2.41661
vt 1.091068 2.658271
vt 1.091068 2.899932
vt 1.091068 3.141593
vt 1.091068 3.383254
vt 1.091068 3.624915
vt 1.091068 3.866576
vt 1.091068 4.108237
vt 1.091068 4.349897
vt 1.091068 4.591558
vt 1.091068 4.83322
vt 1.091068 5.074881
vt 1.091068 5.316542
vt 1.091068 5.558202
vt 1.091068 5.799863
vt 1.091068 6.041524
vt 1.176005 0
vt 1.176005 0.241661
vt 1.176005 0.483322
vt 1.176005 0.7249829
vt 1.176005 0.9666439
vt 1.176005 1.208305
vt 1.176005 1.449966
vt 1.176005 1.691627
vt 1.176005 1.933288
vt 1.176005 2.174949
vt 1.176005 2.41661
vt 1.176005 2.658271
vt 1.176005 2.899932
vt 1.176005 3.141593
vt 1.176005 3.383254
vt 1.176005 3.624915
vt 1.176005 3.866576
vt 1.176005 4.108237
vt 1.176005 4.349897
vt 1.176005 4.591558
vt 1.176005 4.83322
vt 1.176005 5.074881
vt 1.176005 5.316542
vt 1.176005 5.558202
vt 1.176005 5.799863
vt 1.176005 6.041524
vt 1.25803 0
vt 1.25803 0.241661
vt 1.25803 0.483322
vt 1.25803 0.7249829
vt 1.25803 0.9666439
vt 1.25803 1.208305
vt 1.25803 1.449966
vt 1.25803 1.691627
vt 1.25803 1.933288
vt 1.25803 2.174949
vt 1.25803 2.41661
vt 1.25803 2.658271
vt 1.25803 2.899932
vt 1.25803 3.141593
vt 1.25803 3.383254
vt 1.25803 3.624915
vt 1.25803 3.866576
vt 1.25803 4.108237
vt 1.25803 4.349897
vt 1.25803 4.591558
vt 1.25803 4.83322
vt 1.25803 5.074881
vt 1.25803 5.316542
vt 1.25803 5.558202
vt 1.25803 5.799863
vt 1.25803 6.041524
vt 1.337928 0
vt 1.337928 0.241661
vt 1.337928 0.483322
vt 1.337928 0.7249829
vt 1.337928 0.9666439
vt 1.337928 1.208305
vt 1.337928 1.449966
vt 1.337928 1.691627
vt 1.337928 1.933288
vt 1.337928 2.174949
vt 1.337928 2.41661
vt 1.337928 2.658271
vt 1.337928 2.899932
vt 1.337928 3.141593
vt 1.337928 3.383254
vt 1.337928 3.624915
vt 1.337928 3.866576
vt 1.337928 4.108237
vt 1.337928 4.349897
vt 1.337928 4.591558
vt 1.337928 4.83322
vt 1.337928 5.074881
vt 1.337928 5.316542
vt 1.337928 5.558202
vt 1.337928 5.799863
vt 1.337928 6.041524
vt 1.416337 0
vt 1.416337 0.241661
vt 1.416337 0.483322
vt 1.416337 0.7249829
vt 1.416337 0.9666439
vt 1.416337 1.208305
vt 1.416337 1.449966
vt 1.416337 1.691627
vt 1.416337 1.933288
vt 1.416337 2.174949
vt 1.416337 2.41661
vt 1.416337 2.658271
vt 1.416337 2.899932
vt 1.416337 3.141593
vt 1.416337 3.383254
vt 1.416337 3.624915
vt 1.416337 3.866576
vt 1.416337 4.108237
vt 1.416337 4.349897
vt 1.416337 4.591558
vt 1.416337 4.83322
vt 1.416337 5.074881
vt 1.416337 5.316542
vt 1.416337 5.558202
vt 1.416337 5.799863
vt 1.416337 6.041524
vt 1.493797 0
vt 1.493797 0.241661
vt 1.493797 0.483322
vt 1.493797 0.7249829
vt 1.493797 0.9666439
vt 1.493797 1.208305
vt 1.493797 1.449966
vt 1.493797 1.691627
vt 1.493797 1.933288
vt 1.493797 2.174949
vt 1.493797 2.41661
vt 1.493797 2.658271
vt 1.493797 2.899932
vt 1.493797 3.141593
vt 1.493797 3.383254
vt 1.493797 3.624915
vt 1.493797 3.866576
vt 1.493797 4.108237
vt 1.493797 4.349897
vt 1.493797 4.591558
vt 1.493797 4.83322
vt 1.493797 5.074881
vt 1.493797 5.316542
vt 1.493797 5.558202
vt 1.493797 5.799863
vt 1.493797 6.041524
vt 1.570796 0
vt 1.570796 0.241661
vt 1.570796 0.483322
vt 1.570796 0.7249829
vt 1.570796 0.9666439
vt 1.570796 1.208305
vt 1.570796 1.449966
vt 1.570796 1.691627
vt 1.570796 1.933288
vt 1.570796 2.174949
vt 1.570796 2.41661
vt 1.570796 2.658271
vt 1.570796 2.899932
vt 1.570796 3.141593
vt 1.570796 3.383254
vt 1.570796 3.624915
vt 1.570796 3.866576
vt 1.570796 4.108237
vt 1.570796 4.349897
vt 1.570796 4.591558
vt 1.570796 4.83322
vt 1.570796 5.074881
vt 1.570796 5.316542
vt 1.570796 5.558202
vt 1.570796 5.799863
vt 1.570796 6.041524
vt 1.647796 0
vt 1.647796 0.241661
vt 1.647796 0.483322
vt 1.647796 0.7249829
vt 1.647796 0.9666439
vt 1.647796 1.208305
vt 1.647796 1.449966
vt 1.647796 1.691627
vt 1.647796 1.933288
vt 1.647796 2.174949
vt 1.647796 2.41661
vt 1.647796 2.658271
vt 1.647796 2.899932
vt 1.647796 3.141593
vt 1.647796 3.383254
vt 1.647796 3.624915
vt 1.647796 3.866576
vt 1.647796 4.108237
vt 1.647796 4.349897
vt 1.647796 4.591558
vt 1.647796 4.83322
vt 1.647796 5.074881
vt 1.647796 5.316542
vt 1.647796 5.558202
vt 1.647796 5.799863
vt 1.647796 6.041524
vt 1.725256 0
vt 1.725256 0.241661
vt 1.725256 0.483322
vt 1.725256 0.7249829
vt 1.725256 0.9666439
vt 1.725256 1.208305
vt 1.725256 1.449966
vt 1.725256 1.691627
vt 1.725256 1.933288
vt 1.725256 2.174949
vt 1.725256 2.41661
vt 1.725256 2.658271
vt 1.725256 2.899932
vt 1.725256 3.141593
vt 1.725256 3.383254
vt 1.725256 3.624915
vt 1.725256 3.866576
vt 1.725256 4.108237
vt 1.725256 4.349897
vt 1.725256 4.591558
vt 1.725256 4.83322
vt 1.725256 5.074881
vt 1.725256 5.316542
vt 1.725256 5.558202
vt 1.725256 5.799863
vt 1.725256 6.041524
vt 1.803665 0
vt 1.803665 0.241661
vt 1.803665 0.483322
vt 1.803665 0.7249829
vt 1.803665 0.9666439
vt 1.803665 1.208305
vt 1.803665 1.449966
vt 1.803665 1.691627
vt 1.803665 1.933288
vt 1.803665 2.174949
vt 1.803665 2.41661
vt 1.803665 2.658271
vt 1.803665 2.899932
vt 1.803665 3.141593
vt 1.803665 3.383254
vt 1.803665 3.624915
vt 1.803665 3.866576
vt 1.803665 4.108237
vt 1.803665 4.349897
vt 1.803665 4.591558
vt 1.803665 4.83322
vt 1.803665 5.074881
vt 1.803665 5.316542
vt 1.803665 5.558202
vt 1.803665 5.799863
vt 1.803665 6.041524
vt 1.883563 0
vt 1.883563 0.241661
vt 1.883563 0.483322
vt 1.883563 0.7249829
vt 1.883563 0.9666439
vt 1.883563 1.208305
vt 1.883563 1.449966
vt 1.883563 1.691627
vt 1.883563 1.933288
vt 1.883563 2.174949
vt 1.883563 2.41661
vt 1.883563 2.658271
vt 1.883563 2.899932
vt 1.883563 3.141593
vt 1.883563 3.383254
vt 1.883563 3.624915
vt 1.883563 3.866576
vt 1.883563 4.108237
vt 1.883563 4.349897
vt 1.883563 4.591558
vt 1.883563 4.83322
vt 1.883563 5.074881
vt 1.883563 5.316542
vt 1.883563 5.558202
vt 1.883563 5.799863
vt 1.883563 6.041524
vt 1.965587 0
vt 1.965587 0.241661
vt 1.965587 0.483322
vt 1.965587 0.7249829
vt 1.965587 0.9666439
vt 1.965587 1.208305
vt 1.965587 1.449966
vt 1.965587 1.691627
vt 1.965587 1.933288
vt 1.965587 2.174949
vt 1.965587 2.41661
vt 1.965587 2.658271
vt 1.965587 2.899932
vt 1.965587 3.141593
vt 1.965587 3.383254
vt 1.965587 3.624915
vt 1.965587 3.866576
vt 1.965587 4.108237
vt 1.965587 4.349897
vt 1.965587 4.591558
vt 1.965587 4.83322
vt 1.965587 5.074881
vt 1.965587 5.316542
vt 1.965587 5.558202
vt 1.965587 5.799863
vt 1.965587 6.041524
vt 2.050525 0
vt 2.050525 0.241661
vt 2.050525 0.483322
vt 2.050525 0.7249829
vt 2.050525 0.9666439
vt 2.050525 1.208305
vt 2.050525 1.449966
vt 2.050525 1.691627
vt 2.050525 1.933288
vt 2.050525 2.174949
vt 2.050525 2.41661
vt 2.050525 2.658271
vt 2.050525 2.899932
vt 2.050525 3.141593
vt 2.050525 3.383254
vt 2.050525 3.624915
vt 2.050525 3.866576
vt 2.050525 4.108237
vt 2.050525 4.349897
vt 2.050525 4.591558
vt 2.050525 4.83322
vt 2.050525 5.074881
vt 2.050525 5.316542
vt 2.050525 5.558202
vt 2.050525 5.799863
vt 2.050525 6.041524
vt 2.139407 0
vt 2.139407 0.241661
vt 2.139407 0.483322
vt 2.139407 0.7249829
vt 2.139407 0.9666439
vt 2.139407 1.208305
vt 2.139407 1.449966
vt 2.139407 1.691627
vt 2.139407 1.933288
vt 2.139407 2.174949
vt 2.139407 2.41661
vt 2.139407 2.658271
vt 2.139407 2.899932
vt 2.139407 3.141593
vt 2.139407 3.383254
vt 2.139407 3.624915
vt 2.139407 3.866576
vt 2.139407 4.108237
vt 2.139407 4.349897
vt 2.139407 4.591558
vt 2.139407 4.83322
vt 2.139407 5.074881
vt 2.139407 5.316542
vt 2.139407 5.558202
vt 2.139407 5.799863
vt 2.139407 6.041524
vt 2.23367 0
vt 2.23367 0.241661
vt 2.23367 0.483322
vt 2.23367 0.7249829
vt 2.23367 0.9666439
vt 2.23367 1.208305
vt 2.23367 1.449966
vt 2.23367 1.691627
vt 2.23367 1.933288
vt 2.23367 2.174949
vt 2.23367 2.41661
vt 2.23367 2.658271
vt 2.23367 2.899932
vt 2.23367 3.141593
vt 2.23367 3.383254
vt 2.23367 3.624915
vt 2.23367 3.866576
vt 2.23367 4.108237
vt 2.23367 4.349897
vt 2.23367 4.591558
vt 2.23367 4.83322
vt 2.23367 5.074881
vt 2.23367 5.316542
vt 2.23367 5.558202
vt 2.23367 5.799863
vt 2.23367 6.041524
vt 2.335479 0
vt 2.335479 0.241661
vt 2.335479 0.483322
vt 2.335479 0.7249829
vt 2.335479 0.9666439
vt 2.335479 1.208305
vt 2.335479 1.449966
vt 2.335479 1.691627
vt 2.335479 1.933288
vt 2.335479 2.174949
vt 2.335479 2.41661
vt 2.335479 2.658271
vt 2.335479 2.899932
vt 2.335479 3.141593
vt 2.335479 3.383254
vt 2.335479 3.624915
vt 2.335479 3.866576
vt 2.335479 4.108237
vt 2.335479 4.349897
vt 2.335479 4.591558
vt 2.335479 4.83322
vt 2.335479 5.074881
vt 2.335479 5.316542
vt 2.335479 5.558202
vt 2.335479 5.799863
vt 2.335479 6.041524
vt 2.448433 0
vt 2.448433 0.241661
vt 2.448433 0.483322
vt 2.448433 0.7249829
vt 2.448433 0.9666439
vt 2.448433 1.208305
vt 2.448433 1.449966
vt 2.448433 1.691627
vt 2.448433 1.933288
vt 2.448433 2.174949
vt 2.448433 2.41661
vt 2.448433 2.658271
vt 2.448433 2.899932
vt 2.448433 3.141593
vt 2.448433 3.383254
vt 2.448433 3.624915
vt 2.448433 3.866576
vt 2.448433 4.108237
vt 2.448433 4.349897
vt 2.448433 4.591558
vt 2.448433 4.83322
vt 2.448433 5.074881
vt 2.448433 5.316542
vt 2.448433 5.558202
vt 2.448433 5.799863
vt 2.448433 6.041524
vt 2.579523 0
vt 2.579523 0.241661
vt 2.579523 0.483322
vt 2.579523 0.7249829
vt 2.579523 0.9666439
vt 2.579523 1.208305
vt 2.579523 1.449966
vt 2.579523 1.691627
vt 2.579523 1.933288
vt 2.579523 2.174949
vt 2.579523 2.41661
vt 2.579523 2.658271
vt 2.579523 2.899932
vt 2.579523 3.141593
vt 2.579523 3.383254
vt 2.579523 3.624915
vt 2.579523 3.866576
vt 2.579523 4.108237
vt 2.579523 4.349897
vt 2.579523 4.591558
vt 2.579523 4.83322
vt 2.579523 5.074881
vt 2.579523 5.316542
vt 2.579523 5.558202
vt 2.579523 5.799863
vt 2.579523 6.041524
vt 2.746801 0
vt 2.746801 0.241661
vt 2.746801 0.483322
vt 2.746801 0.7249829
vt 2.746801 0.9666439
vt 2.746801 1.208305
vt 2.746801 1.449966
vt 2.746801 1.691627
vt 2.746801 1.933288
vt 2.746801 2.174949
vt 2.746801 2.41661
vt 2.746801 2.658271
vt 2.746801 2.899932
vt 2.746801 3.141593
vt 2.746801 3.383254
vt 2.746801 3.624915
vt 2.746801 3.866576
vt 2.746801 4.108237
vt 2.746801 4.349897
vt 2.746801 4.591558
vt 2.746801 4.83322
vt 2.746801 5.074881
vt 2.746801 5.316542
vt 2.746801 5.558202
vt 2.746801 5.799863
vt 2.746801 6.041524
vt 0 1
vt 0 0

usemap Cartoon_FFFFFF
usemtl Cartoon_FFFFFF
f 2116/2116/2116 2090/2090/2090 2089/2089/2089 
f 2115/2115/2115 2116/2116/2116 2089/2089/2089 
f 2117/2117/2117 2091/2091/2091 2090/2090/2090 
f 2116/2116/2116 2117/2117/2117 2090/2090/2090 
f 2118/2118/2118 2092/2092/2092 2091/2091/2091 
f 2117/2117/2117 2118/2118/2118 2091/2091/2091 
f 2119/2119/2119 2093/2093/2093 2092/2092/2092 
f 2118/2118/2118 2119/2119/2119 2092/2092/2092 
f 2120/2120/2120 2094/2094/2094 2093/2093/2093 
f 2119/2119/2119 2120/2120/2120 2093/2093/2093 
f 2121/2121/2121 2095/2095/2095 2094/2094/2094 
f 2120/2120/2120 2121/2121/2121 2094/2094/2094 
f 2122/2122/2122 2096/2096/2096 2095/2095/2095 
f 2121/2121/2121 2122/2122/2122 2095/2095/2095 
f 2123/2123/2123 2097/2097/2097 2096/2096/2096 
f 2122/2122/2122 2123/2123/2123 2096/2096/2096 
f 2124/2124/2124 2098/2098/2098 2097/2097/2097 
f 2123/2123/2123 2124/2124/2124 2097/2097/2097 
f 2125/2125/2125 2099/2099/2099 2098/2098/2098 
f 2124/2124/2124 2125/2125/2125 2098/2098/2098 
f 2126/2126/2126 2100/2100/2100 2099/2099/2099 
f 2125/2125/2125 2126/2126/2126 2099/2099/2099 
f 2127/2127/2127 2101/2101/2101 2100/2100/2100 
f 2126/2126/2126 2127/2127/2127 2100/2100/2100 
f 2128/2128/2128 2102/2102/2102 2101/2101/2101 
f 2127/2127/2127 2128/2128/2128 2101/2101/2101 
f 2129/2129/2129 2103/2103/2103 2102/2102/2102 
f 2128/2128/2128 2129/2129/2129 2102/2102/2102 
f 2130/2130/2130 2104/2104/2104 2103/2103/2103 
f 2129/2129/2129 2130/2130/2130 2103/2103/2103 
f 2131/2131/2131 2105/2105/2105 2104/2104/2104 
f 2130/2130/2130 2131/2131/2131 2104/2104/2104 
f 2132/2132/2132 2106/2106/2106 2105/2105/2105 
f 2131/2131/2131 2132/2132/2132 2105/2105/2105 
f 2133/2133/2133 2107/2107/2107 2106/2106/2106 
f 2132/2132/2132 2133/2133/2133 2106/2106/2106 
f 2134/2134/2134 2108/2108/2108 2107/2107/2107 
f 2133/2133/2133 2134/2134/2134 2107/2107/2107 
f 2135/2135/2135 2109/2109/2109 2108/2108/2108 
f 2134/2134/2134 2135/2135/2135 2108/2108/2108 
f 2136/2136/2136 2110/2110/2110 2109/2109/2109 
f 2135/2135/2135 2136/2136/2136 2109/2109/2109 
f 2137/2137/2137 2111/2111/2111 2110/2110/2110 
f 2136/2136/2136 2137/2137/2137 2110/2110/2110 
f 2138/2138/2138 2112/2112/2112 2111/2111/2111 
f 2137/2137/2137 2138/2138/2138 2111/2111/2111 
f 2139/2139/2139 2113/2113/2113 2112/2112/2112 
f 2138/2138/2138 2139/2139/2139 2112/2112/2112 
f 2140/2140/2140 2114/2114/2114 2113/2113/2113 
f 2139/2139/2139 2140/2140/2140 2113/2113/2113 
f 2115/2115/2115 2089/2089/2089 2114/2114/2114 
f 2140/2140/2140 2115/2115/2115 2114/2114/2114 
f 2142/2142/2142 2116/2116/2116 2115/2115/2115 
f 2141/2141/2141 2142/2142/2142 2115/2115/2115 
f 2143/2143/2143 2117/2117/2117 2116/2116/2116 
f 2142/2142/2142 2143/2143/2143 2116/2116/2116 
f 2144/2144/2144 2118/2118/2118 2117/2117/2117 
f 2143/2143/2143 2144/2144/2144 2117/2117/2117 
f 2145/2145/2145 2119/2119/2119 2118/2118/2118 
f 2144/2144/2144 2145/2145/2145 2118/2118/2118 
f 2146/2146/2146 2120/2120/2120 2119/2119/2119 
f 2145/2145/2145 2146/2146/2146 2119/2119/2119 
f 2147/2147/2147 2121/2121/2121 2120/2120/2120 
f 2146/2146/2146 2147/2147/2147 2120/2120/2120 
f 2148/2148/2148 2122/2122/2122 2121/2121/2121 
f 2147/2147/2147 2148/2148/2148 2121/2121/2121 
f 2149/2149/2149 2123/2123/2123 2122/2122/2122 
f 2148/2148/2148 2149/2149/2149 2122/2122/2122 
f 2150/2150/2150 2124/2124/2124 2123/2123/2123 
f 2149/2149/2149 2150/2150/2150 2123/2123/2123 
f 2151/2151/2151 2125/2125/2125 2124/2124/2124 
f 2150/2150/2150 2151/2151/2151 2124/2124/2124 
f 2152/2152/2152 2126/2126/2126 2125/2125/2125 
f 2151/2151/2151 2152/2152/2152 2125/2125/2125 
f 2153/2153/2153 2127/2127/2127 2126/2126/2126 
f 2152/2152/2152 2153/2153/2153 2126/2126/2126 
f 2154/2154/2154 2128/2128/2128 2127/2127/2127 
f 2153/2153/2153 2154/2154/2154 2127/2127/2127 
f 2155/2155/2155 2129/2129/2129 2128/2128/2128 
f 2154/2154/2154 2155/2155/2155 2128/2128/2128 
f 2156/2156/2156 2130/2130/2130 2129/2129/2129 
f 2155/2155/2155 2156/2156/2156 2129/2129/2129 
f 2157/2157/2157 2131/2131/2131 2130/2130/2130 
f 2156/2156/2156 2157/2157/2157 2130/2130/2130 
f 2158/2158/2158 2132/2132/2132 2131/2131/2131 
f 2157/2157/2157 2158/2158/2158 2131/2131/2131 
f 2159/2159/2159 2133/2133/2133 2132/2132/2132 
f 2158/2158/2158 2159/2159/2159 2132/2132/2132 
f 2160/2160/2160 2134/2134/2134 2133/2133/2133 
f 2159/2159/2159 2160/2160/2160 2133/2133/2133 
f 2161/2161/2161 2135/2135/2135 2134/2134/2134 
f 2160/2160/2160 2161/2161/2161 2134/2134/2134 
f 2162/2162/2162 2136/2136/2136 2135/2135/2135 
f 2161/2161/2161 2162/2162/2162 2135/2135/2135 
f 2163/2163/2163 2137/2137/2137 2136/2136/2136 
f 2162/2162/2162 2163/2163/2163 2136/2136/2136 
f 2164/2164/2164 2138/2138/2138 2137/2137/2137 
f 2163/2163/2163 2164/2164/2164 2137/2137/2137 
f 2165/2165/2165 2139/2139/2139 2138/2138/2138 
f 2164/2164/2164 2165/2165/2165 2138/2138/2138 
f 2166/2166/2166 2140/2140/2140 2139/2139/2139 
f 2165/2165/2165 2166/2166/2166 2139/2139/2139 
f 2141/2141/2141 2115/2115/2115 2140/2140/2140 
f 2166/2166/2166 2141/2141/2141 2140/2140/2140 
f 2168/2168/2168 2142/2142/2142 2141/2141/2141 
f 2167/2167/2167 2168/2168/2168 2141/2141/2141 
f 2169/2169/2169 2143/2143/2143 2142/2142/2142 
f 2168/2168/2168 2169/2169/2169 2142/2142/2142 
f 2170/2170/2170 2144/2144/2144 2143/2143/2143 
f 2169/2169/2169 2170/2170/2170 2143/2143/2143 
f 2171/2171/2171 2145/2145/2145 2144/2144/2144 
f 2170/2170/2170 2171/2171/2171 2144/2144/2144 
f 2172/2172/2172 2146/2146/2146 2145/2145/2145 
f 2171/2171/2171 2172/2172/2172 2145/2145/2145 
f 2173/2173/2173 2147/2147/2147 2146/2146/2146 
f 2172/2172/2172 2173/2173/2173 2146/2146/2146 
f 2174/2174/2174 2148/2148/2148 2147/2147/2147 
f 2173/2173/2173 2174/2174/2174 2147/2147/2147 
f 2175/2175/2175 2149/2149/2149 2148/2148/2148 
f 2174/2174/2174 2175/2175/2175 2148/2148/2148 
f 2176/2176/2176 2150/2150/2150 2149/2149/2149 
f 2175/2175/2175 2176/2176/2176 2149/2149/2149 
f 2177/2177/2177 2151/2151/2151 2150/2150/2150 
f 2176/2176/2176 2177/2177/2177 2150/2150/2150 
f 2178/2178/2178 2152/2152/2152 2151/2151/2151 
f 2177/2177/2177 2178/2178/2178 2151/2151/2151 
f 2179/2179/2179 2153/2153/2153 2152/2152/2152 
f 2178/2178/2178 2179/2179/2179 2152/2152/2152 
f 2180/2180/2180 2154/2154/2154 2153/2153/2153 
f 2179/2179/2179 2180/2180/2180 2153/2153/2153 
f 2181/2181/2181 2155/2155/2155 2154/2154/2154 
f 2180/2180/2180 2181/2181/2181 2154/2154/2154 
f 2182/2182/2182 2156/2156/2156 2155/2155/2155 
f 2181/2181/2181 2182/2182/2182 2155/2155/2155 
f 2183/2183/2183 2157/2157/2157 2156/2156/2156 
f 2182/2182/2182 2183/2183/2183 2156/2156/2156 
f 2184/2184/2184 2158/2158/2158 2157/2157/2157 
f 2183/2183/2183 2184/2184/2184 2157/2157/2157 
f 2185/2185/2185 2159/2159/2159 2158/2158/2158 
f 2184/2184/2184 2185/2185/2185 2158/2158/2158 
f 2186/2186/2186 2160/2160/2160 2159/2159/2159 
f 2185/2185/2185 2186/2186/2186 2159/2159/2159 
f 2187/2187/2187 2161/2161/2161 2160/2160/2160 
f 2186/2186/2186 2187/2187/2187 2160/2160/2160 
f 2188/2188/2188 2162/2162/2162 2161/2161/2161 
f 2187/2187/2187 2188/2188/2188 2161/2161/2161 
f 2189/2189/2189 2163/2163/2163 2162/2162/2162 
f 2188/2188/2188 2189/2189/2189 2162/2162/2162 
f 2190/2190/2190 2164/2164/2164 2163/2163/2163 
f 2189/2189/2189 2190/2190/2190 2163/2163/2163 
f 2191/2191/2191 2165/2165/2165 2164/2164/2164 
f 2190/2190/2190 2191/2191/2191 2164/2164/2164 
f 2192/2192/2192 2166/2166/2166 2165/2165/2165 
f 2191/2191/2191 2192/2192/2192 2165/2165/2165 
f 2167/2167/2167 2141/2141/2141 2166/2166/2166 
f 2192/2192/2192 2167/2167/2167 2166/2166/2166 
f 2194/2194/2194 2168/2168/2168 2167/2167/2167 
f 2193/2193/2193 2194/2194/2194 2167/2167/2167 
f 2195/2195/2195 2169/2169/2169 2168/2168/2168 
f 2194/2194/2194 2195/2195/2195 2168/2168/2168 
f 2196/2196/2196 2170/2170/2170 2169/2169/2169 
f 2195/2195/2195 2196/2196/2196 2169/2169/2169 
f 2197/2197/2197 2171/2171/2171 2170/2170/2170 
f 2196/2196/2196 2197/2197/2197 2170/2170/2170 
f 2198/2198/2198 2172/2172/2172 2171/2171/2171 
f 2197/2197/2197 2198/2198/2198 2171/2171/2171 
f 2199/2199/2199 2173/2173/2173 2172/2172/2172 
f 2198/2198/2198 2199/2199/2199 2172/2172/2172 
f 2200/2200/2200 2174/2174/2174 2173/2173/2173 
f 2199/2199/2199 2200/2200/2200 2173/2173/2173 
f 2201/2201/2201 2175/2175/2175 2174/2174/2174 
f 2200/2200/2200 2201/2201/2201 2174/2174/2174 
f 2202/2202/2202 2176/2176/2176 2175/2175/2175 
f 2201/2201/2201 2202/2202/2202 2175/2175/2175 
f 2203/2203/2203 2177/2177/2177 2176/2176/2176 
f 2202/2202/2202 2203/2203/2203 2176/2176/2176 
f 2204/2204/2204 2178/2178/2178 2177/2177/2177 
f 2203/2203/2203 2204/2204/2204 2177/2177/2177 
f 2205/2205/2205 2179/2179/2179 2178/2178/2178 
f 2204/2204/2204 2205/2205/2205 2178/2178/2178 
f 2206/2206/2206 2180/2180/2180 2179/2179/2179 
f 2205/2205/2205 2206/2206/2206 2179/2179/2179 
f 2207/2207/2207 2181/2181/2181 2180/2180/2180 
f 2206/2206/2206 2207/2207/2207 2180/2180/2180 
f 2208/2208/2208 2182/2182/2182 2181/2181/2181 
f 2207/2207/2207 2208/2208/2208 2181/2181/2181 
f 2209/2209/2209 2183/2183/2183 2182/2182/2182 
f 2208/2208/2208 2209/2209/2209 2182/2182/2182 
f 2210/2210/2210 2184/2184/2184 2183/2183/2183 
f 2209/2209/2209 2210/2210/2210 2183/2183/2183 
f 2211/2211/2211 2185/2185/2185 2184/2184/2184 
f 2210/2210/2210 2211/2211/2211 2184/2184/2184 
f 2212/2212/2212 2186/2186/2186 2185/2185/2185 
f 2211/2211/2211 2212/2212/2212 2185/2185/2185 
f 2213/2213/2213 2187/2187/2187 2186/2186/2186 
f 2212/2212/2212 2213/2213/2213 2186/2186/2186 
f 2214/2214/2214 2188/2188/2188 2187/2187/2187 
f 2213/2213/2213 2214/2214/2214 2187/2187/2187 
f 2215/2215/2215 2189/2189/2189 2188/2188/2188 
f 2214/2214/2214 2215/2215/2215 2188/2188/2188 
f 2216/2216/2216 2190/2190/2190 2189/2189/2189 
f 2215/2215/2215 2216/2216/2216 2189/2189/2189 
f 2217/2217/2217 2191/2191/2191 2190/2190/2190 
f 2216/2216/2216 2217/2217/2217 2190/2190/2190 
f 2218/2218/2218 2192/2192/2192 2191/2191/2191 
f 2217/2217/2217 2218/2218/2218 2191/2191/2191 
f 2193/2193/2193 2167/2167/2167 2192/2192/2192 
f 2218/2218/2218 2193/2193/2193 2192/2192/2192 
f 2220/2220/2220 2194/2194/2194 2193/2193/2193 
f 2219/2219/2219 2220/2220/2220 2193/2193/2193 
f 2221/2221/2221 2195/2195/2195 2194/2194/2194 
f 2220/2220/2220 2221/2221/2221 2194/2194/2194 
f 2222/2222/2222 2196/2196/2196 2195/2195/2195 
f 2221/2221/2221 2222/2222/2222 2195/2195/2195 
f 2223/2223/2223 2197/2197/2197 2196/2196/2196 
f 2222/2222/2222 2223/2223/2223 2196/2196/2196 
f 2224/2224/2224 2198/2198/2198 2197/2197/2197 
f 2223/2223/2223 2224/2224/2224 2197/2197/2197 
f 2225/2225/2225 2199/2199/2199 2198/2198/2198 
f 2224/2224/2224 2225/2225/2225 2198/2198/2198 
f 2226/2226/2226 2200/2200/2200 2199/2199/2199 
f 2225/2225/2225 2226/2226/2226 2199/2199/2199 
f 2227/2227/2227 2201/2201/2201 2200/2200/2200 
f 2226/2226/2226 2227/2227/2227 2200/2200/2200 
f 2228/2228/2228 2202/2202/2202 2201/2201/2201 
f 2227/2227/2227 2228/2228/2228 2201/2201/2201 
f 2229/2229/2229 2203/2203/2203 2202/2202/2202 
f 2228/2228/2228 2229/2229/2229 2202/2202/2202 
f 2230/2230/2230 2204/2204/2204 2203/2203/2203 
f 2229/2229/2229 2230/2230/2230 2203/2203/2203 
f 2231/2231/2231 2205/2205/2205 2204/2204/2204 
f 2230/2230/2230 2231/2231/2231 2204/2204/2204 
f 2232/2232/2232 2206/2206/2206 2205/2205/2205 
f 2231/2231/2231 2232/2232/2232 2205/2205/2205 
f 2233/2233/2233 2207/2207/2207 2206/2206/2206 
f 2232/2232/2232 2233/2233/2233 2206/2206/2206 
f 2234/2234/2234 2208/2208/2208 2207/2207/2207 
f 2233/2233/2233 2234/2234/2234 2207/2207/2207 
f 2235/2235/2235 2209/2209/2209 2208/2208/2208 
f 2234/2234/2234 2235/2235/2235 2208/2208/2208 
f 2236/2236/2236 2210/2210/2210 2209/2209/2209 
f 2235/2235/2235 2236/2236/2236 2209/2209/2209 
f 2237/2237/2237 2211/2211/2211 2210/2210/2210 
f 2236/2236/2236 2237/2237/2237 2210/2210/2210 
f 2238/2238/2238 2212/2212/2212 2211/2211/2211 
f 2237/2237/2237 2238/2238/2238 2211/2211/2211 
f 2239/2239/2239 2213/2213/2213 2212/2212/2212 
f 2238/2238/2238 2239/2239/2239 2212/2212/2212 
f 2240/2240/2240 2214/2214/2214 2213/2213/2213 
f 2239/2239/2239 2240/2240/2240 2213/2213/2213 
f 2241/2241/2241 2215/2215/2215 2214/2214/2214 
f 2240/2240/2240 2241/2241/2241 2214/2214/2214 
f 2242/2242/2242 2216/2216/2216 2215/2215/2215 
f 2241/2241/2241 2242/2242/2242 2215/2215/2215 
f 2243/2243/2243 2217/2217/2217 2216/2216/2216 
f 2242/2242/2242 2243/2243/2243 2216/2216/2216 
f 2244/2244/2244 2218/2218/2218 2217/2217/2217 
f 2243/2243/2243 2244/2244/2244 2217/2217/2217 
f 2219/2219/2219 2193/2193/2193 2218/2218/2218 
f 2244/2244/2244 2219/2219/2219 2218/2218/2218 
f 2246/2246/2246 2220/2220/2220 2219/2219/2219 
f 2245/2245/2245 2246/2246/2246 2219/2219/2219 
f 2247/2247/2247 2221/2221/2221 2220/2220/2220 
f 2246/2246/2246 2247/2247/2247 2220/2220/2220 
f 2248/2248/2248 2222/2222/2222 2221/2221/2221 
f 2247/2247/2247 2248/2248/2248 2221/2221/2221 
f 2249/2249/2249 2223/2223/2223 2222/2222/2222 
f 2248/2248/2248 2249/2249/2249 2222/2222/2222 
f 2250/2250/2250 2224/2224/2224 2223/2223/2223 
f 2249/2249/2249 2250/2250/2250 2223/2223/2223 
f 2251/2251/2251 2225/2225/2225 2224/2224/2224 
f 2250/2250/2250 2251/2251/2251 2224/2224/2224 
f 2252/2252/2252 2226/2226/2226 2225/2225/2225 
f 2251/2251/2251 2252/2252/2252 2225/2225/2225 
f 2253/2253/2253 2227/2227/2227 2226/2226/2226 
f 2252/2252/2252 2253/2253/2253 2226/2226/2226 
f 2254/2254/2254 2228/2228/2228 2227/2227/2227 
f 2253/2253/2253 2254/2254/2254 2227/2227/2227 
f 2255/2255/2255 2229/2229/2229 2228/2228/2228 
f 2254/2254/2254 2255/2255/2255 2228/2228/2228 
f 2256/2256/2256 2230/2230/2230 2229/2229/2229 
f 2255/2255/2255 2256/2256/2256 2229/2229/2229 
f 2257/2257/2257 2231/2231/2231 2230/2230/2230 
f 2256/2256/2256 2257/2257/2257 2230/2230/2230 
f 2258/2258/2258 2232/2232/2232 2231/2231/2231 
f 2257/2257/2257 2258/2258/2258 2231/2231/2231 
f 2259/2259/2259 2233/2233/2233 2232/2232/2232 
f 2258/2258/2258 2259/2259/2259 2232/2232/2232 
f 2260/2260/2260 2234/2234/2234 2233/2233/2233 
f 2259/2259/2259 2260/2260/2260 2233/2233/2233 
f 2261/2261/2261 2235/2235/2235 2234/2234/2234 
f 2260/2260/2260 2261/2261/2261 2234/2234/2234 
f 2262/2262/2262 2236/2236/2236 2235/2235/2235 
f 2261/2261/2261 2262/2262/2262 2235/2235/2235 
f 2263/2263/2263 2237/2237/2237 2236/2236/2236 
f 2262/2262/2262 2263/2263/2263 2236/2236/2236 
f 2264/2264/2264 2238/2238/2238 2237/2237/2237 
f 2263/2263/2263 2264/2264/2264 2237/2237/2237 
f 2265/2265/2265 2239/2239/2239 2238/2238/2238 
f 2264/2264/2264 2265/2265/2265 2238/2238/2238 
f 2266/2266/2266 2240/2240/2240 2239/2239/2239 
f 2265/2265/2265 2266/2266/2266 2239/2239/2239 
f 2267/2267/2267 2241/2241/2241 2240/2240/2240 
f 2266/2266/2266 2267/2267/2267 2240/2240/2240 
f 2268/2268/2268 2242/2242/2242 2241/2241/2241 
f 2267/2267/2267 2268/2268/2268 2241/2241/2241 
f 2269/2269/2269 2243/2243/2243 2242/2242/2242 
f 2268/2268/2268 2269/2269/2269 2242/2242/2242 
f 2270/2270/2270 2244/2244/2244 2243/2243/2243 
f 2269/2269/2269 2270/2270/2270 2243/2243/2243 
f 2245/2245/2245 2219/2219/2219 2244/2244/2244 
f 2270/2270/2270 2245/2245/2245 2244/2244/2244 
f 2272/2272/2272 2246/2246/2246 2245/2245/2245 
f 2271/2271/2271 2272/2272/2272 2245/2245/2245 
f 2273/2273/2273 2247/2247/2247 2246/2246/2246 
f 2272/2272/2272 2273/2273/2273 2246/2246/2246 
f 2274/2274/2274 2248/2248/2248 2247/2247/2247 
f 2273/2273/2273 2274/2274/2274 2247/2247/2247 
f 2275/2275/2275 2249/2249/2249 2248/2248/2248 
f 2274/2274/2274 2275/2275/2275 2248/2248/2248 
f 2276/2276/2276 2250/2250/2250 2249/2249/2249 
f 2275/2275/2275 2276/2276/2276 2249/2249/2249 
f 2277/2277/2277 2251/2251/2251 2250/2250/2250 
f 2276/2276/2276 2277/2277/2277 2250/2250/2250 
f 2278/2278/2278 2252/2252/2252 2251/2251/2251 
f 2277/2277/2277 2278/2278/2278 2251/2251/2251 
f 2279/2279/2279 2253/2253/2253 2252/2252/2252 
f 2278/2278/2278 2279/2279/2279 2252/2252/2252 
f 2280/2280/2280 2254/2254/2254 2253/2253/2253 
f 2279/2279/2279 2280/2280/2280 2253/2253/2253 
f 2281/2281/2281 2255/2255/2255 2254/2254/2254 
f 2280/2280/2280 2281/2281/2281 2254/2254/2254 
f 2282/2282/2282 2256/2256/2256 2255/2255/2255 
f 2281/2281/2281 2282/2282/2282 2255/2255/2255 
f 2283/2283/2283 2257/2257/2257 2256/2256/2256 
f 2282/2282/2282 2283/2283/2283 2256/2256/2256 
f 2284/2284/2284 2258/2258/2258 2257/2257/2257 
f 2283/2283/2283 2284/2284/2284 2257/2257/2257 
f 2285/2285/2285 2259/2259/2259 2258/2258/2258 
f 2284/2284/2284 2285/2285/2285 2258/2258/2258 
f 2286/2286/2286 2260/2260/2260 2259/2259/2259 
f 2285/2285/2285 2286/2286/2286 2259/2259/2259 
f 2287/2287/2287 2261/2261/2261 2260/2260/2260 
f 2286/2286/2286 2287/2287/2287 2260/2260/2260 
f 2288/2288/2288 2262/2262/2262 2261/2261/2261 
f 2287/2287/2287 2288/2288/2288 2261/2261/2261 
f 2289/2289/2289 2263/2263/2263 2262/2262/2262 
f 2288/2288/2288 2289/2289/2289 2262/2262/2262 
f 2290/2290/2290 2264/2264/2264 2263/2263/2263 
f 2289/2289/2289 2290/2290/2290 2263/2263/2263 
f 2291/2291/2291 2265/2265/2265 2264/2264/2264 
f 2290/2290/2290 2291/2291/2291 2264/2264/2264 
f 2292/2292/2292 2266/2266/2266 2265/2265/2265 
f 2291/2291/2291 2292/2292/2292 2265/2265/2265 
f 2293/2293/2293 2267/2267/2267 2266/2266/2266 
f 2292/2292/2292 2293/2293/2293 2266/2266/2266 
f 2294/2294/2294 2268/2268/2268 2267/2267/2267 
f 2293/2293/2293 2294/2294/2294 2267/2267/2267 
f 2295/2295/2295 2269/2269/2269 2268/2268/2268 
f 2294/2294/2294 2295/2295/2295 2268/2268/2268 
f 2296/2296/2296 2270/2270/2270 2269/2269/2269 
f 2295/2295/2295 2296/2296/2296 2269/2269/2269 
f 2271/2271/2271 2245/2245/2245 2270/2270/2270 
f 2296/2296/2296 2271/2271/2271 2270/2270/2270 
f 2298/2298/2298 2272/2272/2272 2271/2271/2271 
f 2297/2297/2297 2298/2298/2298 2271/2271/2271 
f 2299/2299/2299 2273/2273/2273 2272/2272/2272 
f 2298/2298/2298 2299/2299/2299 2272/2272/2272 
f 2300/2300/2300 2274/2274/2274 2273/2273/2273 
f 2299/2299/2299 2300/2300/2300 2273/2273/2273 
f 2301/2301/2301 2275/2275/2275 2274/2274/2274 
f 2300/2300/2300 2301/2301/2301 2274/2274/2274 
f 2302/2302/2302 2276/2276/2276 2275/2275/2275 
f 2301/2301/2301 2302/2302/2302 2275/2275/2275 
f 2303/2303/2303 2277/2277/2277 2276/2276/2276 
f 2302/2302/2302 2303/2303/2303 2276/2276/2276 
f 2304/2304/2304 2278/2278/2278 2277/2277/2277 
f 2303/2303/2303 2304/2304/2304 2277/2277/2277 
f 2305/2305/2305 2279/2279/2279 2278/2278/2278 
f 2304/2304/2304 2305/2305/2305 2278/2278/2278 
f 2306/2306/2306 2280/2280/2280 2279/2279/2279 
f 2305/2305/2305 2306/2306/2306 2279/2279/2279 
f 2307/2307/2307 2281/2281/2281 2280/2280/2280 
f 2306/2306/2306 2307/2307/2307 2280/2280/2280 
f 2308/2308/2308 2282/2282/2282 2281/2281/2281 
f 2307/2307/2307 2308/2308/2308 2281/2281/2281 
f 2309/2309/2309 2283/2283/2283 2282/2282/2282 
f 2308/2308/2308 2309/2309/2309 2282/2282/2282 
f 2310/2310/2310 2284/2284/2284 2283/2283/2283 
f 2309/2309/2309 2310/2310/2310 2283/2283/2283 
f 2311/2311/2311 2285/2285/2285 2284/2284/2284 
f 2310/2310/2310 2311/2311/2311 2284/2284/2284 
f 2312/2312/2312 2286/2286/2286 2285/2285/2285 
f 2311/2311/2311 2312/2312/2312 2285/2285/2285 
f 2313/2313/2313 2287/2287/2287 2286/2286/2286 
f 2312/2312/2312 2313/2313/2313 2286/2286/2286 
f 2314/2314/2314 2288/2288/2288 2287/2287/2287 
f 2313/2313/2313 2314/2314/2314 2287/2287/2287 
f 2315/2315/2315 2289/2289/2289 2288/2288/2288 
f 2314/2314/2314 2315/2315/2315 2288/2288/2288 
f 2316/2316/2316 2290/2290/2290 2289/2289/2289 
f 2315/2315/2315 2316/2316/2316 2289/2289/2289 
f 2317/2317/2317 2291/2291/2291 2290/2290/2290 
f 2316/2316/2316 2317/2317/2317 2290/2290/2290 
f 2318/2318/2318 2292/2292/2292 2291/2291/2291 
f 2317/2317/2317 2318/2318/2318 2291/2291/2291 
f 2319/2319/2319 2293/2293/2293 2292/2292/2292 
f 2318/2318/2318 2319/2319/2319 2292/2292/2292 
f 2320/2320/2320 2294/2294/2294 2293/2293/2293 
f 2319/2319/2319 2320/2320/2320 2293/2293/2293 
f 2321/2321/2321 2295/2295/2295 2294/2294/2294 
f 2320/2320/2320 2321/2321/2321 2294/2294/2294 
f 2322/2322/2322 2296/2296/2296 2295/2295/2295 
f 2321/2321/2321 2322/2322/2322 2295/2295/2295 
f 2297/2297/2297 2271/2271/2271 2296/2296/2296 
f 2322/2322/2322 2297/2297/2297 2296/2296/2296 
f 2324/2324/2324 2298/2298/2298 2297/2297/2297 
f 2323/2323/2323 2324/2324/2324 2297/2297/2297 
f 2325/2325/2325 2299/2299/2299 2298/2298/2298 
f 2324/2324/2324 2325/2325/2325 2298/2298/2298 
f 2326/2326/2326 2300/2300/2300 2299/2299/2299 
f 2325/2325/2325 2326/2326/2326 2299/2299/2299 
f 2327/2327/2327 2301/2301/2301 2300/2300/2300 
f 2326/2326/2326 2327/2327/2327 2300/2300/2300 
f 2328/2328/2328 2302/2302/2302 2301/2301/2301 
f 2327/2327/2327 2328/2328/2328 2301/2301/2301 
f 2329/2329/2329 2303/2303/2303 2302/2302/2302 
f 2328/2328/2328 2329/2329/2329 2302/2302/2302 
f 2330/2330/2330 2304/2304/2304 2303/2303/2303 
f 2329/2329/2329 2330/2330/2330 2303/2303/2303 
f 2331/2331/2331 2305/2305/2305 2304/2304/2304 
f 2330/2330/2330 2331/2331/2331 2304/2304/2304 
f 2332/2332/2332 2306/2306/2306 2305/2305/2305 
f 2331/2331/2331 2332/2332/2332 2305/2305/2305 
f 2333/2333/2333 2307/2307/2307 2306/2306/2306 
f 2332/2332/2332 2333/2333/2333 2306/2306/2306 
f 2334/2334/2334 2308/2308/2308 2307/2307/2307 
f 2333/2333/2333 2334/2334/2334 2307/2307/2307 
f 2335/2335/2335 2309/2309/2309 2308/2308/2308 
f 2334/2334/2334 2335/2335/2335 2308/2308/2308 
f 2336/2336/2336 2310/2310/2310 2309/2309/2309 
f 2335/2335/2335 2336/2336/2336 2309/2309/2309 
f 2337/2337/2337 2311/2311/2311 2310/2310/2310 
f 2336/2336/2336 2337/2337/2337 2310/2310/2310 
f 2338/2338/2338 2312/2312/2312 2311/2311/2311 
f 2337/2337/2337 2338/2338/2338 2311/2311/2311 
f 2339/2339/2339 2313/2313/2313 2312/2312/2312 
f 2338/2338/2338 2339/2339/2339 2312/2312/2312 
f 2340/2340/2340 2314/2314/2314 2313/2313/2313 
f 2339/2339/2339 2340/2340/2340 2313/2313/2313 
f 2341/2341/2341 2315/2315/2315 2314/2314/2314 
f 2340/2340/2340 2341/2341/2341 2314/2314/2314 
f 2342/2342/2342 2316/2316/2316 2315/2315/2315 
f 2341/2341/2341 2342/2342/2342 2315/2315/2315 
f 2343/2343/2343 2317/2317/2317 2316/2316/2316 
f 2342/2342/2342 2343/2343/2343 2316/2316/2316 
f 2344/2344/2344 2318/2318/2318 2317/2317/2317 
f 2343/2343/2343 2344/2344/2344 2317/2317/2317 
f 2345/2345/2345 2319/2319/2319 2318/2318/2318 
f 2344/2344/2344 2345/2345/2345 2318/2318/2318 
f 2346/2346/2346 2320/2320/2320 2319/2319/2319 
f 2345/2345/2345 2346/2346/2346 2319/2319/2319 
f 2347/2347/2347 2321/2321/2321 2320/2320/2320 
f 2346/2346/2346 2347/2347/2347 2320/2320/2320 
f 2348/2348/2348 2322/2322/2322 2321/2321/2321 
f 2347/2347/2347 2348/2348/2348 2321/2321/2321 
f 2323/2323/2323 2297/2297/2297 2322/2322/2322 
f 2348/2348/2348 2323/2323/2323 2322/2322/2322 
f 2350/2350/2350 2324/2324/2324 2323/2323/2323 
f 2349/2349/2349 2350/2350/2350 2323/2323/2323 
f 2351/2351/2351 2325/2325/2325 2324/2324/2324 
f 2350/2350/2350 2351/2351/2351 2324/2324/2324 
f 2352/2352/2352 2326/2326/2326 2325/2325/2325 
f 2351/2351/2351 2352/2352/2352 2325/2325/2325 
f 2353/2353/2353 2327/2327/2327 2326/2326/2326 
f 2352/2352/2352 2353/2353/2353 2326/2326/2326 
f 2354/2354/2354 2328/2328/2328 2327/2327/2327 
f 2353/2353/2353 2354/2354/2354 2327/2327/2327 
f 2355/2355/2355 2329/2329/2329 2328/2328/2328 
f 2354/2354/2354 2355/2355/2355 2328/2328/2328 
f 2356/2356/2356 2330/2330/2330 2329/2329/2329 
f 2355/2355/2355 2356/2356/2356 2329/2329/2329 
f 2357/2357/2357 2331/2331/2331 2330/2330/2330 
f 2356/2356/2356 2357/2357/2357 2330/2330/2330 
f 2358/2358/2358 2332/2332/2332 2331/2331/2331 
f 2357/2357/2357 2358/2358/2358 2331/2331/2331 
f 2359/2359/2359 2333/2333/2333 2332/2332/2332 
f 2358/2358/2358 2359/2359/2359 2332/2332/2332 
f 2360/2360/2360 2334/2334/2334 2333/2333/2333 
f 2359/2359/2359 2360/2360/2360 2333/2333/2333 
f 2361/2361/2361 2335/2335/2335 2334/2334/2334 
f 2360/2360/2360 2361/2361/2361 2334/2334/2334 
f 2362/2362/2362 2336/2336/2336 2335/2335/2335 
f 2361/2361/2361 2362/2362/2362 2335/2335/2335 
f 2363/2363/2363 2337/2337/2337 2336/2336/2336 
f 2362/2362/2362 2363/2363/2363 2336/2336/2336 
f 2364/2364/2364 2338/2338/2338 2337/2337/2337 
f 2363/2363/2363 2364/2364/2364 2337/2337/2337 
f 2365/2365/2365 2339/2339/2339 2338/2338/2338 
f 2364/2364/2364 2365/2365/2365 2338/2338/2338 
f 2366/2366/2366 2340/2340/2340 2339/2339/2339 
f 2365/2365/2365 2366/2366/2366 2339/2339/2339 
f 2367/2367/2367 2341/2341/2341 2340/2340/2340 
f 2366/2366/2366 2367/2367/2367 2340/2340/2340 
f 2368/2368/2368 2342/2342/2342 2341/2341/2341 
f 2367/2367/2367 2368/2368/2368 2341/2341/2341 
f 2369/2369/2369 2343/2343/2343 2342/2342/2342 
f 2368/2368/2368 2369/2369/2369 2342/2342/2342 
f 2370/2370/2370 2344/2344/2344 2343/2343/2343 
f 2369/2369/2369 2370/2370/2370 2343/2343/2343 
f 2371/2371/2371 2345/2345/2345 2344/2344/2344 
f 2370/2370/2370 2371/2371/2371 2344/2344/2344 
f 2372/2372/2372 2346/2346/2346 2345/2345/2345 
f 2371/2371/2371 2372/2372/2372 2345/2345/2345 
f 2373/2373/2373 2347/2347/2347 2346/2346/2346 
f 2372/2372/2372 2373/2373/2373 2346/2346/2346 
f 2374/2374/2374 2348/2348/2348 2347/2347/2347 
f 2373/2373/2373 2374/2374/2374 2347/2347/2347 
f 2349/2349/2349 2323/2323/2323 2348/2348/2348 
f 2374/2374/2374 2349/2349/2349 2348/2348/2348 
f 2376/2376/2376 2350/2350/2350 2349/2349/2349 
f 2375/2375/2375 2376/2376/2376 2349/2349/2349 
f 2377/2377/2377 2351/2351/2351 2350/2350/2350 
f 2376/2376/2376 2377/2377/2377 2350/2350/2350 
f 2378/2378/2378 2352/2352/2352 2351/2351/2351 
f 2377/2377/2377 2378/2378/2378 2351/2351/2351 
f 2379/2379/2379 2353/2353/2353 2352/2352/2352 
f 2378/2378/2378 2379/2379/2379 2352/2352/2352 
f 2380/2380/2380 2354/2354/2354 2353/2353/2353 
f 2379/2379/2379 2380/2380/2380 2353/2353/2353 
f 2381/2381/2381 2355/2355/2355 2354/2354/2354 
f 2380/2380/2380 2381/2381/2381 2354/2354/2354 
f 2382/2382/2382 2356/2356/2356 2355/2355/2355 
f 2381/2381/2381 2382/2382/2382 2355/2355/2355 
f 2383/2383/2383 2357/2357/2357 2356/2356/2356 
f 2382/2382/2382 2383/2383/2383 2356/2356/2356 
f 2384/2384/2384 2358/2358/2358 2357/2357/2357 
f 2383/2383/2383 2384/2384/2384 2357/2357/2357 
f 2385/2385/2385 2359/2359/2359 2358/2358/2358 
f 2384/2384/2384 2385/2385/2385 2358/2358/2358 
f 2386/2386/2386 2360/2360/2360 2359/2359/2359 
f 2385/2385/2385 2386/2386/2386 2359/2359/2359 
f 2387/2387/2387 2361/2361/2361 2360/2360/2360 
f 2386/2386/2386 2387/2387/2387 2360/2360/2360 
f 2388/2388/2388 2362/2362/2362 2361/2361/2361 
f 2387/2387/2387 2388/2388/2388 2361/2361/2361 
f 2389/2389/2389 2363/2363/2363 2362/2362/2362 
f 2388/2388/2388 2389/2389/2389 2362/2362/2362 
f 2390/2390/2390 2364/2364/2364 2363/2363/2363 
f 2389/2389/2389 2390/2390/2390 2363/2363/2363 
f 2391/2391/2391 2365/2365/2365 2364/2364/2364 
f 2390/2390/2390 2391/2391/2391 2364/2364/2364 
f 2392/2392/2392 2366/2366/2366 2365/2365/2365 
f 2391/2391/2391 2392/2392/2392 2365/2365/2365 
f 2393/2393/2393 2367/2367/2367 2366/2366/2366 
f 2392/2392/2392 2393/2393/2393 2366/2366/2366 
f 2394/2394/2394 2368/2368/2368 2367/2367/2367 
f 2393/2393/2393 2394/2394/2394 2367/2367/2367 
f 2395/2395/2395 2369/2369/2369 2368/2368/2368 
f 2394/2394/2394 2395/2395/2395 2368/2368/2368 
f 2396/2396/2396 2370/2370/2370 2369/2369/2369 
f 2395/2395/2395 2396/2396/2396 2369/2369/2369 
f 2397/2397/2397 2371/2371/2371 2370/2370/2370 
f 2396/2396/2396 2397/2397/2397 2370/2370/2370 
f 2398/2398/2398 2372/2372/2372 2371/2371/2371 
f 2397/2397/2397 2398/2398/2398 2371/2371/2371 
f 2399/2399/2399 2373/2373/2373 2372/2372/2372 
f 2398/2398/2398 2399/2399/2399 2372/2372/2372 
f 2400/2400/2400 2374/2374/2374 2373/2373/2373 
f 2399/2399/2399 2400/2400/2400 2373/2373/2373 
f 2375/2375/2375 2349/2349/2349 2374/2374/2374 
f 2400/2400/2400 2375/2375/2375 2374/2374/2374 
f 2402/2402/2402 2376/2376/2376 2375/2375/2375 
f 2401/2401/2401 2402/2402/2402 2375/2375/2375 
f 2403/2403/2403 2377/2377/2377 2376/2376/2376 
f 2402/2402/2402 2403/2403/2403 2376/2376/2376 
f 2404/2404/2404 2378/2378/2378 2377/2377/2377 
f 2403/2403/2403 2404/2404/2404 2377/2377/2377 
f 2405/2405/2405 2379/2379/2379 2378/2378/2378 
f 2404/2404/2404 2405/2405/2405 2378/2378/2378 
f 2406/2406/2406 2380/2380/2380 2379/2379/2379 
f 2405/2405/2405 2406/2406/2406 2379/2379/2379 
f 2407/2407/2407 2381/2381/2381 2380/2380/2380 
f 2406/2406/2406 2407/2407/2407 2380/2380/2380 
f 2408/2408/2408 2382/2382/2382 2381/2381/2381 
f 2407/2407/2407 2408/2408/2408 2381/2381/2381 
f 2409/2409/2409 2383/2383/2383 2382/2382/2382 
f 2408/2408/2408 2409/2409/2409 2382/2382/2382 
f 2410/2410/2410 2384/2384/2384 2383/2383/2383 
f 2409/2409/2409 2410/2410/2410 2383/2383/2383 
f 2411/2411/2411 2385/2385/2385 2384/2384/2384 
f 2410/2410/2410 2411/2411/2411 2384/2384/2384 
f 2412/2412/2412 2386/2386/2386 2385/2385/2385 
f 2411/2411/2411 2412/2412/2412 2385/2385/2385 
f 2413/2413/2413 2387/2387/2387 2386/2386/2386 
f 2412/2412/2412 2413/2413/2413 2386/2386/2386 
f 2414/2414/2414 2388/2388/2388 2387/2387/2387 
f 2413/2413/2413 2414/2414/2414 2387/2387/2387 
f 2415/2415/2415 2389/2389/2389 2388/2388/2388 
f 2414/2414/2414 2415/2415/2415 2388/2388/2388 
f 2416/2416/2416 2390/2390/2390 2389/2389/2389 
f 2415/2415/2415 2416/2416/2416 2389/2389/2389 
f 2417/2417/2417 2391/2391/2391 2390/2390/2390 
f 2416/2416/2416 2417/2417/2417 2390/2390/2390 
f 2418/2418/2418 2392/2392/2392 2391/2391/2391 
f 2417/2417/2417 2418/2418/2418 2391/2391/2391 
f 2419/2419/2419 2393/2393/2393 2392/2392/2392 
f 2418/2418/2418 2419/2419/2419 2392/2392/2392 
f 2420/2420/2420 2394/2394/2394 2393/2393/2393 
f 2419/2419/2419 2420/2420/2420 2393/2393/2393 
f 2421/2421/2421 2395/2395/2395 2394/2394/2394 
f 2420/2420/2420 2421/2421/2421 2394/2394/2394 
f 2422/2422/2422 2396/2396/2396 2395/2395/2395 
f 2421/2421/2421 2422/2422/2422 2395/2395/2395 
f 2423/2423/2423 2397/2397/2397 2396/2396/2396 
f 2422/2422/2422 2423/2423/2423 2396/2396/2396 
f 2424/2424/2424 2398/2398/2398 2397/2397/2397 
f 2423/2423/2423 2424/2424/2424 2397/2397/2397 
f 2425/2425/2425 2399/2399/2399 2398/2398/2398 
f 2424/2424/2424 2425/2425/2425 2398/2398/2398 
f 2426/2426/2426 2400/2400/2400 2399/2399/2399 
f 2425/2425/2425 2426/2426/2426 2399/2399/2399 
f 2401/2401/2401 2375/2375/2375 2400/2400/2400 
f 2426/2426/2426 2401/2401/2401 2400/2400/2400 
f 2428/2428/2428 2402/2402/2402 2401/2401/2401 
f 2427/2427/2427 2428/2428/2428 2401/2401/2401 
f 2429/2429/2429 2403/2403/2403 2402/2402/2402 
f 2428/2428/2428 2429/2429/2429 2402/2402/2402 
f 2430/2430/2430 2404/2404/2404 2403/2403/2403 
f 2429/2429/2429 2430/2430/2430 2403/2403/2403 
f 2431/2431/2431 2405/2405/2405 2404/2404/2404 
f 2430/2430/2430 2431/2431/2431 2404/2404/2404 
f 2432/2432/2432 2406/2406/2406 2405/2405/2405 
f 2431/2431/2431 2432/2432/2432 2405/2405/2405 
f 2433/2433/2433 2407/2407/2407 2406/2406/2406 
f 2432/2432/2432 2433/2433/2433 2406/2406/2406 
f 2434/2434/2434 2408/2408/2408 2407/2407/2407 
f 2433/2433/2433 2434/2434/2434 2407/2407/2407 
f 2435/2435/2435 2409/2409/2409 2408/2408/2408 
f 2434/2434/2434 2435/2435/2435 2408/2408/2408 
f 2436/2436/2436 2410/2410/2410 2409/2409/2409 
f 2435/2435/2435 2436/2436/2436 2409/2409/2409 
f 2437/2437/2437 2411/2411/2411 2410/2410/2410 
f 2436/2436/2436 2437/2437/2437 2410/2410/2410 
f 2438/2438/2438 2412/2412/2412 2411/2411/2411 
f 2437/2437/2437 2438/2438/2438 2411/2411/2411 
f 2439/2439/2439 2413/2413/2413 2412/2412/2412 
f 2438/2438/2438 2439/2439/2439 2412/2412/2412 
f 2440/2440/2440 2414/2414/2414 2413/2413/2413 
f 2439/2439/2439 2440/2440/2440 2413/2413/2413 
f 2441/2441/2441 2415/2415/2415 2414/2414/2414 
f 2440/2440/2440 2441/2441/2441 2414/2414/2414 
f 2442/2442/2442 2416/2416/2416 2415/2415/2415 
f 2441/2441/2441 2442/2442/2442 2415/2415/2415 
f 2443/2443/2443 2417/2417/2417 2416/2416/2416 
f 2442/2442/2442 2443/2443/2443 2416/2416/2416 
f 2444/2444/2444 2418/2418/2418 2417/2417/2417 
f 2443/2443/2443 2444/2444/2444 2417/2417/2417 
f 2445/2445/2445 2419/2419/2419 2418/2418/2418 
f 2444/2444/2444 2445/2445/2445 2418/2418/2418 
f 2446/2446/2446 2420/2420/2420 2419/2419/2419 
f 2445/2445/2445 2446/2446/2446 2419/2419/2419 
f 2447/2447/2447 2421/2421/2421 2420/2420/2420 
f 2446/2446/2446 2447/2447/2447 2420/2420/2420 
f 2448/2448/2448 2422/2422/2422 2421/2421/2421 
f 2447/2447/2447 2448/2448/2448 2421/2421/2421 
f 2449/2449/2449 2423/2423/2423 2422/2422/2422 
f 2448/2448/2448 2449/2449/2449 2422/2422/2422 
f 2450/2450/2450 2424/2424/2424 2423/2423/2423 
f 2449/2449/2449 2450/2450/2450 2423/2423/2423 
f 2451/2451/2451 2425/2425/2425 2424/2424/2424 
f 2450/2450/2450 2451/2451/2451 2424/2424/2424 
f 2452/2452/2452 2426/2426/2426 2425/2425/2425 
f 2451/2451/2451 2452/2452/2452 2425/2425/2425 
f 2427/2427/2427 2401/2401/2401 2426/2426/2426 
f 2452/2452/2452 2427/2427/2427 2426/2426/2426 
f 2454/2454/2454 2428/2428/2428 2427/2427/2427 
f 2453/2453/2453 2454/2454/2454 2427/2427/2427 
f 2455/2455/2455 2429/2429/2429 2428/2428/2428 
f 2454/2454/2454 2455/2455/2455 2428/2428/2428 
f 2456/2456/2456 2430/2430/2430 2429/2429/2429 
f 2455/2455/2455 2456/2456/2456 2429/2429/2429 
f 2457/2457/2457 2431/2431/2431 2430/2430/2430 
f 2456/2456/2456 2457/2457/2457 2430/2430/2430 
f 2458/2458/2458 2432/2432/2432 2431/2431/2431 
f 2457/2457/2457 2458/2458/2458 2431/2431/2431 
f 2459/2459/2459 2433/2433/2433 2432/2432/2432 
f 2458/2458/2458 2459/2459/2459 2432/2432/2432 
f 2460/2460/2460 2434/2434/2434 2433/2433/2433 
f 2459/2459/2459 2460/2460/2460 2433/2433/2433 
f 2461/2461/2461 2435/2435/2435 2434/2434/2434 
f 2460/2460/2460 2461/2461/2461 2434/2434/2434 
f 2462/2462/2462 2436/2436/2436 2435/2435/2435 
f 2461/2461/2461 2462/2462/2462 2435/2435/2435 
f 2463/2463/2463 2437/2437/2437 2436/2436/2436 
f 2462/2462/2462 2463/2463/2463 2436/2436/2436 
f 2464/2464/2464 2438/2438/2438 2437/2437/2437 
f 2463/2463/2463 2464/2464/2464 2437/2437/2437 
f 2465/2465/2465 2439/2439/2439 2438/2438/2438 
f 2464/2464/2464 2465/2465/2465 2438/2438/2438 
f 2466/2466/2466 2440/2440/2440 2439/2439/2439 
f 2465/2465/2465 2466/2466/2466 2439/2439/2439 
f 2467/2467/2467 2441/2441/2441 2440/2440/2440 
f 2466/2466/2466 2467/2467/2467 2440/2440/2440 
f 2468/2468/2468 2442/2442/2442 2441/2441/2441 
f 2467/2467/2467 2468/2468/2468 2441/2441/2441 
f 2469/2469/2469 2443/2443/2443 2442/2442/2442 
f 2468/2468/2468 2469/2469/2469 2442/2442/2442 
f 2470/2470/2470 2444/2444/2444 2443/2443/2443 
f 2469/2469/2469 2470/2470/2470 2443/2443/2443 
f 2471/2471/2471 2445/2445/2445 2444/2444/2444 
f 2470/2470/2470 2471/2471/2471 2444/2444/2444 
f 2472/2472/2472 2446/2446/2446 2445/2445/2445 
f 2471/2471/2471 2472/2472/2472 2445/2445/2445 
f 2473/2473/2473 2447/2447/2447 2446/2446/2446 
f 2472/2472/2472 2473/2473/2473 2446/2446/2446 
f 2474/2474/2474 2448/2448/2448 2447/2447/2447 
f 2473/2473/2473 2474/2474/2474 2447/2447/2447 
f 2475/2475/2475 2449/2449/2449 2448/2448/2448 
f 2474/2474/2474 2475/2475/2475 2448/2448/2448 
f 2476/2476/2476 2450/2450/2450 2449/2449/2449 
f 2475/2475/2475 2476/2476/2476 2449/2449/2449 
f 2477/2477/2477 2451/2451/2451 2450/2450/2450 
f 2476/2476/2476 2477/2477/2477 2450/2450/2450 
f 2478/2478/2478 2452/2452/2452 2451/2451/2451 
f 2477/2477/2477 2478/2478/2478 2451/2451/2451 
f 2453/2453/2453 2427/2427/2427 2452/2452/2452 
f 2478/2478/2478 2453/2453/2453 2452/2452/2452 
f 2480/2480/2480 2454/2454/2454 2453/2453/2453 
f 2479/2479/2479 2480/2480/2480 2453/2453/2453 
f 2481/2481/2481 2455/2455/2455 2454/2454/2454 
f 2480/2480/2480 2481/2481/2481 2454/2454/2454 
f 2482/2482/2482 2456/2456/2456 2455/2455/2455 
f 2481/2481/2481 2482/2482/2482 2455/2455/2455 
f 2483/2483/2483 2457/2457/2457 2456/2456/2456 
f 2482/2482/2482 2483/2483/2483 2456/2456/2456 
f 2484/2484/2484 2458/2458/2458 2457/2457/2457 
f 2483/2483/2483 2484/2484/2484 2457/2457/2457 
f 2485/2485/2485 2459/2459/2459 2458/2458/2458 
f 2484/2484/2484 2485/2485/2485 2458/2458/2458 
f 2486/2486/2486 2460/2460/2460 2459/2459/2459 
f 2485/2485/2485 2486/2486/2486 2459/2459/2459 
f 2487/2487/2487 2461/2461/2461 2460/2460/2460 
f 2486/2486/2486 2487/2487/2487 2460/2460/2460 
f 2488/2488/2488 2462/2462/2462 2461/2461/2461 
f 2487/2487/2487 2488/2488/2488 2461/2461/2461 
f 2489/2489/2489 2463/2463/2463 2462/2462/2462 
f 2488/2488/2488 2489/2489/2489 2462/2462/2462 
f 2490/2490/2490 2464/2464/2464 2463/2463/2463 
f 2489/2489/2489 2490/2490/2490 2463/2463/2463 
f 2491/2491/2491 2465/2465/2465 2464/2464/2464 
f 2490/2490/2490 2491/2491/2491 2464/2464/2464 
f 2492/2492/2492 2466/2466/2466 2465/2465/2465 
f 2491/2491/2491 2492/2492/2492 2465/2465/2465 
f 2493/2493/2493 2467/2467/2467 2466/2466/2466 
f 2492/2492/2492 2493/2493/2493 2466/2466/2466 
f 2494/2494/2494 2468/2468/2468 2467/2467/2467 
f 2493/2493/2493 2494/2494/2494 2467/2467/2467 
f 2495/2495/2495 2469/2469/2469 2468/2468/2468 
f 2494/2494/2494 2495/2495/2495 2468/2468/2468 
f 2496/2496/2496 2470/2470/2470 2469/2469/2469 
f 2495/2495/2495 2496/2496/2496 2469/2469/2469 
f 2497/2497/2497 2471/2471/2471 2470/2470/2470 
f 2496/2496/2496 2497/2497/2497 2470/2470/2470 
f 2498/2498/2498 2472/2472/2472 2471/2471/2471 
f 2497/2497/2497 2498/2498/2498 2471/2471/2471 
f 2499/2499/2499 2473/2473/2473 2472/2472/2472 
f 2498/2498/2498 2499/2499/2499 2472/2472/2472 
f 2500/2500/2500 2474/2474/2474 2473/2473/2473 
f 2499/2499/2499 2500/2500/2500 2473/2473/2473 
f 2501/2501/2501 2475/2475/2475 2474/2474/2474 
f 2500/2500/2500 2501/2501/2501 2474/2474/2474 
f 2502/2502/2502 2476/2476/2476 2475/2475/2475 
f 2501/2501/2501 2502/2502/2502 2475/2475/2475 
f 2503/2503/2503 2477/2477/2477 2476/2476/2476 
f 2502/2502/2502 2503/2503/2503 2476/2476/2476 
f 2504/2504/2504 2478/2478/2478 2477/2477/2477 
f 2503/2503/2503 2504/2504/2504 2477/2477/2477 
f 2479/2479/2479 2453/2453/2453 2478/2478/2478 
f 2504/2504/2504 2479/2479/2479 2478/2478/2478 
f 2506/2506/2506 2480/2480/2480 2479/2479/2479 
f 2505/2505/2505 2506/2506/2506 2479/2479/2479 
f 2507/2507/2507 2481/2481/2481 2480/2480/2480 
f 2506/2506/2506 2507/2507/2507 2480/2480/2480 
f 2508/2508/2508 2482/2482/2482 2481/2481/2481 
f 2507/2507/2507 2508/2508/2508 2481/2481/2481 
f 2509/2509/2509 2483/2483/2483 2482/2482/2482 
f 2508/2508/2508 2509/2509/2509 2482/2482/2482 
f 2510/2510/2510 2484/2484/2484 2483/2483/2483 
f 2509/2509/2509 2510/2510/2510 2483/2483/2483 
f 2511/2511/2511 2485/2485/2485 2484/2484/2484 
f 2510/2510/2510 2511/2511/2511 2484/2484/2484 
f 2512/2512/2512 2486/2486/2486 2485/2485/2485 
f 2511/2511/2511 2512/2512/2512 2485/2485/2485 
f 2513/2513/2513 2487/2487/2487 2486/2486/2486 
f 2512/2512/2512 2513/2513/2513 2486/2486/2486 
f 2514/2514/2514 2488/2488/2488 2487/2487/2487 
f 2513/2513/2513 2514/2514/2514 2487/2487/2487 
f 2515/2515/2515 2489/2489/2489 2488/2488/2488 
f 2514/2514/2514 2515/2515/2515 2488/2488/2488 
f 2516/2516/2516 2490/2490/2490 2489/2489/2489 
f 2515/2515/2515 2516/2516/2516 2489/2489/2489 
f 2517/2517/2517 2491/2491/2491 2490/2490/2490 
f 2516/2516/2516 2517/2517/2517 2490/2490/2490 
f 2518/2518/2518 2492/2492/2492 2491/2491/2491 
f 2517/2517/2517 2518/2518/2518 2491/2491/2491 
f 2519/2519/2519 2493/2493/2493 2492/2492/2492 
f 2518/2518/2518 2519/2519/2519 2492/2492/2492 
f 2520/2520/2520 2494/2494/2494 2493/2493/2493 
f 2519/2519/2519 2520/2520/2520 2493/2493/2493 
f 2521/2521/2521 2495/2495/2495 2494/2494/2494 
f 2520/2520/2520 2521/2521/2521 2494/2494/2494 
f 2522/2522/2522 2496/2496/2496 2495/2495/2495 
f 2521/2521/2521 2522/2522/2522 2495/2495/2495 
f 2523/2523/2523 2497/2497/2497 2496/2496/2496 
f 2522/2522/2522 2523/2523/2523 2496/2496/2496 
f 2524/2524/2524 2498/2498/2498 2497/2497/2497 
f 2523/2523/2523 2524/2524/2524 2497/2497/2497 
f 2525/2525/2525 2499/2499/2499 2498/2498/2498 
f 2524/2524/2524 2525/2525/2525 2498/2498/2498 
f 2526/2526/2526 2500/2500/2500 2499/2499/2499 
f 2525/2525/2525 2526/2526/2526 2499/2499/2499 
f 2527/2527/2527 2501/2501/2501 2500/2500/2500 
f 2526/2526/2526 2527/2527/2527 2500/2500/2500 
f 2528/2528/2528 2502/2502/2502 2501/2501/2501 
f 2527/2527/2527 2528/2528/2528 2501/2501/2501 
f 2529/2529/2529 2503/2503/2503 2502/2502/2502 
f 2528/2528/2528 2529/2529/2529 2502/2502/2502 
f 2530/2530/2530 2504/2504/2504 2503/2503/2503 
f 2529/2529/2529 2530/2530/2530 2503/2503/2503 
f 2505/2505/2505 2479/2479/2479 2504/2504/2504 
f 2530/2530/2530 2505/2505/2505 2504/2504/2504 
f 2532/2532/2532 2506/2506/2506 2505/2505/2505 
f 2531/2531/2531 2532/2532/2532 2505/2505/2505 
f 2533/2533/2533 2507/2507/2507 2506/2506/2506 
f 2532/2532/2532 2533/2533/2533 2506/2506/2506 
f 2534/2534/2534 2508/2508/2508 2507/2507/2507 
f 2533/2533/2533 2534/2534/2534 2507/2507/2507 
f 2535/2535/2535 2509/2509/2509 2508/2508/2508 
f 2534/2534/2534 2535/2535/2535 2508/2508/2508 
f 2536/2536/2536 2510/2510/2510 2509/2509/2509 
f 2535/2535/2535 2536/2536/2536 2509/2509/2509 
f 2537/2537/2537 2511/2511/2511 2510/2510/2510 
f 2536/2536/2536 2537/2537/2537 2510/2510/2510 
f 2538/2538/2538 2512/2512/2512 2511/2511/2511 
f 2537/2537/2537 2538/2538/2538 2511/2511/2511 
f 2539/2539/2539 2513/2513/2513 2512/2512/2512 
f 2538/2538/2538 2539/2539/2539 2512/2512/2512 
f 2540/2540/2540 2514/2514/2514 2513/2513/2513 
f 2539/2539/2539 2540/2540/2540 2513/2513/2513 
f 2541/2541/2541 2515/2515/2515 2514/2514/2514 
f 2540/2540/2540 2541/2541/2541 2514/2514/2514 
f 2542/2542/2542 2516/2516/2516 2515/2515/2515 
f 2541/2541/2541 2542/2542/2542 2515/2515/2515 
f 2543/2543/2543 2517/2517/2517 2516/2516/2516 
f 2542/2542/2542 2543/2543/2543 2516/2516/2516 
f 2544/2544/2544 2518/2518/2518 2517/2517/2517 
f 2543/2543/2543 2544/2544/2544 2517/2517/2517 
f 2545/2545/2545 2519/2519/2519 2518/2518/2518 
f 2544/2544/2544 2545/2545/2545 2518/2518/2518 
f 2546/2546/2546 2520/2520/2520 2519/2519/2519 
f 2545/2545/2545 2546/2546/2546 2519/2519/2519 
f 2547/2547/2547 2521/2521/2521 2520/2520/2520 
f 2546/2546/2546 2547/2547/2547 2520/2520/2520 
f 2548/2548/2548 2522/2522/2522 2521/2521/2521 
f 2547/2547/2547 2548/2548/2548 2521/2521/2521 
f 2549/2549/2549 2523/2523/2523 2522/2522/2522 
f 2548/2548/2548 2549/2549/2549 2522/2522/2522 
f 2550/2550/2550 2524/2524/2524 2523/2523/2523 
f 2549/2549/2549 2550/2550/2550 2523/2523/2523 
f 2551/2551/2551 2525/2525/2525 2524/2524/2524 
f 2550/2550/2550 2551/2551/2551 2524/2524/2524 
f 2552/2552/2552 2526/2526/2526 2525/2525/2525 
f 2551/2551/2551 2552/2552/2552 2525/2525/2525 
f 2553/2553/2553 2527/2527/2527 2526/2526/2526 
f 2552/2552/2552 2553/2553/2553 2526/2526/2526 
f 2554/2554/2554 2528/2528/2528 2527/2527/2527 
f 2553/2553/2553 2554/2554/2554 2527/2527/2527 
f 2555/2555/2555 2529/2529/2529 2528/2528/2528 
f 2554/2554/2554 2555/2555/2555 2528/2528/2528 
f 2556/2556/2556 2530/2530/2530 2529/2529/2529 
f 2555/2555/2555 2556/2556/2556 2529/2529/2529 
f 2531/2531/2531 2505/2505/2505 2530/2530/2530 
f 2556/2556/2556 2531/2531/2531 2530/2530/2530 
f 2558/2558/2558 2532/2532/2532 2531/2531/2531 
f 2557/2557/2557 2558/2558/2558 2531/2531/2531 
f 2559/2559/2559 2533/2533/2533 2532/2532/2532 
f 2558/2558/2558 2559/2559/2559 2532/2532/2532 
f 2560/2560/2560 2534/2534/2534 2533/2533/2533 
f 2559/2559/2559 2560/2560/2560 2533/2533/2533 
f 2561/2561/2561 2535/2535/2535 2534/2534/2534 
f 2560/2560/2560 2561/2561/2561 2534/2534/2534 
f 2562/2562/2562 2536/2536/2536 2535/2535/2535 
f 2561/2561/2561 2562/2562/2562 2535/2535/2535 
f 2563/2563/2563 2537/2537/2537 2536/2536/2536 
f 2562/2562/2562 2563/2563/2563 2536/2536/2536 
f 2564/2564/2564 2538/2538/2538 2537/2537/2537 
f 2563/2563/2563 2564/2564/2564 2537/2537/2537 
f 2565/2565/2565 2539/2539/2539 2538/2538/2538 
f 2564/2564/2564 2565/2565/2565 2538/2538/2538 
f 2566/2566/2566 2540/2540/2540 2539/2539/2539 
f 2565/2565/2565 2566/2566/2566 2539/2539/2539 
f 2567/2567/2567 2541/2541/2541 2540/2540/2540 
f 2566/2566/2566 2567/2567/2567 2540/2540/2540 
f 2568/2568/2568 2542/2542/2542 2541/2541/2541 
f 2567/2567/2567 2568/2568/2568 2541/2541/2541 
f 2569/2569/2569 2543/2543/2543 2542/2542/2542 
f 2568/2568/2568 2569/2569/2569 2542/2542/2542 
f 2570/2570/2570 2544/2544/2544 2543/2543/2543 
f 2569/2569/2569 2570/2570/2570 2543/2543/2543 
f 2571/2571/2571 2545/2545/2545 2544/2544/2544 
f 2570/2570/2570 2571/2571/2571 2544/2544/2544 
f 2572/2572/2572 2546/2546/2546 2545/2545/2545 
f 2571/2571/2571 2572/2572/2572 2545/2545/2545 
f 2573/2573/2573 2547/2547/2547 2546/2546/2546 
f 2572/2572/2572 2573/2573/2573 2546/2546/2546 
f 2574/2574/2574 2548/2548/2548 2547/2547/2547 
f 2573/2573/2573 2574/2574/2574 2547/2547/2547 
f 2575/2575/2575 2549/2549/2549 2548/2548/2548 
f 2574/2574/2574 2575/2575/2575 2548/2548/2548 
f 2576/2576/2576 2550/2550/2550 2549/2549/2549 
f 2575/2575/2575 2576/2576/2576 2549/2549/2549 
f 2577/2577/2577 2551/2551/2551 2550/2550/2550 
f 2576/2576/2576 2577/2577/2577 2550/2550/2550 
f 2578/2578/2578 2552/2552/2552 2551/2551/2551 
f 2577/2577/2577 2578/2578/2578 2551/2551/2551 
f 2579/2579/2579 2553/2553/2553 2552/2552/2552 
f 2578/2578/2578 2579/2579/2579 2552/2552/2552 
f 2580/2580/2580 2554/2554/2554 2553/2553/2553 
f 2579/2579/2579 2580/2580/2580 2553/2553/2553 
f 2581/2581/2581 2555/2555/2555 2554/2554/2554 
f 2580/2580/2580 2581/2581/2581 2554/2554/2554 
f 2582/2582/2582 2556/2556/2556 2555/2555/2555 
f 2581/2581/2581 2582/2582/2582 2555/2555/2555 
f 2557/2557/2557 2531/2531/2531 2556/2556/2556 
f 2582/2582/2582 2557/2557/2557 2556/2556/2556 
f 2584/2584/2584 2558/2558/2558 2557/2557/2557 
f 2583/2583/2583 2584/2584/2584 2557/2557/2557 
f 2585/2585/2585 2559/2559/2559 2558/2558/2558 
f 2584/2584/2584 2585/2585/2585 2558/2558/2558 
f 2586/2586/2586 2560/2560/2560 2559/2559/2559 
f 2585/2585/2585 2586/2586/2586 2559/2559/2559 
f 2587/2587/2587 2561/2561/2561 2560/2560/2560 
f 2586/2586/2586 2587/2587/2587 2560/2560/2560 
f 2588/2588/2588 2562/2562/2562 2561/2561/2561 
f 2587/2587/2587 2588/2588/2588 2561/2561/2561 
f 2589/2589/2589 2563/2563/2563 2562/2562/2562 
f 2588/2588/2588 2589/2589/2589 2562/2562/2562 
f 2590/2590/2590 2564/2564/2564 2563/2563/2563 
f 2589/2589/2589 2590/2590/2590 2563/2563/2563 
f 2591/2591/2591 2565/2565/2565 2564/2564/2564 
f 2590/2590/2590 2591/2591/2591 2564/2564/2564 
f 2592/2592/2592 2566/2566/2566 2565/2565/2565 
f 2591/2591/2591 2592/2592/2592 2565/2565/2565 
f 2593/2593/2593 2567/2567/2567 2566/2566/2566 
f 2592/2592/2592 2593/2593/2593 2566/2566/2566 
f 2594/2594/2594 2568/2568/2568 2567/2567/2567 
f 2593/2593/2593 2594/2594/2594 2567/2567/2567 
f 2595/2595/2595 2569/2569/2569 2568/2568/2568 
f 2594/2594/2594 2595/2595/2595 2568/2568/2568 
f 2596/2596/2596 2570/2570/2570 2569/2569/2569 
f 2595/2595/2595 2596/2596/2596 2569/2569/2569 
f 2597/2597/2597 2571/2571/2571 2570/2570/2570 
f 2596/2596/2596 2597/2597/2597 2570/2570/2570 
f 2598/2598/2598 2572/2572/2572 2571/2571/2571 
f 2597/2597/2597 2598/2598/2598 2571/2571/2571 
f 2599/2599/2599 2573/2573/2573 2572/2572/2572 
f 2598/2598/2598 2599/2599/2599 2572/2572/2572 
f 2600/2600/2600 2574/2574/2574 2573/2573/2573 
f 2599/2599/2599 2600/2600/2600 2573/2573/2573 
f 2601/2601/2601 2575/2575/2575 2574/2574/2574 
f 2600/2600/2600 2601/2601/2601 2574/2574/2574 
f 2602/2602/2602 2576/2576/2576 2575/2575/2575 
f 2601/2601/2601 2602/2602/2602 2575/2575/2575 
f 2603/2603/2603 2577/2577/2577 2576/2576/2576 
f 2602/2602/2602 2603/2603/2603 2576/2576/2576 
f 2604/2604/2604 2578/2578/2578 2577/2577/2577 
f 2603/2603/2603 2604/2604/2604 2577/2577/2577 
f 2605/2605/2605 2579/2579/2579 2578/2578/2578 
f 2604/2604/2604 2605/2605/2605 2578/2578/2578 
f 2606/2606/2606 2580/2580/2580 2579/2579/2579 
f 2605/2605/2605 2606/2606/2606 2579/2579/2579 
f 2607/2607/2607 2581/2581/2581 2580/2580/2580 
f 2606/2606/2606 2607/2607/2607 2580/2580/2580 
f 2608/2608/2608 2582/2582/2582 2581/2581/2581 
f 2607/2607/2607 2608/2608/2608 2581/2581/2581 
f 2583/2583/2583 2557/2557/2557 2582/2582/2582 
f 2608/2608/2608 2583/2583/2583 2582/2582/2582 
f 2610/2610/2610 2584/2584/2584 2583/2583/2583 
f 2609/2609/2609 2610/2610/2610 2583/2583/2583 
f 2611/2611/2611 2585/2585/2585 2584/2584/2584 
f 2610/2610/2610 2611/2611/2611 2584/2584/2584 
f 2612/2612/2612 2586/2586/2586 2585/2585/2585 
f 2611/2611/2611 2612/2612/2612 2585/2585/2585 
f 2613/2613/2613 2587/2587/2587 2586/2586/2586 
f 2612/2612/2612 2613/2613/2613 2586/2586/2586 
f 2614/2614/2614 2588/2588/2588 2587/2587/2587 
f 2613/2613/2613 2614/2614/2614 2587/2587/2587 
f 2615/2615/2615 2589/2589/2589 2588/2588/2588 
f 2614/2614/2614 2615/2615/2615 2588/2588/2588 
f 2616/2616/2616 2590/2590/2590 2589/2589/2589 
f 2615/2615/2615 2616/2616/2616 2589/2589/2589 
f 2617/2617/2617 2591/2591/2591 2590/2590/2590 
f 2616/2616/2616 2617/2617/2617 2590/2590/2590 
f 2618/2618/2618 2592/2592/2592 2591/2591/2591 
f 2617/2617/2617 2618/2618/2618 2591/2591/2591 
f 2619/2619/2619 2593/2593/2593 2592/2592/2592 
f 2618/2618/2618 2619/2619/2619 2592/2592/2592 
f 2620/2620/2620 2594/2594/2594 2593/2593/2593 
f 2619/2619/2619 2620/2620/2620 2593/2593/2593 
f 2621/2621/2621 2595/2595/2595 2594/2594/2594 
f 2620/2620/2620 2621/2621/2621 2594/2594/2594 
f 2622/2622/2622 2596/2596/2596 2595/2595/2595 
f 2621/2621/2621 2622/2622/2622 2595/2595/2595 
f 2623/2623/2623 2597/2597/2597 2596/2596/2596 
f 2622/2622/2622 2623/2623/2623 2596/2596/2596 
f 2624/2624/2624 2598/2598/2598 2597/2597/2597 
f 2623/2623/2623 2624/2624/2624 2597/2597/2597 
f 2625/2625/2625 2599/2599/2599 2598/2598/2598 
f 2624/2624/2624 2625/2625/2625 2598/2598/2598 
f 2626/2626/2626 2600/2600/2600 2599/2599/2599 
f 2625/2625/2625 2626/2626/2626 2599/2599/2599 
f 2627/2627/2627 2601/2601/2601 2600/2600/2600 
f 2626/2626/2626 2627/2627/2627 2600/2600/2600 
f 2628/2628/2628 2602/2602/2602 2601/2601/2601 
f 2627/2627/2627 2628/2628/2628 2601/2601/2601 
f 2629/2629/2629 2603/2603/2603 2602/2602/2602 
f 2628/2628/2628 2629/2629/2629 2602/2602/2602 
f 2630/2630/2630 2604/2604/2604 2603/2603/2603 
f 2629/2629/2629 2630/2630/2630 2603/2603/2603 
f 2631/2631/2631 2605/2605/2605 2604/2604/2604 
f 2630/2630/2630 2631/2631/2631 2604/2604/2604 
f 2632/2632/2632 2606/2606/2606 2605/2605/2605 
f 2631/2631/2631 2632/2632/2632 2605/2605/2605 
f 2633/2633/2633 2607/2607/2607 2606/2606/2606 
f 2632/2632/2632 2633/2633/2633 2606/2606/2606 
f 2634/2634/2634 2608/2608/2608 2607/2607/2607 
f 2633/2633/2633 2634/2634/2634 2607/2607/2607 
f 2609/2609/2609 2583/2583/2583 2608/2608/2608 
f 2634/2634/2634 2609/2609/2609 2608/2608/2608 
f 2636/2636/2636 2610/2610/2610 2609/2609/2609 
f 2635/2635/2635 2636/2636/2636 2609/2609/2609 
f 2637/2637/2637 2611/2611/2611 2610/2610/2610 
f 2636/2636/2636 2637/2637/2637 2610/2610/2610 
f 2638/2638/2638 2612/2612/2612 2611/2611/2611 
f 2637/2637/2637 2638/2638/2638 2611/2611/2611 
f 2639/2639/2639 2613/2613/2613 2612/2612/2612 
f 2638/2638/2638 2639/2639/2639 2612/2612/2612 
f 2640/2640/2640 2614/2614/2614 2613/2613/2613 
f 2639/2639/2639 2640/2640/2640 2613/2613/2613 
f 2641/2641/2641 2615/2615/2615 2614/2614/2614 
f 2640/2640/2640 2641/2641/2641 2614/2614/2614 
f 2642/2642/2642 2616/2616/2616 2615/2615/2615 
f 2641/2641/2641 2642/2642/2642 2615/2615/2615 
f 2643/2643/2643 2617/2617/2617 2616/2616/2616 
f 2642/2642/2642 2643/2643/2643 2616/2616/2616 
f 2644/2644/2644 2618/2618/2618 2617/2617/2617 
f 2643/2643/2643 2644/2644/2644 2617/2617/2617 
f 2645/2645/2645 2619/2619/2619 2618/2618/2618 
f 2644/2644/2644 2645/2645/2645 2618/2618/2618 
f 2646/2646/2646 2620/2620/2620 2619/2619/2619 
f 2645/2645/2645 2646/2646/2646 2619/2619/2619 
f 2647/2647/2647 2621/2621/2621 2620/2620/2620 
f 2646/2646/2646 2647/2647/2647 2620/2620/2620 
f 2648/2648/2648 2622/2622/2622 2621/2621/2621 
f 2647/2647/2647 2648/2648/2648 2621/2621/2621 
f 2649/2649/2649 2623/2623/2623 2622/2622/2622 
f 2648/2648/2648 2649/2649/2649 2622/2622/2622 
f 2650/2650/2650 2624/2624/2624 2623/2623/2623 
f 2649/2649/2649 2650/2650/2650 2623/2623/2623 
f 2651/2651/2651 2625/2625/2625 2624/2624/2624 
f 2650/2650/2650 2651/2651/2651 2624/2624/2624 
f 2652/2652/2652 2626/2626/2626 2625/2625/2625 
f 2651/2651/2651 2652/2652/2652 2625/2625/2625 
f 2653/2653/2653 2627/2627/2627 2626/2626/2626 
f 2652/2652/2652 2653/2653/2653 2626/2626/2626 
f 2654/2654/2654 2628/2628/2628 2627/2627/2627 
f 2653/2653/2653 2654/2654/2654 2627/2627/2627 
f 2655/2655/2655 2629/2629/2629 2628/2628/2628 
f 2654/2654/2654 2655/2655/2655 2628/2628/2628 
f 2656/2656/2656 2630/2630/2630 2629/2629/2629 
f 2655/2655/2655 2656/2656/2656 2629/2629/2629 
f 2657/2657/2657 2631/2631/2631 2630/2630/2630 
f 2656/2656/2656 2657/2657/2657 2630/2630/2630 
f 2658/2658/2658 2632/2632/2632 2631/2631/2631 
f 2657/2657/2657 2658/2658/2658 2631/2631/2631 
f 2659/2659/2659 2633/2633/2633 2632/2632/2632 
f 2658/2658/2658 2659/2659/2659 2632/2632/2632 
f 2660/2660/2660 2634/2634/2634 2633/2633/2633 
f 2659/2659/2659 2660/2660/2660 2633/2633/2633 
f 2635/2635/2635 2609/2609/2609 2634/2634/2634 
f 2660/2660/2660 2635/2635/2635 2634/2634/2634 
f 2662/2662/2662 2636/2636/2636 2635/2635/2635 
f 2661/2661/2661 2662/2662/2662 2635/2635/2635 
f 2663/2663/2663 2637/2637/2637 2636/2636/2636 
f 2662/2662/2662 2663/2663/2663 2636/2636/2636 
f 2664/2664/2664 2638/2638/2638 2637/2637/2637 
f 2663/2663/2663 2664/2664/2664 2637/2637/2637 
f 2665/2665/2665 2639/2639/2639 2638/2638/2638 
f 2664/2664/2664 2665/2665/2665 2638/2638/2638 
f 2666/2666/2666 2640/2640/2640 2639/2639/2639 
f 2665/2665/2665 2666/2666/2666 2639/2639/2639 
f 2667/2667/2667 2641/2641/2641 2640/2640/2640 
f 2666/2666/2666 2667/2667/2667 2640/2640/2640 
f 2668/2668/2668 2642/2642/2642 2641/2641/2641 
f 2667/2667/2667 2668/2668/2668 2641/2641/2641 
f 2669/2669/2669 2643/2643/2643 2642/2642/2642 
f 2668/2668/2668 2669/2669/2669 2642/2642/2642 
f 2670/2670/2670 2644/2644/2644 2643/2643/2643 
f 2669/2669/2669 2670/2670/2670 2643/2643/2643 
f 2671/2671/2671 2645/2645/2645 2644/2644/2644 
f 2670/2670/2670 2671/2671/2671 2644/2644/2644 
f 2672/2672/2672 2646/2646/2646 2645/2645/2645 
f 2671/2671/2671 2672/2672/2672 2645/2645/2645 
f 2673/2673/2673 2647/2647/2647 2646/2646/2646 
f 2672/2672/2672 2673/2673/2673 2646/2646/2646 
f 2674/2674/2674 2648/2648/2648 2647/2647/2647 
f 2673/2673/2673 2674/2674/2674 2647/2647/2647 
f 2675/2675/2675 2649/2649/2649 2648/2648/2648 
f 2674/2674/2674 2675/2675/2675 2648/2648/2648 
f 2676/2676/2676 2650/2650/2650 2649/2649/2649 
f 2675/2675/2675 2676/2676/2676 2649/2649/2649 
f 2677/2677/2677 2651/2651/2651 2650/2650/2650 
f 2676/2676/2676 2677/2677/2677 2650/2650/2650 
f 2678/2678/2678 2652/2652/2652 2651/2651/2651 
f 2677/2677/2677 2678/2678/2678 2651/2651/2651 
f 2679/2679/2679 2653/2653/2653 2652/2652/2652 
f 2678/2678/2678 2679/2679/2679 2652/2652/2652 
f 2680/2680/2680 2654/2654/2654 2653/2653/2653 
f 2679/2679/2679 2680/2680/2680 2653/2653/2653 
f 2681/2681/2681 2655/2655/2655 2654/2654/2654 
f 2680/2680/2680 2681/2681/2681 2654/2654/2654 
f 2682/2682/2682 2656/2656/2656 2655/2655/2655 
f 2681/2681/2681 2682/2682/2682 2655/2655/2655 
f 2683/2683/2683 2657/2657/2657 2656/2656/2656 
f 2682/2682/2682 2683/2683/2683 2656/2656/2656 
f 2684/2684/2684 2658/2658/2658 2657/2657/2657 
f 2683/2683/2683 2684/2684/2684 2657/2657/2657 
f 2685/2685/2685 2659/2659/2659 2658/2658/2658 
f 2684/2684/2684 2685/2685/2685 2658/2658/2658 
f 2686/2686/2686 2660/2660/2660 2659/2659/2659 
f 2685/2685/2685 2686/2686/2686 2659/2659/2659 
f 2661/2661/2661 2635/2635/2635 2660/2660/2660 
f 2686/2686/2686 2661/2661/2661 2660/2660/2660 
f 2688/2688/2688 2662/2662/2662 2661/2661/2661 
f 2687/2687/2687 2688/2688/2688 2661/2661/2661 
f 2689/2689/2689 2663/2663/2663 2662/2662/2662 
f 2688/2688/2688 2689/2689/2689 2662/2662/2662 
f 2690/2690/2690 2664/2664/2664 2663/2663/2663 
f 2689/2689/2689 2690/2690/2690 2663/2663/2663 
f 2691/2691/2691 2665/2665/2665 2664/2664/2664 
f 2690/2690/2690 2691/2691/2691 2664/2664/2664 
f 2692/2692/2692 2666/2666/2666 2665/2665/2665 
f 2691/2691/2691 2692/2692/2692 2665/2665/2665 
f 2693/2693/2693 2667/2667/2667 2666/2666/2666 
f 2692/2692/2692 2693/2693/2693 2666/2666/2666 
f 2694/2694/2694 2668/2668/2668 2667/2667/2667 
f 2693/2693/2693 2694/2694/2694 2667/2667/2667 
f 2695/2695/2695 2669/2669/2669 2668/2668/2668 
f 2694/2694/2694 2695/2695/2695 2668/2668/2668 
f 2696/2696/2696 2670/2670/2670 2669/2669/2669 
f 2695/2695/2695 2696/2696/2696 2669/2669/2669 
f 2697/2697/2697 2671/2671/2671 2670/2670/2670 
f 2696/2696/2696 2697/2697/2697 2670/2670/2670 
f 2698/2698/2698 2672/2672/2672 2671/2671/2671 
f 2697/2697/2697 2698/2698/2698 2671/2671/2671 
f 2699/2699/2699 2673/2673/2673 2672/2672/2672 
f 2698/2698/2698 2699/2699/2699 2672/2672/2672 
f 2700/2700/2700 2674/2674/2674 2673/2673/2673 
f 2699/2699/2699 2700/2700/2700 2673/2673/2673 
f 2701/2701/2701 2675/2675/2675 2674/2674/2674 
f 2700/2700/2700 2701/2701/2701 2674/2674/2674 
f 2702/2702/2702 2676/2676/2676 2675/2675/2675 
f 2701/2701/2701 2702/2702/2702 2675/2675/2675 
f 2703/2703/2703 2677/2677/2677 2676/2676/2676 
f 2702/2702/2702 2703/2703/2703 2676/2676/2676 
f 2704/2704/2704 2678/2678/2678 2677/2677/2677 
f 2703/2703/2703 2704/2704/2704 2677/2677/2677 
f 2705/2705/2705 2679/2679/2679 2678/2678/2678 
f 2704/2704/2704 2705/2705/2705 2678/2678/2678 
f 2706/2706/2706 2680/2680/2680 2679/2679/2679 
f 2705/2705/2705 2706/2706/2706 2679/2679/2679 
f 2707/2707/2707 2681/2681/2681 2680/2680/2680 
f 2706/2706/2706 2707/2707/2707 2680/2680/2680 
f 2708/2708/2708 2682/2682/2682 2681/2681/2681 
f 2707/2707/2707 2708/2708/2708 2681/2681/2681 
f 2709/2709/2709 2683/2683/2683 2682/2682/2682 
f 2708/2708/2708 2709/2709/2709 2682/2682/2682 
f 2710/2710/2710 2684/2684/2684 2683/2683/2683 
f 2709/2709/2709 2710/2710/2710 2683/2683/2683 
f 2711/2711/2711 2685/2685/2685 2684/2684/2684 
f 2710/2710/2710 2711/2711/2711 2684/2684/2684 
f 2712/2712/2712 2686/2686/2686 2685/2685/2685 
f 2711/2711/2711 2712/2712/2712 2685/2685/2685 
f 2687/2687/2687 2661/2661/2661 2686/2686/2686 
f 2712/2712/2712 2687/2687/2687 2686/2686/2686 
f 2714/2714/2714 2688/2688/2688 2687/2687/2687 
f 2713/2713/2713 2714/2714/2714 2687/2687/2687 
f 2715/2715/2715 2689/2689/2689 2688/2688/2688 
f 2714/2714/2714 2715/2715/2715 2688/2688/2688 
f 2716/2716/2716 2690/2690/2690 2689/2689/2689 
f 2715/2715/2715 2716/2716/2716 2689/2689/2689 
f 2717/2717/2717 2691/2691/2691 2690/2690/2690 
f 2716/2716/2716 2717/2717/2717 2690/2690/2690 
f 2718/2718/2718 2692/2692/2692 2691/2691/2691 
f 2717/2717/2717 2718/2718/2718 2691/2691/2691 
f 2719/2719/2719 2693/2693/2693 2692/2692/2692 
f 2718/2718/2718 2719/2719/2719 2692/2692/2692 
f 2720/2720/2720 2694/2694/2694 2693/2693/2693 
f 2719/2719/2719 2720/2720/2720 2693/2693/2693 
f 2721/2721/2721 2695/2695/2695 2694/2694/2694 
f 2720/2720/2720 2721/2721/2721 2694/2694/2694 
f 2722/2722/2722 2696/2696/2696 2695/2695/2695 
f 2721/2721/2721 2722/2722/2722 2695/2695/2695 
f 2723/2723/2723 2697/2697/2697 2696/2696/2696 
f 2722/2722/2722 2723/2723/2723 2696/2696/2696 
f 2724/2724/2724 2698/2698/2698 2697/2697/2697 
f 2723/2723/2723 2724/2724/2724 2697/2697/2697 
f 2725/2725/2725 2699/2699/2699 2698/2698/2698 
f 2724/2724/2724 2725/2725/2725 2698/2698/2698 
f 2726/2726/2726 2700/2700/2700 2699/2699/2699 
f 2725/2725/2725 2726/2726/2726 2699/2699/2699 
f 2727/2727/2727 2701/2701/2701 2700/2700/2700 
f 2726/2726/2726 2727/2727/2727 2700/2700/2700 
f 2728/2728/2728 2702/2702/2702 2701/2701/2701 
f 2727/2727/2727 2728/2728/2728 2701/2701/2701 
f 2729/2729/2729 2703/2703/2703 2702/2702/2702 
f 2728/2728/2728 2729/2729/2729 2702/2702/2702 
f 2730/2730/2730 2704/2704/2704 2703/2703/2703 
f 2729/2729/2729 2730/2730/2730 2703/2703/2703 
f 2731/2731/2731 2705/2705/2705 2704/2704/2704 
f 2730/2730/2730 2731/2731/2731 2704/2704/2704 
f 2732/2732/2732 2706/2706/2706 2705/2705/2705 
f 2731/2731/2731 2732/2732/2732 2705/2705/2705 
f 2733/2733/2733 2707/2707/2707 2706/2706/2706 
f 2732/2732/2732 2733/2733/2733 2706/2706/2706 
f 2734/2734/2734 2708/2708/2708 2707/2707/2707 
f 2733/2733/2733 2734/2734/2734 2707/2707/2707 
f 2735/2735/2735 2709/2709/2709 2708/2708/2708 
f 2734/2734/2734 2735/2735/2735 2708/2708/2708 
f 2736/2736/2736 2710/2710/2710 2709/2709/2709 
f 2735/2735/2735 2736/2736/2736 2709/2709/2709 
f 2737/2737/2737 2711/2711/2711 2710/2710/2710 
f 2736/2736/2736 2737/2737/2737 2710/2710/2710 
f 2738/2738/2738 2712/2712/2712 2711/2711/2711 
f 2737/2737/2737 2738/2738/2738 2711/2711/2711 
f 2713/2713/2713 2687/2687/2687 2712/2712/2712 
f 2738/2738/2738 2713/2713/2713 2712/2712/2712 
f 2089/2089/2089 2090/2090/2090 2739/2739/2739 
f 2714/2714/2714 2713/2713/2713 2740/2740/2740 
f 2090/2090/2090 2091/2091/2091 2739/2739/2739 
f 2715/2715/2715 2714/2714/2714 2740/2740/2740 
f 2091/2091/2091 2092/2092/2092 2739/2739/2739 
f 2716/2716/2716 2715/2715/2715 2740/2740/2740 
f 2092/2092/2092 2093/2093/2093 2739/2739/2739 
f 2717/2717/2717 2716/2716/2716 2740/2740/2740 
f 2093/2093/2093 2094/2094/2094 2739/2739/2739 
f 2718/2718/2718 2717/2717/2717 2740/2740/2740 
f 2094/2094/2094 2095/2095/2095 2739/2739/2739 
f 2719/2719/2719 2718/2718/2718 2740/2740/2740 
f 2095/2095/2095 2096/2096/2096 2739/2739/2739 
f 2720/2720/2720 2719/2719/2719 2740/2740/2740 
f 2096/2096/2096 2097/2097/2097 2739/2739/2739 
f 2721/2721/2721 2720/2720/2720 2740/2740/2740 
f 2097/2097/2097 2098/2098/2098 2739/2739/2739 
f 2722/2722/2722 2721/2721/2721 2740/2740/2740 
f 2098/2098/2098 2099/2099/2099 2739/2739/2739 
f 2723/2723/2723 2722/2722/2722 2740/2740/2740 
f 2099/2099/2099 2100/2100/2100 2739/2739/2739 
f 2724/2724/2724 2723/2723/2723 2740/2740/2740 
f 2100/2100/2100 2101/2101/2101 2739/2739/2739 
f 2725/2725/2725 2724/2724/2724 2740/2740/2740 
f 2101/2101/2101 2102/2102/2102 2739/2739/2739 
f 2726/2726/2726 2725/2725/2725 2740/2740/2740 
f 2102/2102/2102 2103/2103/2103 2739/2739/2739 
f 2727/2727/2727 2726/2726/2726 2740/2740/2740 
f 2103/2103/2103 2104/2104/2104 2739/2739/2739 
f 2728/2728/2728 2727/2727/2727 2740/2740/2740 
f 2104/2104/2104 2105/2105/2105 2739/2739/2739 
f 2729/2729/2729 2728/2728/2728 2740/2740/2740 
f 2105/2105/2105 2106/2106/2106 2739/2739/2739 
f 2730/2730/2730 2729/2729/2729 2740/2740/2740 
f 2106/2106/2106 2107/2107/2107 2739/2739/2739 
f 2731/2731/2731 2730/2730/2730 2740/2740/2740 
f 2107/2107/2107 2108/2108/2108 2739/2739/2739 
f 2732/2732/2732 2731/2731/2731 2740/2740/2740 
f 2108/2108/2108 2109/2109/2109 2739/2739/2739 
f 2733/2733/2733 2732/2732/2732 2740/2740/2740 
f 2109/2109/2109 2110/2110/2110 2739/2739/2739 
f 2734/2734/2734 2733/2733/2733 2740/2740/2740 
f 2110/2110/2110 2111/2111/2111 2739/2739/2739 
f 2735/2735/2735 2734/2734/2734 2740/2740/2740 
f 2111/2111/2111 2112/2112/2112 2739/2739/2739 
f 2736/2736/2736 2735/2735/2735 2740/2740/2740 
f 2112/2112/2112 2113/2113/2113 2739/2739/2739 
f 2737/2737/2737 2736/2736/2736 2740/2740/2740 
f 2113/2113/2113 2114/2114/2114 2739/2739/2739 
f 2738/2738/2738 2737/2737/2737 2740/2740/2740 
f 2114/2114/2114 2089/2089/2089 2739/2739/2739 
f 2713/2713/2713 2738/2738/2738 2740/2740/2740 

g s.0042
usemap Cartoon_FFFFFF
usemtl Cartoon_FFFFFF
v -0.0450692 0.08835007 -0.06083776
v -0.04475493 0.08807943 -0.06268402
v -0.04388864 0.08794758 -0.06226078
v -0.04334744 0.08786643 -0.06145611
v -0.04327635 0.08785774 -0.06048562
v -0.04369441 0.08792382 -0.05960935
v -0.04448961 0.08804697 -0.05906211
v -0.04544887 0.0881942 -0.05899052
v -0.04631516 0.08832605 -0.05941377
v -0.04685635 0.0884072 -0.06021845
v -0.04692744 0.08841589 -0.06118893
v -0.04650938 0.08834981 -0.0620652
v -0.04571418 0.08822666 -0.06261244
v -0.04438876 0.08640409 -0.06591447
v -0.04200543 0.08604135 -0.06475004
v -0.0405165 0.0858181 -0.06253622
v -0.04032091 0.08579417 -0.05986622
v -0.04147108 0.08597597 -0.05745545
v -0.04365882 0.08631479 -0.05594989
v -0.04629792 0.08671984 -0.05575293
v -0.04868125 0.08708259 -0.05691737
v -0.05017019 0.08730584 -0.05913118
v -0.05036578 0.08732976 -0.06180118
v -0.0492156 0.08714797 -0.06421195
v -0.04702786 0.08680914 -0.06571752
v -0.04440116 0.08347936 -0.06817119
v -0.0409562 0.08295503 -0.06648807
v -0.03880402 0.08263233 -0.06328813
v -0.03852132 0.08259775 -0.05942879
v -0.04018382 0.08286053 -0.05594417
v -0.04334607 0.08335028 -0.05376795
v -0.04716075 0.08393575 -0.05348327
v -0.05060571 0.08446009 -0.05516639
v -0.05275788 0.08478278 -0.05836633
v -0.05304059 0.08481736 -0.06222567
v -0.05137809 0.08455458 -0.06571029
v -0.04821583 0.08406484 -0.0678865
v -0.04479516 0.07989445 -0.06897084
v -0.04097131 0.07931246 -0.0671026
v -0.03858243 0.07895427 -0.06355072
v -0.03826862 0.07891588 -0.05926691
v -0.04011398 0.07920756 -0.05539903
v -0.04362403 0.07975117 -0.05298346
v -0.04785826 0.08040104 -0.05266746
v -0.05168212 0.08098304 -0.05453571
v -0.054071 0.08134123 -0.05808759
v -0.0543848 0.08137962 -0.0623714
v -0.05253945 0.08108793 -0.06623928
v -0.04902939 0.08054432 -0.06865485
v -0.04542391 0.0757933 -0.06896154
v -0.04160006 0.07521129 -0.0670933
v -0.03921118 0.07485311 -0.06354141
v -0.03889738 0.07481471 -0.05925761
v -0.04074273 0.0751064 -0.05538972
v -0.04425278 0.07565001 -0.05297416
v -0.04848702 0.07629988 -0.05265816
v -0.05231088 0.07688188 -0.0545264
v -0.05469975 0.07724006 -0.05807829
v -0.05501356 0.07727846 -0.06236209
v -0.0531682 0.07698677 -0.06622998
v -0.04965815 0.07644317 -0.06864554
v -0.04542391 0.0757933 -0.06896154
v -0.04572988 0.07412022 -0.06889244
v -0.0418873 0.07360878 -0.06704206
v -0.0394457 0.07348884 -0.06351005
v -0.0390593 0.07379254 -0.0592428
v -0.04083166 0.0744385 -0.05538372
v -0.04428784 0.07525365 -0.05296686
v -0.04850179 0.07601956 -0.0526398
v -0.05234437 0.07653099 -0.05449018
v -0.05478597 0.07665093 -0.05802219
v -0.05517236 0.07634723 -0.06228944
v -0.05340002 0.07570127 -0.06614852
v -0.04994383 0.07488612 -0.06856538
v -0.04572988 0.07412022 -0.06889244
v -0.04608171 0.07249504 -0.06869206
v -0.04221625 0.0720455 -0.06687352
v -0.03971194 0.07214604 -0.06338507
v -0.03923981 0.07276972 -0.05916144
v -0.04092636 0.07374942 -0.05533434
v -0.04431968 0.07482264 -0.05292925
v -0.04851054 0.07570181 -0.0525906
v -0.052376 0.07615136 -0.05440914
v -0.05488031 0.07605082 -0.05789759
v -0.05535244 0.07542714 -0.06212122
v -0.05366589 0.07444743 -0.06594831
v -0.05027256 0.07337421 -0.06835341
v -0.04608171 0.07249504 -0.06869206
v -0.04647609 0.07092889 -0.06837371
v -0.04258432 0.07052931 -0.06660019
v -0.04000853 0.07082698 -0.06317563
v -0.03943891 0.07174217 -0.05901763
v -0.04102807 0.07302962 -0.05524034
v -0.04435021 0.07434438 -0.05285587
v -0.04851517 0.07533416 -0.05250314
v -0.05240694 0.07573375 -0.05427666
v -0.05498273 0.07543607 -0.05770123
v -0.05555235 0.07452089 -0.06185922
v -0.05396318 0.07323343 -0.06563652
v -0.05064104 0.07191867 -0.06802098
v -0.04647609 0.07092889 -0.06837371
v -0.04690865 0.069428 -0.06795146
v -0.04298821 0.06906414 -0.06623431
v -0.04033394 0.0695321 -0.06288963
v -0.03965706 0.07070648 -0.05881365
v -0.04113894 0.07227261 -0.05509852
v -0.04438251 0.07381085 -0.0527397
v -0.04851865 0.07490903 -0.05236924
v -0.0524391 0.07527289 -0.05408641
v -0.05509336 0.07480494 -0.05743108
v -0.05577024 0.07363056 -0.06150705
v -0.05428836 0.07206442 -0.06522218
v -0.0510448 0.07052618 -0.06758101
v -0.04690865 0.069428 -0.06795146
v -0.04786863 0.06662585 -0.06684725
v -0.04388868 0.06628728 -0.06526727
v -0.04106461 0.06701089 -0.06211261
v -0.04015311 0.06860282 -0.05822855
v -0.04139842 0.07063649 -0.05465583
v -0.04446687 0.07256698 -0.05235175
v -0.04853626 0.07387702 -0.0519337
v -0.0525162 0.0742156 -0.05351368
v -0.05534028 0.07349198 -0.05666834
v -0.05625178 0.07190005 -0.0605524
v -0.05500646 0.06986638 -0.06412512
v -0.05193802 0.06793588 -0.0664292
v -0.04786863 0.06662585 -0.06684725
v -0.04892237 0.06406839 -0.06546655
v -0.04488761 0.06369758 -0.06404032
v -0.04188962 0.06457117 -0.06109077
v -0.04073171 0.06645509 -0.05740824
v -0.04172414 0.06884454 -0.05397946
v -0.04460099 0.07109927 -0.05172316
v -0.04859141 0.07261513 -0.05124393
v -0.05262616 0.07298595 -0.05267017
v -0.05562415 0.07211235 -0.05561972
v -0.05678206 0.07022844 -0.05930225
v -0.05578963 0.06783898 -0.06273103
v -0.05291278 0.06558425 -0.06498732
v -0.04892237 0.06406839 -0.06546655
v -0.05003365 0.06171099 -0.06386892
v -0.04595519 0.06126394 -0.0625972
v -0.0427921 0.06220224 -0.05984668
v -0.04139191 0.06427445 -0.05635435
v -0.04212982 0.06692532 -0.05305598
v -0.04480809 0.06944458 -0.05083536
v -0.04870909 0.07115717 -0.05028751
v -0.05278755 0.07160421 -0.05155923
v -0.05595065 0.07066593 -0.05430975
v -0.05735083 0.06859371 -0.05780208
v -0.05661292 0.06594283 -0.06110045
v -0.05393465 0.06342358 -0.06332107
v -0.05003365 0.06171099 -0.06386892
v -0.05117013 0.0595036 -0.06209364
v -0.0470619 0.0589542 -0.06096604
v -0.04375172 0.05989693 -0.05839604
v -0.04212656 0.06207921 -0.05507227
v -0.04262188 0.0649163 -0.05188533
v -0.04510495 0.06764799 -0.04968917
v -0.04891045 0.06954233 -0.04907223
v -0.05301868 0.07009173 -0.05019984
v -0.05632886 0.06914899 -0.05276984
v -0.05795401 0.06696671 -0.0560936
v -0.0574587 0.06412964 -0.05928054
v -0.05497563 0.06139794 -0.06147671
v -0.05117013 0.0595036 -0.06209364
v -0.05230291 0.05739875 -0.06016903
v -0.04817832 0.05673901 -0.0591673
v -0.04474497 0.05765052 -0.05675231
v -0.04292281 0.05988905 -0.05357116
v -0.04320009 0.06285477 -0.05047625
v -0.04550251 0.06575304 -0.04829684
v -0.04921314 0.06780725 -0.0476169
v -0.05333773 0.06846698 -0.04861863
v -0.05677108 0.06755547 -0.05103362
v -0.05859325 0.06531695 -0.05421476
v -0.05831597 0.06235123 -0.05730968
v -0.05601354 0.05945296 -0.05948909
v -0.05230291 0.05739875 -0.06016903
v -0.05340603 0.05535371 -0.05811864
v -0.04927552 0.05459225 -0.05721863
v -0.04574615 0.05545899 -0.05492883
v -0.0437636 0.05772168 -0.05186278
v -0.04385909 0.06077404 -0.04884204
v -0.04600704 0.06379819 -0.046676
v -0.04963192 0.06598382 -0.04594506
v -0.05376242 0.06674527 -0.04684506
v -0.0572918 0.06587853 -0.04913487
v -0.05927435 0.06361584 -0.05220091
v -0.05917886 0.06056348 -0.05522166
v -0.05703091 0.05753933 -0.0573877
v -0.05340603 0.05535371 -0.05811864
v -0.05446755 0.05331896 -0.05594449
v -0.05033653 0.05247818 -0.05512067
v -0.04673581 0.05331003 -0.05293121
v -0.04463019 0.05559162 -0.04996277
v -0.04458388 0.05871161 -0.04701074
v -0.04660928 0.06183399 -0.04486611
v -0.05016369 0.06412213 -0.04410355
v -0.05429472 0.06496291 -0.04492737
v -0.05789544 0.06413105 -0.04711683
v -0.06000106 0.06184946 -0.05008527
v -0.06004737 0.05872948 -0.0530373
v -0.05802196 0.0556071 -0.05518192
v -0.05446755 0.05331896 -0.05594449
v -0.05548849 0.05128375 -0.05364946
v -0.05135813 0.05038856 -0.0528815
v -0.04770331 0.05120636 -0.05077807
v -0.04550333 0.053518 -0.04790277
v -0.04534767 0.05670409 -0.04502605
v -0.04727804 0.05991091 -0.0429187
v -0.0507772 0.0622792 -0.04214542
v -0.05490756 0.06317438 -0.04291338
v -0.05856238 0.06235659 -0.04501681
v -0.06076236 0.06004495 -0.0478921
v -0.06091802 0.05685887 -0.05076883
v -0.05898765 0.05365204 -0.05287617
v -0.05548849 0.05128375 -0.05364946
v -0.05646355 0.04927024 -0.05125643
v -0.05233289 0.04834341 -0.05052869
v -0.04863651 0.04916816 -0.048502
v -0.04636484 0.05152351 -0.04571941
v -0.04612657 0.05477834 -0.04292652
v -0.04798556 0.05806052 -0.04087167
v -0.05144368 0.06049059 -0.04010546
v -0.05557434 0.06141742 -0.0408332
v -0.05927072 0.06059266 -0.04285989
v -0.06154239 0.05823731 -0.04564247
v -0.06178065 0.05498248 -0.04843537
v -0.05992167 0.05170031 -0.05049022
v -0.05646355 0.04927024 -0.05125643
v -0.0573866 0.0473031 -0.04878692
v -0.05325339 0.04636512 -0.04808852
v -0.04952413 0.04721732 -0.04613474
v -0.04719805 0.04963137 -0.04344909
v -0.04689844 0.05296041 -0.0407512
v -0.04870556 0.05631243 -0.03876395
v -0.05213521 0.05878927 -0.03801983
v -0.05626841 0.05972725 -0.03871823
v -0.05999768 0.05887505 -0.04067201
v -0.06232375 0.05646101 -0.04335766
v -0.06262337 0.05313196 -0.04605556
v -0.06081624 0.04977994 -0.0480428
v -0.0573866 0.0473031 -0.04878692
v -0.05825092 0.04540834 -0.04626042
v -0.05411221 0.04447751 -0.04558545
v -0.05035546 0.04537681 -0.04370688
v -0.04798728 0.04786527 -0.04112808
v -0.04764222 0.05127612 -0.03854003
v -0.04941275 0.05469541 -0.0366362
v -0.05282445 0.05720697 -0.03592672
v -0.05696316 0.0581378 -0.03660169
v -0.06071991 0.0572385 -0.03848027
v -0.06308809 0.05475003 -0.04105907
v -0.06343314 0.05133919 -0.04364711
v -0.06166261 0.04791988 -0.04555094
v -0.05825092 0.04540834 -0.04626042
v -0.0590495 0.04361238 -0.04369314
v -0.05490194 0.04270491 -0.04304114
v -0.05112011 0.04367007 -0.04124746
v -0.04871738 0.04624924 -0.03879274
v -0.04833754 0.04975133 -0.0363347
v -0.05008238 0.05323797 -0.03453197
v -0.05348436 0.05577492 -0.03386761
v -0.05763192 0.05668239 -0.03451961
v -0.06141374 0.05571723 -0.03631328
v -0.06381647 0.05313806 -0.03876801
v -0.06419631 0.04963596 -0.04122605
v -0.06245148 0.04614932 -0.04302878
v -0.0590495 0.04361238 -0.04369314
v -0.05977528 0.0419416 -0.04109603
v -0.05561525 0.0410717 -0.04047288
v -0.05180793 0.04212068 -0.03878322
v -0.04937351 0.04480745 -0.0364798
v -0.04896427 0.0484121 -0.03417981
v -0.05068987 0.05196876 -0.03249954
v -0.05408795 0.05452444 -0.03188921
v -0.05824798 0.05539434 -0.03251236
v -0.0620553 0.05434537 -0.03420202
v -0.06448972 0.0516586 -0.03650544
v -0.06489897 0.04805395 -0.03880543
v -0.06317335 0.04449727 -0.0404857
v -0.05977528 0.0419416 -0.04109603
v -0.06042112 0.04042228 -0.03847118
v -0.05624485 0.03960212 -0.03789068
v -0.05240883 0.04075205 -0.0363371
v -0.04994094 0.04356395 -0.03422675
v -0.04950243 0.04728439 -0.03212507
v -0.05121081 0.05091645 -0.03059522
v -0.05460831 0.05348695 -0.03004711
v -0.05878458 0.05430711 -0.03062763
v -0.0626206 0.05315718 -0.0321812
v -0.0650885 0.05034528 -0.03429156
v -0.065527 0.04662485 -0.03639324
v -0.06381862 0.04299278 -0.03792308
v -0.06042112 0.04042228 -0.03847118
v -0.06097226 0.03909482 -0.03584634
v -0.05677744 0.03833122 -0.03532538
v -0.05291112 0.03958984 -0.03394034
v -0.05040926 0.04253343 -0.03206233
v -0.04994224 0.04637326 -0.03019457
v -0.05163519 0.05008045 -0.02883752
v -0.0550345 0.05266166 -0.02835481
v -0.05922931 0.05342525 -0.02887576
v -0.06309563 0.05216663 -0.0302608
v -0.06559749 0.04922304 -0.03213881
v -0.06606451 0.04538321 -0.03400657
v -0.06437156 0.04167602 -0.03536362
v -0.06097226 0.03909482 -0.03584634
v -0.06141765 0.03797244 -0.03325288
v -0.05720418 0.03726808 -0.03280402
v -0.05331152 0.03863213 -0.03160505
v -0.05078271 0.04169909 -0.02997723
v -0.05029534 0.04564717 -0.02835673
v -0.05198 0.04941849 -0.02717775
v -0.05538529 0.05200253 -0.02675622
v -0.05959876 0.05270689 -0.02720508
v -0.06349142 0.05134284 -0.02840406
v -0.06602022 0.04827588 -0.03003188
v -0.06650759 0.0443278 -0.03165238
v -0.06482293 0.04055648 -0.03283135
v -0.06141765 0.03797244 -0.03325288
v -0.06175565 0.03703915 -0.03069464
v -0.05752442 0.0363965 -0.03032768
v -0.05361276 0.03786004 -0.02932376
v -0.05106878 0.04103763 -0.02795189
v -0.05057415 0.04507784 -0.02657964
v -0.0522614 0.04889808 -0.02557473
v -0.05567843 0.05147474 -0.02520641
v -0.05990966 0.05211738 -0.02557337
v -0.06382132 0.05065383 -0.02657729
v -0.0663653 0.04747624 -0.02794917
v -0.06685993 0.04343604 -0.0293214
v -0.06517268 0.0396158 -0.03032632
v -0.06175565 0.03703915 -0.03069464
v -0.06198605 0.03627403 -0.02818109
v -0.05773881 0.03569635 -0.02790157
v -0.05381828 0.03725282 -0.02709052
v -0.05127498 0.04052641 -0.02596528
v -0.05079037 0.04463995 -0.02482735
v -0.05249431 0.04849122 -0.02398164
v -0.05593022 0.05104828 -0.02365475
v -0.06017747 0.05162596 -0.02393427
v -0.06409799 0.05006948 -0.02474532
v -0.06664129 0.04679589 -0.02587056
v -0.0671259 0.04268236 -0.02700849
v -0.06542196 0.03883108 -0.0278542
v -0.06198605 0.03627403 -0.02818109
v -0.06211087 0.03565007 -0.0257222
v -0.05784978 0.03514288 -0.02553042
v -0.05393247 0.0367878 -0.02489807
v -0.05140859 0.0401441 -0.02399458
v -0.05095441 0.04431243 -0.02306205
v -0.05269162 0.04817592 -0.02235034
v -0.05615474 0.05069932 -0.02205016
v -0.06041583 0.05120651 -0.02224194
v -0.06433314 0.04956159 -0.0228743
v -0.06685702 0.0462053 -0.02377779
v -0.0673112 0.04203697 -0.02471032
v -0.06557399 0.03817348 -0.02542202
v -0.06211087 0.03565007 -0.0257222
v -0.06213409 0.03513525 -0.02332288
v -0.05786135 0.03470787 -0.02321367
v -0.05396045 0.03644129 -0.02273497
v -0.05147664 0.03987107 -0.02201505
v -0.05107545 0.04407818 -0.02124681
v -0.05286439 0.04793534 -0.02063611
v -0.0563641 0.05040902 -0.02034657
v -0.06063684 0.05083641 -0.02045579
v -0.06453773 0.04910298 -0.02093449
v -0.06702155 0.04567321 -0.0216544
v -0.06742273 0.0414661 -0.02242264
v -0.0656338 0.03760893 -0.02303334
v -0.06213409 0.03513525 -0.02332288
v -0.06206065 0.03469546 -0.02097946
v -0.05777831 0.03436209 -0.02094247
v -0.05390774 0.03618998 -0.02058409
v -0.05148606 0.03968935 -0.02000034
v -0.05116214 0.04392255 -0.01934764
v -0.05302279 0.0477553 -0.01880088
v -0.05656945 0.05016061 -0.01850656
v -0.06085179 0.05049398 -0.01854355
v -0.06472236 0.04866609 -0.01890193
v -0.06714404 0.04516672 -0.01948567
v -0.06746796 0.04093352 -0.02013838
v -0.0656073 0.03710077 -0.02068514
v -0.06206065 0.03469546 -0.02097946
v -0.06189525 0.03429776 -0.01867859
v -0.05760548 0.03407786 -0.01869882
v -0.05378013 0.03601203 -0.01842206
v -0.0514442 0.03958201 -0.01792247
v -0.05122359 0.04383123 -0.01733392
v -0.05317743 0.04762111 -0.0168141
v -0.05678219 0.04993616 -0.01650231
v -0.06107196 0.05015606 -0.01648207
v -0.06489731 0.04822189 -0.01675883
v -0.06723325 0.04465191 -0.01725842
v -0.06745385 0.0404027 -0.01784698
v -0.06550001 0.03661281 -0.01836679
v -0.06189525 0.03429776 -0.01867859
v -0.06131607 0.03354103 -0.01393708
v -0.0570223 0.03361468 -0.01403253
v -0.05333491 0.0358118 -0.01386899
v -0.05124193 0.03954368 -0.01349031
v -0.05130417 0.04381037 -0.01299793
v -0.05350495 0.04746861 -0.0125238
v -0.05725457 0.04953817 -0.01219496
v -0.06154833 0.04946452 -0.01209951
v -0.06523572 0.0472674 -0.01226304
v -0.06732871 0.04353552 -0.01264173
v -0.06726646 0.03926883 -0.01313411
v -0.06506568 0.03561059 -0.01360823
v -0.06131607 0.03354103 -0.01393708
v -0.06092134 0.03320048 -0.01145616
v -0.05663483 0.03344861 -0.01157936
v -0.05303994 0.03579722 -0.01147111
v -0.05109992 0.039617 -0.0111604
v -0.05133459 0.04388444 -0.0107305
v -0.05368108 0.04745608 -0.01029659
v -0.05751064 0.04937491 -0.009974945
v -0.06179715 0.04912677 -0.009851743
v -0.06539204 0.04677817 -0.009959992
v -0.06733206 0.04295839 -0.0102707
v -0.0670974 0.03869095 -0.0107006
v -0.06475091 0.0351193 -0.01113451
v -0.06092134 0.03320048 -0.01145616
v -0.06046993 0.03290711 -0.008915711
v -0.05619928 0.03334317 -0.009065181
v -0.05271202 0.03585067 -0.009016138
v -0.05094255 0.0397577 -0.008781713
v -0.051365 0.0440174 -0.008424729
v -0.05386617 0.04748837 -0.008040834
v -0.05777588 0.04924058 -0.007732894
v -0.06204654 0.04880451 -0.007583424
v -0.0655338 0.04629702 -0.007632468
v -0.06730327 0.04238999 -0.007866886
v -0.06688082 0.03813029 -0.008223873
v -0.06437964 0.03465931 -0.008607771
v -0.06046993 0.03290711 -0.008915711
v -0.05997242 0.03267678 -0.006325718
v -0.05572763 0.03331009 -0.006503545
v -0.05236223 0.03597931 -0.006521206
v -0.05077798 0.03996922 -0.006373975
v -0.05139938 0.04421073 -0.006101295
v -0.05405992 0.04756733 -0.005776234
v -0.05804671 0.04913963 -0.005485889
v -0.0622915 0.04850632 -0.005308058
v -0.06565689 0.0458371 -0.005290393
v -0.06724114 0.04184719 -0.005437627
v -0.06661975 0.03760568 -0.005710311
v -0.0639592 0.03424907 -0.006035373
v -0.05997242 0.03267678 -0.006325718
v -0.05943958 0.03252466 -0.003695972
v -0.0552315 0.03336024 -0.003907707
v -0.05200089 0.03618956 -0.00400313
v -0.05061338 0.04025448 -0.003956668
v -0.05144076 0.04446582 -0.003780764
v -0.05426133 0.04769516 -0.003522556
v -0.05831932 0.0490772 -0.00325124
v -0.0625274 0.04824162 -0.003039505
v -0.065758 0.04541231 -0.002944078
v -0.06714551 0.04134739 -0.002990544
v -0.06631813 0.03713604 -0.003166445
v -0.06349756 0.0339067 -0.003424648
v -0.05943958 0.03252466 -0.003695972
v -0.05888201 0.03246528 -0.001036078
v -0.05472179 0.03350386 -0.001290672
v -0.05163718 0.0364873 -0.00147843
v -0.05045472 0.04061619 -0.00154905
v -0.05149123 0.0447842 -0.001483601
v -0.05446899 0.04787451 -0.00129962
v -0.05859011 0.04905907 -0.001046404
v -0.06275034 0.04802049 -0.0007918105
v -0.06583494 0.04503706 -0.0006040521
v -0.0670174 0.04090817 -0.0005334392
v -0.06598088 0.03674016 -0.0005988888
v -0.06300312 0.03364985 -0.0007828623
v -0.05888201 0.03246528 -0.001036078
v -0.05830974 0.03251271 0.001644466
v -0.05420827 0.03375082 0.001334716
v -0.05127897 0.03687831 0.001036495
v -0.05030676 0.04105718 0.0008297078
v -0.05155212 0.04516771 0.0007697642
v -0.05468138 0.04810847 0.0008727163
v -0.05885604 0.0490915 0.001110997
v -0.06295751 0.04785339 0.001420755
v -0.06588681 0.04472589 0.001718976
v -0.06685902 0.04054702 0.001925766
v -0.06561366 0.0364365 0.001985706
v -0.0624844 0.03349574 0.001882747
v -0.05830974 0.03251271 0.001644466
v -0.05772917 0.03268109 0.004337594
v -0.0536973 0.03411178 0.003952883
v -0.05093149 0.03736968 0.003520057
v -0.05017285 0.04158183 0.003155097
v -0.05162465 0.04561958 0.002955779
v -0.05489789 0.04840104 0.002975516
v -0.0591155 0.04918089 0.003209025
v -0.06314737 0.04775019 0.003593728
v -0.06591318 0.0444923 0.004026555
v -0.06667182 0.04028015 0.004391521
v -0.06522002 0.03624239 0.004590832
v -0.06194678 0.03346094 0.004571103
v -0.05772917 0.03268109 0.004337594
v -0.05713533 0.03298539 0.007040292
v -0.05318497 0.03460091 0.00655482
v -0.05059242 0.03797384 0.005960725
v -0.05005234 0.0422004 0.005417205
v -0.05170945 0.04614809 0.005069882
v -0.05511973 0.04875913 0.005011827
v -0.0593694 0.0493339 0.00525859
v -0.06331976 0.04771837 0.005744062
v -0.06591231 0.04434544 0.006338149
v -0.06645239 0.04011888 0.006881684
v -0.06479528 0.03617119 0.007229
v -0.06138499 0.03356015 0.007287055
v -0.05713533 0.03298539 0.007040292
v -0.05652147 0.03344068 0.009748898
v -0.0526659 0.03523248 0.009136498
v -0.05025832 0.03870339 0.008357212
v -0.04994383 0.04292337 0.007619821
v -0.0518067 0.0467617 0.007121921
v -0.05534778 0.04918989 0.00699693
v -0.05961823 0.04955731 0.007278338
v -0.06347379 0.04776551 0.007890724
v -0.06588137 0.04429461 0.008670025
v -0.06619586 0.04007462 0.009407409
v -0.06433299 0.03623629 0.009905308
v -0.06079192 0.0338081 0.0100303
v -0.05652147 0.03344068 0.009748898
v -0.05588233 0.03406109 0.01245752
v -0.05213634 0.03601909 0.01169286
v -0.04992712 0.03956896 0.01070861
v -0.04984664 0.0437595 0.009768493
v -0.05191645 0.04746787 0.009124406
v -0.05558196 0.0497004 0.008948945
v -0.05986099 0.04985889 0.009289108
v -0.06360698 0.04790089 0.01005376
v -0.06581619 0.04435102 0.01103802
v -0.06589667 0.04016048 0.01197813
v -0.06382686 0.03645211 0.01262222
v -0.06016135 0.03421958 0.01279768
v -0.05588233 0.03406109 0.01245752
v -0.05521412 0.03485895 0.01515865
v -0.05159397 0.03697123 0.01421858
v -0.04959778 0.04057929 0.01301523
v -0.04976043 0.04471635 0.01187102
v -0.05203833 0.04827389 0.01109257
v -0.05582112 0.05029868 0.01088845
v -0.06009521 0.05024816 0.01131335
v -0.06371535 0.04813588 0.01225342
v -0.06571154 0.04452783 0.01345678
v -0.0655489 0.04039077 0.01460098
v -0.063271 0.03683323 0.01537944
v -0.05948821 0.03480844 0.01558356
v -0.05521412 0.03485895 0.01515865
v -0.05451441 0.03584445 0.01784439
v -0.05103776 0.03809726 0.0167092
v -0.04927009 0.04174164 0.01527925
v -0.04968503 0.04580107 0.0139377
v -0.05217142 0.04918784 0.01304402
v -0.05606301 0.05099446 0.01283767
v -0.06031706 0.05073684 0.01337395
v -0.06379371 0.04848402 0.01450915
v -0.06556138 0.04483964 0.01593909
v -0.06514644 0.04078021 0.01728064
v -0.06266005 0.03739344 0.01817433
v -0.05876846 0.03558683 0.01838067
v -0.05451441 0.03584445 0.01784439
v -0.05378179 0.03702554 0.02050747
v -0.05046756 0.03940389 0.019162
v -0.04894435 0.04306257 0.01750526
v -0.04962031 0.04702125 0.01598116
v -0.05231431 0.0502192 0.01499809
v -0.05630449 0.05179954 0.01481947
v -0.0605217 0.0513388 0.01549314
v -0.06383593 0.04896045 0.01683861
v -0.06535913 0.04530177 0.01849535
v -0.06468317 0.04134309 0.02001944
v -0.06198918 0.03814514 0.02100252
v -0.05799899 0.0365648 0.02118114
v -0.05378179 0.03702554 0.02050747
v -0.05301559 0.03840857 0.0231423
v -0.04988386 0.04089693 0.02157667
v -0.04862125 0.04454876 0.01970027
v -0.04956609 0.04838556 0.01801588
v -0.05246522 0.05137926 0.01697484
v -0.05654179 0.05272771 0.01685609
v -0.06070352 0.05206959 0.01769145
v -0.06383526 0.04958123 0.01925708
v -0.06509787 0.0459294 0.02113349
v -0.06415302 0.0420926 0.02281788
v -0.06125391 0.03909889 0.02385891
v -0.05717732 0.03775045 0.02397767
v -0.05301559 0.03840857 0.0231423
v -0.05220865 0.04007112 0.02585447
v -0.04928143 0.04266092 0.02407254
v -0.04830115 0.04627519 0.02196848
v -0.04953048 0.04994549 0.0201061
v -0.05264002 0.05268838 0.01898438
v -0.05679658 0.0537689 0.01890392
v -0.0608864 0.05289751 0.01988626
v -0.06381362 0.05030772 0.02166819
v -0.0647939 0.04669345 0.02377225
v -0.06356456 0.04302315 0.02563464
v -0.06045502 0.04028026 0.02675635
v -0.05629846 0.03919974 0.02683681
v -0.05220865 0.04007112 0.02585447
v -0.05139786 0.0421559 0.02871997
v -0.04870749 0.04484477 0.02672429
v -0.04804344 0.04837609 0.02437063
v -0.04958366 0.05180366 0.02228966
v -0.05291544 0.05420906 0.02103898
v -0.05714604 0.05494776 0.02095369
v -0.06114187 0.05382184 0.02205667
v -0.06383225 0.05113297 0.02405236
v -0.06449629 0.04760165 0.02640601
v -0.06295608 0.04417408 0.02848697
v -0.05962429 0.04176868 0.02973767
v -0.05539369 0.04102997 0.02982295
v -0.05139786 0.0421559 0.02871997
v -0.05064515 0.04476273 0.03167014
v -0.04824761 0.04754651 0.02944455
v -0.04795204 0.05094367 0.02683249
v -0.04983765 0.05404396 0.02453389
v -0.05339919 0.05601666 0.02316464
v -0.05768235 0.05633318 0.02309163
v -0.06153945 0.0549087 0.02433442
v -0.06393699 0.05212492 0.02656004
v -0.06423256 0.04872776 0.02917208
v -0.06234695 0.04562747 0.03147069
v -0.05878541 0.04365477 0.03283994
v -0.05450226 0.04333826 0.03291295
v -0.05064515 0.04476273 0.03167014
v -0.05000577 0.04799096 0.03461785
v -0.04799496 0.05085593 0.03212799
v -0.04815066 0.05405635 0.02926722
v -0.05043117 0.05673468 0.02680212
v -0.05422541 0.05817325 0.02539316
v -0.05851674 0.05798661 0.02541792
v -0.06215529 0.05622475 0.02686975
v -0.06416611 0.05335978 0.02935961
v -0.0640104 0.05015936 0.03222038
v -0.0617299 0.04748103 0.03468549
v -0.05793565 0.04604246 0.03609444
v -0.05364432 0.04622911 0.03606968
v -0.05000577 0.04799096 0.03461785
v -0.04954363 0.05194905 0.03746135
v -0.048065 0.05485388 0.03466374
v -0.04879299 0.05776791 0.03159302
v -0.05153255 0.05991035 0.02907197
v -0.05554962 0.06070713 0.02777611
v -0.05976782 0.05994474 0.02805265
v -0.06305689 0.05782748 0.02982751
v -0.06453553 0.05492266 0.0326251
v -0.06380753 0.05200862 0.03569583
v -0.06106798 0.04986618 0.03821688
v -0.05705091 0.04906941 0.03951275
v -0.0528327 0.04983179 0.0392362
v -0.04954363 0.05194905 0.03746135
v -0.04937676 0.0567471 0.04008398
v -0.04862981 0.05959351 0.03695495
v -0.05007666 0.06208259 0.03376714
v -0.05332964 0.0635474 0.03137477
v -0.0575171 0.06359544 0.03041887
v -0.06151703 0.06221384 0.03115553
v -0.06425764 0.0597728 0.03338743
v -0.06500459 0.05692638 0.03651647
v -0.06355774 0.0544373 0.03970426
v -0.06030477 0.05297249 0.04209663
v -0.0561173 0.05292445 0.04305254
v -0.05211737 0.05430605 0.04231586
v -0.04937676 0.0567471 0.04008398
v -0.04973862 0.06243273 0.0423959
v -0.04993428 0.06503929 0.03898732
v -0.05220996 0.06691345 0.03586326
v -0.05595591 0.06755301 0.03386082
v -0.0601684 0.0667866 0.03351654
v -0.06371869 0.06481959 0.03492267
v -0.06565549 0.06217903 0.03770246
v -0.06545983 0.05957247 0.04111105
v -0.06318415 0.05769831 0.04423511
v -0.0594382 0.05705876 0.04623754
v -0.05522572 0.05782516 0.04658183
v -0.05167542 0.05979217 0.04517568
v -0.04973862 0.06243273 0.0423959
v -0.05192047 0.07217468 0.04681268
v -0.05316107 0.07430731 0.04329648
v -0.05622882 0.07539184 0.04049227
v -0.06030172 0.07513767 0.03915142
v -0.06428844 0.07361291 0.03963324
v -0.06712073 0.07122612 0.04180861
v -0.0680397 0.06861683 0.04509465
v -0.0667991 0.06648421 0.04861086
v -0.06373135 0.06539968 0.05141507
v -0.05965846 0.06565385 0.05275591
v -0.05567174 0.0671786 0.05227411
v -0.05283944 0.06956539 0.05009873
v -0.05192047 0.07217468 0.04681268
v -0.05316107 0.07430731 0.04329648
v -0.05622882 0.07539184 0.04049227
v -0.06030172 0.07513767 0.03915142
v -0.06428844 0.07361291 0.03963324
v -0.06712073 0.07122612 0.04180861
v -0.0680397 0.06861683 0.04509465
v -0.0667991 0.06648421 0.04861086
v -0.06373135 0.06539968 0.05141507
v -0.05965846 0.06565385 0.05275591
v -0.05567174 0.0671786 0.05227411
v -0.05283944 0.06956539 0.05009873
v -0.05192047 0.07217468 0.04681268
v -0.05468266 0.07677257 0.04558853
v -0.05744644 0.07774964 0.04306217
v -0.06111576 0.07752066 0.04185418
v -0.06470744 0.07614698 0.04228827
v -0.0672591 0.07399669 0.04424809
v -0.06808701 0.07164595 0.04720852
v -0.06696934 0.06972464 0.05037631
v -0.06420556 0.06874758 0.05290267
v -0.06053624 0.06897656 0.05411065
v -0.05694456 0.07035023 0.05367657
v -0.0543929 0.07250052 0.05171676
v -0.05356499 0.07485126 0.04875633
v -0.05725415 0.07797413 0.04795299
v -0.05916621 0.07865009 0.04620519
v -0.06170476 0.07849168 0.04536947
v -0.06418959 0.07754133 0.04566976
v -0.0659549 0.07605369 0.04702564
v -0.06652768 0.07442738 0.04907375
v -0.06575444 0.07309816 0.05126533
v -0.06384237 0.0724222 0.05301314
v -0.06130383 0.07258061 0.05384886
v -0.05881899 0.07353096 0.05354854
v -0.05705368 0.0750186 0.05219269
v -0.05648091 0.07664491 0.05014458
v -0.06033368 0.07768439 0.04990469
v -0.06102868 0.07793009 0.04926939
v -0.06195139 0.07787251 0.04896564
v -0.06285457 0.07752708 0.04907479
v -0.06349622 0.07698636 0.04956761
v -0.06370442 0.07639523 0.05031206
v -0.06342335 0.07591208 0.05110866
v -0.06272836 0.07566638 0.05174394
v -0.06180566 0.07572397 0.05204771
v -0.06090247 0.0760694 0.05193855
v -0.06026082 0.07661012 0.05144573
v -0.06005263 0.07720125 0.05070128
v -0.0619292 0.07696915 0.05062821

vn 0.1515402 0.9884486 -0.002242116
vn 0.1718464 0.978305 -0.1157071
vn 0.2250786 0.9702029 -0.08969915
vn 0.2583343 0.9652166 -0.04025324
vn 0.2627027 0.9646822 0.01938176
vn 0.2370134 0.9687427 0.07322669
vn 0.18815 0.9763103 0.1068538
vn 0.1292049 0.9853573 0.1112528
vn 0.07597274 0.9934594 0.08524496
vn 0.04271704 0.9984456 0.03579903
vn 0.03834871 0.9989801 -0.02383597
vn 0.06403784 0.9949195 -0.07768092
vn 0.1129015 0.9873519 -0.1113081
vn 0.2090997 0.9069205 -0.3657491
vn 0.3796912 0.8809561 -0.2824024
vn 0.4862649 0.8649765 -0.1239442
vn 0.5002644 0.8632637 0.06716656
vn 0.4179386 0.8762766 0.2397221
vn 0.2613468 0.9005283 0.3474862
vn 0.07244731 0.9295207 0.3615835
vn -0.09814426 0.9554852 0.2782368
vn -0.204718 0.9714648 0.1197786
vn -0.2187175 0.9731774 -0.07133219
vn -0.1363918 0.9601647 -0.2438877
vn 0.02020028 0.9359129 -0.3516518
vn 0.2380554 0.6638337 -0.7089813
vn 0.5699002 0.6133259 -0.5468502
vn 0.7772137 0.5822415 -0.2386078
vn 0.8044464 0.5789096 0.1331524
vn 0.6443016 0.604223 0.4688178
vn 0.3396896 0.651399 0.6784471
vn -0.02776915 0.7077967 0.7058702
vn -0.3596142 0.7583044 0.5437391
vn -0.5669277 0.7893886 0.2354966
vn -0.5941604 0.7927204 -0.1362637
vn -0.4340155 0.7674069 -0.4719291
vn -0.1294031 0.7202313 -0.6815584
vn 0.1845647 -0.03052391 -0.9823462
vn 0.6453716 -0.1006599 -0.7572074
vn 0.9332513 -0.1438241 -0.3291756
vn 0.9710672 -0.1484509 0.1870584
vn 0.7486866 -0.1133003 0.6531703
vn 0.3256962 -0.04779097 0.9442659
vn -0.1845648 0.03052391 0.9823462
vn -0.6453717 0.10066 0.7572072
vn -0.9332513 0.1438241 0.3291755
vn -0.9710672 0.1484509 -0.1870584
vn -0.7486867 0.1133003 -0.6531702
vn -0.3256959 0.04779097 -0.944266
vn 0.1845647 -0.03052391 -0.9823462
vn 0.6453716 -0.1006599 -0.7572074
vn 0.9332513 -0.1438241 -0.3291756
vn 0.9710672 -0.1484509 0.1870584
vn 0.7486866 -0.1133003 0.6531703
vn 0.3256962 -0.04779097 0.9442659
vn -0.1845648 0.03052391 0.9823462
vn -0.6453717 0.10066 0.7572072
vn -0.9332513 0.1438241 0.3291755
vn -0.9710672 0.1484509 -0.1870584
vn -0.7486867 0.1133003 -0.6531702
vn -0.3256959 0.04779097 -0.944266
vn 0.1845647 -0.03052391 -0.9823462
vn 0.1670187 -0.1144428 -0.9792894
vn 0.6300821 -0.1760758 -0.7563027
vn 0.9243154 -0.1905292 -0.3306653
vn 0.9708791 -0.1539307 0.1835732
vn 0.7572967 -0.07608648 0.6486235
vn 0.3407975 0.022145 0.9398759
vn -0.1670187 0.1144428 0.9792894
vn -0.6300823 0.1760757 0.7563025
vn -0.9243154 0.1905293 0.3306653
vn -0.9708791 0.1539307 -0.1835732
vn -0.7572968 0.07608646 -0.6486234
vn -0.3407971 -0.02214502 -0.939876
vn 0.1670187 -0.1144428 -0.9792894
vn 0.1463473 -0.1932214 -0.9701794
vn 0.6121675 -0.2473951 -0.7510304
vn 0.9139577 -0.2352794 -0.3306434
vn 0.9708534 -0.1601209 0.1783389
vn 0.7676103 -0.04205815 0.6395354
vn 0.3586865 0.08727405 0.9293692
vn -0.1463474 0.1932214 0.9701793
vn -0.6121677 0.2473951 0.7510302
vn -0.9139577 0.2352794 0.3306434
vn -0.9708534 0.1601209 -0.1783389
vn -0.7676103 0.04205818 -0.6395354
vn -0.3586863 -0.08727414 -0.9293693
vn 0.1463473 -0.1932214 -0.9701794
vn 0.1228631 -0.2654358 -0.956268
vn 0.591854 -0.3135891 -0.7425433
vn 0.902258 -0.2777164 -0.3298548
vn 0.9709024 -0.1674298 0.1712178
vn 0.7793948 -0.01228068 0.6264127
vn 0.3790491 0.1461591 0.9137611
vn -0.1228631 0.2654358 0.956268
vn -0.5918543 0.3135891 0.7425432
vn -0.902258 0.2777164 0.3298547
vn -0.9709024 0.1674298 -0.1712178
vn -0.7793949 0.01228074 -0.6264126
vn -0.3790486 -0.1461592 -0.9137613
vn 0.1228631 -0.2654358 -0.956268
vn 0.09700903 -0.330255 -0.9388935
vn 0.5694557 -0.374103 -0.7319611
vn 0.8893169 -0.3177106 -0.3289003
vn 0.9708863 -0.1761878 0.1622888
vn 0.7923078 0.01254425 0.6099927
vn 0.4014311 0.1979152 0.8942497
vn -0.09700913 0.330255 0.9388934
vn -0.5694559 0.3741031 0.731961
vn -0.8893169 0.3177106 0.3289003
vn -0.9708863 0.1761878 -0.1622888
vn -0.7923079 -0.01254423 -0.6099926
vn -0.4014308 -0.1979152 -0.8942499
vn 0.09700903 -0.330255 -0.9388935
vn 0.04022755 -0.4369136 -0.8986035
vn 0.5198444 -0.4777144 -0.7082025
vn 0.8601691 -0.3905117 -0.3280392
vn 0.970012 -0.1986719 0.1400217
vn 0.8199413 0.04640185 0.5705638
vn 0.4501682 0.2790423 0.848224
vn -0.04022763 0.4369137 0.8986034
vn -0.5198446 0.4777144 0.7082024
vn -0.8601691 0.3905117 0.3280391
vn -0.9700121 0.1986719 -0.1400217
vn -0.8199413 -0.04640176 -0.5705638
vn -0.4501679 -0.2790424 -0.8482241
vn 0.04022755 -0.4369136 -0.8986035
vn -0.01994193 -0.5149769 -0.8569721
vn 0.4662804 -0.5596631 -0.6850985
vn 0.827563 -0.4543878 -0.3296532
vn 0.9671007 -0.2273599 0.1141222
vn 0.8475047 0.06058887 0.5273185
vn 0.5008208 0.3323029 0.7992204
vn 0.01994182 0.5149769 0.856972
vn -0.4662805 0.559663 0.6850984
vn -0.827563 0.4543878 0.3296532
vn -0.9671006 0.2273599 -0.1141222
vn -0.8475047 -0.06058879 -0.5273184
vn -0.5008205 -0.332303 -0.7992206
vn -0.01994193 -0.5149769 -0.8569721
vn -0.07980993 -0.5691718 -0.818336
vn 0.4116788 -0.6230444 -0.6650837
vn 0.7928581 -0.5099725 -0.3336227
vn 0.9615917 -0.2602541 0.08723187
vn 0.8726677 0.05919898 0.4847128
vn 0.5499135 0.3627899 0.7523155
vn 0.07980986 0.5691718 0.818336
vn -0.4116789 0.6230443 0.6650836
vn -0.7928581 0.5099725 0.3336228
vn -0.9615915 0.2602541 -0.08723186
vn -0.8726678 -0.05919889 -0.4847127
vn -0.5499133 -0.3627901 -0.7523156
vn -0.07980993 -0.5691718 -0.818336
vn -0.1361557 -0.6048747 -0.7845943
vn 0.3589213 -0.6710832 -0.6487086
vn 0.7578253 -0.5574751 -0.3390019
vn 0.9536704 -0.2944923 0.06153975
vn 0.8939806 0.04739942 0.4455919
vn 0.5947496 0.3765906 0.7102482
vn 0.1361556 0.6048748 0.7845942
vn -0.3589215 0.6710832 0.6487085
vn -0.7578253 0.5574751 0.3390019
vn -0.9536704 0.2944923 -0.06153975
vn -0.8939806 -0.04739931 -0.4455918
vn -0.5947493 -0.3765908 -0.7102482
vn -0.1361557 -0.6048747 -0.7845943
vn -0.1861711 -0.6271551 -0.7563179
vn 0.3108762 -0.7066594 -0.6356007
vn 0.7246243 -0.5968147 -0.344575
vn 0.9442096 -0.327054 0.03877926
vn 0.910795 0.0303404 0.4117425
vn 0.6333339 0.3796051 0.6743798
vn 0.1861711 0.6271552 0.7563179
vn -0.3108764 0.7066594 0.6356007
vn -0.7246243 0.5968146 0.3445749
vn -0.9442096 0.327054 -0.03877926
vn -0.910795 -0.03034035 -0.4117424
vn -0.6333336 -0.3796053 -0.67438
vn -0.1861711 -0.6271551 -0.7563179
vn -0.2274064 -0.6405081 -0.7335092
vn 0.2703546 -0.7322703 -0.6250508
vn 0.6956742 -0.6278211 -0.3491103
vn 0.9345881 -0.355148 0.02037373
vn 0.92308 0.01268675 0.3843986
vn 0.6642337 0.377122 0.6454242
vn 0.2274063 0.6405081 0.7335092
vn -0.2703549 0.7322703 0.6250507
vn -0.6956742 0.6278211 0.3491103
vn -0.9345881 0.355148 -0.02037373
vn -0.92308 -0.01268662 -0.3843984
vn -0.6642336 -0.3771223 -0.6454243
vn -0.2274064 -0.6405081 -0.7335092
vn -0.2593254 -0.6509351 -0.713466
vn 0.2384975 -0.752257 -0.6141893
vn 0.672415 -0.6520119 -0.3503408
vn 0.9261591 -0.3770608 0.007380852
vn 0.9317399 -0.001076813 0.3631247
vn 0.6876621 0.3751957 0.6215699
vn 0.2593253 0.6509352 0.713466
vn -0.2384977 0.7522569 0.6141891
vn -0.672415 0.6520118 0.3503408
vn -0.926159 0.3770609 -0.007380852
vn -0.9317399 0.001076946 -0.3631247
vn -0.6876618 -0.375196 -0.6215701
vn -0.2593254 -0.6509351 -0.713466
vn -0.2838746 -0.662522 -0.6931665
vn 0.2138677 -0.7703992 -0.6006212
vn 0.6543042 -0.6718483 -0.3471396
vn 0.9194201 -0.3932763 -0.0006425991
vn 0.9381784 -0.009326418 0.3460265
vn 0.7055528 0.3771224 0.5999783
vn 0.2838746 0.662522 0.6931665
vn -0.213868 0.7703992 0.600621
vn -0.6543043 0.6718483 0.3471396
vn -0.9194201 0.3932763 0.0006425991
vn -0.9381784 0.009326641 -0.3460265
vn -0.7055525 -0.3771226 -0.5999784
vn -0.2838746 -0.662522 -0.6931665
vn -0.302468 -0.676073 -0.6718917
vn 0.1953107 -0.7877638 -0.5841935
vn 0.640756 -0.6883737 -0.3399607
vn 0.914511 -0.4045346 -0.004636073
vn 0.9432236 -0.01230087 0.3319307
vn 0.7192005 0.3832287 0.5795572
vn 0.3024679 0.676073 0.6718917
vn -0.195311 0.7877638 0.5841934
vn -0.6407561 0.6883737 0.3399607
vn -0.914511 0.4045346 0.004636073
vn -0.9432236 0.01230104 -0.3319306
vn -0.7192003 -0.3832289 -0.5795572
vn -0.302468 -0.676073 -0.6718917
vn -0.3164179 -0.6920892 -0.648762
vn 0.1816678 -0.8051241 -0.564599
vn 0.6310754 -0.7024263 -0.329152
vn 0.9113867 -0.4115141 -0.00550922
vn 0.9474929 -0.01033735 0.3196096
vn 0.7297194 0.3936094 0.5590895
vn 0.3164179 0.6920892 0.648762
vn -0.181668 0.805124 0.5645989
vn -0.6310754 0.7024263 0.329152
vn -0.9113867 0.4115141 0.00550922
vn -0.947493 0.01033748 -0.3196096
vn -0.7297193 -0.3936097 -0.5590897
vn -0.3164179 -0.6920892 -0.648762
vn -0.3269671 -0.710916 -0.6226482
vn 0.1717819 -0.8230894 -0.5413083
vn 0.6245019 -0.7147164 -0.3149252
vn 0.9098868 -0.4148357 -0.004158239
vn 0.9514685 -0.003800385 0.3077229
vn 0.7381052 0.4082532 0.5371498
vn 0.326967 0.7109161 0.6226483
vn -0.1717821 0.8230894 0.5413083
vn -0.6245019 0.7147163 0.3149252
vn -0.9098868 0.4148357 0.004158206
vn -0.9514685 0.003800518 -0.3077227
vn -0.7381051 -0.4082535 -0.5371498
vn -0.3269671 -0.710916 -0.6226482
vn -0.335323 -0.7328435 -0.5920296
vn 0.1644938 -0.8422014 -0.5134577
vn 0.6202344 -0.7258919 -0.2973048
vn 0.9097836 -0.4150802 -0.001489787
vn 0.955557 0.0069514 0.2947243
vn 0.7452901 0.4271205 0.5119675
vn 0.3353229 0.7328435 0.5920296
vn -0.1644941 0.8422014 0.5134574
vn -0.6202345 0.7258918 0.2973048
vn -0.9097836 0.4150802 0.001489787
vn -0.955557 -0.006951267 -0.2947243
vn -0.7452898 -0.4271208 -0.5119676
vn -0.335323 -0.7328435 -0.5920296
vn -0.3426854 -0.7581687 -0.5547495
vn 0.1586339 -0.8629988 -0.4796545
vn 0.6174471 -0.7365887 -0.2760364
vn 0.9108157 -0.4128104 0.00154523
vn 0.960132 0.02157973 0.2787128
vn 0.7521822 0.4501877 0.4811996
vn 0.3426853 0.7581687 0.5547495
vn -0.1586342 0.8629988 0.4796544
vn -0.6174471 0.7365887 0.2760364
vn -0.9108157 0.4128104 -0.00154523
vn -0.9601321 -0.02157961 -0.2787127
vn -0.7521819 -0.450188 -0.4811997
vn -0.3426854 -0.7581687 -0.5547495
vn -0.350246 -0.7872006 -0.5075852
vn 0.1530303 -0.8860376 -0.437629
vn 0.615302 -0.7474612 -0.2504101
vn 0.9127037 -0.4086034 0.003905635
vn 0.9655475 0.03973915 0.2571748
vn 0.7596739 0.4774337 0.4415344
vn 0.3502459 0.7872007 0.5075852
vn -0.1530305 0.8860376 0.4376288
vn -0.615302 0.7474611 0.2504101
vn -0.9127037 0.4086034 -0.003905635
vn -0.9655475 -0.03973902 -0.2571748
vn -0.7596737 -0.477434 -0.4415345
vn -0.350246 -0.7872006 -0.5075852
vn -0.357775 -0.8174586 -0.4513961
vn 0.1477354 -0.9094787 -0.3886166
vn 0.6136599 -0.7578044 -0.2217072
vn 0.9151545 -0.4030771 0.004608146
vn 0.9714342 0.05965401 0.2296887
vn 0.7674195 0.506401 0.3932245
vn 0.3577749 0.8174586 0.4513961
vn -0.1477356 0.9094787 0.3886166
vn -0.6136599 0.7578043 0.2217072
vn -0.9151545 0.4030771 -0.004608146
vn -0.9714342 -0.0596539 -0.2296887
vn -0.7674192 -0.5064012 -0.3932246
vn -0.357775 -0.8174586 -0.4513961
vn -0.3634746 -0.8453713 -0.3914506
vn 0.144284 -0.9302529 -0.3373598
vn 0.6133819 -0.7658737 -0.1928736
vn 0.9181241 -0.3962795 0.003292758
vn 0.9768559 0.0794973 0.1985767
vn 0.7738404 0.5339729 0.3406522
vn 0.3634745 0.8453714 0.3914506
vn -0.1442844 0.9302529 0.3373596
vn -0.6133819 0.7658737 0.1928736
vn -0.9181241 0.3962795 -0.003292747
vn -0.976856 -0.07949711 -0.1985766
vn -0.7738402 -0.5339731 -0.3406523
vn -0.3634746 -0.8453713 -0.3914506
vn -0.3661775 -0.8698041 -0.3306886
vn 0.1437208 -0.9472492 -0.2864667
vn 0.6151091 -0.7708795 -0.1654862
vn 0.9216791 -0.3879532 -0.0001639878
vn 0.981286 0.09892443 0.1652021
vn 0.7779586 0.5592954 0.2863025
vn 0.3661774 0.8698041 0.3306887
vn -0.1437211 0.9472492 0.2864667
vn -0.6151091 0.7708795 0.1654862
vn -0.9216791 0.3879533 0.0001639656
vn -0.981286 -0.09892431 -0.1652022
vn -0.7779583 -0.5592957 -0.2863026
vn -0.3661775 -0.8698041 -0.3306886
vn -0.3648886 -0.8902101 -0.2727312
vn 0.14694 -0.9598259 -0.239046
vn 0.619396 -0.7722568 -0.1413085
vn 0.9258849 -0.3777624 -0.005707609
vn 0.9842841 0.1179529 0.1314226
vn 0.7789455 0.5820629 0.2333383
vn 0.3648886 0.8902101 0.2727312
vn -0.1469402 0.9598258 0.2390459
vn -0.619396 0.7722568 0.1413085
vn -0.9258849 0.3777624 0.005707609
vn -0.9842841 -0.1179527 -0.1314225
vn -0.7789452 -0.5820631 -0.2333383
vn -0.3648886 -0.8902101 -0.2727312
vn -0.3588813 -0.9067801 -0.2212555
vn 0.1546161 -0.9679012 -0.1981442
vn 0.6266842 -0.7696736 -0.1219402
vn 0.9308324 -0.3652129 -0.01306251
vn 0.985565 0.1371061 0.09931524
vn 0.7762167 0.6026877 0.1850816
vn 0.3588813 0.9067801 0.2212555
vn -0.1546164 0.9679012 0.1981442
vn -0.6266842 0.7696736 0.1219402
vn -0.9308324 0.3652129 0.01306251
vn -0.985565 -0.1371059 -0.09931511
vn -0.7762166 -0.6026878 -0.1850817
vn -0.3588813 -0.9067801 -0.2212555
vn -0.3476665 -0.9203081 -0.1793346
vn 0.1672352 -0.971812 -0.1661738
vn 0.6373262 -0.7629194 -0.1084867
vn 0.9366458 -0.3496033 -0.02173071
vn 0.9849921 0.1573885 0.07084793
vn 0.769411 0.6222082 0.144443
vn 0.3476664 0.9203082 0.1793347
vn -0.1672355 0.971812 0.1661738
vn -0.6373263 0.7629193 0.1084867
vn -0.9366458 0.3496033 0.02173074
vn -0.9849921 -0.1573883 -0.07084791
vn -0.7694108 -0.6222084 -0.1444431
vn -0.3476665 -0.9203081 -0.1793346
vn -0.3308675 -0.9318396 -0.149002
vn 0.1851905 -0.972014 -0.144545
vn 0.6516265 -0.7517378 -0.1013572
vn 0.9434595 -0.3300341 -0.03101083
vn 0.9824934 0.1801016 0.04764475
vn 0.7582694 0.6419793 0.1135341
vn 0.3308674 0.9318397 0.1490021
vn -0.1851908 0.972014 0.144545
vn -0.6516266 0.7517377 0.1013572
vn -0.9434595 0.3300341 0.03101083
vn -0.9824935 -0.1801014 -0.04764488
vn -0.7582692 -0.6419796 -0.1135342
vn -0.3308675 -0.9318396 -0.149002
vn -0.3080836 -0.9422789 -0.1311302
vn 0.2088705 -0.968779 -0.133568
vn 0.6698575 -0.7356953 -0.1002164
vn 0.9513565 -0.305483 -0.04001191
vn 0.9779406 0.2065831 0.0309136
vn 0.7424867 0.6632954 0.09355593
vn 0.3080835 0.9422788 0.1311302
vn -0.2088707 0.9687789 0.133568
vn -0.6698575 0.7356952 0.1002164
vn -0.9513565 0.305483 0.04001194
vn -0.9779406 -0.2065829 -0.03091365
vn -0.7424864 -0.6632957 -0.09355605
vn -0.3080836 -0.9422789 -0.1311302
vn -0.2447219 -0.9638944 -0.1049703
vn 0.2727128 -0.9550193 -0.1164722
vn 0.7170739 -0.6902474 -0.09676539
vn 0.9692955 -0.2405245 -0.05113044
vn 0.9617953 0.2736464 0.008204819
vn 0.6965833 0.7144943 0.06534175
vn 0.2447218 0.9638945 0.1049704
vn -0.2727131 0.9550193 0.1164722
vn -0.7170739 0.6902474 0.09676541
vn -0.9692954 0.2405246 0.05113044
vn -0.9617954 -0.2736463 -0.008204862
vn -0.6965831 -0.7144945 -0.06534176
vn -0.2447219 -0.9638944 -0.1049703
vn -0.2055092 -0.9745772 -0.0892493
vn 0.3110517 -0.944675 -0.1040963
vn 0.7442662 -0.6616477 -0.09105082
vn 0.9780548 -0.2013328 -0.05360832
vn 0.9497749 0.3129288 -0.001801559
vn 0.6670038 0.7433417 0.0504879
vn 0.2055091 0.9745771 0.08924935
vn -0.3110518 0.9446749 0.1040964
vn -0.7442662 0.6616477 0.09105085
vn -0.9780548 0.2013328 0.05360835
vn -0.9497749 -0.3129286 0.001801653
vn -0.6670036 -0.7433419 -0.05048802
vn -0.2055092 -0.9745772 -0.0892493
vn -0.1623272 -0.9841598 -0.07126968
vn 0.352322 -0.9316104 -0.0892823
vn 0.7725664 -0.6294366 -0.08337183
vn 0.9858021 -0.158606 -0.055122
vn 0.9348933 0.3547226 -0.01210226
vn 0.6334808 0.7730039 0.03416035
vn 0.1623271 0.9841599 0.07126974
vn -0.3523222 0.9316103 0.08928235
vn -0.7725664 0.6294365 0.08337185
vn -0.9858021 0.158606 0.055122
vn -0.9348934 -0.3547225 0.01210221
vn -0.6334805 -0.7730042 -0.03416022
vn -0.1623272 -0.9841598 -0.07126968
vn -0.1160319 -0.9919556 -0.05060324
vn 0.395501 -0.9156365 -0.07203314
vn 0.8010592 -0.5939732 -0.07416178
vn 0.9919741 -0.1131557 -0.0564188
vn 0.9170908 0.3979817 -0.02355851
vn 0.596474 0.8024805 0.01561418
vn 0.1160318 0.9919557 0.0506033
vn -0.3955013 0.9156364 0.07203317
vn -0.8010592 0.5939731 0.07416174
vn -0.9919741 0.1131557 0.0564188
vn -0.9170909 -0.3979816 0.02355845
vn -0.5964737 -0.8024808 -0.01561443
vn -0.1160319 -0.9919556 -0.05060324
vn -0.06750019 -0.9973593 -0.02679686
vn 0.4396085 -0.8966648 -0.05231312
vn 0.828924 -0.5557094 -0.06381204
vn 0.9961299 -0.06585267 -0.05821266
vn 0.8964239 0.4416492 -0.03701517
vn 0.5565221 0.8308118 -0.005899558
vn 0.06750006 0.9973594 0.02679679
vn -0.4396087 0.8966647 0.05231304
vn -0.8289241 0.5557094 0.06381205
vn -0.9961299 0.06585267 0.05821263
vn -0.896424 -0.441649 0.03701524
vn -0.5565219 -0.830812 0.005899686
vn -0.06750019 -0.9973593 -0.02679686
vn -0.01758808 -0.9998451 0.0006225018
vn 0.4837541 -0.8746877 -0.03005836
vn 0.8554744 -0.5151581 -0.05268504
vn 0.9979708 -0.01759281 -0.06119491
vn 0.8730622 0.4846863 -0.05330758
vn 0.5142174 0.8570945 -0.03113662
vn 0.017588 0.9998451 -0.0006225074
vn -0.4837543 0.8746875 0.0300584
vn -0.8554744 0.5151581 0.05268507
vn -0.9979708 0.01759288 0.0611949
vn -0.8730622 -0.4846862 0.05330751
vn -0.5142171 -0.8570948 0.03113663
vn -0.01758808 -0.9998451 0.0006225018
vn 0.03291675 -0.9989411 0.03214386
vn 0.5271789 -0.8497385 -0.005183711
vn 0.8801833 -0.4728491 -0.04112234
vn 0.9973432 0.03073925 -0.06604224
vn 0.8472663 0.5260912 -0.07326628
vn 0.4701653 0.8804777 -0.0608586
vn -0.03291684 0.9989411 -0.03214387
vn -0.5271791 0.8497384 0.005183758
vn -0.8801833 0.4728492 0.04112236
vn -0.9973432 -0.03073925 0.06604224
vn -0.8472664 -0.526091 0.07326614
vn -0.4701649 -0.8804778 0.06085849
vn 0.03291675 -0.9989411 0.03214386
vn 0.08353154 -0.9941822 0.06800108
vn 0.5694067 -0.821771 0.02164063
vn 0.9027096 -0.4291668 -0.03051836
vn 0.9941319 0.07843179 -0.07449996
vn 0.8191778 0.5650147 -0.0985194
vn 0.424726 0.9002026 -0.0961406
vn -0.08353164 0.9941823 -0.06800104
vn -0.569407 0.8217708 -0.02164059
vn -0.9027096 0.4291667 0.03051836
vn -0.9941319 -0.07843172 0.07449996
vn -0.819178 -0.5650145 0.09851933
vn -0.4247256 -0.9002028 0.09614062
vn 0.08353154 -0.9941822 0.06800108
vn 0.1346124 -0.9850658 0.1073545
vn 0.610664 -0.7903816 0.04885139
vn 0.9230882 -0.3839153 -0.02274152
vn 0.9881718 0.1254203 -0.08824067
vn 0.7884758 0.6011498 -0.1300959
vn 0.3775085 0.9158018 -0.1370921
vn -0.1346124 0.9850657 -0.1073545
vn -0.6106642 0.7903814 -0.04885134
vn -0.9230883 0.3839152 0.02274152
vn -0.9881718 -0.1254203 0.08824067
vn -0.7884759 -0.6011496 0.1300959
vn -0.3775081 -0.915802 0.1370921
vn 0.1346124 -0.9850658 0.1073545
vn 0.1865927 -0.9710938 0.1488622
vn 0.6512205 -0.7551671 0.07506352
vn 0.9413539 -0.3368941 -0.0188484
vn 0.9792524 0.1716491 -0.1077098
vn 0.7547613 0.6341991 -0.1677104
vn 0.3280327 0.9268163 -0.1827734
vn -0.1865927 0.9710938 -0.1488622
vn -0.6512206 0.7551669 -0.0750634
vn -0.9413539 0.3368939 0.01884839
vn -0.9792524 -0.1716491 0.1077098
vn -0.7547615 -0.6341989 0.1677105
vn -0.3280324 -0.9268164 0.1827733
vn 0.1865927 -0.9710938 0.1488622
vn 0.239731 -0.9518837 0.1909093
vn 0.6911544 -0.7159271 0.09876223
vn 0.957383 -0.2881384 -0.0198481
vn 0.9670817 0.2168563 -0.13314
vn 0.717652 0.6637446 -0.2107572
vn 0.2759283 0.9327834 -0.2319023
vn -0.2397311 0.9518837 -0.1909093
vn -0.6911546 0.7159269 -0.09876218
vn -0.9573831 0.2881383 0.01984809
vn -0.9670817 -0.2168563 0.13314
vn -0.7176521 -0.6637445 0.2107572
vn -0.2759278 -0.9327836 0.2319023
vn 0.239731 -0.9518837 0.1909093
vn 0.2941057 -0.9272641 0.2316962
vn 0.730364 -0.6727168 0.1184088
vn 0.9709213 -0.2379156 -0.0266059
vn 0.9513213 0.2606344 -0.1644916
vn 0.6768159 0.6893478 -0.258302
vn 0.2209581 0.9333514 -0.2829006
vn -0.2941058 0.9272641 -0.2316962
vn -0.7303641 0.6727166 -0.1184089
vn -0.9709214 0.2379156 0.0266059
vn -0.9513213 -0.2606344 0.1644915
vn -0.676816 -0.6893477 0.2583019
vn -0.2209578 -0.9333515 0.2829006
vn 0.2941057 -0.9272641 0.2316962
vn 0.349634 -0.8973291 0.2693633
vn 0.7685992 -0.6258455 0.1325623
vn 0.9816183 -0.1866672 -0.03975874
vn 0.9316138 0.3025278 -0.2014263
vn 0.6319845 0.7106611 -0.3091219
vn 0.1630155 0.9283735 -0.3339887
vn -0.3496341 0.8973291 -0.2693634
vn -0.7685993 0.6258453 -0.1325621
vn -0.9816183 0.1866672 0.03975875
vn -0.9316138 -0.3025278 0.2014263
vn -0.6319847 -0.710661 0.309122
vn -0.1630151 -0.9283736 0.3339887
vn 0.349634 -0.8973291 0.2693633
vn 0.4061076 -0.8624336 0.3021341
vn 0.8054999 -0.5758226 0.1399937
vn 0.9890589 -0.1349204 -0.05965777
vn 0.9076004 0.342133 -0.243324
vn 0.5829515 0.7275124 -0.3617917
vn 0.1021012 0.9179558 -0.3833178
vn -0.4061077 0.8624335 -0.3021341
vn -0.8055001 0.5758224 -0.1399936
vn -0.9890589 0.1349205 0.05965783
vn -0.9076005 -0.342133 0.2433239
vn -0.5829517 -0.7275123 0.3617917
vn -0.1021008 -0.9179559 0.3833177
vn 0.4061076 -0.8624336 0.3021341
vn 0.4632295 -0.8231329 0.3284367
vn 0.8406305 -0.5232649 0.1397643
vn 0.992785 -0.08318879 -0.08635785
vn 0.8789237 0.3791773 -0.2893403
vn 0.5295557 0.7399435 -0.4147944
vn 0.0382938 0.9024426 -0.4291047
vn -0.4632296 0.8231328 -0.3284367
vn -0.8406307 0.5232648 -0.1397641
vn -0.992785 0.08318882 0.08635788
vn -0.8789237 -0.3791772 0.2893402
vn -0.5295559 -0.7399434 0.4147944
vn -0.03829338 -0.9024427 0.4291047
vn 0.4632295 -0.8231329 0.3284367
vn 0.5228706 -0.7728437 0.3596095
vn 0.8756256 -0.4607517 0.144872
vn 0.9937569 -0.02520176 -0.1086837
vn 0.8456122 0.4171005 -0.3331175
vn 0.4708866 0.7476413 -0.468293
vn -0.03001275 0.8778525 -0.4779898
vn -0.5228707 0.7728437 -0.3596094
vn -0.8756256 0.4607515 -0.1448719
vn -0.9937569 0.02520176 0.1086837
vn -0.8456122 -0.4171005 0.3331175
vn -0.4708867 -0.7476413 0.4682929
vn 0.03001306 -0.8778525 0.4779896
vn 0.5228706 -0.7728437 0.3596095
vn 0.5871168 -0.7029211 0.4014918
vn 0.9113304 -0.37889 0.1609945
vn 0.9913535 0.04666402 -0.122641
vn 0.8057444 0.4597143 -0.373415
vn 0.4042371 0.7495848 -0.5241327
vn -0.1055855 0.8386048 -0.5344096
vn -0.587117 0.702921 -0.4014918
vn -0.9113305 0.37889 -0.1609943
vn -0.9913534 -0.04666402 0.1226411
vn -0.8057445 -0.4597143 0.3734149
vn -0.4042371 -0.7495848 0.5241326
vn 0.1055858 -0.8386048 0.5344096
vn 0.5871168 -0.7029211 0.4014918
vn 0.6564267 -0.6113372 0.4420078
vn 0.9453511 -0.2758688 0.1738039
vn 0.9809691 0.1335181 -0.1409703
vn 0.7537374 0.5071288 -0.4179715
vn 0.3245428 0.7448549 -0.5829777
vn -0.1916131 0.782998 -0.5917758
vn -0.6564268 0.6113371 -0.4420078
vn -0.9453511 0.2758686 -0.1738038
vn -0.980969 -0.1335183 0.1409703
vn -0.7537374 -0.5071288 0.4179715
vn -0.3245429 -0.744855 0.5829777
vn 0.1916135 -0.782998 0.5917758
vn 0.6564267 -0.6113372 0.4420078
vn 0.7320585 -0.4961207 0.466856
vn 0.9743793 -0.1508674 0.1668054
vn 0.9556156 0.2348105 -0.1779402
vn 0.6807959 0.557571 -0.4750069
vn 0.2235575 0.7309309 -0.644796
vn -0.2935831 0.7084388 -0.6418127
vn -0.7320586 0.4961207 -0.4668559
vn -0.9743794 0.1508673 -0.1668053
vn -0.9556156 -0.2348105 0.1779403
vn -0.6807959 -0.557571 0.4750068
vn -0.2235576 -0.7309309 0.644796
vn 0.2935834 -0.7084387 0.6418126
vn 0.7320585 -0.4961207 0.466856
vn 0.8142298 -0.3541994 0.4599701
vn 0.9924183 -0.004143914 0.1228361
vn 0.904689 0.3470219 -0.2472116
vn 0.5745493 0.6052032 -0.5510191
vn 0.09045953 0.7012212 -0.7071816
vn -0.4178688 0.6093475 -0.6738556
vn -0.81423 0.3541993 -0.4599701
vn -0.9924183 0.004143736 -0.1228359
vn -0.904689 -0.347022 0.2472117
vn -0.5745494 -0.6052033 0.5510191
vn -0.09045975 -0.7012212 0.7071816
vn 0.4178692 -0.6093474 0.6738555
vn 0.8142298 -0.3541994 0.4599701
vn 0.8966347 -0.182311 0.4034958
vn 0.9866487 0.1607053 0.02641931
vn 0.812291 0.4606606 -0.3577361
vn 0.4202807 0.6371823 -0.6460362
vn -0.08434328 0.6429716 -0.7612318
vn -0.5663678 0.4764773 -0.6724559
vn -0.8966348 0.1823109 -0.4034958
vn -0.9866487 -0.1607056 -0.02641914
vn -0.812291 -0.4606605 0.3577361
vn -0.4202807 -0.6371824 0.6460361
vn 0.08434318 -0.6429716 0.7612317
vn 0.5663681 -0.4764771 0.6724557
vn 0.8966347 -0.182311 0.4034958
vn 0.9590573 0.01528621 0.2827993
vn 0.9354791 0.3293996 -0.1279638
vn 0.66124 0.5552503 -0.5044389
vn 0.2098225 0.6323223 -0.74575
vn -0.2978168 0.5399642 -0.7872381
vn -0.7256565 0.3029231 -0.6177865
vn -0.9590573 -0.0152863 -0.2827992
vn -0.935479 -0.3293997 0.127964
vn -0.6612402 -0.5552503 0.504439
vn -0.2098225 -0.6323224 0.74575
vn 0.2978167 -0.5399641 0.7872382
vn 0.7256567 -0.3029229 0.6177864
vn 0.9590573 0.01528621 0.2827993
vn 0.9712503 0.214375 0.1035193
vn 0.8217478 0.4713744 -0.3202136
vn 0.4520585 0.6020694 -0.6581455
vn -0.0387592 0.5714402 -0.8197279
vn -0.5191916 0.3876944 -0.7616647
vn -0.8605068 0.1000661 -0.4995145
vn -0.9712503 -0.2143751 -0.1035192
vn -0.8217475 -0.4713745 0.320214
vn -0.4520583 -0.6020694 0.6581456
vn 0.03875918 -0.5714403 0.8197279
vn 0.5191914 -0.3876944 0.7616648
vn 0.860507 -0.1000659 0.4995143
vn 0.9712503 0.214375 0.1035193
vn 0.8217478 0.4713744 -0.3202136
vn 0.4520585 0.6020694 -0.6581455
vn -0.0387592 0.5714402 -0.8197279
vn -0.5191916 0.3876944 -0.7616647
vn -0.8605068 0.1000661 -0.4995145
vn -0.9712503 -0.2143751 -0.1035192
vn -0.8217475 -0.4713745 0.320214
vn -0.4520583 -0.6020694 0.6581456
vn 0.03875918 -0.5714403 0.8197279
vn 0.5191914 -0.3876944 0.7616648
vn 0.860507 -0.1000659 0.4995143
vn 0.9712503 0.214375 0.1035193
vn 0.4288028 0.8890714 0.1602505
vn 0.1625753 0.9831899 -0.08310752
vn -0.1908817 0.9611327 -0.1994693
vn -0.5368598 0.8288101 -0.1576558
vn -0.7826543 0.6216778 0.03112893
vn -0.8624048 0.3952365 0.3163006
vn -0.7547421 0.210161 0.6214473
vn -0.4885145 0.1160425 0.864805
vn -0.1350576 0.1380997 0.9811666
vn 0.2109203 0.2704222 0.9393532
vn 0.456715 0.4775548 0.7505683
vn 0.5364655 0.7039959 0.4653971
vn 0.08601657 0.9103709 0.404754
vn -0.05084311 0.9587545 0.279651
vn -0.2325447 0.9474156 0.2198328
vn -0.4104016 0.8793926 0.241328
vn -0.5367572 0.7729121 0.3383766
vn -0.5777545 0.6565053 0.4849747
vn -0.5224083 0.5613636 0.6418415
vn -0.3855487 0.51298 0.7669444
vn -0.2038472 0.5243189 0.8267624
vn -0.02599036 0.592342 0.8052673
vn 0.1003652 0.6988227 0.7082187
vn 0.1413627 0.8152292 0.5616207
vn -0.138384 0.841298 0.5225587
vn -0.1810903 0.8563957 0.4835211
vn -0.2377891 0.8528575 0.4648552
vn -0.2932884 0.8316313 0.4715626
vn -0.3327168 0.7984048 0.501846
vn -0.3455098 0.7620807 0.5475911
vn -0.3282394 0.7323923 0.5965405
vn -0.2855331 0.7172945 0.635578
vn -0.2288342 0.7208327 0.654244
vn -0.1733349 0.7420589 0.6475366
vn -0.1339065 0.7752855 0.6172531
vn -0.1211135 0.8116096 0.571508
vn -0.2348842 0.7921484 0.5633209

vt 0 -0.02361396
vt 0.9815734 -0.02223004
vt 0.9840243 -0.02223004
vt 0.9907557 -0.02223004
vt 0 -0.02223004
vt 0.009244293 -0.02223004
vt 0.01597574 -0.02223004
vt 0.0184266 -0.02223004
vt 0.01597574 -0.02223004
vt 0.009244293 -0.02223004
vt 1 -0.02223004
vt 0.9907557 -0.02223004
vt 0.9840243 -0.02223004
vt 0.9396443 -0.01201028
vt 0.9471089 -0.01201028
vt 0.9686971 -0.01201028
vt 0 -0.01201028
vt 0.0313029 -0.01201028
vt 0.05289117 -0.01201028
vt 0.06035572 -0.01201028
vt 0.05289117 -0.01201028
vt 0.0313029 -0.01201028
vt 1 -0.01201028
vt 0.9686971 -0.01201028
vt 0.9471089 -0.01201028
vt 0.8720391 0.006513044
vt 0.8834689 0.006513044
vt 0.9238126 0.006513044
vt 2.980232E-08 0.006513044
vt 0.07618743 0.006513044
vt 0.1165311 0.006513044
vt 0.1279609 0.006513044
vt 0.1165311 0.006513044
vt 0.07618737 0.006513044
vt 1 0.006513044
vt 0.9238126 0.006513044
vt 0.8834688 0.006513044
vt 0.75 0.02961396
vt 0.75 0.02961396
vt 0.75 0.02961396
vt 0.25 0.02961396
vt 0.25 0.02961396
vt 0.25 0.02961396
vt 0.25 0.02961396
vt 0.25 0.02961396
vt 0.25 0.02961396
vt 0.75 0.02961396
vt 0.75 0.02961396
vt 0.75 0.02961396
vt 0 0.05622793
vt 0.08333334 0.05622793
vt 0.1666667 0.05622793
vt 0.25 0.05622793
vt 0.3333333 0.05622793
vt 0.4166667 0.05622793
vt 0.5 0.05622793
vt 0.5833333 0.05622793
vt 0.6666667 0.05622793
vt 0.75 0.05622793
vt 0.8333333 0.05622793
vt 0.9166667 0.05622793
vt 1 0.05622793
vt 0 0.06294114
vt 0.08333334 0.06294114
vt 0.1666667 0.06294114
vt 0.25 0.06294114
vt 0.3333333 0.06294114
vt 0.4166667 0.06294114
vt 0.5 0.06294114
vt 0.5833333 0.06294114
vt 0.6666667 0.06294114
vt 0.75 0.06294114
vt 0.8333333 0.06294114
vt 0.9166667 0.06294114
vt 1 0.06294114
vt 0 0.06968927
vt 0.08333334 0.06968927
vt 0.1666667 0.06968927
vt 0.25 0.06968927
vt 0.3333333 0.06968927
vt 0.4166667 0.06968927
vt 0.5 0.06968927
vt 0.5833333 0.06968927
vt 0.6666667 0.06968927
vt 0.75 0.06968927
vt 0.8333333 0.06968927
vt 0.9166667 0.06968927
vt 1 0.06968927
vt 0 0.07651874
vt 0.08333334 0.07651874
vt 0.1666667 0.07651874
vt 0.25 0.07651874
vt 0.3333333 0.07651874
vt 0.4166667 0.07651874
vt 0.5 0.07651874
vt 0.5833333 0.07651874
vt 0.6666667 0.07651874
vt 0.75 0.07651874
vt 0.8333333 0.07651874
vt 0.9166667 0.07651874
vt 1 0.07651874
vt 0 0.08346944
vt 0.08333334 0.08346944
vt 0.1666667 0.08346944
vt 0.25 0.08346944
vt 0.3333333 0.08346944
vt 0.4166667 0.08346944
vt 0.5 0.08346944
vt 0.5833333 0.08346944
vt 0.6666667 0.08346944
vt 0.75 0.08346944
vt 0.8333333 0.08346944
vt 0.9166667 0.08346944
vt 1 0.08346944
vt 0 0.09785427
vt 0.08333334 0.09785427
vt 0.1666667 0.09785427
vt 0.25 0.09785427
vt 0.3333333 0.09785427
vt 0.4166667 0.09785427
vt 0.5 0.09785427
vt 0.5833333 0.09785427
vt 0.6666667 0.09785427
vt 0.75 0.09785427
vt 0.8333333 0.09785427
vt 0.9166667 0.09785427
vt 1 0.09785427
vt 0 0.113045
vt 0.08333334 0.113045
vt 0.1666667 0.113045
vt 0.25 0.113045
vt 0.3333333 0.113045
vt 0.4166667 0.113045
vt 0.5 0.113045
vt 0.5833333 0.113045
vt 0.6666667 0.113045
vt 0.75 0.113045
vt 0.8333333 0.113045
vt 0.9166667 0.113045
vt 1 0.113045
vt 0 0.1291479
vt 0.08333334 0.1291479
vt 0.1666667 0.1291479
vt 0.25 0.1291479
vt 0.3333333 0.1291479
vt 0.4166667 0.1291479
vt 0.5 0.1291479
vt 0.5833333 0.1291479
vt 0.6666667 0.1291479
vt 0.75 0.1291479
vt 0.8333333 0.1291479
vt 0.9166667 0.1291479
vt 1 0.1291479
vt 0 0.1462034
vt 0.08333334 0.1462034
vt 0.1666667 0.1462034
vt 0.25 0.1462034
vt 0.3333333 0.1462034
vt 0.4166667 0.1462034
vt 0.5 0.1462034
vt 0.5833333 0.1462034
vt 0.6666667 0.1462034
vt 0.75 0.1462034
vt 0.8333333 0.1462034
vt 0.9166667 0.1462034
vt 1 0.1462034
vt 0 0.1642042
vt 0.08333334 0.1642042
vt 0.1666667 0.1642042
vt 0.25 0.1642042
vt 0.3333333 0.1642042
vt 0.4166667 0.1642042
vt 0.5 0.1642042
vt 0.5833333 0.1642042
vt 0.6666667 0.1642042
vt 0.75 0.1642042
vt 0.8333333 0.1642042
vt 0.9166667 0.1642042
vt 1 0.1642042
vt 0 0.183109
vt 0.08333334 0.183109
vt 0.1666667 0.183109
vt 0.25 0.183109
vt 0.3333333 0.183109
vt 0.4166667 0.183109
vt 0.5 0.183109
vt 0.5833333 0.183109
vt 0.6666667 0.183109
vt 0.75 0.183109
vt 0.8333333 0.183109
vt 0.9166667 0.183109
vt 1 0.183109
vt 0 0.2028194
vt 0.08333334 0.2028194
vt 0.1666667 0.2028194
vt 0.25 0.2028194
vt 0.3333333 0.2028194
vt 0.4166667 0.2028194
vt 0.5 0.2028194
vt 0.5833333 0.2028194
vt 0.6666667 0.2028194
vt 0.75 0.2028194
vt 0.8333333 0.2028194
vt 0.9166667 0.2028194
vt 1 0.2028194
vt 0 0.2230908
vt 0.08333334 0.2230908
vt 0.1666667 0.2230908
vt 0.25 0.2230908
vt 0.3333333 0.2230908
vt 0.4166667 0.2230908
vt 0.5 0.2230908
vt 0.5833333 0.2230908
vt 0.6666667 0.2230908
vt 0.75 0.2230908
vt 0.8333333 0.2230908
vt 0.9166667 0.2230908
vt 1 0.2230908
vt 0 0.2436439
vt 0.08333334 0.2436439
vt 0.1666667 0.2436439
vt 0.25 0.2436439
vt 0.3333333 0.2436439
vt 0.4166667 0.2436439
vt 0.5 0.2436439
vt 0.5833333 0.2436439
vt 0.6666667 0.2436439
vt 0.75 0.2436439
vt 0.8333333 0.2436439
vt 0.9166667 0.2436439
vt 1 0.2436439
vt 0 0.2642001
vt 0.08333334 0.2642001
vt 0.1666667 0.2642001
vt 0.25 0.2642001
vt 0.3333333 0.2642001
vt 0.4166667 0.2642001
vt 0.5 0.2642001
vt 0.5833333 0.2642001
vt 0.6666667 0.2642001
vt 0.75 0.2642001
vt 0.8333333 0.2642001
vt 0.9166667 0.2642001
vt 1 0.2642001
vt 0 0.2844839
vt 0.08333334 0.2844839
vt 0.1666667 0.2844839
vt 0.25 0.2844839
vt 0.3333333 0.2844839
vt 0.4166667 0.2844839
vt 0.5 0.2844839
vt 0.5833333 0.2844839
vt 0.6666667 0.2844839
vt 0.75 0.2844839
vt 0.8333333 0.2844839
vt 0.9166667 0.2844839
vt 1 0.2844839
vt 0 0.3042247
vt 0.08333334 0.3042247
vt 0.1666667 0.3042247
vt 0.25 0.3042247
vt 0.3333333 0.3042247
vt 0.4166667 0.3042247
vt 0.5 0.3042247
vt 0.5833333 0.3042247
vt 0.6666667 0.3042247
vt 0.75 0.3042247
vt 0.8333333 0.3042247
vt 0.9166667 0.3042247
vt 1 0.3042247
vt 0 0.3231598
vt 0.08333334 0.3231598
vt 0.1666667 0.3231598
vt 0.25 0.3231598
vt 0.3333333 0.3231598
vt 0.4166667 0.3231598
vt 0.5 0.3231598
vt 0.5833333 0.3231598
vt 0.6666667 0.3231598
vt 0.75 0.3231598
vt 0.8333333 0.3231598
vt 0.9166667 0.3231598
vt 1 0.3231598
vt 0 0.3410394
vt 0.08333334 0.3410394
vt 0.1666667 0.3410394
vt 0.25 0.3410394
vt 0.3333333 0.3410394
vt 0.4166667 0.3410394
vt 0.5 0.3410394
vt 0.5833333 0.3410394
vt 0.6666667 0.3410394
vt 0.75 0.3410394
vt 0.8333333 0.3410394
vt 0.9166667 0.3410394
vt 1 0.3410394
vt 0 0.3577154
vt 0.08333334 0.3577154
vt 0.1666667 0.3577154
vt 0.25 0.3577154
vt 0.3333333 0.3577154
vt 0.4166667 0.3577154
vt 0.5 0.3577154
vt 0.5833333 0.3577154
vt 0.6666667 0.3577154
vt 0.75 0.3577154
vt 0.8333333 0.3577154
vt 0.9166667 0.3577154
vt 1 0.3577154
vt 0 0.3733811
vt 0.08333334 0.3733811
vt 0.1666667 0.3733811
vt 0.25 0.3733811
vt 0.3333333 0.3733811
vt 0.4166667 0.3733811
vt 0.5 0.3733811
vt 0.5833333 0.3733811
vt 0.6666667 0.3733811
vt 0.75 0.3733811
vt 0.8333333 0.3733811
vt 0.9166667 0.3733811
vt 1 0.3733811
vt 0 0.3883072
vt 0.08333334 0.3883072
vt 0.1666667 0.3883072
vt 0.25 0.3883072
vt 0.3333333 0.3883072
vt 0.4166667 0.3883072
vt 0.5 0.3883072
vt 0.5833333 0.3883072
vt 0.6666667 0.3883072
vt 0.75 0.3883072
vt 0.8333333 0.3883072
vt 0.9166667 0.3883072
vt 1 0.3883072
vt 0 0.4027521
vt 0.08333334 0.4027521
vt 0.1666667 0.4027521
vt 0.25 0.4027521
vt 0.3333333 0.4027521
vt 0.4166667 0.4027521
vt 0.5 0.4027521
vt 0.5833333 0.4027521
vt 0.6666667 0.4027521
vt 0.75 0.4027521
vt 0.8333333 0.4027521
vt 0.9166667 0.4027521
vt 1 0.4027521
vt 0 0.4169575
vt 0.08333334 0.4169575
vt 0.1666667 0.4169575
vt 0.25 0.4169575
vt 0.3333333 0.4169575
vt 0.4166667 0.4169575
vt 0.5 0.4169575
vt 0.5833333 0.4169575
vt 0.6666667 0.4169575
vt 0.75 0.4169575
vt 0.8333333 0.4169575
vt 0.9166667 0.4169575
vt 1 0.4169575
vt 0 0.431145
vt 0.08333334 0.431145
vt 0.1666667 0.431145
vt 0.25 0.431145
vt 0.3333333 0.431145
vt 0.4166667 0.431145
vt 0.5 0.431145
vt 0.5833333 0.431145
vt 0.6666667 0.431145
vt 0.75 0.431145
vt 0.8333333 0.431145
vt 0.9166667 0.431145
vt 1 0.431145
vt 0 0.4455158
vt 0.08333334 0.4455158
vt 0.1666667 0.4455158
vt 0.25 0.4455158
vt 0.3333333 0.4455158
vt 0.4166667 0.4455158
vt 0.5 0.4455158
vt 0.5833333 0.4455158
vt 0.6666667 0.4455158
vt 0.75 0.4455158
vt 0.8333333 0.4455158
vt 0.9166667 0.4455158
vt 1 0.4455158
vt 0 0.4602538
vt 0.08333334 0.4602538
vt 0.1666667 0.4602538
vt 0.25 0.4602538
vt 0.3333333 0.4602538
vt 0.4166667 0.4602538
vt 0.5 0.4602538
vt 0.5833333 0.4602538
vt 0.6666667 0.4602538
vt 0.75 0.4602538
vt 0.8333333 0.4602538
vt 0.9166667 0.4602538
vt 1 0.4602538
vt 0 0.4911617
vt 0.08333334 0.4911617
vt 0.1666667 0.4911617
vt 0.25 0.4911617
vt 0.3333333 0.4911617
vt 0.4166667 0.4911617
vt 0.5 0.4911617
vt 0.5833333 0.4911617
vt 0.6666667 0.4911617
vt 0.75 0.4911617
vt 0.8333333 0.4911617
vt 0.9166667 0.4911617
vt 1 0.4911617
vt 0 0.5071864
vt 0.08333334 0.5071864
vt 0.1666667 0.5071864
vt 0.25 0.5071864
vt 0.3333333 0.5071864
vt 0.4166667 0.5071864
vt 0.5 0.5071864
vt 0.5833333 0.5071864
vt 0.6666667 0.5071864
vt 0.75 0.5071864
vt 0.8333333 0.5071864
vt 0.9166667 0.5071864
vt 1 0.5071864
vt 0 0.5234662
vt 0.08333334 0.5234662
vt 0.1666667 0.5234662
vt 0.25 0.5234662
vt 0.3333333 0.5234662
vt 0.4166667 0.5234662
vt 0.5 0.5234662
vt 0.5833333 0.5234662
vt 0.6666667 0.5234662
vt 0.75 0.5234662
vt 0.8333333 0.5234662
vt 0.9166667 0.5234662
vt 1 0.5234662
vt 0 0.5399101
vt 0.08333334 0.5399101
vt 0.1666667 0.5399101
vt 0.25 0.5399101
vt 0.3333333 0.5399101
vt 0.4166667 0.5399101
vt 0.5 0.5399101
vt 0.5833333 0.5399101
vt 0.6666667 0.5399101
vt 0.75 0.5399101
vt 0.8333333 0.5399101
vt 0.9166667 0.5399101
vt 1 0.5399101
vt 0 0.5564301
vt 0.08333334 0.5564301
vt 0.1666667 0.5564301
vt 0.25 0.5564301
vt 0.3333333 0.5564301
vt 0.4166667 0.5564301
vt 0.5 0.5564301
vt 0.5833333 0.5564301
vt 0.6666667 0.5564301
vt 0.75 0.5564301
vt 0.8333333 0.5564301
vt 0.9166667 0.5564301
vt 1 0.5564301
vt 0 0.5729423
vt 0.08333334 0.5729423
vt 0.1666667 0.5729423
vt 0.25 0.5729423
vt 0.3333333 0.5729423
vt 0.4166667 0.5729423
vt 0.5 0.5729423
vt 0.5833333 0.5729423
vt 0.6666667 0.5729423
vt 0.75 0.5729423
vt 0.8333333 0.5729423
vt 0.9166667 0.5729423
vt 1 0.5729423
vt 0 0.5893683
vt 0.08333334 0.5893683
vt 0.1666667 0.5893683
vt 0.25 0.5893683
vt 0.3333333 0.5893683
vt 0.4166667 0.5893683
vt 0.5 0.5893683
vt 0.5833333 0.5893683
vt 0.6666667 0.5893683
vt 0.75 0.5893683
vt 0.8333333 0.5893683
vt 0.9166667 0.5893683
vt 1 0.5893683
vt 0 0.6056604
vt 0.08333334 0.6056604
vt 0.1666667 0.6056604
vt 0.25 0.6056604
vt 0.3333333 0.6056604
vt 0.4166667 0.6056604
vt 0.5 0.6056604
vt 0.5833333 0.6056604
vt 0.6666667 0.6056604
vt 0.75 0.6056604
vt 0.8333333 0.6056604
vt 0.9166667 0.6056604
vt 1 0.6056604
vt 0 0.6218762
vt 0.08333334 0.6218762
vt 0.1666667 0.6218762
vt 0.25 0.6218762
vt 0.3333333 0.6218762
vt 0.4166667 0.6218762
vt 0.5 0.6218762
vt 0.5833333 0.6218762
vt 0.6666667 0.6218762
vt 0.75 0.6218762
vt 0.8333333 0.6218762
vt 0.9166667 0.6218762
vt 1 0.6218762
vt 0 0.6381071
vt 0.08333334 0.6381071
vt 0.1666667 0.6381071
vt 0.25 0.6381071
vt 0.3333333 0.6381071
vt 0.4166667 0.6381071
vt 0.5 0.6381071
vt 0.5833333 0.6381071
vt 0.6666667 0.6381071
vt 0.75 0.6381071
vt 0.8333333 0.6381071
vt 0.9166667 0.6381071
vt 1 0.6381071
vt 0 0.6544538
vt 0.08333334 0.6544538
vt 0.1666667 0.6544538
vt 0.25 0.6544538
vt 0.3333333 0.6544538
vt 0.4166667 0.6544538
vt 0.5 0.6544538
vt 0.5833333 0.6544538
vt 0.6666667 0.6544538
vt 0.75 0.6544538
vt 0.8333333 0.6544538
vt 0.9166667 0.6544538
vt 1 0.6544538
vt 0 0.6710261
vt 0.08333334 0.6710261
vt 0.1666667 0.6710261
vt 0.25 0.6710261
vt 0.3333333 0.6710261
vt 0.4166667 0.6710261
vt 0.5 0.6710261
vt 0.5833333 0.6710261
vt 0.6666667 0.6710261
vt 0.75 0.6710261
vt 0.8333333 0.6710261
vt 0.9166667 0.6710261
vt 1 0.6710261
vt 0 0.6879419
vt 0.08333334 0.6879419
vt 0.1666667 0.6879419
vt 0.25 0.6879419
vt 0.3333333 0.6879419
vt 0.4166667 0.6879419
vt 0.5 0.6879419
vt 0.5833333 0.6879419
vt 0.6666667 0.6879419
vt 0.75 0.6879419
vt 0.8333333 0.6879419
vt 0.9166667 0.6879419
vt 1 0.6879419
vt 0 0.7053258
vt 0.08333334 0.7053258
vt 0.1666667 0.7053258
vt 0.25 0.7053258
vt 0.3333333 0.7053258
vt 0.4166667 0.7053258
vt 0.5 0.7053258
vt 0.5833333 0.7053258
vt 0.6666667 0.7053258
vt 0.75 0.7053258
vt 0.8333333 0.7053258
vt 0.9166667 0.7053258
vt 1 0.7053258
vt 0 0.7233073
vt 0.08333334 0.7233073
vt 0.1666667 0.7233073
vt 0.25 0.7233073
vt 0.3333333 0.7233073
vt 0.4166667 0.7233073
vt 0.5 0.7233073
vt 0.5833333 0.7233073
vt 0.6666667 0.7233073
vt 0.75 0.7233073
vt 0.8333333 0.7233073
vt 0.9166667 0.7233073
vt 1 0.7233073
vt 0 0.7420701
vt 0.08333334 0.7420701
vt 0.1666667 0.7420701
vt 0.25 0.7420701
vt 0.3333333 0.7420701
vt 0.4166667 0.7420701
vt 0.5 0.7420701
vt 0.5833333 0.7420701
vt 0.6666667 0.7420701
vt 0.75 0.7420701
vt 0.8333333 0.7420701
vt 0.9166667 0.7420701
vt 1 0.7420701
vt 0 0.7620342
vt 0.08333334 0.7620342
vt 0.1666667 0.7620342
vt 0.25 0.7620342
vt 0.3333333 0.7620342
vt 0.4166667 0.7620342
vt 0.5 0.7620342
vt 0.5833333 0.7620342
vt 0.6666667 0.7620342
vt 0.75 0.7620342
vt 0.8333333 0.7620342
vt 0.9166667 0.7620342
vt 1 0.7620342
vt 0 0.7837545
vt 0.08333334 0.7837545
vt 0.1666667 0.7837545
vt 0.25 0.7837545
vt 0.3333333 0.7837545
vt 0.4166667 0.7837545
vt 0.5 0.7837545
vt 0.5833333 0.7837545
vt 0.6666667 0.7837545
vt 0.75 0.7837545
vt 0.8333333 0.7837545
vt 0.9166667 0.7837545
vt 1 0.7837545
vt 0 0.8078816
vt 0.08333334 0.8078816
vt 0.1666667 0.8078816
vt 0.25 0.8078816
vt 0.3333333 0.8078816
vt 0.4166667 0.8078816
vt 0.5 0.8078816
vt 0.5833333 0.8078816
vt 0.6666667 0.8078816
vt 0.75 0.8078816
vt 0.8333333 0.8078816
vt 0.9166667 0.8078816
vt 1 0.8078816
vt 0 0.835148
vt 0.08333334 0.835148
vt 0.1666667 0.835148
vt 0.25 0.835148
vt 0.3333333 0.835148
vt 0.4166667 0.835148
vt 0.5 0.835148
vt 0.5833333 0.835148
vt 0.6666667 0.835148
vt 0.75 0.835148
vt 0.8333333 0.835148
vt 0.9166667 0.835148
vt 1 0.835148
vt 0 0.8663404
vt 0.08333334 0.8663404
vt 0.1666667 0.8663404
vt 0.25 0.8663404
vt 0.3333333 0.8663404
vt 0.4166667 0.8663404
vt 0.5 0.8663404
vt 0.5833333 0.8663404
vt 0.6666667 0.8663404
vt 0.75 0.8663404
vt 0.8333333 0.8663404
vt 0.9166667 0.8663404
vt 1 0.8663404
vt 0 0.9022739
vt 0.08333334 0.9022739
vt 0.1666667 0.9022739
vt 0.25 0.9022739
vt 0.3333333 0.9022739
vt 0.4166667 0.9022739
vt 0.5 0.9022739
vt 0.5833333 0.9022739
vt 0.6666667 0.9022739
vt 0.75 0.9022739
vt 0.8333333 0.9022739
vt 0.9166667 0.9022739
vt 1 0.9022739
vt 0 0.970386
vt 0.08333334 0.970386
vt 0.1666667 0.970386
vt 0.25 0.970386
vt 0.3333333 0.970386
vt 0.4166667 0.970386
vt 0.5 0.970386
vt 0.5833333 0.970386
vt 0.6666667 0.970386
vt 0.75 0.970386
vt 0.8333333 0.970386
vt 0.9166667 0.970386
vt 1 0.970386
vt 0.75 0.970386
vt 0.75 0.970386
vt 0.25 0.970386
vt 0.25 0.970386
vt 0.25 0.970386
vt 0.25 0.970386
vt 0.25 0.970386
vt 0.25 0.970386
vt 0.75 0.970386
vt 0.75 0.970386
vt 0.75 0.970386
vt 0.75 0.970386
vt 0.6165311 0.9934869
vt 0.5761874 0.9934869
vt 0.5 0.9934869
vt 0.4238126 0.9934869
vt 0.3834689 0.9934869
vt 0.3720391 0.9934869
vt 0.3834689 0.9934869
vt 0.4238126 0.9934869
vt 0.5 0.9934869
vt 0.5761874 0.9934869
vt 0.6165311 0.9934869
vt 0.6279609 0.9934869
vt 0.5528911 1.01201
vt 0.5313029 1.01201
vt 0.5 1.01201
vt 0.4686971 1.01201
vt 0.4471088 1.01201
vt 0.4396443 1.01201
vt 0.4471089 1.01201
vt 0.4686971 1.01201
vt 0.5 1.01201
vt 0.5313029 1.01201
vt 0.5528911 1.01201
vt 0.5603557 1.01201
vt 0.5159757 1.02223
vt 0.5092443 1.02223
vt 0.5 1.02223
vt 0.4907557 1.02223
vt 0.4840243 1.02223
vt 0.4815734 1.02223
vt 0.4840243 1.02223
vt 0.4907557 1.02223
vt 0.5 1.02223
vt 0.5092443 1.02223
vt 0.5159757 1.02223
vt 0.5184266 1.02223
vt 0 1.023614

usemap Cartoon_FFFFFF
usemtl Cartoon_FFFFFF
f 2744/2744/2744 2743/2743/2743 2742/2742/2742 2741/2741/2741 
f 2746/2746/2746 2745/2745/2745 2744/2744/2744 2741/2741/2741 
f 2748/2748/2748 2747/2747/2747 2746/2746/2746 2741/2741/2741 
f 2750/2750/2750 2749/2749/2749 2748/2748/2748 2741/2741/2741 
f 2752/2752/2752 2751/2751/2751 2750/2750/2750 2741/2741/2741 
f 2742/2742/2742 2753/2753/2753 2752/2752/2752 2741/2741/2741 
f 2743/2743/2743 2755/2755/2755 2754/2754/2754 2742/2742/2742 
f 2744/2744/2744 2756/2756/2756 2755/2755/2755 2743/2743/2743 
f 2745/2745/2745 2757/2757/2757 2756/2756/2756 2744/2744/2744 
f 2746/2746/2746 2758/2758/2758 2757/2757/2757 2745/2745/2745 
f 2747/2747/2747 2759/2759/2759 2758/2758/2758 2746/2746/2746 
f 2748/2748/2748 2760/2760/2760 2759/2759/2759 2747/2747/2747 
f 2749/2749/2749 2761/2761/2761 2760/2760/2760 2748/2748/2748 
f 2750/2750/2750 2762/2762/2762 2761/2761/2761 2749/2749/2749 
f 2751/2751/2751 2763/2763/2763 2762/2762/2762 2750/2750/2750 
f 2752/2752/2752 2764/2764/2764 2763/2763/2763 2751/2751/2751 
f 2753/2753/2753 2765/2765/2765 2764/2764/2764 2752/2752/2752 
f 2742/2742/2742 2754/2754/2754 2765/2765/2765 2753/2753/2753 
f 2755/2755/2755 2767/2767/2767 2766/2766/2766 2754/2754/2754 
f 2756/2756/2756 2768/2768/2768 2767/2767/2767 2755/2755/2755 
f 2757/2757/2757 2769/2769/2769 2768/2768/2768 2756/2756/2756 
f 2758/2758/2758 2770/2770/2770 2769/2769/2769 2757/2757/2757 
f 2759/2759/2759 2771/2771/2771 2770/2770/2770 2758/2758/2758 
f 2760/2760/2760 2772/2772/2772 2771/2771/2771 2759/2759/2759 
f 2761/2761/2761 2773/2773/2773 2772/2772/2772 2760/2760/2760 
f 2762/2762/2762 2774/2774/2774 2773/2773/2773 2761/2761/2761 
f 2763/2763/2763 2775/2775/2775 2774/2774/2774 2762/2762/2762 
f 2764/2764/2764 2776/2776/2776 2775/2775/2775 2763/2763/2763 
f 2765/2765/2765 2777/2777/2777 2776/2776/2776 2764/2764/2764 
f 2754/2754/2754 2766/2766/2766 2777/2777/2777 2765/2765/2765 
f 2767/2767/2767 2779/2779/2779 2778/2778/2778 2766/2766/2766 
f 2768/2768/2768 2780/2780/2780 2779/2779/2779 2767/2767/2767 
f 2769/2769/2769 2781/2781/2781 2780/2780/2780 2768/2768/2768 
f 2770/2770/2770 2782/2782/2782 2781/2781/2781 2769/2769/2769 
f 2771/2771/2771 2783/2783/2783 2782/2782/2782 2770/2770/2770 
f 2772/2772/2772 2784/2784/2784 2783/2783/2783 2771/2771/2771 
f 2773/2773/2773 2785/2785/2785 2784/2784/2784 2772/2772/2772 
f 2774/2774/2774 2786/2786/2786 2785/2785/2785 2773/2773/2773 
f 2775/2775/2775 2787/2787/2787 2786/2786/2786 2774/2774/2774 
f 2776/2776/2776 2788/2788/2788 2787/2787/2787 2775/2775/2775 
f 2777/2777/2777 2789/2789/2789 2788/2788/2788 2776/2776/2776 
f 2766/2766/2766 2778/2778/2778 2789/2789/2789 2777/2777/2777 
f 2779/2779/2779 2791/2791/2791 2790/2790/2790 2778/2778/2778 
f 2780/2780/2780 2792/2792/2792 2791/2791/2791 2779/2779/2779 
f 2781/2781/2781 2793/2793/2793 2792/2792/2792 2780/2780/2780 
f 2782/2782/2782 2794/2794/2794 2793/2793/2793 2781/2781/2781 
f 2783/2783/2783 2795/2795/2795 2794/2794/2794 2782/2782/2782 
f 2784/2784/2784 2796/2796/2796 2795/2795/2795 2783/2783/2783 
f 2785/2785/2785 2797/2797/2797 2796/2796/2796 2784/2784/2784 
f 2786/2786/2786 2798/2798/2798 2797/2797/2797 2785/2785/2785 
f 2787/2787/2787 2799/2799/2799 2798/2798/2798 2786/2786/2786 
f 2788/2788/2788 2800/2800/2800 2799/2799/2799 2787/2787/2787 
f 2789/2789/2789 2801/2801/2801 2800/2800/2800 2788/2788/2788 
f 2778/2778/2778 2802/2802/2802 2801/2801/2801 2789/2789/2789 
f 2791/2791/2791 2804/2804/2804 2803/2803/2803 2790/2790/2790 
f 2792/2792/2792 2805/2805/2805 2804/2804/2804 2791/2791/2791 
f 2793/2793/2793 2806/2806/2806 2805/2805/2805 2792/2792/2792 
f 2794/2794/2794 2807/2807/2807 2806/2806/2806 2793/2793/2793 
f 2795/2795/2795 2808/2808/2808 2807/2807/2807 2794/2794/2794 
f 2796/2796/2796 2809/2809/2809 2808/2808/2808 2795/2795/2795 
f 2797/2797/2797 2810/2810/2810 2809/2809/2809 2796/2796/2796 
f 2798/2798/2798 2811/2811/2811 2810/2810/2810 2797/2797/2797 
f 2799/2799/2799 2812/2812/2812 2811/2811/2811 2798/2798/2798 
f 2800/2800/2800 2813/2813/2813 2812/2812/2812 2799/2799/2799 
f 2801/2801/2801 2814/2814/2814 2813/2813/2813 2800/2800/2800 
f 2802/2802/2802 2815/2815/2815 2814/2814/2814 2801/2801/2801 
f 2804/2804/2804 2817/2817/2817 2816/2816/2816 2803/2803/2803 
f 2805/2805/2805 2818/2818/2818 2817/2817/2817 2804/2804/2804 
f 2806/2806/2806 2819/2819/2819 2818/2818/2818 2805/2805/2805 
f 2807/2807/2807 2820/2820/2820 2819/2819/2819 2806/2806/2806 
f 2808/2808/2808 2821/2821/2821 2820/2820/2820 2807/2807/2807 
f 2809/2809/2809 2822/2822/2822 2821/2821/2821 2808/2808/2808 
f 2810/2810/2810 2823/2823/2823 2822/2822/2822 2809/2809/2809 
f 2811/2811/2811 2824/2824/2824 2823/2823/2823 2810/2810/2810 
f 2812/2812/2812 2825/2825/2825 2824/2824/2824 2811/2811/2811 
f 2813/2813/2813 2826/2826/2826 2825/2825/2825 2812/2812/2812 
f 2814/2814/2814 2827/2827/2827 2826/2826/2826 2813/2813/2813 
f 2815/2815/2815 2828/2828/2828 2827/2827/2827 2814/2814/2814 
f 2817/2817/2817 2830/2830/2830 2829/2829/2829 2816/2816/2816 
f 2818/2818/2818 2831/2831/2831 2830/2830/2830 2817/2817/2817 
f 2819/2819/2819 2832/2832/2832 2831/2831/2831 2818/2818/2818 
f 2820/2820/2820 2833/2833/2833 2832/2832/2832 2819/2819/2819 
f 2821/2821/2821 2834/2834/2834 2833/2833/2833 2820/2820/2820 
f 2822/2822/2822 2835/2835/2835 2834/2834/2834 2821/2821/2821 
f 2823/2823/2823 2836/2836/2836 2835/2835/2835 2822/2822/2822 
f 2824/2824/2824 2837/2837/2837 2836/2836/2836 2823/2823/2823 
f 2825/2825/2825 2838/2838/2838 2837/2837/2837 2824/2824/2824 
f 2826/2826/2826 2839/2839/2839 2838/2838/2838 2825/2825/2825 
f 2827/2827/2827 2840/2840/2840 2839/2839/2839 2826/2826/2826 
f 2828/2828/2828 2841/2841/2841 2840/2840/2840 2827/2827/2827 
f 2830/2830/2830 2843/2843/2843 2842/2842/2842 2829/2829/2829 
f 2831/2831/2831 2844/2844/2844 2843/2843/2843 2830/2830/2830 
f 2832/2832/2832 2845/2845/2845 2844/2844/2844 2831/2831/2831 
f 2833/2833/2833 2846/2846/2846 2845/2845/2845 2832/2832/2832 
f 2834/2834/2834 2847/2847/2847 2846/2846/2846 2833/2833/2833 
f 2835/2835/2835 2848/2848/2848 2847/2847/2847 2834/2834/2834 
f 2836/2836/2836 2849/2849/2849 2848/2848/2848 2835/2835/2835 
f 2837/2837/2837 2850/2850/2850 2849/2849/2849 2836/2836/2836 
f 2838/2838/2838 2851/2851/2851 2850/2850/2850 2837/2837/2837 
f 2839/2839/2839 2852/2852/2852 2851/2851/2851 2838/2838/2838 
f 2840/2840/2840 2853/2853/2853 2852/2852/2852 2839/2839/2839 
f 2841/2841/2841 2854/2854/2854 2853/2853/2853 2840/2840/2840 
f 2843/2843/2843 2856/2856/2856 2855/2855/2855 2842/2842/2842 
f 2844/2844/2844 2857/2857/2857 2856/2856/2856 2843/2843/2843 
f 2845/2845/2845 2858/2858/2858 2857/2857/2857 2844/2844/2844 
f 2846/2846/2846 2859/2859/2859 2858/2858/2858 2845/2845/2845 
f 2847/2847/2847 2860/2860/2860 2859/2859/2859 2846/2846/2846 
f 2848/2848/2848 2861/2861/2861 2860/2860/2860 2847/2847/2847 
f 2849/2849/2849 2862/2862/2862 2861/2861/2861 2848/2848/2848 
f 2850/2850/2850 2863/2863/2863 2862/2862/2862 2849/2849/2849 
f 2851/2851/2851 2864/2864/2864 2863/2863/2863 2850/2850/2850 
f 2852/2852/2852 2865/2865/2865 2864/2864/2864 2851/2851/2851 
f 2853/2853/2853 2866/2866/2866 2865/2865/2865 2852/2852/2852 
f 2854/2854/2854 2867/2867/2867 2866/2866/2866 2853/2853/2853 
f 2856/2856/2856 2869/2869/2869 2868/2868/2868 2855/2855/2855 
f 2857/2857/2857 2870/2870/2870 2869/2869/2869 2856/2856/2856 
f 2858/2858/2858 2871/2871/2871 2870/2870/2870 2857/2857/2857 
f 2859/2859/2859 2872/2872/2872 2871/2871/2871 2858/2858/2858 
f 2860/2860/2860 2873/2873/2873 2872/2872/2872 2859/2859/2859 
f 2861/2861/2861 2874/2874/2874 2873/2873/2873 2860/2860/2860 
f 2862/2862/2862 2875/2875/2875 2874/2874/2874 2861/2861/2861 
f 2863/2863/2863 2876/2876/2876 2875/2875/2875 2862/2862/2862 
f 2864/2864/2864 2877/2877/2877 2876/2876/2876 2863/2863/2863 
f 2865/2865/2865 2878/2878/2878 2877/2877/2877 2864/2864/2864 
f 2866/2866/2866 2879/2879/2879 2878/2878/2878 2865/2865/2865 
f 2867/2867/2867 2880/2880/2880 2879/2879/2879 2866/2866/2866 
f 2869/2869/2869 2882/2882/2882 2881/2881/2881 2868/2868/2868 
f 2870/2870/2870 2883/2883/2883 2882/2882/2882 2869/2869/2869 
f 2871/2871/2871 2884/2884/2884 2883/2883/2883 2870/2870/2870 
f 2872/2872/2872 2885/2885/2885 2884/2884/2884 2871/2871/2871 
f 2873/2873/2873 2886/2886/2886 2885/2885/2885 2872/2872/2872 
f 2874/2874/2874 2887/2887/2887 2886/2886/2886 2873/2873/2873 
f 2875/2875/2875 2888/2888/2888 2887/2887/2887 2874/2874/2874 
f 2876/2876/2876 2889/2889/2889 2888/2888/2888 2875/2875/2875 
f 2877/2877/2877 2890/2890/2890 2889/2889/2889 2876/2876/2876 
f 2878/2878/2878 2891/2891/2891 2890/2890/2890 2877/2877/2877 
f 2879/2879/2879 2892/2892/2892 2891/2891/2891 2878/2878/2878 
f 2880/2880/2880 2893/2893/2893 2892/2892/2892 2879/2879/2879 
f 2882/2882/2882 2895/2895/2895 2894/2894/2894 2881/2881/2881 
f 2883/2883/2883 2896/2896/2896 2895/2895/2895 2882/2882/2882 
f 2884/2884/2884 2897/2897/2897 2896/2896/2896 2883/2883/2883 
f 2885/2885/2885 2898/2898/2898 2897/2897/2897 2884/2884/2884 
f 2886/2886/2886 2899/2899/2899 2898/2898/2898 2885/2885/2885 
f 2887/2887/2887 2900/2900/2900 2899/2899/2899 2886/2886/2886 
f 2888/2888/2888 2901/2901/2901 2900/2900/2900 2887/2887/2887 
f 2889/2889/2889 2902/2902/2902 2901/2901/2901 2888/2888/2888 
f 2890/2890/2890 2903/2903/2903 2902/2902/2902 2889/2889/2889 
f 2891/2891/2891 2904/2904/2904 2903/2903/2903 2890/2890/2890 
f 2892/2892/2892 2905/2905/2905 2904/2904/2904 2891/2891/2891 
f 2893/2893/2893 2906/2906/2906 2905/2905/2905 2892/2892/2892 
f 2895/2895/2895 2908/2908/2908 2907/2907/2907 2894/2894/2894 
f 2896/2896/2896 2909/2909/2909 2908/2908/2908 2895/2895/2895 
f 2897/2897/2897 2910/2910/2910 2909/2909/2909 2896/2896/2896 
f 2898/2898/2898 2911/2911/2911 2910/2910/2910 2897/2897/2897 
f 2899/2899/2899 2912/2912/2912 2911/2911/2911 2898/2898/2898 
f 2900/2900/2900 2913/2913/2913 2912/2912/2912 2899/2899/2899 
f 2901/2901/2901 2914/2914/2914 2913/2913/2913 2900/2900/2900 
f 2902/2902/2902 2915/2915/2915 2914/2914/2914 2901/2901/2901 
f 2903/2903/2903 2916/2916/2916 2915/2915/2915 2902/2902/2902 
f 2904/2904/2904 2917/2917/2917 2916/2916/2916 2903/2903/2903 
f 2905/2905/2905 2918/2918/2918 2917/2917/2917 2904/2904/2904 
f 2906/2906/2906 2919/2919/2919 2918/2918/2918 2905/2905/2905 
f 2908/2908/2908 2921/2921/2921 2920/2920/2920 2907/2907/2907 
f 2909/2909/2909 2922/2922/2922 2921/2921/2921 2908/2908/2908 
f 2910/2910/2910 2923/2923/2923 2922/2922/2922 2909/2909/2909 
f 2911/2911/2911 2924/2924/2924 2923/2923/2923 2910/2910/2910 
f 2912/2912/2912 2925/2925/2925 2924/2924/2924 2911/2911/2911 
f 2913/2913/2913 2926/2926/2926 2925/2925/2925 2912/2912/2912 
f 2914/2914/2914 2927/2927/2927 2926/2926/2926 2913/2913/2913 
f 2915/2915/2915 2928/2928/2928 2927/2927/2927 2914/2914/2914 
f 2916/2916/2916 2929/2929/2929 2928/2928/2928 2915/2915/2915 
f 2917/2917/2917 2930/2930/2930 2929/2929/2929 2916/2916/2916 
f 2918/2918/2918 2931/2931/2931 2930/2930/2930 2917/2917/2917 
f 2919/2919/2919 2932/2932/2932 2931/2931/2931 2918/2918/2918 
f 2921/2921/2921 2934/2934/2934 2933/2933/2933 2920/2920/2920 
f 2922/2922/2922 2935/2935/2935 2934/2934/2934 2921/2921/2921 
f 2923/2923/2923 2936/2936/2936 2935/2935/2935 2922/2922/2922 
f 2924/2924/2924 2937/2937/2937 2936/2936/2936 2923/2923/2923 
f 2925/2925/2925 2938/2938/2938 2937/2937/2937 2924/2924/2924 
f 2926/2926/2926 2939/2939/2939 2938/2938/2938 2925/2925/2925 
f 2927/2927/2927 2940/2940/2940 2939/2939/2939 2926/2926/2926 
f 2928/2928/2928 2941/2941/2941 2940/2940/2940 2927/2927/2927 
f 2929/2929/2929 2942/2942/2942 2941/2941/2941 2928/2928/2928 
f 2930/2930/2930 2943/2943/2943 2942/2942/2942 2929/2929/2929 
f 2931/2931/2931 2944/2944/2944 2943/2943/2943 2930/2930/2930 
f 2932/2932/2932 2945/2945/2945 2944/2944/2944 2931/2931/2931 
f 2934/2934/2934 2947/2947/2947 2946/2946/2946 2933/2933/2933 
f 2935/2935/2935 2948/2948/2948 2947/2947/2947 2934/2934/2934 
f 2936/2936/2936 2949/2949/2949 2948/2948/2948 2935/2935/2935 
f 2937/2937/2937 2950/2950/2950 2949/2949/2949 2936/2936/2936 
f 2938/2938/2938 2951/2951/2951 2950/2950/2950 2937/2937/2937 
f 2939/2939/2939 2952/2952/2952 2951/2951/2951 2938/2938/2938 
f 2940/2940/2940 2953/2953/2953 2952/2952/2952 2939/2939/2939 
f 2941/2941/2941 2954/2954/2954 2953/2953/2953 2940/2940/2940 
f 2942/2942/2942 2955/2955/2955 2954/2954/2954 2941/2941/2941 
f 2943/2943/2943 2956/2956/2956 2955/2955/2955 2942/2942/2942 
f 2944/2944/2944 2957/2957/2957 2956/2956/2956 2943/2943/2943 
f 2945/2945/2945 2958/2958/2958 2957/2957/2957 2944/2944/2944 
f 2947/2947/2947 2960/2960/2960 2959/2959/2959 2946/2946/2946 
f 2948/2948/2948 2961/2961/2961 2960/2960/2960 2947/2947/2947 
f 2949/2949/2949 2962/2962/2962 2961/2961/2961 2948/2948/2948 
f 2950/2950/2950 2963/2963/2963 2962/2962/2962 2949/2949/2949 
f 2951/2951/2951 2964/2964/2964 2963/2963/2963 2950/2950/2950 
f 2952/2952/2952 2965/2965/2965 2964/2964/2964 2951/2951/2951 
f 2953/2953/2953 2966/2966/2966 2965/2965/2965 2952/2952/2952 
f 2954/2954/2954 2967/2967/2967 2966/2966/2966 2953/2953/2953 
f 2955/2955/2955 2968/2968/2968 2967/2967/2967 2954/2954/2954 
f 2956/2956/2956 2969/2969/2969 2968/2968/2968 2955/2955/2955 
f 2957/2957/2957 2970/2970/2970 2969/2969/2969 2956/2956/2956 
f 2958/2958/2958 2971/2971/2971 2970/2970/2970 2957/2957/2957 
f 2960/2960/2960 2973/2973/2973 2972/2972/2972 2959/2959/2959 
f 2961/2961/2961 2974/2974/2974 2973/2973/2973 2960/2960/2960 
f 2962/2962/2962 2975/2975/2975 2974/2974/2974 2961/2961/2961 
f 2963/2963/2963 2976/2976/2976 2975/2975/2975 2962/2962/2962 
f 2964/2964/2964 2977/2977/2977 2976/2976/2976 2963/2963/2963 
f 2965/2965/2965 2978/2978/2978 2977/2977/2977 2964/2964/2964 
f 2966/2966/2966 2979/2979/2979 2978/2978/2978 2965/2965/2965 
f 2967/2967/2967 2980/2980/2980 2979/2979/2979 2966/2966/2966 
f 2968/2968/2968 2981/2981/2981 2980/2980/2980 2967/2967/2967 
f 2969/2969/2969 2982/2982/2982 2981/2981/2981 2968/2968/2968 
f 2970/2970/2970 2983/2983/2983 2982/2982/2982 2969/2969/2969 
f 2971/2971/2971 2984/2984/2984 2983/2983/2983 2970/2970/2970 
f 2973/2973/2973 2986/2986/2986 2985/2985/2985 2972/2972/2972 
f 2974/2974/2974 2987/2987/2987 2986/2986/2986 2973/2973/2973 
f 2975/2975/2975 2988/2988/2988 2987/2987/2987 2974/2974/2974 
f 2976/2976/2976 2989/2989/2989 2988/2988/2988 2975/2975/2975 
f 2977/2977/2977 2990/2990/2990 2989/2989/2989 2976/2976/2976 
f 2978/2978/2978 2991/2991/2991 2990/2990/2990 2977/2977/2977 
f 2979/2979/2979 2992/2992/2992 2991/2991/2991 2978/2978/2978 
f 2980/2980/2980 2993/2993/2993 2992/2992/2992 2979/2979/2979 
f 2981/2981/2981 2994/2994/2994 2993/2993/2993 2980/2980/2980 
f 2982/2982/2982 2995/2995/2995 2994/2994/2994 2981/2981/2981 
f 2983/2983/2983 2996/2996/2996 2995/2995/2995 2982/2982/2982 
f 2984/2984/2984 2997/2997/2997 2996/2996/2996 2983/2983/2983 
f 2986/2986/2986 2999/2999/2999 2998/2998/2998 2985/2985/2985 
f 2987/2987/2987 3000/3000/3000 2999/2999/2999 2986/2986/2986 
f 2988/2988/2988 3001/3001/3001 3000/3000/3000 2987/2987/2987 
f 2989/2989/2989 3002/3002/3002 3001/3001/3001 2988/2988/2988 
f 2990/2990/2990 3003/3003/3003 3002/3002/3002 2989/2989/2989 
f 2991/2991/2991 3004/3004/3004 3003/3003/3003 2990/2990/2990 
f 2992/2992/2992 3005/3005/3005 3004/3004/3004 2991/2991/2991 
f 2993/2993/2993 3006/3006/3006 3005/3005/3005 2992/2992/2992 
f 2994/2994/2994 3007/3007/3007 3006/3006/3006 2993/2993/2993 
f 2995/2995/2995 3008/3008/3008 3007/3007/3007 2994/2994/2994 
f 2996/2996/2996 3009/3009/3009 3008/3008/3008 2995/2995/2995 
f 2997/2997/2997 3010/3010/3010 3009/3009/3009 2996/2996/2996 
f 2999/2999/2999 3012/3012/3012 3011/3011/3011 2998/2998/2998 
f 3000/3000/3000 3013/3013/3013 3012/3012/3012 2999/2999/2999 
f 3001/3001/3001 3014/3014/3014 3013/3013/3013 3000/3000/3000 
f 3002/3002/3002 3015/3015/3015 3014/3014/3014 3001/3001/3001 
f 3003/3003/3003 3016/3016/3016 3015/3015/3015 3002/3002/3002 
f 3004/3004/3004 3017/3017/3017 3016/3016/3016 3003/3003/3003 
f 3005/3005/3005 3018/3018/3018 3017/3017/3017 3004/3004/3004 
f 3006/3006/3006 3019/3019/3019 3018/3018/3018 3005/3005/3005 
f 3007/3007/3007 3020/3020/3020 3019/3019/3019 3006/3006/3006 
f 3008/3008/3008 3021/3021/3021 3020/3020/3020 3007/3007/3007 
f 3009/3009/3009 3022/3022/3022 3021/3021/3021 3008/3008/3008 
f 3010/3010/3010 3023/3023/3023 3022/3022/3022 3009/3009/3009 
f 3012/3012/3012 3025/3025/3025 3024/3024/3024 3011/3011/3011 
f 3013/3013/3013 3026/3026/3026 3025/3025/3025 3012/3012/3012 
f 3014/3014/3014 3027/3027/3027 3026/3026/3026 3013/3013/3013 
f 3015/3015/3015 3028/3028/3028 3027/3027/3027 3014/3014/3014 
f 3016/3016/3016 3029/3029/3029 3028/3028/3028 3015/3015/3015 
f 3017/3017/3017 3030/3030/3030 3029/3029/3029 3016/3016/3016 
f 3018/3018/3018 3031/3031/3031 3030/3030/3030 3017/3017/3017 
f 3019/3019/3019 3032/3032/3032 3031/3031/3031 3018/3018/3018 
f 3020/3020/3020 3033/3033/3033 3032/3032/3032 3019/3019/3019 
f 3021/3021/3021 3034/3034/3034 3033/3033/3033 3020/3020/3020 
f 3022/3022/3022 3035/3035/3035 3034/3034/3034 3021/3021/3021 
f 3023/3023/3023 3036/3036/3036 3035/3035/3035 3022/3022/3022 
f 3025/3025/3025 3038/3038/3038 3037/3037/3037 3024/3024/3024 
f 3026/3026/3026 3039/3039/3039 3038/3038/3038 3025/3025/3025 
f 3027/3027/3027 3040/3040/3040 3039/3039/3039 3026/3026/3026 
f 3028/3028/3028 3041/3041/3041 3040/3040/3040 3027/3027/3027 
f 3029/3029/3029 3042/3042/3042 3041/3041/3041 3028/3028/3028 
f 3030/3030/3030 3043/3043/3043 3042/3042/3042 3029/3029/3029 
f 3031/3031/3031 3044/3044/3044 3043/3043/3043 3030/3030/3030 
f 3032/3032/3032 3045/3045/3045 3044/3044/3044 3031/3031/3031 
f 3033/3033/3033 3046/3046/3046 3045/3045/3045 3032/3032/3032 
f 3034/3034/3034 3047/3047/3047 3046/3046/3046 3033/3033/3033 
f 3035/3035/3035 3048/3048/3048 3047/3047/3047 3034/3034/3034 
f 3036/3036/3036 3049/3049/3049 3048/3048/3048 3035/3035/3035 
f 3038/3038/3038 3051/3051/3051 3050/3050/3050 3037/3037/3037 
f 3039/3039/3039 3052/3052/3052 3051/3051/3051 3038/3038/3038 
f 3040/3040/3040 3053/3053/3053 3052/3052/3052 3039/3039/3039 
f 3041/3041/3041 3054/3054/3054 3053/3053/3053 3040/3040/3040 
f 3042/3042/3042 3055/3055/3055 3054/3054/3054 3041/3041/3041 
f 3043/3043/3043 3056/3056/3056 3055/3055/3055 3042/3042/3042 
f 3044/3044/3044 3057/3057/3057 3056/3056/3056 3043/3043/3043 
f 3045/3045/3045 3058/3058/3058 3057/3057/3057 3044/3044/3044 
f 3046/3046/3046 3059/3059/3059 3058/3058/3058 3045/3045/3045 
f 3047/3047/3047 3060/3060/3060 3059/3059/3059 3046/3046/3046 
f 3048/3048/3048 3061/3061/3061 3060/3060/3060 3047/3047/3047 
f 3049/3049/3049 3062/3062/3062 3061/3061/3061 3048/3048/3048 
f 3051/3051/3051 3064/3064/3064 3063/3063/3063 3050/3050/3050 
f 3052/3052/3052 3065/3065/3065 3064/3064/3064 3051/3051/3051 
f 3053/3053/3053 3066/3066/3066 3065/3065/3065 3052/3052/3052 
f 3054/3054/3054 3067/3067/3067 3066/3066/3066 3053/3053/3053 
f 3055/3055/3055 3068/3068/3068 3067/3067/3067 3054/3054/3054 
f 3056/3056/3056 3069/3069/3069 3068/3068/3068 3055/3055/3055 
f 3057/3057/3057 3070/3070/3070 3069/3069/3069 3056/3056/3056 
f 3058/3058/3058 3071/3071/3071 3070/3070/3070 3057/3057/3057 
f 3059/3059/3059 3072/3072/3072 3071/3071/3071 3058/3058/3058 
f 3060/3060/3060 3073/3073/3073 3072/3072/3072 3059/3059/3059 
f 3061/3061/3061 3074/3074/3074 3073/3073/3073 3060/3060/3060 
f 3062/3062/3062 3075/3075/3075 3074/3074/3074 3061/3061/3061 
f 3064/3064/3064 3077/3077/3077 3076/3076/3076 3063/3063/3063 
f 3065/3065/3065 3078/3078/3078 3077/3077/3077 3064/3064/3064 
f 3066/3066/3066 3079/3079/3079 3078/3078/3078 3065/3065/3065 
f 3067/3067/3067 3080/3080/3080 3079/3079/3079 3066/3066/3066 
f 3068/3068/3068 3081/3081/3081 3080/3080/3080 3067/3067/3067 
f 3069/3069/3069 3082/3082/3082 3081/3081/3081 3068/3068/3068 
f 3070/3070/3070 3083/3083/3083 3082/3082/3082 3069/3069/3069 
f 3071/3071/3071 3084/3084/3084 3083/3083/3083 3070/3070/3070 
f 3072/3072/3072 3085/3085/3085 3084/3084/3084 3071/3071/3071 
f 3073/3073/3073 3086/3086/3086 3085/3085/3085 3072/3072/3072 
f 3074/3074/3074 3087/3087/3087 3086/3086/3086 3073/3073/3073 
f 3075/3075/3075 3088/3088/3088 3087/3087/3087 3074/3074/3074 
f 3077/3077/3077 3090/3090/3090 3089/3089/3089 3076/3076/3076 
f 3078/3078/3078 3091/3091/3091 3090/3090/3090 3077/3077/3077 
f 3079/3079/3079 3092/3092/3092 3091/3091/3091 3078/3078/3078 
f 3080/3080/3080 3093/3093/3093 3092/3092/3092 3079/3079/3079 
f 3081/3081/3081 3094/3094/3094 3093/3093/3093 3080/3080/3080 
f 3082/3082/3082 3095/3095/3095 3094/3094/3094 3081/3081/3081 
f 3083/3083/3083 3096/3096/3096 3095/3095/3095 3082/3082/3082 
f 3084/3084/3084 3097/3097/3097 3096/3096/3096 3083/3083/3083 
f 3085/3085/3085 3098/3098/3098 3097/3097/3097 3084/3084/3084 
f 3086/3086/3086 3099/3099/3099 3098/3098/3098 3085/3085/3085 
f 3087/3087/3087 3100/3100/3100 3099/3099/3099 3086/3086/3086 
f 3088/3088/3088 3101/3101/3101 3100/3100/3100 3087/3087/3087 
f 3090/3090/3090 3103/3103/3103 3102/3102/3102 3089/3089/3089 
f 3091/3091/3091 3104/3104/3104 3103/3103/3103 3090/3090/3090 
f 3092/3092/3092 3105/3105/3105 3104/3104/3104 3091/3091/3091 
f 3093/3093/3093 3106/3106/3106 3105/3105/3105 3092/3092/3092 
f 3094/3094/3094 3107/3107/3107 3106/3106/3106 3093/3093/3093 
f 3095/3095/3095 3108/3108/3108 3107/3107/3107 3094/3094/3094 
f 3096/3096/3096 3109/3109/3109 3108/3108/3108 3095/3095/3095 
f 3097/3097/3097 3110/3110/3110 3109/3109/3109 3096/3096/3096 
f 3098/3098/3098 3111/3111/3111 3110/3110/3110 3097/3097/3097 
f 3099/3099/3099 3112/3112/3112 3111/3111/3111 3098/3098/3098 
f 3100/3100/3100 3113/3113/3113 3112/3112/3112 3099/3099/3099 
f 3101/3101/3101 3114/3114/3114 3113/3113/3113 3100/3100/3100 
f 3103/3103/3103 3116/3116/3116 3115/3115/3115 3102/3102/3102 
f 3104/3104/3104 3117/3117/3117 3116/3116/3116 3103/3103/3103 
f 3105/3105/3105 3118/3118/3118 3117/3117/3117 3104/3104/3104 
f 3106/3106/3106 3119/3119/3119 3118/3118/3118 3105/3105/3105 
f 3107/3107/3107 3120/3120/3120 3119/3119/3119 3106/3106/3106 
f 3108/3108/3108 3121/3121/3121 3120/3120/3120 3107/3107/3107 
f 3109/3109/3109 3122/3122/3122 3121/3121/3121 3108/3108/3108 
f 3110/3110/3110 3123/3123/3123 3122/3122/3122 3109/3109/3109 
f 3111/3111/3111 3124/3124/3124 3123/3123/3123 3110/3110/3110 
f 3112/3112/3112 3125/3125/3125 3124/3124/3124 3111/3111/3111 
f 3113/3113/3113 3126/3126/3126 3125/3125/3125 3112/3112/3112 
f 3114/3114/3114 3127/3127/3127 3126/3126/3126 3113/3113/3113 
f 3116/3116/3116 3129/3129/3129 3128/3128/3128 3115/3115/3115 
f 3117/3117/3117 3130/3130/3130 3129/3129/3129 3116/3116/3116 
f 3118/3118/3118 3131/3131/3131 3130/3130/3130 3117/3117/3117 
f 3119/3119/3119 3132/3132/3132 3131/3131/3131 3118/3118/3118 
f 3120/3120/3120 3133/3133/3133 3132/3132/3132 3119/3119/3119 
f 3121/3121/3121 3134/3134/3134 3133/3133/3133 3120/3120/3120 
f 3122/3122/3122 3135/3135/3135 3134/3134/3134 3121/3121/3121 
f 3123/3123/3123 3136/3136/3136 3135/3135/3135 3122/3122/3122 
f 3124/3124/3124 3137/3137/3137 3136/3136/3136 3123/3123/3123 
f 3125/3125/3125 3138/3138/3138 3137/3137/3137 3124/3124/3124 
f 3126/3126/3126 3139/3139/3139 3138/3138/3138 3125/3125/3125 
f 3127/3127/3127 3140/3140/3140 3139/3139/3139 3126/3126/3126 
f 3129/3129/3129 3142/3142/3142 3141/3141/3141 3128/3128/3128 
f 3130/3130/3130 3143/3143/3143 3142/3142/3142 3129/3129/3129 
f 3131/3131/3131 3144/3144/3144 3143/3143/3143 3130/3130/3130 
f 3132/3132/3132 3145/3145/3145 3144/3144/3144 3131/3131/3131 
f 3133/3133/3133 3146/3146/3146 3145/3145/3145 3132/3132/3132 
f 3134/3134/3134 3147/3147/3147 3146/3146/3146 3133/3133/3133 
f 3135/3135/3135 3148/3148/3148 3147/3147/3147 3134/3134/3134 
f 3136/3136/3136 3149/3149/3149 3148/3148/3148 3135/3135/3135 
f 3137/3137/3137 3150/3150/3150 3149/3149/3149 3136/3136/3136 
f 3138/3138/3138 3151/3151/3151 3150/3150/3150 3137/3137/3137 
f 3139/3139/3139 3152/3152/3152 3151/3151/3151 3138/3138/3138 
f 3140/3140/3140 3153/3153/3153 3152/3152/3152 3139/3139/3139 
f 3142/3142/3142 3155/3155/3155 3154/3154/3154 3141/3141/3141 
f 3143/3143/3143 3156/3156/3156 3155/3155/3155 3142/3142/3142 
f 3144/3144/3144 3157/3157/3157 3156/3156/3156 3143/3143/3143 
f 3145/3145/3145 3158/3158/3158 3157/3157/3157 3144/3144/3144 
f 3146/3146/3146 3159/3159/3159 3158/3158/3158 3145/3145/3145 
f 3147/3147/3147 3160/3160/3160 3159/3159/3159 3146/3146/3146 
f 3148/3148/3148 3161/3161/3161 3160/3160/3160 3147/3147/3147 
f 3149/3149/3149 3162/3162/3162 3161/3161/3161 3148/3148/3148 
f 3150/3150/3150 3163/3163/3163 3162/3162/3162 3149/3149/3149 
f 3151/3151/3151 3164/3164/3164 3163/3163/3163 3150/3150/3150 
f 3152/3152/3152 3165/3165/3165 3164/3164/3164 3151/3151/3151 
f 3153/3153/3153 3166/3166/3166 3165/3165/3165 3152/3152/3152 
f 3155/3155/3155 3168/3168/3168 3167/3167/3167 3154/3154/3154 
f 3156/3156/3156 3169/3169/3169 3168/3168/3168 3155/3155/3155 
f 3157/3157/3157 3170/3170/3170 3169/3169/3169 3156/3156/3156 
f 3158/3158/3158 3171/3171/3171 3170/3170/3170 3157/3157/3157 
f 3159/3159/3159 3172/3172/3172 3171/3171/3171 3158/3158/3158 
f 3160/3160/3160 3173/3173/3173 3172/3172/3172 3159/3159/3159 
f 3161/3161/3161 3174/3174/3174 3173/3173/3173 3160/3160/3160 
f 3162/3162/3162 3175/3175/3175 3174/3174/3174 3161/3161/3161 
f 3163/3163/3163 3176/3176/3176 3175/3175/3175 3162/3162/3162 
f 3164/3164/3164 3177/3177/3177 3176/3176/3176 3163/3163/3163 
f 3165/3165/3165 3178/3178/3178 3177/3177/3177 3164/3164/3164 
f 3166/3166/3166 3179/3179/3179 3178/3178/3178 3165/3165/3165 
f 3168/3168/3168 3181/3181/3181 3180/3180/3180 3167/3167/3167 
f 3169/3169/3169 3182/3182/3182 3181/3181/3181 3168/3168/3168 
f 3170/3170/3170 3183/3183/3183 3182/3182/3182 3169/3169/3169 
f 3171/3171/3171 3184/3184/3184 3183/3183/3183 3170/3170/3170 
f 3172/3172/3172 3185/3185/3185 3184/3184/3184 3171/3171/3171 
f 3173/3173/3173 3186/3186/3186 3185/3185/3185 3172/3172/3172 
f 3174/3174/3174 3187/3187/3187 3186/3186/3186 3173/3173/3173 
f 3175/3175/3175 3188/3188/3188 3187/3187/3187 3174/3174/3174 
f 3176/3176/3176 3189/3189/3189 3188/3188/3188 3175/3175/3175 
f 3177/3177/3177 3190/3190/3190 3189/3189/3189 3176/3176/3176 
f 3178/3178/3178 3191/3191/3191 3190/3190/3190 3177/3177/3177 
f 3179/3179/3179 3192/3192/3192 3191/3191/3191 3178/3178/3178 
f 3181/3181/3181 3194/3194/3194 3193/3193/3193 3180/3180/3180 
f 3182/3182/3182 3195/3195/3195 3194/3194/3194 3181/3181/3181 
f 3183/3183/3183 3196/3196/3196 3195/3195/3195 3182/3182/3182 
f 3184/3184/3184 3197/3197/3197 3196/3196/3196 3183/3183/3183 
f 3185/3185/3185 3198/3198/3198 3197/3197/3197 3184/3184/3184 
f 3186/3186/3186 3199/3199/3199 3198/3198/3198 3185/3185/3185 
f 3187/3187/3187 3200/3200/3200 3199/3199/3199 3186/3186/3186 
f 3188/3188/3188 3201/3201/3201 3200/3200/3200 3187/3187/3187 
f 3189/3189/3189 3202/3202/3202 3201/3201/3201 3188/3188/3188 
f 3190/3190/3190 3203/3203/3203 3202/3202/3202 3189/3189/3189 
f 3191/3191/3191 3204/3204/3204 3203/3203/3203 3190/3190/3190 
f 3192/3192/3192 3205/3205/3205 3204/3204/3204 3191/3191/3191 
f 3194/3194/3194 3207/3207/3207 3206/3206/3206 3193/3193/3193 
f 3195/3195/3195 3208/3208/3208 3207/3207/3207 3194/3194/3194 
f 3196/3196/3196 3209/3209/3209 3208/3208/3208 3195/3195/3195 
f 3197/3197/3197 3210/3210/3210 3209/3209/3209 3196/3196/3196 
f 3198/3198/3198 3211/3211/3211 3210/3210/3210 3197/3197/3197 
f 3199/3199/3199 3212/3212/3212 3211/3211/3211 3198/3198/3198 
f 3200/3200/3200 3213/3213/3213 3212/3212/3212 3199/3199/3199 
f 3201/3201/3201 3214/3214/3214 3213/3213/3213 3200/3200/3200 
f 3202/3202/3202 3215/3215/3215 3214/3214/3214 3201/3201/3201 
f 3203/3203/3203 3216/3216/3216 3215/3215/3215 3202/3202/3202 
f 3204/3204/3204 3217/3217/3217 3216/3216/3216 3203/3203/3203 
f 3205/3205/3205 3218/3218/3218 3217/3217/3217 3204/3204/3204 
f 3207/3207/3207 3220/3220/3220 3219/3219/3219 3206/3206/3206 
f 3208/3208/3208 3221/3221/3221 3220/3220/3220 3207/3207/3207 
f 3209/3209/3209 3222/3222/3222 3221/3221/3221 3208/3208/3208 
f 3210/3210/3210 3223/3223/3223 3222/3222/3222 3209/3209/3209 
f 3211/3211/3211 3224/3224/3224 3223/3223/3223 3210/3210/3210 
f 3212/3212/3212 3225/3225/3225 3224/3224/3224 3211/3211/3211 
f 3213/3213/3213 3226/3226/3226 3225/3225/3225 3212/3212/3212 
f 3214/3214/3214 3227/3227/3227 3226/3226/3226 3213/3213/3213 
f 3215/3215/3215 3228/3228/3228 3227/3227/3227 3214/3214/3214 
f 3216/3216/3216 3229/3229/3229 3228/3228/3228 3215/3215/3215 
f 3217/3217/3217 3230/3230/3230 3229/3229/3229 3216/3216/3216 
f 3218/3218/3218 3231/3231/3231 3230/3230/3230 3217/3217/3217 
f 3220/3220/3220 3233/3233/3233 3232/3232/3232 3219/3219/3219 
f 3221/3221/3221 3234/3234/3234 3233/3233/3233 3220/3220/3220 
f 3222/3222/3222 3235/3235/3235 3234/3234/3234 3221/3221/3221 
f 3223/3223/3223 3236/3236/3236 3235/3235/3235 3222/3222/3222 
f 3224/3224/3224 3237/3237/3237 3236/3236/3236 3223/3223/3223 
f 3225/3225/3225 3238/3238/3238 3237/3237/3237 3224/3224/3224 
f 3226/3226/3226 3239/3239/3239 3238/3238/3238 3225/3225/3225 
f 3227/3227/3227 3240/3240/3240 3239/3239/3239 3226/3226/3226 
f 3228/3228/3228 3241/3241/3241 3240/3240/3240 3227/3227/3227 
f 3229/3229/3229 3242/3242/3242 3241/3241/3241 3228/3228/3228 
f 3230/3230/3230 3243/3243/3243 3242/3242/3242 3229/3229/3229 
f 3231/3231/3231 3244/3244/3244 3243/3243/3243 3230/3230/3230 
f 3233/3233/3233 3246/3246/3246 3245/3245/3245 3232/3232/3232 
f 3234/3234/3234 3247/3247/3247 3246/3246/3246 3233/3233/3233 
f 3235/3235/3235 3248/3248/3248 3247/3247/3247 3234/3234/3234 
f 3236/3236/3236 3249/3249/3249 3248/3248/3248 3235/3235/3235 
f 3237/3237/3237 3250/3250/3250 3249/3249/3249 3236/3236/3236 
f 3238/3238/3238 3251/3251/3251 3250/3250/3250 3237/3237/3237 
f 3239/3239/3239 3252/3252/3252 3251/3251/3251 3238/3238/3238 
f 3240/3240/3240 3253/3253/3253 3252/3252/3252 3239/3239/3239 
f 3241/3241/3241 3254/3254/3254 3253/3253/3253 3240/3240/3240 
f 3242/3242/3242 3255/3255/3255 3254/3254/3254 3241/3241/3241 
f 3243/3243/3243 3256/3256/3256 3255/3255/3255 3242/3242/3242 
f 3244/3244/3244 3257/3257/3257 3256/3256/3256 3243/3243/3243 
f 3246/3246/3246 3259/3259/3259 3258/3258/3258 3245/3245/3245 
f 3247/3247/3247 3260/3260/3260 3259/3259/3259 3246/3246/3246 
f 3248/3248/3248 3261/3261/3261 3260/3260/3260 3247/3247/3247 
f 3249/3249/3249 3262/3262/3262 3261/3261/3261 3248/3248/3248 
f 3250/3250/3250 3263/3263/3263 3262/3262/3262 3249/3249/3249 
f 3251/3251/3251 3264/3264/3264 3263/3263/3263 3250/3250/3250 
f 3252/3252/3252 3265/3265/3265 3264/3264/3264 3251/3251/3251 
f 3253/3253/3253 3266/3266/3266 3265/3265/3265 3252/3252/3252 
f 3254/3254/3254 3267/3267/3267 3266/3266/3266 3253/3253/3253 
f 3255/3255/3255 3268/3268/3268 3267/3267/3267 3254/3254/3254 
f 3256/3256/3256 3269/3269/3269 3268/3268/3268 3255/3255/3255 
f 3257/3257/3257 3270/3270/3270 3269/3269/3269 3256/3256/3256 
f 3259/3259/3259 3272/3272/3272 3271/3271/3271 3258/3258/3258 
f 3260/3260/3260 3273/3273/3273 3272/3272/3272 3259/3259/3259 
f 3261/3261/3261 3274/3274/3274 3273/3273/3273 3260/3260/3260 
f 3262/3262/3262 3275/3275/3275 3274/3274/3274 3261/3261/3261 
f 3263/3263/3263 3276/3276/3276 3275/3275/3275 3262/3262/3262 
f 3264/3264/3264 3277/3277/3277 3276/3276/3276 3263/3263/3263 
f 3265/3265/3265 3278/3278/3278 3277/3277/3277 3264/3264/3264 
f 3266/3266/3266 3279/3279/3279 3278/3278/3278 3265/3265/3265 
f 3267/3267/3267 3280/3280/3280 3279/3279/3279 3266/3266/3266 
f 3268/3268/3268 3281/3281/3281 3280/3280/3280 3267/3267/3267 
f 3269/3269/3269 3282/3282/3282 3281/3281/3281 3268/3268/3268 
f 3270/3270/3270 3283/3283/3283 3282/3282/3282 3269/3269/3269 
f 3272/3272/3272 3285/3285/3285 3284/3284/3284 3271/3271/3271 
f 3273/3273/3273 3286/3286/3286 3285/3285/3285 3272/3272/3272 
f 3274/3274/3274 3287/3287/3287 3286/3286/3286 3273/3273/3273 
f 3275/3275/3275 3288/3288/3288 3287/3287/3287 3274/3274/3274 
f 3276/3276/3276 3289/3289/3289 3288/3288/3288 3275/3275/3275 
f 3277/3277/3277 3290/3290/3290 3289/3289/3289 3276/3276/3276 
f 3278/3278/3278 3291/3291/3291 3290/3290/3290 3277/3277/3277 
f 3279/3279/3279 3292/3292/3292 3291/3291/3291 3278/3278/3278 
f 3280/3280/3280 3293/3293/3293 3292/3292/3292 3279/3279/3279 
f 3281/3281/3281 3294/3294/3294 3293/3293/3293 3280/3280/3280 
f 3282/3282/3282 3295/3295/3295 3294/3294/3294 3281/3281/3281 
f 3283/3283/3283 3296/3296/3296 3295/3295/3295 3282/3282/3282 
f 3285/3285/3285 3298/3298/3298 3297/3297/3297 3284/3284/3284 
f 3286/3286/3286 3299/3299/3299 3298/3298/3298 3285/3285/3285 
f 3287/3287/3287 3300/3300/3300 3299/3299/3299 3286/3286/3286 
f 3288/3288/3288 3301/3301/3301 3300/3300/3300 3287/3287/3287 
f 3289/3289/3289 3302/3302/3302 3301/3301/3301 3288/3288/3288 
f 3290/3290/3290 3303/3303/3303 3302/3302/3302 3289/3289/3289 
f 3291/3291/3291 3304/3304/3304 3303/3303/3303 3290/3290/3290 
f 3292/3292/3292 3305/3305/3305 3304/3304/3304 3291/3291/3291 
f 3293/3293/3293 3306/3306/3306 3305/3305/3305 3292/3292/3292 
f 3294/3294/3294 3307/3307/3307 3306/3306/3306 3293/3293/3293 
f 3295/3295/3295 3308/3308/3308 3307/3307/3307 3294/3294/3294 
f 3296/3296/3296 3309/3309/3309 3308/3308/3308 3295/3295/3295 
f 3298/3298/3298 3311/3311/3311 3310/3310/3310 3297/3297/3297 
f 3299/3299/3299 3312/3312/3312 3311/3311/3311 3298/3298/3298 
f 3300/3300/3300 3313/3313/3313 3312/3312/3312 3299/3299/3299 
f 3301/3301/3301 3314/3314/3314 3313/3313/3313 3300/3300/3300 
f 3302/3302/3302 3315/3315/3315 3314/3314/3314 3301/3301/3301 
f 3303/3303/3303 3316/3316/3316 3315/3315/3315 3302/3302/3302 
f 3304/3304/3304 3317/3317/3317 3316/3316/3316 3303/3303/3303 
f 3305/3305/3305 3318/3318/3318 3317/3317/3317 3304/3304/3304 
f 3306/3306/3306 3319/3319/3319 3318/3318/3318 3305/3305/3305 
f 3307/3307/3307 3320/3320/3320 3319/3319/3319 3306/3306/3306 
f 3308/3308/3308 3321/3321/3321 3320/3320/3320 3307/3307/3307 
f 3309/3309/3309 3322/3322/3322 3321/3321/3321 3308/3308/3308 
f 3311/3311/3311 3324/3324/3324 3323/3323/3323 3310/3310/3310 
f 3312/3312/3312 3325/3325/3325 3324/3324/3324 3311/3311/3311 
f 3313/3313/3313 3326/3326/3326 3325/3325/3325 3312/3312/3312 
f 3314/3314/3314 3327/3327/3327 3326/3326/3326 3313/3313/3313 
f 3315/3315/3315 3328/3328/3328 3327/3327/3327 3314/3314/3314 
f 3316/3316/3316 3329/3329/3329 3328/3328/3328 3315/3315/3315 
f 3317/3317/3317 3330/3330/3330 3329/3329/3329 3316/3316/3316 
f 3318/3318/3318 3331/3331/3331 3330/3330/3330 3317/3317/3317 
f 3319/3319/3319 3332/3332/3332 3331/3331/3331 3318/3318/3318 
f 3320/3320/3320 3333/3333/3333 3332/3332/3332 3319/3319/3319 
f 3321/3321/3321 3334/3334/3334 3333/3333/3333 3320/3320/3320 
f 3322/3322/3322 3335/3335/3335 3334/3334/3334 3321/3321/3321 
f 3324/3324/3324 3337/3337/3337 3336/3336/3336 3323/3323/3323 
f 3325/3325/3325 3338/3338/3338 3337/3337/3337 3324/3324/3324 
f 3326/3326/3326 3339/3339/3339 3338/3338/3338 3325/3325/3325 
f 3327/3327/3327 3340/3340/3340 3339/3339/3339 3326/3326/3326 
f 3328/3328/3328 3341/3341/3341 3340/3340/3340 3327/3327/3327 
f 3329/3329/3329 3342/3342/3342 3341/3341/3341 3328/3328/3328 
f 3330/3330/3330 3343/3343/3343 3342/3342/3342 3329/3329/3329 
f 3331/3331/3331 3344/3344/3344 3343/3343/3343 3330/3330/3330 
f 3332/3332/3332 3345/3345/3345 3344/3344/3344 3331/3331/3331 
f 3333/3333/3333 3346/3346/3346 3345/3345/3345 3332/3332/3332 
f 3334/3334/3334 3347/3347/3347 3346/3346/3346 3333/3333/3333 
f 3335/3335/3335 3348/3348/3348 3347/3347/3347 3334/3334/3334 
f 3337/3337/3337 3350/3350/3350 3349/3349/3349 3336/3336/3336 
f 3338/3338/3338 3351/3351/3351 3350/3350/3350 3337/3337/3337 
f 3339/3339/3339 3352/3352/3352 3351/3351/3351 3338/3338/3338 
f 3340/3340/3340 3353/3353/3353 3352/3352/3352 3339/3339/3339 
f 3341/3341/3341 3354/3354/3354 3353/3353/3353 3340/3340/3340 
f 3342/3342/3342 3355/3355/3355 3354/3354/3354 3341/3341/3341 
f 3343/3343/3343 3356/3356/3356 3355/3355/3355 3342/3342/3342 
f 3344/3344/3344 3357/3357/3357 3356/3356/3356 3343/3343/3343 
f 3345/3345/3345 3358/3358/3358 3357/3357/3357 3344/3344/3344 
f 3346/3346/3346 3359/3359/3359 3358/3358/3358 3345/3345/3345 
f 3347/3347/3347 3360/3360/3360 3359/3359/3359 3346/3346/3346 
f 3348/3348/3348 3361/3361/3361 3360/3360/3360 3347/3347/3347 
f 3350/3350/3350 3363/3363/3363 3362/3362/3362 3349/3349/3349 
f 3351/3351/3351 3364/3364/3364 3363/3363/3363 3350/3350/3350 
f 3352/3352/3352 3365/3365/3365 3364/3364/3364 3351/3351/3351 
f 3353/3353/3353 3366/3366/3366 3365/3365/3365 3352/3352/3352 
f 3354/3354/3354 3367/3367/3367 3366/3366/3366 3353/3353/3353 
f 3355/3355/3355 3368/3368/3368 3367/3367/3367 3354/3354/3354 
f 3356/3356/3356 3369/3369/3369 3368/3368/3368 3355/3355/3355 
f 3357/3357/3357 3370/3370/3370 3369/3369/3369 3356/3356/3356 
f 3358/3358/3358 3371/3371/3371 3370/3370/3370 3357/3357/3357 
f 3359/3359/3359 3372/3372/3372 3371/3371/3371 3358/3358/3358 
f 3360/3360/3360 3373/3373/3373 3372/3372/3372 3359/3359/3359 
f 3361/3361/3361 3374/3374/3374 3373/3373/3373 3360/3360/3360 
f 3363/3363/3363 3376/3376/3376 3375/3375/3375 3362/3362/3362 
f 3364/3364/3364 3377/3377/3377 3376/3376/3376 3363/3363/3363 
f 3365/3365/3365 3378/3378/3378 3377/3377/3377 3364/3364/3364 
f 3366/3366/3366 3379/3379/3379 3378/3378/3378 3365/3365/3365 
f 3367/3367/3367 3380/3380/3380 3379/3379/3379 3366/3366/3366 
f 3368/3368/3368 3381/3381/3381 3380/3380/3380 3367/3367/3367 
f 3369/3369/3369 3382/3382/3382 3381/3381/3381 3368/3368/3368 
f 3370/3370/3370 3383/3383/3383 3382/3382/3382 3369/3369/3369 
f 3371/3371/3371 3384/3384/3384 3383/3383/3383 3370/3370/3370 
f 3372/3372/3372 3385/3385/3385 3384/3384/3384 3371/3371/3371 
f 3373/3373/3373 3386/3386/3386 3385/3385/3385 3372/3372/3372 
f 3374/3374/3374 3387/3387/3387 3386/3386/3386 3373/3373/3373 
f 3376/3376/3376 3389/3389/3389 3388/3388/3388 3375/3375/3375 
f 3377/3377/3377 3390/3390/3390 3389/3389/3389 3376/3376/3376 
f 3378/3378/3378 3391/3391/3391 3390/3390/3390 3377/3377/3377 
f 3379/3379/3379 3392/3392/3392 3391/3391/3391 3378/3378/3378 
f 3380/3380/3380 3393/3393/3393 3392/3392/3392 3379/3379/3379 
f 3381/3381/3381 3394/3394/3394 3393/3393/3393 3380/3380/3380 
f 3382/3382/3382 3395/3395/3395 3394/3394/3394 3381/3381/3381 
f 3383/3383/3383 3396/3396/3396 3395/3395/3395 3382/3382/3382 
f 3384/3384/3384 3397/3397/3397 3396/3396/3396 3383/3383/3383 
f 3385/3385/3385 3398/3398/3398 3397/3397/3397 3384/3384/3384 
f 3386/3386/3386 3399/3399/3399 3398/3398/3398 3385/3385/3385 
f 3387/3387/3387 3400/3400/3400 3399/3399/3399 3386/3386/3386 
f 3389/3389/3389 3402/3402/3402 3401/3401/3401 3388/3388/3388 
f 3390/3390/3390 3403/3403/3403 3402/3402/3402 3389/3389/3389 
f 3391/3391/3391 3404/3404/3404 3403/3403/3403 3390/3390/3390 
f 3392/3392/3392 3405/3405/3405 3404/3404/3404 3391/3391/3391 
f 3393/3393/3393 3406/3406/3406 3405/3405/3405 3392/3392/3392 
f 3394/3394/3394 3407/3407/3407 3406/3406/3406 3393/3393/3393 
f 3395/3395/3395 3408/3408/3408 3407/3407/3407 3394/3394/3394 
f 3396/3396/3396 3409/3409/3409 3408/3408/3408 3395/3395/3395 
f 3397/3397/3397 3410/3410/3410 3409/3409/3409 3396/3396/3396 
f 3398/3398/3398 3411/3411/3411 3410/3410/3410 3397/3397/3397 
f 3399/3399/3399 3412/3412/3412 3411/3411/3411 3398/3398/3398 
f 3400/3400/3400 3413/3413/3413 3412/3412/3412 3399/3399/3399 
f 3402/3402/3402 3415/3415/3415 3414/3414/3414 3401/3401/3401 
f 3403/3403/3403 3416/3416/3416 3415/3415/3415 3402/3402/3402 
f 3404/3404/3404 3417/3417/3417 3416/3416/3416 3403/3403/3403 
f 3405/3405/3405 3418/3418/3418 3417/3417/3417 3404/3404/3404 
f 3406/3406/3406 3419/3419/3419 3418/3418/3418 3405/3405/3405 
f 3407/3407/3407 3420/3420/3420 3419/3419/3419 3406/3406/3406 
f 3408/3408/3408 3421/3421/3421 3420/3420/3420 3407/3407/3407 
f 3409/3409/3409 3422/3422/3422 3421/3421/3421 3408/3408/3408 
f 3410/3410/3410 3423/3423/3423 3422/3422/3422 3409/3409/3409 
f 3411/3411/3411 3424/3424/3424 3423/3423/3423 3410/3410/3410 
f 3412/3412/3412 3425/3425/3425 3424/3424/3424 3411/3411/3411 
f 3413/3413/3413 3426/3426/3426 3425/3425/3425 3412/3412/3412 
f 3415/3415/3415 3428/3428/3428 3427/3427/3427 3414/3414/3414 
f 3416/3416/3416 3429/3429/3429 3428/3428/3428 3415/3415/3415 
f 3417/3417/3417 3430/3430/3430 3429/3429/3429 3416/3416/3416 
f 3418/3418/3418 3431/3431/3431 3430/3430/3430 3417/3417/3417 
f 3419/3419/3419 3432/3432/3432 3431/3431/3431 3418/3418/3418 
f 3420/3420/3420 3433/3433/3433 3432/3432/3432 3419/3419/3419 
f 3421/3421/3421 3434/3434/3434 3433/3433/3433 3420/3420/3420 
f 3422/3422/3422 3435/3435/3435 3434/3434/3434 3421/3421/3421 
f 3423/3423/3423 3436/3436/3436 3435/3435/3435 3422/3422/3422 
f 3424/3424/3424 3437/3437/3437 3436/3436/3436 3423/3423/3423 
f 3425/3425/3425 3438/3438/3438 3437/3437/3437 3424/3424/3424 
f 3426/3426/3426 3439/3439/3439 3438/3438/3438 3425/3425/3425 
f 3441/3441/3441 3453/3453/3453 3452/3452/3452 3440/3440/3440 
f 3442/3442/3442 3454/3454/3454 3453/3453/3453 3441/3441/3441 
f 3443/3443/3443 3455/3455/3455 3454/3454/3454 3442/3442/3442 
f 3444/3444/3444 3456/3456/3456 3455/3455/3455 3443/3443/3443 
f 3445/3445/3445 3457/3457/3457 3456/3456/3456 3444/3444/3444 
f 3446/3446/3446 3458/3458/3458 3457/3457/3457 3445/3445/3445 
f 3447/3447/3447 3459/3459/3459 3458/3458/3458 3446/3446/3446 
f 3448/3448/3448 3460/3460/3460 3459/3459/3459 3447/3447/3447 
f 3449/3449/3449 3461/3461/3461 3460/3460/3460 3448/3448/3448 
f 3450/3450/3450 3462/3462/3462 3461/3461/3461 3449/3449/3449 
f 3451/3451/3451 3463/3463/3463 3462/3462/3462 3450/3450/3450 
f 3440/3440/3440 3452/3452/3452 3463/3463/3463 3451/3451/3451 
f 3453/3453/3453 3465/3465/3465 3464/3464/3464 3452/3452/3452 
f 3454/3454/3454 3466/3466/3466 3465/3465/3465 3453/3453/3453 
f 3455/3455/3455 3467/3467/3467 3466/3466/3466 3454/3454/3454 
f 3456/3456/3456 3468/3468/3468 3467/3467/3467 3455/3455/3455 
f 3457/3457/3457 3469/3469/3469 3468/3468/3468 3456/3456/3456 
f 3458/3458/3458 3470/3470/3470 3469/3469/3469 3457/3457/3457 
f 3459/3459/3459 3471/3471/3471 3470/3470/3470 3458/3458/3458 
f 3460/3460/3460 3472/3472/3472 3471/3471/3471 3459/3459/3459 
f 3461/3461/3461 3473/3473/3473 3472/3472/3472 3460/3460/3460 
f 3462/3462/3462 3474/3474/3474 3473/3473/3473 3461/3461/3461 
f 3463/3463/3463 3475/3475/3475 3474/3474/3474 3462/3462/3462 
f 3452/3452/3452 3464/3464/3464 3475/3475/3475 3463/3463/3463 
f 3465/3465/3465 3477/3477/3477 3476/3476/3476 3464/3464/3464 
f 3466/3466/3466 3478/3478/3478 3477/3477/3477 3465/3465/3465 
f 3467/3467/3467 3479/3479/3479 3478/3478/3478 3466/3466/3466 
f 3468/3468/3468 3480/3480/3480 3479/3479/3479 3467/3467/3467 
f 3469/3469/3469 3481/3481/3481 3480/3480/3480 3468/3468/3468 
f 3470/3470/3470 3482/3482/3482 3481/3481/3481 3469/3469/3469 
f 3471/3471/3471 3483/3483/3483 3482/3482/3482 3470/3470/3470 
f 3472/3472/3472 3484/3484/3484 3483/3483/3483 3471/3471/3471 
f 3473/3473/3473 3485/3485/3485 3484/3484/3484 3472/3472/3472 
f 3474/3474/3474 3486/3486/3486 3485/3485/3485 3473/3473/3473 
f 3475/3475/3475 3487/3487/3487 3486/3486/3486 3474/3474/3474 
f 3464/3464/3464 3476/3476/3476 3487/3487/3487 3475/3475/3475 
f 3476/3476/3476 3477/3477/3477 3478/3478/3478 3488/3488/3488 
f 3478/3478/3478 3479/3479/3479 3480/3480/3480 3488/3488/3488 
f 3480/3480/3480 3481/3481/3481 3482/3482/3482 3488/3488/3488 
f 3482/3482/3482 3483/3483/3483 3484/3484/3484 3488/3488/3488 
f 3484/3484/3484 3485/3485/3485 3486/3486/3486 3488/3488/3488 
f 3486/3486/3486 3487/3487/3487 3476/3476/3476 3488/3488/3488 

g s.0043
usemap Cartoon_FFFFFF
usemtl Cartoon_FFFFFF
v -0.04605306 0.09266149 -0.0730691
v -0.04760887 0.09197735 -0.07390104
v -0.0470153 0.09121137 -0.07381203
v -0.04619113 0.0908185 -0.07347533
v -0.04535717 0.09090402 -0.07298119
v -0.0447369 0.09144501 -0.07246199
v -0.0444965 0.09229651 -0.07205686
v -0.04470041 0.09323037 -0.07187435
v -0.04529397 0.09399636 -0.07196337
v -0.04611815 0.09438922 -0.07230006
v -0.04695211 0.0943037 -0.07279421
v -0.04757238 0.09376271 -0.07331342
v -0.04781277 0.09291121 -0.07371854
v -0.05090564 0.09045462 -0.07433598
v -0.04927263 0.08834724 -0.07409108
v -0.04700515 0.08726639 -0.07316477
v -0.04471078 0.08750167 -0.07180527
v -0.04300429 0.08899003 -0.07037685
v -0.04234292 0.09133269 -0.06926226
v -0.0429039 0.09390192 -0.06876015
v -0.04453692 0.09600929 -0.06900506
v -0.04680439 0.09709014 -0.06993137
v -0.04909877 0.09685487 -0.07129087
v -0.05080526 0.09536649 -0.07271928
v -0.05146663 0.09302384 -0.07383388
v -0.05404742 0.08891543 -0.07314976
v -0.051687 0.08586934 -0.07279576
v -0.04840949 0.08430703 -0.07145683
v -0.0450931 0.08464711 -0.06949175
v -0.04262646 0.08679847 -0.06742706
v -0.0416705 0.09018464 -0.06581599
v -0.04248137 0.0938983 -0.06509021
v -0.0448418 0.09694439 -0.06544422
v -0.0481193 0.0985067 -0.06678314
v -0.05143569 0.09816662 -0.06874821
v -0.05390233 0.09601527 -0.07081291
v -0.05485829 0.0926291 -0.07242399
v -0.05637909 0.08767939 -0.07056484
v -0.05375906 0.08429827 -0.07017191
v -0.05012107 0.08256412 -0.06868573
v -0.04643993 0.08294161 -0.06650452
v -0.043702 0.08532958 -0.06421274
v -0.04264089 0.08908819 -0.06242447
v -0.04354095 0.0932103 -0.06161887
v -0.04616098 0.09659141 -0.06201181
v -0.04979897 0.09832556 -0.06349799
v -0.0534801 0.09794807 -0.0656792
v -0.05621804 0.0955601 -0.06797098
v -0.05727914 0.09180149 -0.06975925
v -0.05833257 0.08657105 -0.06707622
v -0.05571254 0.08318994 -0.06668328
v -0.05207455 0.0814558 -0.0651971
v -0.04839341 0.08183329 -0.06301589
v -0.04565548 0.08422126 -0.06072411
v -0.04459437 0.08797986 -0.05893584
v -0.04549443 0.09210198 -0.05813025
v -0.04811446 0.09548309 -0.05852319
v -0.05175245 0.09721723 -0.06000937
v -0.05543359 0.09683974 -0.06219058
v -0.05817152 0.09445177 -0.06448235
v -0.05923262 0.09069317 -0.06627063
v -0.05833257 0.08657105 -0.06707622
v -0.06139907 0.08491876 -0.06147711
v -0.05880331 0.08152461 -0.06103818
v -0.05515775 0.07979538 -0.05956488
v -0.05143923 0.08019441 -0.05745198
v -0.04864413 0.08261477 -0.05526563
v -0.04752138 0.08640795 -0.05359166
v -0.04837182 0.09055755 -0.05287861
v -0.05096759 0.0939517 -0.05331754
v -0.05461314 0.09568094 -0.05479084
v -0.05833166 0.09528191 -0.05690374
v -0.06112676 0.09286154 -0.05909009
v -0.06224952 0.08906836 -0.06076406
v -0.06139907 0.08491876 -0.06147711
v -0.06567498 0.08269566 -0.05332661
v -0.06307499 0.0793041 -0.05289274
v -0.05940302 0.07758988 -0.05146829
v -0.05564299 0.07801234 -0.04943492
v -0.05280237 0.08045828 -0.04733748
v -0.05164232 0.0842723 -0.04573797
v -0.05247368 0.08843245 -0.04506499
v -0.05507367 0.09182402 -0.04549886
v -0.05874563 0.09353823 -0.04692331
v -0.06250567 0.09311578 -0.04895668
v -0.06534628 0.09066984 -0.05105412
v -0.06650633 0.08685581 -0.05265363
v -0.06567498 0.08269566 -0.05332661
v -0.07029674 0.08030206 -0.04393339
v -0.06768048 0.07691927 -0.04352994
v -0.06396384 0.07522932 -0.04219519
v -0.06014268 0.07568505 -0.04028678
v -0.05724088 0.07816434 -0.03831609
v -0.05603599 0.08200286 -0.03681114
v -0.05685084 0.08617209 -0.03617518
v -0.0594671 0.08955489 -0.03657864
v -0.06318375 0.09124483 -0.03791339
v -0.0670049 0.0907891 -0.03982179
v -0.0699067 0.08830982 -0.04179249
v -0.0711116 0.08447129 -0.04329744
v -0.07029674 0.08030206 -0.04393339
v -0.07246725 0.0791662 -0.03917099
v -0.06983753 0.07579059 -0.03879587
v -0.06608757 0.07411855 -0.03753371
v -0.06222219 0.07459809 -0.0357227
v -0.05927709 0.07710073 -0.0338481
v -0.05804142 0.08095589 -0.0324122
v -0.05884627 0.08513058 -0.03179976
v -0.06147599 0.08850619 -0.03217488
v -0.06522594 0.09017824 -0.03343704
v -0.06909133 0.08969869 -0.03524805
v -0.07203643 0.08719605 -0.03712265
v -0.07327209 0.0833409 -0.03855855
v -0.07246725 0.0791662 -0.03917099
v -0.07440566 0.07813425 -0.034554
v -0.0717572 0.07476871 -0.03422279
v -0.067962 0.07312109 -0.03306838
v -0.06403697 0.07363286 -0.03140009
v -0.06103382 0.07616689 -0.02966495
v -0.05975726 0.0800442 -0.02832787
v -0.06054931 0.08422586 -0.02774715
v -0.06319778 0.08759141 -0.02807836
v -0.06699298 0.08923903 -0.02923277
v -0.07091801 0.08872727 -0.03090106
v -0.07392115 0.08619323 -0.03263621
v -0.07519773 0.08231592 -0.03397328
v -0.07440566 0.07813425 -0.034554
v -0.07602216 0.07724692 -0.03018537
v -0.07335077 0.07389397 -0.02991653
v -0.06949967 0.07227701 -0.02891386
v -0.06550075 0.07282931 -0.02744602
v -0.06242553 0.07540288 -0.02590631
v -0.06109801 0.07930812 -0.02470729
v -0.06187389 0.08349865 -0.02417026
v -0.06454529 0.0868516 -0.02443909
v -0.06839639 0.08846856 -0.02544176
v -0.07239531 0.08791626 -0.0269096
v -0.07547053 0.0853427 -0.02844931
v -0.07679805 0.08143745 -0.02964833
v -0.07602216 0.07724692 -0.03018537
v -0.07730744 0.0765073 -0.02602552
v -0.07461333 0.07316729 -0.02583292
v -0.07070501 0.07158273 -0.0250174
v -0.0666297 0.07217818 -0.02379747
v -0.06347938 0.0747941 -0.02250002
v -0.06209818 0.07872955 -0.02147269
v -0.06285618 0.08293004 -0.02099076
v -0.06555028 0.08627004 -0.02118337
v -0.0694586 0.08785461 -0.02199889
v -0.07353391 0.08725916 -0.02321882
v -0.07668424 0.08464324 -0.02451627
v -0.07806544 0.08070779 -0.0255436
v -0.07730744 0.0765073 -0.02602552
v -0.0782793 0.07590565 -0.02199239
v -0.0755661 0.07257728 -0.02188572
v -0.07160733 0.07102283 -0.0212834
v -0.06746374 0.07165882 -0.02034682
v -0.06424561 0.07431484 -0.01932694
v -0.06281523 0.0782792 -0.01849703
v -0.06355587 0.08248967 -0.01807946
v -0.06626908 0.08581804 -0.01818612
v -0.07022785 0.08737249 -0.01878844
v -0.07437143 0.08673649 -0.01972502
v -0.07758956 0.08408048 -0.0207449
v -0.07901993 0.08011612 -0.02157482
v -0.0782793 0.07590565 -0.02199239
v -0.07895718 0.0754324 -0.01803068
v -0.07623122 0.0721128 -0.01801145
v -0.07223596 0.07058229 -0.0176289
v -0.06804193 0.07125094 -0.01698551
v -0.06477291 0.0739396 -0.0162537
v -0.06330483 0.07792784 -0.01562954
v -0.06403107 0.08214702 -0.01528027
v -0.06675704 0.08546662 -0.0152995
v -0.07075229 0.08699714 -0.01568205
v -0.07494633 0.08632848 -0.01632544
v -0.07821535 0.08363982 -0.01705725
v -0.07968342 0.07965158 -0.01768141
v -0.07895718 0.0754324 -0.01803068
v -0.07937245 0.075073 -0.01409989
v -0.07664058 0.07175875 -0.01415951
v -0.07262514 0.07024406 -0.01397842
v -0.06840204 0.07093477 -0.01360514
v -0.06510288 0.07364583 -0.01313968
v -0.06361166 0.07765079 -0.01270678
v -0.06432794 0.08187655 -0.01242241
v -0.06705981 0.0851908 -0.01236278
v -0.07107526 0.08670549 -0.01254388
v -0.07529835 0.08601478 -0.01291716
v -0.07859752 0.08330372 -0.01338262
v -0.08008873 0.07929875 -0.01381553
v -0.07937245 0.075073 -0.01409989
v -0.07957132 0.07480589 -0.01015044
v -0.07683853 0.0714941 -0.01027212
v -0.07281584 0.06998794 -0.01025318
v -0.06858112 0.07069099 -0.01009868
v -0.06526908 0.07341486 -0.009850033
v -0.06376716 0.07742969 -0.009573862
v -0.0644778 0.08165972 -0.009344149
v -0.0672106 0.0849715 -0.009222466
v -0.07123329 0.08647766 -0.00924141
v -0.075468 0.08577462 -0.009395905
v -0.07878006 0.08305074 -0.009644557
v -0.08028197 0.07903591 -0.009920727
v -0.07957132 0.07480589 -0.01015044
v -0.07960756 0.07460509 -0.006105319
v -0.07687607 0.07129401 -0.006268587
v -0.07285305 0.06979151 -0.006362092
v -0.06861646 0.0705002 -0.006360792
v -0.06530149 0.07323016 -0.006265022
v -0.06379638 0.07724993 -0.00610045
v -0.06450442 0.08148239 -0.005911175
v -0.06723591 0.08479347 -0.005747907
v -0.07125893 0.08629597 -0.005654398
v -0.07549553 0.08558729 -0.005655702
v -0.07881049 0.08285732 -0.005751468
v -0.0803156 0.07883756 -0.005916044
v -0.07960756 0.07460509 -0.006105319
v -0.07953304 0.07444457 -0.001858536
v -0.07680304 0.07113341 -0.002043627
v -0.07278158 0.06963202 -0.002200499
v -0.06854621 0.07034269 -0.00228712
v -0.06523179 0.073075 -0.002280284
v -0.06372641 0.07709682 -0.002181817
v -0.06443345 0.08133052 -0.002018113
v -0.06716345 0.08464168 -0.001833025
v -0.07118491 0.08614307 -0.001676157
v -0.07542028 0.0854324 -0.001589533
v -0.0787347 0.0827001 -0.001596365
v -0.08024008 0.07867827 -0.001694832
v -0.07953304 0.07444457 -0.001858536
v -0.079375 0.07430933 0.002797432
v -0.07664636 0.07099769 0.002601281
v -0.07262715 0.06949662 0.002392262
v -0.06839432 0.07020834 0.00222642
v -0.06508204 0.07294214 0.002148166
v -0.06357785 0.0769655 0.002178483
v -0.06428478 0.08120036 0.00230924
v -0.06701342 0.084512 0.002505407
v -0.07103263 0.08601306 0.002714418
v -0.07526547 0.08530134 0.00288026
v -0.07857774 0.08256755 0.002958514
v -0.08008193 0.07854418 0.002928197
v -0.079375 0.07430933 0.002797432
v -0.07909151 0.07423186 0.007982485
v -0.07636419 0.0709196 0.007778421
v -0.07234924 0.06941852 0.007499389
v -0.06812247 0.07013081 0.007220171
v -0.06481643 0.07286562 0.007015571
v -0.06331698 0.07689016 0.006940424
v -0.06402589 0.08112606 0.007014848
v -0.06675321 0.08443831 0.00721892
v -0.07076816 0.08593939 0.007497951
v -0.07499494 0.0852271 0.007777162
v -0.07830097 0.08249229 0.007981762
v -0.07980043 0.07846775 0.008056909
v -0.07909151 0.07423186 0.007982485
v -0.07862636 0.07425863 0.01369174
v -0.07589968 0.07094619 0.01348223
v -0.07189156 0.06944448 0.01312067
v -0.06767596 0.07015585 0.01270395
v -0.06438246 0.07288972 0.01234373
v -0.06289355 0.07691354 0.01213654
v -0.06360817 0.08114913 0.01213787
v -0.06633485 0.08446157 0.01234739
v -0.07034297 0.08596329 0.01270895
v -0.07455856 0.08525191 0.01312567
v -0.07785206 0.08251804 0.01348589
v -0.07934098 0.07849422 0.01369308
v -0.07862636 0.07425863 0.01369174
v -0.07792418 0.07443559 0.01992503
v -0.07519692 0.07112387 0.01971181
v -0.07119857 0.06962074 0.01925936
v -0.06700049 0.07032896 0.01868888
v -0.06372754 0.07305877 0.01815323
v -0.06225672 0.07707871 0.01779595
v -0.06298212 0.08131165 0.01771278
v -0.06570938 0.08462337 0.01792598
v -0.06970773 0.08612651 0.01837844
v -0.07390581 0.08541828 0.01894893
v -0.07717876 0.08268847 0.01948457
v -0.07864958 0.07866853 0.01984185
v -0.07792418 0.07443559 0.01992503
v -0.07693087 0.07480797 0.02668548
v -0.07420142 0.07149823 0.02646968
v -0.07021596 0.06999284 0.02592118
v -0.06604239 0.07069517 0.02518699
v -0.06279903 0.07341703 0.0244638
v -0.06135492 0.07742911 0.02394541
v -0.06209702 0.08165637 0.02377073
v -0.06482647 0.08496611 0.02398654
v -0.06881193 0.0864715 0.02453504
v -0.07298549 0.08576917 0.02526923
v -0.07622886 0.08304731 0.02599241
v -0.07767297 0.07903523 0.02651079
v -0.07693087 0.07480797 0.02668548
v -0.07559356 0.07542037 0.03397884
v -0.07286012 0.07211406 0.03376083
v -0.06889066 0.07060555 0.03311375
v -0.06474879 0.07129903 0.03221101
v -0.06154433 0.0740087 0.03129448
v -0.0601359 0.0780085 0.03060975
v -0.06090089 0.08222668 0.03034028
v -0.06363433 0.08553299 0.03055829
v -0.06760379 0.08704151 0.03120536
v -0.07174566 0.08634802 0.03210811
v -0.07495012 0.08363836 0.03302464
v -0.07635856 0.07963856 0.03370937
v -0.07559356 0.07542037 0.03397884
v -0.07386047 0.0763168 0.04181302
v -0.07112127 0.07301541 0.04159263
v -0.06717075 0.07150292 0.04084646
v -0.06306747 0.07218462 0.03977445
v -0.05991086 0.07487782 0.03866384
v -0.05854676 0.0788609 0.03781223
v -0.05934067 0.08306659 0.03744779
v -0.06207986 0.08636797 0.03766818
v -0.06603038 0.08788045 0.03841435
v -0.07013367 0.08719876 0.03948636
v -0.07329027 0.08450556 0.04059697
v -0.07465437 0.08052249 0.04144859
v -0.07386047 0.0763168 0.04181302
v -0.07058206 0.07818878 0.05414616
v -0.06783551 0.07489371 0.05392271
v -0.06390662 0.07337648 0.05307848
v -0.05984813 0.07404359 0.05183971
v -0.05674751 0.07671633 0.05053831
v -0.05543558 0.08067851 0.049523
v -0.05626385 0.08486848 0.04906582
v -0.05901041 0.08816354 0.04928929
v -0.0629393 0.08968078 0.05013351
v -0.06699779 0.08901366 0.05137228
v -0.0700984 0.08634093 0.05267367
v -0.07141034 0.08237875 0.05368899
v -0.07058206 0.07818878 0.05414616
v -0.06783551 0.07489371 0.05392271
v -0.06390662 0.07337648 0.05307848
v -0.05984813 0.07404359 0.05183971
v -0.05674751 0.07671633 0.05053831
v -0.05543558 0.08067851 0.049523
v -0.05626385 0.08486848 0.04906582
v -0.05901041 0.08816354 0.04928929
v -0.0629393 0.08968078 0.05013351
v -0.06699779 0.08901366 0.05137228
v -0.0700984 0.08634093 0.05267367
v -0.07141034 0.08237875 0.05368899
v -0.07058206 0.07818878 0.05414616
v -0.0664447 0.07611358 0.05712017
v -0.06290511 0.07474668 0.0563596
v -0.05924877 0.0753477 0.05524357
v -0.05645538 0.0777556 0.05407114
v -0.05527344 0.08132518 0.05315643
v -0.05601965 0.08509998 0.05274455
v -0.05849405 0.08806854 0.05294587
v -0.06203365 0.08943544 0.05370643
v -0.06568999 0.08883442 0.05482245
v -0.06848337 0.08642653 0.05599491
v -0.06966531 0.08285694 0.05690962
v -0.06891911 0.07908215 0.0573215
v -0.064455 0.07840665 0.05922491
v -0.06200621 0.07746098 0.05869872
v -0.05947664 0.07787679 0.05792663
v -0.05754409 0.07954264 0.0571155
v -0.05672639 0.08201218 0.05648269
v -0.05724264 0.0846237 0.05619772
v -0.05895451 0.08667745 0.05633701
v -0.0614033 0.0876231 0.05686319
v -0.06393287 0.0872073 0.0576353
v -0.06586541 0.08554145 0.05844642
v -0.06668312 0.0830719 0.05907924
v -0.06616687 0.08046038 0.05936418
v -0.06228255 0.08128773 0.05982191
v -0.06139247 0.08094401 0.05963065
v -0.06047302 0.08109514 0.05935001
v -0.05977058 0.08170065 0.05905519
v -0.05947337 0.08259827 0.05882517
v -0.05966101 0.0835475 0.05872159
v -0.06028324 0.08429399 0.05877221
v -0.06117332 0.08463772 0.05896347
v -0.06209277 0.08448658 0.05924412
v -0.06279521 0.08388108 0.05953895
v -0.06309243 0.08298346 0.05976897
v -0.06290478 0.08203423 0.05987254
v -0.06122577 0.08282456 0.05950237

vn 0.4708212 0.2671251 -0.8408161
vn 0.378309 0.2268387 -0.8974556
vn 0.4147828 0.1797702 -0.8919854
vn 0.4654272 0.155629 -0.8712963
vn 0.5166725 0.1608841 -0.8409316
vn 0.5547873 0.194127 -0.8090277
vn 0.5695588 0.2464506 -0.7841331
vn 0.5570292 0.3038348 -0.7729184
vn 0.5205556 0.3509034 -0.7783886
vn 0.4699111 0.3750445 -0.7990777
vn 0.4186659 0.3697895 -0.8294423
vn 0.3805511 0.3365465 -0.8613462
vn 0.3657794 0.2842228 -0.8862408
vn 0.151 0.1247726 -0.9806277
vn 0.2678862 -0.02606695 -0.9630979
vn 0.4301852 -0.1034314 -0.8967957
vn 0.5944097 -0.0865908 -0.7994868
vn 0.7165552 0.01994224 -0.6972452
vn 0.7638935 0.1876224 -0.6174662
vn 0.7237401 0.3715199 -0.5815268
vn 0.6068539 0.5223595 -0.5990567
vn 0.4445547 0.5997238 -0.6653588
vn 0.2803304 0.5828833 -0.7626676
vn 0.1581849 0.4763503 -0.8649092
vn 0.1108464 0.3086699 -0.9446883
vn -0.2303945 -0.05465449 -0.9715613
vn -0.00302072 -0.348077 -0.9374611
vn 0.3126936 -0.4985708 -0.8084861
vn 0.6321527 -0.4658116 -0.6191951
vn 0.869758 -0.2585768 -0.4203082
vn 0.9618432 0.06760467 -0.2651175
vn 0.8837343 0.4253334 -0.1952055
vn 0.6563603 0.7187558 -0.2293059
vn 0.3406462 0.8692496 -0.3582808
vn 0.02118695 0.8364904 -0.5475719
vn -0.2164182 0.6292558 -0.7464586
vn -0.3085035 0.3030739 -0.9016495
vn -0.7735515 -0.3332606 -0.5390319
vn -0.4578153 -0.7407132 -0.4916798
vn -0.01940777 -0.9496924 -0.3125824
vn 0.4242 -0.904202 -0.04972871
vn 0.7541438 -0.6164315 0.2264497
vn 0.8820152 -0.1634888 0.4419508
vn 0.7735514 0.3332607 0.5390319
vn 0.4578151 0.7407135 0.4916797
vn 0.01940772 0.9496924 0.3125824
vn -0.4242 0.904202 0.04972873
vn -0.7541437 0.6164317 -0.2264495
vn -0.8820152 0.1634886 -0.441951
vn -0.7735515 -0.3332606 -0.5390319
vn -0.4578153 -0.7407132 -0.4916798
vn -0.01940777 -0.9496924 -0.3125824
vn 0.4242 -0.904202 -0.04972871
vn 0.7541438 -0.6164315 0.2264497
vn 0.8820152 -0.1634888 0.4419508
vn 0.7735514 0.3332607 0.5390319
vn 0.4578151 0.7407135 0.4916797
vn 0.01940772 0.9496924 0.3125824
vn -0.4242 0.904202 0.04972873
vn -0.7541437 0.6164317 -0.2264495
vn -0.8820152 0.1634886 -0.441951
vn -0.7735515 -0.3332606 -0.5390319
vn -0.7849459 -0.3397607 -0.5180952
vn -0.4721342 -0.7487844 -0.4652004
vn -0.03281455 -0.9571717 -0.2876553
vn 0.4152977 -0.9090856 -0.03303336
vn 0.7521312 -0.6174108 0.2304399
vn 0.8874317 -0.1603016 0.4321669
vn 0.7849459 0.3397608 0.5180952
vn 0.4721341 0.7487844 0.4652003
vn 0.03281446 0.9571717 0.2876553
vn -0.4152977 0.9090856 0.03303338
vn -0.7521312 0.617411 -0.2304398
vn -0.8874317 0.1603012 -0.432167
vn -0.7849459 -0.3397607 -0.5180952
vn -0.7954333 -0.3456652 -0.4977967
vn -0.4821127 -0.7543778 -0.4455127
vn -0.03961036 -0.9609553 -0.2738539
vn 0.4135054 -0.9100456 -0.02881618
vn 0.7558227 -0.6152899 0.2239427
vn 0.895618 -0.155668 0.4166964
vn 0.7954332 0.3456653 0.4977967
vn 0.4821125 0.754378 0.4455126
vn 0.03961031 0.9609553 0.2738538
vn -0.4135054 0.9100456 0.0288162
vn -0.7558227 0.61529 -0.2239427
vn -0.895618 0.1556677 -0.4166965
vn -0.7954333 -0.3456652 -0.4977967
vn -0.8101715 -0.353694 -0.467464
vn -0.49489 -0.7613496 -0.4188447
vn -0.04700292 -0.965002 -0.2579961
vn 0.4134783 -0.9100828 -0.0280177
vn 0.7631683 -0.6113079 0.2094679
vn 0.9083681 -0.1487336 0.3908268
vn 0.8101715 0.353694 0.467464
vn 0.4948898 0.7613496 0.4188446
vn 0.04700288 0.965002 0.257996
vn -0.4134782 0.9100828 0.02801772
vn -0.7631682 0.611308 -0.2094678
vn -0.9083682 0.1487333 -0.3908269
vn -0.8101715 -0.353694 -0.467464
vn -0.8207198 -0.3593781 -0.4441468
vn -0.5038167 -0.7661683 -0.3989421
vn -0.05191639 -0.9676642 -0.2468412
vn 0.413895 -0.9098753 -0.02859935
vn 0.7688035 -0.6082859 0.1973057
vn 0.9177116 -0.1437071 0.3703426
vn 0.8207198 0.3593782 0.4441468
vn 0.5038166 0.7661684 0.3989421
vn 0.0519163 0.9676642 0.2468411
vn -0.413895 0.9098753 0.02859936
vn -0.7688034 0.608286 -0.1973056
vn -0.9177116 0.1437068 -0.3703428
vn -0.8207198 -0.3593781 -0.4441468
vn -0.8349025 -0.3670446 -0.4101415
vn -0.515741 -0.7726209 -0.3702272
vn -0.05838707 -0.9711739 -0.2311108
vn 0.4146115 -0.9095016 -0.03006843
vn 0.7765152 -0.6041292 0.1790306
vn 0.9303524 -0.136881 0.3401587
vn 0.8349025 0.3670447 0.4101415
vn 0.5157408 0.772621 0.3702272
vn 0.05838699 0.971174 0.2311107
vn -0.4146115 0.9095016 0.03006845
vn -0.7765152 0.6041293 -0.1790306
vn -0.9303524 0.1368807 -0.3401587
vn -0.8349025 -0.3670446 -0.4101415
vn -0.8524924 -0.3766924 -0.3624356
vn -0.5305669 -0.7807516 -0.3300389
vn -0.06647635 -0.9756089 -0.2092086
vn 0.4154263 -0.9090525 -0.03232109
vn 0.7860158 -0.5989163 0.1532269
vn 0.9459931 -0.1283011 0.2977177
vn 0.8524923 0.3766925 0.3624356
vn 0.5305668 0.7807517 0.3300389
vn 0.0664763 0.9756089 0.2092087
vn -0.4154263 0.9090525 0.0323211
vn -0.7860157 0.5989164 -0.1532268
vn -0.9459931 0.1283007 -0.2977178
vn -0.8524924 -0.3766924 -0.3624356
vn -0.8707487 -0.3869964 -0.3033653
vn -0.5460866 -0.7894952 -0.2801551
vn -0.07510095 -0.9804491 -0.1818775
vn 0.4160077 -0.9086924 -0.03486605
vn 0.7956475 -0.5934525 0.1214877
vn 0.9620942 -0.1191978 0.2452889
vn 0.8707487 0.3869965 0.3033653
vn 0.5460864 0.7894953 0.2801551
vn 0.07510091 0.9804491 0.1818776
vn -0.4160076 0.9086924 0.03486606
vn -0.7956473 0.5934526 -0.1214877
vn -0.9620942 0.1191974 -0.245289
vn -0.8707487 -0.3869964 -0.3033653
vn -0.8871473 -0.3967141 -0.23577
vn -0.5601837 -0.7978112 -0.2229161
vn -0.08311917 -0.9851353 -0.150332
vn 0.4162169 -0.9084931 -0.03746656
vn 0.804028 -0.588421 0.08543798
vn 0.9764005 -0.1106822 0.1854495
vn 0.8871472 0.3967142 0.23577
vn 0.5601835 0.7978113 0.2229161
vn 0.08311911 0.9851353 0.150332
vn -0.4162169 0.9084931 0.03746657
vn -0.8040279 0.5884212 -0.0854379
vn -0.9764006 0.1106818 -0.1854496
vn -0.8871473 -0.3967141 -0.23577
vn -0.8993595 -0.4045842 -0.1657231
vn -0.5708587 -0.8046232 -0.1634067
vn -0.08939674 -0.989064 -0.1173057
vn 0.4160189 -0.9084858 -0.03977265
vn 0.8099626 -0.5844796 0.04841745
vn 0.9868775 -0.1038628 0.123634
vn 0.8993595 0.4045843 0.1657231
vn 0.5708585 0.8046234 0.1634067
vn 0.08939669 0.989064 0.1173056
vn -0.4160189 0.9084858 0.03977266
vn -0.8099625 0.5844798 -0.04841737
vn -0.9868775 0.1038624 -0.1236341
vn -0.8993595 -0.4045842 -0.1657231
vn -0.9064941 -0.4099417 -0.1010752
vn -0.5772812 -0.8093368 -0.1082605
vn -0.09338604 -0.9918708 -0.08643758
vn 0.4155315 -0.9086336 -0.04145375
vn 0.8131079 -0.581929 0.01463761
vn 0.9928126 -0.09929707 0.06680676
vn 0.9064941 0.4099418 0.1010752
vn 0.577281 0.809337 0.1082605
vn 0.093386 0.9918708 0.0864376
vn -0.4155315 0.9086336 0.04145375
vn -0.8131078 0.5819291 -0.0146376
vn -0.9928127 0.09929675 -0.06680679
vn -0.9064941 -0.4099417 -0.1010752
vn -0.9094471 -0.4129718 -0.04858195
vn -0.5801224 -0.8120703 -0.06324584
vn -0.09535416 -0.9935749 -0.06096319
vn 0.4149639 -0.9088519 -0.04234539
vn 0.8140926 -0.580603 -0.01238124
vn 0.9950861 -0.09678207 0.02090056
vn 0.9094471 0.4129719 0.04858196
vn 0.5801221 0.8120704 0.06324583
vn 0.09535416 0.9935749 0.06096321
vn -0.4149639 0.908852 0.0423454
vn -0.8140926 0.5806031 0.01238125
vn -0.9950862 0.09678166 -0.02090053
vn -0.9094471 -0.4129718 -0.04858195
vn -0.9100263 -0.4143856 -0.01169783
vn -0.5808597 -0.8133988 -0.03137292
vn -0.09605217 -0.9944625 -0.04264156
vn 0.4144923 -0.9090605 -0.04248452
vn 0.8139738 -0.5800768 -0.03094371
vn 0.9953519 -0.09566195 -0.01111167
vn 0.9100262 0.4143857 0.01169784
vn 0.5808594 0.813399 0.03137298
vn 0.09605213 0.9944625 0.0426416
vn -0.4144923 0.9090607 0.04248453
vn -0.8139738 0.5800768 0.03094379
vn -0.9953519 0.09566161 0.01111171
vn -0.9100263 -0.4143856 -0.01169783
vn -0.909813 -0.4149069 0.009614743
vn -0.5808252 -0.8139294 -0.01268967
vn -0.09620571 -0.9948599 -0.03159409
vn 0.4141919 -0.9092185 -0.04203276
vn 0.8136071 -0.5799528 -0.04120882
vn 0.9950171 -0.09528942 -0.02934304
vn 0.9098129 0.414907 -0.009614743
vn 0.580825 0.8139296 0.01268975
vn 0.09620566 0.9948599 0.03159405
vn -0.4141919 0.9092186 0.04203276
vn -0.813607 0.579953 0.04120881
vn -0.9950171 0.09528907 0.0293429
vn -0.909813 -0.4149069 0.009614743
vn -0.9092485 -0.4152133 0.02941568
vn -0.5804244 -0.8142937 0.005776149
vn -0.09607602 -0.9951847 -0.01941102
vn 0.4140158 -0.9094168 -0.03939708
vn 0.8131723 -0.5799714 -0.04882668
vn 0.99444 -0.09512326 -0.04517321
vn 0.9092484 0.4152133 -0.02941567
vn 0.5804242 0.8142937 -0.005776149
vn 0.09607593 0.9951847 0.01941101
vn -0.4140157 0.9094168 0.03939707
vn -0.8131722 0.5799714 0.0488267
vn -0.99444 0.09512291 0.04517319
vn -0.9092485 -0.4152133 0.02941568
vn -0.9077663 -0.4154045 0.05830351
vn -0.5791012 -0.8145584 0.03371155
vn -0.09526625 -0.9954519 8.670216E-05
vn 0.414095 -0.9096147 -0.03356139
vn 0.8124998 -0.5800472 -0.05821672
vn 0.9931961 -0.09505666 -0.06727295
vn 0.9077663 0.4154046 -0.05830351
vn 0.5791011 0.8145585 -0.0337116
vn 0.09526621 0.9954519 -8.673828E-05
vn -0.414095 0.9096147 0.03356139
vn -0.8124998 0.5800474 0.05821677
vn -0.9931961 0.09505632 0.06727298
vn -0.9077663 -0.4154045 0.05830351
vn -0.9049081 -0.4151811 0.09362683
vn -0.5763208 -0.8143579 0.06837812
vn -0.09330862 -0.9953281 0.02480764
vn 0.4147052 -0.9096009 -0.02541012
vn 0.8115993 -0.5801471 -0.06881922
vn 0.9910259 -0.09524328 -0.09378824
vn 0.904908 0.4151811 -0.09362683
vn 0.5763205 0.8143581 -0.06837823
vn 0.09330854 0.9953282 -0.02480762
vn -0.4147052 0.909601 0.02541011
vn -0.8115991 0.5801471 0.06881922
vn -0.991026 0.09524298 0.09378836
vn -0.9049081 -0.4151811 0.09362683
vn -0.9003211 -0.414311 0.1332973
vn -0.5716634 -0.8134017 0.1076045
vn -0.08982895 -0.9945418 0.05307898
vn 0.4160751 -0.9091953 -0.01566893
vn 0.810492 -0.5802307 -0.08021832
vn 0.9877384 -0.09579389 -0.1232733
vn 0.9003211 0.4143111 -0.1332973
vn 0.5716633 0.8134017 -0.1076044
vn 0.0898289 0.9945418 -0.05307896
vn -0.416075 0.9091952 0.01566892
vn -0.8104919 0.5802308 0.08021829
vn -0.9877384 0.09579357 0.1232734
vn -0.9003211 -0.414311 0.1332973
vn -0.8938012 -0.4126438 0.1756261
vn -0.5648791 -0.8114961 0.1496188
vn -0.08459795 -0.9929086 0.08352117
vn 0.418351 -0.908272 -0.004955892
vn 0.8092031 -0.5802647 -0.09210499
vn 0.9832299 -0.09677605 -0.1545746
vn 0.8938012 0.4126439 -0.1756261
vn 0.5648788 0.8114962 -0.1496188
vn 0.08459786 0.9929086 -0.08352115
vn -0.4183509 0.908272 0.004955886
vn -0.809203 0.5802647 0.09210496
vn -0.9832299 0.09677572 0.1545746
vn -0.8938012 -0.4126438 0.1756261
vn -0.8852943 -0.4101084 0.2192377
vn -0.5558922 -0.8085469 0.1929657
vn -0.07753916 -0.990336 0.1149886
vn 0.4215903 -0.9067652 0.006200335
vn 0.807755 -0.5802275 -0.1042492
vn 0.9774824 -0.09821848 -0.1867653
vn 0.8852943 0.4101084 -0.2192377
vn 0.5558921 0.808547 -0.1929656
vn 0.07753912 0.990336 -0.1149885
vn -0.4215903 0.9067653 -0.006200344
vn -0.8077549 0.5802276 0.1042492
vn -0.9774825 0.09821811 0.1867653
vn -0.8852943 -0.4101084 0.2192377
vn -0.8748779 -0.4067028 0.2630234
vn -0.5447822 -0.8045478 0.2364641
vn -0.06871242 -0.9868148 0.1465442
vn 0.4257687 -0.9046655 0.01735811
vn 0.8061655 -0.5801119 -0.1164791
vn 0.9705509 -0.1001179 -0.2191059
vn 0.8748779 0.4067029 -0.2630235
vn 0.544782 0.804548 -0.236464
vn 0.06871228 0.9868148 -0.1465443
vn -0.4257687 0.9046655 -0.01735812
vn -0.8061655 0.5801119 0.116479
vn -0.9705509 0.1001176 0.219106
vn -0.8748779 -0.4067028 0.2630234
vn -0.8627316 -0.4024799 0.3061114
vn -0.5317489 -0.7995625 0.2791826
vn -0.05828447 -0.9824029 0.177447
vn 0.4307972 -0.9020092 0.02816481
vn 0.804447 -0.5799229 -0.1286641
vn 0.962546 -0.102447 -0.2510177
vn 0.8627315 0.40248 -0.3061114
vn 0.5317487 0.7995627 -0.2791826
vn 0.05828438 0.9824029 -0.177447
vn -0.4307972 0.9020092 -0.02816482
vn -0.804447 0.579923 0.1286641
vn -0.962546 0.1024465 0.2510178
vn -0.8627316 -0.4024799 0.3061114
vn -0.5317489 -0.7995625 0.2791826
vn -0.05828447 -0.9824029 0.177447
vn 0.4307972 -0.9020092 0.02816481
vn 0.804447 -0.5799229 -0.1286641
vn 0.962546 -0.102447 -0.2510177
vn 0.8627315 0.40248 -0.3061114
vn 0.5317487 0.7995627 -0.2791826
vn 0.05828438 0.9824029 -0.177447
vn -0.4307972 0.9020092 -0.02816482
vn -0.804447 0.579923 0.1286641
vn -0.962546 0.1024465 0.2510178
vn -0.8627316 -0.4024799 0.3061114
vn -0.199221 -0.4674403 0.8612842
vn 0.1417391 -0.5991108 0.7880205
vn 0.4939457 -0.5412162 0.6805165
vn 0.7630254 -0.3092693 0.5675779
vn 0.8768787 0.03457968 0.4794664
vn 0.8049983 0.3981971 0.4397915
vn 0.5666448 0.6841518 0.459184
vn 0.2256848 0.8158222 0.5324476
vn -0.1265219 0.7579276 0.6399516
vn -0.3956016 0.5259808 0.7528901
vn -0.5094548 0.1821314 0.8410017
vn -0.4375746 -0.1814858 0.8806767
vn 0.04911301 -0.1509247 0.9873245
vn 0.2243903 -0.2186126 0.9496619
vn 0.4054491 -0.1888507 0.8943973
vn 0.543775 -0.06961377 0.8363389
vn 0.6023034 0.1071486 0.7910434
vn 0.565352 0.2940734 0.7706477
vn 0.4428216 0.4410741 0.7806168
vn 0.2675442 0.5087618 0.8182796
vn 0.0864855 0.4790001 0.873544
vn -0.05184042 0.3597631 0.9316025
vn -0.1103689 0.1830005 0.9768979
vn -0.07341743 -0.003924109 0.9972936
vn 0.2015795 0.06275989 0.9774594
vn 0.2562739 0.04163836 0.9657069
vn 0.3127722 0.05092535 0.9484619
vn 0.355936 0.08813254 0.9303452
vn 0.3741994 0.1432902 0.9162111
vn 0.3626689 0.201619 0.9098467
vn 0.3244341 0.2474897 0.9129575
vn 0.2697398 0.2686113 0.9247099
vn 0.2132414 0.2593242 0.9419549
vn 0.1700777 0.2221171 0.9600717
vn 0.1518143 0.1669594 0.9742059
vn 0.1633447 0.1086306 0.9805702
vn 0.2647795 0.1561703 0.951579

vt 0 -0.02666032
vt 0.9815734 -0.02511798
vt 0.9840243 -0.02511798
vt 0.9907557 -0.02511798
vt 0 -0.02511798
vt 0.009244293 -0.02511798
vt 0.01597574 -0.02511798
vt 0.0184266 -0.02511798
vt 0.01597574 -0.02511798
vt 0.009244293 -0.02511798
vt 1 -0.02511798
vt 0.9907557 -0.02511798
vt 0.9840243 -0.02511798
vt 0.9396443 -0.01372842
vt 0.9471089 -0.01372842
vt 0.9686971 -0.01372842
vt 0 -0.01372842
vt 0.0313029 -0.01372842
vt 0.05289117 -0.01372842
vt 0.06035572 -0.01372842
vt 0.05289117 -0.01372842
vt 0.0313029 -0.01372842
vt 1 -0.01372842
vt 0.9686971 -0.01372842
vt 0.9471089 -0.01372842
vt 0.8720391 0.006915164
vt 0.8834689 0.006915164
vt 0.9238126 0.006915164
vt 2.980232E-08 0.006915164
vt 0.07618743 0.006915164
vt 0.1165311 0.006915164
vt 0.1279609 0.006915164
vt 0.1165311 0.006915164
vt 0.07618737 0.006915164
vt 1 0.006915164
vt 0.9238126 0.006915164
vt 0.8834688 0.006915164
vt 0.75 0.03266032
vt 0.75 0.03266032
vt 0.75 0.03266032
vt 0.25 0.03266032
vt 0.25 0.03266032
vt 0.25 0.03266032
vt 0.25 0.03266032
vt 0.25 0.03266032
vt 0.25 0.03266032
vt 0.75 0.03266032
vt 0.75 0.03266032
vt 0.75 0.03266032
vt 0 0.06232065
vt 0.08333334 0.06232065
vt 0.1666667 0.06232065
vt 0.25 0.06232065
vt 0.3333333 0.06232065
vt 0.4166667 0.06232065
vt 0.5 0.06232065
vt 0.5833333 0.06232065
vt 0.6666667 0.06232065
vt 0.75 0.06232065
vt 0.8333333 0.06232065
vt 0.9166667 0.06232065
vt 1 0.06232065
vt 0 0.1103045
vt 0.08333334 0.1103045
vt 0.1666667 0.1103045
vt 0.25 0.1103045
vt 0.3333333 0.1103045
vt 0.4166667 0.1103045
vt 0.5 0.1103045
vt 0.5833333 0.1103045
vt 0.6666667 0.1103045
vt 0.75 0.1103045
vt 0.8333333 0.1103045
vt 0.9166667 0.1103045
vt 1 0.1103045
vt 0 0.1799455
vt 0.08333334 0.1799455
vt 0.1666667 0.1799455
vt 0.25 0.1799455
vt 0.3333333 0.1799455
vt 0.4166667 0.1799455
vt 0.5 0.1799455
vt 0.5833333 0.1799455
vt 0.6666667 0.1799455
vt 0.75 0.1799455
vt 0.8333333 0.1799455
vt 0.9166667 0.1799455
vt 1 0.1799455
vt 0 0.2584355
vt 0.08333334 0.2584355
vt 0.1666667 0.2584355
vt 0.25 0.2584355
vt 0.3333333 0.2584355
vt 0.4166667 0.2584355
vt 0.5 0.2584355
vt 0.5833333 0.2584355
vt 0.6666667 0.2584355
vt 0.75 0.2584355
vt 0.8333333 0.2584355
vt 0.9166667 0.2584355
vt 1 0.2584355
vt 0 0.2970226
vt 0.08333334 0.2970226
vt 0.1666667 0.2970226
vt 0.25 0.2970226
vt 0.3333333 0.2970226
vt 0.4166667 0.2970226
vt 0.5 0.2970226
vt 0.5833333 0.2970226
vt 0.6666667 0.2970226
vt 0.75 0.2970226
vt 0.8333333 0.2970226
vt 0.9166667 0.2970226
vt 1 0.2970226
vt 0 0.3330739
vt 0.08333334 0.3330739
vt 0.1666667 0.3330739
vt 0.25 0.3330739
vt 0.3333333 0.3330739
vt 0.4166667 0.3330739
vt 0.5 0.3330739
vt 0.5833333 0.3330739
vt 0.6666667 0.3330739
vt 0.75 0.3330739
vt 0.8333333 0.3330739
vt 0.9166667 0.3330739
vt 1 0.3330739
vt 0 0.3654609
vt 0.08333334 0.3654609
vt 0.1666667 0.3654609
vt 0.25 0.3654609
vt 0.3333333 0.3654609
vt 0.4166667 0.3654609
vt 0.5 0.3654609
vt 0.5833333 0.3654609
vt 0.6666667 0.3654609
vt 0.75 0.3654609
vt 0.8333333 0.3654609
vt 0.9166667 0.3654609
vt 1 0.3654609
vt 0 0.3947214
vt 0.08333334 0.3947214
vt 0.1666667 0.3947214
vt 0.25 0.3947214
vt 0.3333333 0.3947214
vt 0.4166667 0.3947214
vt 0.5 0.3947214
vt 0.5833333 0.3947214
vt 0.6666667 0.3947214
vt 0.75 0.3947214
vt 0.8333333 0.3947214
vt 0.9166667 0.3947214
vt 1 0.3947214
vt 0 0.421827
vt 0.08333334 0.421827
vt 0.1666667 0.421827
vt 0.25 0.421827
vt 0.3333333 0.421827
vt 0.4166667 0.421827
vt 0.5 0.421827
vt 0.5833333 0.421827
vt 0.6666667 0.421827
vt 0.75 0.421827
vt 0.8333333 0.421827
vt 0.9166667 0.421827
vt 1 0.421827
vt 0 0.4477629
vt 0.08333334 0.4477629
vt 0.1666667 0.4477629
vt 0.25 0.4477629
vt 0.3333333 0.4477629
vt 0.4166667 0.4477629
vt 0.5 0.4477629
vt 0.5833333 0.4477629
vt 0.6666667 0.4477629
vt 0.75 0.4477629
vt 0.8333333 0.4477629
vt 0.9166667 0.4477629
vt 1 0.4477629
vt 0 0.4735035
vt 0.08333334 0.4735035
vt 0.1666667 0.4735035
vt 0.25 0.4735035
vt 0.3333333 0.4735035
vt 0.4166667 0.4735035
vt 0.5 0.4735035
vt 0.5833333 0.4735035
vt 0.6666667 0.4735035
vt 0.75 0.4735035
vt 0.8333333 0.4735035
vt 0.9166667 0.4735035
vt 1 0.4735035
vt 0 0.499988
vt 0.08333334 0.499988
vt 0.1666667 0.499988
vt 0.25 0.499988
vt 0.3333333 0.499988
vt 0.4166667 0.499988
vt 0.5 0.499988
vt 0.5833333 0.499988
vt 0.6666667 0.499988
vt 0.75 0.499988
vt 0.8333333 0.499988
vt 0.9166667 0.499988
vt 1 0.499988
vt 0 0.5281057
vt 0.08333334 0.5281057
vt 0.1666667 0.5281057
vt 0.25 0.5281057
vt 0.3333333 0.5281057
vt 0.4166667 0.5281057
vt 0.5 0.5281057
vt 0.5833333 0.5281057
vt 0.6666667 0.5281057
vt 0.75 0.5281057
vt 0.8333333 0.5281057
vt 0.9166667 0.5281057
vt 1 0.5281057
vt 0 0.5586988
vt 0.08333334 0.5586988
vt 0.1666667 0.5586988
vt 0.25 0.5586988
vt 0.3333333 0.5586988
vt 0.4166667 0.5586988
vt 0.5 0.5586988
vt 0.5833333 0.5586988
vt 0.6666667 0.5586988
vt 0.75 0.5586988
vt 0.8333333 0.5586988
vt 0.9166667 0.5586988
vt 1 0.5586988
vt 0 0.5924662
vt 0.08333334 0.5924662
vt 0.1666667 0.5924662
vt 0.25 0.5924662
vt 0.3333333 0.5924662
vt 0.4166667 0.5924662
vt 0.5 0.5924662
vt 0.5833333 0.5924662
vt 0.6666667 0.5924662
vt 0.75 0.5924662
vt 0.8333333 0.5924662
vt 0.9166667 0.5924662
vt 1 0.5924662
vt 0 0.6296666
vt 0.08333334 0.6296666
vt 0.1666667 0.6296666
vt 0.25 0.6296666
vt 0.3333333 0.6296666
vt 0.4166667 0.6296666
vt 0.5 0.6296666
vt 0.5833333 0.6296666
vt 0.6666667 0.6296666
vt 0.75 0.6296666
vt 0.8333333 0.6296666
vt 0.9166667 0.6296666
vt 1 0.6296666
vt 0 0.670478
vt 0.08333334 0.670478
vt 0.1666667 0.670478
vt 0.25 0.670478
vt 0.3333333 0.670478
vt 0.4166667 0.670478
vt 0.5 0.670478
vt 0.5833333 0.670478
vt 0.6666667 0.670478
vt 0.75 0.670478
vt 0.8333333 0.670478
vt 0.9166667 0.670478
vt 1 0.670478
vt 0 0.7151164
vt 0.08333334 0.7151164
vt 0.1666667 0.7151164
vt 0.25 0.7151164
vt 0.3333333 0.7151164
vt 0.4166667 0.7151164
vt 0.5 0.7151164
vt 0.5833333 0.7151164
vt 0.6666667 0.7151164
vt 0.75 0.7151164
vt 0.8333333 0.7151164
vt 0.9166667 0.7151164
vt 1 0.7151164
vt 0 0.7638391
vt 0.08333334 0.7638391
vt 0.1666667 0.7638391
vt 0.25 0.7638391
vt 0.3333333 0.7638391
vt 0.4166667 0.7638391
vt 0.5 0.7638391
vt 0.5833333 0.7638391
vt 0.6666667 0.7638391
vt 0.75 0.7638391
vt 0.8333333 0.7638391
vt 0.9166667 0.7638391
vt 1 0.7638391
vt 0 0.8169436
vt 0.08333334 0.8169436
vt 0.1666667 0.8169436
vt 0.25 0.8169436
vt 0.3333333 0.8169436
vt 0.4166667 0.8169436
vt 0.5 0.8169436
vt 0.5833333 0.8169436
vt 0.6666667 0.8169436
vt 0.75 0.8169436
vt 0.8333333 0.8169436
vt 0.9166667 0.8169436
vt 1 0.8169436
vt 0 0.8747662
vt 0.08333334 0.8747662
vt 0.1666667 0.8747662
vt 0.25 0.8747662
vt 0.3333333 0.8747662
vt 0.4166667 0.8747662
vt 0.5 0.8747662
vt 0.5833333 0.8747662
vt 0.6666667 0.8747662
vt 0.75 0.8747662
vt 0.8333333 0.8747662
vt 0.9166667 0.8747662
vt 1 0.8747662
vt 0 0.9673396
vt 0.08333334 0.9673396
vt 0.1666667 0.9673396
vt 0.25 0.9673396
vt 0.3333333 0.9673396
vt 0.4166667 0.9673396
vt 0.5 0.9673396
vt 0.5833333 0.9673396
vt 0.6666667 0.9673396
vt 0.75 0.9673396
vt 0.8333333 0.9673396
vt 0.9166667 0.9673396
vt 1 0.9673396
vt 0.75 0.9673396
vt 0.75 0.9673396
vt 0.25 0.9673396
vt 0.25 0.9673396
vt 0.25 0.9673396
vt 0.25 0.9673396
vt 0.25 0.9673396
vt 0.25 0.9673396
vt 0.75 0.9673396
vt 0.75 0.9673396
vt 0.75 0.9673396
vt 0.75 0.9673396
vt 0.6165311 0.9930848
vt 0.5761874 0.9930848
vt 0.5 0.9930848
vt 0.4238126 0.9930848
vt 0.3834689 0.9930848
vt 0.3720391 0.9930848
vt 0.3834689 0.9930848
vt 0.4238126 0.9930848
vt 0.5 0.9930848
vt 0.5761874 0.9930848
vt 0.6165311 0.9930848
vt 0.6279609 0.9930848
vt 0.5528911 1.013728
vt 0.5313029 1.013728
vt 0.5 1.013728
vt 0.4686971 1.013728
vt 0.4471088 1.013728
vt 0.4396443 1.013728
vt 0.4471089 1.013728
vt 0.4686971 1.013728
vt 0.5 1.013728
vt 0.5313029 1.013728
vt 0.5528911 1.013728
vt 0.5603557 1.013728
vt 0.5159757 1.025118
vt 0.5092443 1.025118
vt 0.5 1.025118
vt 0.4907557 1.025118
vt 0.4840243 1.025118
vt 0.4815734 1.025118
vt 0.4840243 1.025118
vt 0.4907557 1.025118
vt 0.5 1.025118
vt 0.5092443 1.025118
vt 0.5159757 1.025118
vt 0.5184266 1.025118
vt 0 1.02666

usemap Cartoon_FFFFFF
usemtl Cartoon_FFFFFF
f 3492/3492/3492 3491/3491/3491 3490/3490/3490 3489/3489/3489 
f 3494/3494/3494 3493/3493/3493 3492/3492/3492 3489/3489/3489 
f 3496/3496/3496 3495/3495/3495 3494/3494/3494 3489/3489/3489 
f 3498/3498/3498 3497/3497/3497 3496/3496/3496 3489/3489/3489 
f 3500/3500/3500 3499/3499/3499 3498/3498/3498 3489/3489/3489 
f 3490/3490/3490 3501/3501/3501 3500/3500/3500 3489/3489/3489 
f 3491/3491/3491 3503/3503/3503 3502/3502/3502 3490/3490/3490 
f 3492/3492/3492 3504/3504/3504 3503/3503/3503 3491/3491/3491 
f 3493/3493/3493 3505/3505/3505 3504/3504/3504 3492/3492/3492 
f 3494/3494/3494 3506/3506/3506 3505/3505/3505 3493/3493/3493 
f 3495/3495/3495 3507/3507/3507 3506/3506/3506 3494/3494/3494 
f 3496/3496/3496 3508/3508/3508 3507/3507/3507 3495/3495/3495 
f 3497/3497/3497 3509/3509/3509 3508/3508/3508 3496/3496/3496 
f 3498/3498/3498 3510/3510/3510 3509/3509/3509 3497/3497/3497 
f 3499/3499/3499 3511/3511/3511 3510/3510/3510 3498/3498/3498 
f 3500/3500/3500 3512/3512/3512 3511/3511/3511 3499/3499/3499 
f 3501/3501/3501 3513/3513/3513 3512/3512/3512 3500/3500/3500 
f 3490/3490/3490 3502/3502/3502 3513/3513/3513 3501/3501/3501 
f 3503/3503/3503 3515/3515/3515 3514/3514/3514 3502/3502/3502 
f 3504/3504/3504 3516/3516/3516 3515/3515/3515 3503/3503/3503 
f 3505/3505/3505 3517/3517/3517 3516/3516/3516 3504/3504/3504 
f 3506/3506/3506 3518/3518/3518 3517/3517/3517 3505/3505/3505 
f 3507/3507/3507 3519/3519/3519 3518/3518/3518 3506/3506/3506 
f 3508/3508/3508 3520/3520/3520 3519/3519/3519 3507/3507/3507 
f 3509/3509/3509 3521/3521/3521 3520/3520/3520 3508/3508/3508 
f 3510/3510/3510 3522/3522/3522 3521/3521/3521 3509/3509/3509 
f 3511/3511/3511 3523/3523/3523 3522/3522/3522 3510/3510/3510 
f 3512/3512/3512 3524/3524/3524 3523/3523/3523 3511/3511/3511 
f 3513/3513/3513 3525/3525/3525 3524/3524/3524 3512/3512/3512 
f 3502/3502/3502 3514/3514/3514 3525/3525/3525 3513/3513/3513 
f 3515/3515/3515 3527/3527/3527 3526/3526/3526 3514/3514/3514 
f 3516/3516/3516 3528/3528/3528 3527/3527/3527 3515/3515/3515 
f 3517/3517/3517 3529/3529/3529 3528/3528/3528 3516/3516/3516 
f 3518/3518/3518 3530/3530/3530 3529/3529/3529 3517/3517/3517 
f 3519/3519/3519 3531/3531/3531 3530/3530/3530 3518/3518/3518 
f 3520/3520/3520 3532/3532/3532 3531/3531/3531 3519/3519/3519 
f 3521/3521/3521 3533/3533/3533 3532/3532/3532 3520/3520/3520 
f 3522/3522/3522 3534/3534/3534 3533/3533/3533 3521/3521/3521 
f 3523/3523/3523 3535/3535/3535 3534/3534/3534 3522/3522/3522 
f 3524/3524/3524 3536/3536/3536 3535/3535/3535 3523/3523/3523 
f 3525/3525/3525 3537/3537/3537 3536/3536/3536 3524/3524/3524 
f 3514/3514/3514 3526/3526/3526 3537/3537/3537 3525/3525/3525 
f 3527/3527/3527 3539/3539/3539 3538/3538/3538 3526/3526/3526 
f 3528/3528/3528 3540/3540/3540 3539/3539/3539 3527/3527/3527 
f 3529/3529/3529 3541/3541/3541 3540/3540/3540 3528/3528/3528 
f 3530/3530/3530 3542/3542/3542 3541/3541/3541 3529/3529/3529 
f 3531/3531/3531 3543/3543/3543 3542/3542/3542 3530/3530/3530 
f 3532/3532/3532 3544/3544/3544 3543/3543/3543 3531/3531/3531 
f 3533/3533/3533 3545/3545/3545 3544/3544/3544 3532/3532/3532 
f 3534/3534/3534 3546/3546/3546 3545/3545/3545 3533/3533/3533 
f 3535/3535/3535 3547/3547/3547 3546/3546/3546 3534/3534/3534 
f 3536/3536/3536 3548/3548/3548 3547/3547/3547 3535/3535/3535 
f 3537/3537/3537 3549/3549/3549 3548/3548/3548 3536/3536/3536 
f 3526/3526/3526 3550/3550/3550 3549/3549/3549 3537/3537/3537 
f 3539/3539/3539 3552/3552/3552 3551/3551/3551 3538/3538/3538 
f 3540/3540/3540 3553/3553/3553 3552/3552/3552 3539/3539/3539 
f 3541/3541/3541 3554/3554/3554 3553/3553/3553 3540/3540/3540 
f 3542/3542/3542 3555/3555/3555 3554/3554/3554 3541/3541/3541 
f 3543/3543/3543 3556/3556/3556 3555/3555/3555 3542/3542/3542 
f 3544/3544/3544 3557/3557/3557 3556/3556/3556 3543/3543/3543 
f 3545/3545/3545 3558/3558/3558 3557/3557/3557 3544/3544/3544 
f 3546/3546/3546 3559/3559/3559 3558/3558/3558 3545/3545/3545 
f 3547/3547/3547 3560/3560/3560 3559/3559/3559 3546/3546/3546 
f 3548/3548/3548 3561/3561/3561 3560/3560/3560 3547/3547/3547 
f 3549/3549/3549 3562/3562/3562 3561/3561/3561 3548/3548/3548 
f 3550/3550/3550 3563/3563/3563 3562/3562/3562 3549/3549/3549 
f 3552/3552/3552 3565/3565/3565 3564/3564/3564 3551/3551/3551 
f 3553/3553/3553 3566/3566/3566 3565/3565/3565 3552/3552/3552 
f 3554/3554/3554 3567/3567/3567 3566/3566/3566 3553/3553/3553 
f 3555/3555/3555 3568/3568/3568 3567/3567/3567 3554/3554/3554 
f 3556/3556/3556 3569/3569/3569 3568/3568/3568 3555/3555/3555 
f 3557/3557/3557 3570/3570/3570 3569/3569/3569 3556/3556/3556 
f 3558/3558/3558 3571/3571/3571 3570/3570/3570 3557/3557/3557 
f 3559/3559/3559 3572/3572/3572 3571/3571/3571 3558/3558/3558 
f 3560/3560/3560 3573/3573/3573 3572/3572/3572 3559/3559/3559 
f 3561/3561/3561 3574/3574/3574 3573/3573/3573 3560/3560/3560 
f 3562/3562/3562 3575/3575/3575 3574/3574/3574 3561/3561/3561 
f 3563/3563/3563 3576/3576/3576 3575/3575/3575 3562/3562/3562 
f 3565/3565/3565 3578/3578/3578 3577/3577/3577 3564/3564/3564 
f 3566/3566/3566 3579/3579/3579 3578/3578/3578 3565/3565/3565 
f 3567/3567/3567 3580/3580/3580 3579/3579/3579 3566/3566/3566 
f 3568/3568/3568 3581/3581/3581 3580/3580/3580 3567/3567/3567 
f 3569/3569/3569 3582/3582/3582 3581/3581/3581 3568/3568/3568 
f 3570/3570/3570 3583/3583/3583 3582/3582/3582 3569/3569/3569 
f 3571/3571/3571 3584/3584/3584 3583/3583/3583 3570/3570/3570 
f 3572/3572/3572 3585/3585/3585 3584/3584/3584 3571/3571/3571 
f 3573/3573/3573 3586/3586/3586 3585/3585/3585 3572/3572/3572 
f 3574/3574/3574 3587/3587/3587 3586/3586/3586 3573/3573/3573 
f 3575/3575/3575 3588/3588/3588 3587/3587/3587 3574/3574/3574 
f 3576/3576/3576 3589/3589/3589 3588/3588/3588 3575/3575/3575 
f 3578/3578/3578 3591/3591/3591 3590/3590/3590 3577/3577/3577 
f 3579/3579/3579 3592/3592/3592 3591/3591/3591 3578/3578/3578 
f 3580/3580/3580 3593/3593/3593 3592/3592/3592 3579/3579/3579 
f 3581/3581/3581 3594/3594/3594 3593/3593/3593 3580/3580/3580 
f 3582/3582/3582 3595/3595/3595 3594/3594/3594 3581/3581/3581 
f 3583/3583/3583 3596/3596/3596 3595/3595/3595 3582/3582/3582 
f 3584/3584/3584 3597/3597/3597 3596/3596/3596 3583/3583/3583 
f 3585/3585/3585 3598/3598/3598 3597/3597/3597 3584/3584/3584 
f 3586/3586/3586 3599/3599/3599 3598/3598/3598 3585/3585/3585 
f 3587/3587/3587 3600/3600/3600 3599/3599/3599 3586/3586/3586 
f 3588/3588/3588 3601/3601/3601 3600/3600/3600 3587/3587/3587 
f 3589/3589/3589 3602/3602/3602 3601/3601/3601 3588/3588/3588 
f 3591/3591/3591 3604/3604/3604 3603/3603/3603 3590/3590/3590 
f 3592/3592/3592 3605/3605/3605 3604/3604/3604 3591/3591/3591 
f 3593/3593/3593 3606/3606/3606 3605/3605/3605 3592/3592/3592 
f 3594/3594/3594 3607/3607/3607 3606/3606/3606 3593/3593/3593 
f 3595/3595/3595 3608/3608/3608 3607/3607/3607 3594/3594/3594 
f 3596/3596/3596 3609/3609/3609 3608/3608/3608 3595/3595/3595 
f 3597/3597/3597 3610/3610/3610 3609/3609/3609 3596/3596/3596 
f 3598/3598/3598 3611/3611/3611 3610/3610/3610 3597/3597/3597 
f 3599/3599/3599 3612/3612/3612 3611/3611/3611 3598/3598/3598 
f 3600/3600/3600 3613/3613/3613 3612/3612/3612 3599/3599/3599 
f 3601/3601/3601 3614/3614/3614 3613/3613/3613 3600/3600/3600 
f 3602/3602/3602 3615/3615/3615 3614/3614/3614 3601/3601/3601 
f 3604/3604/3604 3617/3617/3617 3616/3616/3616 3603/3603/3603 
f 3605/3605/3605 3618/3618/3618 3617/3617/3617 3604/3604/3604 
f 3606/3606/3606 3619/3619/3619 3618/3618/3618 3605/3605/3605 
f 3607/3607/3607 3620/3620/3620 3619/3619/3619 3606/3606/3606 
f 3608/3608/3608 3621/3621/3621 3620/3620/3620 3607/3607/3607 
f 3609/3609/3609 3622/3622/3622 3621/3621/3621 3608/3608/3608 
f 3610/3610/3610 3623/3623/3623 3622/3622/3622 3609/3609/3609 
f 3611/3611/3611 3624/3624/3624 3623/3623/3623 3610/3610/3610 
f 3612/3612/3612 3625/3625/3625 3624/3624/3624 3611/3611/3611 
f 3613/3613/3613 3626/3626/3626 3625/3625/3625 3612/3612/3612 
f 3614/3614/3614 3627/3627/3627 3626/3626/3626 3613/3613/3613 
f 3615/3615/3615 3628/3628/3628 3627/3627/3627 3614/3614/3614 
f 3617/3617/3617 3630/3630/3630 3629/3629/3629 3616/3616/3616 
f 3618/3618/3618 3631/3631/3631 3630/3630/3630 3617/3617/3617 
f 3619/3619/3619 3632/3632/3632 3631/3631/3631 3618/3618/3618 
f 3620/3620/3620 3633/3633/3633 3632/3632/3632 3619/3619/3619 
f 3621/3621/3621 3634/3634/3634 3633/3633/3633 3620/3620/3620 
f 3622/3622/3622 3635/3635/3635 3634/3634/3634 3621/3621/3621 
f 3623/3623/3623 3636/3636/3636 3635/3635/3635 3622/3622/3622 
f 3624/3624/3624 3637/3637/3637 3636/3636/3636 3623/3623/3623 
f 3625/3625/3625 3638/3638/3638 3637/3637/3637 3624/3624/3624 
f 3626/3626/3626 3639/3639/3639 3638/3638/3638 3625/3625/3625 
f 3627/3627/3627 3640/3640/3640 3639/3639/3639 3626/3626/3626 
f 3628/3628/3628 3641/3641/3641 3640/3640/3640 3627/3627/3627 
f 3630/3630/3630 3643/3643/3643 3642/3642/3642 3629/3629/3629 
f 3631/3631/3631 3644/3644/3644 3643/3643/3643 3630/3630/3630 
f 3632/3632/3632 3645/3645/3645 3644/3644/3644 3631/3631/3631 
f 3633/3633/3633 3646/3646/3646 3645/3645/3645 3632/3632/3632 
f 3634/3634/3634 3647/3647/3647 3646/3646/3646 3633/3633/3633 
f 3635/3635/3635 3648/3648/3648 3647/3647/3647 3634/3634/3634 
f 3636/3636/3636 3649/3649/3649 3648/3648/3648 3635/3635/3635 
f 3637/3637/3637 3650/3650/3650 3649/3649/3649 3636/3636/3636 
f 3638/3638/3638 3651/3651/3651 3650/3650/3650 3637/3637/3637 
f 3639/3639/3639 3652/3652/3652 3651/3651/3651 3638/3638/3638 
f 3640/3640/3640 3653/3653/3653 3652/3652/3652 3639/3639/3639 
f 3641/3641/3641 3654/3654/3654 3653/3653/3653 3640/3640/3640 
f 3643/3643/3643 3656/3656/3656 3655/3655/3655 3642/3642/3642 
f 3644/3644/3644 3657/3657/3657 3656/3656/3656 3643/3643/3643 
f 3645/3645/3645 3658/3658/3658 3657/3657/3657 3644/3644/3644 
f 3646/3646/3646 3659/3659/3659 3658/3658/3658 3645/3645/3645 
f 3647/3647/3647 3660/3660/3660 3659/3659/3659 3646/3646/3646 
f 3648/3648/3648 3661/3661/3661 3660/3660/3660 3647/3647/3647 
f 3649/3649/3649 3662/3662/3662 3661/3661/3661 3648/3648/3648 
f 3650/3650/3650 3663/3663/3663 3662/3662/3662 3649/3649/3649 
f 3651/3651/3651 3664/3664/3664 3663/3663/3663 3650/3650/3650 
f 3652/3652/3652 3665/3665/3665 3664/3664/3664 3651/3651/3651 
f 3653/3653/3653 3666/3666/3666 3665/3665/3665 3652/3652/3652 
f 3654/3654/3654 3667/3667/3667 3666/3666/3666 3653/3653/3653 
f 3656/3656/3656 3669/3669/3669 3668/3668/3668 3655/3655/3655 
f 3657/3657/3657 3670/3670/3670 3669/3669/3669 3656/3656/3656 
f 3658/3658/3658 3671/3671/3671 3670/3670/3670 3657/3657/3657 
f 3659/3659/3659 3672/3672/3672 3671/3671/3671 3658/3658/3658 
f 3660/3660/3660 3673/3673/3673 3672/3672/3672 3659/3659/3659 
f 3661/3661/3661 3674/3674/3674 3673/3673/3673 3660/3660/3660 
f 3662/3662/3662 3675/3675/3675 3674/3674/3674 3661/3661/3661 
f 3663/3663/3663 3676/3676/3676 3675/3675/3675 3662/3662/3662 
f 3664/3664/3664 3677/3677/3677 3676/3676/3676 3663/3663/3663 
f 3665/3665/3665 3678/3678/3678 3677/3677/3677 3664/3664/3664 
f 3666/3666/3666 3679/3679/3679 3678/3678/3678 3665/3665/3665 
f 3667/3667/3667 3680/3680/3680 3679/3679/3679 3666/3666/3666 
f 3669/3669/3669 3682/3682/3682 3681/3681/3681 3668/3668/3668 
f 3670/3670/3670 3683/3683/3683 3682/3682/3682 3669/3669/3669 
f 3671/3671/3671 3684/3684/3684 3683/3683/3683 3670/3670/3670 
f 3672/3672/3672 3685/3685/3685 3684/3684/3684 3671/3671/3671 
f 3673/3673/3673 3686/3686/3686 3685/3685/3685 3672/3672/3672 
f 3674/3674/3674 3687/3687/3687 3686/3686/3686 3673/3673/3673 
f 3675/3675/3675 3688/3688/3688 3687/3687/3687 3674/3674/3674 
f 3676/3676/3676 3689/3689/3689 3688/3688/3688 3675/3675/3675 
f 3677/3677/3677 3690/3690/3690 3689/3689/3689 3676/3676/3676 
f 3678/3678/3678 3691/3691/3691 3690/3690/3690 3677/3677/3677 
f 3679/3679/3679 3692/3692/3692 3691/3691/3691 3678/3678/3678 
f 3680/3680/3680 3693/3693/3693 3692/3692/3692 3679/3679/3679 
f 3682/3682/3682 3695/3695/3695 3694/3694/3694 3681/3681/3681 
f 3683/3683/3683 3696/3696/3696 3695/3695/3695 3682/3682/3682 
f 3684/3684/3684 3697/3697/3697 3696/3696/3696 3683/3683/3683 
f 3685/3685/3685 3698/3698/3698 3697/3697/3697 3684/3684/3684 
f 3686/3686/3686 3699/3699/3699 3698/3698/3698 3685/3685/3685 
f 3687/3687/3687 3700/3700/3700 3699/3699/3699 3686/3686/3686 
f 3688/3688/3688 3701/3701/3701 3700/3700/3700 3687/3687/3687 
f 3689/3689/3689 3702/3702/3702 3701/3701/3701 3688/3688/3688 
f 3690/3690/3690 3703/3703/3703 3702/3702/3702 3689/3689/3689 
f 3691/3691/3691 3704/3704/3704 3703/3703/3703 3690/3690/3690 
f 3692/3692/3692 3705/3705/3705 3704/3704/3704 3691/3691/3691 
f 3693/3693/3693 3706/3706/3706 3705/3705/3705 3692/3692/3692 
f 3695/3695/3695 3708/3708/3708 3707/3707/3707 3694/3694/3694 
f 3696/3696/3696 3709/3709/3709 3708/3708/3708 3695/3695/3695 
f 3697/3697/3697 3710/3710/3710 3709/3709/3709 3696/3696/3696 
f 3698/3698/3698 3711/3711/3711 3710/3710/3710 3697/3697/3697 
f 3699/3699/3699 3712/3712/3712 3711/3711/3711 3698/3698/3698 
f 3700/3700/3700 3713/3713/3713 3712/3712/3712 3699/3699/3699 
f 3701/3701/3701 3714/3714/3714 3713/3713/3713 3700/3700/3700 
f 3702/3702/3702 3715/3715/3715 3714/3714/3714 3701/3701/3701 
f 3703/3703/3703 3716/3716/3716 3715/3715/3715 3702/3702/3702 
f 3704/3704/3704 3717/3717/3717 3716/3716/3716 3703/3703/3703 
f 3705/3705/3705 3718/3718/3718 3717/3717/3717 3704/3704/3704 
f 3706/3706/3706 3719/3719/3719 3718/3718/3718 3705/3705/3705 
f 3708/3708/3708 3721/3721/3721 3720/3720/3720 3707/3707/3707 
f 3709/3709/3709 3722/3722/3722 3721/3721/3721 3708/3708/3708 
f 3710/3710/3710 3723/3723/3723 3722/3722/3722 3709/3709/3709 
f 3711/3711/3711 3724/3724/3724 3723/3723/3723 3710/3710/3710 
f 3712/3712/3712 3725/3725/3725 3724/3724/3724 3711/3711/3711 
f 3713/3713/3713 3726/3726/3726 3725/3725/3725 3712/3712/3712 
f 3714/3714/3714 3727/3727/3727 3726/3726/3726 3713/3713/3713 
f 3715/3715/3715 3728/3728/3728 3727/3727/3727 3714/3714/3714 
f 3716/3716/3716 3729/3729/3729 3728/3728/3728 3715/3715/3715 
f 3717/3717/3717 3730/3730/3730 3729/3729/3729 3716/3716/3716 
f 3718/3718/3718 3731/3731/3731 3730/3730/3730 3717/3717/3717 
f 3719/3719/3719 3732/3732/3732 3731/3731/3731 3718/3718/3718 
f 3721/3721/3721 3734/3734/3734 3733/3733/3733 3720/3720/3720 
f 3722/3722/3722 3735/3735/3735 3734/3734/3734 3721/3721/3721 
f 3723/3723/3723 3736/3736/3736 3735/3735/3735 3722/3722/3722 
f 3724/3724/3724 3737/3737/3737 3736/3736/3736 3723/3723/3723 
f 3725/3725/3725 3738/3738/3738 3737/3737/3737 3724/3724/3724 
f 3726/3726/3726 3739/3739/3739 3738/3738/3738 3725/3725/3725 
f 3727/3727/3727 3740/3740/3740 3739/3739/3739 3726/3726/3726 
f 3728/3728/3728 3741/3741/3741 3740/3740/3740 3727/3727/3727 
f 3729/3729/3729 3742/3742/3742 3741/3741/3741 3728/3728/3728 
f 3730/3730/3730 3743/3743/3743 3742/3742/3742 3729/3729/3729 
f 3731/3731/3731 3744/3744/3744 3743/3743/3743 3730/3730/3730 
f 3732/3732/3732 3745/3745/3745 3744/3744/3744 3731/3731/3731 
f 3734/3734/3734 3747/3747/3747 3746/3746/3746 3733/3733/3733 
f 3735/3735/3735 3748/3748/3748 3747/3747/3747 3734/3734/3734 
f 3736/3736/3736 3749/3749/3749 3748/3748/3748 3735/3735/3735 
f 3737/3737/3737 3750/3750/3750 3749/3749/3749 3736/3736/3736 
f 3738/3738/3738 3751/3751/3751 3750/3750/3750 3737/3737/3737 
f 3739/3739/3739 3752/3752/3752 3751/3751/3751 3738/3738/3738 
f 3740/3740/3740 3753/3753/3753 3752/3752/3752 3739/3739/3739 
f 3741/3741/3741 3754/3754/3754 3753/3753/3753 3740/3740/3740 
f 3742/3742/3742 3755/3755/3755 3754/3754/3754 3741/3741/3741 
f 3743/3743/3743 3756/3756/3756 3755/3755/3755 3742/3742/3742 
f 3744/3744/3744 3757/3757/3757 3756/3756/3756 3743/3743/3743 
f 3745/3745/3745 3758/3758/3758 3757/3757/3757 3744/3744/3744 
f 3747/3747/3747 3760/3760/3760 3759/3759/3759 3746/3746/3746 
f 3748/3748/3748 3761/3761/3761 3760/3760/3760 3747/3747/3747 
f 3749/3749/3749 3762/3762/3762 3761/3761/3761 3748/3748/3748 
f 3750/3750/3750 3763/3763/3763 3762/3762/3762 3749/3749/3749 
f 3751/3751/3751 3764/3764/3764 3763/3763/3763 3750/3750/3750 
f 3752/3752/3752 3765/3765/3765 3764/3764/3764 3751/3751/3751 
f 3753/3753/3753 3766/3766/3766 3765/3765/3765 3752/3752/3752 
f 3754/3754/3754 3767/3767/3767 3766/3766/3766 3753/3753/3753 
f 3755/3755/3755 3768/3768/3768 3767/3767/3767 3754/3754/3754 
f 3756/3756/3756 3769/3769/3769 3768/3768/3768 3755/3755/3755 
f 3757/3757/3757 3770/3770/3770 3769/3769/3769 3756/3756/3756 
f 3758/3758/3758 3771/3771/3771 3770/3770/3770 3757/3757/3757 
f 3760/3760/3760 3773/3773/3773 3772/3772/3772 3759/3759/3759 
f 3761/3761/3761 3774/3774/3774 3773/3773/3773 3760/3760/3760 
f 3762/3762/3762 3775/3775/3775 3774/3774/3774 3761/3761/3761 
f 3763/3763/3763 3776/3776/3776 3775/3775/3775 3762/3762/3762 
f 3764/3764/3764 3777/3777/3777 3776/3776/3776 3763/3763/3763 
f 3765/3765/3765 3778/3778/3778 3777/3777/3777 3764/3764/3764 
f 3766/3766/3766 3779/3779/3779 3778/3778/3778 3765/3765/3765 
f 3767/3767/3767 3780/3780/3780 3779/3779/3779 3766/3766/3766 
f 3768/3768/3768 3781/3781/3781 3780/3780/3780 3767/3767/3767 
f 3769/3769/3769 3782/3782/3782 3781/3781/3781 3768/3768/3768 
f 3770/3770/3770 3783/3783/3783 3782/3782/3782 3769/3769/3769 
f 3771/3771/3771 3784/3784/3784 3783/3783/3783 3770/3770/3770 
f 3773/3773/3773 3786/3786/3786 3785/3785/3785 3772/3772/3772 
f 3774/3774/3774 3787/3787/3787 3786/3786/3786 3773/3773/3773 
f 3775/3775/3775 3788/3788/3788 3787/3787/3787 3774/3774/3774 
f 3776/3776/3776 3789/3789/3789 3788/3788/3788 3775/3775/3775 
f 3777/3777/3777 3790/3790/3790 3789/3789/3789 3776/3776/3776 
f 3778/3778/3778 3791/3791/3791 3790/3790/3790 3777/3777/3777 
f 3779/3779/3779 3792/3792/3792 3791/3791/3791 3778/3778/3778 
f 3780/3780/3780 3793/3793/3793 3792/3792/3792 3779/3779/3779 
f 3781/3781/3781 3794/3794/3794 3793/3793/3793 3780/3780/3780 
f 3782/3782/3782 3795/3795/3795 3794/3794/3794 3781/3781/3781 
f 3783/3783/3783 3796/3796/3796 3795/3795/3795 3782/3782/3782 
f 3784/3784/3784 3797/3797/3797 3796/3796/3796 3783/3783/3783 
f 3786/3786/3786 3799/3799/3799 3798/3798/3798 3785/3785/3785 
f 3787/3787/3787 3800/3800/3800 3799/3799/3799 3786/3786/3786 
f 3788/3788/3788 3801/3801/3801 3800/3800/3800 3787/3787/3787 
f 3789/3789/3789 3802/3802/3802 3801/3801/3801 3788/3788/3788 
f 3790/3790/3790 3803/3803/3803 3802/3802/3802 3789/3789/3789 
f 3791/3791/3791 3804/3804/3804 3803/3803/3803 3790/3790/3790 
f 3792/3792/3792 3805/3805/3805 3804/3804/3804 3791/3791/3791 
f 3793/3793/3793 3806/3806/3806 3805/3805/3805 3792/3792/3792 
f 3794/3794/3794 3807/3807/3807 3806/3806/3806 3793/3793/3793 
f 3795/3795/3795 3808/3808/3808 3807/3807/3807 3794/3794/3794 
f 3796/3796/3796 3809/3809/3809 3808/3808/3808 3795/3795/3795 
f 3797/3797/3797 3810/3810/3810 3809/3809/3809 3796/3796/3796 
f 3799/3799/3799 3812/3812/3812 3811/3811/3811 3798/3798/3798 
f 3800/3800/3800 3813/3813/3813 3812/3812/3812 3799/3799/3799 
f 3801/3801/3801 3814/3814/3814 3813/3813/3813 3800/3800/3800 
f 3802/3802/3802 3815/3815/3815 3814/3814/3814 3801/3801/3801 
f 3803/3803/3803 3816/3816/3816 3815/3815/3815 3802/3802/3802 
f 3804/3804/3804 3817/3817/3817 3816/3816/3816 3803/3803/3803 
f 3805/3805/3805 3818/3818/3818 3817/3817/3817 3804/3804/3804 
f 3806/3806/3806 3819/3819/3819 3818/3818/3818 3805/3805/3805 
f 3807/3807/3807 3820/3820/3820 3819/3819/3819 3806/3806/3806 
f 3808/3808/3808 3821/3821/3821 3820/3820/3820 3807/3807/3807 
f 3809/3809/3809 3822/3822/3822 3821/3821/3821 3808/3808/3808 
f 3810/3810/3810 3823/3823/3823 3822/3822/3822 3809/3809/3809 
f 3825/3825/3825 3837/3837/3837 3836/3836/3836 3824/3824/3824 
f 3826/3826/3826 3838/3838/3838 3837/3837/3837 3825/3825/3825 
f 3827/3827/3827 3839/3839/3839 3838/3838/3838 3826/3826/3826 
f 3828/3828/3828 3840/3840/3840 3839/3839/3839 3827/3827/3827 
f 3829/3829/3829 3841/3841/3841 3840/3840/3840 3828/3828/3828 
f 3830/3830/3830 3842/3842/3842 3841/3841/3841 3829/3829/3829 
f 3831/3831/3831 3843/3843/3843 3842/3842/3842 3830/3830/3830 
f 3832/3832/3832 3844/3844/3844 3843/3843/3843 3831/3831/3831 
f 3833/3833/3833 3845/3845/3845 3844/3844/3844 3832/3832/3832 
f 3834/3834/3834 3846/3846/3846 3845/3845/3845 3833/3833/3833 
f 3835/3835/3835 3847/3847/3847 3846/3846/3846 3834/3834/3834 
f 3824/3824/3824 3836/3836/3836 3847/3847/3847 3835/3835/3835 
f 3837/3837/3837 3849/3849/3849 3848/3848/3848 3836/3836/3836 
f 3838/3838/3838 3850/3850/3850 3849/3849/3849 3837/3837/3837 
f 3839/3839/3839 3851/3851/3851 3850/3850/3850 3838/3838/3838 
f 3840/3840/3840 3852/3852/3852 3851/3851/3851 3839/3839/3839 
f 3841/3841/3841 3853/3853/3853 3852/3852/3852 3840/3840/3840 
f 3842/3842/3842 3854/3854/3854 3853/3853/3853 3841/3841/3841 
f 3843/3843/3843 3855/3855/3855 3854/3854/3854 3842/3842/3842 
f 3844/3844/3844 3856/3856/3856 3855/3855/3855 3843/3843/3843 
f 3845/3845/3845 3857/3857/3857 3856/3856/3856 3844/3844/3844 
f 3846/3846/3846 3858/3858/3858 3857/3857/3857 3845/3845/3845 
f 3847/3847/3847 3859/3859/3859 3858/3858/3858 3846/3846/3846 
f 3836/3836/3836 3848/3848/3848 3859/3859/3859 3847/3847/3847 
f 3849/3849/3849 3861/3861/3861 3860/3860/3860 3848/3848/3848 
f 3850/3850/3850 3862/3862/3862 3861/3861/3861 3849/3849/3849 
f 3851/3851/3851 3863/3863/3863 3862/3862/3862 3850/3850/3850 
f 3852/3852/3852 3864/3864/3864 3863/3863/3863 3851/3851/3851 
f 3853/3853/3853 3865/3865/3865 3864/3864/3864 3852/3852/3852 
f 3854/3854/3854 3866/3866/3866 3865/3865/3865 3853/3853/3853 
f 3855/3855/3855 3867/3867/3867 3866/3866/3866 3854/3854/3854 
f 3856/3856/3856 3868/3868/3868 3867/3867/3867 3855/3855/3855 
f 3857/3857/3857 3869/3869/3869 3868/3868/3868 3856/3856/3856 
f 3858/3858/3858 3870/3870/3870 3869/3869/3869 3857/3857/3857 
f 3859/3859/3859 3871/3871/3871 3870/3870/3870 3858/3858/3858 
f 3848/3848/3848 3860/3860/3860 3871/3871/3871 3859/3859/3859 
f 3860/3860/3860 3861/3861/3861 3862/3862/3862 3872/3872/3872 
f 3862/3862/3862 3863/3863/3863 3864/3864/3864 3872/3872/3872 
f 3864/3864/3864 3865/3865/3865 3866/3866/3866 3872/3872/3872 
f 3866/3866/3866 3867/3867/3867 3868/3868/3868 3872/3872/3872 
f 3868/3868/3868 3869/3869/3869 3870/3870/3870 3872/3872/3872 
f 3870/3870/3870 3871/3871/3871 3860/3860/3860 3872/3872/3872 

g s.0044
usemap Cartoon_FFFFFF
usemtl Cartoon_FFFFFF
v -0.06328139 0.07485149 -0.03635959
v -0.06271521 0.07554816 -0.03648598
v -0.06193221 0.0759698 -0.03666213
v -0.06105161 0.07605222 -0.03686123
v -0.06020747 0.07578287 -0.03705295
v -0.05952829 0.07520275 -0.03720812
v -0.05911749 0.07440019 -0.03730311
v -0.05903759 0.07349735 -0.03732346
v -0.05930077 0.07263172 -0.03726606
v -0.05986696 0.07193505 -0.03713967
v -0.06064995 0.07151341 -0.03696352
v -0.06153055 0.071431 -0.03676443
v -0.0623747 0.07170035 -0.0365727
v -0.06305387 0.07228047 -0.03641753
v -0.06346468 0.07308303 -0.03632254
v -0.06354457 0.07398585 -0.03630219
v -0.06584911 0.07612319 -0.03713655
v -0.06463586 0.07761604 -0.03740739
v -0.06295801 0.07851956 -0.03778486
v -0.06107101 0.07869616 -0.03821149
v -0.05926213 0.07811898 -0.03862233
v -0.05780676 0.07687587 -0.03895484
v -0.05692646 0.07515609 -0.03915839
v -0.05675526 0.07322147 -0.03920199
v -0.05731921 0.07136653 -0.03907901
v -0.05853247 0.06987366 -0.03880817
v -0.06021031 0.06897015 -0.03843069
v -0.06209731 0.06879355 -0.03800407
v -0.06390619 0.06937073 -0.03759322
v -0.06536157 0.07061384 -0.03726072
v -0.06624186 0.07233362 -0.03705717
v -0.06641307 0.07426824 -0.03701357
v -0.06883168 0.07738593 -0.03986159
v -0.0669784 0.07966632 -0.0402753
v -0.06441545 0.08104646 -0.04085189
v -0.061533 0.08131623 -0.04150359
v -0.05876989 0.08043456 -0.04213116
v -0.05654678 0.07853568 -0.04263907
v -0.0552021 0.07590868 -0.04294999
v -0.05494059 0.07295349 -0.04301659
v -0.05580204 0.07012002 -0.04282874
v -0.05765531 0.06783964 -0.04241502
v -0.06021827 0.0664595 -0.04183843
v -0.06310071 0.06618974 -0.04118674
v -0.06586382 0.0670714 -0.04055917
v -0.06808694 0.06897028 -0.04005126
v -0.06943161 0.07159728 -0.03974033
v -0.06969313 0.07455246 -0.03967373
v -0.07015781 0.07772499 -0.04296383
v -0.06813572 0.08021309 -0.04341523
v -0.0653393 0.08171894 -0.04404435
v -0.0621943 0.08201329 -0.0447554
v -0.0591795 0.0810513 -0.04544013
v -0.05675388 0.07897946 -0.04599431
v -0.05528672 0.07611317 -0.04633356
v -0.05500138 0.0728888 -0.04640623
v -0.0559413 0.06979723 -0.04620126
v -0.05796339 0.06730912 -0.04574986
v -0.06075981 0.06580327 -0.04512074
v -0.06390481 0.06550892 -0.04440969
v -0.06691961 0.06647091 -0.04372496
v -0.06934523 0.06854275 -0.04317078
v -0.07081239 0.07140905 -0.04283153
v -0.07109773 0.07463341 -0.04275886
v -0.07029707 0.07740219 -0.04633635
v -0.0684438 0.07968257 -0.04675007
v -0.06588084 0.08106271 -0.04732667
v -0.0629984 0.08133247 -0.04797835
v -0.06023529 0.08045081 -0.04860592
v -0.05801217 0.07855193 -0.04911383
v -0.0566675 0.07592493 -0.04942476
v -0.05640598 0.07296975 -0.04949136
v -0.05726743 0.07013627 -0.04930351
v -0.05912071 0.06785589 -0.04888979
v -0.06168366 0.06647575 -0.04831319
v -0.06456611 0.06620599 -0.04766151
v -0.06732921 0.06708765 -0.04703394
v -0.06955233 0.06898653 -0.04652603
v -0.07089701 0.07161353 -0.0462151
v -0.07115853 0.07456871 -0.0461485
v -0.0687799 0.07615568 -0.05008608
v -0.06756665 0.07764855 -0.05035692
v -0.0658888 0.07855206 -0.05073439
v -0.0640018 0.07872866 -0.05116102
v -0.06219292 0.07815148 -0.05157187
v -0.06073754 0.07690837 -0.05190437
v -0.05985725 0.07518859 -0.05210792
v -0.05968604 0.07325397 -0.05215152
v -0.06025 0.07139903 -0.05202854
v -0.06146325 0.06990617 -0.0517577
v -0.0631411 0.06900265 -0.05138023
v -0.0650281 0.06882605 -0.0509536
v -0.06683698 0.06940323 -0.05054276
v -0.06829235 0.07064635 -0.05021025
v -0.06917265 0.07236612 -0.05000671
v -0.06934385 0.07430074 -0.0499631
v -0.06679834 0.07489049 -0.05189902
v -0.06623215 0.07558716 -0.05202542
v -0.06544916 0.0760088 -0.05220157
v -0.06456856 0.07609122 -0.05240066
v -0.06372441 0.07582186 -0.05259239
v -0.06304524 0.07524174 -0.05274756
v -0.06263443 0.07443918 -0.05284255
v -0.06255454 0.07353636 -0.0528629
v -0.06281772 0.07267072 -0.05280551
v -0.0633839 0.07197405 -0.05267911
v -0.0641669 0.07155241 -0.05250296
v -0.0650475 0.07146999 -0.05230387
v -0.06589165 0.07173935 -0.05211214
v -0.06657082 0.07231946 -0.05195697
v -0.06698162 0.07312202 -0.05186198
v -0.06706151 0.07402485 -0.05184164
v -0.06121781 0.0737408 -0.03648909
v -0.06488129 0.07378142 -0.052676

vn -0.0279381 0.1314005 0.9909356
vn 0.04029179 0.215355 0.9757042
vn 0.1346492 0.2661658 0.9544765
vn 0.2407689 0.2760977 0.930484
vn 0.3424952 0.2436382 0.9073794
vn 0.4243414 0.1737295 0.8886801
vn 0.4738466 0.07701414 0.8772333
vn 0.4834746 -0.03178371 0.8747811
vn 0.4517595 -0.1361005 0.8816972
vn 0.3835297 -0.2200549 0.8969285
vn 0.2891722 -0.2708657 0.9181564
vn 0.1830524 -0.2807975 0.9421489
vn 0.08132618 -0.2483382 0.9652534
vn -0.0005199154 -0.1784294 0.9839526
vn -0.05002529 -0.08171401 0.9953996
vn -0.05965329 0.02708371 0.9978517
vn -0.3373695 0.2846498 0.897305
vn -0.1911624 0.4645523 0.8646665
vn 0.01103193 0.5734328 0.8191783
vn 0.2384313 0.5947152 0.7677658
vn 0.4564164 0.5251595 0.7182559
vn 0.6318007 0.3753548 0.6781863
vn 0.7378837 0.1681077 0.653657
vn 0.7585151 -0.06503053 0.6484025
vn 0.6905541 -0.2885664 0.6632227
vn 0.5443471 -0.4684689 0.6958615
vn 0.3421526 -0.5773493 0.7413496
vn 0.114753 -0.5986317 0.7927622
vn -0.1032317 -0.529076 0.8422718
vn -0.2786161 -0.3792712 0.8823414
vn -0.3846991 -0.172024 0.9068706
vn -0.4053305 0.06111383 0.9121252
vn -0.6967939 0.4368222 0.5689153
vn -0.4734589 0.711628 0.5190591
vn -0.1646017 0.8779457 0.4495748
vn 0.182757 0.9104551 0.3710408
vn 0.5157348 0.8042068 0.2954133
vn 0.7836388 0.5753762 0.2342059
vn 0.9456832 0.258801 0.1967369
vn 0.9771982 -0.0973237 0.1887106
vn 0.8733861 -0.4387805 0.2113487
vn 0.6500512 -0.7135862 0.2612052
vn 0.3411938 -0.8799041 0.3306896
vn -0.006164867 -0.9124133 0.4092235
vn -0.3391424 -0.8061651 0.4848508
vn -0.6070465 -0.5773345 0.5460582
vn -0.769091 -0.2607589 0.5835272
vn -0.8006059 0.09536521 0.5915536
vn -0.8566035 0.4776804 0.1950686
vn -0.6129251 0.7775182 0.1406709
vn -0.2759342 0.9589859 0.06485718
vn 0.1030652 0.9944565 -0.02083036
vn 0.4663738 0.87853 -0.1033466
vn 0.758681 0.6288553 -0.1701293
vn 0.9354859 0.2834434 -0.2110114
vn 0.9698718 -0.1051205 -0.2197688
vn 0.8566034 -0.4776805 -0.1950686
vn 0.6129251 -0.7775182 -0.1406708
vn 0.2759341 -0.9589859 -0.06485713
vn -0.1030655 -0.9944564 0.02083046
vn -0.4663738 -0.8785301 0.1033467
vn -0.7586811 -0.6288552 0.1701294
vn -0.9354861 -0.2834431 0.2110114
vn -0.9698718 0.1051203 0.2197688
vn -0.8733861 0.4387804 -0.2113488
vn -0.6500512 0.7135862 -0.2612052
vn -0.341194 0.879904 -0.3306895
vn 0.006164513 0.9124135 -0.4092234
vn 0.3391424 0.8061651 -0.4848508
vn 0.6070464 0.5773345 -0.5460581
vn 0.7690909 0.2607593 -0.5835271
vn 0.800606 -0.09536537 -0.5915534
vn 0.6967938 -0.4368222 -0.5689154
vn 0.4734589 -0.711628 -0.5190591
vn 0.1646015 -0.8779458 -0.4495749
vn -0.1827573 -0.9104551 -0.3710407
vn -0.5157349 -0.8042068 -0.2954134
vn -0.7836389 -0.5753762 -0.2342059
vn -0.9456832 -0.2588007 -0.1967369
vn -0.9771983 0.09732343 -0.1887106
vn -0.6905541 0.2885663 -0.6632228
vn -0.5443471 0.4684689 -0.6958615
vn -0.3421527 0.5773494 -0.7413496
vn -0.1147533 0.5986317 -0.7927621
vn 0.1032317 0.5290761 -0.8422717
vn 0.2786161 0.3792713 -0.8823414
vn 0.3846991 0.1720242 -0.9068706
vn 0.4053305 -0.06111396 -0.9121252
vn 0.3373695 -0.2846499 -0.897305
vn 0.1911624 -0.4645523 -0.8646665
vn -0.01103199 -0.5734329 -0.8191783
vn -0.2384316 -0.5947152 -0.7677658
vn -0.4564164 -0.5251595 -0.7182559
vn -0.6318007 -0.3753547 -0.6781863
vn -0.7378837 -0.1681074 -0.653657
vn -0.7585151 0.0650304 -0.6484025
vn -0.4517595 0.1361005 -0.8816972
vn -0.3835297 0.2200549 -0.8969285
vn -0.2891722 0.2708657 -0.9181564
vn -0.1830525 0.2807975 -0.9421489
vn -0.0813262 0.2483383 -0.9652535
vn 0.0005199043 0.1784294 -0.9839526
vn 0.05002524 0.08171412 -0.9953996
vn 0.0596533 -0.02708378 -0.9978517
vn 0.02793806 -0.1314005 -0.9909356
vn -0.04029175 -0.215355 -0.9757042
vn -0.1346492 -0.2661659 -0.9544765
vn -0.2407691 -0.2760977 -0.9304839
vn -0.3424952 -0.2436382 -0.9073794
vn -0.4243414 -0.1737294 -0.8886802
vn -0.4738467 -0.07701404 -0.8772333
vn -0.4834747 0.03178358 -0.8747812
vn 0.2207403 -0.00244786 0.9753295
vn -0.2207403 0.00244786 -0.9753295

vt 0 0.125
vt 0.0625 0.125
vt 0.125 0.125
vt 0.1875 0.125
vt 0.25 0.125
vt 0.3125 0.125
vt 0.375 0.125
vt 0.4375 0.125
vt 0.5 0.125
vt 0.5625 0.125
vt 0.625 0.125
vt 0.6875 0.125
vt 0.75 0.125
vt 0.8125 0.125
vt 0.875 0.125
vt 0.9375 0.125
vt 0 0.25
vt 0.0625 0.25
vt 0.125 0.25
vt 0.1875 0.25
vt 0.25 0.25
vt 0.3125 0.25
vt 0.375 0.25
vt 0.4375 0.25
vt 0.5 0.25
vt 0.5625 0.25
vt 0.625 0.25
vt 0.6875 0.25
vt 0.75 0.25
vt 0.8125 0.25
vt 0.875 0.25
vt 0.9375 0.25
vt 0 0.375
vt 0.0625 0.375
vt 0.125 0.375
vt 0.1875 0.375
vt 0.25 0.375
vt 0.3125 0.375
vt 0.375 0.375
vt 0.4375 0.375
vt 0.5 0.375
vt 0.5625 0.375
vt 0.625 0.375
vt 0.6875 0.375
vt 0.75 0.375
vt 0.8125 0.375
vt 0.875 0.375
vt 0.9375 0.375
vt 0 0.5
vt 0.0625 0.5
vt 0.125 0.5
vt 0.1875 0.5
vt 0.25 0.5
vt 0.3125 0.5
vt 0.375 0.5
vt 0.4375 0.5
vt 0.5 0.5
vt 0.5625 0.5
vt 0.625 0.5
vt 0.6875 0.5
vt 0.75 0.5
vt 0.8125 0.5
vt 0.875 0.5
vt 0.9375 0.5
vt 0 0.625
vt 0.0625 0.625
vt 0.125 0.625
vt 0.1875 0.625
vt 0.25 0.625
vt 0.3125 0.625
vt 0.375 0.625
vt 0.4375 0.625
vt 0.5 0.625
vt 0.5625 0.625
vt 0.625 0.625
vt 0.6875 0.625
vt 0.75 0.625
vt 0.8125 0.625
vt 0.875 0.625
vt 0.9375 0.625
vt 0 0.75
vt 0.0625 0.75
vt 0.125 0.75
vt 0.1875 0.75
vt 0.25 0.75
vt 0.3125 0.75
vt 0.375 0.75
vt 0.4375 0.75
vt 0.5 0.75
vt 0.5625 0.75
vt 0.625 0.75
vt 0.6875 0.75
vt 0.75 0.75
vt 0.8125 0.75
vt 0.875 0.75
vt 0.9375 0.75
vt 0 0.875
vt 0.0625 0.875
vt 0.125 0.875
vt 0.1875 0.875
vt 0.25 0.875
vt 0.3125 0.875
vt 0.375 0.875
vt 0.4375 0.875
vt 0.5 0.875
vt 0.5625 0.875
vt 0.625 0.875
vt 0.6875 0.875
vt 0.75 0.875
vt 0.8125 0.875
vt 0.875 0.875
vt 0.9375 0.875
vt 0 0
vt 0 1

usemap Cartoon_FFFFFF
usemtl Cartoon_FFFFFF
f 3875/3875/3875 3874/3874/3874 3873/3873/3873 3985/3985/3985 
f 3877/3877/3877 3876/3876/3876 3875/3875/3875 3985/3985/3985 
f 3879/3879/3879 3878/3878/3878 3877/3877/3877 3985/3985/3985 
f 3881/3881/3881 3880/3880/3880 3879/3879/3879 3985/3985/3985 
f 3883/3883/3883 3882/3882/3882 3881/3881/3881 3985/3985/3985 
f 3885/3885/3885 3884/3884/3884 3883/3883/3883 3985/3985/3985 
f 3887/3887/3887 3886/3886/3886 3885/3885/3885 3985/3985/3985 
f 3873/3873/3873 3888/3888/3888 3887/3887/3887 3985/3985/3985 
f 3874/3874/3874 3890/3890/3890 3889/3889/3889 3873/3873/3873 
f 3875/3875/3875 3891/3891/3891 3890/3890/3890 3874/3874/3874 
f 3876/3876/3876 3892/3892/3892 3891/3891/3891 3875/3875/3875 
f 3877/3877/3877 3893/3893/3893 3892/3892/3892 3876/3876/3876 
f 3878/3878/3878 3894/3894/3894 3893/3893/3893 3877/3877/3877 
f 3879/3879/3879 3895/3895/3895 3894/3894/3894 3878/3878/3878 
f 3880/3880/3880 3896/3896/3896 3895/3895/3895 3879/3879/3879 
f 3881/3881/3881 3897/3897/3897 3896/3896/3896 3880/3880/3880 
f 3882/3882/3882 3898/3898/3898 3897/3897/3897 3881/3881/3881 
f 3883/3883/3883 3899/3899/3899 3898/3898/3898 3882/3882/3882 
f 3884/3884/3884 3900/3900/3900 3899/3899/3899 3883/3883/3883 
f 3885/3885/3885 3901/3901/3901 3900/3900/3900 3884/3884/3884 
f 3886/3886/3886 3902/3902/3902 3901/3901/3901 3885/3885/3885 
f 3887/3887/3887 3903/3903/3903 3902/3902/3902 3886/3886/3886 
f 3888/3888/3888 3904/3904/3904 3903/3903/3903 3887/3887/3887 
f 3873/3873/3873 3889/3889/3889 3904/3904/3904 3888/3888/3888 
f 3890/3890/3890 3906/3906/3906 3905/3905/3905 3889/3889/3889 
f 3891/3891/3891 3907/3907/3907 3906/3906/3906 3890/3890/3890 
f 3892/3892/3892 3908/3908/3908 3907/3907/3907 3891/3891/3891 
f 3893/3893/3893 3909/3909/3909 3908/3908/3908 3892/3892/3892 
f 3894/3894/3894 3910/3910/3910 3909/3909/3909 3893/3893/3893 
f 3895/3895/3895 3911/3911/3911 3910/3910/3910 3894/3894/3894 
f 3896/3896/3896 3912/3912/3912 3911/3911/3911 3895/3895/3895 
f 3897/3897/3897 3913/3913/3913 3912/3912/3912 3896/3896/3896 
f 3898/3898/3898 3914/3914/3914 3913/3913/3913 3897/3897/3897 
f 3899/3899/3899 3915/3915/3915 3914/3914/3914 3898/3898/3898 
f 3900/3900/3900 3916/3916/3916 3915/3915/3915 3899/3899/3899 
f 3901/3901/3901 3917/3917/3917 3916/3916/3916 3900/3900/3900 
f 3902/3902/3902 3918/3918/3918 3917/3917/3917 3901/3901/3901 
f 3903/3903/3903 3919/3919/3919 3918/3918/3918 3902/3902/3902 
f 3904/3904/3904 3920/3920/3920 3919/3919/3919 3903/3903/3903 
f 3889/3889/3889 3905/3905/3905 3920/3920/3920 3904/3904/3904 
f 3906/3906/3906 3922/3922/3922 3921/3921/3921 3905/3905/3905 
f 3907/3907/3907 3923/3923/3923 3922/3922/3922 3906/3906/3906 
f 3908/3908/3908 3924/3924/3924 3923/3923/3923 3907/3907/3907 
f 3909/3909/3909 3925/3925/3925 3924/3924/3924 3908/3908/3908 
f 3910/3910/3910 3926/3926/3926 3925/3925/3925 3909/3909/3909 
f 3911/3911/3911 3927/3927/3927 3926/3926/3926 3910/3910/3910 
f 3912/3912/3912 3928/3928/3928 3927/3927/3927 3911/3911/3911 
f 3913/3913/3913 3929/3929/3929 3928/3928/3928 3912/3912/3912 
f 3914/3914/3914 3930/3930/3930 3929/3929/3929 3913/3913/3913 
f 3915/3915/3915 3931/3931/3931 3930/3930/3930 3914/3914/3914 
f 3916/3916/3916 3932/3932/3932 3931/3931/3931 3915/3915/3915 
f 3917/3917/3917 3933/3933/3933 3932/3932/3932 3916/3916/3916 
f 3918/3918/3918 3934/3934/3934 3933/3933/3933 3917/3917/3917 
f 3919/3919/3919 3935/3935/3935 3934/3934/3934 3918/3918/3918 
f 3920/3920/3920 3936/3936/3936 3935/3935/3935 3919/3919/3919 
f 3905/3905/3905 3921/3921/3921 3936/3936/3936 3920/3920/3920 
f 3922/3922/3922 3938/3938/3938 3937/3937/3937 3921/3921/3921 
f 3923/3923/3923 3939/3939/3939 3938/3938/3938 3922/3922/3922 
f 3924/3924/3924 3940/3940/3940 3939/3939/3939 3923/3923/3923 
f 3925/3925/3925 3941/3941/3941 3940/3940/3940 3924/3924/3924 
f 3926/3926/3926 3942/3942/3942 3941/3941/3941 3925/3925/3925 
f 3927/3927/3927 3943/3943/3943 3942/3942/3942 3926/3926/3926 
f 3928/3928/3928 3944/3944/3944 3943/3943/3943 3927/3927/3927 
f 3929/3929/3929 3945/3945/3945 3944/3944/3944 3928/3928/3928 
f 3930/3930/3930 3946/3946/3946 3945/3945/3945 3929/3929/3929 
f 3931/3931/3931 3947/3947/3947 3946/3946/3946 3930/3930/3930 
f 3932/3932/3932 3948/3948/3948 3947/3947/3947 3931/3931/3931 
f 3933/3933/3933 3949/3949/3949 3948/3948/3948 3932/3932/3932 
f 3934/3934/3934 3950/3950/3950 3949/3949/3949 3933/3933/3933 
f 3935/3935/3935 3951/3951/3951 3950/3950/3950 3934/3934/3934 
f 3936/3936/3936 3952/3952/3952 3951/3951/3951 3935/3935/3935 
f 3921/3921/3921 3937/3937/3937 3952/3952/3952 3936/3936/3936 
f 3938/3938/3938 3954/3954/3954 3953/3953/3953 3937/3937/3937 
f 3939/3939/3939 3955/3955/3955 3954/3954/3954 3938/3938/3938 
f 3940/3940/3940 3956/3956/3956 3955/3955/3955 3939/3939/3939 
f 3941/3941/3941 3957/3957/3957 3956/3956/3956 3940/3940/3940 
f 3942/3942/3942 3958/3958/3958 3957/3957/3957 3941/3941/3941 
f 3943/3943/3943 3959/3959/3959 3958/3958/3958 3942/3942/3942 
f 3944/3944/3944 3960/3960/3960 3959/3959/3959 3943/3943/3943 
f 3945/3945/3945 3961/3961/3961 3960/3960/3960 3944/3944/3944 
f 3946/3946/3946 3962/3962/3962 3961/3961/3961 3945/3945/3945 
f 3947/3947/3947 3963/3963/3963 3962/3962/3962 3946/3946/3946 
f 3948/3948/3948 3964/3964/3964 3963/3963/3963 3947/3947/3947 
f 3949/3949/3949 3965/3965/3965 3964/3964/3964 3948/3948/3948 
f 3950/3950/3950 3966/3966/3966 3965/3965/3965 3949/3949/3949 
f 3951/3951/3951 3967/3967/3967 3966/3966/3966 3950/3950/3950 
f 3952/3952/3952 3968/3968/3968 3967/3967/3967 3951/3951/3951 
f 3937/3937/3937 3953/3953/3953 3968/3968/3968 3952/3952/3952 
f 3954/3954/3954 3970/3970/3970 3969/3969/3969 3953/3953/3953 
f 3955/3955/3955 3971/3971/3971 3970/3970/3970 3954/3954/3954 
f 3956/3956/3956 3972/3972/3972 3971/3971/3971 3955/3955/3955 
f 3957/3957/3957 3973/3973/3973 3972/3972/3972 3956/3956/3956 
f 3958/3958/3958 3974/3974/3974 3973/3973/3973 3957/3957/3957 
f 3959/3959/3959 3975/3975/3975 3974/3974/3974 3958/3958/3958 
f 3960/3960/3960 3976/3976/3976 3975/3975/3975 3959/3959/3959 
f 3961/3961/3961 3977/3977/3977 3976/3976/3976 3960/3960/3960 
f 3962/3962/3962 3978/3978/3978 3977/3977/3977 3961/3961/3961 
f 3963/3963/3963 3979/3979/3979 3978/3978/3978 3962/3962/3962 
f 3964/3964/3964 3980/3980/3980 3979/3979/3979 3963/3963/3963 
f 3965/3965/3965 3981/3981/3981 3980/3980/3980 3964/3964/3964 
f 3966/3966/3966 3982/3982/3982 3981/3981/3981 3965/3965/3965 
f 3967/3967/3967 3983/3983/3983 3982/3982/3982 3966/3966/3966 
f 3968/3968/3968 3984/3984/3984 3983/3983/3983 3967/3967/3967 
f 3953/3953/3953 3969/3969/3969 3984/3984/3984 3968/3968/3968 
f 3969/3969/3969 3970/3970/3970 3971/3971/3971 3986/3986/3986 
f 3971/3971/3971 3972/3972/3972 3973/3973/3973 3986/3986/3986 
f 3973/3973/3973 3974/3974/3974 3975/3975/3975 3986/3986/3986 
f 3975/3975/3975 3976/3976/3976 3977/3977/3977 3986/3986/3986 
f 3977/3977/3977 3978/3978/3978 3979/3979/3979 3986/3986/3986 
f 3979/3979/3979 3980/3980/3980 3981/3981/3981 3986/3986/3986 
f 3981/3981/3981 3982/3982/3982 3983/3983/3983 3986/3986/3986 
f 3983/3983/3983 3984/3984/3984 3969/3969/3969 3986/3986/3986 

g s.0045
usemap Cartoon_FFFFFF
usemtl Cartoon_FFFFFF
v -0.06902669 0.06978557 -0.01386505
v -0.06845855 0.07048838 -0.01393688
v -0.06767177 0.07091942 -0.01406754
v -0.06678613 0.07101306 -0.01423715
v -0.06593647 0.07075504 -0.01441988
v -0.06525213 0.07018466 -0.01458791
v -0.06483731 0.06938874 -0.01471567
v -0.06475514 0.06848846 -0.01478369
v -0.06501816 0.06762087 -0.01478164
v -0.06558631 0.06691805 -0.01470981
v -0.06637309 0.06648702 -0.01457915
v -0.06725872 0.06639338 -0.01440954
v -0.06810839 0.0666514 -0.01422681
v -0.06879272 0.06722178 -0.01405878
v -0.06920755 0.0680177 -0.01393102
v -0.06928971 0.06891798 -0.01386299
v -0.07157425 0.07109736 -0.01464174
v -0.07035679 0.07260338 -0.01479566
v -0.06867083 0.07352702 -0.01507565
v -0.06677303 0.07372768 -0.01543909
v -0.06495233 0.0731748 -0.01583065
v -0.06348589 0.07195254 -0.01619073
v -0.06259698 0.070247 -0.01646449
v -0.06242093 0.06831782 -0.01661026
v -0.06298453 0.06645871 -0.01660586
v -0.06420198 0.06495269 -0.01645194
v -0.06588794 0.06402904 -0.01617195
v -0.06778574 0.06382839 -0.01580851
v -0.06960645 0.06438127 -0.01541694
v -0.07107288 0.06560352 -0.01505687
v -0.07196179 0.06730907 -0.01478311
v -0.07213785 0.06923825 -0.01463734
v -0.07448228 0.0725079 -0.01737482
v -0.0726226 0.07480839 -0.01760993
v -0.07004724 0.07621928 -0.01803762
v -0.06714831 0.07652579 -0.01859279
v -0.06436714 0.07568125 -0.01919092
v -0.06212712 0.07381422 -0.01974094
v -0.06076929 0.07120897 -0.02015911
v -0.06050036 0.06826209 -0.02038179
v -0.06136128 0.06542224 -0.02037506
v -0.06322096 0.06312176 -0.02013995
v -0.06579632 0.06171087 -0.01971225
v -0.06869525 0.06140436 -0.01915708
v -0.07147642 0.06224891 -0.01855896
v -0.07371644 0.06411593 -0.01800894
v -0.07507427 0.06672119 -0.01759076
v -0.07534321 0.06966805 -0.01736809
v -0.07572228 0.07301766 -0.02048931
v -0.07369319 0.0755277 -0.02074584
v -0.07088325 0.07706711 -0.02121249
v -0.06772026 0.07740153 -0.02181823
v -0.06468574 0.07648006 -0.02247084
v -0.06224168 0.07444297 -0.02307096
v -0.06076017 0.0716004 -0.02352723
v -0.06046674 0.0683851 -0.02377019
v -0.06140608 0.06528657 -0.02376284
v -0.06343517 0.06277654 -0.02350632
v -0.0662451 0.06123713 -0.02303966
v -0.0694081 0.0609027 -0.02243392
v -0.07244261 0.06182418 -0.02178132
v -0.07488667 0.06386127 -0.0211812
v -0.07636818 0.06670383 -0.02072493
v -0.07666161 0.06991913 -0.02048197
v -0.07576708 0.07288199 -0.0238771
v -0.07390739 0.07518248 -0.02411221
v -0.07133204 0.07659336 -0.0245399
v -0.06843311 0.07689987 -0.02509507
v -0.06565193 0.07605533 -0.0256932
v -0.06341191 0.07418831 -0.02624321
v -0.06205408 0.07158305 -0.02666139
v -0.06178515 0.06863617 -0.02688407
v -0.06264607 0.06579633 -0.02687734
v -0.06450576 0.06349584 -0.02664223
v -0.06708111 0.06208495 -0.02621453
v -0.06998004 0.06177844 -0.02565936
v -0.07276122 0.06262299 -0.02506124
v -0.07500123 0.06449001 -0.02451122
v -0.07635906 0.06709527 -0.02409304
v -0.07662799 0.07004214 -0.02387037
v -0.07414383 0.07184552 -0.0276463
v -0.07292637 0.07335155 -0.02780021
v -0.07124041 0.0742752 -0.02808021
v -0.06934261 0.07447585 -0.02844365
v -0.06752191 0.07392296 -0.02883521
v -0.06605547 0.07270071 -0.02919528
v -0.06516656 0.07099517 -0.02946905
v -0.06499051 0.06906599 -0.02961482
v -0.06555411 0.06720687 -0.02961042
v -0.06677156 0.06570085 -0.0294565
v -0.06845752 0.0647772 -0.02917651
v -0.07035532 0.06457655 -0.02881306
v -0.07217602 0.06512944 -0.0284215
v -0.07364246 0.06635169 -0.02806143
v -0.07453138 0.06805723 -0.02778767
v -0.07470743 0.06998641 -0.02764189
v -0.07211019 0.07068337 -0.02947052
v -0.07154205 0.07138618 -0.02954235
v -0.07075527 0.07181721 -0.02967301
v -0.06986963 0.07191085 -0.02984262
v -0.06901997 0.07165284 -0.03002534
v -0.06833563 0.07108246 -0.03019338
v -0.0679208 0.07028653 -0.03032113
v -0.06783865 0.06938625 -0.03038916
v -0.06810166 0.06851866 -0.03038711
v -0.0686698 0.06781586 -0.03031528
v -0.06945658 0.06738482 -0.03018462
v -0.07034223 0.06729118 -0.03001501
v -0.07119188 0.06754919 -0.02983228
v -0.07187623 0.06811958 -0.02966425
v -0.07229105 0.06891549 -0.02953649
v -0.07237321 0.06981578 -0.02946846
v -0.06695819 0.06868451 -0.01399823
v -0.07017016 0.06961972 -0.03025393

vn -0.05573711 0.07633641 0.995523
vn 0.01272908 0.1610307 0.9868673
vn 0.1075428 0.212974 0.9711214
vn 0.2142695 0.2242583 0.9506823
vn 0.3166611 0.1931656 0.9286619
vn 0.3991292 0.1244296 0.9084124
vn 0.4491189 0.02851477 0.8930169
vn 0.4590199 -0.07997698 0.8848189
vn 0.4273246 -0.1845284 0.8850667
vn 0.3588584 -0.2692228 0.8937224
vn 0.2640446 -0.3211661 0.9094684
vn 0.1573179 -0.3324503 0.9299075
vn 0.05492637 -0.3013576 0.9519278
vn -0.02754181 -0.2326216 0.9721773
vn -0.07753154 -0.1367067 0.9875728
vn -0.08743244 -0.02821508 0.9957708
vn -0.362738 0.234418 0.9019254
vn -0.2160247 0.4159058 0.8833774
vn -0.01285241 0.527213 0.849636
vn 0.2158478 0.5513934 0.805838
vn 0.4352582 0.4847663 0.7586514
vn 0.6119757 0.3374749 0.7152597
vn 0.7190965 0.131943 0.6822692
vn 0.7403127 -0.1005391 0.6647021
vn 0.6723942 -0.324578 0.6652331
vn 0.525681 -0.506066 0.6837811
vn 0.3225087 -0.617373 0.7175226
vn 0.09380847 -0.6415535 0.7613206
vn -0.1256018 -0.5749265 0.808507
vn -0.3023193 -0.4276349 0.8518987
vn -0.4094403 -0.222103 0.8848892
vn -0.4306565 0.01037892 0.9024563
vn -0.7131816 0.4044004 0.5725665
vn -0.4890733 0.6816279 0.544234
vn -0.1787224 0.8516524 0.492693
vn 0.170623 0.8885888 0.4257906
vn 0.5057783 0.7868141 0.3537117
vn 0.7757186 0.5618225 0.28743
vn 0.9393486 0.2478672 0.237036
vn 0.9717569 -0.1072553 0.2102019
vn 0.8680097 -0.4494805 0.211013
vn 0.6439015 -0.726708 0.2393457
vn 0.3335505 -0.8967324 0.2908866
vn -0.01579507 -0.9336689 0.357789
vn -0.35095 -0.8318942 0.4298678
vn -0.6208905 -0.6069025 0.4961495
vn -0.7845204 -0.292947 0.5465434
vn -0.8169287 0.06217501 0.5733775
vn -0.8626107 0.4658302 0.1972436
vn -0.6180885 0.7683104 0.1663302
vn -0.2794679 0.9538223 0.1100945
vn 0.1016993 0.9941232 0.0370979
vn 0.4673836 0.8830779 -0.04154655
vn 0.7619128 0.6375919 -0.1138659
vn 0.9404477 0.2950386 -0.1688501
vn 0.9758081 -0.0924319 -0.1981285
vn 0.8626107 -0.4658303 -0.1972437
vn 0.6180885 -0.7683103 -0.1663303
vn 0.2794678 -0.9538223 -0.1100944
vn -0.1016996 -0.9941232 -0.03709787
vn -0.4673835 -0.8830779 0.04154655
vn -0.7619129 -0.6375918 0.1138659
vn -0.9404477 -0.2950383 0.1688502
vn -0.9758081 0.0924317 0.1981286
vn -0.8680097 0.4494804 -0.211013
vn -0.6439015 0.726708 -0.2393457
vn -0.3335506 0.8967324 -0.2908865
vn 0.01579485 0.9336689 -0.3577891
vn 0.35095 0.8318942 -0.4298678
vn 0.6208905 0.6069027 -0.4961495
vn 0.7845204 0.2929473 -0.5465433
vn 0.8169287 -0.06217519 -0.5733775
vn 0.7131816 -0.4044005 -0.5725666
vn 0.4890733 -0.6816279 -0.544234
vn 0.1787222 -0.8516524 -0.4926932
vn -0.1706233 -0.8885888 -0.4257905
vn -0.5057783 -0.7868141 -0.3537118
vn -0.7757187 -0.5618225 -0.28743
vn -0.9393486 -0.247867 -0.2370359
vn -0.9717569 0.1072551 -0.2102019
vn -0.6723943 0.3245781 -0.6652331
vn -0.525681 0.506066 -0.6837813
vn -0.3225088 0.617373 -0.7175226
vn -0.09380865 0.6415535 -0.7613206
vn 0.1256018 0.5749265 -0.8085071
vn 0.3023193 0.427635 -0.8518987
vn 0.4094402 0.2221032 -0.8848892
vn 0.4306565 -0.01037901 -0.9024563
vn 0.3627379 -0.234418 -0.9019254
vn 0.2160247 -0.4159059 -0.8833774
vn 0.01285236 -0.527213 -0.849636
vn -0.2158479 -0.5513936 -0.805838
vn -0.4352582 -0.4847664 -0.7586513
vn -0.6119757 -0.3374748 -0.7152597
vn -0.7190967 -0.1319429 -0.6822691
vn -0.7403128 0.1005391 -0.6647021
vn -0.4273246 0.1845284 -0.8850667
vn -0.3588584 0.2692228 -0.8937224
vn -0.2640447 0.3211661 -0.9094684
vn -0.157318 0.3324503 -0.9299075
vn -0.05492637 0.3013576 -0.9519278
vn 0.02754179 0.2326216 -0.9721772
vn 0.07753146 0.1367068 -0.9875728
vn 0.08743241 0.02821507 -0.9957708
vn 0.05573709 -0.07633641 -0.995523
vn -0.01272905 -0.1610307 -0.9868673
vn -0.1075429 -0.212974 -0.9711213
vn -0.2142696 -0.2242582 -0.9506823
vn -0.3166611 -0.1931656 -0.9286619
vn -0.3991292 -0.1244296 -0.9084124
vn -0.4491189 -0.02851467 -0.8930169
vn -0.4590199 0.07997697 -0.8848189
vn 0.1935351 -0.05635003 0.9794737
vn -0.1935351 0.05635003 -0.9794737

vt 0 0.125
vt 0.0625 0.125
vt 0.125 0.125
vt 0.1875 0.125
vt 0.25 0.125
vt 0.3125 0.125
vt 0.375 0.125
vt 0.4375 0.125
vt 0.5 0.125
vt 0.5625 0.125
vt 0.625 0.125
vt 0.6875 0.125
vt 0.75 0.125
vt 0.8125 0.125
vt 0.875 0.125
vt 0.9375 0.125
vt 0 0.25
vt 0.0625 0.25
vt 0.125 0.25
vt 0.1875 0.25
vt 0.25 0.25
vt 0.3125 0.25
vt 0.375 0.25
vt 0.4375 0.25
vt 0.5 0.25
vt 0.5625 0.25
vt 0.625 0.25
vt 0.6875 0.25
vt 0.75 0.25
vt 0.8125 0.25
vt 0.875 0.25
vt 0.9375 0.25
vt 0 0.375
vt 0.0625 0.375
vt 0.125 0.375
vt 0.1875 0.375
vt 0.25 0.375
vt 0.3125 0.375
vt 0.375 0.375
vt 0.4375 0.375
vt 0.5 0.375
vt 0.5625 0.375
vt 0.625 0.375
vt 0.6875 0.375
vt 0.75 0.375
vt 0.8125 0.375
vt 0.875 0.375
vt 0.9375 0.375
vt 0 0.5
vt 0.0625 0.5
vt 0.125 0.5
vt 0.1875 0.5
vt 0.25 0.5
vt 0.3125 0.5
vt 0.375 0.5
vt 0.4375 0.5
vt 0.5 0.5
vt 0.5625 0.5
vt 0.625 0.5
vt 0.6875 0.5
vt 0.75 0.5
vt 0.8125 0.5
vt 0.875 0.5
vt 0.9375 0.5
vt 0 0.625
vt 0.0625 0.625
vt 0.125 0.625
vt 0.1875 0.625
vt 0.25 0.625
vt 0.3125 0.625
vt 0.375 0.625
vt 0.4375 0.625
vt 0.5 0.625
vt 0.5625 0.625
vt 0.625 0.625
vt 0.6875 0.625
vt 0.75 0.625
vt 0.8125 0.625
vt 0.875 0.625
vt 0.9375 0.625
vt 0 0.75
vt 0.0625 0.75
vt 0.125 0.75
vt 0.1875 0.75
vt 0.25 0.75
vt 0.3125 0.75
vt 0.375 0.75
vt 0.4375 0.75
vt 0.5 0.75
vt 0.5625 0.75
vt 0.625 0.75
vt 0.6875 0.75
vt 0.75 0.75
vt 0.8125 0.75
vt 0.875 0.75
vt 0.9375 0.75
vt 0 0.875
vt 0.0625 0.875
vt 0.125 0.875
vt 0.1875 0.875
vt 0.25 0.875
vt 0.3125 0.875
vt 0.375 0.875
vt 0.4375 0.875
vt 0.5 0.875
vt 0.5625 0.875
vt 0.625 0.875
vt 0.6875 0.875
vt 0.75 0.875
vt 0.8125 0.875
vt 0.875 0.875
vt 0.9375 0.875
vt 0 0
vt 0 1

usemap Cartoon_FFFFFF
usemtl Cartoon_FFFFFF
f 3989/3989/3989 3988/3988/3988 3987/3987/3987 4099/4099/4099 
f 3991/3991/3991 3990/3990/3990 3989/3989/3989 4099/4099/4099 
f 3993/3993/3993 3992/3992/3992 3991/3991/3991 4099/4099/4099 
f 3995/3995/3995 3994/3994/3994 3993/3993/3993 4099/4099/4099 
f 3997/3997/3997 3996/3996/3996 3995/3995/3995 4099/4099/4099 
f 3999/3999/3999 3998/3998/3998 3997/3997/3997 4099/4099/4099 
f 4001/4001/4001 4000/4000/4000 3999/3999/3999 4099/4099/4099 
f 3987/3987/3987 4002/4002/4002 4001/4001/4001 4099/4099/4099 
f 3988/3988/3988 4004/4004/4004 4003/4003/4003 3987/3987/3987 
f 3989/3989/3989 4005/4005/4005 4004/4004/4004 3988/3988/3988 
f 3990/3990/3990 4006/4006/4006 4005/4005/4005 3989/3989/3989 
f 3991/3991/3991 4007/4007/4007 4006/4006/4006 3990/3990/3990 
f 3992/3992/3992 4008/4008/4008 4007/4007/4007 3991/3991/3991 
f 3993/3993/3993 4009/4009/4009 4008/4008/4008 3992/3992/3992 
f 3994/3994/3994 4010/4010/4010 4009/4009/4009 3993/3993/3993 
f 3995/3995/3995 4011/4011/4011 4010/4010/4010 3994/3994/3994 
f 3996/3996/3996 4012/4012/4012 4011/4011/4011 3995/3995/3995 
f 3997/3997/3997 4013/4013/4013 4012/4012/4012 3996/3996/3996 
f 3998/3998/3998 4014/4014/4014 4013/4013/4013 3997/3997/3997 
f 3999/3999/3999 4015/4015/4015 4014/4014/4014 3998/3998/3998 
f 4000/4000/4000 4016/4016/4016 4015/4015/4015 3999/3999/3999 
f 4001/4001/4001 4017/4017/4017 4016/4016/4016 4000/4000/4000 
f 4002/4002/4002 4018/4018/4018 4017/4017/4017 4001/4001/4001 
f 3987/3987/3987 4003/4003/4003 4018/4018/4018 4002/4002/4002 
f 4004/4004/4004 4020/4020/4020 4019/4019/4019 4003/4003/4003 
f 4005/4005/4005 4021/4021/4021 4020/4020/4020 4004/4004/4004 
f 4006/4006/4006 4022/4022/4022 4021/4021/4021 4005/4005/4005 
f 4007/4007/4007 4023/4023/4023 4022/4022/4022 4006/4006/4006 
f 4008/4008/4008 4024/4024/4024 4023/4023/4023 4007/4007/4007 
f 4009/4009/4009 4025/4025/4025 4024/4024/4024 4008/4008/4008 
f 4010/4010/4010 4026/4026/4026 4025/4025/4025 4009/4009/4009 
f 4011/4011/4011 4027/4027/4027 4026/4026/4026 4010/4010/4010 
f 4012/4012/4012 4028/4028/4028 4027/4027/4027 4011/4011/4011 
f 4013/4013/4013 4029/4029/4029 4028/4028/4028 4012/4012/4012 
f 4014/4014/4014 4030/4030/4030 4029/4029/4029 4013/4013/4013 
f 4015/4015/4015 4031/4031/4031 4030/4030/4030 4014/4014/4014 
f 4016/4016/4016 4032/4032/4032 4031/4031/4031 4015/4015/4015 
f 4017/4017/4017 4033/4033/4033 4032/4032/4032 4016/4016/4016 
f 4018/4018/4018 4034/4034/4034 4033/4033/4033 4017/4017/4017 
f 4003/4003/4003 4019/4019/4019 4034/4034/4034 4018/4018/4018 
f 4020/4020/4020 4036/4036/4036 4035/4035/4035 4019/4019/4019 
f 4021/4021/4021 4037/4037/4037 4036/4036/4036 4020/4020/4020 
f 4022/4022/4022 4038/4038/4038 4037/4037/4037 4021/4021/4021 
f 4023/4023/4023 4039/4039/4039 4038/4038/4038 4022/4022/4022 
f 4024/4024/4024 4040/4040/4040 4039/4039/4039 4023/4023/4023 
f 4025/4025/4025 4041/4041/4041 4040/4040/4040 4024/4024/4024 
f 4026/4026/4026 4042/4042/4042 4041/4041/4041 4025/4025/4025 
f 4027/4027/4027 4043/4043/4043 4042/4042/4042 4026/4026/4026 
f 4028/4028/4028 4044/4044/4044 4043/4043/4043 4027/4027/4027 
f 4029/4029/4029 4045/4045/4045 4044/4044/4044 4028/4028/4028 
f 4030/4030/4030 4046/4046/4046 4045/4045/4045 4029/4029/4029 
f 4031/4031/4031 4047/4047/4047 4046/4046/4046 4030/4030/4030 
f 4032/4032/4032 4048/4048/4048 4047/4047/4047 4031/4031/4031 
f 4033/4033/4033 4049/4049/4049 4048/4048/4048 4032/4032/4032 
f 4034/4034/4034 4050/4050/4050 4049/4049/4049 4033/4033/4033 
f 4019/4019/4019 4035/4035/4035 4050/4050/4050 4034/4034/4034 
f 4036/4036/4036 4052/4052/4052 4051/4051/4051 4035/4035/4035 
f 4037/4037/4037 4053/4053/4053 4052/4052/4052 4036/4036/4036 
f 4038/4038/4038 4054/4054/4054 4053/4053/4053 4037/4037/4037 
f 4039/4039/4039 4055/4055/4055 4054/4054/4054 4038/4038/4038 
f 4040/4040/4040 4056/4056/4056 4055/4055/4055 4039/4039/4039 
f 4041/4041/4041 4057/4057/4057 4056/4056/4056 4040/4040/4040 
f 4042/4042/4042 4058/4058/4058 4057/4057/4057 4041/4041/4041 
f 4043/4043/4043 4059/4059/4059 4058/4058/4058 4042/4042/4042 
f 4044/4044/4044 4060/4060/4060 4059/4059/4059 4043/4043/4043 
f 4045/4045/4045 4061/4061/4061 4060/4060/4060 4044/4044/4044 
f 4046/4046/4046 4062/4062/4062 4061/4061/4061 4045/4045/4045 
f 4047/4047/4047 4063/4063/4063 4062/4062/4062 4046/4046/4046 
f 4048/4048/4048 4064/4064/4064 4063/4063/4063 4047/4047/4047 
f 4049/4049/4049 4065/4065/4065 4064/4064/4064 4048/4048/4048 
f 4050/4050/4050 4066/4066/4066 4065/4065/4065 4049/4049/4049 
f 4035/4035/4035 4051/4051/4051 4066/4066/4066 4050/4050/4050 
f 4052/4052/4052 4068/4068/4068 4067/4067/4067 4051/4051/4051 
f 4053/4053/4053 4069/4069/4069 4068/4068/4068 4052/4052/4052 
f 4054/4054/4054 4070/4070/4070 4069/4069/4069 4053/4053/4053 
f 4055/4055/4055 4071/4071/4071 4070/4070/4070 4054/4054/4054 
f 4056/4056/4056 4072/4072/4072 4071/4071/4071 4055/4055/4055 
f 4057/4057/4057 4073/4073/4073 4072/4072/4072 4056/4056/4056 
f 4058/4058/4058 4074/4074/4074 4073/4073/4073 4057/4057/4057 
f 4059/4059/4059 4075/4075/4075 4074/4074/4074 4058/4058/4058 
f 4060/4060/4060 4076/4076/4076 4075/4075/4075 4059/4059/4059 
f 4061/4061/4061 4077/4077/4077 4076/4076/4076 4060/4060/4060 
f 4062/4062/4062 4078/4078/4078 4077/4077/4077 4061/4061/4061 
f 4063/4063/4063 4079/4079/4079 4078/4078/4078 4062/4062/4062 
f 4064/4064/4064 4080/4080/4080 4079/4079/4079 4063/4063/4063 
f 4065/4065/4065 4081/4081/4081 4080/4080/4080 4064/4064/4064 
f 4066/4066/4066 4082/4082/4082 4081/4081/4081 4065/4065/4065 
f 4051/4051/4051 4067/4067/4067 4082/4082/4082 4066/4066/4066 
f 4068/4068/4068 4084/4084/4084 4083/4083/4083 4067/4067/4067 
f 4069/4069/4069 4085/4085/4085 4084/4084/4084 4068/4068/4068 
f 4070/4070/4070 4086/4086/4086 4085/4085/4085 4069/4069/4069 
f 4071/4071/4071 4087/4087/4087 4086/4086/4086 4070/4070/4070 
f 4072/4072/4072 4088/4088/4088 4087/4087/4087 4071/4071/4071 
f 4073/4073/4073 4089/4089/4089 4088/4088/4088 4072/4072/4072 
f 4074/4074/4074 4090/4090/4090 4089/4089/4089 4073/4073/4073 
f 4075/4075/4075 4091/4091/4091 4090/4090/4090 4074/4074/4074 
f 4076/4076/4076 4092/4092/4092 4091/4091/4091 4075/4075/4075 
f 4077/4077/4077 4093/4093/4093 4092/4092/4092 4076/4076/4076 
f 4078/4078/4078 4094/4094/4094 4093/4093/4093 4077/4077/4077 
f 4079/4079/4079 4095/4095/4095 4094/4094/4094 4078/4078/4078 
f 4080/4080/4080 4096/4096/4096 4095/4095/4095 4079/4079/4079 
f 4081/4081/4081 4097/4097/4097 4096/4096/4096 4080/4080/4080 
f 4082/4082/4082 4098/4098/4098 4097/4097/4097 4081/4081/4081 
f 4067/4067/4067 4083/4083/4083 4098/4098/4098 4082/4082/4082 
f 4083/4083/4083 4084/4084/4084 4085/4085/4085 4100/4100/4100 
f 4085/4085/4085 4086/4086/4086 4087/4087/4087 4100/4100/4100 
f 4087/4087/4087 4088/4088/4088 4089/4089/4089 4100/4100/4100 
f 4089/4089/4089 4090/4090/4090 4091/4091/4091 4100/4100/4100 
f 4091/4091/4091 4092/4092/4092 4093/4093/4093 4100/4100/4100 
f 4093/4093/4093 4094/4094/4094 4095/4095/4095 4100/4100/4100 
f 4095/4095/4095 4096/4096/4096 4097/4097/4097 4100/4100/4100 
f 4097/4097/4097 4098/4098/4098 4083/4083/4083 4100/4100/4100 

g s.0046
usemap Cartoon_FFFFFF
usemtl Cartoon_FFFFFF
v -0.06978709 0.06749772 0.009894164
v -0.06922732 0.06821059 0.009874661
v -0.06844366 0.06865802 0.009787739
v -0.0675554 0.06877191 0.009646624
v -0.06669778 0.06853493 0.009472803
v -0.06600136 0.06798315 0.009292738
v -0.06557216 0.06720056 0.009133842
v -0.06547554 0.06630633 0.009020306
v -0.06572619 0.06543657 0.008969415
v -0.06628596 0.06472372 0.008988916
v -0.06706963 0.06427628 0.009075841
v -0.06795789 0.06416238 0.009216956
v -0.06881551 0.06439936 0.009390777
v -0.06951193 0.06495115 0.009570842
v -0.06994112 0.06573373 0.009729737
v -0.07003774 0.06662797 0.009843274
v -0.07233235 0.06881642 0.009121649
v -0.07113285 0.07034397 0.009079862
v -0.06945356 0.07130276 0.008893594
v -0.06755015 0.07154682 0.008591207
v -0.06571238 0.07103901 0.008218734
v -0.06422006 0.06985661 0.007832879
v -0.06330036 0.06817964 0.007492388
v -0.0630933 0.06626342 0.007249097
v -0.06363042 0.06439966 0.007140045
v -0.06482992 0.0628721 0.007181833
v -0.06650921 0.06191331 0.0073681
v -0.06841262 0.06166925 0.007670489
v -0.07025038 0.06217707 0.008042963
v -0.07174271 0.06335947 0.008428816
v -0.07266241 0.06503643 0.008769306
v -0.07286946 0.06695265 0.009012597
v -0.07518945 0.07033361 0.006391967
v -0.07335717 0.07266699 0.006328133
v -0.07079202 0.07413157 0.006043606
v -0.06788451 0.07450438 0.005581701
v -0.06507728 0.07372867 0.005012738
v -0.06279772 0.07192253 0.004423337
v -0.06139285 0.06936093 0.003903229
v -0.06107657 0.06643385 0.003531595
v -0.06189702 0.06358691 0.003365015
v -0.06372929 0.06125353 0.003428848
v -0.06629445 0.05978895 0.003713374
v -0.06920196 0.05941613 0.004175281
v -0.07200918 0.06019184 0.004744244
v -0.07428875 0.06199799 0.005333645
v -0.07569361 0.06455959 0.005853753
v -0.0760099 0.06748667 0.006225386
v -0.0763567 0.07099311 0.003277471
v -0.07435752 0.07353903 0.003207825
v -0.07155871 0.07513702 0.002897379
v -0.06838636 0.07554379 0.002393399
v -0.06532343 0.07469742 0.00177261
v -0.06283621 0.07272676 0.00112952
v -0.06130338 0.06993183 0.0005620361
v -0.06095829 0.06673811 0.0001565508
v -0.06185348 0.06363185 -2.520357E-05
v -0.06385265 0.06108592 4.444295E-05
v -0.06665146 0.05948794 0.0003548882
v -0.06982382 0.05908116 0.0008588687
v -0.07288675 0.05992753 0.001479658
v -0.07537396 0.0618982 0.002122748
v -0.07690679 0.06469314 0.002690232
v -0.07725188 0.06788684 0.003095718
v -0.07631315 0.07103805 -0.0001127471
v -0.07448088 0.07337143 -0.0001765803
v -0.07191573 0.07483601 -0.0004611069
v -0.06900822 0.07520883 -0.0009230122
v -0.06620099 0.07443311 -0.001491976
v -0.06392143 0.07262697 -0.002081377
v -0.06251656 0.07006537 -0.002601484
v -0.06220028 0.06713828 -0.002973118
v -0.06302073 0.06429135 -0.003139699
v -0.06485301 0.06195797 -0.003075865
v -0.06741816 0.06049339 -0.002791339
v -0.07032567 0.06012058 -0.002329432
v -0.07313289 0.06089629 -0.00176047
v -0.07541246 0.06270243 -0.001171069
v -0.07681732 0.06526403 -0.000650961
v -0.0771336 0.06819111 -0.0002793274
v -0.07457976 0.0702253 -0.003887777
v -0.07338026 0.07175285 -0.003929565
v -0.07170098 0.07271165 -0.004115832
v -0.06979756 0.07295571 -0.00441822
v -0.0679598 0.07244789 -0.004790694
v -0.06646747 0.07126549 -0.005176547
v -0.06554777 0.06958853 -0.005517039
v -0.06534072 0.0676723 -0.00576033
v -0.06587783 0.06580854 -0.005869381
v -0.06707733 0.06428099 -0.005827594
v -0.06875663 0.06332219 -0.005641327
v -0.07066003 0.06307814 -0.005338938
v -0.07249779 0.06358595 -0.004966465
v -0.07399012 0.06476835 -0.004580611
v -0.07490982 0.06644531 -0.004240121
v -0.07511687 0.06836154 -0.00399683
v -0.07248399 0.06918839 -0.005717148
v -0.07192422 0.06990124 -0.005736648
v -0.07114055 0.07034868 -0.005823573
v -0.07025229 0.07046258 -0.005964688
v -0.06939467 0.0702256 -0.006138509
v -0.06869825 0.06967381 -0.006318574
v -0.06826906 0.06889123 -0.00647747
v -0.06817243 0.06799699 -0.006591006
v -0.06842308 0.06712724 -0.006641896
v -0.06898285 0.06641437 -0.006622394
v -0.06976652 0.06596693 -0.00653547
v -0.07065478 0.06585304 -0.006394356
v -0.0715124 0.06609003 -0.006220535
v -0.07220882 0.06664181 -0.00604047
v -0.07263801 0.06742439 -0.005881574
v -0.07273464 0.06831863 -0.005768038
v -0.06770045 0.06643192 0.009757027
v -0.07050972 0.06819303 -0.006504759

vn -0.0821868 0.02232348 0.9963669
vn -0.01473004 0.1082289 0.9940169
vn 0.07970835 0.1621487 0.9835417
vn 0.1867508 0.1758742 0.9665362
vn 0.2901013 0.1473157 0.9455894
vn 0.3740255 0.08082104 0.92389
vn 0.4257468 -0.01348654 0.9047419
vn 0.437391 -0.1212497 0.8910598
vn 0.4071855 -0.2260623 0.884927
vn 0.3397288 -0.3119677 0.8872771
vn 0.2452903 -0.3658875 0.8977522
vn 0.1382478 -0.3796131 0.9147576
vn 0.03489736 -0.3510544 0.9357045
vn -0.04902688 -0.2845598 0.9574038
vn -0.1007481 -0.1902522 0.9765521
vn -0.1123924 -0.08248907 0.9902341
vn -0.3889113 0.1812365 0.9032726
vn -0.244361 0.3653194 0.8982368
vn -0.0419932 0.480862 0.8757901
vn 0.1873837 0.5102736 0.8393499
vn 0.408849 0.4490769 0.7944636
vn 0.5886867 0.3065882 0.747965
vn 0.6995178 0.1045006 0.706933
vn 0.7244698 -0.1264204 0.6776145
vn 0.6597436 -0.3510189 0.6644728
vn 0.5151935 -0.5351018 0.6695087
vn 0.3128255 -0.6506444 0.6919553
vn 0.08344846 -0.680056 0.7283956
vn -0.1380167 -0.6188592 0.7732817
vn -0.3178544 -0.4763705 0.8197803
vn -0.4286856 -0.2742827 0.8608122
vn -0.4536375 -0.04336201 0.8901308
vn -0.7332158 0.3640712 0.5743229
vn -0.5124115 0.6452628 0.5666306
vn -0.2032892 0.8217571 0.5323427
vn 0.1470899 0.8666841 0.4766792
vn 0.4853839 0.7732044 0.4081144
vn 0.7600905 0.5555493 0.3370866
vn 0.929388 0.2468552 0.2744093
vn 0.9675027 -0.1058826 0.2296243
vn 0.8686319 -0.4489625 0.20955
vn 0.6478277 -0.730154 0.2172426
vn 0.3387054 -0.9066483 0.2515304
vn -0.01167394 -0.9515753 0.3071938
vn -0.3499677 -0.8580956 0.3757586
vn -0.6246743 -0.6404405 0.4467863
vn -0.793972 -0.331746 0.5094636
vn -0.8320866 0.02099131 0.5542484
vn -0.8738797 0.4435464 0.1989999
vn -0.6329626 0.7503515 0.190607
vn -0.2956824 0.9429226 0.1531956
vn 0.08661269 0.991942 0.09246185
vn 0.4557217 0.8899472 0.01765153
vn 0.7554511 0.6524661 -0.0598461
vn 0.9401699 0.3156531 -0.1282326
vn 0.9817566 -0.06921543 -0.177097
vn 0.8738797 -0.4435464 -0.199
vn 0.6329625 -0.7503516 -0.1906069
vn 0.2956823 -0.9429226 -0.1531957
vn -0.08661304 -0.991942 -0.09246187
vn -0.4557217 -0.8899472 -0.01765153
vn -0.7554513 -0.652466 0.05984608
vn -0.9401701 -0.3156527 0.1282327
vn -0.9817566 0.06921536 0.177097
vn -0.8686319 0.4489625 -0.2095501
vn -0.6478277 0.730154 -0.2172426
vn -0.3387055 0.9066483 -0.2515303
vn 0.01167365 0.9515753 -0.3071938
vn 0.3499676 0.8580957 -0.3757585
vn 0.6246743 0.6404406 -0.4467863
vn 0.7939719 0.3317464 -0.5094635
vn 0.8320865 -0.02099142 -0.5542485
vn 0.7332157 -0.3640713 -0.5743229
vn 0.5124115 -0.6452628 -0.5666306
vn 0.2032891 -0.8217572 -0.5323427
vn -0.1470902 -0.8666841 -0.4766793
vn -0.4853839 -0.7732045 -0.4081143
vn -0.7600905 -0.5555493 -0.3370866
vn -0.9293882 -0.2468549 -0.2744092
vn -0.9675027 0.1058826 -0.2296244
vn -0.6597437 0.3510188 -0.6644728
vn -0.5151934 0.5351017 -0.6695087
vn -0.3128255 0.6506443 -0.6919553
vn -0.08344863 0.680056 -0.7283957
vn 0.1380167 0.6188592 -0.7732818
vn 0.3178544 0.4763705 -0.8197803
vn 0.4286856 0.2742829 -0.8608121
vn 0.4536375 0.04336195 -0.8901308
vn 0.3889113 -0.1812365 -0.9032726
vn 0.244361 -0.3653194 -0.8982368
vn 0.04199307 -0.480862 -0.8757902
vn -0.1873839 -0.5102737 -0.8393497
vn -0.408849 -0.449077 -0.7944636
vn -0.5886867 -0.3065882 -0.747965
vn -0.699518 -0.1045004 -0.706933
vn -0.7244698 0.1264204 -0.6776145
vn -0.4071855 0.2260623 -0.884927
vn -0.3397288 0.3119677 -0.8872771
vn -0.2452904 0.3658875 -0.8977522
vn -0.1382478 0.379613 -0.9147576
vn -0.03489736 0.3510544 -0.9357045
vn 0.04902684 0.2845598 -0.9574038
vn 0.1007481 0.1902522 -0.9765521
vn 0.1123924 0.08248907 -0.9902341
vn 0.08218677 -0.02232349 -0.9963669
vn 0.01473006 -0.1082289 -0.9940169
vn -0.07970841 -0.1621487 -0.9835417
vn -0.186751 -0.1758742 -0.9665362
vn -0.2901013 -0.1473157 -0.9455894
vn -0.3740256 -0.080821 -0.92389
vn -0.4257469 0.01348666 -0.9047418
vn -0.4373911 0.1212497 -0.8910598
vn 0.1692702 -0.106114 0.9798405
vn -0.1692702 0.106114 -0.9798405

vt 0 0.125
vt 0.0625 0.125
vt 0.125 0.125
vt 0.1875 0.125
vt 0.25 0.125
vt 0.3125 0.125
vt 0.375 0.125
vt 0.4375 0.125
vt 0.5 0.125
vt 0.5625 0.125
vt 0.625 0.125
vt 0.6875 0.125
vt 0.75 0.125
vt 0.8125 0.125
vt 0.875 0.125
vt 0.9375 0.125
vt 0 0.25
vt 0.0625 0.25
vt 0.125 0.25
vt 0.1875 0.25
vt 0.25 0.25
vt 0.3125 0.25
vt 0.375 0.25
vt 0.4375 0.25
vt 0.5 0.25
vt 0.5625 0.25
vt 0.625 0.25
vt 0.6875 0.25
vt 0.75 0.25
vt 0.8125 0.25
vt 0.875 0.25
vt 0.9375 0.25
vt 0 0.375
vt 0.0625 0.375
vt 0.125 0.375
vt 0.1875 0.375
vt 0.25 0.375
vt 0.3125 0.375
vt 0.375 0.375
vt 0.4375 0.375
vt 0.5 0.375
vt 0.5625 0.375
vt 0.625 0.375
vt 0.6875 0.375
vt 0.75 0.375
vt 0.8125 0.375
vt 0.875 0.375
vt 0.9375 0.375
vt 0 0.5
vt 0.0625 0.5
vt 0.125 0.5
vt 0.1875 0.5
vt 0.25 0.5
vt 0.3125 0.5
vt 0.375 0.5
vt 0.4375 0.5
vt 0.5 0.5
vt 0.5625 0.5
vt 0.625 0.5
vt 0.6875 0.5
vt 0.75 0.5
vt 0.8125 0.5
vt 0.875 0.5
vt 0.9375 0.5
vt 0 0.625
vt 0.0625 0.625
vt 0.125 0.625
vt 0.1875 0.625
vt 0.25 0.625
vt 0.3125 0.625
vt 0.375 0.625
vt 0.4375 0.625
vt 0.5 0.625
vt 0.5625 0.625
vt 0.625 0.625
vt 0.6875 0.625
vt 0.75 0.625
vt 0.8125 0.625
vt 0.875 0.625
vt 0.9375 0.625
vt 0 0.75
vt 0.0625 0.75
vt 0.125 0.75
vt 0.1875 0.75
vt 0.25 0.75
vt 0.3125 0.75
vt 0.375 0.75
vt 0.4375 0.75
vt 0.5 0.75
vt 0.5625 0.75
vt 0.625 0.75
vt 0.6875 0.75
vt 0.75 0.75
vt 0.8125 0.75
vt 0.875 0.75
vt 0.9375 0.75
vt 0 0.875
vt 0.0625 0.875
vt 0.125 0.875
vt 0.1875 0.875
vt 0.25 0.875
vt 0.3125 0.875
vt 0.375 0.875
vt 0.4375 0.875
vt 0.5 0.875
vt 0.5625 0.875
vt 0.625 0.875
vt 0.6875 0.875
vt 0.75 0.875
vt 0.8125 0.875
vt 0.875 0.875
vt 0.9375 0.875
vt 0 0
vt 0 1

usemap Cartoon_FFFFFF
usemtl Cartoon_FFFFFF
f 4103/4103/4103 4102/4102/4102 4101/4101/4101 4213/4213/4213 
f 4105/4105/4105 4104/4104/4104 4103/4103/4103 4213/4213/4213 
f 4107/4107/4107 4106/4106/4106 4105/4105/4105 4213/4213/4213 
f 4109/4109/4109 4108/4108/4108 4107/4107/4107 4213/4213/4213 
f 4111/4111/4111 4110/4110/4110 4109/4109/4109 4213/4213/4213 
f 4113/4113/4113 4112/4112/4112 4111/4111/4111 4213/4213/4213 
f 4115/4115/4115 4114/4114/4114 4113/4113/4113 4213/4213/4213 
f 4101/4101/4101 4116/4116/4116 4115/4115/4115 4213/4213/4213 
f 4102/4102/4102 4118/4118/4118 4117/4117/4117 4101/4101/4101 
f 4103/4103/4103 4119/4119/4119 4118/4118/4118 4102/4102/4102 
f 4104/4104/4104 4120/4120/4120 4119/4119/4119 4103/4103/4103 
f 4105/4105/4105 4121/4121/4121 4120/4120/4120 4104/4104/4104 
f 4106/4106/4106 4122/4122/4122 4121/4121/4121 4105/4105/4105 
f 4107/4107/4107 4123/4123/4123 4122/4122/4122 4106/4106/4106 
f 4108/4108/4108 4124/4124/4124 4123/4123/4123 4107/4107/4107 
f 4109/4109/4109 4125/4125/4125 4124/4124/4124 4108/4108/4108 
f 4110/4110/4110 4126/4126/4126 4125/4125/4125 4109/4109/4109 
f 4111/4111/4111 4127/4127/4127 4126/4126/4126 4110/4110/4110 
f 4112/4112/4112 4128/4128/4128 4127/4127/4127 4111/4111/4111 
f 4113/4113/4113 4129/4129/4129 4128/4128/4128 4112/4112/4112 
f 4114/4114/4114 4130/4130/4130 4129/4129/4129 4113/4113/4113 
f 4115/4115/4115 4131/4131/4131 4130/4130/4130 4114/4114/4114 
f 4116/4116/4116 4132/4132/4132 4131/4131/4131 4115/4115/4115 
f 4101/4101/4101 4117/4117/4117 4132/4132/4132 4116/4116/4116 
f 4118/4118/4118 4134/4134/4134 4133/4133/4133 4117/4117/4117 
f 4119/4119/4119 4135/4135/4135 4134/4134/4134 4118/4118/4118 
f 4120/4120/4120 4136/4136/4136 4135/4135/4135 4119/4119/4119 
f 4121/4121/4121 4137/4137/4137 4136/4136/4136 4120/4120/4120 
f 4122/4122/4122 4138/4138/4138 4137/4137/4137 4121/4121/4121 
f 4123/4123/4123 4139/4139/4139 4138/4138/4138 4122/4122/4122 
f 4124/4124/4124 4140/4140/4140 4139/4139/4139 4123/4123/4123 
f 4125/4125/4125 4141/4141/4141 4140/4140/4140 4124/4124/4124 
f 4126/4126/4126 4142/4142/4142 4141/4141/4141 4125/4125/4125 
f 4127/4127/4127 4143/4143/4143 4142/4142/4142 4126/4126/4126 
f 4128/4128/4128 4144/4144/4144 4143/4143/4143 4127/4127/4127 
f 4129/4129/4129 4145/4145/4145 4144/4144/4144 4128/4128/4128 
f 4130/4130/4130 4146/4146/4146 4145/4145/4145 4129/4129/4129 
f 4131/4131/4131 4147/4147/4147 4146/4146/4146 4130/4130/4130 
f 4132/4132/4132 4148/4148/4148 4147/4147/4147 4131/4131/4131 
f 4117/4117/4117 4133/4133/4133 4148/4148/4148 4132/4132/4132 
f 4134/4134/4134 4150/4150/4150 4149/4149/4149 4133/4133/4133 
f 4135/4135/4135 4151/4151/4151 4150/4150/4150 4134/4134/4134 
f 4136/4136/4136 4152/4152/4152 4151/4151/4151 4135/4135/4135 
f 4137/4137/4137 4153/4153/4153 4152/4152/4152 4136/4136/4136 
f 4138/4138/4138 4154/4154/4154 4153/4153/4153 4137/4137/4137 
f 4139/4139/4139 4155/4155/4155 4154/4154/4154 4138/4138/4138 
f 4140/4140/4140 4156/4156/4156 4155/4155/4155 4139/4139/4139 
f 4141/4141/4141 4157/4157/4157 4156/4156/4156 4140/4140/4140 
f 4142/4142/4142 4158/4158/4158 4157/4157/4157 4141/4141/4141 
f 4143/4143/4143 4159/4159/4159 4158/4158/4158 4142/4142/4142 
f 4144/4144/4144 4160/4160/4160 4159/4159/4159 4143/4143/4143 
f 4145/4145/4145 4161/4161/4161 4160/4160/4160 4144/4144/4144 
f 4146/4146/4146 4162/4162/4162 4161/4161/4161 4145/4145/4145 
f 4147/4147/4147 4163/4163/4163 4162/4162/4162 4146/4146/4146 
f 4148/4148/4148 4164/4164/4164 4163/4163/4163 4147/4147/4147 
f 4133/4133/4133 4149/4149/4149 4164/4164/4164 4148/4148/4148 
f 4150/4150/4150 4166/4166/4166 4165/4165/4165 4149/4149/4149 
f 4151/4151/4151 4167/4167/4167 4166/4166/4166 4150/4150/4150 
f 4152/4152/4152 4168/4168/4168 4167/4167/4167 4151/4151/4151 
f 4153/4153/4153 4169/4169/4169 4168/4168/4168 4152/4152/4152 
f 4154/4154/4154 4170/4170/4170 4169/4169/4169 4153/4153/4153 
f 4155/4155/4155 4171/4171/4171 4170/4170/4170 4154/4154/4154 
f 4156/4156/4156 4172/4172/4172 4171/4171/4171 4155/4155/4155 
f 4157/4157/4157 4173/4173/4173 4172/4172/4172 4156/4156/4156 
f 4158/4158/4158 4174/4174/4174 4173/4173/4173 4157/4157/4157 
f 4159/4159/4159 4175/4175/4175 4174/4174/4174 4158/4158/4158 
f 4160/4160/4160 4176/4176/4176 4175/4175/4175 4159/4159/4159 
f 4161/4161/4161 4177/4177/4177 4176/4176/4176 4160/4160/4160 
f 4162/4162/4162 4178/4178/4178 4177/4177/4177 4161/4161/4161 
f 4163/4163/4163 4179/4179/4179 4178/4178/4178 4162/4162/4162 
f 4164/4164/4164 4180/4180/4180 4179/4179/4179 4163/4163/4163 
f 4149/4149/4149 4165/4165/4165 4180/4180/4180 4164/4164/4164 
f 4166/4166/4166 4182/4182/4182 4181/4181/4181 4165/4165/4165 
f 4167/4167/4167 4183/4183/4183 4182/4182/4182 4166/4166/4166 
f 4168/4168/4168 4184/4184/4184 4183/4183/4183 4167/4167/4167 
f 4169/4169/4169 4185/4185/4185 4184/4184/4184 4168/4168/4168 
f 4170/4170/4170 4186/4186/4186 4185/4185/4185 4169/4169/4169 
f 4171/4171/4171 4187/4187/4187 4186/4186/4186 4170/4170/4170 
f 4172/4172/4172 4188/4188/4188 4187/4187/4187 4171/4171/4171 
f 4173/4173/4173 4189/4189/4189 4188/4188/4188 4172/4172/4172 
f 4174/4174/4174 4190/4190/4190 4189/4189/4189 4173/4173/4173 
f 4175/4175/4175 4191/4191/4191 4190/4190/4190 4174/4174/4174 
f 4176/4176/4176 4192/4192/4192 4191/4191/4191 4175/4175/4175 
f 4177/4177/4177 4193/4193/4193 4192/4192/4192 4176/4176/4176 
f 4178/4178/4178 4194/4194/4194 4193/4193/4193 4177/4177/4177 
f 4179/4179/4179 4195/4195/4195 4194/4194/4194 4178/4178/4178 
f 4180/4180/4180 4196/4196/4196 4195/4195/4195 4179/4179/4179 
f 4165/4165/4165 4181/4181/4181 4196/4196/4196 4180/4180/4180 
f 4182/4182/4182 4198/4198/4198 4197/4197/4197 4181/4181/4181 
f 4183/4183/4183 4199/4199/4199 4198/4198/4198 4182/4182/4182 
f 4184/4184/4184 4200/4200/4200 4199/4199/4199 4183/4183/4183 
f 4185/4185/4185 4201/4201/4201 4200/4200/4200 4184/4184/4184 
f 4186/4186/4186 4202/4202/4202 4201/4201/4201 4185/4185/4185 
f 4187/4187/4187 4203/4203/4203 4202/4202/4202 4186/4186/4186 
f 4188/4188/4188 4204/4204/4204 4203/4203/4203 4187/4187/4187 
f 4189/4189/4189 4205/4205/4205 4204/4204/4204 4188/4188/4188 
f 4190/4190/4190 4206/4206/4206 4205/4205/4205 4189/4189/4189 
f 4191/4191/4191 4207/4207/4207 4206/4206/4206 4190/4190/4190 
f 4192/4192/4192 4208/4208/4208 4207/4207/4207 4191/4191/4191 
f 4193/4193/4193 4209/4209/4209 4208/4208/4208 4192/4192/4192 
f 4194/4194/4194 4210/4210/4210 4209/4209/4209 4193/4193/4193 
f 4195/4195/4195 4211/4211/4211 4210/4210/4210 4194/4194/4194 
f 4196/4196/4196 4212/4212/4212 4211/4211/4211 4195/4195/4195 
f 4181/4181/4181 4197/4197/4197 4212/4212/4212 4196/4196/4196 
f 4197/4197/4197 4198/4198/4198 4199/4199/4199 4214/4214/4214 
f 4199/4199/4199 4200/4200/4200 4201/4201/4201 4214/4214/4214 
f 4201/4201/4201 4202/4202/4202 4203/4203/4203 4214/4214/4214 
f 4203/4203/4203 4204/4204/4204 4205/4205/4205 4214/4214/4214 
f 4205/4205/4205 4206/4206/4206 4207/4207/4207 4214/4214/4214 
f 4207/4207/4207 4208/4208/4208 4209/4209/4209 4214/4214/4214 
f 4209/4209/4209 4210/4210/4210 4211/4211/4211 4214/4214/4214 
f 4211/4211/4211 4212/4212/4212 4197/4197/4197 4214/4214/4214 

g s.0047
usemap Cartoon_FFFFFF
usemtl Cartoon_FFFFFF
v -0.06762076 0.06893869 0.03427412
v -0.06706291 0.06965173 0.03432171
v -0.0662776 0.07010397 0.03429601
v -0.06538439 0.07022655 0.03420093
v -0.06451926 0.07000083 0.03405095
v -0.06381393 0.06946115 0.03386889
v -0.06337577 0.06868969 0.03368247
v -0.06327149 0.06780389 0.03352008
v -0.06351696 0.0669386 0.03340644
v -0.06407481 0.06622557 0.03335884
v -0.06486012 0.06577333 0.03338454
v -0.06575333 0.06565075 0.03347962
v -0.06661846 0.06587647 0.03362961
v -0.06732379 0.06641614 0.03381167
v -0.06776195 0.06718761 0.03399809
v -0.06786624 0.06807341 0.03416048
v -0.07013401 0.0702999 0.03347114
v -0.06893861 0.07182784 0.03357314
v -0.0672558 0.07279691 0.03351806
v -0.06534179 0.0730596 0.03331432
v -0.06348795 0.0725759 0.03299292
v -0.06197651 0.07141946 0.03260279
v -0.0610376 0.06976632 0.03220333
v -0.06081413 0.06786817 0.03185535
v -0.06134014 0.06601399 0.03161183
v -0.06253555 0.06448606 0.03150984
v -0.06421835 0.06351698 0.03156491
v -0.06613237 0.0632543 0.03176865
v -0.06798621 0.063738 0.03209006
v -0.06949764 0.06489444 0.03248018
v -0.07043655 0.06654757 0.03287964
v -0.07066002 0.06844571 0.03322762
v -0.07287404 0.0719761 0.03071458
v -0.07104804 0.07431007 0.03087037
v -0.0684775 0.07579036 0.03078625
v -0.06555379 0.07619162 0.03047503
v -0.062722 0.07545275 0.02998408
v -0.06041326 0.07368626 0.02938815
v -0.05897904 0.07116105 0.02877796
v -0.05863769 0.06826159 0.02824642
v -0.05944119 0.06542928 0.02787443
v -0.06126719 0.06309532 0.02771864
v -0.06383772 0.06161502 0.02780276
v -0.06676143 0.06121377 0.02811399
v -0.06959322 0.06195263 0.02860494
v -0.07190197 0.06371913 0.02920087
v -0.07333618 0.06624433 0.02981105
v -0.07367753 0.06914379 0.0303426
v -0.07390638 0.07282002 0.02759696
v -0.07191404 0.07536659 0.02776694
v -0.06910936 0.07698172 0.02767516
v -0.06591932 0.07741953 0.02733558
v -0.0628296 0.07661336 0.02679991
v -0.06031055 0.07468595 0.0261497
v -0.05874568 0.07193073 0.02548393
v -0.05837324 0.06876715 0.02490397
v -0.05924993 0.06567685 0.0244981
v -0.06124226 0.06313029 0.02432812
v -0.06404694 0.06151516 0.0244199
v -0.06723697 0.06107735 0.02475948
v -0.0703267 0.06188352 0.02529514
v -0.07284576 0.06381092 0.02594536
v -0.07441062 0.06656615 0.02661113
v -0.07478306 0.06972972 0.02719109
v -0.07371511 0.0730676 0.02422062
v -0.07188911 0.07540156 0.02437641
v -0.06931858 0.07688186 0.02429229
v -0.06639487 0.07728311 0.02398107
v -0.06356308 0.07654425 0.02349012
v -0.06125433 0.07477774 0.02289419
v -0.05982012 0.07225255 0.022284
v -0.05947877 0.06935308 0.02175246
v -0.06028226 0.06652077 0.02138047
v -0.06210827 0.0641868 0.02122468
v -0.0646788 0.06270652 0.0213088
v -0.06760251 0.06230526 0.02162003
v -0.07043429 0.06304412 0.02211098
v -0.07274304 0.06481062 0.02270691
v -0.07417726 0.06733582 0.02331709
v -0.07451861 0.07023529 0.02384864
v -0.07181616 0.07248288 0.02048323
v -0.07062075 0.07401082 0.02058521
v -0.06893795 0.07497989 0.02053015
v -0.06702393 0.07524258 0.0203264
v -0.06517009 0.07475888 0.020005
v -0.06365866 0.07360244 0.01961487
v -0.06271975 0.0719493 0.01921541
v -0.06249628 0.07005116 0.01886743
v -0.06302229 0.06819697 0.01862391
v -0.06421769 0.06666904 0.01852192
v -0.0659005 0.06569996 0.01857699
v -0.06781452 0.06543728 0.01878074
v -0.06966835 0.06592098 0.01910214
v -0.07117978 0.06707742 0.01949227
v -0.0721187 0.06873056 0.01989173
v -0.07234216 0.0706287 0.02023971
v -0.06963934 0.07155827 0.01868862
v -0.06908149 0.07227131 0.01873621
v -0.06829618 0.07272355 0.01871051
v -0.06740297 0.07284614 0.01861543
v -0.06653784 0.07262041 0.01846544
v -0.06583251 0.07208073 0.01828339
v -0.06539435 0.07130927 0.01809697
v -0.06529006 0.07042347 0.01793458
v -0.06553554 0.06955818 0.01782094
v -0.06609339 0.06884515 0.01777334
v -0.0668787 0.06839291 0.01779904
v -0.06777191 0.06827033 0.01789412
v -0.06863704 0.06849605 0.01804411
v -0.06934237 0.06903572 0.01822617
v -0.06978053 0.06980719 0.01841259
v -0.06988481 0.07069299 0.01857498
v -0.06552681 0.06788407 0.03416498
v -0.06762949 0.0706128 0.01793008

vn -0.1256435 -0.03732714 0.9913729
vn -0.05841743 0.04859973 0.9971086
vn 0.03621882 0.103098 0.9940116
vn 0.1438579 0.1178706 0.9825535
vn 0.2481125 0.0906688 0.9644788
vn 0.3331112 0.02563353 0.942539
vn 0.3859131 -0.06733396 0.9200745
vn 0.3984801 -0.1740803 0.9005052
vn 0.3688989 -0.2783543 0.8868102
vn 0.3016729 -0.3642812 0.8810747
vn 0.2070365 -0.4187795 0.8841717
vn 0.09939736 -0.433552 0.8956298
vn -0.004857131 -0.4063503 0.9137045
vn -0.0898557 -0.3413149 0.9356441
vn -0.1426578 -0.2483473 0.9581087
vn -0.1552247 -0.1416012 0.9776781
vn -0.4285105 0.1267094 0.894608
vn -0.2844546 0.3108385 0.9068986
vn -0.08166245 0.4276204 0.9002622
vn 0.1489925 0.4592761 0.8757092
vn 0.3723955 0.4009863 0.8369777
vn 0.5545351 0.2616251 0.789964
vn 0.6676824 0.06240901 0.7418256
vn 0.6946117 -0.1663332 0.6998913
vn 0.6312233 -0.3897774 0.670545
vn 0.4871674 -0.5739065 0.6582546
vn 0.2843753 -0.6906884 0.6648911
vn 0.05372018 -0.7223442 0.689444
vn -0.1696827 -0.6640543 0.7281756
vn -0.3518223 -0.5246931 0.7751892
vn -0.4649696 -0.3254769 0.8233274
vn -0.491899 -0.09673494 0.8652617
vn -0.7587072 0.3287064 0.5624194
vn -0.5386581 0.6099684 0.5811934
vn -0.228888 0.7883559 0.5710562
vn 0.1234437 0.8367109 0.533551
vn 0.4646975 0.7476715 0.4743875
vn 0.7429205 0.5347937 0.4025729
vn 0.9157557 0.2304861 0.3290405
vn 0.956891 -0.1189236 0.2649846
vn 0.8600636 -0.4602405 0.2201574
vn 0.6400146 -0.7415025 0.2013835
vn 0.3302443 -0.91989 0.2115207
vn -0.0220875 -0.9682449 0.2490261
vn -0.363341 -0.8792056 0.3081894
vn -0.6415641 -0.6663277 0.3800039
vn -0.8143995 -0.3620197 0.4535364
vn -0.8555345 -0.01261047 0.5175921
vn -0.883112 0.4304059 0.1867192
vn -0.6430187 0.737288 0.2072034
vn -0.3050318 0.9319246 0.1961429
vn 0.07939361 0.9846842 0.1552212
vn 0.451732 0.8875345 0.09066852
vn 0.7552983 0.6552655 0.01231243
vn 0.9438771 0.3232386 -0.06791808
vn 0.9887593 -0.05799873 -0.1378087
vn 0.8831119 -0.4304059 -0.1867192
vn 0.6430188 -0.737288 -0.2072033
vn 0.3050316 -0.9319248 -0.1961428
vn -0.07939398 -0.9846842 -0.1552211
vn -0.451732 -0.8875345 -0.09066848
vn -0.7552983 -0.6552655 -0.01231238
vn -0.9438772 -0.3232383 0.06791816
vn -0.9887593 0.05799846 0.1378087
vn -0.8600636 0.4602404 -0.2201575
vn -0.6400146 0.7415025 -0.2013835
vn -0.3302445 0.91989 -0.2115207
vn 0.02208716 0.9682449 -0.249026
vn 0.363341 0.8792056 -0.3081894
vn 0.641564 0.6663277 -0.3800039
vn 0.8143994 0.3620201 -0.4535363
vn 0.8555346 0.01261034 -0.5175921
vn 0.7587072 -0.3287064 -0.5624194
vn 0.5386581 -0.6099684 -0.5811934
vn 0.2288878 -0.7883559 -0.5710564
vn -0.123444 -0.8367108 -0.533551
vn -0.4646975 -0.7476715 -0.4743875
vn -0.7429205 -0.5347936 -0.4025729
vn -0.9157559 -0.2304857 -0.3290404
vn -0.956891 0.1189235 -0.2649845
vn -0.6312234 0.3897774 -0.6705451
vn -0.4871674 0.5739065 -0.6582546
vn -0.2843754 0.6906885 -0.6648911
vn -0.05372032 0.7223441 -0.6894441
vn 0.1696827 0.6640543 -0.7281756
vn 0.3518223 0.5246931 -0.7751891
vn 0.4649696 0.3254771 -0.8233274
vn 0.491899 0.09673486 -0.8652617
vn 0.4285105 -0.1267095 -0.894608
vn 0.2844546 -0.3108385 -0.9068986
vn 0.08166238 -0.4276204 -0.9002622
vn -0.1489928 -0.4592761 -0.8757092
vn -0.3723955 -0.4009863 -0.8369777
vn -0.5545352 -0.261625 -0.789964
vn -0.6676826 -0.06240888 -0.7418255
vn -0.6946118 0.166333 -0.6998913
vn -0.3688989 0.2783543 -0.8868102
vn -0.3016728 0.3642812 -0.8810747
vn -0.2070365 0.4187794 -0.8841717
vn -0.09939745 0.4335521 -0.8956298
vn 0.00485717 0.4063502 -0.9137046
vn 0.0898557 0.3413149 -0.9356442
vn 0.1426578 0.2483475 -0.9581087
vn 0.1552248 0.1416011 -0.9776781
vn 0.1256435 0.03732713 -0.9913729
vn 0.05841746 -0.04859972 -0.9971086
vn -0.03621887 -0.103098 -0.9940116
vn -0.143858 -0.1178706 -0.9825535
vn -0.2481125 -0.0906688 -0.9644788
vn -0.3331111 -0.02563352 -0.942539
vn -0.3859132 0.06733412 -0.9200745
vn -0.3984802 0.1740803 -0.9005052
vn 0.1266955 -0.1644174 0.9782204
vn -0.1266955 0.1644174 -0.9782204

vt 0 0.125
vt 0.0625 0.125
vt 0.125 0.125
vt 0.1875 0.125
vt 0.25 0.125
vt 0.3125 0.125
vt 0.375 0.125
vt 0.4375 0.125
vt 0.5 0.125
vt 0.5625 0.125
vt 0.625 0.125
vt 0.6875 0.125
vt 0.75 0.125
vt 0.8125 0.125
vt 0.875 0.125
vt 0.9375 0.125
vt 0 0.25
vt 0.0625 0.25
vt 0.125 0.25
vt 0.1875 0.25
vt 0.25 0.25
vt 0.3125 0.25
vt 0.375 0.25
vt 0.4375 0.25
vt 0.5 0.25
vt 0.5625 0.25
vt 0.625 0.25
vt 0.6875 0.25
vt 0.75 0.25
vt 0.8125 0.25
vt 0.875 0.25
vt 0.9375 0.25
vt 0 0.375
vt 0.0625 0.375
vt 0.125 0.375
vt 0.1875 0.375
vt 0.25 0.375
vt 0.3125 0.375
vt 0.375 0.375
vt 0.4375 0.375
vt 0.5 0.375
vt 0.5625 0.375
vt 0.625 0.375
vt 0.6875 0.375
vt 0.75 0.375
vt 0.8125 0.375
vt 0.875 0.375
vt 0.9375 0.375
vt 0 0.5
vt 0.0625 0.5
vt 0.125 0.5
vt 0.1875 0.5
vt 0.25 0.5
vt 0.3125 0.5
vt 0.375 0.5
vt 0.4375 0.5
vt 0.5 0.5
vt 0.5625 0.5
vt 0.625 0.5
vt 0.6875 0.5
vt 0.75 0.5
vt 0.8125 0.5
vt 0.875 0.5
vt 0.9375 0.5
vt 0 0.625
vt 0.0625 0.625
vt 0.125 0.625
vt 0.1875 0.625
vt 0.25 0.625
vt 0.3125 0.625
vt 0.375 0.625
vt 0.4375 0.625
vt 0.5 0.625
vt 0.5625 0.625
vt 0.625 0.625
vt 0.6875 0.625
vt 0.75 0.625
vt 0.8125 0.625
vt 0.875 0.625
vt 0.9375 0.625
vt 0 0.75
vt 0.0625 0.75
vt 0.125 0.75
vt 0.1875 0.75
vt 0.25 0.75
vt 0.3125 0.75
vt 0.375 0.75
vt 0.4375 0.75
vt 0.5 0.75
vt 0.5625 0.75
vt 0.625 0.75
vt 0.6875 0.75
vt 0.75 0.75
vt 0.8125 0.75
vt 0.875 0.75
vt 0.9375 0.75
vt 0 0.875
vt 0.0625 0.875
vt 0.125 0.875
vt 0.1875 0.875
vt 0.25 0.875
vt 0.3125 0.875
vt 0.375 0.875
vt 0.4375 0.875
vt 0.5 0.875
vt 0.5625 0.875
vt 0.625 0.875
vt 0.6875 0.875
vt 0.75 0.875
vt 0.8125 0.875
vt 0.875 0.875
vt 0.9375 0.875
vt 0 0
vt 0 1

usemap Cartoon_FFFFFF
usemtl Cartoon_FFFFFF
f 4217/4217/4217 4216/4216/4216 4215/4215/4215 4327/4327/4327 
f 4219/4219/4219 4218/4218/4218 4217/4217/4217 4327/4327/4327 
f 4221/4221/4221 4220/4220/4220 4219/4219/4219 4327/4327/4327 
f 4223/4223/4223 4222/4222/4222 4221/4221/4221 4327/4327/4327 
f 4225/4225/4225 4224/4224/4224 4223/4223/4223 4327/4327/4327 
f 4227/4227/4227 4226/4226/4226 4225/4225/4225 4327/4327/4327 
f 4229/4229/4229 4228/4228/4228 4227/4227/4227 4327/4327/4327 
f 4215/4215/4215 4230/4230/4230 4229/4229/4229 4327/4327/4327 
f 4216/4216/4216 4232/4232/4232 4231/4231/4231 4215/4215/4215 
f 4217/4217/4217 4233/4233/4233 4232/4232/4232 4216/4216/4216 
f 4218/4218/4218 4234/4234/4234 4233/4233/4233 4217/4217/4217 
f 4219/4219/4219 4235/4235/4235 4234/4234/4234 4218/4218/4218 
f 4220/4220/4220 4236/4236/4236 4235/4235/4235 4219/4219/4219 
f 4221/4221/4221 4237/4237/4237 4236/4236/4236 4220/4220/4220 
f 4222/4222/4222 4238/4238/4238 4237/4237/4237 4221/4221/4221 
f 4223/4223/4223 4239/4239/4239 4238/4238/4238 4222/4222/4222 
f 4224/4224/4224 4240/4240/4240 4239/4239/4239 4223/4223/4223 
f 4225/4225/4225 4241/4241/4241 4240/4240/4240 4224/4224/4224 
f 4226/4226/4226 4242/4242/4242 4241/4241/4241 4225/4225/4225 
f 4227/4227/4227 4243/4243/4243 4242/4242/4242 4226/4226/4226 
f 4228/4228/4228 4244/4244/4244 4243/4243/4243 4227/4227/4227 
f 4229/4229/4229 4245/4245/4245 4244/4244/4244 4228/4228/4228 
f 4230/4230/4230 4246/4246/4246 4245/4245/4245 4229/4229/4229 
f 4215/4215/4215 4231/4231/4231 4246/4246/4246 4230/4230/4230 
f 4232/4232/4232 4248/4248/4248 4247/4247/4247 4231/4231/4231 
f 4233/4233/4233 4249/4249/4249 4248/4248/4248 4232/4232/4232 
f 4234/4234/4234 4250/4250/4250 4249/4249/4249 4233/4233/4233 
f 4235/4235/4235 4251/4251/4251 4250/4250/4250 4234/4234/4234 
f 4236/4236/4236 4252/4252/4252 4251/4251/4251 4235/4235/4235 
f 4237/4237/4237 4253/4253/4253 4252/4252/4252 4236/4236/4236 
f 4238/4238/4238 4254/4254/4254 4253/4253/4253 4237/4237/4237 
f 4239/4239/4239 4255/4255/4255 4254/4254/4254 4238/4238/4238 
f 4240/4240/4240 4256/4256/4256 4255/4255/4255 4239/4239/4239 
f 4241/4241/4241 4257/4257/4257 4256/4256/4256 4240/4240/4240 
f 4242/4242/4242 4258/4258/4258 4257/4257/4257 4241/4241/4241 
f 4243/4243/4243 4259/4259/4259 4258/4258/4258 4242/4242/4242 
f 4244/4244/4244 4260/4260/4260 4259/4259/4259 4243/4243/4243 
f 4245/4245/4245 4261/4261/4261 4260/4260/4260 4244/4244/4244 
f 4246/4246/4246 4262/4262/4262 4261/4261/4261 4245/4245/4245 
f 4231/4231/4231 4247/4247/4247 4262/4262/4262 4246/4246/4246 
f 4248/4248/4248 4264/4264/4264 4263/4263/4263 4247/4247/4247 
f 4249/4249/4249 4265/4265/4265 4264/4264/4264 4248/4248/4248 
f 4250/4250/4250 4266/4266/4266 4265/4265/4265 4249/4249/4249 
f 4251/4251/4251 4267/4267/4267 4266/4266/4266 4250/4250/4250 
f 4252/4252/4252 4268/4268/4268 4267/4267/4267 4251/4251/4251 
f 4253/4253/4253 4269/4269/4269 4268/4268/4268 4252/4252/4252 
f 4254/4254/4254 4270/4270/4270 4269/4269/4269 4253/4253/4253 
f 4255/4255/4255 4271/4271/4271 4270/4270/4270 4254/4254/4254 
f 4256/4256/4256 4272/4272/4272 4271/4271/4271 4255/4255/4255 
f 4257/4257/4257 4273/4273/4273 4272/4272/4272 4256/4256/4256 
f 4258/4258/4258 4274/4274/4274 4273/4273/4273 4257/4257/4257 
f 4259/4259/4259 4275/4275/4275 4274/4274/4274 4258/4258/4258 
f 4260/4260/4260 4276/4276/4276 4275/4275/4275 4259/4259/4259 
f 4261/4261/4261 4277/4277/4277 4276/4276/4276 4260/4260/4260 
f 4262/4262/4262 4278/4278/4278 4277/4277/4277 4261/4261/4261 
f 4247/4247/4247 4263/4263/4263 4278/4278/4278 4262/4262/4262 
f 4264/4264/4264 4280/4280/4280 4279/4279/4279 4263/4263/4263 
f 4265/4265/4265 4281/4281/4281 4280/4280/4280 4264/4264/4264 
f 4266/4266/4266 4282/4282/4282 4281/4281/4281 4265/4265/4265 
f 4267/4267/4267 4283/4283/4283 4282/4282/4282 4266/4266/4266 
f 4268/4268/4268 4284/4284/4284 4283/4283/4283 4267/4267/4267 
f 4269/4269/4269 4285/4285/4285 4284/4284/4284 4268/4268/4268 
f 4270/4270/4270 4286/4286/4286 4285/4285/4285 4269/4269/4269 
f 4271/4271/4271 4287/4287/4287 4286/4286/4286 4270/4270/4270 
f 4272/4272/4272 4288/4288/4288 4287/4287/4287 4271/4271/4271 
f 4273/4273/4273 4289/4289/4289 4288/4288/4288 4272/4272/4272 
f 4274/4274/4274 4290/4290/4290 4289/4289/4289 4273/4273/4273 
f 4275/4275/4275 4291/4291/4291 4290/4290/4290 4274/4274/4274 
f 4276/4276/4276 4292/4292/4292 4291/4291/4291 4275/4275/4275 
f 4277/4277/4277 4293/4293/4293 4292/4292/4292 4276/4276/4276 
f 4278/4278/4278 4294/4294/4294 4293/4293/4293 4277/4277/4277 
f 4263/4263/4263 4279/4279/4279 4294/4294/4294 4278/4278/4278 
f 4280/4280/4280 4296/4296/4296 4295/4295/4295 4279/4279/4279 
f 4281/4281/4281 4297/4297/4297 4296/4296/4296 4280/4280/4280 
f 4282/4282/4282 4298/4298/4298 4297/4297/4297 4281/4281/4281 
f 4283/4283/4283 4299/4299/4299 4298/4298/4298 4282/4282/4282 
f 4284/4284/4284 4300/4300/4300 4299/4299/4299 4283/4283/4283 
f 4285/4285/4285 4301/4301/4301 4300/4300/4300 4284/4284/4284 
f 4286/4286/4286 4302/4302/4302 4301/4301/4301 4285/4285/4285 
f 4287/4287/4287 4303/4303/4303 4302/4302/4302 4286/4286/4286 
f 4288/4288/4288 4304/4304/4304 4303/4303/4303 4287/4287/4287 
f 4289/4289/4289 4305/4305/4305 4304/4304/4304 4288/4288/4288 
f 4290/4290/4290 4306/4306/4306 4305/4305/4305 4289/4289/4289 
f 4291/4291/4291 4307/4307/4307 4306/4306/4306 4290/4290/4290 
f 4292/4292/4292 4308/4308/4308 4307/4307/4307 4291/4291/4291 
f 4293/4293/4293 4309/4309/4309 4308/4308/4308 4292/4292/4292 
f 4294/4294/4294 4310/4310/4310 4309/4309/4309 4293/4293/4293 
f 4279/4279/4279 4295/4295/4295 4310/4310/4310 4294/4294/4294 
f 4296/4296/4296 4312/4312/4312 4311/4311/4311 4295/4295/4295 
f 4297/4297/4297 4313/4313/4313 4312/4312/4312 4296/4296/4296 
f 4298/4298/4298 4314/4314/4314 4313/4313/4313 4297/4297/4297 
f 4299/4299/4299 4315/4315/4315 4314/4314/4314 4298/4298/4298 
f 4300/4300/4300 4316/4316/4316 4315/4315/4315 4299/4299/4299 
f 4301/4301/4301 4317/4317/4317 4316/4316/4316 4300/4300/4300 
f 4302/4302/4302 4318/4318/4318 4317/4317/4317 4301/4301/4301 
f 4303/4303/4303 4319/4319/4319 4318/4318/4318 4302/4302/4302 
f 4304/4304/4304 4320/4320/4320 4319/4319/4319 4303/4303/4303 
f 4305/4305/4305 4321/4321/4321 4320/4320/4320 4304/4304/4304 
f 4306/4306/4306 4322/4322/4322 4321/4321/4321 4305/4305/4305 
f 4307/4307/4307 4323/4323/4323 4322/4322/4322 4306/4306/4306 
f 4308/4308/4308 4324/4324/4324 4323/4323/4323 4307/4307/4307 
f 4309/4309/4309 4325/4325/4325 4324/4324/4324 4308/4308/4308 
f 4310/4310/4310 4326/4326/4326 4325/4325/4325 4309/4309/4309 
f 4295/4295/4295 4311/4311/4311 4326/4326/4326 4310/4310/4310 
f 4311/4311/4311 4312/4312/4312 4313/4313/4313 4328/4328/4328 
f 4313/4313/4313 4314/4314/4314 4315/4315/4315 4328/4328/4328 
f 4315/4315/4315 4316/4316/4316 4317/4317/4317 4328/4328/4328 
f 4317/4317/4317 4318/4318/4318 4319/4319/4319 4328/4328/4328 
f 4319/4319/4319 4320/4320/4320 4321/4321/4321 4328/4328/4328 
f 4321/4321/4321 4322/4322/4322 4323/4323/4323 4328/4328/4328 
f 4323/4323/4323 4324/4324/4324 4325/4325/4325 4328/4328/4328 
f 4325/4325/4325 4326/4326/4326 4311/4311/4311 4328/4328/4328 

g s.0049
usemap Cartoon_FFFFFF
usemtl Cartoon_FFFFFF
v 0.01375293 0.2223582 0.08827616
v 0.00181675 0.3016449 0.07684636
v 0.01775174 0.2225828 0.08899635
v 0.04856801 0.2163724 0.07599988
v 0.03362861 0.2135355 0.07785581
v 0.04174153 0.2150576 0.08005617
v 0.08664726 0.3030504 0.008230778
v 0.08585307 0.3075428 0.009092422
v 0.08608217 0.3040954 0.002542628
v -0.0005416498 0.2348312 -0.06739259
v -0.001414731 0.239314 -0.06822734
v -0.004808828 0.2342879 -0.06564682
v -0.03153624 0.3111996 -0.01272362
v -0.03435966 0.2339612 -0.03674392
v -0.02526532 0.3234751 -0.02180731
v 0.05658726 0.3061479 0.05882708
v 0.05988802 0.3061514 0.05651963
v 0.06235667 0.3039224 0.05975885
v 0.08736704 0.2444558 -0.01684561
v 0.07795837 0.2322581 0.04335083
v 0.08715454 0.2449979 -0.01342993
v 0.08324789 0.3107086 -0.007703163
v 0.08034164 0.3140734 -0.006366596
v 0.08182317 0.3118002 -0.01313298
v 0.03457056 0.2137309 0.0823978
v 0.03087652 0.2131173 0.0829678
v 0.06163192 0.2247471 0.07226041
v 0.06484859 0.2253719 0.06862167
v 0.06054153 0.2207709 0.07012589
v 0.08520052 0.3051647 -0.00313731
v 0.084031 0.3062545 -0.008753706
v 0.08711607 0.244061 -0.02017663
v 0.0659026 0.2442746 -0.05178549
v 0.06505272 0.2399137 -0.05043818
v 0.07023503 0.2442732 -0.04784337
v 0.0628743 0.2369246 -0.04763189
v 0.06671868 0.2370464 -0.04386162
v 0.06916431 0.2399491 -0.04653531
v 0.03096589 0.2155032 0.08694961
v 0.03060883 0.2195298 0.08923308
v 0.03498822 0.2161871 0.08631543
v -0.02033545 0.3059186 0.0659325
v -0.01774277 0.2206908 0.07331907
v -0.02122852 0.2213837 0.07041214
v 0.01926281 0.3232439 -0.05699243
v 0.0242493 0.3233526 -0.05845532
v 0.005369172 0.326194 -0.0505612
v -0.03777619 0.305953 0.006851592
v -0.03806165 0.3053878 0.009620736
v -0.04515308 0.2300923 0.004273945
v 0.01809652 0.2179531 0.08894677
v 0.02225828 0.2183502 0.08939322
v 0.03819626 0.214386 0.08143406
v 0.03895368 0.2169061 0.08525902
v -0.03488719 0.2205886 0.0509862
v -0.03329155 0.2242968 0.05628549
v -0.03244545 0.2198988 0.05506192
v 0.04352185 0.3188628 -0.06017509
v 0.03885642 0.3190897 -0.06114677
v 0.03166175 0.2425884 -0.06999047
v 0.04168946 0.2387867 -0.0656318
v 0.03676821 0.2384385 -0.06752433
v 0.03612053 0.2350155 -0.06445535
v -0.03660697 0.3073806 0.0009153299
v -0.03408522 0.3194271 0.006293848
v -0.03729385 0.3066196 0.003948859
v 0.08591387 0.3055685 0.02014747
v 0.08668795 0.3010477 0.0194276
v 0.08533911 0.3046424 0.02544884
v -0.04459456 0.2306072 -0.001772308
v -0.03421469 0.3117405 0.04183482
v -0.03124992 0.3149828 0.0467683
v -0.03287768 0.3106573 0.04632662
v 0.01395115 0.2177202 0.08820047
v -0.0390666 0.2234453 -0.00782843
v -0.04002857 0.222891 -0.002008862
v -0.03555923 0.2217067 -0.001587326
v -0.0408529 0.2322352 -0.01985828
v -0.0394932 0.2277969 -0.01994932
v -0.03897609 0.2328008 -0.02568723
v -0.01207262 0.2132414 0.06476066
v -0.0364599 0.220592 0.009381627
v -0.01820794 0.2141783 0.05964764
v -0.02590591 0.3225832 0.02878743
v -0.03051539 0.3220284 0.02878512
v -0.03039885 0.3230374 0.02397741
v 0.01785974 0.2333606 -0.06757872
v 0.02219556 0.2372432 -0.07052887
v 0.01745395 0.2367983 -0.07067266
v -0.02191855 0.3291661 -0.01340405
v -0.0232668 0.3274559 -0.02049798
v -0.01967905 0.3297261 -0.01861933
v -0.02779652 0.3180481 0.04628558
v -0.03252919 0.316031 0.04238775
v -0.028979 0.3190151 0.04217142
v -0.01787227 0.2287384 -0.05249406
v -0.01440047 0.2293168 -0.05570505
v -0.01686041 0.2325522 -0.05794919
v 0.05032668 0.2189416 0.0794439
v 0.05085303 0.2230589 0.08152387
v 0.05460851 0.2236279 0.07874909
v 0.07589409 0.284939 0.05602003
v 0.07014745 0.2314307 0.06184617
v 0.07318637 0.2835172 0.05977048
v -0.0329573 0.2295372 -0.03661146
v -0.03163323 0.2345555 -0.04187198
v 0.01015183 0.2310769 -0.06241648
v 0.01347566 0.2329149 -0.06734441
v 0.009189993 0.2324553 -0.06674432
v -0.006437451 0.2188622 0.08066274
v -0.002458617 0.218392 0.08265069
v -0.005696714 0.2147682 0.0786022
v 0.05496952 0.3040001 0.06452201
v 0.04933621 0.306389 0.06280398
v -0.02344282 0.3190319 0.04500779
v -0.02527867 0.3207767 0.03728697
v 0.02177921 0.2229682 0.08941308
v 0.002645619 0.3061891 0.07637885
v 0.007710479 0.3053696 0.07705226
v -0.008883663 0.3238068 -0.04424232
v -0.01276145 0.3241178 -0.04062674
v -0.01808894 0.2369932 -0.05851825
v 0.03058958 0.233175 -0.06155666
v 0.02702957 0.2125498 0.07852884
v 0.06080329 0.2192512 0.06346241
v 0.08150884 0.3074434 0.030415
v 0.08435309 0.3037753 0.0305186
v -0.03023598 0.2301331 -0.04165782
v -0.02862562 0.23516 -0.04666732
v 0.04634217 0.3252988 -0.05304562
v 0.04238441 0.3256073 -0.05437312
v 0.04754569 0.3226913 -0.05669362
v 0.04795071 0.3185231 -0.0586978
v 0.04323711 0.3230236 -0.05813514
v 0.07788499 0.23669 -0.02941586
v 0.07916973 0.2366221 -0.0270369
v 0.08120618 0.2394307 -0.03115179
v 0.05545914 0.3216739 -0.05258018
v 0.05162171 0.3222429 -0.05482116
v 0.05211899 0.3180642 -0.05678241
v -0.03287611 0.3204104 0.0006394403
v 0.05432837 0.3242534 -0.04313905
v 0.05370983 0.3243579 -0.04921988
v 0.05711524 0.3237199 -0.04681382
v -0.03759435 0.2283685 -0.02570627
v -0.03541213 0.2289489 -0.03127737
v -0.0368086 0.2333763 -0.03133248
v 0.08125183 0.2366733 -0.02183751
v 0.08379936 0.2393979 -0.02578117
v 0.08031008 0.2366075 -0.02451888
v -0.04419275 0.2251175 0.009792134
v -0.04536006 0.229589 0.01023762
v -0.04411045 0.2246128 0.01557979
v 0.006379098 0.2137839 0.0836464
v 0.00981319 0.2176655 0.08718626
v 0.01048706 0.2136965 0.08487362
v 0.0282922 0.3062779 0.0733901
v 0.02318475 0.3031006 0.07673591
v 0.02335026 0.3069078 0.07408401
v 0.05613777 0.2396233 -0.05749705
v 0.06133518 0.2441991 -0.05544995
v 0.05658202 0.2440547 -0.05880884
v 0.01222096 0.2408456 -0.07134141
v 0.01697154 0.2413174 -0.07162171
v 0.02898497 0.3192469 -0.06134901
v -0.01904182 0.310375 0.06578477
v -0.02227922 0.3112298 0.06246353
v -0.02400544 0.2313447 -0.05066666
v -0.02534847 0.2357717 -0.05105876
v -0.0272475 0.2307368 -0.04636602
v 0.03147678 0.2346193 -0.06587894
v 0.02687501 0.2342122 -0.0668643
v 0.0263483 0.2327557 -0.06248751
v 0.0201165 0.2118607 0.07800637
v 0.01651858 0.2116581 0.07735845
v -0.01414771 0.2375952 -0.06158785
v -0.006019883 0.2234861 0.08068534
v -0.01032597 0.2194141 0.07844337
v -0.01251867 0.3042099 0.07170385
v 0.06963336 0.2869278 0.06397836
v 0.07253262 0.2880198 0.06069513
v 0.0664105 0.2861322 0.0668513
v 0.06469244 0.2858458 0.06812586
v -0.01662232 0.3050606 0.06901798
v 0.005686432 0.2177734 0.08591782
v 0.00576102 0.2224147 0.08600698
v 0.009758577 0.2223071 0.08727634
v -0.03032643 0.3210156 0.03341895
v -0.008044645 0.3033585 0.07393568
v -0.003228679 0.3025 0.07566407
v 0.03818735 0.301308 0.07378305
v 0.03331431 0.3018359 0.07500356
v 0.03786257 0.3052056 0.07128137
v -0.04053038 0.2207858 0.02054474
v -0.04370163 0.2241055 0.02123583
v -0.03574999 0.225012 0.05210172
v -0.0370709 0.2212565 0.04664281
v -0.03795445 0.225701 0.0476528
v 0.06883455 0.3042315 0.05399324
v 0.07169968 0.304538 0.05071976
v 0.07381728 0.300629 0.05205818
v -0.005295001 0.3113964 0.07105891
v -0.002304085 0.307028 0.07521903
v -0.007020213 0.3078692 0.07353623
v 0.003723018 0.309825 0.07370026
v -0.0009112731 0.3106103 0.07261478
v 0.02670717 0.2421916 -0.0709566
v 0.02180557 0.241767 -0.07149744
v 0.0857777 0.240125 -0.01632302
v 0.07465338 0.2270099 0.04572426
v -0.02655317 0.3076946 0.05878184
v -0.02905638 0.308633 0.05481875
v 0.08528841 0.3085752 0.003468295
v -0.02454419 0.2220997 0.06726295
v -0.02685371 0.2184944 0.06241859
v -0.02767184 0.2228303 0.06386276
v 0.008512661 0.3090542 0.07434388
v 0.07692447 0.3107413 -0.02944676
v 0.07617655 0.3151164 -0.02808488
v 0.07460701 0.3118646 -0.03394549
v 0.01285274 0.2115651 0.07648879
v -0.01454905 0.2276069 -0.04945578
v 0.00916788 0.2115752 0.07541298
v 0.02990099 0.2241182 0.08920635
v 0.03397349 0.2248198 0.08852726
v 0.03476968 0.2202459 0.08855896
v 0.08506347 0.2992212 0.02996098
v 0.08183031 0.2903441 0.04305312
v 0.08296854 0.3029757 0.03534827
v -0.01759651 0.3291522 -0.01170851
v 0.07853478 0.3125334 0.01050015
v -0.01950209 0.3285214 -0.006541058
v 0.02233086 0.2337929 -0.06742527
v -0.01541065 0.3095356 0.06877121
v -0.01945437 0.3145525 0.06087138
v -0.02209587 0.3153777 0.05753761
v 0.05601848 0.3174821 -0.05449619
v 0.05169187 0.2438496 -0.06183305
v 0.03186923 0.2380649 -0.06896594
v -0.03778148 0.2240123 -0.01362287
v 0.07881853 0.2341326 0.03878278
v 0.08608728 0.3001053 0.02480847
v -0.02316141 0.22588 -0.03814978
v -0.02045955 0.2264685 -0.04234723
v -0.02425852 0.2275555 -0.04478475
v -0.01775093 0.3281661 -0.03054964
v -0.0145205 0.3282409 -0.03503952
v -0.01136774 0.3305087 -0.03249548
v -0.03306933 0.3224868 0.01283451
v -0.02998979 0.3240345 0.01899105
v -0.0337516 0.321445 0.01815541
v -0.007744558 0.2127269 0.07305233
v -0.008767277 0.2128212 0.06702428
v 0.003091112 0.3293396 -0.0450736
v 0.03825487 0.3258147 -0.05524271
v 0.05730462 0.2201395 0.07354486
v 0.05820934 0.2241783 0.07564844
v 0.08120131 0.3022526 0.03992755
v 0.07906696 0.2927611 0.0487928
v 0.07907097 0.3016149 0.04424547
v 0.05389092 0.2195408 0.07666691
v 0.06311789 0.315946 -0.04891788
v 0.03399421 0.3192135 -0.06155298
v 0.07500474 0.229178 0.0522459
v 0.07668238 0.2306081 0.0478436
v 0.07309582 0.2255442 0.05007638
v 0.003031328 0.2398447 -0.06963278
v -0.02930035 0.3250125 0.01381961
v -0.02834101 0.3259631 0.008468358
v -0.02538773 0.3243986 0.01948457
v 0.07027648 0.2370703 -0.03994137
v 0.07298882 0.2398971 -0.04243287
v 0.05142234 0.2393885 -0.06057546
v 0.07074885 0.3002945 0.05553937
v 0.07462964 0.3079875 0.03783746
v 0.0785758 0.3060308 0.03930507
v 0.07283534 0.3074719 0.04155131
v 0.07134917 0.3172819 -0.03660115
v 0.0686109 0.3183106 -0.04041089
v 0.06931517 0.3140223 -0.04204467
v 0.005324334 0.3295533 -0.04100886
v 0.04466264 0.3256468 -0.04873132
v 0.01872245 0.2139927 0.08660615
v 0.02282192 0.2143764 0.08705954
v 0.0233191 0.2121114 0.08303737
v -0.01139728 0.3087029 0.07137167
v -0.009354778 0.3121775 0.0690672
v -0.003083013 0.2309705 -0.06289524
v 0.06737791 0.3203445 -0.02788559
v 0.06509339 0.3212425 -0.0315391
v 0.06879466 0.3203121 -0.03418301
v -0.006938472 0.3137026 0.06540788
v -0.01024333 0.3144146 0.06329948
v 0.08147658 0.3130318 -0.0009725189
v 0.07609098 0.3154476 -0.005102143
v -0.04089212 0.2213043 0.01507787
v -0.03761666 0.2191804 0.03587326
v -0.03888434 0.2197297 0.03097118
v -0.04194234 0.2230519 0.03205116
v -0.03337443 0.2228743 -0.01270731
v -0.04367954 0.2311372 -0.007850927
v -0.04242606 0.2316803 -0.01389609
v -0.02363226 0.2152094 0.05367834
v -0.03610706 0.2195159 0.0199309
v -0.02979327 0.2167695 0.05288742
v -0.02976178 0.2191974 0.05887159
v -0.02721381 0.2161386 0.05648266
v -0.004565567 0.3301945 -0.03966014
v -0.00158672 0.330236 -0.03609926
v -0.008082621 0.3304286 -0.0362992
v -0.0410946 0.2272355 -0.01405799
v 0.02712414 0.2125698 0.08317057
v 0.02690566 0.214889 0.08718664
v 0.06616871 0.3212642 -0.03779035
v 0.06003049 0.3228825 -0.03792975
v 0.06334636 0.3221588 -0.04109775
v 0.07659374 0.3054431 0.04337172
v -0.04060878 0.2224894 0.03715884
v -0.01718035 0.3301509 -0.02358938
v -0.01310826 0.3300796 -0.02136044
v 0.07660082 0.3010713 0.04829178
v -0.0001649112 0.2119481 0.07684889
v 0.002300158 0.2140039 0.08219005
v 0.003725499 0.2116816 0.078431
v 0.0134115 0.3083054 0.0745955
v 0.01372166 0.3101925 0.07036495
v 0.0712239 0.3193159 -0.03027422
v 0.07143053 0.3184406 -0.0196368
v 0.08431222 0.243635 -0.02923213
v 0.04677762 0.3044368 0.06833875
v 0.05096853 0.3041753 0.06654434
v 0.04744507 0.3004972 0.07070286
v 0.08138237 0.2437675 -0.03447553
v 0.07799952 0.2440065 -0.03922331
v -0.01100951 0.3281264 -0.03907198
v -0.007236436 0.3278413 -0.04264071
v -0.02436605 0.316231 0.05397255
v -0.02511741 0.3121092 0.05885752
v -0.02755567 0.3130222 0.05501412
v 0.08548376 0.2397452 -0.01966176
v 0.02700637 0.237666 -0.0699642
v 0.04544652 0.2357804 -0.06027112
v 0.05002511 0.2361349 -0.0575726
v -0.0141021 0.2200294 0.07599492
v 0.04519479 0.2157225 0.07824963
v 0.04663738 0.2183099 0.08182448
v -0.03989272 0.2263537 0.04293844
v -0.04155199 0.2269621 0.03797158
v 0.07800585 0.3134785 0.005302975
v 0.007653385 0.2115152 0.07980137
v 0.005483523 0.2116778 0.07413398
v 0.06735227 0.2306131 0.06570294
v 0.04659289 0.2391066 -0.06330055
v 0.03397213 0.3259276 -0.0556061
v 0.02956092 0.3259539 -0.05542198
v 0.02917851 0.3233982 -0.05927911
v -0.04522859 0.2290894 0.01609401
v -0.01592924 0.3158711 0.05815293
v -0.01644549 0.3137488 0.06393223
v 0.04671147 0.2435921 -0.06449277
v 0.07386994 0.3162121 -0.03249229
v -0.0175835 0.2270448 -0.04611534
v 0.01460816 0.2137615 0.08586558
v 0.0155479 0.2115426 0.08189712
v 0.05448492 0.2364534 -0.05453486
v 0.06069597 0.2398016 -0.0541049
v 0.07428353 0.2441866 -0.04364902
v 0.02643266 0.218886 0.0895009
v -0.02441719 0.2155128 0.05982456
v 0.0009225681 0.2314861 -0.06452519
v 0.003805414 0.2353514 -0.06875756
v 0.08022007 0.3066998 0.03498418
v 0.08259888 0.3073609 -0.01424944
v 0.08092609 0.3084801 -0.01956695
v -0.03210956 0.3234945 0.0073462
v 0.07351304 0.2369795 -0.03591605
v 0.07648713 0.2397468 -0.03816375
v -0.01307577 0.3129594 0.06667809
v -0.009572998 0.2152779 0.0764735
v -0.01333741 0.2158504 0.07412238
v 0.07874694 0.3116279 0.01559887
v 0.0828837 0.3110139 0.009923071
v 0.0005765706 0.3122872 0.06854911
v 0.07903056 0.3096088 -0.02464956
v 0.0855151 0.2436698 -0.02638334
v 0.004075751 0.3220601 -0.05223241
v 0.01871326 0.3191036 -0.05902009
v -0.02824108 0.2162929 0.04676465
v -0.003331266 0.3129952 0.06716753
v 0.05907335 0.3209817 -0.0500112
v -0.02263278 0.32392 -0.0270378
v -0.02713507 0.2269577 -0.0402954
v 0.06580251 0.3064172 0.05123918
v 0.03244381 0.3078009 0.0683624
v -0.02981859 0.3200079 0.03788126
v -0.0334437 0.3171074 0.03784711
v 0.06892117 0.2231875 0.05853085
v 0.0663776 0.2222628 0.06257743
v 0.07054038 0.2269406 0.06073254
v 0.05876972 0.3039146 0.06226283
v -0.03619267 0.2245895 -0.01933756
v -0.03431822 0.2251748 -0.02491735
v 0.04289581 0.3008609 0.07235307
v -0.00805293 0.2286851 -0.05492809
v -0.004614659 0.2291995 -0.05709721
v -0.03458365 0.3091607 -0.005578953
v -0.004765019 0.3304076 -0.03305139
v -0.007749446 0.3304472 -0.029587
v 0.06571653 0.304027 0.05700372
v 0.06741811 0.3000709 0.05873836
v 0.007185914 0.3287603 -0.0471452
v -0.04093505 0.2218244 0.00947882
v -0.04393819 0.2256271 0.003898214
v 0.03922987 0.2340467 -0.05842573
v -0.03116143 0.3096182 0.0506578
v 0.08647288 0.2438045 -0.02336455
v -0.02364687 0.3067932 0.06250274
v -0.03059345 0.223566 0.06020503
v -0.03548159 0.2189848 0.02497688
v 0.08258397 0.2393802 -0.02855062
v 0.0829202 0.2436759 -0.03192373
v 0.04801093 0.3252795 -0.04719317
v 0.05011806 0.3248839 -0.05131125
v 0.0512393 0.3248147 -0.04531566
v -0.04333574 0.2261488 -0.00207657
v 0.0847925 0.2395107 -0.02282127
v 0.07647806 0.2349491 0.04947715
v -0.04292311 0.2275309 0.0327808
v -0.03423555 0.3192919 0.02830851
v -0.02183028 0.2363839 -0.05500897
v 0.01279855 0.2363336 -0.07041185
v -0.00896962 0.2337246 -0.06350052
v -0.006985843 0.2304355 -0.0608926
v -0.03400719 0.3181984 0.03315327
v -0.03606957 0.315107 0.02748532
v 0.08311558 0.2923493 0.03818857
v 0.005011044 0.2319804 -0.06580155
v 0.002585605 0.2301752 -0.0603935
v 0.07262594 0.2324072 0.05784088
v 0.07294663 0.2279597 0.05654762
v 0.08233227 0.3120096 0.004478653
v 0.08441101 0.3096319 -0.002149464
v 0.03401516 0.3233671 -0.0594787
v -0.0196657 0.3241872 -0.03198417
v 0.02387821 0.319205 -0.06050848
v -0.02142029 0.2149002 0.06292101
v -0.0321746 0.2257658 -0.03030696
v -0.01299603 0.2331448 -0.06093824
v 0.04240624 0.3047813 0.06991462
v -0.03985834 0.2202629 0.02585194
v -0.003996164 0.2123011 0.07505584
v 0.06778413 0.2223359 0.05183954
v 0.06952982 0.2236469 0.04778746
v 0.08191995 0.2368494 -0.01897726
v -0.02557741 0.32687 -0.01510583
v -0.01636291 0.3242513 -0.03653743
v 0.03314734 0.3057071 0.07244601
v -0.02066656 0.3278963 -0.02566745
v -0.0144086 0.3304184 -0.02824506
v -0.03579558 0.3139789 0.03240988
v 0.001783714 0.2226605 0.08447929
v 0.00158941 0.2180225 0.08440387
v -0.04065034 0.2223515 0.00377446
v -0.04477108 0.2285856 0.02181899
v -0.04297596 0.2235879 0.02673483
v 0.05967803 0.3167725 -0.05187445
v 0.01837335 0.3075868 0.07449679
v 0.02310504 0.3089083 0.06990155
v 0.067829 0.2260905 0.06476772
v 0.04079143 0.235403 -0.06258229
v 0.06805968 0.2864928 0.06546781
v 0.06384163 0.2999559 0.06166057
v -0.02977632 0.2263607 -0.03545126
v -0.02566905 0.2252827 -0.03357419
v -0.03320107 0.3101597 -0.009076115
v -0.02759267 0.3228792 -0.01635785
v -0.03518264 0.3128525 0.03719367
v 0.0553388 0.2854968 0.07281604
v 0.05138471 0.2858319 0.07391931
v -0.01546346 0.3296775 -0.01667474
v 0.08310348 0.3100511 0.01529964
v 0.07861821 0.3107716 0.02053
v 0.07429418 0.3049436 0.04717823
v 0.007569537 0.2403541 -0.07067212
v 0.05800039 0.2184431 0.06701474
v 0.08015844 0.3129019 -0.01837812
v 0.07827237 0.3140091 -0.02337796
v -0.03570925 0.308229 -0.002251704
v 0.02829783 0.3024369 0.07599809
v 0.05878242 0.2367216 -0.05120544
v -0.001791455 0.2121219 0.0709739
v -0.03002554 0.2240754 -0.02353187
v 0.05185118 0.217027 0.07333892
v 0.02583189 0.2234897 0.08949328
v -0.02043753 0.217122 0.06874871
v -0.02761251 0.326161 -0.009556826
v 0.0380348 0.2255577 0.08743884
v 0.07117441 0.2242734 0.05435098
v -0.0004282743 0.3227503 -0.05003752
v -0.005779773 0.2387599 -0.06643041
v 0.07970969 0.2395242 -0.03360853
v -0.01003446 0.2381856 -0.06422216
v 0.06291287 0.2856331 0.06928919
v 0.05182633 0.3002206 0.06882021
v 0.05602876 0.3000352 0.06669299
v 0.04284244 0.2176249 0.08376461
v 0.04296346 0.2217377 0.08591525
v 0.04207218 0.2262941 0.08593182
v 0.03889459 0.2209952 0.08745693
v 0.01407085 0.2315055 -0.06296098
v 0.009159982 0.3108773 0.07012339
v 0.07507037 0.2893918 0.05704422
v -0.03213874 0.2173972 0.0490327
v -0.02937876 0.3253495 -0.003918826
v -0.02711879 0.3268714 0.002996145
v -0.03087817 0.3244545 0.001738793
v 0.04126813 0.3069462 0.06596839
v -0.04399911 0.228069 0.02738898
v 0.07075433 0.3070357 0.04502247
v -0.0313917 0.3213263 -0.005066517
v -0.02963181 0.3221558 -0.01075515
v 0.03871569 0.323246 -0.05908257
v -0.002150685 0.2230242 0.08270272
v -0.01324211 0.3151358 0.06087125
v 0.06032817 0.3229821 -0.04410579
v -0.001731776 0.2143379 0.08050804
v -0.04238182 0.2266856 -0.008083562
v -0.004760481 0.323342 -0.04737841
v 0.07549056 0.3172418 -0.02154317
v 0.07345606 0.3182883 -0.02606179
v -0.02626316 0.3171187 0.05021703
v -0.02959619 0.3139775 0.05097759
v 0.07207243 0.3129637 -0.03814556
v -0.02053739 0.231951 -0.05452667
v 0.01946181 0.2117627 0.0826017
v 0.02361659 0.2121622 0.07840444
v 0.07732677 0.316186 -0.01671921
v 0.07895091 0.3151273 -0.01163782
v 0.07475173 0.3164508 -0.01016459
v 0.04696044 0.222435 0.08393035
v 0.06247283 0.3201782 -0.04712145
v 0.07813045 0.3099746 0.02522883
v 0.08296014 0.3091277 0.02055097
v 0.08242671 0.3082548 0.02560271
v 0.008244812 0.235851 -0.06976608
v 0.06357493 0.2214679 0.06645569
v -0.01138473 0.213212 0.0708389
v 0.05920102 0.2854252 0.07127737
v -0.003227517 0.3274074 -0.04574194
v -0.000833869 0.3298248 -0.04258255
v 0.07729282 0.3092425 0.02967792
v 0.07612073 0.308579 0.03388011
v 0.08607401 0.3065393 0.01466866
v 0.08686256 0.3020334 0.01387499
v 0.06003913 0.2999455 0.06430971
v -0.02378938 0.3261714 0.009359642
v 0.08020172 0.2884063 0.04765117
v -0.03602093 0.3162253 0.02241772
v -0.03566517 0.3173239 0.01720154
v -0.03898226 0.2218924 0.04203125
v -0.03606385 0.2186094 0.04052791
v 0.01284873 0.3045762 0.07730322
v 0.06572369 0.221177 0.05583103
v 0.06633094 0.3150227 -0.04563797
v 0.04607743 0.2269924 0.08400298
v 0.07474509 0.2335746 0.05371469
v 0.05725859 0.3236062 -0.04067893
v 0.07649478 0.2367866 -0.0316785
v 0.03665699 0.2429553 -0.0685925
v 0.04168335 0.243291 -0.06675716
v 0.05500636 0.2177094 0.070325
v -0.02260526 0.3270134 0.004074589
v -0.02373952 0.2177996 0.06570841
v -0.02563879 0.32772 -0.002522947
v -0.01053429 0.3303407 -0.02568794
v 0.07822632 0.2865871 0.05197596
v 0.07724369 0.2909909 0.05306957
v 0.01802056 0.3038169 0.0771834
v -0.03816117 0.3049317 0.01224878
v -0.02034216 0.3173997 0.05197314
v -0.03337736 0.2179217 0.03445933
v 0.01159961 0.2114636 0.08095808
v 0.02217519 0.2323406 -0.06301825
v 0.004760265 0.3115783 0.06952833
v 0.06565249 0.3192818 -0.04391916
v -0.02116325 0.2281505 -0.04885725
v -0.01136824 0.2281539 -0.05238715
v -0.03809041 0.3045939 0.01472552
v 0.0180802 0.2319253 -0.06316891
v -0.02390478 0.328491 -0.00801436
v -0.01076519 0.2298834 -0.05850059
v 0.0348875 0.2336035 -0.06020786
v -0.01696548 0.2164696 0.07154916
v -0.03020391 0.2168405 0.04292946
v -0.03423399 0.2180133 0.04491394
v -0.01823944 0.2143079 0.06578144
v -0.01489006 0.2137429 0.06841656
v 0.001779057 0.3299465 -0.03874681
v -0.03414514 0.3203772 0.02331094
v 0.0009855106 0.3268496 -0.04837833
v 0.06338696 0.2201556 0.05971896
v -0.03501648 0.3183938 0.01182901

vn -0.2120219 0.1007844 0.9720541
vn -0.1873474 0.1143251 0.9756181
vn -0.1440589 0.1095449 0.9834871
vn 0.2975633 -0.9420061 0.1551794
vn 0.1634556 -0.9849638 -0.05593445
vn 0.2755238 -0.9391395 0.2051918
vn 0.9967045 0.05170612 -0.06250285
vn 0.9062178 0.4226488 0.01171856
vn 0.9910372 0.07337473 -0.1116306
vn -0.2454357 -0.4703481 -0.8476638
vn -0.3704301 0.1853183 -0.9101861
vn -0.3135883 -0.4773425 -0.8208572
vn -0.9045174 0.1589602 -0.3957018
vn -0.8956975 0.1471077 -0.4196252
vn -0.8939809 0.1829379 -0.4090622
vn 0.2252601 0.9132107 0.3395644
vn 0.2111127 0.9334679 0.2899467
vn 0.414869 0.7189254 0.5577007
vn 0.9970722 -0.07456613 0.01694126
vn 0.9712875 -0.1785323 0.1572475
vn 0.9879041 -0.07855468 0.1336958
vn 0.8837497 0.4522518 -0.1202279
vn 0.6010906 0.7991011 0.01130179
vn 0.8724393 0.4621879 -0.1588464
vn 0.2195665 -0.9236943 0.3139735
vn 0.1674684 -0.9580569 0.232554
vn 0.7303181 -0.05094778 0.6812047
vn 0.7606388 -0.05068391 0.6471937
vn 0.6063421 -0.6833799 0.4066216
vn 0.9829952 0.0888168 -0.1607234
vn 0.9735615 0.09712809 -0.2067463
vn 0.9887382 0.05518885 -0.1391083
vn 0.6517649 0.02989187 -0.7578318
vn 0.5558545 -0.5676354 -0.6073022
vn 0.6963895 0.02233349 -0.7173164
vn 0.3866039 -0.8383166 -0.3843991
vn 0.4365622 -0.801462 -0.4087446
vn 0.575861 -0.5878732 -0.5681453
vn 0.1828871 -0.6798268 0.7102027
vn 0.1466407 -0.2339203 0.9611335
vn 0.2618218 -0.6640943 0.7003057
vn -0.6657602 0.0538188 0.7442223
vn -0.6207908 0.02557083 0.7835591
vn -0.6634921 0.01476508 0.7480376
vn -0.2781637 0.4735078 -0.8357125
vn -0.1579732 0.7091292 -0.6871538
vn -0.2434843 0.6056379 -0.7575738
vn -0.9873331 0.1164129 -0.1078026
vn -0.9929017 0.1130042 -0.03709971
vn -0.995354 0.07402791 -0.06156561
vn -0.106288 -0.361373 0.9263436
vn -0.03387286 -0.2680593 0.9628068
vn 0.2741386 -0.9030542 0.3306677
vn 0.3448141 -0.5835712 0.7352197
vn -0.7846082 -0.5113063 0.3506505
vn -0.8409061 0.03306156 0.5401702
vn -0.7515037 -0.5263612 0.3977261
vn 0.2631787 0.1040225 -0.9591227
vn 0.1433527 0.1181751 -0.9825908
vn 0.2196693 0.07374536 -0.9727831
vn 0.3774595 -0.4635867 -0.8016306
vn 0.3176262 -0.4520848 -0.8335065
vn 0.2476613 -0.8333215 -0.4942057
vn -0.9665651 0.1539044 -0.2050982
vn -0.9394245 0.3200668 -0.1226327
vn -0.9762958 0.1325298 -0.171121
vn 0.9087679 0.3966328 0.1297046
vn 0.9974966 -0.014641 0.06918097
vn 0.902782 0.3810169 0.1995264
vn -0.9908687 0.07258437 -0.1136253
vn -0.9608645 0.08424239 0.263899
vn -0.7628375 0.5213431 0.3824662
vn -0.9382958 0.07664666 0.3372334
vn -0.1902853 -0.283597 0.9398745
vn -0.511494 -0.8396969 -0.182436
vn -0.4524296 -0.8799824 -0.1447013
vn -0.07622831 -0.9906459 -0.1131804
vn -0.9563192 0.1021277 -0.2739039
vn -0.8079657 -0.5107551 -0.2938037
vn -0.9397303 0.1125578 -0.3228584
vn -0.07044359 -0.9933046 -0.09156258
vn -0.1000031 -0.9895557 -0.1038213
vn -0.09469739 -0.992428 -0.07822381
vn 0.02374852 0.9797967 0.1985809
vn -0.3400913 0.919065 0.1991417
vn -0.4076254 0.8990484 0.1598549
vn 0.08062229 -0.8289794 -0.5534377
vn 0.1081787 -0.4430882 -0.8899271
vn 0.03413629 -0.446196 -0.894284
vn -0.2775592 0.9607075 -0.001366958
vn -0.6043961 0.7694768 -0.2064241
vn -0.1856622 0.9825773 0.008447729
vn -0.4242028 0.8408992 0.3360663
vn -0.7788614 0.5406418 0.3179331
vn -0.3495881 0.8919152 0.286837
vn -0.274589 -0.8631594 -0.4237411
vn -0.2387054 -0.8592034 -0.4525364
vn -0.5119399 -0.4992304 -0.6990612
vn 0.5155109 -0.6404311 0.5692948
vn 0.5567545 0.01488463 0.8305437
vn 0.6226307 -0.001902013 0.7825135
vn 0.8465889 -0.02799649 0.5315105
vn 0.8280662 -0.02985132 0.5598351
vn 0.8079308 -0.02207608 0.5888638
vn -0.7397417 -0.5178179 -0.4297055
vn -0.8603085 0.1457803 -0.4884848
vn 0.0807635 -0.985658 -0.1481737
vn 0.03715981 -0.8318089 -0.5538167
vn -0.01242919 -0.807582 -0.5896243
vn -0.4821071 -0.2208856 0.8478103
vn -0.4306217 -0.2410702 0.8697415
vn -0.3986489 -0.6754508 0.6203589
vn 0.3523746 0.7197229 0.5981898
vn 0.2192895 0.9032629 0.36882
vn -0.1164382 0.9581506 0.2615144
vn -0.04689656 0.9741268 0.2210829
vn -0.08693223 0.1259582 0.9882193
vn -0.1119473 0.1733992 0.9784685
vn -0.05451365 0.1652777 0.9847393
vn -0.6183885 0.207202 -0.7580652
vn -0.6928652 0.2025192 -0.6920432
vn -0.658823 0.1674961 -0.7334149
vn 0.1329584 -0.9807827 -0.1427842
vn 0.1302154 -0.9816638 -0.1392125
vn 0.1368571 -0.9810277 -0.1373129
vn 0.5777431 0.7736155 0.2602538
vn 0.8903584 0.3648647 0.2722788
vn -0.7082247 -0.5174447 -0.4802799
vn -0.8261533 0.140799 -0.5455697
vn 0.1848774 0.954782 -0.232834
vn 0.09587029 0.9884686 -0.1172126
vn 0.3149931 0.7107655 -0.6289608
vn 0.373176 0.08833621 -0.9235455
vn 0.2391833 0.6527023 -0.7188679
vn 0.184472 -0.9708968 -0.1527399
vn 0.2830514 -0.9461704 -0.1569825
vn 0.6715696 -0.622211 -0.402303
vn 0.4933631 0.6250085 -0.6049439
vn 0.4160905 0.6368914 -0.6490285
vn 0.4694213 0.07841631 -0.8794854
vn -0.9302377 0.3269023 -0.1667112
vn 0.1266435 0.9879408 0.08907522
vn 0.2996362 0.9247025 -0.2348268
vn 0.344846 0.9156502 -0.2065576
vn -0.7884156 -0.5141382 -0.3377316
vn -0.7659848 -0.5165923 -0.382622
vn -0.9196489 0.1242496 -0.3725692
vn 0.486288 -0.8693993 -0.0875717
vn 0.7407548 -0.6132072 -0.2743344
vn 0.3364024 -0.9319305 -0.1354208
vn -0.8710936 -0.4878544 -0.05651608
vn -0.9974277 0.07158056 -0.003770872
vn -0.8752741 -0.4835835 -0.006506547
vn -0.2405704 -0.7145367 0.6569347
vn -0.2574266 -0.2809069 0.9245663
vn -0.1807702 -0.7208137 0.669141
vn 0.1925631 0.7699491 0.6083566
vn 0.1376569 0.1901149 0.9720632
vn 0.1666271 0.7161329 0.6777824
vn 0.5048674 -0.5221452 -0.687367
vn 0.5978867 0.03002534 -0.8010181
vn 0.5510884 0.02478959 -0.8340786
vn -0.1130194 0.120664 -0.9862387
vn -0.03144144 0.116021 -0.992749
vn -0.1067275 0.162205 -0.9809683
vn -0.5410845 0.4453266 0.7133806
vn -0.6058471 0.458589 0.6501119
vn -0.6233488 -0.5112959 -0.5916188
vn -0.7847319 0.1560874 -0.5998606
vn -0.6695545 -0.5153215 -0.5349211
vn 0.2099728 -0.8289701 -0.5183821
vn 0.1685187 -0.8270723 -0.5362396
vn 0.1213965 -0.9816927 -0.1467727
vn 0.091223 -0.9860489 -0.139233
vn 0.07122999 -0.9878634 -0.13803
vn -0.5848423 0.1720493 -0.7926906
vn -0.4811532 0.05753868 0.8747461
vn -0.5222011 0.01977649 0.8525931
vn -0.4950384 0.06207319 0.866651
vn 0.7146283 0.06830966 0.696161
vn 0.7555475 0.07299467 0.6510145
vn 0.593756 0.1550537 0.7895645
vn 0.5651606 0.1138527 0.817087
vn -0.5853223 0.0579081 0.8087301
vn -0.3191035 -0.2720471 0.9078344
vn -0.3259329 0.07964262 0.9420323
vn -0.2721521 0.08562578 0.958437
vn -0.423653 0.877633 0.2242285
vn -0.3794222 0.07929759 0.9218192
vn -0.2689911 0.09854634 0.9580879
vn 0.2833822 0.3236535 0.9027418
vn 0.2430466 0.3169786 0.9167622
vn 0.2383301 0.7591609 0.6057007
vn -0.5250312 -0.8504025 -0.03402706
vn -0.8760619 -0.4802194 0.04364554
vn -0.8802875 0.03742446 0.4729624
vn -0.8127586 -0.4988223 0.3009978
vn -0.9090766 0.03433669 0.4152117
vn 0.4994613 0.6899262 0.5239659
vn 0.472568 0.7572472 0.4508393
vn 0.6855012 0.4056588 0.60459
vn -0.09760255 0.795654 0.5978365
vn -0.1940716 0.3885424 0.9007614
vn -0.2893919 0.4033809 0.8680646
vn 0.03504466 0.830816 0.5554428
vn -0.03794778 0.7866099 0.6162831
vn 0.1434025 0.07823676 -0.9865671
vn 0.06720351 0.09877617 -0.9928378
vn 0.8860383 -0.4610203 0.04895443
vn 0.7532002 -0.657791 0.0006932053
vn -0.812272 0.05963979 0.5802219
vn -0.860009 0.06037231 0.506695
vn 0.9006067 0.433105 -0.0364357
vn -0.711832 0.02587565 0.701873
vn -0.6733895 -0.5617723 0.4805814
vn -0.7576104 0.01811505 0.6524556
vn 0.05888119 0.77205 0.6328285
vn 0.9096451 0.1114994 -0.400142
vn 0.8203186 0.5002851 -0.2771139
vn 0.8811262 0.1081296 -0.4603527
vn 0.04754509 -0.9899601 -0.1331107
vn 0.03376466 -0.98954 -0.1402516
vn 0.02810387 -0.9912351 -0.1290858
vn 0.08428875 0.1553411 0.9842584
vn 0.1956185 0.1667948 0.9663917
vn 0.240642 -0.2146031 0.9465923
vn 0.9595599 0.07761968 0.270592
vn 0.9584276 -0.018004 0.2847671
vn 0.9076816 0.2470548 0.3392317
vn 0.1264253 0.9788305 0.1609585
vn 0.1402971 0.9761586 0.1656235
vn 0.121022 0.9780085 0.1698621
vn 0.1248806 -0.8272327 -0.5478055
vn -0.4659089 0.4319734 0.7722227
vn -0.3252983 0.8020081 0.5009631
vn -0.2936849 0.8564626 0.4245244
vn 0.5515227 0.06791006 -0.8313909
vn 0.5012223 0.03629617 -0.864557
vn 0.2515951 -0.4453095 -0.8593017
vn -0.4230916 -0.8851761 -0.1935375
vn 0.9866783 -0.07941292 0.1419842
vn 0.98665 -0.07181231 0.1461665
vn -0.001942329 -0.9908156 -0.1352053
vn 0.01221978 -0.990685 -0.1356242
vn -0.337649 -0.8693631 -0.3608336
vn -0.5976719 0.7150043 -0.3627079
vn -0.550189 0.7127154 -0.4351193
vn -0.2034486 0.9670651 -0.1529503
vn -0.7599946 0.6498952 0.006664298
vn -0.3190018 0.9361948 0.1475708
vn -0.77114 0.6348981 0.0474074
vn -0.2462182 -0.9422197 0.2271535
vn -0.04474258 -0.9934239 -0.1053899
vn 0.02382 0.9836592 -0.1784577
vn 0.07792787 0.9610999 -0.2649795
vn 0.5824517 -0.6666385 0.465127
vn 0.682126 -0.02768771 0.7307102
vn 0.8693637 0.279376 0.4076223
vn 0.8923996 0.176221 0.4154143
vn 0.7939375 0.3658191 0.4856332
vn 0.5527659 -0.6515986 0.5194893
vn 0.6948704 0.07146248 -0.7155755
vn 0.0197057 0.1380562 -0.9902283
vn 0.9026581 -0.3171127 0.290943
vn 0.9605082 -0.1306667 0.2456626
vn 0.5658929 -0.8232948 -0.04416891
vn -0.276331 0.1596863 -0.9477032
vn -0.3845764 0.9170193 0.1057192
vn -0.2940752 0.9500861 0.1041929
vn 0.06414305 0.9802641 0.1869971
vn 0.4514122 -0.8003182 -0.394611
vn 0.5945463 -0.6045561 -0.5301194
vn 0.470758 -0.4998395 -0.7270126
vn 0.6322392 0.4141867 0.6547694
vn 0.1604903 0.9649163 0.2077961
vn 0.5569701 0.753448 0.3494287
vn 0.1823658 0.9572075 0.2247141
vn 0.7613797 0.5350237 -0.366129
vn 0.7224295 0.554197 -0.4134749
vn 0.8071541 0.0917459 -0.5831681
vn 0.08257947 0.9946998 -0.06126012
vn 0.09504816 0.9950894 -0.02762205
vn -0.03409722 -0.7762003 0.6295637
vn 0.0251545 -0.7082337 0.7055298
vn 0.07792 -0.9619083 0.2620318
vn -0.381396 0.418101 0.8244566
vn -0.1550136 0.8045882 0.573244
vn -0.1030907 -0.8669028 -0.4877005
vn 0.1376121 0.9780549 0.1564334
vn 0.1390504 0.9795558 0.14538
vn 0.478032 0.8727578 -0.0988896
vn 0.0742403 0.9714074 0.2255131
vn 0.06400866 0.9736631 0.2188218
vn 0.5335725 0.843646 0.0596805
vn 0.138975 0.9775376 0.1584498
vn -0.5571964 -0.8282291 -0.05973951
vn -0.5639792 -0.823166 0.06576533
vn -0.4927638 -0.8700732 0.01250988
vn -0.8661319 -0.4783871 0.1447804
vn -0.04947295 -0.9915952 -0.119546
vn -0.983094 0.08325835 -0.1630777
vn -0.9708734 0.09606494 -0.219491
vn -0.1395432 -0.9887533 -0.05380337
vn -0.1349883 -0.9864882 -0.09283899
vn -0.4890923 -0.8529372 0.1824475
vn -0.7141458 -0.5433819 0.4412844
vn -0.4056422 -0.9012677 0.1522201
vn -0.1376724 0.9599006 -0.2442074
vn 0.09897861 0.9944311 0.03619275
vn -0.1723389 0.9645821 -0.1997015
vn -0.8251882 -0.506696 -0.2496472
vn 0.1223725 -0.941539 0.3138934
vn 0.1031653 -0.6952081 0.7113667
vn 0.4228759 0.9006926 -0.0996438
vn 0.1386501 0.9814106 0.1326999
vn 0.4494638 0.8740131 -0.1846173
vn 0.5405886 0.7442181 0.3923052
vn -0.8545273 -0.4810478 0.1958983
vn -0.2505587 0.9660003 -0.06374796
vn 0.1209071 0.9825695 0.141205
vn 0.739553 0.3899971 0.5486014
vn -0.192353 -0.9434505 0.270003
vn -0.2961685 -0.7043716 0.6450928
vn -0.1264082 -0.9731017 0.192598
vn 0.09337278 0.7319341 0.6749475
vn 0.1388796 0.9656475 0.21963
vn 0.4709476 0.8806636 -0.05138001
vn 0.3000603 0.9501967 0.08420234
vn 0.9005284 0.07118732 -0.4289301
vn 0.2840184 0.7513933 0.595602
vn 0.3333096 0.6853051 0.6475041
vn 0.3630187 0.3692818 0.8554814
vn 0.827946 0.04351087 -0.5591174
vn 0.7871616 0.04232259 -0.6152929
vn -0.4940611 0.7064729 -0.5067541
vn -0.4312147 0.6962131 -0.5738826
vn -0.4200346 0.7997378 0.4289409
vn -0.6598212 0.4722416 0.584486
vn -0.7467156 0.412427 0.5218427
vn 0.6945459 -0.7178911 -0.04731197
vn 0.1812433 -0.4425387 -0.8782428
vn 0.3181411 -0.8252895 -0.4665656
vn 0.3306854 -0.8427871 -0.4246846
vn -0.5576724 0.02799933 0.8295888
vn 0.4005649 -0.8214042 0.4060085
vn 0.4686261 -0.6355011 0.6136186
vn -0.9309654 0.05134505 0.361479
vn -0.9545065 0.05208383 0.2936066
vn 0.1448486 0.9764796 0.1597074
vn -0.09825704 -0.9678556 0.2315194
vn 0.003817465 -0.99243 -0.1227525
vn 0.7929937 -0.02058134 0.608882
vn 0.4287446 -0.4798768 -0.7654386
vn 0.02307398 0.9105417 -0.4127728
vn -0.06814457 0.8610106 -0.504001
vn -0.09094901 0.7538608 -0.6507089
vn -0.9941326 0.08425733 0.06783099
vn -0.002343239 0.9681609 0.2503175
vn -0.254124 0.8207919 0.5115874
vn 0.4345783 0.04324164 -0.8995953
vn 0.7937993 0.5168532 -0.3205392
vn 0.02169698 -0.9898176 -0.1406784
vn -0.115709 -0.7222012 0.6819361
vn -0.01051887 -0.9699394 0.2431194
vn 0.3323774 -0.8628637 -0.3807775
vn 0.5327222 -0.5452444 -0.6472369
vn 0.7374186 0.03529188 -0.6745134
vn 0.05420849 -0.2525499 0.9660642
vn -0.4327372 -0.8733273 0.2236922
vn -0.09683443 -0.8155714 -0.5704967
vn -0.1782499 -0.463528 -0.8679682
vn 0.5693611 0.7633833 0.3050801
vn 0.9614089 0.1077503 -0.2531455
vn 0.9472495 0.10994 -0.3010506
vn -0.7475669 0.6634607 -0.03104286
vn 0.4230999 -0.8380525 -0.3444626
vn 0.6168485 -0.6155544 -0.4905004
vn -0.2075911 0.8129042 0.544144
vn -0.4469495 -0.6580127 0.6060159
vn -0.4939432 -0.6393641 0.5892653
vn 0.1442605 0.9748538 0.1698496
vn 0.5776831 0.8097581 0.1028307
vn 0.1121909 0.9733961 0.199783
vn 0.929846 0.1149717 -0.3495251
vn 0.9328146 0.08236338 -0.3508179
vn -0.3839149 0.2104829 -0.8990585
vn -0.3438364 0.2155396 -0.913958
vn -0.1893774 -0.9813084 -0.03420747
vn 0.09714521 0.9742705 0.2033712
vn 0.5619224 0.6100696 -0.5586218
vn -0.8696789 0.1819782 -0.4588494
vn -0.3638613 -0.8710058 -0.3300818
vn 0.2078398 0.9402708 0.2696172
vn 0.160707 0.950547 0.2657701
vn -0.4305503 0.8642934 0.2600448
vn -0.7875862 0.560703 0.2555785
vn 0.6601284 -0.7222551 0.2063449
vn 0.6435767 -0.713289 0.2775389
vn 0.8378448 -0.3062855 0.4518908
vn 0.4055116 0.6826603 0.6078939
vn -0.4801444 -0.8446546 -0.2366854
vn -0.3905593 -0.8892156 -0.2382419
vn 0.3239757 0.3678126 0.8716385
vn 0.05324687 -0.988188 -0.1436981
vn 0.06283341 -0.9871717 -0.1467783
vn -0.9434469 0.1490552 -0.2961256
vn 0.1049998 0.9919757 0.07042222
vn 0.110061 0.9890689 0.09812958
vn 0.4241659 0.7486295 0.509546
vn 0.5854962 0.4280126 0.688476
vn -0.07250624 0.8801143 -0.4691927
vn -0.4760759 -0.8746544 -0.09127631
vn -0.8637545 -0.4925306 -0.1064978
vn 0.1791094 -0.971761 -0.153624
vn -0.9043307 0.06673851 0.4215826
vn 0.9638921 0.07701366 -0.2549136
vn -0.7498889 0.05436654 0.6593261
vn -0.7952487 0.02963715 0.6055586
vn -0.1941991 -0.9783944 -0.0709298
vn 0.704437 -0.6192694 -0.3468053
vn 0.8688433 0.06516725 -0.4907794
vn 0.1105855 0.9935648 0.02449113
vn 0.2498882 0.9320329 -0.2624321
vn 0.1197493 0.9909894 0.06000078
vn -0.8533747 -0.4973655 -0.1561388
vn 0.776475 -0.6032863 -0.1820228
vn 0.9432407 -0.05640553 0.3272849
vn -0.9719083 0.0588363 0.227887
vn -0.787208 0.6000561 0.1422539
vn -0.7259064 0.1620761 -0.6684244
vn -0.03915769 -0.4510765 -0.8916259
vn -0.3818797 -0.4846869 -0.7869222
vn -0.1611612 -0.8506876 -0.5003575
vn -0.7899711 0.5807216 0.1967438
vn -0.9760851 0.2059314 0.0696428
vn 0.9789249 -0.06516831 0.1935439
vn -0.03112931 -0.8598437 -0.5096074
vn 0.07178909 -0.9862718 -0.1487088
vn 0.8737406 -0.04106484 0.4846556
vn 0.8713947 -0.3163706 0.3749413
vn 0.5730437 0.8161002 0.07484202
vn 0.8930744 0.4427608 -0.07988169
vn 0.02600295 0.5921907 -0.8053782
vn -0.8222344 0.1851852 -0.5381795
vn -0.2240611 0.1871375 -0.9564393
vn -0.3502932 -0.9193376 0.1792015
vn -0.3700877 -0.8905758 -0.2644048
vn -0.448566 -0.4920944 -0.7460775
vn 0.2762415 0.6923274 0.6666134
vn -0.5688884 -0.822407 0.003571197
vn -0.1947561 -0.9614508 0.1941198
vn 0.3897179 -0.9157003 -0.09804513
vn 0.4964932 -0.864575 -0.07748942
vn 0.6033145 -0.7955666 -0.05554693
vn -0.6840309 0.7043006 -0.1899007
vn -0.7589073 0.1967189 -0.6207748
vn 0.2245917 0.7026156 0.6751962
vn -0.6350151 0.7136806 -0.2956616
vn -0.229851 0.9674101 -0.1062368
vn -0.989783 0.09825336 0.1033241
vn -0.3802826 0.06877928 0.9223094
vn -0.3765436 -0.2584315 0.8896224
vn -0.5381464 -0.8339349 -0.1222749
vn -0.9912812 0.06548206 0.1143402
vn -0.8731462 -0.4783002 0.09404611
vn 0.6264263 0.0725079 -0.7761009
vn 0.1371433 0.7829421 0.6067895
vn 0.1484319 0.9591566 0.2408044
vn 0.8027713 -0.2887971 0.5216842
vn 0.2795509 -0.8405539 -0.4640262
vn 0.6506382 0.0580665 0.7571646
vn 0.5430044 0.4172847 0.7287109
vn -0.4259764 -0.8462999 -0.3198757
vn -0.0153463 -0.9915371 -0.128913
vn -0.925943 0.1544004 -0.3446595
vn -0.89801 0.302948 -0.319062
vn -0.9767624 0.09269111 0.1932449
vn 0.3242012 0.1764283 0.9293904
vn 0.2216867 0.1719413 0.9598391
vn 0.1292592 0.9790263 0.1574782
vn 0.5813108 0.8023584 0.1352732
vn 0.129868 0.9756958 0.1764991
vn 0.5523779 0.7032107 0.4476307
vn -0.1845239 0.1430996 -0.9723546
vn 0.2884006 -0.9569913 0.03150915
vn 0.8586621 0.473167 -0.1970087
vn 0.8416181 0.4857612 -0.23604
vn -0.95801 0.1432485 -0.2483882
vn 0.2018826 0.1825905 0.9622391
vn 0.2494054 -0.9377415 -0.2417393
vn -0.01976735 -0.9931096 -0.1155094
vn -0.0315256 -0.991522 -0.1260565
vn 0.3143438 -0.939167 0.1383954
vn -0.005172315 0.1404106 0.9900799
vn -0.5854521 -0.6005367 0.5446114
vn -0.7030271 0.6960952 -0.1456169
vn 0.2778055 0.1458162 0.949506
vn 0.6767617 -0.7246555 0.1298765
vn -0.4532491 0.212334 -0.8657249
vn -0.4246659 0.1777413 -0.8877313
vn 0.5869883 -0.6885282 -0.4258798
vn -0.5059856 0.1755079 -0.8444972
vn 0.4920051 0.1257729 0.8614594
vn 0.4118531 0.3898787 0.8236333
vn 0.4548805 0.3975921 0.7968715
vn 0.4105918 -0.6384943 0.6509528
vn 0.4214458 -0.1830183 0.8881936
vn 0.3707844 0.1159041 0.9214582
vn 0.3228985 -0.1119503 0.9397892
vn 0.09127703 -0.9845073 -0.1497126
vn 0.1306529 0.9702611 0.2037724
vn 0.7802511 0.2467014 0.5747578
vn -0.4798249 -0.8668898 0.135167
vn -0.7194316 0.6865082 -0.1054744
vn -0.3166206 0.9458581 0.07144193
vn -0.7341076 0.6756381 -0.06781583
vn 0.2088994 0.8897274 0.4058896
vn -0.9841467 0.06627408 0.1645088
vn 0.1836 0.9541025 0.2365998
vn -0.9208138 0.3268766 -0.2127289
vn -0.9104081 0.3194291 -0.262911
vn 0.1363042 0.6571103 -0.7413684
vn -0.4327051 0.06377599 0.8992769
vn 0.0249814 0.9684652 0.2478931
vn 0.3852869 0.9053953 -0.178363
vn -0.3485928 -0.6911117 0.6331253
vn -0.8403394 -0.5021859 -0.2040563
vn -0.5375935 0.2105121 -0.8165035
vn 0.570429 0.8195041 -0.05498961
vn 0.5519804 0.8304082 -0.07576336
vn -0.33714 0.873306 0.3516721
vn -0.7387131 0.5037723 0.4477907
vn 0.8475819 0.1024894 -0.5206735
vn -0.5705444 -0.5057427 -0.647073
vn 0.04718775 -0.9851347 0.1651757
vn 0.109415 -0.984311 -0.1384206
vn 0.5117885 0.8591104 0.001386317
vn 0.5533102 0.8329481 0.006734564
vn 0.2876665 0.9520268 0.1043699
vn 0.5072332 0.0108068 0.8617411
vn 0.6229196 0.5925836 -0.5107014
vn 0.1471831 0.9719664 0.1833532
vn 0.5833405 0.793531 0.17327
vn 0.5823702 0.7837451 0.2158442
vn -0.1101392 -0.4569719 -0.8826358
vn 0.6261607 -0.6996403 0.3441312
vn -0.3011897 -0.9162858 0.2640174
vn 0.4139587 0.1547168 0.8970513
vn -0.3634041 0.6826497 -0.6339771
vn -0.1002443 0.9533419 -0.2847635
vn 0.1533899 0.9693305 0.1920151
vn 0.1659626 0.965161 0.2022886
vn 0.909327 0.4107208 0.06657905
vn 0.9996763 0.02536516 0.001962701
vn 0.4940722 0.4169043 0.7629439
vn 0.08617916 0.9797614 0.1806678
vn 0.9307941 -0.03712408 0.363654
vn -0.9680114 0.2503408 0.01683586
vn -0.9585359 0.2831164 -0.03246652
vn -0.87051 -0.4109357 0.2708212
vn -0.5123537 -0.8549164 0.08131281
vn 0.0241676 0.1775232 0.9838198
vn 0.1908479 -0.9704958 -0.1473604
vn 0.7574811 0.08361506 -0.6474804
vn 0.4499954 0.09054447 0.8884288
vn 0.9137217 -0.04980488 0.4032768
vn 0.131729 0.9849334 0.1120425
vn 0.2246975 -0.9552292 -0.192479
vn 0.3078174 0.06025101 -0.9495358
vn 0.3743445 0.04405577 -0.9262426
vn 0.304529 -0.9485274 0.08693609
vn 0.125073 0.9763692 0.1762382
vn -0.6301758 -0.5809811 0.515111
vn -0.264755 0.9623997 0.0607589
vn 0.1142579 0.986123 0.1204434
vn 0.8933987 -0.03350395 0.4480138
vn 0.8388997 0.2183774 0.4985565
vn 0.08187724 0.1941001 0.9775589
vn -0.9943196 0.1043703 0.02086433
vn -0.07366964 0.9594662 0.2720249
vn -0.2573552 -0.9655344 -0.03887866
vn -0.05625166 -0.97009 0.2361382
vn 0.1110707 -0.9825148 -0.1494256
vn 0.127611 0.9756629 0.178318
vn 0.676399 0.5736581 -0.4619533
vn -0.3077035 -0.8666424 -0.3927459
vn 0.04234801 -0.9885613 -0.1447524
vn -0.9926731 0.09597771 0.0734053
vn 0.1005634 -0.9839664 -0.1472999
vn -0.3361873 0.9417717 0.006639221
vn -0.2006234 -0.854977 -0.4782934
vn 0.1536213 -0.9762698 -0.1526359
vn -0.5399976 -0.6200631 0.5691436
vn -0.2738543 -0.9616954 -0.01207599
vn -0.535301 -0.8342372 0.1322922
vn -0.3685844 -0.8951362 0.2507525
vn -0.2901078 -0.9374053 0.1926365
vn 0.09194913 0.9957471 -0.00573568
vn -0.7805413 0.6182263 0.09247369
vn -0.2930129 0.6668043 -0.685212
vn 0.1653734 -0.9766068 -0.1374437
vn -0.9488264 0.30587 -0.0785621

vt 0.04822075 0.3571597
vt 0.9261007 0.5619642
vt 0.05328196 0.3677922
vt 0.1112775 0.416882
vt 0.09384185 0.3731434
vt 0.1000533 0.3997433
vt 0.261338 0.8643765
vt 0.2576251 0.8827427
vt 0.2913638 0.8659706
vt 0.4927288 0.3459595
vt 0.4999523 0.3569825
vt 0.4989171 0.3327386
vt 0.7015517 0.5045606
vt 0.5722041 0.2181944
vt 0.68507 0.5594884
vt 0.01937386 0.7593461
vt 0.02887884 0.7717665
vt 0.03738928 0.758903
vt 0.3115435 0.5944083
vt 0.1784951 0.5306648
vt 0.304824 0.5977908
vt 0.355468 0.8763999
vt 0.3654683 0.8939813
vt 0.3828016 0.8675849
vt 0.09024099 0.3811675
vt 0.08565846 0.3713636
vt 0.1229884 0.4691779
vt 0.1305561 0.4778312
vt 0.1278015 0.4551756
vt 0.3212866 0.8640076
vt 0.3495203 0.8587154
vt 0.3181772 0.5908614
vt 0.3918971 0.5336616
vt 0.3870231 0.5179665
vt 0.3815688 0.5447276
vt 0.3829658 0.5034512
vt 0.3732682 0.5138009
vt 0.3770364 0.5285218
vt 0.07987589 0.3811209
vt 0.07359445 0.3913628
vt 0.08475733 0.39153
vt 0.8794646 0.5181389
vt 0.001873434 0.2594657
vt 0.9936804 0.2481578
vt 0.578405 0.6606405
vt 0.5696778 0.6713342
vt 0.6082618 0.637405
vt 0.7465442 0.4686184
vt 0.7529715 0.4658036
vt 0.7265601 0.1191336
vt 0.05885345 0.3586258
vt 0.06378338 0.3695718
vt 0.09501252 0.3906366
vt 0.08984506 0.4016501
vt 0.9528307 0.1764726
vt 0.9548029 0.2015667
vt 0.9644506 0.1888817
vt 0.5311518 0.7039265
vt 0.5389489 0.6924299
vt 0.4535107 0.4460176
vt 0.4321982 0.45808
vt 0.4400479 0.4456951
vt 0.4347919 0.4326372
vt 0.7328375 0.4770028
vt 0.7455247 0.5259449
vt 0.739831 0.4723547
vt 0.1981364 0.8688868
vt 0.2066582 0.8517483
vt 0.1738575 0.8584434
vt 0.6938235 0.1259346
vt 0.8218126 0.5010831
vt 0.8310723 0.5189568
vt 0.8317139 0.501147
vt 0.05377549 0.3477093
vt 0.6364859 0.1053692
vt 0.67045 0.09197915
vt 0.6551304 0.07850179
vt 0.6178826 0.1657664
vt 0.6050442 0.1520542
vt 0.6000478 0.1827485
vt 0.02739438 0.2326882
vt 0.7591846 0.0637317
vt 0.01322788 0.2086949
vt 0.7952439 0.5600608
vt 0.7934554 0.5440688
vt 0.7832663 0.5478159
vt 0.4617781 0.3847992
vt 0.4613673 0.4087369
vt 0.4679205 0.3963717
vt 0.7022051 0.5879959
vt 0.6882353 0.5765795
vt 0.6906703 0.5944474
vt 0.8309213 0.5376574
vt 0.8216115 0.5190427
vt 0.8219498 0.5378531
vt 0.5158422 0.2662407
vt 0.5093582 0.2813587
vt 0.518433 0.2902656
vt 0.107113 0.4297785
vt 0.1018597 0.4423127
vt 0.1085937 0.4514921
vt 0.1022699 0.720879
vt 0.1407805 0.5078409
vt 0.09363979 0.7052213
vt 0.5610555 0.2066204
vt 0.5610969 0.235814
vt 0.4686925 0.352509
vt 0.4678779 0.3727487
vt 0.4738173 0.3605979
vt 0.0239751 0.2929595
vt 0.03059617 0.3040003
vt 0.03152785 0.2820956
vt 0.01776999 0.7337255
vt 0.0005925894 0.7341962
vt 0.8313068 0.5536532
vt 0.8139709 0.5550805
vt 0.05821431 0.3784978
vt 0.9216191 0.5776823
vt 0.9306213 0.5890493
vt 0.6318798 0.5969302
vt 0.6417545 0.5890125
vt 0.5269101 0.3008575
vt 0.4383314 0.4104521
vt 0.08545405 0.3547401
vt 0.1384556 0.449102
vt 0.140217 0.8625035
vt 0.1530339 0.8467558
vt 0.5505895 0.2246569
vt 0.5512812 0.2530293
vt 0.5385843 0.738021
vt 0.5455453 0.7270334
vt 0.5307842 0.7271808
vt 0.5234087 0.7154059
vt 0.5382625 0.7157645
vt 0.3380694 0.5422552
vt 0.3326389 0.5455632
vt 0.3402355 0.5581479
vt 0.5155212 0.7500279
vt 0.5232462 0.7386189
vt 0.515617 0.7268047
vt 0.7333556 0.5321509
vt 0.5251997 0.7783225
vt 0.5243263 0.7604576
vt 0.5167612 0.771848
vt 0.5876322 0.1699119
vt 0.5732129 0.188261
vt 0.5850197 0.2003895
vt 0.3212847 0.5518486
vt 0.3285106 0.5652905
vt 0.3270527 0.5487604
vt 0.7594247 0.09837297
vt 0.7609048 0.1165904
vt 0.7978225 0.1002796
vt 0.04990822 0.3156233
vt 0.04844502 0.3368219
vt 0.05541223 0.3266935
vt 0.9607306 0.6551815
vt 0.9582266 0.6267051
vt 0.9514798 0.6418173
vt 0.4061733 0.4949259
vt 0.4019039 0.5218918
vt 0.411547 0.5096124
vt 0.4808775 0.3955432
vt 0.4743479 0.4082013
vt 0.5550689 0.6696342
vt 0.8767177 0.5348881
vt 0.8677256 0.5295253
vt 0.5330905 0.258948
vt 0.542464 0.2696377
vt 0.5413701 0.2421626
vt 0.4420305 0.4206589
vt 0.4489048 0.4087203
vt 0.4449431 0.3988737
vt 0.07703099 0.3348415
vt 0.07256261 0.3242843
vt 0.5198091 0.3155928
vt 0.01843491 0.3034162
vt 0.0169926 0.2818578
vt 0.898086 0.5325291
vt 0.07684231 0.7039067
vt 0.08478096 0.7181755
vt 0.06887624 0.6907721
vt 0.06486395 0.6846195
vt 0.8887883 0.524803
vt 0.04281583 0.3259204
vt 0.03729153 0.3358764
vt 0.04291162 0.3465478
vt 0.803265 0.5411156
vt 0.9073923 0.5413179
vt 0.9167537 0.5511796
vt 0.9870002 0.666752
vt 0.9773308 0.6534238
vt 0.9795783 0.6820531
vt 0.8443327 0.08909962
vt 0.8325695 0.1063018
vt 0.942837 0.1895204
vt 0.9398116 0.1638747
vt 0.9294932 0.1773598
vt 0.05794895 0.7841932
vt 0.06887478 0.7970199
vt 0.07950482 0.7824556
vt 0.8991629 0.5735782
vt 0.912592 0.567059
vt 0.9035671 0.5573909
vt 0.9162043 0.59314
vt 0.9076579 0.5828441
vt 0.4607176 0.4334097
vt 0.467645 0.4208148
vt 0.3092897 0.5754328
vt 0.1746369 0.5048485
vt 0.8606371 0.5080264
vt 0.8510983 0.5046073
vt 0.2910952 0.8845071
vt 0.9849821 0.236736
vt 0.9846741 0.2130602
vt 0.9756888 0.2251751
vt 0.9247996 0.6042936
vt 0.432762 0.8180743
vt 0.4421733 0.8326726
vt 0.4470225 0.8063568
vt 0.06783888 0.3134197
vt 0.5075522 0.2611785
vt 0.06287247 0.3023542
vt 0.06806383 0.3999847
vt 0.07315737 0.4106756
vt 0.07865888 0.4020875
vt 0.1631878 0.8310173
vt 0.1312732 0.7720553
vt 0.1349695 0.8343306
vt 0.7034175 0.6034143
vt 0.2480612 0.9179364
vt 0.7153868 0.5971676
vt 0.4554701 0.3967791
vt 0.8856703 0.5413188
vt 0.8654737 0.5472754
vt 0.8569542 0.5432984
vt 0.5076613 0.7380654
vt 0.420792 0.4970068
vt 0.4474854 0.4333681
vt 0.6098827 0.1217361
vt 0.1869178 0.5400571
vt 0.1835026 0.842041
vt 0.5278876 0.2109133
vt 0.5204441 0.228789
vt 0.5302551 0.2334942
vt 0.6660787 0.5903383
vt 0.6555999 0.5974699
vt 0.6586404 0.6142531
vt 0.7593938 0.5384902
vt 0.7726492 0.5522797
vt 0.7706228 0.533371
vt 0.0331614 0.2616502
vt 0.03400949 0.2445592
vt 0.6217119 0.6440201
vt 0.5525615 0.7162344
vt 0.120588 0.4468846
vt 0.1156514 0.4604206
vt 0.1190371 0.8215058
vt 0.1098863 0.7671032
vt 0.1047287 0.8085008
vt 0.1136746 0.4384441
vt 0.4905488 0.7604429
vt 0.5468919 0.6809817
vt 0.1621781 0.5125815
vt 0.1702723 0.5215299
vt 0.1665969 0.4964077
vt 0.4936092 0.3700066
vt 0.7615635 0.557369
vt 0.7500095 0.5629727
vt 0.7746519 0.5681973
vt 0.3634349 0.5232169
vt 0.366853 0.5381794
vt 0.4152388 0.4828045
vt 0.06806478 0.7695527
vt 0.09476048 0.8484362
vt 0.106807 0.8363506
vt 0.08167225 0.8351922
vt 0.4686965 0.8082067
vt 0.4797131 0.7962364
vt 0.4708591 0.7831358
vt 0.6252542 0.6566843
vt 0.5450536 0.7457374
vt 0.06559747 0.3487495
vt 0.07039014 0.3596782
vt 0.07671532 0.3508659
vt 0.8946087 0.548817
vt 0.8907428 0.5654205
vt 0.4912567 0.3229216
vt 0.4815329 0.8396188
vt 0.4922642 0.8263581
vt 0.4804497 0.8196096
vt 0.8872243 0.5791
vt 0.8794502 0.5725293
vt 0.3304518 0.9009795
vt 0.378751 0.9077799
vt 0.804389 0.08191222
vt 0.9226981 0.1251721
vt 0.90227 0.1119237
vt 0.8870354 0.1263954
vt 0.593102 0.112061
vt 0.6644329 0.1365257
vt 0.6391643 0.1500939
vt 0.9973413 0.1839794
vt 0.8604593 0.07566854
vt 0.9765524 0.177968
vt 0.9749894 0.2010762
vt 0.9863861 0.1904937
vt 0.639584 0.6284461
vt 0.6422169 0.6418368
vt 0.6489224 0.6212052
vt 0.6263388 0.1353429
vt 0.08118024 0.3612543
vt 0.07511696 0.3704847
vt 0.4908158 0.8072128
vt 0.5101587 0.8014617
vt 0.5001665 0.7951549
vt 0.09301367 0.8231395
vt 0.9076189 0.1385354
vt 0.6795345 0.6009305
vt 0.6807616 0.6158271
vt 0.09165084 0.7954553
vt 0.04577315 0.2845994
vt 0.04410329 0.3045072
vt 0.05161327 0.2959335
vt 0.9335181 0.6162092
vt 0.9274015 0.6280299
vt 0.4687189 0.8323585
vt 0.4537658 0.86766
vt 0.337092 0.5797941
vt 0.9985781 0.708223
vt 0.008140713 0.7210405
vt 0.006460637 0.6929137
vt 0.3488865 0.5721399
vt 0.3601229 0.5639897
vt 0.6455607 0.6048086
vt 0.6358747 0.6124272
vt 0.8483634 0.5403628
vt 0.8586761 0.5252374
vt 0.8495585 0.5220369
vt 0.315914 0.5721819
vt 0.454573 0.4210598
vt 0.4190271 0.4568307
vt 0.4105283 0.468901
vt 0.009631842 0.2706935
vt 0.105442 0.4084678
vt 0.1009533 0.4208
vt 0.9143782 0.1651826
vt 0.8970066 0.1532141
vt 0.2939703 0.9199737
vt 0.05715814 0.3071648
vt 0.05764905 0.2910952
vt 0.1329744 0.4987134
vt 0.4239189 0.4704868
vt 0.5597442 0.7056442
vt 0.5672003 0.6952692
vt 0.5614051 0.6821823
vt 0.7946243 0.1182547
vt 0.8637714 0.562354
vt 0.8739314 0.5522861
vt 0.4296159 0.4842352
vt 0.4563267 0.8203751
vt 0.5137445 0.2455134
vt 0.06063348 0.337738
vt 0.06742314 0.3293329
vt 0.4016563 0.480803
vt 0.3967534 0.5067047
vt 0.3709637 0.5548971
vt 0.06866553 0.3805025
vt 0.9954308 0.2027568
vt 0.485435 0.3358019
vt 0.4866168 0.3588069
vt 0.1223275 0.8495355
vt 0.3749664 0.8506997
vt 0.3972009 0.8407519
vt 0.7477559 0.5441477
vt 0.3535479 0.5314964
vt 0.3565329 0.5467601
vt 0.8823451 0.558331
vt 0.02472892 0.2707936
vt 0.01757041 0.2594282
vt 0.2073429 0.9109232
vt 0.2529604 0.9018008
vt 0.9028827 0.5954366
vt 0.4163327 0.8296602
vt 0.3309631 0.5835252
vt 0.603663 0.6226856
vt 0.5725179 0.6472753
vt 0.9786571 0.1580388
vt 0.8950142 0.5867125
vt 0.5074465 0.7614202
vt 0.6736696 0.5666199
vt 0.5386151 0.2157516
vt 0.04848322 0.7966654
vt 0.9631849 0.6811819
vt 0.8127464 0.5390236
vt 0.8119586 0.5201452
vt 0.1507214 0.4797684
vt 0.1429183 0.4715627
vt 0.146185 0.4950669
vt 0.02750197 0.7463279
vt 0.5891141 0.1398881
vt 0.5726441 0.1589282
vt 0.9967005 0.6799058
vt 0.4960557 0.2899269
vt 0.490544 0.303284
vt 0.7179278 0.4889982
vt 0.6511101 0.6349829
vt 0.6604226 0.6284195
vt 0.04750511 0.7715075
vt 0.05714208 0.7567486
vt 0.6130326 0.6524233
vt 0.758579 0.07954991
vt 0.7203627 0.1012625
vt 0.4239061 0.4340127
vt 0.8414645 0.5023097
vt 0.3246592 0.5872185
vt 0.8700877 0.5125428
vt 0.965682 0.2134551
vt 0.8946517 0.08788711
vt 0.3344705 0.5617482
vt 0.3430613 0.5760097
vt 0.5386755 0.7563033
vt 0.5315565 0.7491722
vt 0.5320892 0.7671877
vt 0.683974 0.1089162
vt 0.3223293 0.5687779
vt 0.1644327 0.5356236
vt 0.8768088 0.1418774
vt 0.7919239 0.5251409
vt 0.5344113 0.2855599
vt 0.4742816 0.3839414
vt 0.5052238 0.3190894
vt 0.4971475 0.3096075
vt 0.8020769 0.5222009
vt 0.790917 0.5068898
vt 0.1433081 0.7899387
vt 0.4796439 0.3483177
vt 0.4796637 0.328548
vt 0.1486376 0.5169995
vt 0.1541558 0.5037682
vt 0.2918097 0.9037316
vt 0.3244415 0.8822945
vt 0.5534759 0.6932166
vt 0.6626171 0.5738994
vt 0.5635741 0.6584077
vt 0.003849804 0.2147981
vt 0.5592742 0.1782049
vt 0.5117041 0.3049532
vt 0.9890605 0.6952349
vt 0.8766794 0.0995681
vt 0.03962594 0.2731683
vt 0.1611662 0.4729398
vt 0.1688831 0.4809099
vt 0.3153193 0.5548005
vt 0.6998333 0.5698414
vt 0.651972 0.5813587
vt 0.9701191 0.6686614
vt 0.6769792 0.5833898
vt 0.6688384 0.6075113
vt 0.8014505 0.5040205
vt 0.03134772 0.3251346
vt 0.03687137 0.3149845
vt 0.7120442 0.08298141
vt 0.8257411 0.1235859
vt 0.8622801 0.1153642
vt 0.4993602 0.749238
vt 0.9424056 0.6287671
vt 0.9448626 0.653845
vt 0.1383042 0.4864412
vt 0.4271282 0.4447042
vt 0.07286707 0.6971999
vt 0.04659039 0.7440082
vt 0.5481377 0.1972531
vt 0.5363803 0.1920005
vt 0.709918 0.4963549
vt 0.6968161 0.5524487
vt 0.8117359 0.5020622
vt 0.04435825 0.6578718
vt 0.03589901 0.6489586
vt 0.6918346 0.6096306
vt 0.2173484 0.8956317
vt 0.1741942 0.9005095
vt 0.08048171 0.8100106
vt 0.4872822 0.3828183
vt 0.1312117 0.4411619
vt 0.4060889 0.856797
vt 0.4256642 0.8449308
vt 0.7255571 0.4825458
vt 0.96772 0.6400138
vt 0.3924508 0.4923823
vt 0.04639024 0.2680734
vt 0.5584157 0.1520362
vt 0.1175607 0.4250997
vt 0.06311163 0.3892425
vt 0.002092928 0.2364906
vt 0.7117083 0.5631685
vt 0.07847655 0.4212648
vt 0.1586297 0.4880472
vt 0.6128925 0.6137413
vt 0.5064002 0.3436039
vt 0.3458288 0.5544679
vt 0.5129992 0.3298239
vt 0.06082585 0.6787395
vt 0.01629555 0.7057924
vt 0.02623245 0.7185733
vt 0.09521803 0.4114226
vt 0.08952537 0.4228566
vt 0.08410561 0.4317069
vt 0.08394238 0.4126072
vt 0.4630566 0.3642141
vt 0.9190321 0.6162009
vt 0.09277573 0.7335495
vt 0.9656969 0.1651508
vt 0.7237514 0.556603
vt 0.738121 0.5689574
vt 0.7358208 0.5502264
vt 0.9818832 0.7082282
vt 0.8531864 0.131751
vt 0.06981933 0.8221425
vt 0.7210785 0.5387087
vt 0.7088528 0.5455047
vt 0.5457931 0.7044249
vt 0.02506682 0.3143154
vt 0.8716439 0.5669554
vt 0.5087535 0.7833887
vt 0.03798136 0.2933331
vt 0.652449 0.1206258
vt 0.6222791 0.6051623
vt 0.4389951 0.8586266
vt 0.4551321 0.845413
vt 0.8397011 0.5384822
vt 0.8403697 0.5199417
vt 0.4595954 0.7946841
vt 0.5255135 0.2749562
vt 0.07216519 0.3402193
vt 0.08129382 0.3449885
vt 0.4193397 0.8716685
vt 0.3951084 0.8838047
vt 0.4102643 0.8958234
vt 0.09548801 0.4327815
vt 0.4988817 0.7728822
vt 0.1479862 0.8882632
vt 0.1867616 0.8862743
vt 0.1613372 0.874929
vt 0.4804981 0.3714262
vt 0.1352622 0.4633824
vt 0.0263707 0.2500571
vt 0.05266008 0.6677837
vt 0.6264703 0.620379
vt 0.6305391 0.6360366
vt 0.1269774 0.8751854
vt 0.1096072 0.8618145
vt 0.2262027 0.8772948
vt 0.2327639 0.8594477
vt 0.03631201 0.7312971
vt 0.7518583 0.5788426
vt 0.1207276 0.7544361
vt 0.7800934 0.5105981
vt 0.7689393 0.5150682
vt 0.9249459 0.1511653
vt 0.9394028 0.1386672
vt 0.9396894 0.6010801
vt 0.1534857 0.4649715
vt 0.4811036 0.7717288
vt 0.09013113 0.4419661
vt 0.1565109 0.5262408
vt 0.5179354 0.7897145
vt 0.3433636 0.53882
vt 0.4459638 0.458675
vt 0.4380102 0.4714217
vt 0.1242263 0.4331758
vt 0.7398064 0.5847797
vt 0.9936686 0.224855
vt 0.7260755 0.5751921
vt 0.6702787 0.6220622
vt 0.1111898 0.7373226
vt 0.1010374 0.7498975
vt 0.9488821 0.6136749
vt 0.7590965 0.4639112
vt 0.8477545 0.5560482
vt 0.9394083 0.1161508
vt 0.06242228 0.3182943
vt 0.4512325 0.387345
vt 0.9108754 0.6052983
vt 0.4896958 0.7844714
vt 0.522744 0.2503228
vt 0.5016961 0.2759353
vt 0.7648938 0.4629346
vt 0.4572532 0.3758093
vt 0.7140502 0.5815648
vt 0.5031583 0.2957821
vt 0.4313399 0.422142
vt 0.01003662 0.2480007
vt 0.967621 0.1444764
vt 0.9534808 0.1520372
vt 0.01175976 0.2266637
vt 0.01924536 0.2383998
vt 0.6336314 0.6490517
vt 0.7814538 0.5288911
vt 0.6172855 0.6286988
vt 0.1458988 0.4570305
vt 0.7574214 0.5202143

usemap Cartoon_FFFFFF
usemtl Cartoon_FFFFFF
f 4331/4331/4331 4330/4330/4330 4329/4329/4329 
f 4334/4334/4334 4333/4333/4333 4332/4332/4332 
f 4337/4337/4337 4336/4336/4336 4335/4335/4335 
f 4340/4340/4340 4339/4339/4339 4338/4338/4338 
f 4343/4343/4343 4342/4342/4342 4341/4341/4341 
f 4346/4346/4346 4345/4345/4345 4344/4344/4344 
f 4349/4349/4349 4348/4348/4348 4347/4347/4347 
f 4352/4352/4352 4351/4351/4351 4350/4350/4350 
f 4354/4354/4354 4333/4333/4333 4353/4353/4353 
f 4357/4357/4357 4356/4356/4356 4355/4355/4355 
f 4360/4360/4360 4359/4359/4359 4358/4358/4358 
f 4363/4363/4363 4362/4362/4362 4361/4361/4361 
f 4366/4366/4366 4365/4365/4365 4364/4364/4364 
f 4369/4369/4369 4368/4368/4368 4367/4367/4367 
f 4372/4372/4372 4371/4371/4371 4370/4370/4370 
f 4375/4375/4375 4374/4374/4374 4373/4373/4373 
f 4378/4378/4378 4377/4377/4377 4376/4376/4376 
f 4380/4380/4380 4331/4331/4331 4379/4379/4379 
f 4382/4382/4382 4369/4369/4369 4381/4381/4381 
f 4385/4385/4385 4384/4384/4384 4383/4383/4383 
f 4388/4388/4388 4387/4387/4387 4386/4386/4386 
f 4391/4391/4391 4390/4390/4390 4389/4389/4389 
f 4394/4394/4394 4393/4393/4393 4392/4392/4392 
f 4397/4397/4397 4396/4396/4396 4395/4395/4395 
f 4398/4398/4398 4378/4378/4378 4376/4376/4376 
f 4401/4401/4401 4400/4400/4400 4399/4399/4399 
f 4331/4331/4331 4402/4402/4402 4379/4379/4379 
f 4405/4405/4405 4404/4404/4404 4403/4403/4403 
f 4408/4408/4408 4407/4407/4407 4406/4406/4406 
f 4411/4411/4411 4410/4410/4410 4409/4409/4409 
f 4414/4414/4414 4413/4413/4413 4412/4412/4412 
f 4417/4417/4417 4416/4416/4416 4415/4415/4415 
f 4420/4420/4420 4419/4419/4419 4418/4418/4418 
f 4423/4423/4423 4422/4422/4422 4421/4421/4421 
f 4426/4426/4426 4425/4425/4425 4424/4424/4424 
f 4429/4429/4429 4428/4428/4428 4427/4427/4427 
f 4432/4432/4432 4431/4431/4431 4430/4430/4430 
f 4342/4342/4342 4434/4434/4434 4433/4433/4433 
f 4437/4437/4437 4436/4436/4436 4435/4435/4435 
f 4440/4440/4440 4439/4439/4439 4438/4438/4438 
f 4442/4442/4442 4441/4441/4441 4344/4344/4344 
f 4444/4444/4444 4423/4423/4423 4443/4443/4443 
f 4447/4447/4447 4446/4446/4446 4445/4445/4445 
f 4450/4450/4450 4449/4449/4449 4448/4448/4448 
f 4453/4453/4453 4452/4452/4452 4451/4451/4451 
f 4455/4455/4455 4397/4397/4397 4454/4454/4454 
f 4457/4457/4457 4456/4456/4456 4434/4434/4434 
f 4460/4460/4460 4459/4459/4459 4458/4458/4458 
f 4386/4386/4386 4462/4462/4462 4461/4461/4461 
f 4465/4465/4465 4464/4464/4464 4463/4463/4463 
f 4468/4468/4468 4467/4467/4467 4466/4466/4466 
f 4393/4393/4393 4469/4469/4469 4392/4392/4392 
f 4472/4472/4472 4471/4471/4471 4470/4470/4470 
f 4475/4475/4475 4474/4474/4474 4473/4473/4473 
f 4478/4478/4478 4477/4477/4477 4476/4476/4476 
f 4481/4481/4481 4480/4480/4480 4479/4479/4479 
f 4446/4446/4446 4331/4331/4331 4445/4445/4445 
f 4407/4407/4407 4408/4408/4408 4473/4473/4473 
f 4484/4484/4484 4483/4483/4483 4482/4482/4482 
f 4487/4487/4487 4486/4486/4486 4485/4485/4485 
f 4490/4490/4490 4489/4489/4489 4488/4488/4488 
f 4493/4493/4493 4492/4492/4492 4491/4491/4491 
f 4495/4495/4495 4370/4370/4370 4494/4494/4494 
f 4498/4498/4498 4497/4497/4497 4496/4496/4496 
f 4501/4501/4501 4500/4500/4500 4499/4499/4499 
f 4503/4503/4503 4435/4435/4435 4502/4502/4502 
f 4450/4450/4450 4448/4448/4448 4504/4504/4504 
f 4507/4507/4507 4506/4506/4506 4505/4505/4505 
f 4356/4356/4356 4509/4509/4509 4508/4508/4508 
f 4511/4511/4511 4429/4429/4429 4510/4510/4510 
f 4371/4371/4371 4512/4512/4512 4370/4370/4370 
f 4515/4515/4515 4514/4514/4514 4513/4513/4513 
f 4516/4516/4516 4444/4444/4444 4413/4413/4413 
f 4518/4518/4518 4517/4517/4517 4514/4514/4514 
f 4521/4521/4521 4520/4520/4520 4519/4519/4519 
f 4523/4523/4523 4481/4481/4481 4522/4522/4522 
f 4526/4526/4526 4525/4525/4525 4524/4524/4524 
f 4529/4529/4529 4528/4528/4528 4527/4527/4527 
f 4532/4532/4532 4531/4531/4531 4530/4530/4530 
f 4534/4534/4534 4446/4446/4446 4533/4533/4533 
f 4536/4536/4536 4535/4535/4535 4416/4416/4416 
f 4538/4538/4538 4537/4537/4537 4348/4348/4348 
f 4540/4540/4540 4384/4384/4384 4539/4539/4539 
f 4336/4336/4336 4337/4337/4337 4541/4541/4541 
f 4360/4360/4360 4337/4337/4337 4335/4335/4335 
f 4544/4544/4544 4543/4543/4543 4542/4542/4542 
f 4447/4447/4447 4545/4545/4545 4446/4446/4446 
f 4548/4548/4548 4547/4547/4547 4546/4546/4546 
f 4551/4551/4551 4550/4550/4550 4549/4549/4549 
f 4554/4554/4554 4553/4553/4553 4552/4552/4552 
f 4557/4557/4557 4556/4556/4556 4555/4555/4555 
f 4560/4560/4560 4559/4559/4559 4558/4558/4558 
f 4416/4416/4416 4561/4561/4561 4415/4415/4415 
f 4512/4512/4512 4562/4562/4562 4494/4494/4494 
f 4564/4564/4564 4495/4495/4495 4563/4563/4563 
f 4566/4566/4566 4565/4565/4565 4490/4490/4490 
f 4567/4567/4567 4390/4390/4390 4499/4499/4499 
f 4387/4387/4387 4388/4388/4388 4535/4535/4535 
f 4568/4568/4568 4405/4405/4405 4403/4403/4403 
f 4570/4570/4570 4569/4569/4569 4349/4349/4349 
f 4573/4573/4573 4572/4572/4572 4571/4571/4571 
f 4576/4576/4576 4575/4575/4575 4574/4574/4574 
f 4579/4579/4579 4578/4578/4578 4577/4577/4577 
f 4581/4581/4581 4580/4580/4580 4409/4409/4409 
f 4583/4583/4583 4582/4582/4582 4459/4459/4459 
f 4355/4355/4355 4585/4585/4585 4584/4584/4584 
f 4588/4588/4588 4587/4587/4587 4586/4586/4586 
f 4332/4332/4332 4589/4589/4589 4427/4427/4427 
f 4590/4590/4590 4363/4363/4363 4361/4361/4361 
f 4492/4492/4492 4493/4493/4493 4591/4591/4591 
f 4396/4396/4396 4349/4349/4349 4347/4347/4347 
f 4594/4594/4594 4593/4593/4593 4592/4592/4592 
f 4368/4368/4368 4369/4369/4369 4554/4554/4554 
f 4339/4339/4339 4595/4595/4595 4338/4338/4338 
f 4598/4598/4598 4597/4597/4597 4596/4596/4596 
f 4365/4365/4365 4600/4600/4600 4599/4599/4599 
f 4601/4601/4601 4566/4566/4566 4490/4490/4490 
f 4509/4509/4509 4602/4602/4602 4508/4508/4508 
f 4605/4605/4605 4604/4604/4604 4603/4603/4603 
f 4608/4608/4608 4607/4607/4607 4606/4606/4606 
f 4610/4610/4610 4459/4459/4459 4609/4609/4609 
f 4613/4613/4613 4612/4612/4612 4611/4611/4611 
f 4615/4615/4615 4614/4614/4614 4532/4532/4532 
f 4356/4356/4356 4508/4508/4508 4355/4355/4355 
f 4340/4340/4340 4338/4338/4338 4616/4616/4616 
f 4619/4619/4619 4618/4618/4618 4617/4617/4617 
f 4621/4621/4621 4615/4615/4615 4620/4620/4620 
f 4351/4351/4351 4623/4623/4623 4622/4622/4622 
f 4481/4481/4481 4624/4624/4624 4522/4522/4522 
f 4627/4627/4627 4626/4626/4626 4625/4625/4625 
f 4405/4405/4405 4628/4628/4628 4581/4581/4581 
f 4394/4394/4394 4630/4630/4630 4629/4629/4629 
f 4632/4632/4632 4411/4411/4411 4631/4631/4631 
f 4459/4459/4459 4610/4610/4610 4458/4458/4458 
f 4635/4635/4635 4634/4634/4634 4633/4633/4633 
f 4638/4638/4638 4637/4637/4637 4636/4636/4636 
f 4639/4639/4639 4568/4568/4568 4403/4403/4403 
f 4354/4354/4354 4641/4641/4641 4640/4640/4640 
f 4644/4644/4644 4643/4643/4643 4642/4642/4642 
f 4586/4586/4586 4604/4604/4604 4645/4645/4645 
f 4646/4646/4646 4627/4627/4627 4625/4625/4625 
f 4420/4420/4420 4648/4648/4648 4647/4647/4647 
f 4528/4528/4528 4529/4529/4529 4649/4649/4649 
f 4652/4652/4652 4651/4651/4651 4650/4650/4650 
f 4654/4654/4654 4545/4545/4545 4653/4653/4653 
f 4656/4656/4656 4655/4655/4655 4617/4617/4617 
f 4500/4500/4500 4567/4567/4567 4499/4499/4499 
f 4548/4548/4548 4546/4546/4546 4657/4657/4657 
f 4660/4660/4660 4659/4659/4659 4658/4658/4658 
f 4662/4662/4662 4608/4608/4608 4661/4661/4661 
f 4664/4664/4664 4663/4663/4663 4636/4636/4636 
f 4667/4667/4667 4666/4666/4666 4665/4665/4665 
f 4668/4668/4668 4537/4537/4537 4538/4538/4538 
f 4535/4535/4535 4669/4669/4669 4416/4416/4416 
f 4601/4601/4601 4671/4671/4671 4670/4670/4670 
f 4506/4506/4506 4507/4507/4507 4672/4672/4672 
f 4507/4507/4507 4512/4512/4512 4672/4672/4672 
f 4600/4600/4600 4365/4365/4365 4366/4366/4366 
f 4427/4427/4427 4674/4674/4674 4673/4673/4673 
f 4676/4676/4676 4675/4675/4675 4401/4401/4401 
f 4622/4622/4622 4623/4623/4623 4677/4677/4677 
f 4679/4679/4679 4551/4551/4551 4678/4678/4678 
f 4432/4432/4432 4509/4509/4509 4680/4680/4680 
f 4681/4681/4681 4601/4601/4601 4670/4670/4670 
f 4684/4684/4684 4683/4683/4683 4682/4682/4682 
f 4685/4685/4685 4481/4481/4481 4523/4523/4523 
f 4687/4687/4687 4686/4686/4686 4563/4563/4563 
f 4508/4508/4508 4585/4585/4585 4355/4355/4355 
f 4468/4468/4468 4566/4566/4566 4688/4688/4688 
f 4509/4509/4509 4529/4529/4529 4602/4602/4602 
f 4689/4689/4689 4606/4606/4606 4655/4655/4655 
f 4690/4690/4690 4424/4424/4424 4550/4550/4550 
f 4692/4692/4692 4611/4611/4611 4691/4691/4691 
f 4488/4488/4488 4694/4694/4694 4693/4693/4693 
f 4363/4363/4363 4590/4590/4590 4695/4695/4695 
f 4368/4368/4368 4696/4696/4696 4367/4367/4367 
f 4474/4474/4474 4342/4342/4342 4433/4433/4433 
f 4635/4635/4635 4631/4631/4631 4697/4697/4697 
f 4699/4699/4699 4698/4698/4698 4338/4338/4338 
f 4700/4700/4700 4557/4557/4557 4455/4455/4455 
f 4702/4702/4702 4352/4352/4352 4701/4701/4701 
f 4597/4597/4597 4703/4703/4703 4596/4596/4596 
f 4705/4705/4705 4704/4704/4704 4599/4599/4599 
f 4687/4687/4687 4562/4562/4562 4706/4706/4706 
f 4506/4506/4506 4708/4708/4708 4707/4707/4707 
f 4710/4710/4710 4559/4559/4559 4709/4709/4709 
f 4534/4534/4534 4533/4533/4533 4711/4711/4711 
f 4369/4369/4369 4382/4382/4382 4554/4554/4554 
f 4702/4702/4702 4713/4713/4713 4712/4712/4712 
f 4715/4715/4715 4339/4339/4339 4714/4714/4714 
f 4716/4716/4716 4635/4635/4635 4633/4633/4633 
f 4717/4717/4717 4598/4598/4598 4620/4620/4620 
f 4531/4531/4531 4518/4518/4518 4330/4330/4330 
f 4718/4718/4718 4565/4565/4565 4466/4466/4466 
f 4343/4343/4343 4719/4719/4719 4342/4342/4342 
f 4719/4719/4719 4434/4434/4434 4342/4342/4342 
f 4498/4498/4498 4720/4720/4720 4456/4456/4456 
f 4457/4457/4457 4498/4498/4498 4456/4456/4456 
f 4722/4722/4722 4345/4345/4345 4721/4721/4721 
f 4440/4440/4440 4707/4707/4707 4580/4580/4580 
f 4423/4423/4423 4444/4444/4444 4723/4723/4723 
f 4423/4423/4423 4724/4724/4724 4422/4422/4422 
f 4568/4568/4568 4628/4628/4628 4405/4405/4405 
f 4727/4727/4727 4726/4726/4726 4725/4725/4725 
f 4607/4607/4607 4642/4642/4642 4619/4619/4619 
f 4441/4441/4441 4728/4728/4728 4344/4344/4344 
f 4642/4642/4642 4618/4618/4618 4619/4619/4619 
f 4730/4730/4730 4628/4628/4628 4729/4729/4729 
f 4731/4731/4731 4660/4660/4660 4658/4658/4658 
f 4733/4733/4733 4503/4503/4503 4732/4732/4732 
f 4512/4512/4512 4507/4507/4507 4562/4562/4562 
f 4734/4734/4734 4408/4408/4408 4406/4406/4406 
f 4553/4553/4553 4486/4486/4486 4552/4552/4552 
f 4576/4576/4576 4736/4736/4736 4735/4735/4735 
f 4738/4738/4738 4602/4602/4602 4737/4737/4737 
f 4582/4582/4582 4583/4583/4583 4739/4739/4739 
f 4426/4426/4426 4450/4450/4450 4504/4504/4504 
f 4600/4600/4600 4705/4705/4705 4599/4599/4599 
f 4479/4479/4479 4741/4741/4741 4740/4740/4740 
f 4742/4742/4742 4671/4671/4671 4693/4693/4693 
f 4675/4675/4675 4743/4743/4743 4401/4401/4401 
f 4744/4744/4744 4702/4702/4702 4701/4701/4701 
f 4593/4593/4593 4538/4538/4538 4348/4348/4348 
f 4746/4746/4746 4745/4745/4745 4539/4539/4539 
f 4631/4631/4631 4716/4716/4716 4747/4747/4747 
f 4473/4473/4473 4730/4730/4730 4729/4729/4729 
f 4589/4589/4589 4429/4429/4429 4427/4427/4427 
f 4641/4641/4641 4354/4354/4354 4367/4367/4367 
f 4749/4749/4749 4748/4748/4748 4465/4465/4465 
f 4752/4752/4752 4751/4751/4751 4750/4750/4750 
f 4615/4615/4615 4621/4621/4621 4706/4706/4706 
f 4556/4556/4556 4593/4593/4593 4348/4348/4348 
f 4398/4398/4398 4629/4629/4629 4753/4753/4753 
f 4477/4477/4477 4754/4754/4754 4476/4476/4476 
f 4592/4592/4592 4593/4593/4593 4755/4755/4755 
f 4756/4756/4756 4676/4676/4676 4399/4399/4399 
f 4516/4516/4516 4413/4413/4413 4757/4757/4757 
f 4497/4497/4497 4758/4758/4758 4496/4496/4496 
f 4713/4713/4713 4477/4477/4477 4657/4657/4657 
f 4528/4528/4528 4721/4721/4721 4527/4527/4527 
f 4720/4720/4720 4573/4573/4573 4571/4571/4571 
f 4744/4744/4744 4359/4359/4359 4360/4360/4360 
f 4417/4417/4417 4436/4436/4436 4759/4759/4759 
f 4761/4761/4761 4760/4760/4760 4340/4340/4340 
f 4763/4763/4763 4762/4762/4762 4757/4757/4757 
f 4556/4556/4556 4348/4348/4348 4764/4764/4764 
f 4766/4766/4766 4698/4698/4698 4765/4765/4765 
f 4435/4435/4435 4766/4766/4766 4765/4765/4765 
f 4407/4407/4407 4568/4568/4568 4639/4639/4639 
f 4727/4727/4727 4768/4768/4768 4767/4767/4767 
f 4437/4437/4437 4435/4435/4435 4765/4765/4765 
f 4388/4388/4388 4669/4669/4669 4535/4535/4535 
f 4541/4541/4541 4770/4770/4770 4769/4769/4769 
f 4663/4663/4663 4638/4638/4638 4636/4636/4636 
f 4370/4370/4370 4512/4512/4512 4494/4494/4494 
f 4368/4368/4368 4554/4554/4554 4552/4552/4552 
f 4484/4484/4484 4402/4402/4402 4483/4483/4483 
f 4668/4668/4668 4360/4360/4360 4537/4537/4537 
f 4588/4588/4588 4586/4586/4586 4645/4645/4645 
f 4493/4493/4493 4771/4771/4771 4591/4591/4591 
f 4739/4739/4739 4583/4583/4583 4682/4682/4682 
f 4342/4342/4342 4475/4475/4475 4341/4341/4341 
f 4575/4575/4575 4772/4772/4772 4574/4574/4574 
f 4715/4715/4715 4374/4374/4374 4773/4773/4773 
f 4411/4411/4411 4774/4774/4774 4631/4631/4631 
f 4417/4417/4417 4536/4536/4536 4416/4416/4416 
f 4775/4775/4775 4474/4474/4474 4433/4433/4433 
f 4426/4426/4426 4504/4504/4504 4776/4776/4776 
f 4521/4521/4521 4519/4519/4519 4777/4777/4777 
f 4778/4778/4778 4523/4523/4523 4522/4522/4522 
f 4581/4581/4581 4779/4779/4779 4580/4580/4580 
f 4781/4781/4781 4594/4594/4594 4780/4780/4780 
f 4668/4668/4668 4782/4782/4782 4754/4754/4754 
f 4348/4348/4348 4570/4570/4570 4764/4764/4764 
f 4419/4419/4419 4343/4343/4343 4783/4783/4783 
f 4772/4772/4772 4575/4575/4575 4784/4784/4784 
f 4624/4624/4624 4632/4632/4632 4522/4522/4522 
f 4521/4521/4521 4722/4722/4722 4785/4785/4785 
f 4384/4384/4384 4746/4746/4746 4539/4539/4539 
f 4471/4471/4471 4752/4752/4752 4470/4470/4470 
f 4787/4787/4787 4786/4786/4786 4647/4647/4647 
f 4762/4762/4762 4763/4763/4763 4788/4788/4788 
f 4481/4481/4481 4685/4685/4685 4480/4480/4480 
f 4790/4790/4790 4789/4789/4789 4439/4439/4439 
f 4507/4507/4507 4614/4614/4614 4562/4562/4562 
f 4404/4404/4404 4791/4791/4791 4753/4753/4753 
f 4589/4589/4589 4585/4585/4585 4429/4429/4429 
f 4614/4614/4614 4507/4507/4507 4517/4517/4517 
f 4792/4792/4792 4685/4685/4685 4523/4523/4523 
f 4562/4562/4562 4687/4687/4687 4494/4494/4494 
f 4778/4778/4778 4793/4793/4793 4523/4523/4523 
f 4794/4794/4794 4590/4590/4590 4361/4361/4361 
f 4495/4495/4495 4564/4564/4564 4666/4666/4666 
f 4546/4546/4546 4713/4713/4713 4657/4657/4657 
f 4796/4796/4796 4654/4654/4654 4795/4795/4795 
f 4797/4797/4797 4431/4431/4431 4680/4680/4680 
f 4460/4460/4460 4458/4458/4458 4751/4751/4751 
f 4467/4467/4467 4460/4460/4460 4751/4751/4751 
f 4492/4492/4492 4591/4591/4591 4536/4536/4536 
f 4771/4771/4771 4684/4684/4684 4682/4682/4682 
f 4389/4389/4389 4681/4681/4681 4798/4798/4798 
f 4508/4508/4508 4800/4800/4800 4799/4799/4799 
f 4741/4741/4741 4378/4378/4378 4398/4398/4398 
f 4720/4720/4720 4802/4802/4802 4801/4801/4801 
f 4804/4804/4804 4341/4341/4341 4803/4803/4803 
f 4805/4805/4805 4756/4756/4756 4399/4399/4399 
f 4519/4519/4519 4807/4807/4807 4806/4806/4806 
f 4731/4731/4731 4519/4519/4519 4806/4806/4806 
f 4558/4558/4558 4623/4623/4623 4808/4808/4808 
f 4810/4810/4810 4809/4809/4809 4709/4709/4709 
f 4724/4724/4724 4762/4762/4762 4788/4788/4788 
f 4811/4811/4811 4528/4528/4528 4649/4649/4649 
f 4681/4681/4681 4389/4389/4389 4688/4688/4688 
f 4635/4635/4635 4716/4716/4716 4631/4631/4631 
f 4773/4773/4773 4493/4493/4493 4812/4812/4812 
f 4772/4772/4772 4457/4457/4457 4434/4434/4434 
f 4786/4786/4786 4787/4787/4787 4574/4574/4574 
f 4333/4333/4333 4453/4453/4453 4813/4813/4813 
f 4712/4712/4712 4815/4815/4815 4814/4814/4814 
f 4630/4630/4630 4816/4816/4816 4406/4406/4406 
f 4407/4407/4407 4473/4473/4473 4729/4729/4729 
f 4520/4520/4520 4785/4785/4785 4817/4817/4817 
f 4374/4374/4374 4715/4715/4715 4373/4373/4373 
f 4380/4380/4380 4641/4641/4641 4696/4696/4696 
f 4670/4670/4670 4742/4742/4742 4798/4798/4798 
f 4598/4598/4598 4621/4621/4621 4620/4620/4620 
f 4408/4408/4408 4475/4475/4475 4473/4473/4473 
f 4818/4818/4818 4742/4742/4742 4693/4693/4693 
f 4568/4568/4568 4407/4407/4407 4729/4729/4729 
f 4820/4820/4820 4802/4802/4802 4819/4819/4819 
f 4526/4526/4526 4743/4743/4743 4675/4675/4675 
f 4745/4745/4745 4495/4495/4495 4666/4666/4666 
f 4809/4809/4809 4710/4710/4710 4709/4709/4709 
f 4787/4787/4787 4576/4576/4576 4574/4574/4574 
f 4493/4493/4493 4773/4773/4773 4684/4684/4684 
f 4773/4773/4773 4374/4374/4374 4684/4684/4684 
f 4402/4402/4402 4331/4331/4331 4329/4329/4329 
f 4591/4591/4591 4387/4387/4387 4536/4536/4536 
f 4821/4821/4821 4589/4589/4589 4332/4332/4332 
f 4800/4800/4800 4346/4346/4346 4728/4728/4728 
f 4631/4631/4631 4774/4774/4774 4697/4697/4697 
f 4683/4683/4683 4739/4739/4739 4682/4682/4682 
f 4581/4581/4581 4628/4628/4628 4819/4819/4819 
f 4822/4822/4822 4447/4447/4447 4445/4445/4445 
f 4500/4500/4500 4669/4669/4669 4567/4567/4567 
f 4372/4372/4372 4823/4823/4823 4371/4371/4371 
f 4671/4671/4671 4742/4742/4742 4670/4670/4670 
f 4804/4804/4804 4824/4824/4824 4783/4783/4783 
f 4807/4807/4807 4553/4553/4553 4825/4825/4825 
f 4595/4595/4595 4699/4699/4699 4338/4338/4338 
f 4357/4357/4357 4355/4355/4355 4584/4584/4584 
f 4676/4676/4676 4401/4401/4401 4399/4399/4399 
f 4671/4671/4671 4601/4601/4601 4488/4488/4488 
f 4594/4594/4594 4826/4826/4826 4780/4780/4780 
f 4655/4655/4655 4619/4619/4619 4617/4617/4617 
f 4369/4369/4369 4353/4353/4353 4381/4381/4381 
f 4585/4585/4585 4508/4508/4508 4799/4799/4799 
f 4519/4519/4519 4731/4731/4731 4777/4777/4777 
f 4828/4828/4828 4827/4827/4827 4714/4714/4714 
f 4829/4829/4829 4704/4704/4704 4705/4705/4705 
f 4495/4495/4495 4494/4494/4494 4563/4563/4563 
f 4504/4504/4504 4830/4830/4830 4776/4776/4776 
f 4710/4710/4710 4541/4541/4541 4769/4769/4769 
f 4715/4715/4715 4375/4375/4375 4373/4373/4373 
f 4816/4816/4816 4734/4734/4734 4406/4406/4406 
f 4833/4833/4833 4832/4832/4832 4831/4831/4831 
f 4835/4835/4835 4382/4382/4382 4834/4834/4834 
f 4406/4406/4406 4407/4407/4407 4639/4639/4639 
f 4630/4630/4630 4406/4406/4406 4639/4639/4639 
f 4837/4837/4837 4836/4836/4836 4825/4825/4825 
f 4435/4435/4435 4838/4838/4838 4502/4502/4502 
f 4771/4771/4771 4387/4387/4387 4591/4591/4591 
f 4545/4545/4545 4839/4839/4839 4533/4533/4533 
f 4446/4446/4446 4545/4545/4545 4533/4533/4533 
f 4611/4611/4611 4379/4379/4379 4691/4691/4691 
f 4837/4837/4837 4553/4553/4553 4554/4554/4554 
f 4529/4529/4529 4509/4509/4509 4840/4840/4840 
f 4509/4509/4509 4430/4430/4430 4840/4840/4840 
f 4683/4683/4683 4684/4684/4684 4739/4739/4739 
f 4841/4841/4841 4385/4385/4385 4383/4383/4383 
f 4844/4844/4844 4843/4843/4843 4842/4842/4842 
f 4583/4583/4583 4459/4459/4459 4462/4462/4462 
f 4722/4722/4722 4521/4521/4521 4845/4845/4845 
f 4384/4384/4384 4524/4524/4524 4383/4383/4383 
f 4793/4793/4793 4846/4846/4846 4792/4792/4792 
f 4353/4353/4353 4333/4333/4333 4381/4381/4381 
f 4811/4811/4811 4645/4645/4645 4847/4847/4847 
f 4849/4849/4849 4734/4734/4734 4848/4848/4848 
f 4574/4574/4574 4772/4772/4772 4719/4719/4719 
f 4386/4386/4386 4850/4850/4850 4462/4462/4462 
f 4850/4850/4850 4583/4583/4583 4462/4462/4462 
f 4826/4826/4826 4768/4768/4768 4725/4725/4725 
f 4520/4520/4520 4521/4521/4521 4785/4785/4785 
f 4413/4413/4413 4444/4444/4444 4412/4412/4412 
f 4517/4517/4517 4507/4507/4507 4851/4851/4851 
f 4343/4343/4343 4804/4804/4804 4783/4783/4783 
f 4557/4557/4557 4555/4555/4555 4455/4455/4455 
f 4387/4387/4387 4771/4771/4771 4850/4850/4850 
f 4386/4386/4386 4387/4387/4387 4850/4850/4850 
f 4431/4431/4431 4727/4727/4727 4767/4767/4767 
f 4805/4805/4805 4724/4724/4724 4788/4788/4788 
f 4687/4687/4687 4706/4706/4706 4852/4852/4852 
f 4718/4718/4718 4472/4472/4472 4853/4853/4853 
f 4424/4424/4424 4425/4425/4425 4550/4550/4550 
f 4562/4562/4562 4614/4614/4614 4706/4706/4706 
f 4440/4440/4440 4779/4779/4779 4854/4854/4854 
f 4855/4855/4855 4639/4639/4639 4403/4403/4403 
f 4800/4800/4800 4508/4508/4508 4738/4738/4738 
f 4397/4397/4397 4570/4570/4570 4396/4396/4396 
f 4830/4830/4830 4856/4856/4856 4827/4827/4827 
f 4332/4332/4332 4427/4427/4427 4673/4673/4673 
f 4726/4726/4726 4727/4727/4727 4797/4797/4797 
f 4456/4456/4456 4720/4720/4720 4801/4801/4801 
f 4462/4462/4462 4460/4460/4460 4461/4461/4461 
f 4614/4614/4614 4517/4517/4517 4532/4532/4532 
f 4593/4593/4593 4594/4594/4594 4538/4538/4538 
f 4858/4858/4858 4656/4656/4656 4857/4857/4857 
f 4860/4860/4860 4859/4859/4859 4400/4400/4400 
f 4346/4346/4346 4738/4738/4738 4737/4737/4737 
f 4698/4698/4698 4699/4699/4699 4765/4765/4765 
f 4608/4608/4608 4606/4606/4606 4861/4861/4861 
f 4575/4575/4575 4663/4663/4663 4784/4784/4784 
f 4769/4769/4769 4622/4622/4622 4677/4677/4677 
f 4862/4862/4862 4758/4758/4758 4450/4450/4450 
f 4595/4595/4595 4773/4773/4773 4812/4812/4812 
f 4864/4864/4864 4863/4863/4863 4502/4502/4502 
f 4546/4546/4546 4547/4547/4547 4815/4815/4815 
f 4867/4867/4867 4866/4866/4866 4865/4865/4865 
f 4758/4758/4758 4449/4449/4449 4450/4450/4450 
f 4835/4835/4835 4834/4834/4834 4868/4868/4868 
f 4734/4734/4734 4849/4849/4849 4803/4803/4803 
f 4681/4681/4681 4566/4566/4566 4601/4601/4601 
f 4418/4418/4418 4560/4560/4560 4558/4558/4558 
f 4668/4668/4668 4744/4744/4744 4360/4360/4360 
f 4556/4556/4556 4557/4557/4557 4586/4586/4586 
f 4572/4572/4572 4679/4679/4679 4571/4571/4571 
f 4861/4861/4861 4749/4749/4749 4661/4661/4661 
f 4794/4794/4794 4718/4718/4718 4869/4869/4869 
f 4728/4728/4728 4346/4346/4346 4344/4344/4344 
f 4477/4477/4477 4478/4478/4478 4748/4748/4748 
f 4872/4872/4872 4871/4871/4871 4870/4870/4870 
f 4339/4339/4339 4828/4828/4828 4714/4714/4714 
f 4812/4812/4812 4491/4491/4491 4873/4873/4873 
f 4699/4699/4699 4812/4812/4812 4873/4873/4873 
f 4491/4491/4491 4759/4759/4759 4873/4873/4873 
f 4759/4759/4759 4437/4437/4437 4873/4873/4873 
f 4384/4384/4384 4385/4385/4385 4746/4746/4746 
f 4362/4362/4362 4694/4694/4694 4361/4361/4361 
f 4587/4587/4587 4556/4556/4556 4586/4586/4586 
f 4768/4768/4768 4727/4727/4727 4725/4725/4725 
f 4608/4608/4608 4861/4861/4861 4661/4661/4661 
f 4570/4570/4570 4349/4349/4349 4396/4396/4396 
f 4637/4637/4637 4638/4638/4638 4735/4735/4735 
f 4638/4638/4638 4576/4576/4576 4735/4735/4735 
f 4624/4624/4624 4479/4479/4479 4740/4740/4740 
f 4829/4829/4829 4465/4465/4465 4463/4463/4463 
f 4410/4410/4410 4405/4405/4405 4409/4409/4409 
f 4741/4741/4741 4791/4791/4791 4740/4740/4740 
f 4357/4357/4357 4813/4813/4813 4874/4874/4874 
f 4707/4707/4707 4875/4875/4875 4580/4580/4580 
f 4442/4442/4442 4722/4722/4722 4845/4845/4845 
f 4660/4660/4660 4876/4876/4876 4832/4832/4832 
f 4878/4878/4878 4582/4582/4582 4877/4877/4877 
f 4664/4664/4664 4878/4878/4878 4877/4877/4877 
f 4702/4702/4702 4712/4712/4712 4814/4814/4814 
f 4602/4602/4602 4529/4529/4529 4527/4527/4527 
f 4880/4880/4880 4454/4454/4454 4879/4879/4879 
f 4862/4862/4862 4450/4450/4450 4426/4426/4426 
f 4882/4882/4882 4335/4335/4335 4881/4881/4881 
f 4545/4545/4545 4654/4654/4654 4839/4839/4839 
f 4872/4872/4872 4397/4397/4397 4395/4395/4395 
f 4883/4883/4883 4728/4728/4728 4441/4441/4441 
f 4813/4813/4813 4453/4453/4453 4874/4874/4874 
f 4696/4696/4696 4641/4641/4641 4367/4367/4367 
f 4597/4597/4597 4598/4598/4598 4884/4884/4884 
f 4556/4556/4556 4587/4587/4587 4885/4885/4885 
f 4356/4356/4356 4797/4797/4797 4680/4680/4680 
f 4337/4337/4337 4360/4360/4360 4358/4358/4358 
f 4866/4866/4866 4623/4623/4623 4351/4351/4351 
f 4358/4358/4358 4770/4770/4770 4541/4541/4541 
f 4588/4588/4588 4811/4811/4811 4649/4649/4649 
f 4771/4771/4771 4493/4493/4493 4684/4684/4684 
f 4836/4836/4836 4837/4837/4837 4835/4835/4835 
f 4460/4460/4460 4467/4467/4467 4461/4461/4461 
f 4467/4467/4467 4468/4468/4468 4461/4461/4461 
f 4614/4614/4614 4615/4615/4615 4706/4706/4706 
f 4887/4887/4887 4377/4377/4377 4886/4886/4886 
f 4889/4889/4889 4525/4525/4525 4888/4888/4888 
f 4822/4822/4822 4890/4890/4890 4447/4447/4447 
f 4703/4703/4703 4577/4577/4577 4596/4596/4596 
f 4343/4343/4343 4786/4786/4786 4719/4719/4719 
f 4786/4786/4786 4574/4574/4574 4719/4719/4719 
f 4826/4826/4826 4891/4891/4891 4780/4780/4780 
f 4483/4483/4483 4515/4515/4515 4513/4513/4513 
f 4786/4786/4786 4343/4343/4343 4419/4419/4419 
f 4565/4565/4565 4468/4468/4468 4466/4466/4466 
f 4590/4590/4590 4892/4892/4892 4695/4695/4695 
f 4431/4431/4431 4432/4432/4432 4680/4680/4680 
f 4876/4876/4876 4836/4836/4836 4893/4893/4893 
f 4372/4372/4372 4370/4370/4370 4542/4542/4542 
f 4404/4404/4404 4410/4410/4410 4791/4791/4791 
f 4835/4835/4835 4837/4837/4837 4382/4382/4382 
f 4491/4491/4491 4492/4492/4492 4759/4759/4759 
f 4492/4492/4492 4417/4417/4417 4759/4759/4759 
f 4671/4671/4671 4488/4488/4488 4693/4693/4693 
f 4863/4863/4863 4503/4503/4503 4502/4502/4502 
f 4715/4715/4715 4595/4595/4595 4339/4339/4339 
f 4628/4628/4628 4820/4820/4820 4819/4819/4819 
f 4762/4762/4762 4516/4516/4516 4757/4757/4757 
f 4768/4768/4768 4592/4592/4592 4894/4894/4894 
f 4470/4470/4470 4736/4736/4736 4895/4895/4895 
f 4724/4724/4724 4423/4423/4423 4723/4723/4723 
f 4754/4754/4754 4782/4782/4782 4476/4476/4476 
f 4598/4598/4598 4578/4578/4578 4412/4412/4412 
f 4578/4578/4578 4414/4414/4414 4412/4412/4412 
f 4731/4731/4731 4658/4658/4658 4777/4777/4777 
f 4658/4658/4658 4845/4845/4845 4777/4777/4777 
f 4845/4845/4845 4521/4521/4521 4777/4777/4777 
f 4827/4827/4827 4375/4375/4375 4714/4714/4714 
f 4652/4652/4652 4679/4679/4679 4678/4678/4678 
f 4742/4742/4742 4818/4818/4818 4896/4896/4896 
f 4736/4736/4736 4576/4576/4576 4787/4787/4787 
f 4686/4686/4686 4564/4564/4564 4563/4563/4563 
f 4377/4377/4377 4887/4887/4887 4376/4376/4376 
f 4703/4703/4703 4393/4393/4393 4577/4577/4577 
f 4548/4548/4548 4861/4861/4861 4689/4689/4689 
f 4861/4861/4861 4606/4606/4606 4689/4689/4689 
f 4570/4570/4570 4555/4555/4555 4764/4764/4764 
f 4555/4555/4555 4556/4556/4556 4764/4764/4764 
f 4489/4489/4489 4694/4694/4694 4488/4488/4488 
f 4794/4794/4794 4869/4869/4869 4590/4590/4590 
f 4595/4595/4595 4715/4715/4715 4773/4773/4773 
f 4606/4606/4606 4607/4607/4607 4619/4619/4619 
f 4859/4859/4859 4860/4860/4860 4665/4665/4665 
f 4531/4531/4531 4330/4330/4330 4446/4446/4446 
f 4330/4330/4330 4331/4331/4331 4446/4446/4446 
f 4420/4420/4420 4558/4558/4558 4808/4808/4808 
f 4871/4871/4871 4810/4810/4810 4870/4870/4870 
f 4807/4807/4807 4825/4825/4825 4806/4806/4806 
f 4791/4791/4791 4741/4741/4741 4753/4753/4753 
f 4741/4741/4741 4398/4398/4398 4753/4753/4753 
f 4872/4872/4872 4395/4395/4395 4871/4871/4871 
f 4380/4380/4380 4612/4612/4612 4641/4641/4641 
f 4515/4515/4515 4518/4518/4518 4514/4514/4514 
f 4800/4800/4800 4728/4728/4728 4883/4883/4883 
f 4436/4436/4436 4437/4437/4437 4759/4759/4759 
f 4556/4556/4556 4885/4885/4885 4755/4755/4755 
f 4864/4864/4864 4613/4613/4613 4863/4863/4863 
f 4391/4391/4391 4389/4389/4389 4798/4798/4798 
f 4864/4864/4864 4501/4501/4501 4452/4452/4452 
f 4613/4613/4613 4864/4864/4864 4452/4452/4452 
f 4702/4702/4702 4744/4744/4744 4713/4713/4713 
f 4862/4862/4862 4426/4426/4426 4424/4424/4424 
f 4898/4898/4898 4390/4390/4390 4897/4897/4897 
f 4390/4390/4390 4567/4567/4567 4897/4897/4897 
f 4628/4628/4628 4730/4730/4730 4820/4820/4820 
f 4799/4799/4799 4800/4800/4800 4510/4510/4510 
f 4860/4860/4860 4667/4667/4667 4665/4665/4665 
f 4429/4429/4429 4585/4585/4585 4799/4799/4799 
f 4577/4577/4577 4578/4578/4578 4596/4596/4596 
f 4370/4370/4370 4745/4745/4745 4542/4542/4542 
f 4436/4436/4436 4415/4415/4415 4838/4838/4838 
f 4337/4337/4337 4358/4358/4358 4541/4541/4541 
f 4602/4602/4602 4527/4527/4527 4737/4737/4737 
f 4507/4507/4507 4505/4505/4505 4851/4851/4851 
f 4860/4860/4860 4743/4743/4743 4667/4667/4667 
f 4877/4877/4877 4856/4856/4856 4448/4448/4448 
f 4664/4664/4664 4877/4877/4877 4448/4448/4448 
f 4449/4449/4449 4664/4664/4664 4448/4448/4448 
f 4508/4508/4508 4602/4602/4602 4738/4738/4738 
f 4336/4336/4336 4710/4710/4710 4809/4809/4809 
f 4843/4843/4843 4597/4597/4597 4884/4884/4884 
f 4357/4357/4357 4584/4584/4584 4899/4899/4899 
f 4721/4721/4721 4528/4528/4528 4847/4847/4847 
f 4900/4900/4900 4843/4843/4843 4884/4884/4884 
f 4774/4774/4774 4823/4823/4823 4901/4901/4901 
f 4543/4543/4543 4697/4697/4697 4901/4901/4901 
f 4495/4495/4495 4745/4745/4745 4370/4370/4370 
f 4566/4566/4566 4681/4681/4681 4688/4688/4688 
f 4664/4664/4664 4449/4449/4449 4663/4663/4663 
f 4849/4849/4849 4804/4804/4804 4803/4803/4803 
f 4624/4624/4624 4481/4481/4481 4479/4479/4479 
f 4459/4459/4459 4460/4460/4460 4462/4462/4462 
f 4359/4359/4359 4744/4744/4744 4701/4701/4701 
f 4560/4560/4560 4902/4902/4902 4900/4900/4900 
f 4902/4902/4902 4843/4843/4843 4900/4900/4900 
f 4368/4368/4368 4822/4822/4822 4696/4696/4696 
f 4444/4444/4444 4516/4516/4516 4723/4723/4723 
f 4548/4548/4548 4749/4749/4749 4861/4861/4861 
f 4546/4546/4546 4815/4815/4815 4712/4712/4712 
f 4612/4612/4612 4613/4613/4613 4640/4640/4640 
f 4704/4704/4704 4829/4829/4829 4896/4896/4896 
f 4339/4339/4339 4340/4340/4340 4828/4828/4828 
f 4648/4648/4648 4643/4643/4643 4903/4903/4903 
f 4567/4567/4567 4388/4388/4388 4897/4897/4897 
f 4529/4529/4529 4840/4840/4840 4649/4649/4649 
f 4608/4608/4608 4662/4662/4662 4892/4892/4892 
f 4607/4607/4607 4608/4608/4608 4892/4892/4892 
f 4359/4359/4359 4770/4770/4770 4358/4358/4358 
f 4430/4430/4430 4904/4904/4904 4840/4840/4840 
f 4840/4840/4840 4905/4905/4905 4649/4649/4649 
f 4387/4387/4387 4535/4535/4535 4536/4536/4536 
f 4890/4890/4890 4552/4552/4552 4906/4906/4906 
f 4552/4552/4552 4486/4486/4486 4906/4906/4906 
f 4660/4660/4660 4731/4731/4731 4806/4806/4806 
f 4578/4578/4578 4598/4598/4598 4596/4596/4596 
f 4810/4810/4810 4871/4871/4871 4809/4809/4809 
f 4377/4377/4377 4480/4480/4480 4907/4907/4907 
f 4789/4789/4789 4517/4517/4517 4851/4851/4851 
f 4418/4418/4418 4419/4419/4419 4783/4783/4783 
f 4630/4630/4630 4855/4855/4855 4629/4629/4629 
f 4469/4469/4469 4816/4816/4816 4392/4392/4392 
f 4509/4509/4509 4432/4432/4432 4430/4430/4430 
f 4433/4433/4433 4456/4456/4456 4801/4801/4801 
f 4775/4775/4775 4433/4433/4433 4801/4801/4801 
f 4724/4724/4724 4805/4805/4805 4422/4422/4422 
f 4772/4772/4772 4434/4434/4434 4719/4719/4719 
f 4782/4782/4782 4668/4668/4668 4538/4538/4538 
f 4594/4594/4594 4782/4782/4782 4538/4538/4538 
f 4681/4681/4681 4670/4670/4670 4798/4798/4798 
f 4457/4457/4457 4772/4772/4772 4497/4497/4497 
f 4498/4498/4498 4457/4457/4457 4497/4497/4497 
f 4497/4497/4497 4772/4772/4772 4784/4784/4784 
f 4758/4758/4758 4497/4497/4497 4784/4784/4784 
f 4449/4449/4449 4758/4758/4758 4784/4784/4784 
f 4663/4663/4663 4449/4449/4449 4784/4784/4784 
f 4718/4718/4718 4794/4794/4794 4565/4565/4565 
f 4686/4686/4686 4444/4444/4444 4908/4908/4908 
f 4826/4826/4826 4594/4594/4594 4592/4592/4592 
f 4768/4768/4768 4826/4826/4826 4592/4592/4592 
f 4635/4635/4635 4543/4543/4543 4634/4634/4634 
f 4543/4543/4543 4544/4544/4544 4634/4634/4634 
f 4856/4856/4856 4830/4830/4830 4504/4504/4504 
f 4448/4448/4448 4856/4856/4856 4504/4504/4504 
f 4362/4362/4362 4366/4366/4366 4364/4364/4364 
f 4818/4818/4818 4362/4362/4362 4364/4364/4364 
f 4569/4569/4569 4570/4570/4570 4348/4348/4348 
f 4349/4349/4349 4569/4569/4569 4348/4348/4348 
f 4360/4360/4360 4335/4335/4335 4347/4347/4347 
f 4537/4537/4537 4360/4360/4360 4347/4347/4347 
f 4348/4348/4348 4537/4537/4537 4347/4347/4347 
f 4588/4588/4588 4905/4905/4905 4587/4587/4587 
f 4905/4905/4905 4904/4904/4904 4885/4885/4885 
f 4587/4587/4587 4905/4905/4905 4885/4885/4885 
f 4858/4858/4858 4689/4689/4689 4655/4655/4655 
f 4641/4641/4641 4612/4612/4612 4640/4640/4640 
f 4534/4534/4534 4717/4717/4717 4530/4530/4530 
f 4486/4486/4486 4817/4817/4817 4485/4485/4485 
f 4817/4817/4817 4785/4785/4785 4485/4485/4485 
f 4869/4869/4869 4718/4718/4718 4853/4853/4853 
f 4566/4566/4566 4468/4468/4468 4565/4565/4565 
f 4420/4420/4420 4418/4418/4418 4558/4558/4558 
f 4794/4794/4794 4489/4489/4489 4565/4565/4565 
f 4793/4793/4793 4778/4778/4778 4626/4626/4626 
f 4363/4363/4363 4695/4695/4695 4366/4366/4366 
f 4695/4695/4695 4600/4600/4600 4366/4366/4366 
f 4797/4797/4797 4356/4356/4356 4874/4874/4874 
f 4726/4726/4726 4797/4797/4797 4874/4874/4874 
f 4909/4909/4909 4626/4626/4626 4747/4747/4747 
f 4830/4830/4830 4827/4827/4827 4828/4828/4828 
f 4760/4760/4760 4830/4830/4830 4828/4828/4828 
f 4340/4340/4340 4760/4760/4760 4828/4828/4828 
f 4669/4669/4669 4561/4561/4561 4416/4416/4416 
f 4632/4632/4632 4631/4631/4631 4747/4747/4747 
f 4832/4832/4832 4876/4876/4876 4831/4831/4831 
f 4518/4518/4518 4531/4531/4531 4532/4532/4532 
f 4517/4517/4517 4518/4518/4518 4532/4532/4532 
f 4553/4553/4553 4837/4837/4837 4825/4825/4825 
f 4559/4559/4559 4560/4560/4560 4709/4709/4709 
f 4374/4374/4374 4375/4375/4375 4739/4739/4739 
f 4684/4684/4684 4374/4374/4374 4739/4739/4739 
f 4669/4669/4669 4388/4388/4388 4567/4567/4567 
f 4748/4748/4748 4464/4464/4464 4465/4465/4465 
f 4910/4910/4910 4484/4484/4484 4678/4678/4678 
f 4469/4469/4469 4393/4393/4393 4703/4703/4703 
f 4844/4844/4844 4469/4469/4469 4703/4703/4703 
f 4417/4417/4417 4492/4492/4492 4536/4536/4536 
f 4500/4500/4500 4911/4911/4911 4561/4561/4561 
f 4859/4859/4859 4443/4443/4443 4421/4421/4421 
f 4382/4382/4382 4837/4837/4837 4554/4554/4554 
f 4461/4461/4461 4898/4898/4898 4897/4897/4897 
f 4386/4386/4386 4461/4461/4461 4897/4897/4897 
f 4388/4388/4388 4386/4386/4386 4897/4897/4897 
f 4751/4751/4751 4458/4458/4458 4750/4750/4750 
f 4628/4628/4628 4568/4568/4568 4729/4729/4729 
f 4611/4611/4611 4612/4612/4612 4379/4379/4379 
f 4904/4904/4904 4905/4905/4905 4840/4840/4840 
f 4604/4604/4604 4605/4605/4605 4645/4645/4645 
f 4390/4390/4390 4898/4898/4898 4389/4389/4389 
f 4333/4333/4333 4821/4821/4821 4332/4332/4332 
f 4822/4822/4822 4368/4368/4368 4552/4552/4552 
f 4890/4890/4890 4822/4822/4822 4552/4552/4552 
f 4708/4708/4708 4875/4875/4875 4707/4707/4707 
f 4347/4347/4347 4335/4335/4335 4882/4882/4882 
f 4396/4396/4396 4347/4347/4347 4882/4882/4882 
f 4395/4395/4395 4396/4396/4396 4882/4882/4882 
f 4461/4461/4461 4468/4468/4468 4688/4688/4688 
f 4898/4898/4898 4461/4461/4461 4688/4688/4688 
f 4389/4389/4389 4898/4898/4898 4688/4688/4688 
f 4768/4768/4768 4894/4894/4894 4767/4767/4767 
f 4534/4534/4534 4531/4531/4531 4446/4446/4446 
f 4395/4395/4395 4882/4882/4882 4881/4881/4881 
f 4642/4642/4642 4643/4643/4643 4618/4618/4618 
f 4839/4839/4839 4870/4870/4870 4912/4912/4912 
f 4385/4385/4385 4841/4841/4841 4633/4633/4633 
f 4841/4841/4841 4716/4716/4716 4633/4633/4633 
f 4699/4699/4699 4595/4595/4595 4812/4812/4812 
f 4606/4606/4606 4619/4619/4619 4655/4655/4655 
f 4833/4833/4833 4511/4511/4511 4883/4883/4883 
f 4493/4493/4493 4491/4491/4491 4812/4812/4812 
f 4713/4713/4713 4546/4546/4546 4712/4712/4712 
f 4334/4334/4334 4674/4674/4674 4834/4834/4834 
f 4849/4849/4849 4824/4824/4824 4804/4804/4804 
f 4474/4474/4474 4475/4475/4475 4342/4342/4342 
f 4359/4359/4359 4701/4701/4701 4350/4350/4350 
f 4770/4770/4770 4359/4359/4359 4350/4350/4350 
f 4779/4779/4779 4581/4581/4581 4819/4819/4819 
f 4512/4512/4512 4371/4371/4371 4672/4672/4672 
f 4850/4850/4850 4771/4771/4771 4682/4682/4682 
f 4583/4583/4583 4850/4850/4850 4682/4682/4682 
f 4744/4744/4744 4668/4668/4668 4754/4754/4754 
f 4713/4713/4713 4744/4744/4744 4754/4754/4754 
f 4477/4477/4477 4713/4713/4713 4754/4754/4754 
f 4526/4526/4526 4675/4675/4675 4888/4888/4888 
f 4525/4525/4525 4526/4526/4526 4888/4888/4888 
f 4860/4860/4860 4400/4400/4400 4401/4401/4401 
f 4743/4743/4743 4860/4860/4860 4401/4401/4401 
f 4511/4511/4511 4428/4428/4428 4429/4429/4429 
f 4429/4429/4429 4799/4799/4799 4510/4510/4510 
f 4674/4674/4674 4428/4428/4428 4868/4868/4868 
f 4834/4834/4834 4674/4674/4674 4868/4868/4868 
f 4575/4575/4575 4576/4576/4576 4638/4638/4638 
f 4663/4663/4663 4575/4575/4575 4638/4638/4638 
f 4611/4611/4611 4692/4692/4692 4863/4863/4863 
f 4613/4613/4613 4611/4611/4611 4863/4863/4863 
f 4878/4878/4878 4664/4664/4664 4636/4636/4636 
f 4557/4557/4557 4700/4700/4700 4604/4604/4604 
f 4892/4892/4892 4590/4590/4590 4913/4913/4913 
f 4607/4607/4607 4892/4892/4892 4913/4913/4913 
f 4590/4590/4590 4869/4869/4869 4913/4913/4913 
f 4557/4557/4557 4604/4604/4604 4586/4586/4586 
f 4334/4334/4334 4332/4332/4332 4673/4673/4673 
f 4720/4720/4720 4498/4498/4498 4573/4573/4573 
f 4662/4662/4662 4600/4600/4600 4695/4695/4695 
f 4892/4892/4892 4662/4662/4662 4695/4695/4695 
f 4443/4443/4443 4859/4859/4859 4908/4908/4908 
f 4444/4444/4444 4443/4443/4443 4908/4908/4908 
f 4804/4804/4804 4343/4343/4343 4341/4341/4341 
f 4405/4405/4405 4581/4581/4581 4409/4409/4409 
f 4862/4862/4862 4914/4914/4914 4496/4496/4496 
f 4758/4758/4758 4862/4862/4862 4496/4496/4496 
f 4505/4505/4505 4506/4506/4506 4438/4438/4438 
f 4782/4782/4782 4594/4594/4594 4476/4476/4476 
f 4745/4745/4745 4544/4544/4544 4542/4542/4542 
f 4467/4467/4467 4471/4471/4471 4466/4466/4466 
f 4669/4669/4669 4500/4500/4500 4561/4561/4561 
f 4793/4793/4793 4792/4792/4792 4523/4523/4523 
f 4486/4486/4486 4553/4553/4553 4817/4817/4817 
f 4818/4818/4818 4694/4694/4694 4362/4362/4362 
f 4601/4601/4601 4490/4490/4490 4488/4488/4488 
f 4489/4489/4489 4794/4794/4794 4361/4361/4361 
f 4694/4694/4694 4489/4489/4489 4361/4361/4361 
f 4544/4544/4544 4745/4745/4745 4746/4746/4746 
f 4545/4545/4545 4447/4447/4447 4653/4653/4653 
f 4447/4447/4447 4890/4890/4890 4653/4653/4653 
f 4745/4745/4745 4666/4666/4666 4539/4539/4539 
f 4805/4805/4805 4846/4846/4846 4756/4756/4756 
f 4646/4646/4646 4676/4676/4676 4756/4756/4756 
f 4422/4422/4422 4805/4805/4805 4399/4399/4399 
f 4400/4400/4400 4422/4422/4422 4399/4399/4399 
f 4528/4528/4528 4811/4811/4811 4847/4847/4847 
f 4654/4654/4654 4653/4653/4653 4795/4795/4795 
f 4696/4696/4696 4822/4822/4822 4445/4445/4445 
f 4380/4380/4380 4696/4696/4696 4445/4445/4445 
f 4331/4331/4331 4380/4380/4380 4445/4445/4445 
f 4617/4617/4617 4618/4618/4618 4808/4808/4808 
f 4761/4761/4761 4733/4733/4733 4732/4732/4732 
f 4656/4656/4656 4617/4617/4617 4867/4867/4867 
f 4647/4647/4647 4648/4648/4648 4903/4903/4903 
f 4787/4787/4787 4647/4647/4647 4903/4903/4903 
f 4727/4727/4727 4431/4431/4431 4797/4797/4797 
f 4763/4763/4763 4757/4757/4757 4886/4886/4886 
f 4885/4885/4885 4904/4904/4904 4894/4894/4894 
f 4550/4550/4550 4915/4915/4915 4549/4549/4549 
f 4618/4618/4618 4643/4643/4643 4648/4648/4648 
f 4816/4816/4816 4630/4630/4630 4392/4392/4392 
f 4630/4630/4630 4394/4394/4394 4392/4392/4392 
f 4700/4700/4700 4880/4880/4880 4603/4603/4603 
f 4570/4570/4570 4397/4397/4397 4455/4455/4455 
f 4555/4555/4555 4570/4570/4570 4455/4455/4455 
f 4846/4846/4846 4805/4805/4805 4788/4788/4788 
f 4792/4792/4792 4846/4846/4846 4788/4788/4788 
f 4685/4685/4685 4792/4792/4792 4788/4788/4788 
f 4916/4916/4916 4685/4685/4685 4788/4788/4788 
f 4763/4763/4763 4916/4916/4916 4788/4788/4788 
f 4428/4428/4428 4674/4674/4674 4427/4427/4427 
f 4422/4422/4422 4400/4400/4400 4421/4421/4421 
f 4400/4400/4400 4859/4859/4859 4421/4421/4421 
f 4377/4377/4377 4378/4378/4378 4480/4480/4480 
f 4565/4565/4565 4489/4489/4489 4490/4490/4490 
f 4743/4743/4743 4526/4526/4526 4524/4524/4524 
f 4540/4540/4540 4743/4743/4743 4524/4524/4524 
f 4384/4384/4384 4540/4540/4540 4524/4524/4524 
f 4743/4743/4743 4540/4540/4540 4667/4667/4667 
f 4600/4600/4600 4662/4662/4662 4705/4705/4705 
f 4338/4338/4338 4698/4698/4698 4616/4616/4616 
f 4698/4698/4698 4766/4766/4766 4616/4616/4616 
f 4835/4835/4835 4868/4868/4868 4893/4893/4893 
f 4833/4833/4833 4883/4883/4883 4441/4441/4441 
f 4766/4766/4766 4733/4733/4733 4616/4616/4616 
f 4911/4911/4911 4864/4864/4864 4917/4917/4917 
f 4613/4613/4613 4452/4452/4452 4640/4640/4640 
f 4871/4871/4871 4395/4395/4395 4881/4881/4881 
f 4452/4452/4452 4501/4501/4501 4451/4451/4451 
f 4501/4501/4501 4499/4499/4499 4451/4451/4451 
f 4335/4335/4335 4336/4336/4336 4881/4881/4881 
f 4733/4733/4733 4761/4761/4761 4616/4616/4616 
f 4474/4474/4474 4775/4775/4775 4730/4730/4730 
f 4793/4793/4793 4626/4626/4626 4627/4627/4627 
f 4646/4646/4646 4756/4756/4756 4627/4627/4627 
f 4474/4474/4474 4730/4730/4730 4473/4473/4473 
f 4855/4855/4855 4630/4630/4630 4639/4639/4639 
f 4547/4547/4547 4548/4548/4548 4689/4689/4689 
f 4858/4858/4858 4547/4547/4547 4689/4689/4689 
f 4471/4471/4471 4467/4467/4467 4751/4751/4751 
f 4752/4752/4752 4471/4471/4471 4751/4751/4751 
f 4604/4604/4604 4700/4700/4700 4603/4603/4603 
f 4419/4419/4419 4420/4420/4420 4647/4647/4647 
f 4786/4786/4786 4419/4419/4419 4647/4647/4647 
f 4560/4560/4560 4418/4418/4418 4918/4918/4918 
f 4418/4418/4418 4783/4783/4783 4918/4918/4918 
f 4783/4783/4783 4824/4824/4824 4918/4918/4918 
f 4824/4824/4824 4902/4902/4902 4918/4918/4918 
f 4612/4612/4612 4380/4380/4380 4379/4379/4379 
f 4905/4905/4905 4588/4588/4588 4649/4649/4649 
f 4585/4585/4585 4589/4589/4589 4584/4584/4584 
f 4589/4589/4589 4821/4821/4821 4584/4584/4584 
f 4573/4573/4573 4914/4914/4914 4572/4572/4572 
f 4915/4915/4915 4919/4919/4919 4732/4732/4732 
f 4919/4919/4919 4761/4761/4761 4732/4732/4732 
f 4430/4430/4430 4431/4431/4431 4767/4767/4767 
f 4904/4904/4904 4430/4430/4430 4767/4767/4767 
f 4894/4894/4894 4904/4904/4904 4767/4767/4767 
f 4494/4494/4494 4687/4687/4687 4563/4563/4563 
f 4775/4775/4775 4802/4802/4802 4820/4820/4820 
f 4730/4730/4730 4775/4775/4775 4820/4820/4820 
f 4891/4891/4891 4826/4826/4826 4725/4725/4725 
f 4356/4356/4356 4357/4357/4357 4874/4874/4874 
f 4914/4914/4914 4862/4862/4862 4424/4424/4424 
f 4690/4690/4690 4914/4914/4914 4424/4424/4424 
f 4656/4656/4656 4865/4865/4865 4857/4857/4857 
f 4865/4865/4865 4815/4815/4815 4857/4857/4857 
f 4705/4705/4705 4662/4662/4662 4661/4661/4661 
f 4829/4829/4829 4705/4705/4705 4661/4661/4661 
f 4496/4496/4496 4914/4914/4914 4573/4573/4573 
f 4498/4498/4498 4496/4496/4496 4573/4573/4573 
f 4760/4760/4760 4761/4761/4761 4919/4919/4919 
f 4915/4915/4915 4425/4425/4425 4919/4919/4919 
f 4425/4425/4425 4426/4426/4426 4776/4776/4776 
f 4919/4919/4919 4425/4425/4425 4776/4776/4776 
f 4760/4760/4760 4919/4919/4919 4776/4776/4776 
f 4830/4830/4830 4760/4760/4760 4776/4776/4776 
f 4642/4642/4642 4607/4607/4607 4913/4913/4913 
f 4644/4644/4644 4642/4642/4642 4913/4913/4913 
f 4869/4869/4869 4644/4644/4644 4913/4913/4913 
f 4811/4811/4811 4588/4588/4588 4645/4645/4645 
f 4469/4469/4469 4844/4844/4844 4848/4848/4848 
f 4816/4816/4816 4469/4469/4469 4848/4848/4848 
f 4734/4734/4734 4816/4816/4816 4848/4848/4848 
f 4503/4503/4503 4733/4733/4733 4766/4766/4766 
f 4435/4435/4435 4503/4503/4503 4766/4766/4766 
f 4375/4375/4375 4715/4715/4715 4714/4714/4714 
f 4920/4920/4920 4391/4391/4391 4798/4798/4798 
f 4742/4742/4742 4920/4920/4920 4798/4798/4798 
f 4353/4353/4353 4369/4369/4369 4367/4367/4367 
f 4354/4354/4354 4353/4353/4353 4367/4367/4367 
f 4483/4483/4483 4402/4402/4402 4329/4329/4329 
f 4515/4515/4515 4483/4483/4483 4329/4329/4329 
f 4518/4518/4518 4515/4515/4515 4329/4329/4329 
f 4330/4330/4330 4518/4518/4518 4329/4329/4329 
f 4459/4459/4459 4582/4582/4582 4609/4609/4609 
f 4438/4438/4438 4439/4439/4439 4851/4851/4851 
f 4505/4505/4505 4438/4438/4438 4851/4851/4851 
f 4539/4539/4539 4666/4666/4666 4667/4667/4667 
f 4540/4540/4540 4539/4539/4539 4667/4667/4667 
f 4352/4352/4352 4702/4702/4702 4814/4814/4814 
f 4866/4866/4866 4352/4352/4352 4814/4814/4814 
f 4623/4623/4623 4617/4617/4617 4808/4808/4808 
f 4910/4910/4910 4692/4692/4692 4691/4691/4691 
f 4484/4484/4484 4910/4910/4910 4691/4691/4691 
f 4402/4402/4402 4484/4484/4484 4691/4691/4691 
f 4379/4379/4379 4402/4402/4402 4691/4691/4691 
f 4411/4411/4411 4632/4632/4632 4410/4410/4410 
f 4871/4871/4871 4881/4881/4881 4809/4809/4809 
f 4881/4881/4881 4336/4336/4336 4809/4809/4809 
f 4404/4404/4404 4405/4405/4405 4410/4410/4410 
f 4436/4436/4436 4417/4417/4417 4415/4415/4415 
f 4885/4885/4885 4894/4894/4894 4755/4755/4755 
f 4894/4894/4894 4592/4592/4592 4755/4755/4755 
f 4466/4466/4466 4471/4471/4471 4472/4472/4472 
f 4718/4718/4718 4466/4466/4466 4472/4472/4472 
f 4644/4644/4644 4869/4869/4869 4853/4853/4853 
f 4643/4643/4643 4644/4644/4644 4853/4853/4853 
f 4564/4564/4564 4686/4686/4686 4908/4908/4908 
f 4708/4708/4708 4672/4672/4672 4921/4921/4921 
f 4716/4716/4716 4841/4841/4841 4922/4922/4922 
f 4841/4841/4841 4923/4923/4923 4922/4922/4922 
f 4674/4674/4674 4334/4334/4334 4673/4673/4673 
f 4908/4908/4908 4859/4859/4859 4665/4665/4665 
f 4564/4564/4564 4908/4908/4908 4665/4665/4665 
f 4666/4666/4666 4564/4564/4564 4665/4665/4665 
f 4346/4346/4346 4800/4800/4800 4738/4738/4738 
f 4486/4486/4486 4487/4487/4487 4906/4906/4906 
f 4708/4708/4708 4506/4506/4506 4672/4672/4672 
f 4761/4761/4761 4340/4340/4340 4616/4616/4616 
f 4717/4717/4717 4534/4534/4534 4711/4711/4711 
f 4700/4700/4700 4455/4455/4455 4454/4454/4454 
f 4810/4810/4810 4560/4560/4560 4900/4900/4900 
f 4397/4397/4397 4872/4872/4872 4454/4454/4454 
f 4774/4774/4774 4411/4411/4411 4924/4924/4924 
f 4411/4411/4411 4925/4925/4925 4924/4924/4924 
f 4750/4750/4750 4610/4610/4610 4926/4926/4926 
f 4807/4807/4807 4520/4520/4520 4817/4817/4817 
f 4553/4553/4553 4807/4807/4807 4817/4817/4817 
f 4855/4855/4855 4404/4404/4404 4753/4753/4753 
f 4629/4629/4629 4855/4855/4855 4753/4753/4753 
f 4517/4517/4517 4789/4789/4789 4514/4514/4514 
f 4789/4789/4789 4790/4790/4790 4514/4514/4514 
f 4790/4790/4790 4651/4651/4651 4513/4513/4513 
f 4514/4514/4514 4790/4790/4790 4513/4513/4513 
f 4891/4891/4891 4478/4478/4478 4780/4780/4780 
f 4780/4780/4780 4478/4478/4478 4476/4476/4476 
f 4781/4781/4781 4780/4780/4780 4476/4476/4476 
f 4594/4594/4594 4781/4781/4781 4476/4476/4476 
f 4438/4438/4438 4506/4506/4506 4707/4707/4707 
f 4440/4440/4440 4438/4438/4438 4707/4707/4707 
f 4480/4480/4480 4685/4685/4685 4907/4907/4907 
f 4685/4685/4685 4916/4916/4916 4907/4907/4907 
f 4345/4345/4345 4346/4346/4346 4737/4737/4737 
f 4721/4721/4721 4345/4345/4345 4737/4737/4737 
f 4527/4527/4527 4721/4721/4721 4737/4737/4737 
f 4443/4443/4443 4423/4423/4423 4421/4421/4421 
f 4378/4378/4378 4741/4741/4741 4479/4479/4479 
f 4480/4480/4480 4378/4378/4378 4479/4479/4479 
f 4439/4439/4439 4789/4789/4789 4851/4851/4851 
f 4887/4887/4887 4886/4886/4886 4927/4927/4927 
f 4679/4679/4679 4652/4652/4652 4819/4819/4819 
f 4802/4802/4802 4679/4679/4679 4819/4819/4819 
f 4873/4873/4873 4437/4437/4437 4765/4765/4765 
f 4699/4699/4699 4873/4873/4873 4765/4765/4765 
f 4834/4834/4834 4382/4382/4382 4381/4381/4381 
f 4334/4334/4334 4834/4834/4834 4381/4381/4381 
f 4333/4333/4333 4334/4334/4334 4381/4381/4381 
f 4762/4762/4762 4724/4724/4724 4723/4723/4723 
f 4516/4516/4516 4762/4762/4762 4723/4723/4723 
f 4404/4404/4404 4855/4855/4855 4403/4403/4403 
f 4923/4923/4923 4889/4889/4889 4922/4922/4922 
f 4889/4889/4889 4909/4909/4909 4922/4922/4922 
f 4651/4651/4651 4652/4652/4652 4482/4482/4482 
f 4513/4513/4513 4651/4651/4651 4482/4482/4482 
f 4483/4483/4483 4513/4513/4513 4482/4482/4482 
f 4524/4524/4524 4525/4525/4525 4383/4383/4383 
f 4843/4843/4843 4902/4902/4902 4842/4842/4842 
f 4902/4902/4902 4824/4824/4824 4842/4842/4842 
f 4632/4632/4632 4624/4624/4624 4740/4740/4740 
f 4410/4410/4410 4632/4632/4632 4740/4740/4740 
f 4791/4791/4791 4410/4410/4410 4740/4740/4740 
f 4710/4710/4710 4336/4336/4336 4541/4541/4541 
f 4646/4646/4646 4889/4889/4889 4888/4888/4888 
f 4676/4676/4676 4646/4646/4646 4888/4888/4888 
f 4675/4675/4675 4676/4676/4676 4888/4888/4888 
f 4846/4846/4846 4793/4793/4793 4627/4627/4627 
f 4756/4756/4756 4846/4846/4846 4627/4627/4627 
f 4856/4856/4856 4877/4877/4877 4928/4928/4928 
f 4877/4877/4877 4582/4582/4582 4928/4928/4928 
f 4582/4582/4582 4739/4739/4739 4928/4928/4928 
f 4739/4739/4739 4375/4375/4375 4928/4928/4928 
f 4810/4810/4810 4900/4900/4900 4912/4912/4912 
f 4746/4746/4746 4385/4385/4385 4634/4634/4634 
f 4544/4544/4544 4746/4746/4746 4634/4634/4634 
f 4520/4520/4520 4807/4807/4807 4519/4519/4519 
f 4757/4757/4757 4413/4413/4413 4927/4927/4927 
f 4813/4813/4813 4357/4357/4357 4899/4899/4899 
f 4352/4352/4352 4866/4866/4866 4351/4351/4351 
f 4559/4559/4559 4710/4710/4710 4769/4769/4769 
f 4821/4821/4821 4333/4333/4333 4899/4899/4899 
f 4333/4333/4333 4813/4813/4813 4899/4899/4899 
f 4701/4701/4701 4352/4352/4352 4350/4350/4350 
f 4848/4848/4848 4844/4844/4844 4842/4842/4842 
f 4849/4849/4849 4848/4848/4848 4842/4842/4842 
f 4824/4824/4824 4849/4849/4849 4842/4842/4842 
f 4390/4390/4390 4391/4391/4391 4499/4499/4499 
f 4525/4525/4525 4889/4889/4889 4923/4923/4923 
f 4383/4383/4383 4525/4525/4525 4923/4923/4923 
f 4841/4841/4841 4383/4383/4383 4923/4923/4923 
f 4889/4889/4889 4646/4646/4646 4625/4625/4625 
f 4909/4909/4909 4889/4889/4889 4625/4625/4625 
f 4626/4626/4626 4909/4909/4909 4625/4625/4625 
f 4659/4659/4659 4660/4660/4660 4832/4832/4832 
f 4634/4634/4634 4385/4385/4385 4633/4633/4633 
f 4656/4656/4656 4858/4858/4858 4655/4655/4655 
f 4870/4870/4870 4810/4810/4810 4912/4912/4912 
f 4832/4832/4832 4833/4833/4833 4441/4441/4441 
f 4659/4659/4659 4832/4832/4832 4441/4441/4441 
f 4442/4442/4442 4659/4659/4659 4441/4441/4441 
f 4615/4615/4615 4530/4530/4530 4620/4620/4620 
f 4868/4868/4868 4831/4831/4831 4893/4893/4893 
f 4911/4911/4911 4500/4500/4500 4501/4501/4501 
f 4864/4864/4864 4911/4911/4911 4501/4501/4501 
f 4623/4623/4623 4558/4558/4558 4677/4677/4677 
f 4558/4558/4558 4559/4559/4559 4677/4677/4677 
f 4896/4896/4896 4829/4829/4829 4463/4463/4463 
f 4637/4637/4637 4750/4750/4750 4926/4926/4926 
f 4442/4442/4442 4845/4845/4845 4658/4658/4658 
f 4659/4659/4659 4442/4442/4442 4658/4658/4658 
f 4615/4615/4615 4532/4532/4532 4530/4530/4530 
f 4362/4362/4362 4363/4363/4363 4366/4366/4366 
f 4716/4716/4716 4909/4909/4909 4747/4747/4747 
f 4578/4578/4578 4579/4579/4579 4414/4414/4414 
f 4621/4621/4621 4598/4598/4598 4412/4412/4412 
f 4617/4617/4617 4623/4623/4623 4867/4867/4867 
f 4444/4444/4444 4686/4686/4686 4412/4412/4412 
f 4439/4439/4439 4440/4440/4440 4854/4854/4854 
f 4790/4790/4790 4439/4439/4439 4854/4854/4854 
f 4651/4651/4651 4790/4790/4790 4854/4854/4854 
f 4886/4886/4886 4757/4757/4757 4927/4927/4927 
f 4543/4543/4543 4635/4635/4635 4697/4697/4697 
f 4637/4637/4637 4752/4752/4752 4750/4750/4750 
f 4551/4551/4551 4679/4679/4679 4572/4572/4572 
f 4690/4690/4690 4551/4551/4551 4572/4572/4572 
f 4914/4914/4914 4690/4690/4690 4572/4572/4572 
f 4584/4584/4584 4821/4821/4821 4899/4899/4899 
f 4350/4350/4350 4351/4351/4351 4622/4622/4622 
f 4770/4770/4770 4350/4350/4350 4622/4622/4622 
f 4769/4769/4769 4770/4770/4770 4622/4622/4622 
f 4509/4509/4509 4356/4356/4356 4680/4680/4680 
f 4706/4706/4706 4621/4621/4621 4852/4852/4852 
f 4621/4621/4621 4412/4412/4412 4852/4852/4852 
f 4434/4434/4434 4456/4456/4456 4433/4433/4433 
f 4582/4582/4582 4878/4878/4878 4609/4609/4609 
f 4779/4779/4779 4819/4819/4819 4650/4650/4650 
f 4819/4819/4819 4652/4652/4652 4650/4650/4650 
f 4796/4796/4796 4487/4487/4487 4485/4485/4485 
f 4722/4722/4722 4796/4796/4796 4485/4485/4485 
f 4785/4785/4785 4722/4722/4722 4485/4485/4485 
f 4478/4478/4478 4891/4891/4891 4464/4464/4464 
f 4748/4748/4748 4478/4478/4478 4464/4464/4464 
f 4694/4694/4694 4818/4818/4818 4693/4693/4693 
f 4511/4511/4511 4833/4833/4833 4831/4831/4831 
f 4428/4428/4428 4511/4511/4511 4831/4831/4831 
f 4868/4868/4868 4428/4428/4428 4831/4831/4831 
f 4531/4531/4531 4534/4534/4534 4530/4530/4530 
f 4661/4661/4661 4749/4749/4749 4465/4465/4465 
f 4829/4829/4829 4661/4661/4661 4465/4465/4465 
f 4551/4551/4551 4910/4910/4910 4678/4678/4678 
f 4878/4878/4878 4636/4636/4636 4926/4926/4926 
f 4636/4636/4636 4637/4637/4637 4926/4926/4926 
f 4629/4629/4629 4398/4398/4398 4376/4376/4376 
f 4394/4394/4394 4629/4629/4629 4376/4376/4376 
f 4921/4921/4921 4823/4823/4823 4924/4924/4924 
f 4925/4925/4925 4921/4921/4921 4924/4924/4924 
f 4843/4843/4843 4844/4844/4844 4597/4597/4597 
f 4844/4844/4844 4703/4703/4703 4597/4597/4597 
f 4722/4722/4722 4721/4721/4721 4847/4847/4847 
f 4796/4796/4796 4722/4722/4722 4847/4847/4847 
f 4605/4605/4605 4796/4796/4796 4847/4847/4847 
f 4645/4645/4645 4605/4605/4605 4847/4847/4847 
f 4891/4891/4891 4725/4725/4725 4929/4929/4929 
f 4725/4725/4725 4726/4726/4726 4929/4929/4929 
f 4900/4900/4900 4711/4711/4711 4912/4912/4912 
f 4886/4886/4886 4377/4377/4377 4907/4907/4907 
f 4763/4763/4763 4886/4886/4886 4907/4907/4907 
f 4916/4916/4916 4763/4763/4763 4907/4907/4907 
f 4779/4779/4779 4440/4440/4440 4580/4580/4580 
f 4371/4371/4371 4823/4823/4823 4921/4921/4921 
f 4672/4672/4672 4371/4371/4371 4921/4921/4921 
f 4697/4697/4697 4774/4774/4774 4901/4901/4901 
f 4823/4823/4823 4372/4372/4372 4901/4901/4901 
f 4901/4901/4901 4372/4372/4372 4542/4542/4542 
f 4543/4543/4543 4901/4901/4901 4542/4542/4542 
f 4435/4435/4435 4436/4436/4436 4838/4838/4838 
f 4853/4853/4853 4472/4472/4472 4895/4895/4895 
f 4472/4472/4472 4470/4470/4470 4895/4895/4895 
f 4593/4593/4593 4556/4556/4556 4755/4755/4755 
f 4365/4365/4365 4704/4704/4704 4364/4364/4364 
f 4692/4692/4692 4503/4503/4503 4863/4863/4863 
f 4502/4502/4502 4838/4838/4838 4917/4917/4917 
f 4875/4875/4875 4708/4708/4708 4925/4925/4925 
f 4708/4708/4708 4921/4921/4921 4925/4925/4925 
f 4823/4823/4823 4774/4774/4774 4924/4924/4924 
f 4711/4711/4711 4900/4900/4900 4884/4884/4884 
f 4717/4717/4717 4711/4711/4711 4884/4884/4884 
f 4598/4598/4598 4717/4717/4717 4884/4884/4884 
f 4522/4522/4522 4632/4632/4632 4747/4747/4747 
f 4778/4778/4778 4522/4522/4522 4747/4747/4747 
f 4626/4626/4626 4778/4778/4778 4747/4747/4747 
f 4896/4896/4896 4818/4818/4818 4364/4364/4364 
f 4704/4704/4704 4896/4896/4896 4364/4364/4364 
f 4736/4736/4736 4787/4787/4787 4903/4903/4903 
f 4425/4425/4425 4915/4915/4915 4550/4550/4550 
f 4902/4902/4902 4560/4560/4560 4918/4918/4918 
f 4559/4559/4559 4769/4769/4769 4677/4677/4677 
f 4333/4333/4333 4354/4354/4354 4452/4452/4452 
f 4453/4453/4453 4333/4333/4333 4452/4452/4452 
f 4464/4464/4464 4891/4891/4891 4463/4463/4463 
f 4452/4452/4452 4354/4354/4354 4640/4640/4640 
f 4722/4722/4722 4442/4442/4442 4344/4344/4344 
f 4345/4345/4345 4722/4722/4722 4344/4344/4344 
f 4749/4749/4749 4548/4548/4548 4657/4657/4657 
f 4748/4748/4748 4749/4749/4749 4657/4657/4657 
f 4477/4477/4477 4748/4748/4748 4657/4657/4657 
f 4736/4736/4736 4903/4903/4903 4895/4895/4895 
f 4752/4752/4752 4637/4637/4637 4735/4735/4735 
f 4470/4470/4470 4752/4752/4752 4735/4735/4735 
f 4736/4736/4736 4470/4470/4470 4735/4735/4735 
f 4530/4530/4530 4717/4717/4717 4620/4620/4620 
f 4880/4880/4880 4700/4700/4700 4454/4454/4454 
f 4831/4831/4831 4876/4876/4876 4893/4893/4893 
f 4533/4533/4533 4839/4839/4839 4912/4912/4912 
f 4711/4711/4711 4533/4533/4533 4912/4912/4912 
f 4454/4454/4454 4872/4872/4872 4879/4879/4879 
f 4726/4726/4726 4453/4453/4453 4929/4929/4929 
f 4453/4453/4453 4451/4451/4451 4929/4929/4929 
f 4909/4909/4909 4716/4716/4716 4922/4922/4922 
f 4482/4482/4482 4652/4652/4652 4678/4678/4678 
f 4484/4484/4484 4482/4482/4482 4678/4678/4678 
f 4742/4742/4742 4896/4896/4896 4463/4463/4463 
f 4891/4891/4891 4742/4742/4742 4463/4463/4463 
f 4391/4391/4391 4920/4920/4920 4451/4451/4451 
f 4499/4499/4499 4391/4391/4391 4451/4451/4451 
f 4864/4864/4864 4502/4502/4502 4917/4917/4917 
f 4925/4925/4925 4411/4411/4411 4409/4409/4409 
f 4875/4875/4875 4925/4925/4925 4409/4409/4409 
f 4580/4580/4580 4875/4875/4875 4409/4409/4409 
f 4408/4408/4408 4734/4734/4734 4803/4803/4803 
f 4475/4475/4475 4408/4408/4408 4803/4803/4803 
f 4341/4341/4341 4475/4475/4475 4803/4803/4803 
f 4836/4836/4836 4835/4835/4835 4893/4893/4893 
f 4654/4654/4654 4880/4880/4880 4879/4879/4879 
f 4839/4839/4839 4654/4654/4654 4879/4879/4879 
f 4870/4870/4870 4839/4839/4839 4879/4879/4879 
f 4872/4872/4872 4870/4870/4870 4879/4879/4879 
f 4623/4623/4623 4866/4866/4866 4867/4867/4867 
f 4686/4686/4686 4687/4687/4687 4852/4852/4852 
f 4412/4412/4412 4686/4686/4686 4852/4852/4852 
f 4802/4802/4802 4775/4775/4775 4801/4801/4801 
f 4453/4453/4453 4726/4726/4726 4874/4874/4874 
f 4742/4742/4742 4891/4891/4891 4929/4929/4929 
f 4920/4920/4920 4742/4742/4742 4929/4929/4929 
f 4451/4451/4451 4920/4920/4920 4929/4929/4929 
f 4648/4648/4648 4420/4420/4420 4808/4808/4808 
f 4618/4618/4618 4648/4648/4648 4808/4808/4808 
f 4656/4656/4656 4867/4867/4867 4865/4865/4865 
f 4814/4814/4814 4815/4815/4815 4865/4865/4865 
f 4866/4866/4866 4814/4814/4814 4865/4865/4865 
f 4547/4547/4547 4858/4858/4858 4857/4857/4857 
f 4815/4815/4815 4547/4547/4547 4857/4857/4857 
f 4551/4551/4551 4690/4690/4690 4550/4550/4550 
f 4643/4643/4643 4853/4853/4853 4895/4895/4895 
f 4903/4903/4903 4643/4643/4643 4895/4895/4895 
f 4704/4704/4704 4365/4365/4365 4599/4599/4599 
f 4876/4876/4876 4660/4660/4660 4806/4806/4806 
f 4836/4836/4836 4876/4876/4876 4806/4806/4806 
f 4825/4825/4825 4836/4836/4836 4806/4806/4806 
f 4796/4796/4796 4605/4605/4605 4603/4603/4603 
f 4654/4654/4654 4796/4796/4796 4603/4603/4603 
f 4880/4880/4880 4654/4654/4654 4603/4603/4603 
f 4800/4800/4800 4883/4883/4883 4510/4510/4510 
f 4458/4458/4458 4610/4610/4610 4750/4750/4750 
f 4802/4802/4802 4720/4720/4720 4571/4571/4571 
f 4679/4679/4679 4802/4802/4802 4571/4571/4571 
f 4910/4910/4910 4551/4551/4551 4549/4549/4549 
f 4692/4692/4692 4910/4910/4910 4549/4549/4549 
f 4503/4503/4503 4692/4692/4692 4549/4549/4549 
f 4561/4561/4561 4911/4911/4911 4917/4917/4917 
f 4415/4415/4415 4561/4561/4561 4917/4917/4917 
f 4838/4838/4838 4415/4415/4415 4917/4917/4917 
f 4560/4560/4560 4810/4810/4810 4709/4709/4709 
f 4827/4827/4827 4856/4856/4856 4928/4928/4928 
f 4375/4375/4375 4827/4827/4827 4928/4928/4928 
f 4487/4487/4487 4796/4796/4796 4795/4795/4795 
f 4906/4906/4906 4487/4487/4487 4795/4795/4795 
f 4890/4890/4890 4906/4906/4906 4795/4795/4795 
f 4653/4653/4653 4890/4890/4890 4795/4795/4795 
f 4549/4549/4549 4915/4915/4915 4732/4732/4732 
f 4503/4503/4503 4549/4549/4549 4732/4732/4732 
f 4579/4579/4579 4887/4887/4887 4927/4927/4927 
f 4414/4414/4414 4579/4579/4579 4927/4927/4927 
f 4413/4413/4413 4414/4414/4414 4927/4927/4927 
f 4854/4854/4854 4779/4779/4779 4650/4650/4650 
f 4651/4651/4651 4854/4854/4854 4650/4650/4650 
f 4883/4883/4883 4511/4511/4511 4510/4510/4510 
f 4609/4609/4609 4878/4878/4878 4926/4926/4926 
f 4610/4610/4610 4609/4609/4609 4926/4926/4926 
f 4887/4887/4887 4579/4579/4579 4930/4930/4930 
f 4376/4376/4376 4887/4887/4887 4930/4930/4930 
f 4394/4394/4394 4376/4376/4376 4930/4930/4930 
f 4393/4393/4393 4394/4394/4394 4930/4930/4930 
f 4577/4577/4577 4393/4393/4393 4930/4930/4930 
f 4579/4579/4579 4577/4577/4577 4930/4930/4930 

g s.0050
usemap Cartoon_FFFFFF
usemtl Cartoon_FFFFFF
v -0.07548276 0.244303 -0.03328357
v -0.08122638 0.2429941 -0.02674332
v -0.07986793 0.2431879 -0.03432371
v 0.1166531 0.2289682 0.08223489
v 0.1161521 0.2243543 0.08210807
v 0.1124758 0.2291721 0.08757962
v 0.04125403 0.2504794 -0.1252851
v 0.04772134 0.2450899 -0.1251158
v 0.04819547 0.2496156 -0.1241949
v -0.002590775 0.226217 0.1402651
v -0.007839344 0.2263818 0.1396297
v -0.00240466 0.2306964 0.1390586
v 0.0414446 0.2254978 0.1330167
v 0.04106086 0.2210608 0.1317049
v 0.03403831 0.2210256 0.1338123
v -0.01177637 0.252878 -0.1134908
v -0.01628417 0.2523523 -0.1071997
v -0.03272637 0.2495734 -0.0995045
v 0.02062199 0.2511058 -0.1257895
v 0.01395028 0.2543599 -0.1224617
v 0.0138019 0.2506026 -0.1251849
v -0.08475713 0.2303642 0.04119337
v -0.08209111 0.2339218 0.04949678
v -0.08326375 0.2294354 0.04926725
v -0.06773981 0.2203145 0.08849852
v -0.06768167 0.2179158 0.08085103
v -0.07077986 0.2208728 0.08264336
v -0.05132157 0.2322688 0.1076782
v -0.0623275 0.2324088 0.09356111
v -0.06547159 0.2327928 0.08830686
v -0.006192625 0.2515232 -0.1190318
v -0.005405344 0.2539653 -0.1151625
v -0.08455504 0.2398314 -0.02743105
v -0.0450243 0.2465438 -0.09612297
v -0.04227171 0.2480203 -0.09268809
v -0.05072173 0.2467719 -0.08458356
v -0.05412883 0.2241959 0.1103971
v -0.05353603 0.2287555 0.1097537
v -0.04986827 0.2244894 0.1149109
v -0.08223449 0.242703 -0.01878608
v -0.0856276 0.2395787 -0.01931626
v -0.01044138 0.2353 0.12972
v -0.01619179 0.2342142 0.132568
v -0.01461317 0.2353151 0.1283429
v -0.01184317 0.2186509 0.13431
v -0.007724367 0.2218838 0.1384851
v -0.007239282 0.2185622 0.1352778
v -0.07773267 0.2436951 -0.01823423
v -0.07677232 0.2440359 -0.02594889
v 0.06885235 0.2491016 -0.1149036
v 0.06928647 0.2453623 -0.1176211
v 0.07597121 0.2473276 -0.1117016
v 0.1342066 0.214937 0.02900904
v 0.138606 0.2170541 0.02151613
v 0.1350553 0.214067 0.02135698
v 0.1138691 0.2205973 0.08061539
v 0.1120423 0.2245552 0.08735284
v 0.06219831 0.2470371 -0.1203974
v 0.1394455 0.2259531 0.02077608
v 0.1403927 0.2249503 0.01305313
v 0.1402129 0.2214047 0.02130349
v -0.07864584 0.242178 0.006753877
v 0.01439727 0.2562562 -0.1182475
v -0.07834244 0.2415371 0.01536795
v -0.00211899 0.2172194 0.131337
v 0.002566494 0.2171169 0.1314133
v -0.03483263 0.2165284 0.1161734
v 0.1394409 0.2153855 -0.04932213
v 0.1364291 0.2118652 -0.04706389
v 0.1398599 0.2149776 -0.04675134
v -0.05181323 0.2297556 -0.08766247
v -0.0475231 0.2303999 -0.0922417
v -0.05466029 0.2326981 -0.08985138
v 0.1066958 0.2334247 0.09142146
v 0.1080645 0.2291707 0.09268041
v 0.1020937 0.233272 0.09631535
v -0.001731232 0.2351534 0.1313045
v 0.02778839 0.2564836 -0.1187634
v 0.002957255 0.2350506 0.1315151
v -0.06620872 0.2177424 0.07304288
v -0.06359097 0.2171322 0.07879984
v -0.07614072 0.2433921 -0.04841396
v -0.08129352 0.2400268 -0.0425462
v -0.07913396 0.2400364 -0.04956964
v -0.0831804 0.2411821 0.006788209
v -0.08286414 0.2405011 0.01555784
v -0.08661209 0.2380583 0.006644934
v 0.13503 0.2304733 -0.05583506
v 0.1362064 0.2293805 -0.05292412
v 0.1375689 0.2285895 0.01247197
v -0.04720074 0.2324957 0.111873
v 0.07999799 0.2193315 0.1109299
v 0.08156147 0.2227416 0.1136653
v 0.08573234 0.2197306 0.1072921
v 0.1365562 0.2279869 0.03608422
v 0.1345276 0.2289816 0.04340337
v 0.133454 0.2312812 0.03504547
v -0.08599922 0.2312663 0.03276829
v -0.08697121 0.232125 0.02408898
v -0.08471164 0.2357207 0.03300479
v 0.1353543 0.2130503 -0.05229325
v 0.1359144 0.2123903 -0.04970731
v 0.1389568 0.2159574 -0.05193902
v 0.1369356 0.2114815 -0.04424051
v 0.007718131 0.2557054 -0.1175307
v 0.001105472 0.2549251 -0.1165055
v 0.00714834 0.2536413 -0.1216502
v -0.08352625 0.2348348 0.04142433
v -0.05454287 0.2462682 -0.08007551
v -0.06157869 0.2441992 -0.07787297
v -0.05785829 0.2446222 -0.08287798
v 0.08674145 0.2321611 0.1096062
v 0.09325829 0.2282503 0.1065696
v 0.08775446 0.2277689 0.1107188
v -0.05386126 0.2451548 -0.08759746
v -0.05584274 0.2415888 -0.08981384
v -0.05142613 0.2422717 -0.09441359
v -0.04044841 0.2297899 0.1219983
v -0.03589383 0.2301863 0.1254487
v -0.03640468 0.2257005 0.1265308
v -0.07865566 0.2427578 -0.001786828
v -0.06083205 0.219689 0.09946391
v -0.06207824 0.2240374 0.1005096
v -0.05698715 0.2196662 0.1045882
v 0.06558996 0.2174163 0.113581
v 0.1285746 0.2146663 0.03564662
v 0.1297196 0.2139449 0.02834709
v 0.09082949 0.2390534 -0.1056235
v 0.08978851 0.2345294 -0.105696
v 0.09779601 0.2366613 -0.1006997
v -0.07446544 0.2207114 0.04655242
v -0.07920727 0.2253807 -0.01121827
v -0.07948311 0.2243035 0.005496725
v -0.07141554 0.2267672 -0.04718495
v -0.06880486 0.2269469 -0.05331874
v -0.07002321 0.2280501 -0.06113682
v -0.01876032 0.2352718 0.1265759
v -0.07776025 0.2408445 0.02394937
v 0.1355843 0.2132301 0.01369035
v -0.08361694 0.2259069 0.04057066
v -0.0820815 0.2250016 0.04856101
v -0.08041117 0.2226573 0.0397231
v -0.04930755 0.2290327 0.1141367
v -0.07379521 0.2434597 -0.05494696
v 0.137415 0.2112492 -0.04120943
v 0.1329668 0.2099281 -0.04105575
v 0.1334591 0.2096941 -0.0377938
v -0.07039601 0.2185692 0.07486992
v -0.07886107 0.2218084 0.04756731
v -0.07833275 0.2229742 0.02249871
v -0.0849039 0.226788 0.03222053
v -0.08591865 0.2276286 0.02361043
v 0.131374 0.2114659 -0.04941462
v -0.03820364 0.2320054 -0.1006412
v -0.04299064 0.231149 -0.09656981
v -0.073722 0.2265845 -0.04072649
v -0.07568893 0.2263772 -0.03391895
v -0.07076734 0.2191625 0.06056957
v 0.1292907 0.2233047 -0.0712481
v 0.1305704 0.2277365 -0.07072202
v 0.1257733 0.2251444 -0.07541899
v -0.08166641 0.2274805 -0.02742959
v -0.08480909 0.2308747 -0.02782727
v -0.08286506 0.2272022 -0.01960174
v -0.08395782 0.226302 -0.002934791
v -0.08707476 0.2297387 -0.002764009
v -0.08703071 0.229121 0.006016351
v 0.02746771 0.2512459 -0.1260373
v 0.02079793 0.2547739 -0.1229489
v -0.03129973 0.2305395 0.128561
v -0.03180329 0.2260689 0.1297076
v 0.1106982 0.2317771 -0.09027022
v 0.1029411 0.2298501 -0.09508055
v 0.1164004 0.2294156 -0.08505891
v -0.07509169 0.2201123 0.0619671
v -0.007553406 0.2308509 0.1384049
v -0.01290812 0.2265006 0.1385163
v -0.02255392 0.2265047 0.1349207
v -0.0178064 0.2265491 0.1369365
v -0.02201293 0.2219953 0.1339576
v 0.03204511 0.2347565 0.1268248
v 0.04551626 0.2348659 0.1224954
v 0.04011048 0.2334253 0.1290393
v 0.09599344 0.2439799 -0.09583811
v 0.08879524 0.2459441 -0.1002546
v 0.08321291 0.2453609 -0.1079102
v -0.02984673 0.2373965 -0.1104967
v -0.02223872 0.2352435 -0.1112393
v -0.02407432 0.2387168 -0.1137136
v -0.05029119 0.2167778 0.1071275
v -0.05422668 0.2166782 0.1023506
v 0.1212904 0.2356495 -0.0770843
v 0.110961 0.2362677 -0.08912103
v 0.1169212 0.2339398 -0.08415584
v -0.0812178 0.2310611 -0.04278032
v -0.08320881 0.231007 -0.03548794
v -0.08004647 0.2276637 -0.03487395
v 0.05856135 0.2355213 -0.1165179
v 0.06029276 0.238292 -0.1198166
v 0.05210132 0.2367729 -0.1187249
v -0.08627188 0.2373482 0.01551615
v -0.0880214 0.2336436 0.006362401
v 0.1030396 0.2243858 0.09708121
v 0.09846929 0.228671 0.1021792
v 0.1034002 0.2289909 0.09754851
v 0.02062951 0.2465064 -0.1264222
v -0.05166481 0.2377282 -0.09533809
v -0.0502362 0.2333828 -0.09454313
v -0.04555058 0.2341932 -0.09896458
v -0.04691736 0.2385607 -0.0997467
v -0.08663625 0.2284119 0.01484175
v -0.08765256 0.2329232 0.01525405
v 0.08491024 0.2290604 -0.1005252
v 0.07836082 0.2307979 -0.1055203
v 0.1308113 0.2122042 -0.05184504
v -0.06073573 0.216617 0.08428946
v -0.002425849 0.218436 0.135807
v 0.002744965 0.2215545 0.1392057
v 0.002639309 0.2182918 0.1359043
v 0.1025011 0.2189596 0.08761354
v 0.0934582 0.2187364 0.09608975
v 0.09115829 0.2201124 0.1034376
v 0.1397521 0.2142876 -0.001251824
v 0.1419359 0.2175656 -0.008510664
v 0.1397132 0.2134979 -0.00824903
v 0.06870294 0.230844 0.1207464
v 0.067135 0.2341331 0.1178692
v 0.07503968 0.2312441 0.1172743
v -0.06592336 0.2271447 -0.05915525
v -0.06280184 0.2273801 -0.06472398
v -0.06680185 0.2282065 -0.06693128
v 0.008527003 0.2303476 0.139019
v 0.008537233 0.2258463 0.1401565
v 0.002855144 0.2260308 0.1404327
v -0.0173606 0.2310056 0.1357134
v -0.002598539 0.2217294 0.1390749
v 0.1396125 0.2151548 0.006125636
v -0.06817856 0.2292162 0.08950482
v -0.0690088 0.2246488 0.08957498
v -0.07205538 0.2252109 0.08369659
v 0.08762191 0.2308717 -0.1038299
v 0.0965293 0.2321988 -0.1005082
v 0.0994702 0.2360819 0.09371218
v 0.09623265 0.2366678 0.09043646
v 0.1039397 0.236179 0.088897
v 0.07328674 0.2344675 0.1144296
v 0.05879488 0.2351408 0.1170064
v -0.04958411 0.2457959 -0.09201734
v 0.1313501 0.2167073 0.04376897
v 0.1293164 0.2175622 0.05069232
v 0.1345098 0.2200612 0.04433659
v 0.1376377 0.2180528 0.02928245
v -0.03071231 0.2167962 0.1195165
v -0.01471151 0.2173814 0.1287349
v -0.006514072 0.217307 0.1308672
v -0.02058657 0.218641 0.131082
v -0.0248297 0.2185079 0.1288462
v -0.02651215 0.2218453 0.1316004
v 0.08087833 0.2329245 -0.1087907
v 0.1313808 0.2321579 0.0421526
v 0.1276643 0.2346329 -0.06577835
v -0.04173627 0.2440166 -0.1026766
v -0.03657372 0.2406277 -0.1076323
v -0.03646006 0.2450758 -0.1063072
v 0.1321181 0.2299296 0.05039683
v 0.1333549 0.2255473 0.05130297
v 0.130662 0.2264706 0.05808581
v 0.1056426 0.2208192 0.09048191
v 0.1011086 0.2206907 0.0950387
v 0.07542123 0.2222832 0.1172362
v -0.07114801 0.2435443 -0.06115021
v -0.07664508 0.240034 -0.05625024
v -0.01896577 0.2488972 -0.1150302
v -0.01272279 0.2460822 -0.1192673
v -0.01266691 0.2502431 -0.1172083
v 0.137455 0.2273158 -0.05822343
v 0.1391642 0.2218567 -0.05680848
v 0.1387559 0.2261332 -0.0550479
v 0.1392469 0.2160826 0.01375657
v -0.0735496 0.2215573 0.0765074
v -0.07286325 0.2193096 0.06858711
v 0.1236945 0.2362462 -0.06964675
v 0.126049 0.2336967 -0.07273085
v -0.07448469 0.2385517 0.04842395
v -0.07581744 0.239342 0.0405851
v -0.02295545 0.2351554 0.1244221
v 0.1268099 0.2296332 -0.07484364
v 0.1420489 0.2197243 -0.0304809
v 0.1418118 0.2161086 -0.0208153
v 0.02730155 0.246666 -0.1267802
v 0.1104157 0.218704 0.07815674
v -0.002090037 0.2339673 0.1357789
v -0.05613521 0.2370293 -0.09063883
v 0.1029913 0.2419231 -0.09119087
v 0.09046593 0.2432314 -0.1036318
v 0.09759987 0.2409735 -0.09899031
v -0.0738479 0.2400555 -0.06259724
v -0.0824094 0.235543 -0.0429991
v 0.1200067 0.2239661 0.07657324
v 0.1044588 0.2342142 -0.09553425
v 0.1365093 0.2294806 0.02007519
v 0.135153 0.2303829 0.0276438
v 0.1332536 0.2317338 -0.05893534
v 0.1382696 0.2112296 -0.03431369
v 0.140619 0.2146067 -0.04107926
v 0.1378599 0.2111675 -0.03792417
v -0.01253251 0.2309617 0.1372865
v 0.02764591 0.2548394 -0.123103
v 0.1410068 0.2203725 0.01352334
v -0.06276375 0.231703 -0.07969818
v -0.06646526 0.2313935 -0.0742555
v -0.06335887 0.2284414 -0.07246913
v -0.02393632 0.2505393 -0.1091203
v -0.02505443 0.2475478 -0.1124902
v -0.07849617 0.2320949 0.06435813
v -0.08041638 0.2329997 0.0571406
v -0.07541797 0.235531 0.0638358
v -0.08288494 0.2422968 -0.01047972
v 0.04703507 0.2335126 0.1266688
v 0.04814859 0.2301202 0.1296365
v -0.04097065 0.2252855 0.1229945
v -0.04835685 0.2289904 -0.08465863
v 0.1324482 0.2103057 -0.04404982
v 0.131911 0.2108238 -0.0468245
v 0.0004234016 0.2526761 -0.1205095
v 0.00702551 0.2497848 -0.1242324
v -0.06502673 0.2438861 -0.0725957
v -0.0613938 0.2455067 -0.0702018
v -0.0682178 0.2436764 -0.06703087
v 0.03364781 0.2421179 -0.1251563
v 0.02719194 0.2423268 -0.1251325
v 0.03945128 0.2386002 -0.1212201
v -0.01796743 0.2517173 -0.1114797
v 0.130142 0.2130072 -0.05413814
v 0.1060975 0.2247084 -0.08721876
v 0.04109674 0.2300235 0.132041
v 0.03439632 0.2254628 0.1351308
v 0.03410614 0.2299886 0.1341367
v 0.1400807 0.2208774 -0.05372187
v 0.1382794 0.216727 -0.05476345
v 0.1299751 0.2318829 -0.06871995
v 0.1323294 0.2210206 0.05141114
v -0.08631384 0.2391904 -0.01086424
v -0.08772457 0.23478 -0.0112005
v 0.1297651 0.221916 0.05816673
v 0.0551735 0.2484611 -0.1225771
v 0.06186188 0.2506683 -0.117524
v 0.0263778 0.2178771 0.1323121
v 0.01988807 0.2179307 0.1337643
v 0.02717655 0.2210455 0.1356104
v -0.05997835 0.2410337 -0.08492324
v 0.1415359 0.223054 -0.001894563
v 0.1410741 0.2239784 0.005452745
v 0.1395628 0.2251854 -0.05207015
v -0.08362159 0.2268069 -0.01140491
v -0.08599167 0.2306294 -0.01978718
v 0.02750345 0.2254862 0.1369251
v -0.05971785 0.2287764 -0.07777137
v 0.07582096 0.2267843 0.1183016
v 0.06936918 0.2263589 0.1217442
v -0.07076661 0.2401362 -0.06862004
v -0.07319851 0.2311099 -0.06258951
v -0.06994912 0.2312046 -0.06856255
v -0.07140031 0.2355712 -0.06918068
v 0.1293525 0.2308091 0.05707726
v 0.1289504 0.2329932 0.04893549
v -0.04688904 0.215907 0.1040907
v -0.04018035 0.2473963 -0.09989948
v -0.02963909 0.2494016 -0.1064069
v -0.03505182 0.2483502 -0.1033322
v -0.03089669 0.2462569 -0.1095826
v 0.1044772 0.2386333 -0.09411053
v 0.1157805 0.2377052 -0.08169092
v 0.1096359 0.2398146 -0.08643427
v 0.06895518 0.2218797 0.1205952
v -0.06722218 0.2450358 -0.0591707
v -0.08310571 0.2399699 -0.03517026
v -0.08432856 0.2355114 -0.0355964
v 0.01901273 0.2168622 0.1293318
v -0.04296263 0.2160517 0.1084297
v 0.01308248 0.216925 0.1304022
v 0.1222389 0.2317112 -0.07935259
v 0.111073 0.2334098 0.08630322
v 0.1331256 0.2302141 -0.06501821
v 0.1335927 0.2260148 -0.06694236
v 0.1205876 0.2285721 0.07662407
v 0.124252 0.2280076 0.07073617
v 0.002940342 0.2305213 0.1392566
v 0.1415267 0.2193772 0.005876228
v 0.1152378 0.2332027 0.08096184
v 0.1161427 0.2355633 0.07318743
v 0.1191733 0.2328169 0.07538477
v -0.07605612 0.2223399 0.07006289
v 0.05516538 0.2302849 0.1269416
v 0.06261358 0.2260208 0.1249519
v 0.05564576 0.2257696 0.1279094
v 0.1175863 0.2202331 0.07524595
v -0.08805409 0.2342685 -0.002487816
v 0.01374459 0.2180229 0.1348644
v 0.01426963 0.2212291 0.138181
v 0.02056105 0.221115 0.1370752
v 0.1383759 0.2277255 0.004968636
v 0.1389737 0.2269046 -0.002298385
v -0.08673914 0.2302473 -0.0113984
v -0.03772838 0.2176289 0.1196315
v -0.03997506 0.2208342 0.1221282
v -0.03341313 0.2179697 0.1231059
v 0.06746694 0.2510356 -0.1109167
v 0.07440612 0.2494873 -0.1079015
v -0.06973247 0.2448607 -0.05319018
v -0.07195342 0.2446949 -0.04688939
v 0.09213541 0.2326039 0.1054118
v 0.1375924 0.2235146 0.03677693
v 0.1390935 0.2224573 0.02909398
v 0.136285 0.2190626 0.036938
v 0.09290063 0.2236781 0.105847
v 0.09811617 0.2240801 0.1015846
v 0.08367969 0.2413325 -0.1101704
v 0.07645922 0.2434513 -0.1142099
v 0.0757394 0.2388971 -0.1147543
v 0.1214585 0.227189 -0.08005698
v 0.1089181 0.2275461 -0.08957394
v 0.06065181 0.2338622 0.121065
v 0.05402737 0.2181304 0.1234972
v 0.05908128 0.217211 0.1165376
v 0.05236226 0.2170534 0.1192992
v -0.04292832 0.2327987 0.1157874
v -0.06686763 0.2355282 0.07528189
v -0.03854825 0.2331406 0.1194065
v -0.02721997 0.23496 0.1219082
v -0.02514009 0.2340322 0.1283617
v -0.02962212 0.2337939 0.1257062
v 0.0739476 0.2189467 0.1143636
v 0.06865299 0.2408197 -0.1183409
v -0.06491502 0.2288231 0.09497632
v -0.06137872 0.2286141 0.1001633
v -0.04620504 0.2169948 0.111616
v -0.04200506 0.2172912 0.1157925
v -0.03893039 0.2162694 0.1124672
v -0.02067603 0.2341699 0.1306589
v 0.07179493 0.217669 0.1104536
v 0.1356729 0.2245539 0.04420276
v 0.02081848 0.2422081 -0.1246775
v 0.01399186 0.2459911 -0.1256874
v 0.01446928 0.2417609 -0.1238346
v 0.04085094 0.2459414 -0.1261792
v 0.04019109 0.2415933 -0.1246912
v 0.04681875 0.2407677 -0.1236807
v 0.02111019 0.2565279 -0.1186616
v 0.04815485 0.221157 0.1293101
v 0.04855846 0.2255978 0.1306033
v 0.1188671 0.2379488 -0.07385993
v -0.006943166 0.2340937 0.1351389
v -0.00617215 0.2352413 0.1307067
v 0.1420504 0.2207386 -0.0210638
v 0.08194578 0.2272671 0.1146283
v -0.08700281 0.2351595 -0.01968267
v -0.07459845 0.2355042 -0.06312406
v -0.07751845 0.2355018 -0.0567508
v 0.135884 0.2117208 -0.001185149
v 0.1310006 0.2125794 0.01334241
v 0.1358444 0.2124426 0.006134108
v -0.07955393 0.2275788 0.06415442
v -0.08153135 0.2284984 0.05691692
v 0.03447434 0.2545694 -0.1228831
v 0.03434497 0.2510301 -0.1258852
v -0.04439871 0.2204382 0.118226
v -0.04873268 0.2200833 0.1139883
v -0.05067085 0.2158672 0.09947766
v 0.107679 0.2245567 0.09233652
v 0.133924 0.2095996 -0.03419416
v -0.06795472 0.2357378 -0.07493611
v -0.0674282 0.2403104 -0.07432858
v 0.09724672 0.2329865 0.1009802
v 0.09477605 0.23587 0.09830894
v 0.02727091 0.2300093 0.135904
v 0.02085136 0.225562 0.1383774
v 0.0206812 0.2300799 0.1373219
v -0.01740976 0.2220387 0.1359094
v -0.02206459 0.230961 0.1337133
v 0.1308208 0.2331265 -0.06223227
v 0.1191583 0.2232947 -0.07900874
v -0.08275676 0.2242791 0.02302836
v -0.08563238 0.2365637 0.02433576
v 0.03324554 0.2333903 0.1310965
v 0.06757189 0.2186065 0.1176073
v 0.1392869 0.2122188 -0.02059398
v 0.1357507 0.2110809 -0.008140348
v 0.09413918 0.2287817 -0.09846722
v 0.1202079 0.2173878 0.06177902
v 0.1172461 0.2179285 0.0675395
v 0.1241271 0.2190945 0.06359057
v 0.08282518 0.2367804 -0.1104927
v 0.1399903 0.2244951 -0.04939245
v 0.0008378401 0.2441052 -0.1231199
v 0.0003254414 0.2487157 -0.1229305
v -0.006267324 0.2474599 -0.1212766
v -0.05757473 0.2286019 0.1050901
v 0.0873851 0.223219 0.1098717
v 0.0917193 0.2365492 0.09488107
v 0.08696767 0.2363603 0.09911662
v -0.07726721 0.2363869 0.05673465
v -0.0278205 0.2340548 -0.1079901
v -0.03536238 0.2361976 -0.1069526
v -0.03315057 0.2329726 -0.10445
v -0.01162963 0.2341825 0.1340668
v -0.0772804 0.2261224 -0.02674133
v 0.08104795 0.2316954 0.1135609
v -0.06568259 0.2242484 0.09517276
v -0.06442454 0.2199106 0.09409781
v -0.06147793 0.2169718 0.0920395
v 0.1268398 0.2227222 0.06460859
v 0.05496091 0.2520173 -0.1196001
v 0.1290396 0.2182993 -0.06651206
v 0.1320972 0.2216536 -0.06748915
v 0.1264788 0.2197751 -0.07015724
v -0.05763234 0.2162197 0.08954936
v 0.1378173 0.2230617 -0.06004748
v 0.137322 0.2176968 -0.05773414
v 0.1251232 0.216099 0.04933913
v 0.1329843 0.2158239 0.03652428
v 0.1270403 0.2153908 0.04265201
v 0.1414581 0.21512 -0.03040221
v 0.1418736 0.2191849 -0.03768747
v 0.1412194 0.2148145 -0.03435692
v 0.06204956 0.230524 0.1239732
v -0.05294114 0.2198118 0.1094358
v -0.08586642 0.2353954 -0.02782779
v 0.127619 0.2272989 0.06456025
v 0.126256 0.2315981 0.06345856
v 0.04552877 0.2169395 0.1218428
v 0.03867833 0.2168662 0.1241435
v 0.04004833 0.2179014 0.1284571
v 0.0607048 0.2524276 -0.1133863
v -0.07096666 0.2339721 0.07680897
v -0.0683513 0.2333221 0.08273061
v -0.07387906 0.2304502 0.0776269
v 0.02654123 0.2334029 0.1328207
v -0.01901171 0.2446478 -0.1168997
v -0.01192902 0.2415103 -0.1191161
v -0.05821264 0.2240306 0.1055909
v 0.1409399 0.2146413 -0.03788525
v 0.1386445 0.2114287 -0.03028839
v 0.08983289 0.2355724 0.1026838
v 0.07664724 0.2358581 0.1069465
v 0.04572953 0.2378073 -0.1202741
v -0.0164556 0.2364931 -0.114177
v -0.02510495 0.2432204 -0.1141714
v -0.02669136 0.2308083 0.1313207
v -0.02719356 0.2263476 0.1325061
v -0.08319332 0.2417852 -0.001923651
v 0.1082096 0.2361328 0.08386569
v 0.1406537 0.2201465 -0.05087725
v 0.132544 0.2158121 -0.06032973
v 0.1360197 0.2188511 -0.06081843
v 0.1310204 0.2169843 -0.06327134
v 0.07767427 0.2179506 0.1071552
v 0.08323905 0.2182384 0.1036711
v 0.04095563 0.2555362 -0.1178835
v -0.08031338 0.224089 0.05612354
v -0.07830781 0.2231929 0.06327924
v -0.08349523 0.225023 0.01438975
v -0.08390549 0.2257023 0.005699486
v 0.08461753 0.2352187 0.1068323
v 0.08154991 0.2477864 -0.1043176
v 0.126902 0.2183658 0.05729836
v 0.0145169 0.2256844 0.1394633
v -0.04546995 0.2248673 0.1191156
v -0.06471168 0.2173747 0.0865639
v -0.0309727 0.2418628 -0.1110796
v -0.05524439 0.2321554 0.1032198
v 0.1228545 0.2322747 0.06955577
v 0.123116 0.2344681 0.06159869
v 0.03404244 0.2464726 -0.1267172
v 0.121014 0.2197247 0.06957206
v 0.01442016 0.230195 0.1383678
v -0.0559503 0.2280378 -0.07516077
v -0.05946794 0.2276727 -0.07005566
v 0.03439587 0.256142 -0.1185156
v 0.1003307 0.2267102 -0.09287101
v 0.1351522 0.2101113 -0.02045915
v 0.1122854 0.2359233 0.07863003
v 0.04811409 0.2531323 -0.1211647
v 0.04129235 0.2539914 -0.1222487
v -0.06383812 0.2406074 -0.07975684
v 0.1235783 0.2234139 0.07074215
v 0.113284 0.2397029 -0.07832465
v 0.05352252 0.2396597 -0.1220718
v 0.07103183 0.2355908 0.1105298
v 0.007970057 0.234947 0.1313391
v -0.01809292 0.2401076 -0.1165874
v -0.01049831 0.2377524 -0.1167952
v 0.09628198 0.2204437 0.09935568
v 0.1143576 0.2253449 -0.08415818
v 0.0539168 0.2336567 0.1240044
v -0.07732141 0.2267051 0.07101125
v -0.04493175 0.2293915 0.1182231
v -0.04188805 0.2395271 -0.1038498
v -0.0354967 0.2212289 0.1256733
v 0.008319408 0.2336787 0.1357916
v -0.04059501 0.2351307 -0.1031048
v -0.08226095 0.2397552 0.02428465
v 0.1418208 0.2184359 -0.001511492
v 0.1418231 0.2221942 -0.008855172
v 0.1003993 0.2432022 -0.08755761
v -0.05427003 0.2159642 0.09461512
v 0.05464701 0.2439378 -0.1234818
v 0.06712164 0.2366908 -0.1168702
v 0.07400461 0.2348853 -0.1131888
v -0.07632005 0.2312355 0.07117811
v -0.07482448 0.2259061 0.07751651
v -0.0126558 0.2219945 0.1374269
v -0.01627696 0.2186832 0.1329074
v 0.05522922 0.2213208 0.1266487
v -0.05883259 0.2321381 -0.0848998
v -0.07299188 0.2279459 -0.0550583
v -0.0770888 0.2209532 0.05497302
v 0.1098886 0.2207962 0.08568366
v -0.07387346 0.244516 -0.04025822
v 0.008123808 0.2410314 -0.1226145
v 0.1197602 0.2350721 0.06751724
v -0.08013113 0.2355272 -0.05004673
v 0.007382557 0.2451693 -0.1245853
v 0.0540662 0.2536538 -0.1153484
v -0.06033497 0.2364642 -0.08566328
v 0.008347347 0.221381 0.1388993
v 0.1261874 0.2337692 0.05541134
v -0.07887775 0.2372586 0.04918814
v -0.07618128 0.2310772 -0.05631452
v -0.07886502 0.2310726 -0.04971742
v -0.07567489 0.2278662 -0.04866993
v -0.03410099 0.2334845 0.1227168
v 0.1337228 0.2147683 -0.05757684
v 0.1346416 0.2138463 -0.05491582
v 0.1410085 0.2196488 -0.0483623
v 0.1412842 0.219327 -0.04597054
v 0.01400533 0.2335524 0.1351879
v 0.01925302 0.234792 0.1298251
v -0.07292767 0.2377523 0.05580783
v -0.005609423 0.242864 -0.1212952
v -0.04672472 0.2430814 -0.0987066
v 0.1402572 0.2147174 -0.04401603
v -0.07332039 0.2347172 0.07051875
v -0.02909927 0.2182752 0.1261872
v -0.02259703 0.2172295 0.1249815
v 0.007610738 0.217014 0.1310999
v 0.008008234 0.2181482 0.1355844
v 0.001823306 0.2400799 -0.1210268
v -0.08171916 0.2234856 0.03150828
v -0.004395202 0.2389671 -0.1190828
v 0.03312806 0.2178659 0.1305346
v 0.1343062 0.220172 -0.06404471
v 0.02009617 0.2334584 0.1341915
v 0.002977714 0.2338228 0.1359925
v 0.047499 0.2546976 -0.1168373
v -0.03099786 0.2215798 0.1288387
v 0.1355955 0.2286876 -0.06154133
v 0.06162398 0.242507 -0.1212366
v 0.04704591 0.2179879 0.1261036
v 0.1389842 0.2117595 -0.02574916
v -0.07116647 0.2297677 0.08372854
v 0.07910856 0.2348399 0.1107492
v 0.07171969 0.2324907 -0.1099329
v 0.06510274 0.2340822 -0.1136031
v -0.08025411 0.238121 0.0412017
v -0.08138615 0.2389575 0.0328667
v -0.03150658 0.2347112 0.1190673
v 0.134362 0.2096394 -0.03016992
v -0.07803798 0.2277821 -0.0419485
v 0.1381841 0.2269705 0.02849422
v 0.1347722 0.2098105 -0.02562477
v 0.1359808 0.2244556 -0.06341149
v 0.141983 0.2193938 -0.03431225
v -0.05892089 0.2321927 0.09851782
v -0.06427188 0.2360334 -0.08042492
v -0.07816914 0.2433112 -0.04154297
v -0.07835665 0.2432669 -0.01014996
v -0.08663338 0.2386779 -0.002180219
v 0.1228399 0.2167713 0.05571337
v 0.1415232 0.2191464 -0.04343653
v 0.02532122 0.2168299 0.1279141
v -0.05587375 0.2292146 -0.08283737
v 0.1070781 0.2414675 -0.08292989
v -0.05225131 0.228477 -0.08002864
v -0.05797406 0.216734 0.09730637
v -0.07691383 0.2401096 0.03239097
v -0.07114409 0.2369665 0.06272735
v 0.1232168 0.2214331 -0.07430274
v 0.1283214 0.214759 -0.05871232
v -0.06912614 0.2362173 0.06920983
v 0.06089985 0.2183345 0.120659
v 0.06219276 0.2215591 0.1237388

vn -0.1414969 0.9899287 0.004457769
vn -0.472993 0.8800516 -0.04227078
vn -0.4820163 0.8726294 -0.07860108
vn 0.7855695 0.2437352 0.5687475
vn 0.7665127 -0.2722614 0.5816631
vn 0.7641864 0.1570987 0.6255711
vn 0.1528275 0.4248208 -0.8922842
vn 0.1918587 0.002187437 -0.9814201
vn 0.2342616 0.4956452 -0.8363357
vn -0.07465312 0.004864081 0.9971977
vn -0.166575 0.01301732 0.9859428
vn -0.05669813 0.5012122 0.863465
vn 0.3029647 -0.1249965 0.9447689
vn 0.2470753 -0.6038004 0.7578779
vn 0.2311093 -0.5292692 0.8163716
vn -0.2393879 0.9422932 -0.2340448
vn -0.182254 0.9822444 -0.04449113
vn -0.2001342 0.977629 -0.06471347
vn -0.07605717 0.3876527 -0.9186625
vn -0.1223235 0.7734132 -0.6219879
vn -0.1407903 0.3557181 -0.9239278
vn -0.9865841 -0.006866447 0.1631097
vn -0.8505309 0.4761548 0.2233241
vn -0.9797983 -0.02342926 0.1986111
vn -0.6874163 -0.6486071 0.3267536
vn -0.4135692 -0.9036307 0.1114096
vn -0.7581221 -0.5741323 0.3092297
vn -0.4866866 0.7643035 0.4230559
vn -0.5732017 0.7077864 0.4128901
vn -0.531579 0.7667407 0.3599063
vn -0.2950965 0.6737454 -0.6774845
vn -0.1660734 0.9843314 -0.05925772
vn -0.8415985 0.5267043 -0.1195599
vn -0.4185556 0.8462693 -0.3296048
vn -0.2404977 0.9645997 -0.1082047
vn -0.2866745 0.9467968 -0.1462655
vn -0.7408832 -0.07296228 0.6676591
vn -0.6741888 0.4338711 0.5976834
vn -0.7058854 -0.05677647 0.7060469
vn -0.4657777 0.8848716 -0.007300938
vn -0.8416666 0.5357823 -0.06734085
vn -0.01591916 0.9960372 0.08750155
vn -0.1763786 0.8735366 0.4536788
vn -0.04216566 0.9958978 0.08006112
vn -0.1290537 -0.87387 0.4687178
vn -0.1511693 -0.485297 0.8611821
vn -0.1004321 -0.8302718 0.5482355
vn -0.1050437 0.9937421 0.03797822
vn -0.1197799 0.9925586 0.02191294
vn 0.3936686 0.7499363 -0.5316207
vn 0.4430881 0.333321 -0.832208
vn 0.4430457 0.7330548 -0.5160825
vn 0.4447147 -0.8805047 0.1641352
vn 0.8090789 -0.5668738 0.1550658
vn 0.4190533 -0.8972729 0.1389083
vn 0.5103309 -0.7519138 0.4173584
vn 0.715224 -0.3561555 0.6013384
vn 0.3778805 0.3731112 -0.8473455
vn 0.9026939 0.4237747 0.07455715
vn 0.9075751 0.4178062 0.04177751
vn 0.9877334 -0.08261175 0.1325065
vn -0.06503057 0.9952905 0.07188825
vn -0.04573861 0.9960735 0.07580029
vn -0.04501731 0.9958225 0.07944226
vn -0.02980278 -0.9869078 0.158508
vn -0.01847078 -0.992166 0.1235532
vn -0.04900829 -0.9902663 0.1302716
vn 0.7832661 -0.5699555 -0.2482841
vn 0.4500394 -0.863432 -0.2279246
vn 0.829807 -0.5212278 -0.1993538
vn -0.08090637 -0.975265 -0.2056993
vn -0.06909731 -0.9729901 -0.2202632
vn -0.5729357 -0.5760109 -0.5830575
vn 0.5792395 0.6223755 0.5264318
vn 0.7297113 0.1493851 0.6672373
vn 0.5498818 0.610675 0.5698299
vn 0.01266976 0.9957573 0.09114171
vn 0.01942948 0.9962056 0.0848347
vn 0.01809097 0.9959784 0.08774786
vn -0.08143375 -0.9941857 -0.07045016
vn -0.07742513 -0.9951221 -0.06113381
vn -0.4735844 0.8688381 -0.1443539
vn -0.8377489 0.4964114 -0.2274914
vn -0.8324985 0.4775568 -0.2808661
vn -0.460411 0.8847737 0.07209112
vn -0.4652686 0.8800774 0.09481016
vn -0.8420653 0.5363928 0.05664571
vn 0.6463038 0.7628583 -0.01840704
vn 0.7513394 0.6598182 -0.01136309
vn 0.7022572 0.7119203 0.002103173
vn -0.3295098 0.9002535 0.2845469
vn 0.3157853 -0.8424373 0.4365535
vn 0.4899214 -0.4620021 0.7392774
vn 0.3330434 -0.8493648 0.409465
vn 0.8596077 0.4895714 0.1462682
vn 0.832906 0.5200265 0.1893147
vn 0.4678832 0.883643 0.01613057
vn -0.9915404 0.008981911 0.129487
vn -0.9950789 0.02336714 0.09629216
vn -0.8489952 0.5051155 0.1551307
vn 0.396641 -0.8537174 -0.3374054
vn 0.4221878 -0.8614386 -0.282278
vn 0.7943619 -0.5283064 -0.2998022
vn 0.482009 -0.8591855 -0.1716615
vn -0.09609428 0.995128 0.02204935
vn -0.1334327 0.9909395 -0.01532194
vn -0.1842549 0.7448995 -0.6412293
vn -0.850566 0.4910577 0.1881485
vn -0.3174995 0.9354392 -0.1553954
vn -0.5396169 0.7796693 -0.3176937
vn -0.5497246 0.752448 -0.3628015
vn 0.4637881 0.5546452 0.6908467
vn 0.6159487 0.09133802 0.7824733
vn 0.5751303 0.06627076 0.8153732
vn -0.4816917 0.8096957 -0.3352104
vn -0.7019096 0.4123508 -0.5807664
vn -0.6661873 0.4229451 -0.6142572
vn -0.5723182 0.4792422 0.6654163
vn -0.532181 0.4935453 0.6878928
vn -0.5904733 -0.004753772 0.8070431
vn -0.07265383 0.9953733 0.06287475
vn -0.6722453 -0.5783634 0.4621494
vn -0.809468 -0.09523764 0.5793887
vn -0.6406957 -0.5712186 0.5130481
vn 0.09355 -0.9887279 0.1168991
vn 0.1122525 -0.9865028 0.1192125
vn 0.08655538 -0.9910759 0.1013743
vn 0.5830846 0.1430376 -0.7997203
vn 0.467578 -0.3606012 -0.8070549
vn 0.6143252 0.08615173 -0.7843357
vn -0.1958701 -0.9788519 -0.05902409
vn -0.2070989 -0.97588 -0.06905375
vn -0.2550914 -0.9648996 -0.06242672
vn -0.1167712 -0.9903686 -0.07439465
vn -0.07998485 -0.9942665 -0.07096931
vn -0.3578981 -0.9104935 -0.2071485
vn -0.06118397 0.9939011 0.09174466
vn -0.08007994 0.9927261 0.08989973
vn 0.4512792 -0.8845824 0.1177334
vn -0.8590773 -0.5030531 0.09446621
vn -0.8474881 -0.5168781 0.1208343
vn -0.5354157 -0.8445529 0.007770771
vn -0.6426125 0.4482602 0.6213792
vn -0.5438158 0.8144158 -0.2024631
vn 0.4715109 -0.8740444 -0.1171489
vn -0.07865784 -0.9942203 -0.07306913
vn -0.05984622 -0.9971625 -0.04566535
vn -0.4712054 -0.8759197 0.1035865
vn -0.5069435 -0.8618498 0.01493669
vn -0.2606046 -0.9639659 -0.05343164
vn -0.8691853 -0.4896186 0.06921318
vn -0.8776544 -0.4772906 0.04377628
vn -0.03415829 -0.9637892 -0.2644684
vn -0.04971369 -0.9577187 -0.2833788
vn -0.05784996 -0.9671829 -0.2474078
vn -0.1303654 -0.9888508 -0.07196546
vn -0.160202 -0.9843423 -0.07352325
vn -0.1486552 -0.9867536 -0.064953
vn 0.6357881 -0.375144 -0.6745669
vn 0.7806805 0.1165052 -0.6139744
vn 0.6325495 -0.3183781 -0.706057
vn -0.4810264 -0.8689966 -0.1160107
vn -0.8671817 -0.4694014 -0.1663078
vn -0.5690913 -0.815441 -0.1057886
vn -0.5396733 -0.8395005 -0.06317969
vn -0.9264601 -0.3742857 -0.0397737
vn -0.8885199 -0.4586932 -0.0115282
vn -0.004376456 0.4100395 -0.9120573
vn -0.05496541 0.7953833 -0.6036094
vn -0.4869901 0.5055905 0.7121931
vn -0.5447713 0.009304794 0.838533
vn 0.6302621 -0.1105135 -0.7684767
vn 0.4531814 -0.5113456 -0.7301728
vn 0.6328675 -0.1919193 -0.7500972
vn -0.4262382 -0.9042839 0.02432442
vn -0.1380013 0.5079305 0.8502719
vn -0.2602182 0.01933025 0.9653563
vn -0.4258403 0.1100127 0.8980853
vn -0.3488222 0.02259439 0.9369165
vn -0.3848904 -0.3996156 0.8319656
vn 0.05843898 0.9740989 0.2184406
vn 0.07463732 0.9673113 0.2423595
vn 0.1554241 0.8475281 0.5074835
vn 0.4230965 0.8602442 -0.2845513
vn 0.3627668 0.906839 -0.2145772
vn 0.5019065 0.6592014 -0.5599495
vn -0.3767783 -0.466612 -0.8001946
vn -0.04673152 -0.8979784 -0.4375513
vn -0.3375351 -0.4274144 -0.8386817
vn -0.3174584 -0.898547 0.3030403
vn -0.3354911 -0.9043202 0.2639142
vn 0.6371537 0.6272153 -0.4479243
vn 0.6598311 0.3902117 -0.6421508
vn 0.6886019 0.2825747 -0.6678166
vn -0.8270227 -0.5004067 -0.2561767
vn -0.8495046 -0.4833714 -0.2114097
vn -0.5362492 -0.830162 -0.1525382
vn -0.01198289 -0.8953223 -0.4452575
vn 0.1702593 -0.5993377 -0.7821804
vn -0.009835074 -0.8695003 -0.4938344
vn -0.8441718 0.5283556 0.09063285
vn -0.9986539 0.0448443 0.02606372
vn 0.65258 -0.3772499 0.6571316
vn 0.6555175 0.114752 0.7464106
vn 0.6935188 0.1346826 0.7077375
vn -0.07677137 -0.1233148 -0.9893935
vn -0.6934954 -0.08206538 -0.7157719
vn -0.5364301 -0.5651504 -0.6267757
vn -0.4983795 -0.5489941 -0.6709869
vn -0.6485713 -0.06348023 -0.7585022
vn -0.8842247 -0.466746 0.01716878
vn -0.9974275 0.03557086 0.06223499
vn 0.02351425 -0.9369173 -0.3487593
vn -0.0192296 -0.9494129 -0.3134409
vn -0.02063439 -0.9512588 -0.3077028
vn -0.06804247 -0.9965804 -0.04687985
vn -0.05200209 -0.8600579 0.5075393
vn -6.132398E-05 -0.5006807 0.8656321
vn -0.009938533 -0.8649285 0.5017966
vn 0.2597731 -0.9335567 0.246961
vn 0.2098557 -0.9551321 0.209005
vn 0.3689257 -0.8325001 0.4133249
vn 0.7160084 -0.6927292 0.08636165
vn 0.9618729 -0.2714684 0.03324905
vn 0.7341309 -0.6763734 0.05975696
vn 0.3765366 0.4977942 0.7812946
vn 0.2219703 0.8383895 0.4978274
vn 0.4056112 0.514401 0.7555602
vn -0.08154756 -0.9934077 -0.08056782
vn -0.07909872 -0.9923405 -0.09488758
vn -0.3557785 -0.902429 -0.2429887
vn 0.0793992 0.4871686 0.8696911
vn 0.08233485 -0.01248394 0.9965265
vn 0.00958109 -0.003954481 0.9999463
vn -0.3027216 0.5161687 0.8012051
vn -0.07277506 -0.4926167 0.8671982
vn 0.8192649 -0.5655593 0.09459306
vn -0.8133684 0.3293155 0.4795654
vn -0.8658294 -0.1841911 0.4652022
vn -0.9007127 -0.0920198 0.4245574
vn 0.2476662 -0.7439024 -0.6207018
vn 0.4990885 -0.3699689 -0.783603
vn 0.2596516 0.9242016 0.2800578
vn 0.0662478 0.9950745 0.07374271
vn 0.09078675 0.9930307 0.07515121
vn 0.2270774 0.8551437 0.4660098
vn 0.08360484 0.967308 0.2394272
vn -0.4846441 0.7891806 -0.3772455
vn 0.5194753 -0.8216815 0.2344885
vn 0.4947554 -0.8285576 0.2621248
vn 0.8324062 -0.4720979 0.290213
vn 0.8224836 -0.5351936 0.1925838
vn -0.07863227 -0.9792197 0.1869375
vn -0.07943758 -0.9707614 0.2265221
vn -0.05071114 -0.9808509 0.1880425
vn -0.2101669 -0.8519952 0.4795144
vn -0.2553217 -0.8272308 0.5004998
vn -0.4188346 -0.4807965 0.7703326
vn 0.2607795 -0.6867282 -0.6785267
vn 0.4020656 0.9154056 0.01938571
vn 0.4121337 0.9110746 -0.009422908
vn -0.5831642 0.4604023 -0.6692901
vn -0.5509751 -0.007593081 -0.8344871
vn -0.5375161 0.4869601 -0.6884376
vn 0.8035859 0.5478551 0.2326037
vn 0.9414474 0.06052674 0.3316827
vn 0.9182531 0.09012691 0.3856013
vn 0.4528381 -0.7878867 0.4173395
vn 0.4200945 -0.8098404 0.4094865
vn 0.4461765 -0.4823448 0.7538368
vn -0.4848249 0.8497314 -0.2071265
vn -0.824284 0.4582316 -0.3325355
vn -0.3950756 0.5937576 -0.7009758
vn -0.353734 0.1711619 -0.919552
vn -0.346005 0.6340361 -0.691577
vn 0.8813437 0.3828601 -0.2768599
vn 0.9356871 -0.04051828 -0.3504968
vn 0.8892896 0.4306913 -0.1538476
vn 0.7915609 -0.5981717 0.124988
vn -0.7813775 -0.565851 0.2631763
vn -0.4102721 -0.91089 0.04422731
vn 0.3612405 0.9324225 -0.009676154
vn 0.6644247 0.6273602 -0.4061516
vn -0.136968 0.9822595 0.1280863
vn -0.1193795 0.9862948 0.1138906
vn -0.09914728 0.9883446 0.11552
vn 0.7427163 0.1439843 -0.6539426
vn 0.995582 0.09259044 -0.01559948
vn 0.937722 -0.3470525 0.01523152
vn -0.02396245 -0.09870517 -0.9948282
vn 0.2949394 -0.918083 0.2648287
vn -0.02331696 0.8653283 0.5006629
vn -0.7351726 -0.09444707 -0.6712682
vn 0.4595607 0.8354481 -0.3013808
vn 0.5490862 0.5983177 -0.5835412
vn 0.5923895 0.5290788 -0.6075774
vn -0.8129492 0.4400183 -0.3814415
vn -0.9602826 -0.002272032 -0.2790202
vn 0.7672016 -0.3618024 0.5296233
vn 0.6332129 0.01003845 -0.7739125
vn 0.623057 0.7821376 0.007790855
vn 0.5429499 0.8396749 0.01230566
vn 0.5542582 0.832195 -0.01579055
vn 0.5701149 -0.8209862 -0.03083188
vn 0.8688868 -0.4850133 -0.09898477
vn 0.5081873 -0.8584787 -0.06899223
vn -0.2219494 0.5132569 0.8290391
vn 0.01649242 0.8096268 -0.5867132
vn 0.9876458 -0.1206427 0.1000059
vn -0.6398268 -0.5825906 -0.5012084
vn -0.6729127 -0.5780331 -0.461591
vn -0.3274393 -0.9071326 -0.2643745
vn -0.3163751 0.8952355 -0.3137836
vn -0.4430472 0.5546533 -0.7043216
vn -0.842301 0.4470889 0.3010656
vn -0.8479334 0.461335 0.2611111
vn -0.5013488 0.8305897 0.2424256
vn -0.4610753 0.8870341 0.02408517
vn 0.186009 0.8190621 0.5427135
vn 0.29399 0.4693302 0.8326458
vn -0.6316503 -0.02132421 0.7749602
vn -0.06386121 -0.9835184 -0.1691546
vn -0.06641879 -0.9876724 -0.141745
vn -0.05268732 -0.9779862 -0.2019083
vn -0.2414977 0.7112122 -0.660194
vn -0.1996959 0.3160172 -0.9274992
vn -0.4879586 0.8340816 -0.2573019
vn -0.2708999 0.9563797 -0.1093218
vn -0.5489041 0.7914417 -0.2689317
vn -0.00400528 -0.5319541 -0.8467637
vn -0.03456523 -0.6143563 -0.7882713
vn -0.02973827 -0.805573 -0.5917497
vn -0.2919814 0.8992164 -0.3258172
vn 0.03758763 -0.9341649 -0.3548564
vn 0.0853553 -0.9139554 -0.3967367
vn 0.2778465 0.3871756 0.8791453
vn 0.2697521 -0.03521987 0.9622855
vn 0.2364489 0.4683106 0.8513384
vn 0.9639997 -0.05934493 -0.259196
vn 0.7678261 -0.5192474 -0.3752669
vn 0.7147741 0.577883 -0.3938897
vn 0.8285891 -0.4428971 0.342465
vn -0.8413612 0.5401088 -0.01984831
vn -0.9970801 0.04914892 -0.05844302
vn 0.819713 -0.4163152 0.3933856
vn 0.3066435 0.4014972 -0.8630005
vn 0.3389651 0.7775931 -0.5295769
vn 0.109812 -0.8805787 0.4610015
vn 0.08685248 -0.8778414 0.4710109
vn 0.1976187 -0.5265611 0.8268496
vn -0.7551187 0.325632 -0.5689986
vn 0.927552 0.3736857 0.002513973
vn 0.8920852 0.4517871 0.008514454
vn 0.8274419 0.5611493 -0.02124609
vn -0.5826374 -0.8083523 -0.08426256
vn -0.8795943 -0.4597768 -0.1221436
vn 0.2326747 -0.03216446 0.9720226
vn -0.3012075 -0.9089634 -0.2882009
vn 0.4914261 0.01844075 0.870724
vn 0.4498736 -0.001102232 0.8930916
vn -0.7986849 0.4244602 -0.4265395
vn -0.7388151 -0.5543302 -0.3832364
vn -0.7058991 -0.5683126 -0.4227615
vn -0.8678606 -0.0830149 -0.4898228
vn 0.7722827 0.5725772 0.2751996
vn 0.3468554 0.9376512 0.02239962
vn -0.01320379 -0.9993057 0.03483939
vn -0.4312214 0.8114021 -0.3945563
vn -0.3581713 0.8614865 -0.3599366
vn -0.3958743 0.834177 -0.3839692
vn -0.4905044 0.5185387 -0.7003735
vn 0.6230734 0.4982011 -0.602972
vn 0.5651113 0.7331119 -0.3784127
vn 0.5129409 0.7865034 -0.3439535
vn 0.4031316 -0.4995856 0.7667458
vn -0.2104767 0.9754876 -0.06421395
vn -0.8405266 0.5132631 -0.1734243
vn -0.9748858 0.01728771 -0.2220333
vn -0.001045178 -0.9989532 0.04573093
vn -0.003050175 -0.9989979 0.04465176
vn 0.0005520009 -0.9961696 0.08744004
vn 0.7152563 0.2511142 -0.6521888
vn 0.6097336 0.6283789 0.4830785
vn 0.7654576 0.5320031 -0.3620044
vn 0.8172736 0.06547672 -0.5725178
vn 0.8305488 0.1502502 0.5362962
vn 0.8620763 0.1358725 0.4882244
vn 0.01682843 0.4940489 0.8692712
vn 0.9893138 -0.1287425 0.06843603
vn 0.5949925 0.6947412 0.4041272
vn 0.1801653 0.982559 0.04602523
vn 0.6727341 0.6222251 0.4003309
vn -0.8016604 -0.5553746 0.2211329
vn 0.3208829 0.4753475 0.8191941
vn 0.4103841 -0.01639313 0.9117654
vn 0.3736587 -0.02720326 0.9271673
vn 0.5291763 -0.7489597 0.3987881
vn -0.9904394 0.1377237 -0.007876753
vn 0.06000666 -0.874074 0.4820725
vn 0.1167408 -0.5156695 0.8487971
vn 0.1604476 -0.5219119 0.8377735
vn 0.7525875 0.6584828 -0.003535821
vn 0.7970006 0.6038975 -0.009888342
vn -0.8867357 -0.4550647 -0.08133815
vn -0.2747948 -0.8738352 0.4011232
vn -0.5229339 -0.516151 0.6783276
vn -0.2410064 -0.8831322 0.4024839
vn 0.2044899 0.9787695 0.01392816
vn 0.218413 0.9757128 0.01674192
vn -0.1930202 0.9800612 -0.04715208
vn -0.1767612 0.9837663 -0.03097293
vn 0.4925132 0.5754052 0.6529468
vn 0.9750044 -0.007927343 0.2220443
vn 0.9839099 -0.04504357 0.1728942
vn 0.8305535 -0.5032312 0.2386197
vn 0.575352 -0.4170558 0.703587
vn 0.6154149 -0.3956572 0.6817037
vn 0.5478734 0.2169563 -0.8079385
vn 0.5007443 0.2811778 -0.8186539
vn 0.4218582 -0.2254584 -0.8781823
vn 0.6156328 -0.2962833 -0.7302139
vn 0.4320517 -0.5817654 -0.6891156
vn 0.1772162 0.8765595 0.4474795
vn 0.1923284 -0.8782531 0.4378143
vn 0.07294998 -0.992323 0.09986678
vn 0.05087809 -0.9952726 0.08272821
vn -0.3436527 0.8829877 0.3197431
vn -0.2513272 0.9447734 0.2103278
vn -0.3067134 0.9024813 0.3024145
vn -0.138206 0.980357 0.1407097
vn -0.2615982 0.8727593 0.4121377
vn -0.2997367 0.8678237 0.3962827
vn 0.2819524 -0.8547013 0.4358768
vn 0.3745111 -0.1718096 -0.9111657
vn -0.7571423 0.4100176 0.5085479
vn -0.7313883 0.4134349 0.5423493
vn -0.3018643 -0.8910614 0.3389505
vn -0.2879011 -0.8825833 0.3716986
vn -0.03662234 -0.994339 0.09974277
vn -0.1872396 0.9141425 0.3595618
vn 0.1159607 -0.9841798 0.1339523
vn 0.9605898 0.02762627 0.2765937
vn -0.07333917 -0.4023856 -0.9125279
vn -0.1216504 -0.1567335 -0.9801203
vn -0.06033346 -0.6543152 -0.7538113
vn 0.1065392 -0.07905895 -0.9911605
vn 0.03212957 -0.5623012 -0.8263081
vn 0.09827121 -0.491919 -0.8650771
vn -0.01422155 0.9970234 0.07577664
vn 0.29314 -0.5283606 0.7968086
vn 0.3388251 -0.03409476 0.9402314
vn 0.3124505 0.9499327 0.001593472
vn -0.07249954 0.8689754 0.4895157
vn 0.003563629 0.9961094 0.08805402
vn 0.9834644 0.1808402 -0.009734415
vn 0.5334625 0.04138508 0.8448107
vn -0.9930283 0.04392561 -0.1093856
vn -0.8950647 -0.06595206 -0.4410324
vn -0.9199939 -0.04567439 -0.3892622
vn 0.3807041 -0.9209586 0.08306293
vn 0.0642167 -0.9940501 0.08798054
vn 0.3173122 -0.9429372 0.1009087
vn -0.9585384 -0.05547722 0.2795114
vn -0.9706308 -0.03975511 0.2372664
vn 0.08855136 0.8162264 -0.5709056
vn 0.07289758 0.4224769 -0.9034374
vn -0.5524583 -0.5314893 0.6421129
vn -0.5813304 -0.5465838 0.6027448
vn -0.02736723 -0.9995129 0.0150004
vn 0.6860041 -0.3635074 0.6302863
vn -0.03500421 -0.9993656 -0.006570378
vn -0.8389885 -0.09514356 -0.5357666
vn -0.7815832 0.4131571 -0.4673637
vn 0.5211121 0.5945667 0.6123173
vn 0.2477071 0.916195 0.3150046
vn 0.2057156 0.4709261 0.8578518
vn 0.1912419 -0.02696678 0.9811724
vn 0.1711388 0.4753321 0.8630011
vn -0.3029729 -0.4772168 0.824907
vn -0.3536698 0.5904736 0.7254369
vn 0.4776988 0.8784232 -0.01328906
vn 0.3815289 -0.6894083 -0.6157531
vn -0.4910875 -0.8707103 -0.02639386
vn -0.8466464 0.5177357 0.1230428
vn 0.1511983 0.8175728 0.5556202
vn 0.2488285 -0.8649414 0.4358449
vn 0.6967122 -0.7159995 0.04400921
vn 0.06928416 -0.9945349 0.0781033
vn 0.2201393 -0.7990563 -0.5595068
vn 0.2053561 -0.9599366 0.1906584
vn 0.2533455 -0.9402949 0.2272921
vn 0.5056916 -0.7976602 0.3286552
vn 0.4533683 -0.2896406 -0.8429505
vn 0.9473214 0.3180561 -0.03771542
vn -0.1988744 -0.2419781 -0.9496818
vn -0.2540414 0.2706878 -0.9285425
vn -0.3049675 0.2217181 -0.9261943
vn -0.703772 0.4217832 0.5716677
vn 0.5332438 -0.4397256 0.722698
vn 0.04511659 0.9957299 0.08053751
vn 0.01931653 0.9960036 0.08719934
vn -0.4989391 0.8394541 0.2153523
vn -0.03587288 -0.9300994 -0.3655519
vn -0.4179766 -0.5000468 -0.7584515
vn -0.02616038 -0.9506752 -0.309083
vn -0.1246679 0.8719049 0.4735397
vn -0.1876983 -0.9795541 -0.07240931
vn 0.4348049 0.533805 0.7252565
vn -0.8426568 -0.09848334 0.529368
vn -0.7039375 -0.5805554 0.409179
vn -0.3778123 -0.9082133 0.1800183
vn 0.8061374 -0.393303 0.4421032
vn 0.2810966 0.797507 -0.5338233
vn 0.332457 -0.7766104 -0.5351155
vn 0.6288685 -0.4503286 -0.6338207
vn 0.3311385 -0.7634109 -0.5545728
vn -0.05517988 -0.9981384 -0.02597841
vn 0.8816501 -0.09678242 -0.4618725
vn 0.7360432 -0.5007954 -0.4554606
vn 0.1672676 -0.9734043 0.1565426
vn 0.4657727 -0.8631954 0.1948063
vn 0.1360655 -0.9813275 0.1359504
vn 0.9256402 -0.3783545 -0.00617723
vn 0.9986345 0.01170517 -0.05091353
vn 0.9142265 -0.4034097 -0.03808584
vn 0.3482325 0.4847079 0.8023668
vn -0.6104758 -0.5602293 0.5598771
vn -0.9857432 0.03311072 -0.1649663
vn 0.8915679 0.1155402 0.4379008
vn 0.7396095 0.5936049 0.3171924
vn 0.04225558 -0.9958044 0.08116721
vn 0.02663233 -0.9971455 0.07065108
vn 0.1358521 -0.9072077 0.3981437
vn 0.1851333 0.982406 0.02457999
vn -0.5367554 0.7866115 0.3051818
vn -0.3799326 0.884814 0.269732
vn -0.8203422 0.4229646 0.3848891
vn 0.1153587 0.8692707 0.480688
vn -0.4016762 0.1210642 -0.9077443
vn -0.2672736 -0.3373137 -0.9026541
vn -0.7753298 -0.08628635 0.6256343
vn 0.8693705 -0.4904536 -0.06041729
vn 0.5999191 -0.8000601 -0.001058608
vn 0.2128707 0.9222676 0.3226585
vn 0.03201078 0.9931349 0.1125091
vn -0.01762953 -0.84827 -0.5292704
vn -0.04912157 -0.8691956 -0.4920225
vn -0.4501455 0.07337222 -0.8899358
vn -0.4344663 0.5139817 0.7396362
vn -0.4919385 0.01910225 0.8704203
vn -0.3776474 0.9244217 0.0531698
vn 0.1187227 0.9906937 0.06656501
vn 0.9778769 -0.09647765 -0.1856041
vn 0.1394554 -0.9013665 -0.4099886
vn 0.6486742 -0.5510609 -0.5249321
vn 0.3000569 -0.8148156 -0.4960256
vn 0.139848 -0.9783538 0.1525332
vn 0.1718142 -0.9690956 0.1770131
vn 0.09879361 0.9936451 0.05393872
vn -0.8343846 -0.5303546 0.1500881
vn -0.8192266 -0.5433462 0.1834192
vn -0.5743747 -0.8181202 -0.02780633
vn -0.5836064 -0.810927 -0.04243947
vn 0.2271968 0.8951945 0.3834165
vn 0.3146603 0.9358851 -0.1584545
vn 0.5025609 -0.8121104 0.2964949
vn 0.1423477 -0.02014476 0.9896117
vn -0.6697525 -0.03910993 0.7415538
vn -0.3254608 -0.9401495 0.1009669
vn -0.5001128 0.0299181 -0.8654433
vn -0.5671229 0.6788319 0.466432
vn 0.7062125 0.6103503 0.3587986
vn 0.2525079 0.9671291 0.03002097
vn 0.03798452 -0.08364359 -0.9957715
vn 0.4751013 -0.8095807 0.3447576
vn 0.1301852 0.4809841 0.8670099
vn -0.07207696 -0.988625 -0.132005
vn -0.0756412 -0.9907998 -0.1122231
vn 0.06678608 0.9955428 0.06658892
vn 0.183644 -0.8446347 -0.502859
vn 0.03963733 -0.9969832 0.06673487
vn 0.1470854 0.9876803 0.05341867
vn 0.2142481 0.8572012 -0.4682988
vn 0.1586228 0.8157656 -0.5562062
vn -0.7607234 0.4071306 -0.5055142
vn 0.7884021 -0.3748219 0.4877812
vn 0.2829766 0.9591159 0.004581333
vn 0.1277286 -0.5768844 -0.8067774
vn 0.04328333 0.9883153 0.1461482
vn 0.03107981 0.9882194 0.1498548
vn -0.301383 -0.3838622 -0.8728219
vn -0.06832954 -0.8123947 -0.5790906
vn 0.4292521 -0.7798457 0.4556133
vn 0.4306886 -0.6118468 -0.6634387
vn 0.1981094 0.8249155 0.5294025
vn -0.9430655 -0.06995267 0.3251676
vn -0.6088286 0.4637718 0.6436176
vn -0.6008527 -0.03866993 -0.7984239
vn -0.4917426 -0.5017523 0.7116417
vn 0.05548549 0.8794422 0.4727608
vn -0.4588302 -0.5273743 -0.7150882
vn -0.4719137 0.8738581 0.1169162
vn 0.9907224 -0.1293994 0.04153146
vn 0.9730722 0.2305008 -0.0001148719
vn 0.2216495 0.9748694 0.02238928
vn -0.04267867 -0.9990726 -0.005695585
vn 0.2506649 -0.101035 -0.9627872
vn 0.206028 -0.6312708 -0.7476962
vn 0.2304051 -0.6720294 -0.7037684
vn -0.8332141 0.4340469 0.3425752
vn -0.9238527 -0.08240474 0.3737721
vn -0.2299168 -0.4798146 0.8467091
vn -0.190068 -0.8242842 0.5333195
vn 0.326616 -0.5224067 0.7876631
vn -0.5604209 -0.6513569 -0.5115296
vn -0.4162713 -0.886624 -0.2015344
vn -0.4155653 -0.9095622 0.001442138
vn 0.6057591 -0.5999718 0.5225798
vn -0.1559627 0.9876882 -0.01214821
vn -0.07426769 -0.6666381 -0.7416725
vn 0.2120739 0.9767996 0.02978639
vn -0.9419045 -0.02385582 -0.3350326
vn -0.1618736 -0.1970733 -0.9669328
vn 0.1593282 0.9866611 0.03338338
vn -0.7590036 -0.1878892 -0.6233869
vn 0.06355105 -0.5085564 0.8586801
vn 0.2884434 0.9572201 0.02302248
vn -0.494156 0.8487027 0.1884505
vn -0.7706993 -0.5374213 -0.3423461
vn -0.8004508 -0.5189474 -0.2999538
vn -0.445597 -0.8764662 -0.1823468
vn -0.2401453 0.9413706 0.2369634
vn 0.3801715 -0.8095613 -0.4473032
vn 0.3688348 -0.8425119 -0.3925998
vn 0.9844651 -0.1023879 -0.1426363
vn 0.9901202 -0.08391388 -0.1123401
vn 0.08798842 0.8284264 0.5531434
vn 0.04464032 0.9795983 0.1959447
vn -0.1657443 0.9750841 0.1474442
vn -0.2335944 -0.289397 -0.9282689
vn -0.6263587 0.4390066 -0.6441646
vn 0.8292503 -0.539479 -0.1459666
vn -0.5011346 0.8225658 0.2687929
vn -0.2709825 -0.8342647 0.4801781
vn -0.1028797 -0.9644979 0.2432276
vn -0.007810141 -0.9953479 0.09602924
vn 0.02774831 -0.8697257 0.4927549
vn -0.07965931 -0.7076085 -0.7021002
vn -0.5561609 -0.8310726 -0.001832526
vn -0.08210407 -0.7502343 -0.6560544
vn 0.1211933 -0.9014999 0.4154638
vn 0.6741355 -0.4548714 -0.5819222
vn 0.1128482 0.8223231 0.5577186
vn 0.01992432 0.8614628 0.5074295
vn 0.1299223 0.9904416 0.04632036
vn -0.4577924 -0.4894412 0.7422085
vn 0.8147978 0.4895988 -0.3104794
vn 0.3162615 -0.1304015 -0.9396671
vn 0.1691357 -0.8816578 0.4405367
vn 0.5992599 -0.8000751 0.02770519
vn -0.8036014 0.4146145 0.4269891
vn 0.1994043 0.9000082 0.3875863
vn -0.003465749 -0.9283139 -0.3717813
vn -0.01092788 -0.9169655 -0.3988169
vn -0.4873082 0.8578924 0.1629456
vn -0.4795576 0.8663781 0.1393331
vn -0.1796636 0.9695235 0.1665683
vn -0.009286987 -0.9996703 0.02393834
vn -0.4725141 -0.8662207 -0.1624565
vn 0.8828863 0.4572215 0.1070531
vn 0.0003221848 -0.9990302 0.0440288
vn 0.8576531 0.02032765 -0.5138267
vn 0.9995123 0.01275426 -0.02850268
vn -0.6047835 0.6478113 0.4632251
vn -0.8078577 -0.1012356 -0.580618
vn -0.4918165 0.863022 -0.1153676
vn -0.08506263 0.9949799 0.0527195
vn -0.7896818 0.6129596 0.02613805
vn 0.1948456 -0.9645892 0.1777718
vn 0.9958764 -0.05238118 -0.07407098
vn 0.01683274 -0.9978771 0.06291322
vn -0.2120625 -0.9411826 -0.2630683
vn 0.2558451 0.9666485 0.01157952
vn -0.0675118 -0.9859396 -0.1528575
vn -0.3560884 -0.9077264 0.2218872
vn -0.09355049 0.9905397 0.1003958
vn -0.1944962 0.9667768 0.1658731
vn 0.3827603 -0.7066543 -0.5950918
vn 0.08188627 -0.919393 -0.3847223
vn -0.2099923 0.9605688 0.1822387
vn 0.2185806 -0.8728099 0.4363774
vn 0.3629333 -0.5130017 0.7778873

vt 0.6887337 0.339763
vt 0.7010986 0.3300819
vt 0.6889616 0.3348737
vt 0.1218802 0.6532122
vt 0.1246353 0.641889
vt 0.1127887 0.6454482
vt 0.5024668 0.5575387
vt 0.4921487 0.5569642
vt 0.4950743 0.566569
vt 0.9795609 0.4537545
vt 0.9746252 0.4467201
vt 0.9763277 0.4617626
vt 0.02130672 0.5159876
vt 0.02450079 0.5068808
vt 0.0174807 0.4961439
vt 0.5583413 0.4819349
vt 0.5651945 0.4729744
vt 0.5831251 0.4401344
vt 0.5226315 0.5276565
vt 0.5320312 0.5243301
vt 0.5287929 0.5165134
vt 0.8172773 0.2999329
vt 0.8295246 0.3157329
vt 0.8306757 0.3035932
vt 0.8957597 0.326463
vt 0.8902031 0.3128482
vt 0.8870434 0.3195963
vt 0.9170519 0.3844516
vt 0.8964988 0.3622281
vt 0.8888533 0.3557903
vt 0.5499237 0.4882092
vt 0.5524436 0.4940652
vt 0.7004337 0.3204316
vt 0.5944226 0.415487
vt 0.595549 0.420443
vt 0.608805 0.402345
vt 0.9220577 0.3673186
vt 0.9189435 0.3765595
vt 0.9283864 0.3760252
vt 0.7140921 0.3257968
vt 0.7135899 0.3161595
vt 0.9633366 0.4561421
vt 0.9597169 0.4471161
vt 0.9589978 0.4497463
vt 0.9754831 0.4247307
vt 0.9777138 0.438262
vt 0.9800184 0.4312966
vt 0.7137661 0.3302914
vt 0.7007967 0.3347575
vt 0.4728425 0.6007083
vt 0.4701439 0.5920552
vt 0.4633401 0.609241
vt 0.2124763 0.6623136
vt 0.2251496 0.6720618
vt 0.2250811 0.6623372
vt 0.1267106 0.6319103
vt 0.1157877 0.6344154
vt 0.4789903 0.5837445
vt 0.225102 0.6969444
vt 0.2384138 0.6957565
vt 0.225158 0.6845053
vt 0.7575263 0.3219038
vt 0.5340526 0.5296493
vt 0.7729397 0.321401
vt 0.9853072 0.4338849
vt 0.9899521 0.4404991
vt 0.9492283 0.3780158
vt 0.3321428 0.6506615
vt 0.3293875 0.6415417
vt 0.3285367 0.6513814
vt 0.5951101 0.3642054
vt 0.5879787 0.3741829
vt 0.5981582 0.3697813
vt 0.1008574 0.646533
vt 0.1041616 0.6368905
vt 0.09246373 0.6370421
vt 0.9720659 0.4689784
vt 0.5208467 0.5512553
vt 0.9766483 0.4757838
vt 0.8833054 0.304266
vt 0.8926234 0.3111793
vt 0.6669629 0.3457499
vt 0.6765535 0.3304206
vt 0.6656966 0.3360639
vt 0.7574727 0.3176098
vt 0.7726693 0.3170317
vt 0.7572542 0.3079119
vt 0.3502519 0.6799015
vt 0.3452394 0.6801201
vt 0.2387699 0.7057148
vt 0.9232626 0.392606
vt 0.07163575 0.5677054
vt 0.06904793 0.5758498
vt 0.0790599 0.5784674
vt 0.1983988 0.6961061
vt 0.185528 0.6941344
vt 0.1975065 0.7051478
vt 0.8029615 0.2970996
vt 0.78794 0.295306
vt 0.8023579 0.3095568
vt 0.3369817 0.6407605
vt 0.3331983 0.6410208
vt 0.335867 0.6502044
vt 0.3253654 0.6424299
vt 0.5403406 0.5180651
vt 0.5464573 0.5061565
vt 0.5381505 0.5125972
vt 0.816386 0.3122506
vt 0.6158519 0.393872
vt 0.6224901 0.3800347
vt 0.614992 0.388227
vt 0.06915757 0.6055654
vt 0.08035907 0.6073782
vt 0.07287759 0.5965806
vt 0.6078402 0.3968728
vt 0.6053258 0.3881945
vt 0.5983704 0.3975724
vt 0.9368078 0.4020784
vt 0.9421934 0.4104635
vt 0.9453808 0.4020568
vt 0.7423306 0.3236489
vt 0.9116688 0.341711
vt 0.9081968 0.350727
vt 0.9189247 0.3501059
vt 0.05743805 0.5407756
vt 0.1999654 0.6561058
vt 0.2122936 0.6574183
vt 0.4395992 0.6161072
vt 0.4371929 0.6055737
vt 0.4283868 0.6232945
vt 0.8371743 0.2799012
vt 0.7226634 0.2733348
vt 0.7559423 0.2677712
vt 0.6562853 0.3029435
vt 0.6456004 0.3104146
vt 0.637313 0.3201542
vt 0.9545538 0.4431365
vt 0.7882282 0.3221623
vt 0.2376957 0.6614538
vt 0.8188599 0.287881
vt 0.8326253 0.2918757
vt 0.8208328 0.2787717
vt 0.9252125 0.3849975
vt 0.6569654 0.3517862
vt 0.3210914 0.643708
vt 0.3225026 0.6374571
vt 0.3177508 0.6388081
vt 0.8808277 0.3061293
vt 0.834991 0.2832068
vt 0.7904133 0.2684033
vt 0.8041053 0.2847603
vt 0.7885914 0.2827542
vt 0.3349102 0.6356888
vt 0.574609 0.3952264
vt 0.5811615 0.3845193
vt 0.6677116 0.2959042
vt 0.6799669 0.2893369
vt 0.8623011 0.2913637
vt 0.3677149 0.6476937
vt 0.3688253 0.6589465
vt 0.3756366 0.6459943
vt 0.6948234 0.2872297
vt 0.6969489 0.2963497
vt 0.7088463 0.2822014
vt 0.7397109 0.2746283
vt 0.7406557 0.2845879
vt 0.7565266 0.2826589
vt 0.5162123 0.5381656
vt 0.5256904 0.5355652
vt 0.9473486 0.4185939
vt 0.9505059 0.4102908
vt 0.4057252 0.6352675
vt 0.4148915 0.6192254
vt 0.3948698 0.6398327
vt 0.8598245 0.2938299
vt 0.9714589 0.4547698
vt 0.9697788 0.4397442
vt 0.9602231 0.4255557
vt 0.9649898 0.4327232
vt 0.9636245 0.4174591
vt 0.005322605 0.5205252
vt 0.01953784 0.5434151
vt 0.01438573 0.5301554
vt 0.4329183 0.6412894
vt 0.4443731 0.6328533
vt 0.453088 0.6177378
vt 0.565297 0.4234472
vt 0.5561279 0.4297317
vt 0.5593699 0.4354602
vt 0.9290948 0.3530551
vt 0.9222683 0.3442063
vt 0.3876801 0.6647729
vt 0.4078022 0.6462208
vt 0.3967383 0.6509589
vt 0.672051 0.3072927
vt 0.684096 0.3015763
vt 0.6817474 0.2928496
vt 0.4727722 0.55821
vt 0.4739856 0.56458
vt 0.4806452 0.5500998
vt 0.7725091 0.3072859
vt 0.7569177 0.2953444
vt 0.09928399 0.6171737
vt 0.08801684 0.6177532
vt 0.09592661 0.6276224
vt 0.5191134 0.518907
vt 0.594795 0.3881046
vt 0.5910396 0.3796614
vt 0.5842363 0.3899601
vt 0.5880451 0.398222
vt 0.7726183 0.2820317
vt 0.7724882 0.2947015
vt 0.4348819 0.5916612
vt 0.4453307 0.5831418
vt 0.3386248 0.6356947
vt 0.9013147 0.3184332
vt 0.9846901 0.4379484
vt 0.9876059 0.4522827
vt 0.9895649 0.4448383
vt 0.1109116 0.6107622
vt 0.09524232 0.5932553
vt 0.08652285 0.5888093
vt 0.2619526 0.6661634
vt 0.2735595 0.674705
vt 0.2729245 0.6629409
vt 0.04701144 0.5711179
vt 0.04383934 0.5773295
vt 0.05439007 0.5828301
vt 0.6355789 0.3182952
vt 0.6261547 0.326576
vt 0.6278397 0.3281009
vt 0.9865169 0.4765273
vt 0.989898 0.4685357
vt 0.9846298 0.4609734
vt 0.9619052 0.4408834
vt 0.9825795 0.4451743
vt 0.2501704 0.6688881
vt 0.8900932 0.3466735
vt 0.8925642 0.3361041
vt 0.8839941 0.3295591
vt 0.4354856 0.5966865
vt 0.4261248 0.6127242
vt 0.08970842 0.6432821
vt 0.08847633 0.6445748
vt 0.09823492 0.6528767
vt 0.0512493 0.589047
vt 0.03452528 0.5674032
vt 0.6009964 0.4059606
vt 0.1881705 0.6595476
vt 0.1767441 0.6568927
vt 0.1876512 0.6698278
vt 0.2124176 0.6722732
vt 0.9544709 0.3864211
vt 0.9725053 0.4151443
vt 0.9809132 0.427574
vt 0.9665735 0.4113094
vt 0.9620575 0.4041786
vt 0.9589405 0.410122
vt 0.446038 0.5887958
vt 0.1843608 0.7028065
vt 0.369931 0.6772909
vt 0.5852908 0.4177153
vt 0.5753093 0.4198289
vt 0.5790938 0.4284866
vt 0.1731739 0.6912121
vt 0.1746821 0.6795877
vt 0.1631458 0.6760241
vt 0.1097974 0.6166821
vt 0.1018269 0.6079879
vt 0.06166446 0.5645504
vt 0.6475611 0.3582188
vt 0.6554841 0.3421285
vt 0.5614225 0.4635439
vt 0.5519263 0.4679647
vt 0.5556808 0.4758399
vt 0.3498371 0.6717675
vt 0.3443363 0.6610246
vt 0.3445867 0.6719923
vt 0.2378173 0.670905
vt 0.8777311 0.3131822
vt 0.8707402 0.2997912
vt 0.378493 0.6749904
vt 0.3780826 0.6677076
vt 0.8302543 0.3307369
vt 0.817139 0.3270383
vt 0.9499136 0.4361504
vt 0.377034 0.6572373
vt 0.3073446 0.6727041
vt 0.2922048 0.667308
vt 0.5128745 0.5291517
vt 0.1276542 0.6256787
vt 0.9736016 0.4673505
vt 0.6018506 0.3784424
vt 0.4212013 0.6488797
vt 0.4421919 0.6259488
vt 0.4308372 0.6335863
vt 0.6458696 0.3486233
vt 0.6745732 0.3186142
vt 0.1339559 0.6485812
vt 0.4170007 0.6297283
vt 0.2249879 0.7066559
vt 0.2111328 0.706461
vt 0.3559786 0.6794922
vt 0.311414 0.6474627
vt 0.3207098 0.6539516
vt 0.3164837 0.6453844
vt 0.9666647 0.4478479
vt 0.519105 0.5461667
vt 0.2380728 0.6832447
vt 0.613524 0.3513154
vt 0.6218635 0.3427827
vt 0.6189222 0.3364983
vt 0.5700448 0.4581384
vt 0.5672032 0.4514633
vt 0.8528457 0.324325
vt 0.8416597 0.3197939
vt 0.8524035 0.3341188
vt 0.7279351 0.3221487
vt 0.02156302 0.5416726
vt 0.02482527 0.5357493
vt 0.9400113 0.3935242
vt 0.5935796 0.3632952
vt 0.3268966 0.636502
vt 0.3310168 0.6359257
vt 0.5440977 0.5005093
vt 0.5347501 0.5048291
vt 0.6303717 0.3723163
vt 0.6309959 0.378098
vt 0.6387075 0.3650578
vt 0.5034431 0.530487
vt 0.509826 0.5211191
vt 0.4949536 0.533572
vt 0.5641937 0.4699107
vt 0.3422347 0.635797
vt 0.4023474 0.6175939
vt 0.0176658 0.5243826
vt 0.01435295 0.5051941
vt 0.01074758 0.5134763
vt 0.339642 0.661283
vt 0.3399951 0.6498989
vt 0.3696389 0.6696261
vt 0.1759548 0.6672559
vt 0.7275594 0.3125077
vt 0.7266254 0.300105
vt 0.1647431 0.6638279
vt 0.4872714 0.5752756
vt 0.4816654 0.5921659
vt 0.01263228 0.4781989
vt 0.006227434 0.4687434
vt 0.01076323 0.4859899
vt 0.6126077 0.3792872
vt 0.2635424 0.690611
vt 0.2513228 0.6935883
vt 0.3399615 0.6722535
vt 0.723854 0.2779102
vt 0.7106828 0.2916698
vt 0.007695585 0.4949807
vt 0.6105272 0.3453404
vt 0.05814385 0.5740015
vt 0.05075023 0.5623468
vt 0.6368169 0.3555631
vt 0.6401228 0.3271912
vt 0.6307147 0.3347475
vt 0.6339557 0.3446566
vt 0.1613332 0.6873771
vt 0.1717691 0.6995124
vt 0.9312768 0.3515277
vt 0.5880804 0.4254555
vt 0.5759383 0.4467636
vt 0.5819318 0.435876
vt 0.5730771 0.4397393
vt 0.4192746 0.6404016
vt 0.3982548 0.6606895
vt 0.4095354 0.6553873
vt 0.0542177 0.5529919
vt 0.647901 0.3638695
vt 0.6881109 0.325202
vt 0.6863792 0.3132224
vt 0.006334484 0.4640781
vt 0.9376564 0.3604358
vt 0.0003813505 0.4554157
vt 0.3863925 0.6546122
vt 0.1096903 0.6553584
vt 0.3622451 0.6707822
vt 0.3616422 0.6599674
vt 0.1314648 0.6601676
vt 0.1415382 0.6662978
vt 0.9813229 0.4689605
vt 0.250617 0.6810726
vt 0.1190172 0.6634128
vt 0.1267209 0.677651
vt 0.1288453 0.670659
vt 0.8677378 0.3071945
vt 0.03215525 0.5474308
vt 0.04329464 0.5505687
vt 0.03585038 0.5388184
vt 0.1358057 0.6384203
vt 0.7415393 0.2971911
vt 0.0002509356 0.4600553
vt 0.9984328 0.4677693
vt 0.004401177 0.476512
vt 0.2521501 0.7037162
vt 0.2648068 0.7008358
vt 0.7253009 0.2876669
vt 0.9470835 0.3798361
vt 0.9437167 0.3854997
vt 0.9523677 0.3883864
vt 0.4748972 0.6058546
vt 0.4655019 0.6148028
vt 0.6571466 0.3572941
vt 0.6669885 0.351074
vt 0.07669345 0.6164748
vt 0.1992349 0.6839998
vt 0.2121346 0.6847641
vt 0.1998406 0.6715164
vt 0.0838863 0.5974249
vt 0.09147999 0.6075662
vt 0.4504021 0.6083604
vt 0.4606252 0.6002728
vt 0.4580016 0.5900134
vt 0.3847448 0.6434014
vt 0.4037685 0.624935
vt 0.03637645 0.5654324
vt 0.04141596 0.521831
vt 0.04969642 0.5291752
vt 0.04194832 0.5174876
vt 0.9291787 0.4008995
vt 0.8725768 0.3497193
vt 0.9348171 0.4091983
vt 0.9450357 0.4287315
vt 0.9502943 0.4329643
vt 0.9453474 0.425334
vt 0.06418732 0.5565775
vt 0.4674505 0.5819608
vt 0.8979454 0.3533879
vt 0.905338 0.3606178
vt 0.9354819 0.3620381
vt 0.9414663 0.3710105
vt 0.9436315 0.3693105
vt 0.9550661 0.4401982
vt 0.06507903 0.5520986
vt 0.1867107 0.6822563
vt 0.5159092 0.5112522
vt 0.5251081 0.5080276
vt 0.521786 0.5007509
vt 0.4994285 0.5481061
vt 0.4967172 0.5394382
vt 0.489602 0.5480515
vt 0.527552 0.540769
vt 0.03175959 0.5180796
vt 0.02849582 0.527242
vt 0.3882543 0.6715088
vt 0.968923 0.4605548
vt 0.9676613 0.4624935
vt 0.2936866 0.6794183
vt 0.06549677 0.5854331
vt 0.7123798 0.3038828
vt 0.6432093 0.3374594
vt 0.6530383 0.3307289
vt 0.2619242 0.6573309
vt 0.2377372 0.6573773
vt 0.2500647 0.6597378
vt 0.8544649 0.3126269
vt 0.8430494 0.3078622
vt 0.512272 0.5561599
vt 0.5095001 0.5480989
vt 0.9380766 0.3766733
vt 0.9320905 0.3677396
vt 0.9244649 0.3427284
vt 0.107366 0.6261573
vt 0.3125139 0.6405618
vt 0.6252508 0.3523354
vt 0.6282991 0.3629634
vt 0.0844354 0.6269927
vt 0.08156958 0.633182
vt 0.004132539 0.5031572
vt 0.001384228 0.4854401
vt 0.9978715 0.4935267
vt 0.9682777 0.4245152
vt 0.9571391 0.4337658
vt 0.3624899 0.6786979
vt 0.3831025 0.6335976
vt 0.7894858 0.2729425
vt 0.787644 0.3078538
vt 0.007464409 0.5190988
vt 0.05665529 0.545137
vt 0.2916524 0.6560159
vt 0.2730255 0.6544336
vt 0.4245315 0.6042367
vt 0.155828 0.6429902
vt 0.1460014 0.6379045
vt 0.1553471 0.6491941
vt 0.4478714 0.5979442
vt 0.33601 0.6726402
vt 0.5366468 0.4846601
vt 0.5405548 0.4927478
vt 0.5462615 0.4804124
vt 0.9123257 0.3683808
vt 0.07643244 0.5868293
vt 0.08025286 0.6345888
vt 0.07232913 0.6242009
vt 0.8413751 0.3296514
vt 0.5621178 0.4178448
vt 0.5714047 0.4118369
vt 0.5682753 0.4063253
vt 0.9643154 0.4538567
vt 0.6931475 0.2833079
vt 0.06174839 0.5943308
vt 0.9006148 0.3431476
vt 0.9039499 0.3338203
vt 0.9071983 0.3275583
vt 0.1540088 0.6595632
vt 0.4899296 0.583541
vt 0.360025 0.63951
vt 0.3608438 0.6487126
vt 0.366553 0.6383511
vt 0.9094781 0.3260809
vt 0.3495416 0.6608207
vt 0.3445103 0.6497063
vt 0.1768802 0.6510402
vt 0.2001044 0.6613705
vt 0.1881548 0.6539624
vt 0.3059733 0.6607905
vt 0.3173248 0.6676254
vt 0.3114784 0.6581038
vt 0.03957796 0.5592717
vt 0.9257194 0.3588349
vt 0.6989588 0.3082959
vt 0.1520985 0.6715884
vt 0.1500011 0.6826588
vt 0.03429112 0.5059027
vt 0.02681842 0.4946087
vt 0.02652597 0.4990996
vt 0.4836043 0.5970544
vt 0.8719642 0.3441906
vt 0.8806992 0.3497891
vt 0.8727849 0.3346487
vt 0.000864923 0.5086451
vt 0.5576071 0.4555449
vt 0.5479229 0.4600995
vt 0.9153383 0.3588329
vt 0.3163334 0.6558254
vt 0.3057168 0.6499417
vt 0.07373545 0.6226516
vt 0.05706176 0.6023679
vt 0.488016 0.5419206
vt 0.5502912 0.4418266
vt 0.5633621 0.4432911
vt 0.9523115 0.4263731
vt 0.9554271 0.4181258
vt 0.7424678 0.3193563
vt 0.1072296 0.6618729
vt 0.3355066 0.6616801
vt 0.349494 0.6404334
vt 0.3494208 0.6495405
vt 0.3544113 0.6401408
vt 0.072624 0.5630474
vt 0.08012718 0.5735823
vt 0.5068523 0.5704822
vt 0.8452984 0.2964998
vt 0.856964 0.3016264
vt 0.7728865 0.2720341
vt 0.7561668 0.2726127
vt 0.06612349 0.6117522
vt 0.4553007 0.6238996
vt 0.165808 0.6534348
vt 0.9954537 0.4766317
vt 0.934359 0.3848057
vt 0.8989658 0.3199764
vt 0.56925 0.4313398
vt 0.9105331 0.3765799
vt 0.1391729 0.6770798
vt 0.1482069 0.6902543
vt 0.506324 0.5388597
vt 0.1453493 0.6441854
vt 0.992002 0.484655
vt 0.6089109 0.3443024
vt 0.6172729 0.3352555
vt 0.5139581 0.5611151
vt 0.4133942 0.6112648
vt 0.2921351 0.6481536
vt 0.116729 0.6701503
vt 0.4977357 0.5747374
vt 0.5051631 0.5656473
vt 0.6202533 0.3708677
vt 0.1437471 0.6544768
vt 0.3990048 0.6667056
vt 0.4820454 0.5564051
vt 0.04956794 0.590982
vt 0.981511 0.4831068
vt 0.5535973 0.4477217
vt 0.5445606 0.4539997
vt 0.09408998 0.5986717
vt 0.3930648 0.6297482
vt 0.02892104 0.553489
vt 0.8650284 0.3178376
vt 0.9311578 0.3935487
vt 0.5815623 0.4087943
vt 0.9490492 0.3940929
vt 0.9834701 0.4818802
vt 0.577705 0.4006811
vt 0.787744 0.3176516
vt 0.2625269 0.6781515
vt 0.2748137 0.6870642
vt 0.4222494 0.6530178
vt 0.9171927 0.3341875
vt 0.4844362 0.5655087
vt 0.4653468 0.5726609
vt 0.4560348 0.580734
vt 0.8631874 0.3292809
vt 0.8748412 0.3234786
vt 0.9729596 0.431413
vt 0.9710231 0.4181131
vt 0.03918439 0.5295988
vt 0.6056376 0.3603262
vt 0.6473836 0.3126525
vt 0.8479526 0.2882763
vt 0.1180608 0.6246688
vt 0.6774922 0.3452204
vt 0.5275475 0.4896333
vt 0.1372105 0.6843584
vt 0.6634779 0.3244503
vt 0.5309364 0.496564
vt 0.491759 0.5883099
vt 0.6092517 0.3692446
vt 0.992861 0.4597502
vt 0.159722 0.6953155
vt 0.829368 0.3256154
vt 0.6501195 0.3201023
vt 0.6607454 0.3134708
vt 0.6581033 0.305594
vt 0.9401985 0.4173799
vt 0.3450573 0.6405523
vt 0.3409216 0.6406293
vt 0.3319561 0.6622331
vt 0.3286338 0.6630333
vt 0.988845 0.4899898
vt 0.9924974 0.500106
vt 0.8422722 0.3349518
vt 0.542291 0.4724584
vt 0.5917044 0.4074127
vt 0.3247453 0.6524734
vt 0.8625643 0.3389701
vt 0.9573499 0.3965396
vt 0.9639692 0.4018244
vt 0.9949434 0.4476078
vt 0.9947211 0.4521414
vt 0.5332342 0.4780415
vt 0.8055798 0.2752555
vt 0.5388902 0.466117
vt 0.01941839 0.4883519
vt 0.3548124 0.6492652
vt 0.9946433 0.4989121
vt 0.9784222 0.4743998
vt 0.4994769 0.5794989
vt 0.9541116 0.4023364
vt 0.3556976 0.6714259
vt 0.4762295 0.5738157
vt 0.03388476 0.5103105
vt 0.2991999 0.6528069
vt 0.8817279 0.340438
vt 0.05865353 0.6005354
vt 0.4551802 0.5746554
vt 0.4643162 0.5663572
vt 0.8163313 0.3221257
vt 0.802388 0.3194009
vt 0.9399241 0.4209892
vt 0.3066284 0.6427177
vt 0.669534 0.2989857
vt 0.2116765 0.6970635
vt 0.2999046 0.6452619
vt 0.3552739 0.6605268
vt 0.31269 0.6699519
vt 0.903698 0.3691427
vt 0.6170387 0.3605316
vt 0.677607 0.340108
vt 0.7276624 0.3265119
vt 0.7421819 0.3096947
vt 0.1661133 0.6473745
vt 0.3251569 0.6641873
vt 0.01276633 0.4735622
vt 0.6026081 0.3545865
vt 0.4104505 0.6605242
vt 0.6010343 0.3536569
vt 0.9149657 0.3356469
vt 0.8030576 0.3241008
vt 0.8532497 0.3395519
vt 0.3742 0.6364501
vt 0.3497505 0.635803
vt 0.8633115 0.3444811
vt 0.04903498 0.5334951
vt 0.04669705 0.5412862

usemap Cartoon_FFFFFF
usemtl Cartoon_FFFFFF
f 4933/4933/4933 4932/4932/4932 4931/4931/4931 
f 4936/4936/4936 4935/4935/4935 4934/4934/4934 
f 4939/4939/4939 4938/4938/4938 4937/4937/4937 
f 4942/4942/4942 4941/4941/4941 4940/4940/4940 
f 4945/4945/4945 4944/4944/4944 4943/4943/4943 
f 4948/4948/4948 4947/4947/4947 4946/4946/4946 
f 4951/4951/4951 4950/4950/4950 4949/4949/4949 
f 4954/4954/4954 4953/4953/4953 4952/4952/4952 
f 4957/4957/4957 4956/4956/4956 4955/4955/4955 
f 4960/4960/4960 4959/4959/4959 4958/4958/4958 
f 4962/4962/4962 4961/4961/4961 4946/4946/4946 
f 4963/4963/4963 4932/4932/4932 4933/4933/4933 
f 4966/4966/4966 4965/4965/4965 4964/4964/4964 
f 4969/4969/4969 4968/4968/4968 4967/4967/4967 
f 4971/4971/4971 4970/4970/4970 4932/4932/4932 
f 4974/4974/4974 4973/4973/4973 4972/4972/4972 
f 4977/4977/4977 4976/4976/4976 4975/4975/4975 
f 4979/4979/4979 4970/4970/4970 4978/4978/4978 
f 4982/4982/4982 4981/4981/4981 4980/4980/4980 
f 4985/4985/4985 4984/4984/4984 4983/4983/4983 
f 4935/4935/4935 4987/4987/4987 4986/4986/4986 
f 4981/4981/4981 4988/4988/4988 4980/4980/4980 
f 4991/4991/4991 4990/4990/4990 4989/4989/4989 
f 4994/4994/4994 4993/4993/4993 4992/4992/4992 
f 4997/4997/4997 4996/4996/4996 4995/4995/4995 
f 5000/5000/5000 4999/4999/4999 4998/4998/4998 
f 5003/5003/5003 5002/5002/5002 5001/5001/5001 
f 5006/5006/5006 5005/5005/5005 5004/5004/5004 
f 5009/5009/5009 5008/5008/5008 5007/5007/5007 
f 5011/5011/5011 4956/4956/4956 5010/5010/5010 
f 5014/5014/5014 5013/5013/5013 5012/5012/5012 
f 5017/5017/5017 5016/5016/5016 5015/5015/5015 
f 5020/5020/5020 5019/5019/5019 5018/5018/5018 
f 5021/5021/5021 4960/4960/4960 4958/4958/4958 
f 5024/5024/5024 5023/5023/5023 5022/5022/5022 
f 5027/5027/5027 5026/5026/5026 5025/5025/5025 
f 5030/5030/5030 5029/5029/5029 5028/5028/5028 
f 5033/5033/5033 5032/5032/5032 5031/5031/5031 
f 5000/5000/5000 5034/5034/5034 4999/4999/4999 
f 5037/5037/5037 5036/5036/5036 5035/5035/5035 
f 4953/4953/4953 5038/5038/5038 4952/4952/4952 
f 5041/5041/5041 5040/5040/5040 5039/5039/5039 
f 5044/5044/5044 5043/5043/5043 5042/5042/5042 
f 5047/5047/5047 5046/5046/5046 5045/5045/5045 
f 5050/5050/5050 5049/5049/5049 5048/5048/5048 
f 4993/4993/4993 5051/5051/5051 4992/4992/4992 
f 5054/5054/5054 5053/5053/5053 5052/5052/5052 
f 5057/5057/5057 5056/5056/5056 5055/5055/5055 
f 5060/5060/5060 5059/5059/5059 5058/5058/5058 
f 5063/5063/5063 5062/5062/5062 5061/5061/5061 
f 5066/5066/5066 5065/5065/5065 5064/5064/5064 
f 4994/4994/4994 5068/5068/5068 5067/5067/5067 
f 4985/4985/4985 5057/5057/5057 5069/5069/5069 
f 5072/5072/5072 5071/5071/5071 5070/5070/5070 
f 5073/5073/5073 5021/5021/5021 4958/4958/4958 
f 5074/5074/5074 5014/5014/5014 5012/5012/5012 
f 5077/5077/5077 5076/5076/5076 5075/5075/5075 
f 4957/4957/4957 5078/5078/5078 4956/4956/4956 
f 5072/5072/5072 5080/5080/5080 5079/5079/5079 
f 5082/5082/5082 5081/5081/5081 5028/5028/5028 
f 5085/5085/5085 5084/5084/5084 5083/5083/5083 
f 5088/5088/5088 5087/5087/5087 5086/5086/5086 
f 5091/5091/5091 5090/5090/5090 5089/5089/5089 
f 5094/5094/5094 5093/5093/5093 5092/5092/5092 
f 5097/5097/5097 5096/5096/5096 5095/5095/5095 
f 5099/5099/5099 5098/5098/5098 4949/4949/4949 
f 5101/5101/5101 5100/5100/5100 5049/5049/5049 
f 5104/5104/5104 5103/5103/5103 5102/5102/5102 
f 5071/5071/5071 5072/5072/5072 5079/5079/5079 
f 4941/4941/4941 4976/4976/4976 4940/4940/4940 
f 5088/5088/5088 5105/5105/5105 5061/5061/5061 
f 5107/5107/5107 4941/4941/4941 5106/5106/5106 
f 5110/5110/5110 5109/5109/5109 5108/5108/5108 
f 5113/5113/5113 5112/5112/5112 5111/5111/5111 
f 5116/5116/5116 5115/5115/5115 5114/5114/5114 
f 5119/5119/5119 5118/5118/5118 5117/5117/5117 
f 5054/5054/5054 5121/5121/5121 5120/5120/5120 
f 5124/5124/5124 5123/5123/5123 5122/5122/5122 
f 5127/5127/5127 5126/5126/5126 5125/5125/5125 
f 5130/5130/5130 5129/5129/5129 5128/5128/5128 
f 5132/5132/5132 5131/5131/5131 5017/5017/5017 
f 5135/5135/5135 5134/5134/5134 5133/5133/5133 
f 5136/5136/5136 4951/4951/4951 4949/4949/4949 
f 5139/5139/5139 5138/5138/5138 5137/5137/5137 
f 5140/5140/5140 5139/5139/5139 5137/5137/5137 
f 5142/5142/5142 5097/5097/5097 5141/5141/5141 
f 5145/5145/5145 5144/5144/5144 5143/5143/5143 
f 5011/5011/5011 5077/5077/5077 5146/5146/5146 
f 5149/5149/5149 5148/5148/5148 5147/5147/5147 
f 5152/5152/5152 5151/5151/5151 5150/5150/5150 
f 5155/5155/5155 5154/5154/5154 5153/5153/5153 
f 5158/5158/5158 5157/5157/5157 5156/5156/5156 
f 5161/5161/5161 5160/5160/5160 5159/5159/5159 
f 5164/5164/5164 5163/5163/5163 5162/5162/5162 
f 5109/5109/5109 5165/5165/5165 5108/5108/5108 
f 5148/5148/5148 5166/5166/5166 5147/5147/5147 
f 5154/5154/5154 5167/5167/5167 5153/5153/5153 
f 5170/5170/5170 5169/5169/5169 5168/5168/5168 
f 5059/5059/5059 5172/5172/5172 5171/5171/5171 
f 5175/5175/5175 5174/5174/5174 5173/5173/5173 
f 5177/5177/5177 5157/5157/5157 5176/5176/5176 
f 5178/5178/5178 5047/5047/5047 5045/5045/5045 
f 5181/5181/5181 5180/5180/5180 5179/5179/5179 
f 4984/4984/4984 5182/5182/5182 4983/4983/4983 
f 5185/5185/5185 5184/5184/5184 5183/5183/5183 
f 5188/5188/5188 5187/5187/5187 5186/5186/5186 
f 5189/5189/5189 5059/5059/5059 5171/5171/5171 
f 5027/5027/5027 5191/5191/5191 5190/5190/5190 
f 5194/5194/5194 5193/5193/5193 5192/5192/5192 
f 5197/5197/5197 5196/5196/5196 5195/5195/5195 
f 5133/5133/5133 5199/5199/5199 5198/5198/5198 
f 5023/5023/5023 5200/5200/5200 5022/5022/5022 
f 5202/5202/5202 5074/5074/5074 5201/5201/5201 
f 5205/5205/5205 5204/5204/5204 5203/5203/5203 
f 5208/5208/5208 5207/5207/5207 5206/5206/5206 
f 4984/4984/4984 4985/4985/4985 5209/5209/5209 
f 5211/5211/5211 5078/5078/5078 5210/5210/5210 
f 4966/4966/4966 5045/5045/5045 5039/5039/5039 
f 5191/5191/5191 5213/5213/5213 5212/5212/5212 
f 5216/5216/5216 5215/5215/5215 5214/5214/5214 
f 5091/5091/5091 5217/5217/5217 5090/5090/5090 
f 5154/5154/5154 5219/5219/5219 5218/5218/5218 
f 4949/4949/4949 5098/5098/5098 5220/5220/5220 
f 5221/5221/5221 5199/5199/5199 5150/5150/5150 
f 5155/5155/5155 5219/5219/5219 5154/5154/5154 
f 5106/5106/5106 4942/4942/4942 5222/5222/5222 
f 4974/4974/4974 4993/4993/4993 4994/4994/4994 
f 5046/5046/5046 5137/5137/5137 5223/5223/5223 
f 5226/5226/5226 5225/5225/5225 5224/5224/5224 
f 5227/5227/5227 5202/5202/5202 5201/5201/5201 
f 5014/5014/5014 5228/5228/5228 5013/5013/5013 
f 5229/5229/5229 4935/4935/4935 4986/4986/4986 
f 5123/5123/5123 5124/5124/5124 5230/5230/5230 
f 4982/4982/4982 5115/5115/5115 5116/5116/5116 
f 5233/5233/5233 5232/5232/5232 5231/5231/5231 
f 5236/5236/5236 5235/5235/5235 5234/5234/5234 
f 5107/5107/5107 5106/5106/5106 5237/5237/5237 
f 4976/4976/4976 5166/5166/5166 4940/4940/4940 
f 5098/5098/5098 5099/5099/5099 5238/5238/5238 
f 5239/5239/5239 4984/4984/4984 5209/5209/5209 
f 5242/5242/5242 5241/5241/5241 5240/5240/5240 
f 5244/5244/5244 5243/5243/5243 5203/5203/5203 
f 5247/5247/5247 5246/5246/5246 5245/5245/5245 
f 4978/4978/4978 4970/4970/4970 5248/5248/5248 
f 5113/5113/5113 5250/5250/5250 5249/5249/5249 
f 5251/5251/5251 5050/5050/5050 5048/5048/5048 
f 5254/5254/5254 5253/5253/5253 5252/5252/5252 
f 5256/5256/5256 5255/5255/5255 5037/5037/5037 
f 5259/5259/5259 5258/5258/5258 5257/5257/5257 
f 4932/4932/4932 4979/4979/4979 4931/4931/4931 
f 5208/5208/5208 5206/5206/5206 5018/5018/5018 
f 5262/5262/5262 5261/5261/5261 5260/5260/5260 
f 5263/5263/5263 5205/5205/5205 5203/5203/5203 
f 5243/5243/5243 5263/5263/5263 5203/5203/5203 
f 5265/5265/5265 5264/5264/5264 5143/5143/5143 
f 5268/5268/5268 5267/5267/5267 5266/5266/5266 
f 5033/5033/5033 5270/5270/5270 5269/5269/5269 
f 5217/5217/5217 5271/5271/5271 5090/5090/5090 
f 5180/5180/5180 5181/5181/5181 5272/5272/5272 
f 5062/5062/5062 5088/5088/5088 5061/5061/5061 
f 4971/4971/4971 5274/5274/5274 5273/5273/5273 
f 5196/5196/5196 5275/5275/5275 5272/5272/5272 
f 5277/5277/5277 4988/4988/4988 5276/5276/5276 
f 5280/5280/5280 5279/5279/5279 5278/5278/5278 
f 5041/5041/5041 5046/5046/5046 5281/5281/5281 
f 5284/5284/5284 5283/5283/5283 5282/5282/5282 
f 5286/5286/5286 5094/5094/5094 5285/5285/5285 
f 5267/5267/5267 5287/5287/5287 5280/5280/5280 
f 5288/5288/5288 5242/5242/5242 5240/5240/5240 
f 5290/5290/5290 5289/5289/5289 5156/5156/5156 
f 5227/5227/5227 5259/5259/5259 5291/5291/5291 
f 5294/5294/5294 5293/5293/5293 5292/5292/5292 
f 5296/5296/5296 5295/5295/5295 5195/5195/5195 
f 5121/5121/5121 5297/5297/5297 5120/5120/5120 
f 5298/5298/5298 5194/5194/5194 5192/5192/5192 
f 5301/5301/5301 5300/5300/5300 5299/5299/5299 
f 5304/5304/5304 5303/5303/5303 5302/5302/5302 
f 5290/5290/5290 5305/5305/5305 5200/5200/5200 
f 4965/4965/4965 5258/5258/5258 5306/5306/5306 
f 5018/5018/5018 5233/5233/5233 5231/5231/5231 
f 5308/5308/5308 5307/5307/5307 5013/5013/5013 
f 5311/5311/5311 5310/5310/5310 5309/5309/5309 
f 5102/5102/5102 5124/5124/5124 5312/5312/5312 
f 5313/5313/5313 5175/5175/5175 5004/5004/5004 
f 5315/5315/5315 5090/5090/5090 5314/5314/5314 
f 5244/5244/5244 5301/5301/5301 5299/5299/5299 
f 4984/4984/4984 4991/4991/4991 5182/5182/5182 
f 5317/5317/5317 5316/5316/5316 5229/5229/5229 
f 5318/5318/5318 5164/5164/5164 5162/5162/5162 
f 5283/5283/5283 5319/5319/5319 5282/5282/5282 
f 5322/5322/5322 5321/5321/5321 5320/5320/5320 
f 5323/5323/5323 5211/5211/5211 5210/5210/5210 
f 5326/5326/5326 5325/5325/5325 5324/5324/5324 
f 5254/5254/5254 5032/5032/5032 4999/4999/4999 
f 5327/5327/5327 5229/5229/5229 4986/4986/4986 
f 5149/5149/5149 5147/5147/5147 4995/4995/4995 
f 5096/5096/5096 5132/5132/5132 5328/5328/5328 
f 5331/5331/5331 5330/5330/5330 5329/5329/5329 
f 4990/4990/4990 5333/5333/5333 5332/5332/5332 
f 5195/5195/5195 5026/5026/5026 5190/5190/5190 
f 5296/5296/5296 5195/5195/5195 5190/5190/5190 
f 5286/5286/5286 5285/5285/5285 5334/5334/5334 
f 5337/5337/5337 5336/5336/5336 5335/5335/5335 
f 5339/5339/5339 4980/4980/4980 5338/5338/5338 
f 5030/5030/5030 5028/5028/5028 5038/5038/5038 
f 5341/5341/5341 4947/4947/4947 5340/5340/5340 
f 5043/5043/5043 5342/5342/5342 5042/5042/5042 
f 5345/5345/5345 5344/5344/5344 5343/5343/5343 
f 5099/5099/5099 4950/4950/4950 4993/4993/4993 
f 5347/5347/5347 5043/5043/5043 5346/5346/5346 
f 5350/5350/5350 5349/5349/5349 5348/5348/5348 
f 5352/5352/5352 5104/5104/5104 5351/5351/5351 
f 5046/5046/5046 5223/5223/5223 5281/5281/5281 
f 5261/5261/5261 5136/5136/5136 5220/5220/5220 
f 5006/5006/5006 5004/5004/5004 5173/5173/5173 
f 5156/5156/5156 5157/5157/5157 5353/5353/5353 
f 5356/5356/5356 5355/5355/5355 5354/5354/5354 
f 5359/5359/5359 5358/5358/5358 5357/5357/5357 
f 5362/5362/5362 5361/5361/5361 5360/5360/5360 
f 5305/5305/5305 5363/5363/5363 5200/5200/5200 
f 5349/5349/5349 5364/5364/5364 4981/4981/4981 
f 4941/4941/4941 4942/4942/4942 5106/5106/5106 
f 5366/5366/5366 5365/5365/5365 5053/5053/5053 
f 5369/5369/5369 5368/5368/5368 5367/5367/5367 
f 5216/5216/5216 5370/5370/5370 5067/5067/5067 
f 5032/5032/5032 5083/5083/5083 5031/5031/5031 
f 5225/5225/5225 5114/5114/5114 5224/5224/5224 
f 5056/5056/5056 5371/5371/5371 5055/5055/5055 
f 5372/5372/5372 5196/5196/5196 5272/5272/5272 
f 5375/5375/5375 5374/5374/5374 5373/5373/5373 
f 5378/5378/5378 5377/5377/5377 5376/5376/5376 
f 5270/5270/5270 5207/5207/5207 5269/5269/5269 
f 5226/5226/5226 5058/5058/5058 5225/5225/5225 
f 5099/5099/5099 4993/4993/4993 5379/5379/5379 
f 5381/5381/5381 4943/4943/4943 5380/5380/5380 
f 5304/5304/5304 5382/5382/5382 5303/5303/5303 
f 5126/5126/5126 5127/5127/5127 5092/5092/5092 
f 5093/5093/5093 5126/5126/5126 5092/5092/5092 
f 5040/5040/5040 5257/5257/5257 5039/5039/5039 
f 5369/5369/5369 5367/5367/5367 5310/5310/5310 
f 5384/5384/5384 5383/5383/5383 5007/5007/5007 
f 5385/5385/5385 5154/5154/5154 5218/5218/5218 
f 5386/5386/5386 5158/5158/5158 5289/5289/5289 
f 5274/5274/5274 4971/4971/4971 5387/5387/5387 
f 5389/5389/5389 5227/5227/5227 5388/5388/5388 
f 5392/5392/5392 5391/5391/5391 5390/5390/5390 
f 5394/5394/5394 5393/5393/5393 5245/5245/5245 
f 4993/4993/4993 4974/4974/4974 5379/5379/5379 
f 5060/5060/5060 5123/5123/5123 5230/5230/5230 
f 5209/5209/5209 5167/5167/5167 5319/5319/5319 
f 5396/5396/5396 5238/5238/5238 5395/5395/5395 
f 5019/5019/5019 5333/5333/5333 5284/5284/5284 
f 5217/5217/5217 5213/5213/5213 5271/5271/5271 
f 4954/4954/4954 5071/5071/5071 5394/5394/5394 
f 5398/5398/5398 5368/5368/5368 5397/5397/5397 
f 5297/5297/5297 5121/5121/5121 5399/5399/5399 
f 5400/5400/5400 5133/5133/5133 5198/5198/5198 
f 5077/5077/5077 5236/5236/5236 5401/5401/5401 
f 5014/5014/5014 5074/5074/5074 5202/5202/5202 
f 5005/5005/5005 4936/4936/4936 5004/5004/5004 
f 5294/5294/5294 5403/5403/5403 5402/5402/5402 
f 5006/5006/5006 5405/5405/5405 5404/5404/5404 
f 5408/5408/5408 5407/5407/5407 5406/5406/5406 
f 5107/5107/5107 5109/5109/5109 5409/5409/5409 
f 5178/5178/5178 4966/4966/4966 4964/4964/4964 
f 5047/5047/5047 5140/5140/5140 5137/5137/5137 
f 5165/5165/5165 4973/4973/4973 5410/5410/5410 
f 5233/5233/5233 5314/5314/5314 5411/5411/5411 
f 5412/5412/5412 5091/5091/5091 5089/5089/5089 
f 5121/5121/5121 5054/5054/5054 5052/5052/5052 
f 5080/5080/5080 5063/5063/5063 5061/5061/5061 
f 5082/5082/5082 5413/5413/5413 5081/5081/5081 
f 5254/5254/5254 5085/5085/5085 5083/5083/5083 
f 5131/5131/5131 5142/5142/5142 5414/5414/5414 
f 5303/5303/5303 5123/5123/5123 5302/5302/5302 
f 5396/5396/5396 5098/5098/5098 5238/5238/5238 
f 5268/5268/5268 5113/5113/5113 5415/5415/5415 
f 5026/5026/5026 5027/5027/5027 5190/5190/5190 
f 5363/5363/5363 5416/5416/5416 5371/5371/5371 
f 5116/5116/5116 5114/5114/5114 5225/5225/5225 
f 5418/5418/5418 5417/5417/5417 5390/5390/5390 
f 5144/5144/5144 5171/5171/5171 5419/5419/5419 
f 5090/5090/5090 5271/5271/5271 5314/5314/5314 
f 5422/5422/5422 5421/5421/5421 5420/5420/5420 
f 5350/5350/5350 5348/5348/5348 5423/5423/5423 
f 5305/5305/5305 5416/5416/5416 5363/5363/5363 
f 5372/5372/5372 5026/5026/5026 5196/5196/5196 
f 5424/5424/5424 5284/5284/5284 5282/5282/5282 
f 5415/5415/5415 5113/5113/5113 5111/5111/5111 
f 5427/5427/5427 5426/5426/5426 5425/5425/5425 
f 4968/4968/4968 5428/5428/5428 4967/4967/4967 
f 5239/5239/5239 4990/4990/4990 4991/4991/4991 
f 5429/5429/5429 5024/5024/5024 5152/5152/5152 
f 5431/5431/5431 5405/5405/5405 5430/5430/5430 
f 5287/5287/5287 5331/5331/5331 5280/5280/5280 
f 4953/4953/4953 5246/5246/5246 5432/5432/5432 
f 5435/5435/5435 5434/5434/5434 5433/5433/5433 
f 5164/5164/5164 5166/5166/5166 5148/5148/5148 
f 5365/5365/5365 5366/5366/5366 4959/4959/4959 
f 5429/5429/5429 5152/5152/5152 5346/5346/5346 
f 4973/4973/4973 5165/5165/5165 5436/5436/5436 
f 5087/5087/5087 5088/5088/5088 5437/5437/5437 
f 5386/5386/5386 5438/5438/5438 5158/5158/5158 
f 5440/5440/5440 5439/5439/5439 5169/5169/5169 
f 5441/5441/5441 5440/5440/5440 4955/4955/4955 
f 5333/5333/5333 4990/4990/4990 5283/5283/5283 
f 5422/5422/5422 5275/5275/5275 5442/5442/5442 
f 5443/5443/5443 5277/5277/5277 5276/5276/5276 
f 5446/5446/5446 5445/5445/5445 5444/5444/5444 
f 5447/5447/5447 5077/5077/5077 5401/5401/5401 
f 5207/5207/5207 5449/5449/5449 5448/5448/5448 
f 5017/5017/5017 5131/5131/5131 5016/5016/5016 
f 5296/5296/5296 5190/5190/5190 5212/5212/5212 
f 5452/5452/5452 5451/5451/5451 5450/5450/5450 
f 5101/5101/5101 5049/5049/5049 5050/5050/5050 
f 5455/5455/5455 5454/5454/5454 5453/5453/5453 
f 5456/5456/5456 5156/5156/5156 5353/5353/5353 
f 5457/5457/5457 5120/5120/5120 5367/5367/5367 
f 5241/5241/5241 5293/5293/5293 5402/5402/5402 
f 5267/5267/5267 4945/4945/4945 4943/4943/4943 
f 5123/5123/5123 5060/5060/5060 5302/5302/5302 
f 5286/5286/5286 5387/5387/5387 5458/5458/5458 
f 4938/4938/4938 5378/5378/5378 5376/5376/5376 
f 5081/5081/5081 5070/5070/5070 4952/4952/4952 
f 5374/5374/5374 5136/5136/5136 5373/5373/5373 
f 5460/5460/5460 5317/5317/5317 5459/5459/5459 
f 5295/5295/5295 5460/5460/5460 5459/5459/5459 
f 5463/5463/5463 5462/5462/5462 5461/5461/5461 
f 5277/5277/5277 5464/5464/5464 5338/5338/5338 
f 5467/5467/5467 5466/5466/5466 5465/5465/5465 
f 5468/5468/5468 5408/5408/5408 5406/5406/5406 
f 5104/5104/5104 5102/5102/5102 5312/5312/5312 
f 5204/5204/5204 5470/5470/5470 5469/5469/5469 
f 5471/5471/5471 5054/5054/5054 5457/5457/5457 
f 5059/5059/5059 5060/5060/5060 5172/5172/5172 
f 5230/5230/5230 5124/5124/5124 5102/5102/5102 
f 5473/5473/5473 5234/5234/5234 5472/5472/5472 
f 5398/5398/5398 5457/5457/5457 5367/5367/5367 
f 5431/5431/5431 5475/5475/5475 5474/5474/5474 
f 5377/5377/5377 5378/5378/5378 5476/5476/5476 
f 5262/5262/5262 5377/5377/5377 5476/5476/5476 
f 5382/5382/5382 5296/5296/5296 5212/5212/5212 
f 5477/5477/5477 5130/5130/5130 5128/5128/5128 
f 5106/5106/5106 5383/5383/5383 5237/5237/5237 
f 4951/4951/4951 5136/5136/5136 5374/5374/5374 
f 5344/5344/5344 5345/5345/5345 5182/5182/5182 
f 4991/4991/4991 5344/5344/5344 5182/5182/5182 
f 5244/5244/5244 5478/5478/5478 5301/5301/5301 
f 5480/5480/5480 5108/5108/5108 5479/5479/5479 
f 4970/4970/4970 4979/4979/4979 4932/4932/4932 
f 4938/4938/4938 4939/4939/4939 5276/5276/5276 
f 4971/4971/4971 5273/5273/5273 4970/4970/4970 
f 4992/4992/4992 5481/5481/5481 5015/5015/5015 
f 4965/4965/4965 5243/5243/5243 5299/5299/5299 
f 5300/5300/5300 4965/4965/4965 5299/5299/5299 
f 5065/5065/5065 5010/5010/5010 5064/5064/5064 
f 5194/5194/5194 5300/5300/5300 5301/5301/5301 
f 5438/5438/5438 5044/5044/5044 5042/5042/5042 
f 5482/5482/5482 5313/5313/5313 5320/5320/5320 
f 5483/5483/5483 5000/5000/5000 4998/4998/4998 
f 5348/5348/5348 5116/5116/5116 5225/5225/5225 
f 5486/5486/5486 5485/5485/5485 5484/5484/5484 
f 5383/5383/5383 5106/5106/5106 5222/5222/5222 
f 5450/5450/5450 5488/5488/5488 5487/5487/5487 
f 5482/5482/5482 5489/5489/5489 5175/5175/5175 
f 5491/5491/5491 5393/5393/5393 5490/5490/5490 
f 5141/5141/5141 5493/5493/5493 5492/5492/5492 
f 5274/5274/5274 5096/5096/5096 5328/5328/5328 
f 5475/5475/5475 5494/5494/5494 5474/5474/5474 
f 5024/5024/5024 5488/5488/5488 5151/5151/5151 
f 5181/5181/5181 5372/5372/5372 5272/5272/5272 
f 4982/4982/4982 5339/5339/5339 5495/5495/5495 
f 5275/5275/5275 5422/5422/5422 5496/5496/5496 
f 5407/5407/5407 5497/5497/5497 5330/5330/5330 
f 5397/5397/5397 5336/5336/5336 5498/5498/5498 
f 5441/5441/5441 4955/4955/4955 5499/5499/5499 
f 5193/5193/5193 5194/5194/5194 5500/5500/5500 
f 4968/4968/4968 5501/5501/5501 5428/5428/5428 
f 5460/5460/5460 5503/5503/5503 5502/5502/5502 
f 5396/5396/5396 5504/5504/5504 5098/5098/5098 
f 4997/4997/4997 5185/5185/5185 5183/5183/5183 
f 5422/5422/5422 5505/5505/5505 5421/5421/5421 
f 5307/5307/5307 4963/4963/4963 4933/4933/4933 
f 5361/5361/5361 5410/5410/5410 5370/5370/5370 
f 5410/5410/5410 4973/4973/4973 5370/5370/5370 
f 5163/5163/5163 5506/5506/5506 5162/5162/5162 
f 5331/5331/5331 5407/5407/5407 5330/5330/5330 
f 5480/5480/5480 5100/5100/5100 5101/5101/5101 
f 5508/5508/5508 5507/5507/5507 5253/5253/5253 
f 5174/5174/5174 5175/5175/5175 5509/5509/5509 
f 5144/5144/5144 5510/5510/5510 5143/5143/5143 
f 5289/5289/5289 5158/5158/5158 5156/5156/5156 
f 5139/5139/5139 5085/5085/5085 5138/5138/5138 
f 5241/5241/5241 5242/5242/5242 5161/5161/5161 
f 5511/5511/5511 5356/5356/5356 5461/5461/5461 
f 5279/5279/5279 5331/5331/5331 5329/5329/5329 
f 4970/4970/4970 5273/5273/5273 5248/5248/5248 
f 5313/5313/5313 4934/4934/4934 5320/5320/5320 
f 5482/5482/5482 5320/5320/5320 5512/5512/5512 
f 5514/5514/5514 5489/5489/5489 5513/5513/5513 
f 5515/5515/5515 5403/5403/5403 5040/5040/5040 
f 5227/5227/5227 5389/5389/5389 5202/5202/5202 
f 5516/5516/5516 5505/5505/5505 5442/5442/5442 
f 5505/5505/5505 5422/5422/5422 5442/5442/5442 
f 5134/5134/5134 5347/5347/5347 5133/5133/5133 
f 5347/5347/5347 5199/5199/5199 5133/5133/5133 
f 4973/4973/4973 5436/5436/5436 4972/4972/4972 
f 5082/5082/5082 5029/5029/5029 5141/5141/5141 
f 5298/5298/5298 5192/5192/5192 4964/4964/4964 
f 5431/5431/5431 5008/5008/5008 5009/5009/5009 
f 5349/5349/5349 5350/5350/5350 5364/5364/5364 
f 4976/4976/4976 4977/4977/4977 5166/5166/5166 
f 5382/5382/5382 5304/5304/5304 5517/5517/5517 
f 5518/5518/5518 5130/5130/5130 5476/5476/5476 
f 5475/5475/5475 5520/5520/5520 5519/5519/5519 
f 5494/5494/5494 5475/5475/5475 5519/5519/5519 
f 4971/4971/4971 4932/4932/4932 4963/4963/4963 
f 5470/5470/5470 5522/5522/5522 5521/5521/5521 
f 5283/5283/5283 5239/5239/5239 5319/5319/5319 
f 5290/5290/5290 5456/5456/5456 5325/5325/5325 
f 5078/5078/5078 4957/4957/4957 5210/5210/5210 
f 5308/5308/5308 5093/5093/5093 5458/5458/5458 
f 5093/5093/5093 5286/5286/5286 5458/5458/5458 
f 5311/5311/5311 5279/5279/5279 5329/5329/5329 
f 5347/5347/5347 5346/5346/5346 5523/5523/5523 
f 5369/5369/5369 4996/4996/4996 4997/4997/4997 
f 5295/5295/5295 5197/5197/5197 5195/5195/5195 
f 4969/4969/4969 5397/5397/5397 5498/5498/5498 
f 5510/5510/5510 5352/5352/5352 5524/5524/5524 
f 5029/5029/5029 5082/5082/5082 5028/5028/5028 
f 5316/5316/5316 4935/4935/4935 5229/5229/5229 
f 5324/5324/5324 5525/5525/5525 5249/5249/5249 
f 5323/5323/5323 5526/5526/5526 5491/5491/5491 
f 5527/5527/5527 5021/5021/5021 5073/5073/5073 
f 5381/5381/5381 5250/5250/5250 5266/5266/5266 
f 5327/5327/5327 5221/5221/5221 5505/5505/5505 
f 5192/5192/5192 5193/5193/5193 5528/5528/5528 
f 5043/5043/5043 5044/5044/5044 5346/5346/5346 
f 5251/5251/5251 5336/5336/5336 5529/5529/5529 
f 5530/5530/5530 5318/5318/5318 5162/5162/5162 
f 5139/5139/5139 5140/5140/5140 5531/5531/5531 
f 5131/5131/5131 5414/5414/5414 5532/5532/5532 
f 5534/5534/5534 5533/5533/5533 5385/5385/5385 
f 4973/4973/4973 4974/4974/4974 5370/5370/5370 
f 5208/5208/5208 5019/5019/5019 5284/5284/5284 
f 4950/4950/4950 5037/5037/5037 5035/5035/5035 
f 5217/5217/5217 5091/5091/5091 5351/5351/5351 
f 5289/5289/5289 5200/5200/5200 5023/5023/5023 
f 5535/5535/5535 5115/5115/5115 5495/5495/5495 
f 5536/5536/5536 5447/5447/5447 5401/5401/5401 
f 5378/5378/5378 5537/5537/5537 5518/5518/5518 
f 5019/5019/5019 5208/5208/5208 5018/5018/5018 
f 5132/5132/5132 5096/5096/5096 5097/5097/5097 
f 5363/5363/5363 5371/5371/5371 5487/5487/5487 
f 5016/5016/5016 4994/4994/4994 5015/5015/5015 
f 5180/5180/5180 5272/5272/5272 5496/5496/5496 
f 5204/5204/5204 5205/5205/5205 5427/5427/5427 
f 5246/5246/5246 5394/5394/5394 5245/5245/5245 
f 5350/5350/5350 5539/5539/5539 5538/5538/5538 
f 5197/5197/5197 5295/5295/5295 5459/5459/5459 
f 5540/5540/5540 5526/5526/5526 5467/5467/5467 
f 5526/5526/5526 5541/5541/5541 5467/5467/5467 
f 5392/5392/5392 5155/5155/5155 5153/5153/5153 
f 5543/5543/5543 5542/5542/5542 5409/5409/5409 
f 5434/5434/5434 5117/5117/5117 5433/5433/5433 
f 5435/5435/5435 5144/5144/5144 5145/5145/5145 
f 5171/5171/5171 5103/5103/5103 5419/5419/5419 
f 4950/4950/4950 4951/4951/4951 5037/5037/5037 
f 5384/5384/5384 5008/5008/5008 5379/5379/5379 
f 5544/5544/5544 5381/5381/5381 5380/5380/5380 
f 4968/4968/4968 5073/5073/5073 4958/4958/4958 
f 5080/5080/5080 5413/5413/5413 5063/5063/5063 
f 5057/5057/5057 5355/5355/5355 5391/5391/5391 
f 5407/5407/5407 5408/5408/5408 5497/5497/5497 
f 5545/5545/5545 5288/5288/5288 5240/5240/5240 
f 5077/5077/5077 5011/5011/5011 5076/5076/5076 
f 5546/5546/5546 5066/5066/5066 5064/5064/5064 
f 5080/5080/5080 5547/5547/5547 5079/5079/5079 
f 5190/5190/5190 5191/5191/5191 5212/5212/5212 
f 4948/4948/4948 4965/4965/4965 5306/5306/5306 
f 5426/5426/5426 5427/5427/5427 4961/4961/4961 
f 5392/5392/5392 5057/5057/5057 5391/5391/5391 
f 5026/5026/5026 5372/5372/5372 5025/5025/5025 
f 5548/5548/5548 5400/5400/5400 5198/5198/5198 
f 5308/5308/5308 5126/5126/5126 5093/5093/5093 
f 5542/5542/5542 5543/5543/5543 4975/4975/4975 
f 4962/4962/4962 5341/5341/5341 5549/5549/5549 
f 4941/4941/4941 5107/5107/5107 5542/5542/5542 
f 4976/4976/4976 4941/4941/4941 5542/5542/5542 
f 5136/5136/5136 4949/4949/4949 5220/5220/5220 
f 5261/5261/5261 5262/5262/5262 5375/5375/5375 
f 5262/5262/5262 5550/5550/5550 5375/5375/5375 
f 5008/5008/5008 5384/5384/5384 5007/5007/5007 
f 5443/5443/5443 5464/5464/5464 5277/5277/5277 
f 5321/5321/5321 5322/5322/5322 5551/5551/5551 
f 5014/5014/5014 5552/5552/5552 5228/5228/5228 
f 5059/5059/5059 5189/5189/5189 5423/5423/5423 
f 5553/5553/5553 5426/5426/5426 5256/5256/5256 
f 5239/5239/5239 5209/5209/5209 5319/5319/5319 
f 5554/5554/5554 5443/5443/5443 5513/5513/5513 
f 4947/4947/4947 4962/4962/4962 4946/4946/4946 
f 5223/5223/5223 5555/5555/5555 5281/5281/5281 
f 5497/5497/5497 5556/5556/5556 5330/5330/5330 
f 5185/5185/5185 4997/4997/4997 4995/4995/4995 
f 5296/5296/5296 5382/5382/5382 5557/5557/5557 
f 5295/5295/5295 5296/5296/5296 5557/5557/5557 
f 5460/5460/5460 5295/5295/5295 5557/5557/5557 
f 5062/5062/5062 5092/5092/5092 5437/5437/5437 
f 5088/5088/5088 5062/5062/5062 5437/5437/5437 
f 5333/5333/5333 5283/5283/5283 5284/5284/5284 
f 5558/5558/5558 4953/4953/4953 5432/5432/5432 
f 4979/4979/4979 4978/4978/4978 5035/5035/5035 
f 5561/5561/5561 5560/5560/5560 5559/5559/5559 
f 5147/5147/5147 5185/5185/5185 4995/4995/4995 
f 5560/5560/5560 5552/5552/5552 5389/5389/5389 
f 5559/5559/5559 5560/5560/5560 5389/5389/5389 
f 5124/5124/5124 5122/5122/5122 5312/5312/5312 
f 5543/5543/5543 5186/5186/5186 5184/5184/5184 
f 5100/5100/5100 5362/5362/5362 5562/5562/5562 
f 5449/5449/5449 5564/5564/5564 5563/5563/5563 
f 5533/5533/5533 5167/5167/5167 5154/5154/5154 
f 5271/5271/5271 5213/5213/5213 5191/5191/5191 
f 5103/5103/5103 5172/5172/5172 5102/5102/5102 
f 5485/5485/5485 5449/5449/5449 5563/5563/5563 
f 5094/5094/5094 5062/5062/5062 5285/5285/5285 
f 5424/5424/5424 5566/5566/5566 5565/5565/5565 
f 5568/5568/5568 5530/5530/5530 5567/5567/5567 
f 5429/5429/5429 5386/5386/5386 5023/5023/5023 
f 5294/5294/5294 5292/5292/5292 5388/5388/5388 
f 5431/5431/5431 5009/5009/5009 5475/5475/5475 
f 5333/5333/5333 5019/5019/5019 5332/5332/5332 
f 5516/5516/5516 5317/5317/5317 5229/5229/5229 
f 5029/5029/5029 5142/5142/5142 5141/5141/5141 
f 5254/5254/5254 5252/5252/5252 5001/5001/5001 
f 5189/5189/5189 5539/5539/5539 5423/5423/5423 
f 5539/5539/5539 5350/5350/5350 5423/5423/5423 
f 5365/5365/5365 4959/4959/4959 4960/4960/4960 
f 5550/5550/5550 5553/5553/5553 5375/5375/5375 
f 5569/5569/5569 5558/5558/5558 5432/5432/5432 
f 5020/5020/5020 4990/4990/4990 5332/5332/5332 
f 5386/5386/5386 5429/5429/5429 5044/5044/5044 
f 5438/5438/5438 5386/5386/5386 5044/5044/5044 
f 5194/5194/5194 5301/5301/5301 5500/5500/5500 
f 5301/5301/5301 5478/5478/5478 5500/5500/5500 
f 5470/5470/5470 5204/5204/5204 5570/5570/5570 
f 5192/5192/5192 5528/5528/5528 5571/5571/5571 
f 5528/5528/5528 5140/5140/5140 5571/5571/5571 
f 5134/5134/5134 5404/5404/5404 5342/5342/5342 
f 5436/5436/5436 5384/5384/5384 4972/4972/4972 
f 5566/5566/5566 5572/5572/5572 5565/5565/5565 
f 5559/5559/5559 5389/5389/5389 5388/5388/5388 
f 5290/5290/5290 5200/5200/5200 5289/5289/5289 
f 5047/5047/5047 5137/5137/5137 5046/5046/5046 
f 4977/4977/4977 5185/5185/5185 5147/5147/5147 
f 5123/5123/5123 5303/5303/5303 5122/5122/5122 
f 5389/5389/5389 5552/5552/5552 5202/5202/5202 
f 5134/5134/5134 5342/5342/5342 5043/5043/5043 
f 5358/5358/5358 5021/5021/5021 5357/5357/5357 
f 5238/5238/5238 5008/5008/5008 5395/5395/5395 
f 5008/5008/5008 5509/5509/5509 5395/5395/5395 
f 4936/4936/4936 4987/4987/4987 4935/4935/4935 
f 5573/5573/5573 5540/5540/5540 5465/5465/5465 
f 5547/5547/5547 5491/5491/5491 5490/5490/5490 
f 5540/5540/5540 5467/5467/5467 5465/5465/5465 
f 5004/5004/5004 5175/5175/5175 5173/5173/5173 
f 5129/5129/5129 5130/5130/5130 5518/5518/5518 
f 5078/5078/5078 5211/5211/5211 5010/5010/5010 
f 5140/5140/5140 5528/5528/5528 5531/5531/5531 
f 5255/5255/5255 4961/4961/4961 4962/4962/4962 
f 5129/5129/5129 5538/5538/5538 5128/5128/5128 
f 5391/5391/5391 5418/5418/5418 5390/5390/5390 
f 5337/5337/5337 5575/5575/5575 5574/5574/5574 
f 5575/5575/5575 5187/5187/5187 5574/5574/5574 
f 5383/5383/5383 5222/5222/5222 5007/5007/5007 
f 5371/5371/5371 5416/5416/5416 5055/5055/5055 
f 5197/5197/5197 5275/5275/5275 5196/5196/5196 
f 5404/5404/5404 5134/5134/5134 5135/5135/5135 
f 5006/5006/5006 5404/5404/5404 5135/5135/5135 
f 5421/5421/5421 5151/5151/5151 5420/5420/5420 
f 5016/5016/5016 5131/5131/5131 5532/5532/5532 
f 5049/5049/5049 5359/5359/5359 5048/5048/5048 
f 5468/5468/5468 5415/5415/5415 5111/5111/5111 
f 5469/5469/5469 5470/5470/5470 5521/5521/5521 
f 5349/5349/5349 4982/4982/4982 5116/5116/5116 
f 5348/5348/5348 5349/5349/5349 5116/5116/5116 
f 5329/5329/5329 5577/5577/5577 5576/5576/5576 
f 5186/5186/5186 5575/5575/5575 5184/5184/5184 
f 5002/5002/5002 5254/5254/5254 5001/5001/5001 
f 5550/5550/5550 5262/5262/5262 5578/5578/5578 
f 5520/5520/5520 5568/5568/5568 5519/5519/5519 
f 5110/5110/5110 5188/5188/5188 5186/5186/5186 
f 5072/5072/5072 5070/5070/5070 5579/5579/5579 
f 5165/5165/5165 5410/5410/5410 5108/5108/5108 
f 5427/5427/5427 5205/5205/5205 4961/4961/4961 
f 5219/5219/5219 5417/5417/5417 5453/5453/5453 
f 5536/5536/5536 5401/5401/5401 5399/5399/5399 
f 5386/5386/5386 5289/5289/5289 5023/5023/5023 
f 5508/5508/5508 5242/5242/5242 5288/5288/5288 
f 5118/5118/5118 5477/5477/5477 5128/5128/5128 
f 5262/5262/5262 5580/5580/5580 5578/5578/5578 
f 4944/4944/4944 4945/4945/4945 5581/5581/5581 
f 5445/5445/5445 5582/5582/5582 5444/5444/5444 
f 5258/5258/5258 5201/5201/5201 5306/5306/5306 
f 5344/5344/5344 4991/4991/4991 4989/4989/4989 
f 5003/5003/5003 5138/5138/5138 5002/5002/5002 
f 5138/5138/5138 5085/5085/5085 5002/5002/5002 
f 5468/5468/5468 5568/5568/5568 5583/5583/5583 
f 5076/5076/5076 5508/5508/5508 5253/5253/5253 
f 5137/5137/5137 5138/5138/5138 5223/5223/5223 
f 5367/5367/5367 5120/5120/5120 5310/5310/5310 
f 5462/5462/5462 5511/5511/5511 5461/5461/5461 
f 5009/5009/5009 5222/5222/5222 5584/5584/5584 
f 5554/5554/5554 5513/5513/5513 5585/5585/5585 
f 5513/5513/5513 5489/5489/5489 5585/5585/5585 
f 5129/5129/5129 5364/5364/5364 5538/5538/5538 
f 5364/5364/5364 5350/5350/5350 5538/5538/5538 
f 5293/5293/5293 5241/5241/5241 5161/5161/5161 
f 5219/5219/5219 5155/5155/5155 5417/5417/5417 
f 5464/5464/5464 5443/5443/5443 5554/5554/5554 
f 5321/5321/5321 5464/5464/5464 5554/5554/5554 
f 5305/5305/5305 5290/5290/5290 5325/5325/5325 
f 5086/5086/5086 5546/5546/5546 5064/5064/5064 
f 5449/5449/5449 5485/5485/5485 5448/5448/5448 
f 5149/5149/5149 5556/5556/5556 5148/5148/5148 
f 5556/5556/5556 5163/5163/5163 5148/5148/5148 
f 5514/5514/5514 4939/4939/4939 4937/4937/4937 
f 4939/4939/4939 5443/5443/5443 5276/5276/5276 
f 5187/5187/5187 5575/5575/5575 5186/5186/5186 
f 4987/4987/4987 5005/5005/5005 5400/5400/5400 
f 5393/5393/5393 5394/5394/5394 5490/5490/5490 
f 4947/4947/4947 5306/5306/5306 5340/5340/5340 
f 5228/5228/5228 5308/5308/5308 5013/5013/5013 
f 4954/4954/4954 5394/5394/5394 5246/5246/5246 
f 4953/4953/4953 4954/4954/4954 5246/5246/5246 
f 5522/5522/5522 5470/5470/5470 5580/5580/5580 
f 5570/5570/5570 5427/5427/5427 5425/5425/5425 
f 5263/5263/5263 4948/4948/4948 4946/4946/4946 
f 5530/5530/5530 5568/5568/5568 5520/5520/5520 
f 5258/5258/5258 4965/4965/4965 4966/4966/4966 
f 5426/5426/5426 5553/5553/5553 5425/5425/5425 
f 5184/5184/5184 5575/5575/5575 5183/5183/5183 
f 5547/5547/5547 5080/5080/5080 5061/5061/5061 
f 5405/5405/5405 5431/5431/5431 5474/5474/5474 
f 5089/5089/5089 5090/5090/5090 5315/5315/5315 
f 5586/5586/5586 5187/5187/5187 5188/5188/5188 
f 5172/5172/5172 5060/5060/5060 5230/5230/5230 
f 5211/5211/5211 5323/5323/5323 5105/5105/5105 
f 5275/5275/5275 5197/5197/5197 5442/5442/5442 
f 5131/5131/5131 5132/5132/5132 5142/5142/5142 
f 4951/4951/4951 5256/5256/5256 5037/5037/5037 
f 5178/5178/5178 4964/4964/4964 5571/5571/5571 
f 4939/4939/4939 5514/5514/5514 5513/5513/5513 
f 5443/5443/5443 4939/4939/4939 5513/5513/5513 
f 4950/4950/4950 5099/5099/5099 4949/4949/4949 
f 5251/5251/5251 5529/5529/5529 5050/5050/5050 
f 5587/5587/5587 5315/5315/5315 5314/5314/5314 
f 5129/5129/5129 5588/5588/5588 5364/5364/5364 
f 5542/5542/5542 5107/5107/5107 5409/5409/5409 
f 4982/4982/4982 5349/5349/5349 4981/4981/4981 
f 5356/5356/5356 5589/5589/5589 5461/5461/5461 
f 5262/5262/5262 5260/5260/5260 5377/5377/5377 
f 5588/5588/5588 4988/4988/4988 4981/4981/4981 
f 5364/5364/5364 5588/5588/5588 4981/4981/4981 
f 5590/5590/5590 5418/5418/5418 5511/5511/5511 
f 5486/5486/5486 5582/5582/5582 5485/5485/5485 
f 5515/5515/5515 5041/5041/5041 5281/5281/5281 
f 5345/5345/5345 5181/5181/5181 5179/5179/5179 
f 5505/5505/5505 5221/5221/5221 5421/5421/5421 
f 5170/5170/5170 5591/5591/5591 5541/5541/5541 
f 5119/5119/5119 5478/5478/5478 5521/5521/5521 
f 5478/5478/5478 5469/5469/5469 5521/5521/5521 
f 5236/5236/5236 5077/5077/5077 5075/5075/5075 
f 5592/5592/5592 5494/5494/5494 5519/5519/5519 
f 5378/5378/5378 4938/4938/4938 5537/5537/5537 
f 5020/5020/5020 5018/5018/5018 5231/5231/5231 
f 5194/5194/5194 5298/5298/5298 5300/5300/5300 
f 5144/5144/5144 5433/5433/5433 5593/5593/5593 
f 5433/5433/5433 5594/5594/5594 5593/5593/5593 
f 5352/5352/5352 5351/5351/5351 5524/5524/5524 
f 5351/5351/5351 5091/5091/5091 5524/5524/5524 
f 5109/5109/5109 5107/5107/5107 5237/5237/5237 
f 5165/5165/5165 5109/5109/5109 5237/5237/5237 
f 5318/5318/5318 4942/4942/4942 4940/4940/4940 
f 5164/5164/5164 5318/5318/5318 4940/4940/4940 
f 5166/5166/5166 5164/5164/5164 4940/4940/4940 
f 5589/5589/5589 5356/5356/5356 5354/5354/5354 
f 5452/5452/5452 5371/5371/5371 5056/5056/5056 
f 5466/5466/5466 5021/5021/5021 5358/5358/5358 
f 5592/5592/5592 5177/5177/5177 5176/5176/5176 
f 5438/5438/5438 5592/5592/5592 5176/5176/5176 
f 4988/4988/4988 5588/5588/5588 5537/5537/5537 
f 5276/5276/5276 4988/4988/4988 5537/5537/5537 
f 4938/4938/4938 5276/5276/5276 5537/5537/5537 
f 4945/4945/4945 5267/5267/5267 5280/5280/5280 
f 5589/5589/5589 5463/5463/5463 5461/5461/5461 
f 5482/5482/5482 5512/5512/5512 5585/5585/5585 
f 5215/5215/5215 5596/5596/5596 5595/5595/5595 
f 5361/5361/5361 5216/5216/5216 5360/5360/5360 
f 5118/5118/5118 5119/5119/5119 5477/5477/5477 
f 5261/5261/5261 5375/5375/5375 5373/5373/5373 
f 5362/5362/5362 5597/5597/5597 5562/5562/5562 
f 5045/5045/5045 5041/5041/5041 5039/5039/5039 
f 5297/5297/5297 5399/5399/5399 5598/5598/5598 
f 5399/5399/5399 5401/5401/5401 5598/5598/5598 
f 5401/5401/5401 5236/5236/5236 5598/5598/5598 
f 5087/5087/5087 5437/5437/5437 5599/5599/5599 
f 5306/5306/5306 5074/5074/5074 5012/5012/5012 
f 5243/5243/5243 5244/5244/5244 5299/5299/5299 
f 5346/5346/5346 5152/5152/5152 5523/5523/5523 
f 5096/5096/5096 5274/5274/5274 5334/5334/5334 
f 5344/5344/5344 5600/5600/5600 5343/5343/5343 
f 5600/5600/5600 5025/5025/5025 5343/5343/5343 
f 4944/4944/4944 5581/5581/5581 5463/5463/5463 
f 5581/5581/5581 5462/5462/5462 5463/5463/5463 
f 5108/5108/5108 5410/5410/5410 5479/5479/5479 
f 5410/5410/5410 5361/5361/5361 5479/5479/5479 
f 5126/5126/5126 5308/5308/5308 5228/5228/5228 
f 5021/5021/5021 5527/5527/5527 5357/5357/5357 
f 4976/4976/4976 5542/5542/5542 4975/4975/4975 
f 5094/5094/5094 5286/5286/5286 5093/5093/5093 
f 5307/5307/5307 5308/5308/5308 5458/5458/5458 
f 5381/5381/5381 5266/5266/5266 4943/4943/4943 
f 5412/5412/5412 5510/5510/5510 5524/5524/5524 
f 5088/5088/5088 5211/5211/5211 5105/5105/5105 
f 5591/5591/5591 5170/5170/5170 5168/5168/5168 
f 5226/5226/5226 5060/5060/5060 5058/5058/5058 
f 5483/5483/5483 5424/5424/5424 5565/5565/5565 
f 5070/5070/5070 5081/5081/5081 5579/5579/5579 
f 5081/5081/5081 5413/5413/5413 5579/5579/5579 
f 4935/4935/4935 5316/5316/5316 4934/4934/4934 
f 5316/5316/5316 5322/5322/5322 4934/4934/4934 
f 5163/5163/5163 5164/5164/5164 5148/5148/5148 
f 5601/5601/5601 5234/5234/5234 5473/5473/5473 
f 4980/4980/4980 5277/5277/5277 5338/5338/5338 
f 5152/5152/5152 5024/5024/5024 5151/5151/5151 
f 5291/5291/5291 5259/5259/5259 5257/5257/5257 
f 5314/5314/5314 5271/5271/5271 5411/5411/5411 
f 5271/5271/5271 5191/5191/5191 5411/5411/5411 
f 5602/5602/5602 5587/5587/5587 5206/5206/5206 
f 5378/5378/5378 5518/5518/5518 5476/5476/5476 
f 5132/5132/5132 5017/5017/5017 5328/5328/5328 
f 5170/5170/5170 4957/4957/4957 5169/5169/5169 
f 5058/5058/5058 5059/5059/5059 5423/5423/5423 
f 5348/5348/5348 5058/5058/5058 5423/5423/5423 
f 5603/5603/5603 5424/5424/5424 5218/5218/5218 
f 5182/5182/5182 5451/5451/5451 4983/4983/4983 
f 5451/5451/5451 5452/5452/5452 4983/4983/4983 
f 5492/5492/5492 5493/5493/5493 5063/5063/5063 
f 5413/5413/5413 5492/5492/5492 5063/5063/5063 
f 5300/5300/5300 5298/5298/5298 4965/4965/4965 
f 5267/5267/5267 5268/5268/5268 5287/5287/5287 
f 4948/4948/4948 5243/5243/5243 4965/4965/4965 
f 5140/5140/5140 5047/5047/5047 5571/5571/5571 
f 5508/5508/5508 5288/5288/5288 5507/5507/5507 
f 5307/5307/5307 5458/5458/5458 4963/4963/4963 
f 5458/5458/5458 5387/5387/5387 4963/4963/4963 
f 5478/5478/5478 5119/5119/5119 5500/5500/5500 
f 5570/5570/5570 5204/5204/5204 5427/5427/5427 
f 5313/5313/5313 5482/5482/5482 5175/5175/5175 
f 5589/5589/5589 4944/4944/4944 5463/5463/5463 
f 5317/5317/5317 5460/5460/5460 5502/5502/5502 
f 5316/5316/5316 5317/5317/5317 5502/5502/5502 
f 5322/5322/5322 5316/5316/5316 5502/5502/5502 
f 5243/5243/5243 4948/4948/4948 5263/5263/5263 
f 5255/5255/5255 5426/5426/5426 4961/4961/4961 
f 5047/5047/5047 5178/5178/5178 5571/5571/5571 
f 5417/5417/5417 5590/5590/5590 5453/5453/5453 
f 5510/5510/5510 5412/5412/5412 5265/5265/5265 
f 5250/5250/5250 5326/5326/5326 5324/5324/5324 
f 5313/5313/5313 4936/4936/4936 4934/4934/4934 
f 4988/4988/4988 5277/5277/5277 4980/4980/4980 
f 5434/5434/5434 5193/5193/5193 5117/5117/5117 
f 5375/5375/5375 5553/5553/5553 5374/5374/5374 
f 5365/5365/5365 5439/5439/5439 5053/5053/5053 
f 5478/5478/5478 5244/5244/5244 5469/5469/5469 
f 5387/5387/5387 5286/5286/5286 5334/5334/5334 
f 5274/5274/5274 5387/5387/5387 5334/5334/5334 
f 5393/5393/5393 5540/5540/5540 5245/5245/5245 
f 5545/5545/5545 5555/5555/5555 5003/5003/5003 
f 5451/5451/5451 5179/5179/5179 5450/5450/5450 
f 5469/5469/5469 5244/5244/5244 5203/5203/5203 
f 5204/5204/5204 5469/5469/5469 5203/5203/5203 
f 5428/5428/5428 5471/5471/5471 4967/4967/4967 
f 5471/5471/5471 5457/5457/5457 4967/4967/4967 
f 5526/5526/5526 5323/5323/5323 5541/5541/5541 
f 5387/5387/5387 4971/4971/4971 4963/4963/4963 
f 5500/5500/5500 5119/5119/5119 5117/5117/5117 
f 5193/5193/5193 5500/5500/5500 5117/5117/5117 
f 5374/5374/5374 5553/5553/5553 5256/5256/5256 
f 4951/4951/4951 5374/5374/5374 5256/5256/5256 
f 5426/5426/5426 5255/5255/5255 5256/5256/5256 
f 5255/5255/5255 5036/5036/5036 5037/5037/5037 
f 5175/5175/5175 5489/5489/5489 5509/5509/5509 
f 5489/5489/5489 5514/5514/5514 5509/5509/5509 
f 4937/4937/4937 5396/5396/5396 5395/5395/5395 
f 5514/5514/5514 4937/4937/4937 5395/5395/5395 
f 5509/5509/5509 5514/5514/5514 5395/5395/5395 
f 5480/5480/5480 5110/5110/5110 5108/5108/5108 
f 5335/5335/5335 4997/4997/4997 5183/5183/5183 
f 5058/5058/5058 5348/5348/5348 5225/5225/5225 
f 5538/5538/5538 5594/5594/5594 5128/5128/5128 
f 5317/5317/5317 5516/5516/5516 5459/5459/5459 
f 5604/5604/5604 5501/5501/5501 4959/4959/4959 
f 5366/5366/5366 5604/5604/5604 4959/4959/4959 
f 5132/5132/5132 5097/5097/5097 5142/5142/5142 
f 5003/5003/5003 5555/5555/5555 5223/5223/5223 
f 5138/5138/5138 5003/5003/5003 5223/5223/5223 
f 5413/5413/5413 5080/5080/5080 5579/5579/5579 
f 5508/5508/5508 5076/5076/5076 5160/5160/5160 
f 5577/5577/5577 4996/4996/4996 5576/5576/5576 
f 5581/5581/5581 4945/4945/4945 5278/5278/5278 
f 4945/4945/4945 5280/5280/5280 5278/5278/5278 
f 4990/4990/4990 5239/5239/5239 5283/5283/5283 
f 5347/5347/5347 5134/5134/5134 5043/5043/5043 
f 5587/5587/5587 5602/5602/5602 5315/5315/5315 
f 5172/5172/5172 5230/5230/5230 5102/5102/5102 
f 5117/5117/5117 5118/5118/5118 5433/5433/5433 
f 5510/5510/5510 5144/5144/5144 5419/5419/5419 
f 5582/5582/5582 5486/5486/5486 5444/5444/5444 
f 5110/5110/5110 5480/5480/5480 5188/5188/5188 
f 5165/5165/5165 5237/5237/5237 5436/5436/5436 
f 5054/5054/5054 5120/5120/5120 5457/5457/5457 
f 5605/5605/5605 5515/5515/5515 5281/5281/5281 
f 5555/5555/5555 5605/5605/5605 5281/5281/5281 
f 5103/5103/5103 5352/5352/5352 5419/5419/5419 
f 5352/5352/5352 5510/5510/5510 5419/5419/5419 
f 5100/5100/5100 5480/5480/5480 5479/5479/5479 
f 5362/5362/5362 5100/5100/5100 5479/5479/5479 
f 5361/5361/5361 5362/5362/5362 5479/5479/5479 
f 5200/5200/5200 5363/5363/5363 5022/5022/5022 
f 5307/5307/5307 5606/5606/5606 5013/5013/5013 
f 5526/5526/5526 5540/5540/5540 5393/5393/5393 
f 5491/5491/5491 5526/5526/5526 5393/5393/5393 
f 5536/5536/5536 5441/5441/5441 5447/5447/5447 
f 5035/5035/5035 4978/4978/4978 5607/5607/5607 
f 5292/5292/5292 5559/5559/5559 5388/5388/5388 
f 5273/5273/5273 5274/5274/5274 5328/5328/5328 
f 5608/5608/5608 5273/5273/5273 5328/5328/5328 
f 5017/5017/5017 5608/5608/5608 5328/5328/5328 
f 5169/5169/5169 4957/4957/4957 4955/4955/4955 
f 5440/5440/5440 5169/5169/5169 4955/4955/4955 
f 5590/5590/5590 5455/5455/5455 5453/5453/5453 
f 5196/5196/5196 5026/5026/5026 5195/5195/5195 
f 5166/5166/5166 4977/4977/4977 5147/5147/5147 
f 5260/5260/5260 5504/5504/5504 5377/5377/5377 
f 5339/5339/5339 4982/4982/4982 4980/4980/4980 
f 5464/5464/5464 5321/5321/5321 5551/5551/5551 
f 4934/4934/4934 5322/5322/5322 5320/5320/5320 
f 5232/5232/5232 5027/5027/5027 5025/5025/5025 
f 5600/5600/5600 5232/5232/5232 5025/5025/5025 
f 5181/5181/5181 5345/5345/5345 5343/5343/5343 
f 5372/5372/5372 5181/5181/5181 5343/5343/5343 
f 5025/5025/5025 5372/5372/5372 5343/5343/5343 
f 5046/5046/5046 5041/5041/5041 5045/5045/5045 
f 5471/5471/5471 5366/5366/5366 5053/5053/5053 
f 5054/5054/5054 5471/5471/5471 5053/5053/5053 
f 5609/5609/5609 5180/5180/5180 5496/5496/5496 
f 5559/5559/5559 5292/5292/5292 5546/5546/5546 
f 5085/5085/5085 5254/5254/5254 5002/5002/5002 
f 5568/5568/5568 5567/5567/5567 5583/5583/5583 
f 5567/5567/5567 5506/5506/5506 5583/5583/5583 
f 5456/5456/5456 5290/5290/5290 5156/5156/5156 
f 5206/5206/5206 5207/5207/5207 5448/5448/5448 
f 5222/5222/5222 4942/4942/4942 5584/5584/5584 
f 5606/5606/5606 5307/5307/5307 4933/4933/4933 
f 5077/5077/5077 5447/5447/5447 5146/5146/5146 
f 5057/5057/5057 5392/5392/5392 5069/5069/5069 
f 5120/5120/5120 5297/5297/5297 5310/5310/5310 
f 4984/4984/4984 5239/5239/5239 4991/4991/4991 
f 5101/5101/5101 5586/5586/5586 5188/5188/5188 
f 5480/5480/5480 5101/5101/5101 5188/5188/5188 
f 5104/5104/5104 5352/5352/5352 5103/5103/5103 
f 5171/5171/5171 5172/5172/5172 5103/5103/5103 
f 4990/4990/4990 5020/5020/5020 4989/4989/4989 
f 5233/5233/5233 5587/5587/5587 5314/5314/5314 
f 5215/5215/5215 5595/5595/5595 5214/5214/5214 
f 5403/5403/5403 5257/5257/5257 5040/5040/5040 
f 5418/5418/5418 5590/5590/5590 5417/5417/5417 
f 5455/5455/5455 5610/5610/5610 5454/5454/5454 
f 4996/4996/4996 5149/5149/5149 4995/4995/4995 
f 5187/5187/5187 5586/5586/5586 5574/5574/5574 
f 5586/5586/5586 5529/5529/5529 5574/5574/5574 
f 5264/5264/5264 5145/5145/5145 5143/5143/5143 
f 4969/4969/4969 5398/5398/5398 5397/5397/5397 
f 4968/4968/4968 4969/4969/4969 5073/5073/5073 
f 5226/5226/5226 5304/5304/5304 5302/5302/5302 
f 5060/5060/5060 5226/5226/5226 5302/5302/5302 
f 5366/5366/5366 5471/5471/5471 5428/5428/5428 
f 5604/5604/5604 5366/5366/5366 5428/5428/5428 
f 5501/5501/5501 5604/5604/5604 5428/5428/5428 
f 5036/5036/5036 5255/5255/5255 4962/4962/4962 
f 5167/5167/5167 5209/5209/5209 5069/5069/5069 
f 4947/4947/4947 5341/5341/5341 4962/4962/4962 
f 5541/5541/5541 5591/5591/5591 5467/5467/5467 
f 5070/5070/5070 4954/4954/4954 4952/4952/4952 
f 4937/4937/4937 4938/4938/4938 5376/5376/5376 
f 5396/5396/5396 4937/4937/4937 5376/5376/5376 
f 5216/5216/5216 5361/5361/5361 5370/5370/5370 
f 4994/4994/4994 5016/5016/5016 5068/5068/5068 
f 5600/5600/5600 5344/5344/5344 4989/4989/4989 
f 5217/5217/5217 5104/5104/5104 5312/5312/5312 
f 5213/5213/5213 5217/5217/5217 5312/5312/5312 
f 5122/5122/5122 5213/5213/5213 5312/5312/5312 
f 5293/5293/5293 5066/5066/5066 5292/5292/5292 
f 5291/5291/5291 5294/5294/5294 5388/5388/5388 
f 5227/5227/5227 5291/5291/5291 5388/5388/5388 
f 5398/5398/5398 4969/4969/4969 4967/4967/4967 
f 5457/5457/5457 5398/5398/5398 4967/4967/4967 
f 5541/5541/5541 5323/5323/5323 5210/5210/5210 
f 5170/5170/5170 5541/5541/5541 5210/5210/5210 
f 4957/4957/4957 5170/5170/5170 5210/5210/5210 
f 5381/5381/5381 5544/5544/5544 5326/5326/5326 
f 5250/5250/5250 5381/5381/5381 5326/5326/5326 
f 5424/5424/5424 5534/5534/5534 5385/5385/5385 
f 5610/5610/5610 5455/5455/5455 5472/5472/5472 
f 5272/5272/5272 5275/5275/5275 5496/5496/5496 
f 5339/5339/5339 5535/5535/5535 5495/5495/5495 
f 5439/5439/5439 5440/5440/5440 5052/5052/5052 
f 5053/5053/5053 5439/5439/5439 5052/5052/5052 
f 5552/5552/5552 5014/5014/5014 5202/5202/5202 
f 5552/5552/5552 5560/5560/5560 5125/5125/5125 
f 5228/5228/5228 5552/5552/5552 5125/5125/5125 
f 5126/5126/5126 5228/5228/5228 5125/5125/5125 
f 5336/5336/5336 5337/5337/5337 5529/5529/5529 
f 5091/5091/5091 5412/5412/5412 5524/5524/5524 
f 5586/5586/5586 5101/5101/5101 5050/5050/5050 
f 5529/5529/5529 5586/5586/5586 5050/5050/5050 
f 5251/5251/5251 5527/5527/5527 5498/5498/5498 
f 5336/5336/5336 5251/5251/5251 5498/5498/5498 
f 5345/5345/5345 5451/5451/5451 5182/5182/5182 
f 5336/5336/5336 5397/5397/5397 5335/5335/5335 
f 5397/5397/5397 5368/5368/5368 5335/5335/5335 
f 5024/5024/5024 5429/5429/5429 5023/5023/5023 
f 5174/5174/5174 5509/5509/5509 5430/5430/5430 
f 5475/5475/5475 5009/5009/5009 5520/5520/5520 
f 5498/5498/5498 5527/5527/5527 5073/5073/5073 
f 4969/4969/4969 5498/5498/5498 5073/5073/5073 
f 5527/5527/5527 5251/5251/5251 5048/5048/5048 
f 5260/5260/5260 5261/5261/5261 5220/5220/5220 
f 5504/5504/5504 5260/5260/5260 5220/5220/5220 
f 5098/5098/5098 5504/5504/5504 5220/5220/5220 
f 5185/5185/5185 4977/4977/4977 4975/4975/4975 
f 5169/5169/5169 5439/5439/5439 5168/5168/5168 
f 5062/5062/5062 5094/5094/5094 5092/5092/5092 
f 5084/5084/5084 5435/5435/5435 5083/5083/5083 
f 5323/5323/5323 5491/5491/5491 5105/5105/5105 
f 5109/5109/5109 5110/5110/5110 5409/5409/5409 
f 5489/5489/5489 5482/5482/5482 5585/5585/5585 
f 5539/5539/5539 5594/5594/5594 5538/5538/5538 
f 5318/5318/5318 5530/5530/5530 5584/5584/5584 
f 4942/4942/4942 5318/5318/5318 5584/5584/5584 
f 5521/5521/5521 5522/5522/5522 5477/5477/5477 
f 5119/5119/5119 5521/5521/5521 5477/5477/5477 
f 5071/5071/5071 4954/4954/4954 5070/5070/5070 
f 5006/5006/5006 5135/5135/5135 5005/5005/5005 
f 4987/4987/4987 4936/4936/4936 5005/5005/5005 
f 5496/5496/5496 5422/5422/5422 5420/5420/5420 
f 4936/4936/4936 5313/5313/5313 5004/5004/5004 
f 5405/5405/5405 5006/5006/5006 5173/5173/5173 
f 5219/5219/5219 5603/5603/5603 5218/5218/5218 
f 5310/5310/5310 5601/5601/5601 5309/5309/5309 
f 5601/5601/5601 5611/5611/5611 5309/5309/5309 
f 5163/5163/5163 5556/5556/5556 5497/5497/5497 
f 5506/5506/5506 5163/5163/5163 5497/5497/5497 
f 5408/5408/5408 5506/5506/5506 5497/5497/5497 
f 5545/5545/5545 5612/5612/5612 5288/5288/5288 
f 5555/5555/5555 5545/5545/5545 5240/5240/5240 
f 5605/5605/5605 5555/5555/5555 5240/5240/5240 
f 5241/5241/5241 5605/5605/5605 5240/5240/5240 
f 5104/5104/5104 5217/5217/5217 5351/5351/5351 
f 5452/5452/5452 5450/5450/5450 5487/5487/5487 
f 5329/5329/5329 5330/5330/5330 5577/5577/5577 
f 5451/5451/5451 5345/5345/5345 5179/5179/5179 
f 5370/5370/5370 4974/4974/4974 5067/5067/5067 
f 4974/4974/4974 4994/4994/4994 5067/5067/5067 
f 5270/5270/5270 5564/5564/5564 5449/5449/5449 
f 5207/5207/5207 5270/5270/5270 5449/5449/5449 
f 5304/5304/5304 5226/5226/5226 5224/5224/5224 
f 5517/5517/5517 5304/5304/5304 5224/5224/5224 
f 5294/5294/5294 5291/5291/5291 5403/5403/5403 
f 5291/5291/5291 5257/5257/5257 5403/5403/5403 
f 5424/5424/5424 5483/5483/5483 5284/5284/5284 
f 5036/5036/5036 4979/4979/4979 5035/5035/5035 
f 4993/4993/4993 4950/4950/4950 5035/5035/5035 
f 5306/5306/5306 5012/5012/5012 5340/5340/5340 
f 5012/5012/5012 5341/5341/5341 5340/5340/5340 
f 5608/5608/5608 5481/5481/5481 5248/5248/5248 
f 5273/5273/5273 5608/5608/5608 5248/5248/5248 
f 5573/5573/5573 5247/5247/5247 5245/5245/5245 
f 5540/5540/5540 5573/5573/5573 5245/5245/5245 
f 5567/5567/5567 5530/5530/5530 5162/5162/5162 
f 5506/5506/5506 5567/5567/5567 5162/5162/5162 
f 5066/5066/5066 5293/5293/5293 5161/5161/5161 
f 5311/5311/5311 5329/5329/5329 5576/5576/5576 
f 5592/5592/5592 5438/5438/5438 5042/5042/5042 
f 5494/5494/5494 5592/5592/5592 5042/5042/5042 
f 5342/5342/5342 5494/5494/5494 5042/5042/5042 
f 5193/5193/5193 5434/5434/5434 5528/5528/5528 
f 5594/5594/5594 5539/5539/5539 5593/5593/5593 
f 5539/5539/5539 5189/5189/5189 5593/5593/5593 
f 5434/5434/5434 5435/5435/5435 5531/5531/5531 
f 5528/5528/5528 5434/5434/5434 5531/5531/5531 
f 5516/5516/5516 5327/5327/5327 5505/5505/5505 
f 5044/5044/5044 5429/5429/5429 5346/5346/5346 
f 5237/5237/5237 5383/5383/5383 5436/5436/5436 
f 5383/5383/5383 5384/5384/5384 5436/5436/5436 
f 5535/5535/5535 5503/5503/5503 5613/5613/5613 
f 5503/5503/5503 5557/5557/5557 5613/5613/5613 
f 5569/5569/5569 5360/5360/5360 5214/5214/5214 
f 5557/5557/5557 5517/5517/5517 5613/5613/5613 
f 5517/5517/5517 5224/5224/5224 5613/5613/5613 
f 5368/5368/5368 5398/5398/5398 5367/5367/5367 
f 5157/5157/5157 5177/5177/5177 5353/5353/5353 
f 5177/5177/5177 5112/5112/5112 5353/5353/5353 
f 5030/5030/5030 5596/5596/5596 5414/5414/5414 
f 5029/5029/5029 5030/5030/5030 5414/5414/5414 
f 5142/5142/5142 5029/5029/5029 5414/5414/5414 
f 5447/5447/5447 5441/5441/5441 5499/5499/5499 
f 5057/5057/5057 4985/4985/4985 5056/5056/5056 
f 4985/4985/4985 4983/4983/4983 5056/5056/5056 
f 4983/4983/4983 5452/5452/5452 5056/5056/5056 
f 5259/5259/5259 5227/5227/5227 5201/5201/5201 
f 5258/5258/5258 5259/5259/5259 5201/5201/5201 
f 5553/5553/5553 5550/5550/5550 5425/5425/5425 
f 4965/4965/4965 5298/5298/5298 4964/4964/4964 
f 5253/5253/5253 5507/5507/5507 5614/5614/5614 
f 5252/5252/5252 5253/5253/5253 5614/5614/5614 
f 5612/5612/5612 5252/5252/5252 5614/5614/5614 
f 5238/5238/5238 5099/5099/5099 5379/5379/5379 
f 5008/5008/5008 5238/5238/5238 5379/5379/5379 
f 4956/4956/4956 5078/5078/5078 5010/5010/5010 
f 4933/4933/4933 4931/4931/4931 5549/5549/5549 
f 4931/4931/4931 5036/5036/5036 5549/5549/5549 
f 5036/5036/5036 4962/4962/4962 5549/5549/5549 
f 5136/5136/5136 5261/5261/5261 5373/5373/5373 
f 5407/5407/5407 5331/5331/5331 5287/5287/5287 
f 5112/5112/5112 5113/5113/5113 5249/5249/5249 
f 5065/5065/5065 5066/5066/5066 5159/5159/5159 
f 5076/5076/5076 5065/5065/5065 5159/5159/5159 
f 5587/5587/5587 5233/5233/5233 5018/5018/5018 
f 5206/5206/5206 5587/5587/5587 5018/5018/5018 
f 5113/5113/5113 5268/5268/5268 5266/5266/5266 
f 5250/5250/5250 5113/5113/5113 5266/5266/5266 
f 5266/5266/5266 5267/5267/5267 4943/4943/4943 
f 5121/5121/5121 5052/5052/5052 5615/5615/5615 
f 5052/5052/5052 5440/5440/5440 5615/5615/5615 
f 5591/5591/5591 5466/5466/5466 5467/5467/5467 
f 5616/5616/5616 5596/5596/5596 5215/5215/5215 
f 5216/5216/5216 5616/5616/5616 5215/5215/5215 
f 5596/5596/5596 5030/5030/5030 5595/5595/5595 
f 5595/5595/5595 5030/5030/5030 5038/5038/5038 
f 5558/5558/5558 5595/5595/5595 5038/5038/5038 
f 4953/4953/4953 5558/5558/5558 5038/5038/5038 
f 4994/4994/4994 4992/4992/4992 5015/5015/5015 
f 5115/5115/5115 4982/4982/4982 5495/5495/5495 
f 5441/5441/5441 5536/5536/5536 5615/5615/5615 
f 5440/5440/5440 5441/5441/5441 5615/5615/5615 
f 5358/5358/5358 5573/5573/5573 5465/5465/5465 
f 5466/5466/5466 5358/5358/5358 5465/5465/5465 
f 5327/5327/5327 5516/5516/5516 5229/5229/5229 
f 5394/5394/5394 5071/5071/5071 5490/5490/5490 
f 4966/4966/4966 5178/5178/5178 5045/5045/5045 
f 5385/5385/5385 5533/5533/5533 5154/5154/5154 
f 5455/5455/5455 5473/5473/5473 5472/5472/5472 
f 5602/5602/5602 5206/5206/5206 5448/5448/5448 
f 5597/5597/5597 5569/5569/5569 5617/5617/5617 
f 5199/5199/5199 5347/5347/5347 5523/5523/5523 
f 5360/5360/5360 5216/5216/5216 5214/5214/5214 
f 5232/5232/5232 5233/5233/5233 5411/5411/5411 
f 5027/5027/5027 5232/5232/5232 5411/5411/5411 
f 5191/5191/5191 5027/5027/5027 5411/5411/5411 
f 5089/5089/5089 5445/5445/5445 5618/5618/5618 
f 5445/5445/5445 5446/5446/5446 5618/5618/5618 
f 5588/5588/5588 5129/5129/5129 5518/5518/5518 
f 5537/5537/5537 5588/5588/5588 5518/5518/5518 
f 4944/4944/4944 5589/5589/5589 5380/5380/5380 
f 4943/4943/4943 4944/4944/4944 5380/5380/5380 
f 5515/5515/5515 5605/5605/5605 5402/5402/5402 
f 5483/5483/5483 5033/5033/5033 5269/5269/5269 
f 5284/5284/5284 5483/5483/5483 5269/5269/5269 
f 5208/5208/5208 5284/5284/5284 5269/5269/5269 
f 5207/5207/5207 5208/5208/5208 5269/5269/5269 
f 5601/5601/5601 5511/5511/5511 5611/5611/5611 
f 5511/5511/5511 5462/5462/5462 5611/5611/5611 
f 5331/5331/5331 5279/5279/5279 5280/5280/5280 
f 5491/5491/5491 5547/5547/5547 5105/5105/5105 
f 5409/5409/5409 5110/5110/5110 5186/5186/5186 
f 5543/5543/5543 5409/5409/5409 5186/5186/5186 
f 5439/5439/5439 5365/5365/5365 5168/5168/5168 
f 5303/5303/5303 5382/5382/5382 5212/5212/5212 
f 5122/5122/5122 5303/5303/5303 5212/5212/5212 
f 5213/5213/5213 5122/5122/5122 5212/5212/5212 
f 5265/5265/5265 5619/5619/5619 5264/5264/5264 
f 5403/5403/5403 5515/5515/5515 5402/5402/5402 
f 5041/5041/5041 5515/5515/5515 5040/5040/5040 
f 5160/5160/5160 5076/5076/5076 5159/5159/5159 
f 4989/4989/4989 5020/5020/5020 5231/5231/5231 
f 5600/5600/5600 4989/4989/4989 5231/5231/5231 
f 5232/5232/5232 5600/5600/5600 5231/5231/5231 
f 5407/5407/5407 5287/5287/5287 5406/5406/5406 
f 5221/5221/5221 5327/5327/5327 4986/4986/4986 
f 5005/5005/5005 5135/5135/5135 5400/5400/5400 
f 4987/4987/4987 5548/5548/5548 4986/4986/4986 
f 5262/5262/5262 5522/5522/5522 5580/5580/5580 
f 5470/5470/5470 5570/5570/5570 5580/5580/5580 
f 5425/5425/5425 5550/5550/5550 5578/5578/5578 
f 5570/5570/5570 5425/5425/5425 5578/5578/5578 
f 5580/5580/5580 5570/5570/5570 5578/5578/5578 
f 5466/5466/5466 5591/5591/5591 4960/4960/4960 
f 5021/5021/5021 5466/5466/5466 4960/4960/4960 
f 4960/4960/4960 5591/5591/5591 5168/5168/5168 
f 5365/5365/5365 4960/4960/4960 5168/5168/5168 
f 4975/4975/4975 5543/5543/5543 5184/5184/5184 
f 5185/5185/5185 4975/4975/4975 5184/5184/5184 
f 5605/5605/5605 5241/5241/5241 5402/5402/5402 
f 5610/5610/5610 5424/5424/5424 5454/5454/5454 
f 5404/5404/5404 5405/5405/5405 5474/5474/5474 
f 5342/5342/5342 5404/5404/5404 5474/5474/5474 
f 5494/5494/5494 5342/5342/5342 5474/5474/5474 
f 5602/5602/5602 5582/5582/5582 5445/5445/5445 
f 5315/5315/5315 5602/5602/5602 5445/5445/5445 
f 5089/5089/5089 5315/5315/5315 5445/5445/5445 
f 5548/5548/5548 4987/4987/4987 5400/5400/5400 
f 5135/5135/5135 5133/5133/5133 5400/5400/5400 
f 4986/4986/4986 5548/5548/5548 5198/5198/5198 
f 5221/5221/5221 4986/4986/4986 5198/5198/5198 
f 5199/5199/5199 5221/5221/5221 5198/5198/5198 
f 5158/5158/5158 5438/5438/5438 5176/5176/5176 
f 5157/5157/5157 5158/5158/5158 5176/5176/5176 
f 5167/5167/5167 5069/5069/5069 5153/5153/5153 
f 5525/5525/5525 5456/5456/5456 5353/5353/5353 
f 5112/5112/5112 5525/5525/5525 5353/5353/5353 
f 5442/5442/5442 5197/5197/5197 5459/5459/5459 
f 5516/5516/5516 5442/5442/5442 5459/5459/5459 
f 5051/5051/5051 4993/4993/4993 5607/5607/5607 
f 4993/4993/4993 5035/5035/5035 5607/5607/5607 
f 5462/5462/5462 5581/5581/5581 5611/5611/5611 
f 5611/5611/5611 5581/5581/5581 5278/5278/5278 
f 5533/5533/5533 5534/5534/5534 5319/5319/5319 
f 5167/5167/5167 5533/5533/5533 5319/5319/5319 
f 5144/5144/5144 5435/5435/5435 5433/5433/5433 
f 5118/5118/5118 5594/5594/5594 5433/5433/5433 
f 5171/5171/5171 5144/5144/5144 5593/5593/5593 
f 5189/5189/5189 5171/5171/5171 5593/5593/5593 
f 5531/5531/5531 5435/5435/5435 5084/5084/5084 
f 5139/5139/5139 5531/5531/5531 5084/5084/5084 
f 5085/5085/5085 5139/5139/5139 5084/5084/5084 
f 5529/5529/5529 5337/5337/5337 5574/5574/5574 
f 5503/5503/5503 5460/5460/5460 5557/5557/5557 
f 5510/5510/5510 5265/5265/5265 5143/5143/5143 
f 5382/5382/5382 5517/5517/5517 5557/5557/5557 
f 5408/5408/5408 5468/5468/5468 5583/5583/5583 
f 5506/5506/5506 5408/5408/5408 5583/5583/5583 
f 5285/5285/5285 5062/5062/5062 5095/5095/5095 
f 5412/5412/5412 5618/5618/5618 5265/5265/5265 
f 5209/5209/5209 4985/4985/4985 5069/5069/5069 
f 5447/5447/5447 5499/5499/5499 5146/5146/5146 
f 5499/5499/5499 5011/5011/5011 5146/5146/5146 
f 4979/4979/4979 5036/5036/5036 4931/4931/4931 
f 5610/5610/5610 5235/5235/5235 5566/5566/5566 
f 5424/5424/5424 5610/5610/5610 5566/5566/5566 
f 4956/4956/4956 5011/5011/5011 5499/5499/5499 
f 4955/4955/4955 4956/4956/4956 5499/5499/5499 
f 5615/5615/5615 5536/5536/5536 5399/5399/5399 
f 5121/5121/5121 5615/5615/5615 5399/5399/5399 
f 5048/5048/5048 5359/5359/5359 5357/5357/5357 
f 5527/5527/5527 5048/5048/5048 5357/5357/5357 
f 5242/5242/5242 5508/5508/5508 5160/5160/5160 
f 5161/5161/5161 5242/5242/5242 5160/5160/5160 
f 5525/5525/5525 5112/5112/5112 5249/5249/5249 
f 5288/5288/5288 5612/5612/5612 5507/5507/5507 
f 5292/5292/5292 5066/5066/5066 5546/5546/5546 
f 5287/5287/5287 5268/5268/5268 5406/5406/5406 
f 5490/5490/5490 5071/5071/5071 5079/5079/5079 
f 5547/5547/5547 5490/5490/5490 5079/5079/5079 
f 5456/5456/5456 5525/5525/5525 5324/5324/5324 
f 5325/5325/5325 5456/5456/5456 5324/5324/5324 
f 5080/5080/5080 5072/5072/5072 5579/5579/5579 
f 5250/5250/5250 5324/5324/5324 5249/5249/5249 
f 5535/5535/5535 5339/5339/5339 5551/5551/5551 
f 5503/5503/5503 5535/5535/5535 5551/5551/5551 
f 5502/5502/5502 5503/5503/5503 5551/5551/5551 
f 5322/5322/5322 5502/5502/5502 5551/5551/5551 
f 5551/5551/5551 5339/5339/5339 5338/5338/5338 
f 5464/5464/5464 5551/5551/5551 5338/5338/5338 
f 5034/5034/5034 5076/5076/5076 5253/5253/5253 
f 4999/4999/4999 5034/5034/5034 5253/5253/5253 
f 5254/5254/5254 4999/4999/4999 5253/5253/5253 
f 5406/5406/5406 5268/5268/5268 5415/5415/5415 
f 5468/5468/5468 5406/5406/5406 5415/5415/5415 
f 5501/5501/5501 4968/4968/4968 4958/4958/4958 
f 4959/4959/4959 5501/5501/5501 4958/4958/4958 
f 5199/5199/5199 5523/5523/5523 5150/5150/5150 
f 5523/5523/5523 5152/5152/5152 5150/5150/5150 
f 5076/5076/5076 5034/5034/5034 5075/5075/5075 
f 5087/5087/5087 5561/5561/5561 5086/5086/5086 
f 5561/5561/5561 5559/5559/5559 5546/5546/5546 
f 5086/5086/5086 5561/5561/5561 5546/5546/5546 
f 5358/5358/5358 5562/5562/5562 5620/5620/5620 
f 5562/5562/5562 5597/5597/5597 5620/5620/5620 
f 5545/5545/5545 5003/5003/5003 5001/5001/5001 
f 5612/5612/5612 5545/5545/5545 5001/5001/5001 
f 5252/5252/5252 5612/5612/5612 5001/5001/5001 
f 5424/5424/5424 5603/5603/5603 5454/5454/5454 
f 5603/5603/5603 5219/5219/5219 5453/5453/5453 
f 5454/5454/5454 5603/5603/5603 5453/5453/5453 
f 5205/5205/5205 5263/5263/5263 4946/4946/4946 
f 4961/4961/4961 5205/5205/5205 4946/4946/4946 
f 4964/4964/4964 5192/5192/5192 5571/5571/5571 
f 4947/4947/4947 4948/4948/4948 5306/5306/5306 
f 5561/5561/5561 5087/5087/5087 5599/5599/5599 
f 4999/4999/4999 5032/5032/5032 4998/4998/4998 
f 5201/5201/5201 5074/5074/5074 5306/5306/5306 
f 5412/5412/5412 5089/5089/5089 5618/5618/5618 
f 5484/5484/5484 5619/5619/5619 5265/5265/5265 
f 5486/5486/5486 5484/5484/5484 5265/5265/5265 
f 5444/5444/5444 5486/5486/5486 5265/5265/5265 
f 5446/5446/5446 5444/5444/5444 5265/5265/5265 
f 5618/5618/5618 5446/5446/5446 5265/5265/5265 
f 5413/5413/5413 5082/5082/5082 5492/5492/5492 
f 5493/5493/5493 5097/5097/5097 5095/5095/5095 
f 5141/5141/5141 5097/5097/5097 5493/5493/5493 
f 5334/5334/5334 5285/5285/5285 5095/5095/5095 
f 5096/5096/5096 5334/5334/5334 5095/5095/5095 
f 5082/5082/5082 5141/5141/5141 5492/5492/5492 
f 5083/5083/5083 5145/5145/5145 5031/5031/5031 
f 5145/5145/5145 5564/5564/5564 5031/5031/5031 
f 5095/5095/5095 5062/5062/5062 5063/5063/5063 
f 5493/5493/5493 5095/5095/5095 5063/5063/5063 
f 5032/5032/5032 5254/5254/5254 5083/5083/5083 
f 5236/5236/5236 5075/5075/5075 5572/5572/5572 
f 5235/5235/5235 5236/5236/5236 5572/5572/5572 
f 5435/5435/5435 5145/5145/5145 5083/5083/5083 
f 5092/5092/5092 5127/5127/5127 5437/5437/5437 
f 5293/5293/5293 5294/5294/5294 5402/5402/5402 
f 5368/5368/5368 5369/5369/5369 4997/4997/4997 
f 5335/5335/5335 5368/5368/5368 4997/4997/4997 
f 5566/5566/5566 5235/5235/5235 5572/5572/5572 
f 5270/5270/5270 5033/5033/5033 5031/5031/5031 
f 5564/5564/5564 5270/5270/5270 5031/5031/5031 
f 5105/5105/5105 5547/5547/5547 5061/5061/5061 
f 5568/5568/5568 5468/5468/5468 5111/5111/5111 
f 5076/5076/5076 5011/5011/5011 5010/5010/5010 
f 5065/5065/5065 5076/5076/5076 5010/5010/5010 
f 5597/5597/5597 5617/5617/5617 5620/5620/5620 
f 5088/5088/5088 5086/5086/5086 5010/5010/5010 
f 5211/5211/5211 5088/5088/5088 5010/5010/5010 
f 5379/5379/5379 4974/4974/4974 4972/4972/4972 
f 5384/5384/5384 5379/5379/5379 4972/4972/4972 
f 5155/5155/5155 5392/5392/5392 5390/5390/5390 
f 5417/5417/5417 5155/5155/5155 5390/5390/5390 
f 5584/5584/5584 5530/5530/5530 5520/5520/5520 
f 5009/5009/5009 5584/5584/5584 5520/5520/5520 
f 5488/5488/5488 5024/5024/5024 5022/5022/5022 
f 5606/5606/5606 5341/5341/5341 5012/5012/5012 
f 5013/5013/5013 5606/5606/5606 5012/5012/5012 
f 5596/5596/5596 5616/5616/5616 5532/5532/5532 
f 5414/5414/5414 5596/5596/5596 5532/5532/5532 
f 5371/5371/5371 5452/5452/5452 5487/5487/5487 
f 4978/4978/4978 5248/5248/5248 5607/5607/5607 
f 5297/5297/5297 5601/5601/5601 5310/5310/5310 
f 5069/5069/5069 5392/5392/5392 5153/5153/5153 
f 5617/5617/5617 5569/5569/5569 5432/5432/5432 
f 5247/5247/5247 5617/5617/5617 5432/5432/5432 
f 5246/5246/5246 5247/5247/5247 5432/5432/5432 
f 5534/5534/5534 5424/5424/5424 5282/5282/5282 
f 5319/5319/5319 5534/5534/5534 5282/5282/5282 
f 5320/5320/5320 5321/5321/5321 5512/5512/5512 
f 5321/5321/5321 5554/5554/5554 5512/5512/5512 
f 5512/5512/5512 5554/5554/5554 5585/5585/5585 
f 5594/5594/5594 5118/5118/5118 5128/5128/5128 
f 5391/5391/5391 5355/5355/5355 5356/5356/5356 
f 5418/5418/5418 5391/5391/5391 5356/5356/5356 
f 5511/5511/5511 5418/5418/5418 5356/5356/5356 
f 5380/5380/5380 5589/5589/5589 5354/5354/5354 
f 5544/5544/5544 5380/5380/5380 5354/5354/5354 
f 5621/5621/5621 5544/5544/5544 5354/5354/5354 
f 5355/5355/5355 5621/5621/5621 5354/5354/5354 
f 5019/5019/5019 5020/5020/5020 5332/5332/5332 
f 5511/5511/5511 5601/5601/5601 5473/5473/5473 
f 5590/5590/5590 5511/5511/5511 5473/5473/5473 
f 5455/5455/5455 5590/5590/5590 5473/5473/5473 
f 5606/5606/5606 4933/4933/4933 5549/5549/5549 
f 5341/5341/5341 5606/5606/5606 5549/5549/5549 
f 5149/5149/5149 4996/4996/4996 5577/5577/5577 
f 5556/5556/5556 5149/5149/5149 5577/5577/5577 
f 5330/5330/5330 5556/5556/5556 5577/5577/5577 
f 5611/5611/5611 5278/5278/5278 5309/5309/5309 
f 5601/5601/5601 5297/5297/5297 5598/5598/5598 
f 5234/5234/5234 5601/5601/5601 5598/5598/5598 
f 5236/5236/5236 5234/5234/5234 5598/5598/5598 
f 5051/5051/5051 5481/5481/5481 4992/4992/4992 
f 5608/5608/5608 5017/5017/5017 5015/5015/5015 
f 5481/5481/5481 5608/5608/5608 5015/5015/5015 
f 5028/5028/5028 5081/5081/5081 4952/4952/4952 
f 5038/5038/5038 5028/5028/5028 4952/4952/4952 
f 5016/5016/5016 5532/5532/5532 5068/5068/5068 
f 5532/5532/5532 5616/5616/5616 5068/5068/5068 
f 5616/5616/5616 5216/5216/5216 5067/5067/5067 
f 5068/5068/5068 5616/5616/5616 5067/5067/5067 
f 5032/5032/5032 5033/5033/5033 4998/4998/4998 
f 5609/5609/5609 5488/5488/5488 5450/5450/5450 
f 5180/5180/5180 5609/5609/5609 5450/5450/5450 
f 5179/5179/5179 5180/5180/5180 5450/5450/5450 
f 5507/5507/5507 5612/5612/5612 5614/5614/5614 
f 5222/5222/5222 5009/5009/5009 5007/5007/5007 
f 5405/5405/5405 5173/5173/5173 5430/5430/5430 
f 5173/5173/5173 5174/5174/5174 5430/5430/5430 
f 5504/5504/5504 5396/5396/5396 5376/5376/5376 
f 5377/5377/5377 5504/5504/5504 5376/5376/5376 
f 5597/5597/5597 5362/5362/5362 5360/5360/5360 
f 5569/5569/5569 5597/5597/5597 5360/5360/5360 
f 5558/5558/5558 5569/5569/5569 5214/5214/5214 
f 5595/5595/5595 5558/5558/5558 5214/5214/5214 
f 5421/5421/5421 5221/5221/5221 5150/5150/5150 
f 5151/5151/5151 5421/5421/5421 5150/5150/5150 
f 5034/5034/5034 5000/5000/5000 5572/5572/5572 
f 5075/5075/5075 5034/5034/5034 5572/5572/5572 
f 5337/5337/5337 5335/5335/5335 5183/5183/5183 
f 5575/5575/5575 5337/5337/5337 5183/5183/5183 
f 5484/5484/5484 5485/5485/5485 5563/5563/5563 
f 5564/5564/5564 5145/5145/5145 5264/5264/5264 
f 5563/5563/5563 5564/5564/5564 5264/5264/5264 
f 5484/5484/5484 5563/5563/5563 5264/5264/5264 
f 5619/5619/5619 5484/5484/5484 5264/5264/5264 
f 5000/5000/5000 5483/5483/5483 5565/5565/5565 
f 5572/5572/5572 5000/5000/5000 5565/5565/5565 
f 5033/5033/5033 5483/5483/5483 4998/4998/4998 
f 5022/5022/5022 5363/5363/5363 5487/5487/5487 
f 5488/5488/5488 5022/5022/5022 5487/5487/5487 
f 5310/5310/5310 5311/5311/5311 5576/5576/5576 
f 5369/5369/5369 5310/5310/5310 5576/5576/5576 
f 4996/4996/4996 5369/5369/5369 5576/5576/5576 
f 5066/5066/5066 5161/5161/5161 5159/5159/5159 
f 5258/5258/5258 4966/4966/4966 5039/5039/5039 
f 5257/5257/5257 5258/5258/5258 5039/5039/5039 
f 5049/5049/5049 5100/5100/5100 5562/5562/5562 
f 5359/5359/5359 5049/5049/5049 5562/5562/5562 
f 5358/5358/5358 5359/5359/5359 5562/5562/5562 
f 5235/5235/5235 5610/5610/5610 5472/5472/5472 
f 5234/5234/5234 5235/5235/5235 5472/5472/5472 
f 5424/5424/5424 5385/5385/5385 5218/5218/5218 
f 5008/5008/5008 5431/5431/5431 5430/5430/5430 
f 5509/5509/5509 5008/5008/5008 5430/5430/5430 
f 5177/5177/5177 5592/5592/5592 5519/5519/5519 
f 5112/5112/5112 5177/5177/5177 5519/5519/5519 
f 5111/5111/5111 5112/5112/5112 5519/5519/5519 
f 5568/5568/5568 5111/5111/5111 5519/5519/5519 
f 5560/5560/5560 5561/5561/5561 5599/5599/5599 
f 5125/5125/5125 5560/5560/5560 5599/5599/5599 
f 5127/5127/5127 5125/5125/5125 5599/5599/5599 
f 5437/5437/5437 5127/5127/5127 5599/5599/5599 
f 5481/5481/5481 5051/5051/5051 5607/5607/5607 
f 5248/5248/5248 5481/5481/5481 5607/5607/5607 
f 5279/5279/5279 5311/5311/5311 5309/5309/5309 
f 5278/5278/5278 5279/5279/5279 5309/5309/5309 
f 5355/5355/5355 5057/5057/5057 5055/5055/5055 
f 5621/5621/5621 5355/5355/5355 5055/5055/5055 
f 5416/5416/5416 5621/5621/5621 5055/5055/5055 
f 5115/5115/5115 5535/5535/5535 5613/5613/5613 
f 5114/5114/5114 5115/5115/5115 5613/5613/5613 
f 5224/5224/5224 5114/5114/5114 5613/5613/5613 
f 5609/5609/5609 5496/5496/5496 5420/5420/5420 
f 5488/5488/5488 5609/5609/5609 5420/5420/5420 
f 5151/5151/5151 5488/5488/5488 5420/5420/5420 
f 5522/5522/5522 5262/5262/5262 5476/5476/5476 
f 5477/5477/5477 5522/5522/5522 5476/5476/5476 
f 5130/5130/5130 5477/5477/5477 5476/5476/5476 
f 5582/5582/5582 5602/5602/5602 5448/5448/5448 
f 5485/5485/5485 5582/5582/5582 5448/5448/5448 
f 5573/5573/5573 5358/5358/5358 5620/5620/5620 
f 5247/5247/5247 5573/5573/5573 5620/5620/5620 
f 5617/5617/5617 5247/5247/5247 5620/5620/5620 
f 5010/5010/5010 5086/5086/5086 5064/5064/5064 
f 5305/5305/5305 5325/5325/5325 5622/5622/5622 
f 5416/5416/5416 5305/5305/5305 5622/5622/5622 
f 5621/5621/5621 5416/5416/5416 5622/5622/5622 
f 5544/5544/5544 5621/5621/5621 5622/5622/5622 
f 5326/5326/5326 5544/5544/5544 5622/5622/5622 
f 5325/5325/5325 5326/5326/5326 5622/5622/5622 
