
mtllib ./island2.obj.mtl

g s.0019
usemap Standard_569753
usemtl Standard_569753
v 0.07416862 -0.2098739 -0.2754602
v 0.1901282 -0.1943226 -0.2614181
v 0.1820298 -0.08006293 -0.2618763
v 0.06684899 -0.09354632 -0.2739706
v 0.2865275 -0.2022647 -0.1972523
v 0.3038658 -0.1871122 -0.08439861
v 0.2968487 -0.08014894 -0.0909891
v 0.2212403 -0.09319995 -0.1791376
v 0.1776887 -0.05236241 0.1580674
v 0.286603 -0.05195701 0.09864897
v 0.2651802 -0.1801997 0.1496176
v 0.1688707 -0.1712156 0.1914559
v -0.2149621 -0.1182257 -0.06153696
v -0.198542 -0.06373411 0.05249502
v -0.250156 -0.2239706 0.03064239
v -0.2339718 -0.225395 -0.08425046
v 0.2212403 -0.09319995 -0.1791376
v 0.2968487 -0.08014894 -0.0909891
v 0.1521862 -0.0503817 -0.08219901
v 0.1029764 -0.09345343 -0.1692076
v 0.1130545 -0.203297 -0.1712725
v 0.1571919 -0.1958319 -0.05301445
v 0.3038658 -0.1871122 -0.08439861
v 0.2865275 -0.2022647 -0.1972523
v -0.025194 -0.08258038 -0.1604716
v 0.02622086 -0.03591075 -0.02927206
v -0.1181836 -0.07968151 0.02133871
v -0.0843933 -0.07605609 -0.1056611
v 0.005643912 -0.0451015 0.2032606
v 0.1221499 -0.03400032 0.1995852
v 0.07088871 -0.1620755 0.2340206
v -0.03393631 -0.1866108 0.2299072
v -0.1238286 -0.2204985 -0.1251717
v -0.1175599 -0.2140731 0.004070621
v 0.007971078 -0.204703 -0.02108531
v -0.0195542 -0.215863 -0.1639125
v -0.1293515 -0.2261595 -0.2390368
v -0.01498698 -0.2224497 -0.2290908
v -0.01569465 -0.1037916 -0.2297466
v -0.1018805 -0.122225 -0.1882771
v 0.06358111 -0.05291947 0.10578
v 0.1221499 -0.03400032 0.1995852
v 0.005643912 -0.0451015 0.2032606
v -0.06152081 -0.03119769 0.1198819
v 0.3072793 -0.06341168 0.001276903
v 0.286603 -0.05195701 0.09864897
v 0.1776887 -0.05236241 0.1580674
v 0.1798595 -0.02842107 0.06364257
v 0.2834522 -0.1834646 0.03908743
v 0.2651802 -0.1801997 0.1496176
v 0.286603 -0.05195701 0.09864897
v 0.3072793 -0.06341168 0.001276903
v 0.1633546 -0.1828423 0.07598802
v 0.1688707 -0.1712156 0.1914559
v 0.2651802 -0.1801997 0.1496176
v 0.2834522 -0.1834646 0.03908743
v -0.07343327 -0.1995817 0.1232404
v -0.03393631 -0.1866108 0.2299072
v 0.07088871 -0.1620755 0.2340206
v 0.04117155 -0.1822092 0.1135294
v -0.1666512 -0.07318618 0.1385636
v -0.1188942 -0.04882713 0.2275849
v -0.1446612 -0.212527 0.2255623
v -0.1944883 -0.217932 0.133498
v -0.0843933 -0.07605609 -0.1056611
v -0.1181836 -0.07968151 0.02133871
v -0.198542 -0.06373411 0.05249502
v -0.2149621 -0.1182257 -0.06153696
v -0.06152081 -0.03119769 0.1198819
v 0.005643912 -0.0451015 0.2032606
v -0.1188942 -0.04882713 0.2275849
v -0.1666512 -0.07318618 0.1385636
v 0.005643912 -0.0451015 0.2032606
v -0.03393631 -0.1866108 0.2299072
v -0.1446612 -0.212527 0.2255623
v -0.1188942 -0.04882713 0.2275849
v -0.1944883 -0.217932 0.133498
v -0.1446612 -0.212527 0.2255623
v -0.03393631 -0.1866108 0.2299072
v -0.07343327 -0.1995817 0.1232404
v -0.2339718 -0.225395 -0.08425046
v -0.250156 -0.2239706 0.03064239
v -0.1175599 -0.2140731 0.004070621
v -0.1238286 -0.2204985 -0.1251717
v -0.1293515 -0.2261595 -0.2390368
v -0.1018805 -0.122225 -0.1882771
v -0.1668612 -0.1009909 -0.1554675
v -0.2197132 -0.2266499 -0.1854734
v 0.1029764 -0.09345343 -0.1692076
v 0.1521862 -0.0503817 -0.08219901
v 0.02622086 -0.03591075 -0.02927206
v -0.025194 -0.08258038 -0.1604716
v 0.1798595 -0.02842107 0.06364257
v 0.1776887 -0.05236241 0.1580674
v 0.1221499 -0.03400032 0.1995852
v 0.06358111 -0.05291947 0.10578
v 0.1776887 -0.05236241 0.1580674
v 0.1688707 -0.1712156 0.1914559
v 0.07088871 -0.1620755 0.2340206
v 0.1221499 -0.03400032 0.1995852
v 0.04117155 -0.1822092 0.1135294
v 0.07088871 -0.1620755 0.2340206
v 0.1688707 -0.1712156 0.1914559
v 0.1633546 -0.1828423 0.07598802
v -0.0195542 -0.215863 -0.1639125
v 0.007971078 -0.204703 -0.02108531
v 0.1571919 -0.1958319 -0.05301445
v 0.1130545 -0.203297 -0.1712725
v 0.07416862 -0.2098739 -0.2754602
v 0.06684899 -0.09354632 -0.2739706
v -0.01569465 -0.1037916 -0.2297466
v -0.01498698 -0.2224497 -0.2290908
v 0.2212403 -0.09319995 -0.1791376
v 0.1029764 -0.09345343 -0.1692076
v 0.06684899 -0.09354632 -0.2739706
v 0.1820298 -0.08006293 -0.2618763
v 0.1029764 -0.09345343 -0.1692076
v -0.025194 -0.08258038 -0.1604716
v -0.01569465 -0.1037916 -0.2297466
v 0.06684899 -0.09354632 -0.2739706
v -0.025194 -0.08258038 -0.1604716
v -0.0843933 -0.07605609 -0.1056611
v -0.1018805 -0.122225 -0.1882771
v -0.01569465 -0.1037916 -0.2297466
v -0.0843933 -0.07605609 -0.1056611
v -0.2149621 -0.1182257 -0.06153696
v -0.1668612 -0.1009909 -0.1554675
v -0.1018805 -0.122225 -0.1882771
v -0.2149621 -0.1182257 -0.06153696
v -0.2339718 -0.225395 -0.08425046
v -0.2197132 -0.2266499 -0.1854734
v -0.1668612 -0.1009909 -0.1554675
v -0.2339718 -0.225395 -0.08425046
v -0.1238286 -0.2204985 -0.1251717
v -0.1293515 -0.2261595 -0.2390368
v -0.2197132 -0.2266499 -0.1854734
v -0.1238286 -0.2204985 -0.1251717
v -0.0195542 -0.215863 -0.1639125
v -0.01498698 -0.2224497 -0.2290908
v -0.1293515 -0.2261595 -0.2390368
v -0.0195542 -0.215863 -0.1639125
v 0.1130545 -0.203297 -0.1712725
v 0.07416862 -0.2098739 -0.2754602
v -0.01498698 -0.2224497 -0.2290908
v 0.1130545 -0.203297 -0.1712725
v 0.2865275 -0.2022647 -0.1972523
v 0.1901282 -0.1943226 -0.2614181
v 0.07416862 -0.2098739 -0.2754602
v 0.2865275 -0.2022647 -0.1972523
v 0.2212403 -0.09319995 -0.1791376
v 0.1820298 -0.08006293 -0.2618763
v 0.1901282 -0.1943226 -0.2614181
v 0.3072793 -0.06341168 0.001276903
v 0.1798595 -0.02842107 0.06364257
v 0.1521862 -0.0503817 -0.08219901
v 0.2968487 -0.08014894 -0.0909891
v 0.1798595 -0.02842107 0.06364257
v 0.06358111 -0.05291947 0.10578
v 0.02622086 -0.03591075 -0.02927206
v 0.1521862 -0.0503817 -0.08219901
v 0.06358111 -0.05291947 0.10578
v -0.06152081 -0.03119769 0.1198819
v -0.1181836 -0.07968151 0.02133871
v 0.02622086 -0.03591075 -0.02927206
v -0.06152081 -0.03119769 0.1198819
v -0.1666512 -0.07318618 0.1385636
v -0.198542 -0.06373411 0.05249502
v -0.1181836 -0.07968151 0.02133871
v -0.1666512 -0.07318618 0.1385636
v -0.1944883 -0.217932 0.133498
v -0.250156 -0.2239706 0.03064239
v -0.198542 -0.06373411 0.05249502
v -0.1944883 -0.217932 0.133498
v -0.07343327 -0.1995817 0.1232404
v -0.1175599 -0.2140731 0.004070621
v -0.250156 -0.2239706 0.03064239
v -0.07343327 -0.1995817 0.1232404
v 0.04117155 -0.1822092 0.1135294
v 0.007971078 -0.204703 -0.02108531
v -0.1175599 -0.2140731 0.004070621
v 0.04117155 -0.1822092 0.1135294
v 0.1633546 -0.1828423 0.07598802
v 0.1571919 -0.1958319 -0.05301445
v 0.007971078 -0.204703 -0.02108531
v 0.1633546 -0.1828423 0.07598802
v 0.2834522 -0.1834646 0.03908743
v 0.3038658 -0.1871122 -0.08439861
v 0.1571919 -0.1958319 -0.05301445
v 0.2834522 -0.1834646 0.03908743
v 0.3072793 -0.06341168 0.001276903
v 0.2968487 -0.08014894 -0.0909891
v 0.3038658 -0.1871122 -0.08439861

vn 0.110881 0.01185917 -0.993763
vn 0.1196209 0.004497349 -0.9928095
vn 0.110881 0.01185917 -0.993763
vn 0.1021902 0.01916594 -0.9945803
vn 0.8468206 0.3066145 -0.434606
vn 0.9857809 0.05488488 -0.15882
vn 0.8468206 0.3066145 -0.434606
vn 0.63012 0.4787374 -0.6113586
vn 0.4374248 0.2421282 0.8660447
vn 0.4617103 0.2599358 0.8480903
vn 0.4374248 0.2421282 0.8660447
vn 0.4058824 0.2191381 0.8872643
vn -0.9622155 0.2647398 -0.06367258
vn -0.9513873 0.3078311 -0.01010555
vn -0.9622155 0.2647398 -0.06367258
vn -0.9695733 0.2014591 -0.1390751
vn 0.07928934 0.9315091 -0.3549705
vn 0.175929 0.9406639 -0.2901731
vn 0.07928934 0.9315091 -0.3549705
vn -0.03771622 0.9038819 -0.4261162
vn 0.04559821 -0.9953134 0.08527675
vn 0.06735947 -0.9970126 0.0377965
vn 0.04559821 -0.9953134 0.08527675
vn 0.02525116 -0.9912946 0.1292187
vn -0.2491154 0.957905 -0.1426871
vn -0.345538 0.9186826 -0.1913786
vn -0.2491154 0.957905 -0.1426871
vn 0.1778859 0.981163 0.0753383
vn -0.03951027 0.2334498 0.9715658
vn 0.005955428 0.2574196 0.9662814
vn -0.03951027 0.2334498 0.9715658
vn -0.08686145 0.2077616 0.9743152
vn 0.07594724 -0.9955984 0.05491787
vn 0.08341343 -0.9954782 0.04544554
vn 0.07594724 -0.9955984 0.05491787
vn 0.0682714 -0.995571 0.06463328
vn -0.1762882 0.2362848 -0.9555584
vn 0.08679977 -0.004987946 -0.9962133
vn -0.1762882 0.2362848 -0.9555584
vn -0.4612464 0.4848275 -0.7430977
vn 0.03970252 0.9976178 -0.05641211
vn -0.09825043 0.985625 -0.1374421
vn 0.03970252 0.9976178 -0.05641211
vn 0.1736774 0.9845036 0.02426709
vn 0.1875292 0.9784834 0.08604144
vn -0.07589718 0.9882894 -0.1323769
vn 0.1875292 0.9784834 0.08604144
vn 0.3633466 0.9010538 0.2368147
vn 0.9755388 -0.1096628 0.1905207
vn 0.9813598 -0.09830432 0.165134
vn 0.9755388 -0.1096628 0.1905207
vn 0.9677528 -0.1228015 0.2199418
vn -0.02079556 -0.9976967 0.06456704
vn -0.04822258 -0.993579 0.1023493
vn -0.02079556 -0.9976967 0.06456704
vn 0.004100949 -0.9995354 0.03020254
vn 0.1890068 -0.9782917 0.08498112
vn 0.2264805 -0.9734043 0.03450654
vn 0.1890068 -0.9782917 0.08498112
vn 0.1590083 -0.9794036 0.124439
vn -0.8809107 0.1427214 0.4512504
vn -0.8880625 0.1343518 0.4396529
vn -0.8809107 0.1427214 0.4512504
vn -0.8729821 0.1516662 0.4635726
vn -0.1959996 0.9565222 -0.2159849
vn 0.2266135 0.9700026 0.08798447
vn -0.1959996 0.9565222 -0.2159849
vn -0.3928872 0.8504487 -0.3498237
vn -0.1834995 0.9810101 0.06282705
vn 0.002262905 0.9866714 0.1627095
vn -0.1834995 0.9810101 0.06282705
vn -0.3781061 0.9244053 -0.0501053
vn 0.07644872 0.06390943 0.9950233
vn -0.08686149 0.2077616 0.9743152
vn 0.07644872 0.06390943 0.9950233
vn 0.1927443 -0.04245126 0.9803303
vn 0.1877488 -0.982196 0.006432491
vn 0.2298891 -0.9708787 -0.06742126
vn 0.1877488 -0.982196 0.006432491
vn 0.1547626 -0.985967 0.06259017
vn 0.07046539 -0.9969029 0.03491602
vn 0.07909816 -0.9965899 0.02349745
vn 0.07046539 -0.9969029 0.03491602
vn 0.06162773 -0.9970118 0.04657847
vn -0.3959071 0.4248829 -0.8140837
vn -0.2659366 0.478884 -0.8366288
vn -0.3959071 0.4248829 -0.8140837
vn -0.4716272 0.3875072 -0.7920896
vn -5.163253E-05 0.9248491 -0.3803343
vn -0.06838617 0.9089423 -0.4112752
vn -5.163253E-05 0.9248491 -0.3803343
vn 0.05510046 0.9337226 -0.3537318
vn -0.0198161 0.999272 0.0325991
vn 0.4553875 0.8604358 0.2286319
vn -0.0198161 0.999272 0.0325991
vn -0.2251075 0.972744 -0.05563885
vn 0.4930936 0.1168198 0.8620974
vn 0.4058824 0.2191381 0.8872644
vn 0.4930936 0.1168198 0.8620974
vn 0.5940233 -0.02153995 0.8041594
vn 0.004309274 -0.9911382 0.1327654
vn -0.01841883 -0.9854093 0.169202
vn 0.004309274 -0.9911382 0.1327654
vn 0.02525163 -0.994771 0.09895937
vn 0.08245999 -0.9954196 0.04837694
vn 0.07280895 -0.9953072 0.0637382
vn 0.08245999 -0.9954196 0.04837694
vn 0.09579144 -0.9950336 0.02705992
vn -0.4652907 -0.01275405 -0.885066
vn -0.4704111 -0.0183019 -0.8822575
vn -0.4652907 -0.01275405 -0.885066
vn -0.4605558 -0.00765206 -0.8875977
vn -0.05934719 0.9938968 0.09298914
vn -0.002155297 0.9999977 -0.0001434591
vn -0.05934719 0.9938968 0.09298914
vn -0.1360159 0.9664448 0.2179086
vn -0.02656339 0.9927227 -0.1174559
vn 0.06177081 0.9566958 -0.2844599
vn -0.02656339 0.9927227 -0.1174559
vn -0.1045235 0.9939006 0.0351635
vn -0.3169515 0.873032 -0.3706168
vn -0.2927231 0.8597502 -0.4185008
vn -0.3169515 0.873032 -0.3706168
vn -0.342006 0.8843697 -0.3176824
vn -0.1777879 0.9657288 -0.1891017
vn -0.3008789 0.9534341 0.02086357
vn -0.1777879 0.9657288 -0.1891017
vn 0.03503344 0.8692262 -0.493172
vn -0.9041007 0.3381926 -0.2612047
vn -0.9695733 0.2014591 -0.1390752
vn -0.9041007 0.3381926 -0.2612047
vn -0.8321489 0.4327941 -0.3467239
vn 0.04277472 -0.9985114 0.03384314
vn 0.06162776 -0.9970118 0.04657855
vn 0.04277472 -0.9985114 0.03384314
vn 0.01393774 -0.9997998 0.01435854
vn 0.04698417 -0.9965837 0.06792187
vn 0.08342345 -0.9908627 0.1059798
vn 0.04698417 -0.9965837 0.06792187
vn 0.02818906 -0.9984364 0.04827126
vn 0.1248603 -0.990826 0.05170975
vn 0.09579145 -0.9950336 0.02706004
vn 0.1248603 -0.990826 0.05170975
vn 0.1957569 -0.9742163 0.1121691
vn 0.05497606 -0.997119 -0.05226276
vn -0.01021401 -0.9941307 -0.1077022
vn 0.05497606 -0.997119 -0.05226276
vn 0.1312925 -0.9912508 0.01357122
vn 0.723978 0.2874802 -0.6270655
vn 0.7976431 0.5263795 -0.2944319
vn 0.723978 0.2874802 -0.6270655
vn 0.5557963 0.03606277 -0.8305359
vn 0.1812159 0.9657039 -0.1859484
vn 0.1778704 0.9675547 -0.1794438
vn 0.1812159 0.9657039 -0.1859484
vn 0.1862273 0.9628172 -0.19571
vn -0.04424378 0.9989936 -0.0073679
vn -0.146357 0.9756497 0.1633628
vn -0.04424378 0.9989936 -0.0073679
vn 0.04715041 0.9863964 -0.157477
vn -0.1031064 0.9904113 -0.09194931
vn 0.09654907 0.8699759 -0.4835496
vn -0.1031064 0.9904113 -0.09194931
vn -0.2258867 0.9568121 0.1829911
vn -0.1707353 0.9773881 -0.124748
vn -0.327337 0.9184229 0.2221487
vn -0.1707353 0.9773881 -0.124748
vn 0.00563714 0.8959759 -0.4440669
vn -0.8885629 0.1948223 0.4153318
vn -0.8729822 0.1516662 0.4635726
vn -0.8885629 0.1948223 0.4153318
vn -0.9011112 0.2411128 0.3603655
vn 0.1162589 -0.9924327 0.03951178
vn 0.1547626 -0.985967 0.06259023
vn 0.1162589 -0.9924327 0.03951178
vn 0.07770789 -0.9968402 0.0164666
vn 0.1251961 -0.9864941 0.1056194
vn 0.1590083 -0.9794036 0.124439
vn 0.1251961 -0.9864941 0.1056194
vn 0.09143773 -0.9920228 0.08677477
vn 0.06181878 -0.9903458 0.1240715
vn 0.02525167 -0.994771 0.09895948
vn 0.06181878 -0.9903458 0.1240715
vn 0.08914201 -0.9857394 0.142729
vn 0.04774522 -0.9965178 0.06835803
vn 0.004100956 -0.9995354 0.03020259
vn 0.04774522 -0.9965178 0.06835803
vn 0.07954912 -0.9921873 0.09610544
vn 0.9966132 -0.06360221 0.05212354
vn 0.9738889 -0.2156445 -0.07097918
vn 0.9966132 -0.06360221 0.05212354
vn 0.9842228 0.07445767 0.160504

vt 0.4422946 0.3346077
vt 0.3742643 0.3506888
vt 0.3731179 0.5021649
vt 0.4405801 0.5039803
vt 0.3120404 0.3350266
vt 0.2501964 0.3386586
vt 0.2524925 0.4874137
vt 0.3231759 0.4850243
vt 0.06802833 0.5500109
vt 0.1398509 0.5199177
vt 0.1062912 0.3477161
vt 0.04501101 0.3595918
vt 0.6902936 0.4985928
vt 0.769168 0.5800914
vt 0.7452319 0.3525461
vt 0.6791653 0.3488495
vt 0.3231759 0.4850243
vt 0.2524925 0.4874137
vt 0.2861782 0.6321268
vt 0.3912385 0.5284333
vt 0.3920708 0.2892302
vt 0.2598045 0.2438125
vt 0.2501964 0.3386586
vt 0.3120404 0.3350266
vt 0.5219204 0.5858784
vt 0.4422022 1
vt 0.7616236 0.6039903
vt 0.610482 0.6188435
vt 0.9621493 0.5867627
vt 0.02049798 0.5794863
vt 1 0.3861475
vt 0.9306515 0.3632022
vt 0.6225114 0.3076419
vt 0.7389178 0.285193
vt 0.6818333 0
vt 0.5248687 0.2750774
vt 0.5690395 0.3403898
vt 0.5046365 0.307062
vt 0.4983942 0.5094134
vt 0.571192 0.4886651
vt 2.980232E-08 0.6523422
vt 0.02049798 0.5794863
vt 0.9621493 0.5867627
vt 0.8857324 0.6705374
vt 0.1977003 0.506102
vt 0.1398509 0.5199177
vt 0.06802833 0.5500109
vt 0.1297824 0.6297894
vt 0.1732512 0.3341617
vt 0.1062912 0.3477161
vt 0.1398509 0.5199177
vt 0.1977003 0.506102
vt 0.1068021 0.2976598
vt 0.04501101 0.3595918
vt 0.1062912 0.3477161
vt 0.1732512 0.3341617
vt 0.8655894 0.3171014
vt 0.9306515 0.3632022
vt 1 0.3861475
vt 0.9824416 0.2972217
vt 0.8305507 0.553912
vt 0.8897893 0.5631592
vt 0.8700835 0.3536497
vt 0.8122584 0.3469396
vt 0.610482 0.6188435
vt 0.7616236 0.6039903
vt 0.769168 0.5800914
vt 0.6902936 0.4985928
vt 0.8857324 0.6705374
vt 0.9621493 0.5867627
vt 0.8897893 0.5631592
vt 0.8305507 0.553912
vt 0.9621493 0.5867627
vt 0.9306515 0.3632022
vt 0.8700835 0.3536497
vt 0.8897893 0.5631592
vt 0.8122584 0.3469396
vt 0.8700835 0.3536497
vt 0.9306515 0.3632022
vt 0.8655894 0.3171014
vt 0.6791653 0.3488495
vt 0.7452319 0.3525461
vt 0.7389178 0.285193
vt 0.6225114 0.3076419
vt 0.5690395 0.3403898
vt 0.571192 0.4886651
vt 0.6195307 0.5242767
vt 0.6248603 0.3560771
vt 0.3912385 0.5284333
vt 0.2861782 0.6321268
vt 0.4422022 1
vt 0.5219204 0.5858784
vt 0.1297824 0.6297894
vt 0.06802833 0.5500109
vt 0.02049798 0.5794863
vt 2.980232E-08 0.6523422
vt 0.06802833 0.5500109
vt 0.04501101 0.3595918
vt 1 0.3861475
vt 0.02049798 0.5794863
vt 0.9824416 0.2972217
vt 1 0.3861475
vt 0.04501101 0.3595918
vt 0.1068021 0.2976598
vt 0.5248687 0.2750774
vt 0.6818333 0
vt 0.2598045 0.2438125
vt 0.3920708 0.2892302
vt 0.4422946 0.3346077
vt 0.4405801 0.5039803
vt 0.4983942 0.5094134
vt 0.5046365 0.307062
vt 0.3231759 0.4850243
vt 0.3912385 0.5284333
vt 0.4405801 0.5039803
vt 0.3731179 0.5021649
vt 0.3912385 0.5284333
vt 0.5219204 0.5858784
vt 0.4983942 0.5094134
vt 0.4405801 0.5039803
vt 0.5219204 0.5858784
vt 0.610482 0.6188435
vt 0.571192 0.4886651
vt 0.4983942 0.5094134
vt 0.610482 0.6188435
vt 0.6902936 0.4985928
vt 0.6195307 0.5242767
vt 0.571192 0.4886651
vt 0.6902936 0.4985928
vt 0.6791653 0.3488495
vt 0.6248603 0.3560771
vt 0.6195307 0.5242767
vt 0.6791653 0.3488495
vt 0.6225114 0.3076419
vt 0.5690395 0.3403898
vt 0.6248603 0.3560771
vt 0.6225114 0.3076419
vt 0.5248687 0.2750774
vt 0.5046365 0.307062
vt 0.5690395 0.3403898
vt 0.5248687 0.2750774
vt 0.3920708 0.2892302
vt 0.4422946 0.3346077
vt 0.5046365 0.307062
vt 0.3920708 0.2892302
vt 0.3120404 0.3350266
vt 0.3742643 0.3506888
vt 0.4422946 0.3346077
vt 0.3120404 0.3350266
vt 0.3231759 0.4850243
vt 0.3731179 0.5021649
vt 0.3742643 0.3506888
vt 0.1977003 0.506102
vt 0.1297824 0.6297894
vt 0.2861782 0.6321268
vt 0.2524925 0.4874137
vt 0.1297824 0.6297894
vt 2.980232E-08 0.6523422
vt 0.4422022 1
vt 0.2861782 0.6321268
vt 2.980232E-08 0.6523422
vt 0.8857324 0.6705374
vt 0.7616236 0.6039903
vt 0.4422022 1
vt 0.8857324 0.6705374
vt 0.8305507 0.553912
vt 0.769168 0.5800914
vt 0.7616236 0.6039903
vt 0.8305507 0.553912
vt 0.8122584 0.3469396
vt 0.7452319 0.3525461
vt 0.769168 0.5800914
vt 0.8122584 0.3469396
vt 0.8655894 0.3171014
vt 0.7389178 0.285193
vt 0.7452319 0.3525461
vt 0.8655894 0.3171014
vt 0.9824416 0.2972217
vt 0.6818333 0
vt 0.7389178 0.285193
vt 0.9824416 0.2972217
vt 0.1068021 0.2976598
vt 0.2598045 0.2438125
vt 0.6818333 0
vt 0.1068021 0.2976598
vt 0.1732512 0.3341617
vt 0.2501964 0.3386586
vt 0.2598045 0.2438125
vt 0.1732512 0.3341617
vt 0.1977003 0.506102
vt 0.2524925 0.4874137
vt 0.2501964 0.3386586

usemap Standard_569753
usemtl Standard_569753
f 4/4/4 3/3/3 2/2/2 1/1/1 
f 8/8/8 7/7/7 6/6/6 5/5/5 
f 12/12/12 11/11/11 10/10/10 9/9/9 
f 16/16/16 15/15/15 14/14/14 13/13/13 
f 20/20/20 19/19/19 18/18/18 17/17/17 
f 24/24/24 23/23/23 22/22/22 21/21/21 
f 28/28/28 27/27/27 26/26/26 25/25/25 
f 32/32/32 31/31/31 30/30/30 29/29/29 
f 36/36/36 35/35/35 34/34/34 33/33/33 
f 40/40/40 39/39/39 38/38/38 37/37/37 
f 44/44/44 43/43/43 42/42/42 41/41/41 
f 48/48/48 47/47/47 46/46/46 45/45/45 
f 52/52/52 51/51/51 50/50/50 49/49/49 
f 56/56/56 55/55/55 54/54/54 53/53/53 
f 60/60/60 59/59/59 58/58/58 57/57/57 
f 64/64/64 63/63/63 62/62/62 61/61/61 
f 68/68/68 67/67/67 66/66/66 65/65/65 
f 72/72/72 71/71/71 70/70/70 69/69/69 
f 76/76/76 75/75/75 74/74/74 73/73/73 
f 80/80/80 79/79/79 78/78/78 77/77/77 
f 84/84/84 83/83/83 82/82/82 81/81/81 
f 88/88/88 87/87/87 86/86/86 85/85/85 
f 92/92/92 91/91/91 90/90/90 89/89/89 
f 96/96/96 95/95/95 94/94/94 93/93/93 
f 100/100/100 99/99/99 98/98/98 97/97/97 
f 104/104/104 103/103/103 102/102/102 101/101/101 
f 108/108/108 107/107/107 106/106/106 105/105/105 
f 112/112/112 111/111/111 110/110/110 109/109/109 
f 116/116/116 115/115/115 114/114/114 113/113/113 
f 120/120/120 119/119/119 118/118/118 117/117/117 
f 124/124/124 123/123/123 122/122/122 121/121/121 
f 128/128/128 127/127/127 126/126/126 125/125/125 
f 132/132/132 131/131/131 130/130/130 129/129/129 
f 136/136/136 135/135/135 134/134/134 133/133/133 
f 140/140/140 139/139/139 138/138/138 137/137/137 
f 144/144/144 143/143/143 142/142/142 141/141/141 
f 148/148/148 147/147/147 146/146/146 145/145/145 
f 152/152/152 151/151/151 150/150/150 149/149/149 
f 156/156/156 155/155/155 154/154/154 153/153/153 
f 160/160/160 159/159/159 158/158/158 157/157/157 
f 164/164/164 163/163/163 162/162/162 161/161/161 
f 168/168/168 167/167/167 166/166/166 165/165/165 
f 172/172/172 171/171/171 170/170/170 169/169/169 
f 176/176/176 175/175/175 174/174/174 173/173/173 
f 180/180/180 179/179/179 178/178/178 177/177/177 
f 184/184/184 183/183/183 182/182/182 181/181/181 
f 188/188/188 187/187/187 186/186/186 185/185/185 
f 192/192/192 191/191/191 190/190/190 189/189/189 

g s.0024
usemap Standard_6D6D6D
usemtl Standard_6D6D6D
v 0.01527558 -0.1547828 -0.02026702
v 0.04033524 -0.1468893 -0.004448134
v 0.03114273 -0.1088928 -0.02028438
v 0.01774061 -0.1026875 -0.0463728
v 0.04575936 -0.07985523 0.0056483
v 0.03114273 -0.1088928 -0.02028438
v 0.04033524 -0.1468893 -0.004448134
v 0.04160912 -0.1312437 0.01697353
v -0.07672675 0.003251709 0.08000124
v -0.002879038 -0.03142665 0.06464442
v -0.006721281 -0.07066428 0.09048036
v -0.03917226 -0.07686856 0.1024386
v -0.09590111 -0.1403586 -0.01941739
v -0.07382969 -0.1508492 -0.03126684
v -0.1316348 -0.05645676 -0.04896677
v -0.1479463 -0.04790083 -0.02118224
v 0.01774061 -0.1026875 -0.0463728
v 0.03114273 -0.1088928 -0.02028438
v 0.04575936 -0.07985523 0.0056483
v 0.005394764 -0.05799709 -0.03475627
v 0.004448306 -0.15542 0.02082207
v 0.04160912 -0.1312437 0.01697353
v 0.04033524 -0.1468893 -0.004448134
v 0.01527558 -0.1547828 -0.02026702
v -0.04066901 -0.1077224 -0.06212613
v -0.004184619 -0.1107177 -0.05871522
v -0.01965677 -0.07870762 -0.04411861
v -0.1201357 -0.02491046 -0.03520631
v -0.1322066 0.003163412 0.0721137
v -0.1127856 0.006950602 0.08808205
v -0.07651336 -0.07806154 0.09941273
v -0.1013988 -0.08880974 0.07950442
v -0.06152667 -0.1583162 -0.003396945
v -0.02080854 -0.1665124 0.001545693
v -0.01029681 -0.1628378 -0.03640958
v -0.04167119 -0.1569175 -0.03386994
v -0.04167119 -0.1569175 -0.03386994
v -0.01029681 -0.1628378 -0.03640958
v -0.004184619 -0.1107177 -0.05871522
v -0.04066901 -0.1077224 -0.06212613
v -0.1295387 0.002466202 0.02844775
v -0.1318549 -0.01595879 -0.001675794
v -0.08965965 0.007486694 0.0002555428
v -0.1034783 0.02321842 0.0326848
v 0.003106225 -0.05366646 -0.006542873
v 0.02676351 -0.04312433 0.01389812
v 0.02080063 -0.04236173 0.04148442
v -0.00722564 -0.03151641 0.03428291
v 0.02080063 -0.04236173 0.04148442
v 0.02676351 -0.04312433 0.01389812
v 0.04368458 -0.1057533 0.0518745
v 0.02168059 -0.0914593 0.07733381
v -0.01779152 -0.1058445 0.09173945
v 0.02168059 -0.0914593 0.07733381
v 0.04368458 -0.1057533 0.0518745
v -0.00549604 -0.1353626 0.07161206
v -0.05266272 -0.1190456 0.08302614
v -0.04458304 -0.1516133 0.04094916
v -0.09253525 -0.1461902 0.03417042
v -0.09420657 -0.1144026 0.04865352
v -0.1732659 -0.07726176 0.04797035
v -0.1732691 -0.07761 0.01419492
v -0.1605323 -0.03071379 0.001355736
v -0.1638983 -0.01778848 0.02760709
v -0.1201357 -0.02491046 -0.03520631
v -0.01965677 -0.07870762 -0.04411861
v -0.08965965 0.007486694 0.0002555428
v -0.1318549 -0.01595879 -0.001675794
v 0.005394764 -0.05799709 -0.03475627
v 0.04575936 -0.07985523 0.0056483
v 0.02676351 -0.04312433 0.01389812
v 0.003106225 -0.05366646 -0.006542873
v 0.04575936 -0.07985523 0.0056483
v 0.04160912 -0.1312437 0.01697353
v 0.04368458 -0.1057533 0.0518745
v 0.02676351 -0.04312433 0.01389812
v -0.00549604 -0.1353626 0.07161206
v 0.04368458 -0.1057533 0.0518745
v 0.04160912 -0.1312437 0.01697353
v 0.004448306 -0.15542 0.02082207
v -0.09253525 -0.1461902 0.03417042
v -0.04458304 -0.1516133 0.04094916
v -0.02080854 -0.1665124 0.001545693
v -0.06152667 -0.1583162 -0.003396945
v -0.09590111 -0.1403586 -0.01941739
v -0.1479463 -0.04790083 -0.02118224
v -0.1605323 -0.03071379 0.001355736
v -0.1732691 -0.07761 0.01419492
v -0.04066901 -0.1077224 -0.06212613
v -0.1201357 -0.02491046 -0.03520631
v -0.1479463 -0.04790083 -0.02118224
v -0.1316348 -0.05645676 -0.04896677
v -0.1201357 -0.02491046 -0.03520631
v -0.1318549 -0.01595879 -0.001675794
v -0.1605323 -0.03071379 0.001355736
v -0.1479463 -0.04790083 -0.02118224
v -0.1638983 -0.01778848 0.02760709
v -0.1605323 -0.03071379 0.001355736
v -0.1318549 -0.01595879 -0.001675794
v -0.1295387 0.002466202 0.02844775
v -0.1322066 0.003163412 0.0721137
v -0.1013988 -0.08880974 0.07950442
v -0.1648724 -0.06957961 0.07947312
v -0.1521124 -0.0007179603 0.05574585
v -0.09420657 -0.1144026 0.04865352
v -0.09253525 -0.1461902 0.03417042
v -0.1732691 -0.07761 0.01419492
v -0.1732659 -0.07726176 0.04797035
v -0.09253525 -0.1461902 0.03417042
v -0.06152667 -0.1583162 -0.003396945
v -0.09590111 -0.1403586 -0.01941739
v -0.1732691 -0.07761 0.01419492
v -0.06152667 -0.1583162 -0.003396945
v -0.04167119 -0.1569175 -0.03386994
v -0.07382969 -0.1508492 -0.03126684
v -0.09590111 -0.1403586 -0.01941739
v -0.04167119 -0.1569175 -0.03386994
v -0.04066901 -0.1077224 -0.06212613
v -0.1316348 -0.05645676 -0.04896677
v -0.07382969 -0.1508492 -0.03126684
v -0.1638983 -0.01778848 0.02760709
v -0.1295387 0.002466202 0.02844775
v -0.1322066 0.003163412 0.0721137
v -0.1521124 -0.0007179603 0.05574585
v -0.1295387 0.002466202 0.02844775
v -0.1034783 0.02321842 0.0326848
v -0.1127856 0.006950602 0.08808205
v -0.1322066 0.003163412 0.0721137
v -0.00722564 -0.03151641 0.03428291
v 0.02080063 -0.04236173 0.04148442
v -0.002879038 -0.03142665 0.06464442
v -0.07672675 0.003251709 0.08000124
v 0.02080063 -0.04236173 0.04148442
v 0.02168059 -0.0914593 0.07733381
v -0.006721281 -0.07066428 0.09048036
v -0.002879038 -0.03142665 0.06464442
v -0.03917226 -0.07686856 0.1024386
v -0.006721281 -0.07066428 0.09048036
v 0.02168059 -0.0914593 0.07733381
v -0.01779152 -0.1058445 0.09173945
v -0.05266272 -0.1190456 0.08302614
v -0.09420657 -0.1144026 0.04865352
v -0.1013988 -0.08880974 0.07950442
v -0.07651336 -0.07806154 0.09941273
v -0.09420657 -0.1144026 0.04865352
v -0.1732659 -0.07726176 0.04797035
v -0.1648724 -0.06957961 0.07947312
v -0.1013988 -0.08880974 0.07950442
v -0.1732659 -0.07726176 0.04797035
v -0.1638983 -0.01778848 0.02760709
v -0.1521124 -0.0007179603 0.05574585
v -0.1648724 -0.06957961 0.07947312
v 0.01774061 -0.1026875 -0.0463728
v 0.005394764 -0.05799709 -0.03475627
v -0.01965677 -0.07870762 -0.04411861
v -0.004184619 -0.1107177 -0.05871522
v 0.005394764 -0.05799709 -0.03475627
v 0.003106225 -0.05366646 -0.006542873
v -0.08965965 0.007486694 0.0002555428
v -0.01965677 -0.07870762 -0.04411861
v 0.003106225 -0.05366646 -0.006542873
v -0.00722564 -0.03151641 0.03428291
v -0.1034783 0.02321842 0.0326848
v -0.08965965 0.007486694 0.0002555428
v -0.00722564 -0.03151641 0.03428291
v -0.07672675 0.003251709 0.08000124
v -0.1127856 0.006950602 0.08808205
v -0.1034783 0.02321842 0.0326848
v -0.07672675 0.003251709 0.08000124
v -0.03917226 -0.07686856 0.1024386
v -0.07651336 -0.07806154 0.09941273
v -0.1127856 0.006950602 0.08808205
v -0.03917226 -0.07686856 0.1024386
v -0.01779152 -0.1058445 0.09173945
v -0.05266272 -0.1190456 0.08302614
v -0.07651336 -0.07806154 0.09941273
v -0.01779152 -0.1058445 0.09173945
v -0.00549604 -0.1353626 0.07161206
v -0.04458304 -0.1516133 0.04094916
v -0.05266272 -0.1190456 0.08302614
v -0.00549604 -0.1353626 0.07161206
v 0.004448306 -0.15542 0.02082207
v -0.02080854 -0.1665124 0.001545693
v -0.04458304 -0.1516133 0.04094916
v 0.004448306 -0.15542 0.02082207
v 0.01527558 -0.1547828 -0.02026702
v -0.01029681 -0.1628378 -0.03640958
v -0.02080854 -0.1665124 0.001545693
v 0.01527558 -0.1547828 -0.02026702
v 0.01774061 -0.1026875 -0.0463728
v -0.004184619 -0.1107177 -0.05871522
v -0.01029681 -0.1628378 -0.03640958

vn 0.7185668 -0.2487005 -0.649469
vn 0.5668783 -0.1963089 -0.8000699
vn 0.7185668 -0.2487005 -0.649469
vn 0.823403 -0.2848892 -0.4907601
vn 0.9567066 -0.03387323 -0.289076
vn 0.8691455 0.004158007 -0.4945391
vn 0.9567066 -0.03387323 -0.289076
vn 0.9967472 -0.08059056 -0.0004130697
vn 0.3313548 0.4326906 0.8384407
vn 0.3888623 0.4797923 0.7865021
vn 0.3313548 0.4326906 0.8384407
vn 0.2578997 0.3707442 0.8922088
vn -0.7338363 -0.4813617 -0.4793487
vn -0.58097 -0.4791541 -0.65794
vn -0.7338363 -0.4813617 -0.4793487
vn -0.8178765 -0.46681 -0.3364021
vn 0.8017561 0.2514385 -0.5421861
vn 0.8858506 -0.03257312 -0.4628257
vn 0.8017561 0.2514385 -0.5421861
vn 0.750474 0.3526163 -0.5589728
vn 0.3992152 -0.8758031 0.2712863
vn 0.5112008 -0.7082513 0.4868817
vn 0.3992152 -0.8758031 0.2712863
vn 0.2678357 -0.9618554 0.05566147
vn 0.1477712 0.4420737 -0.8847229
vn 0.1199926 0.4593347 -0.8801212
vn 0.1477712 0.4420737 -0.8847229
vn 0.1554929 0.4371716 -0.8858346
vn -0.5944897 -0.141592 0.7915388
vn -0.6089633 -0.1561771 0.7776711
vn -0.5944897 -0.141592 0.7915388
vn -0.5840946 -0.1312854 0.8009978
vn -0.1849211 -0.9706081 -0.1540265
vn -0.1784946 -0.973395 -0.1436718
vn -0.1849211 -0.9706081 -0.1540265
vn -0.1960936 -0.9653679 -0.1720819
vn -0.04676577 -0.4434174 -0.8950944
vn -0.1448627 -0.3748921 -0.9156805
vn -0.04676577 -0.4434174 -0.8950944
vn 0.04006333 -0.4982745 -0.8660932
vn -0.4417424 0.7507431 -0.4911706
vn -0.4177871 0.7890057 -0.4504709
vn -0.4417424 0.7507431 -0.4911706
vn -0.4692293 0.6993438 -0.5392051
vn 0.1554381 0.9472631 -0.2802353
vn -0.3332385 0.9377404 -0.09795386
vn 0.1554381 0.9472631 -0.2802353
vn 0.414969 0.8396081 -0.3505126
vn 0.8614591 0.3682889 0.349645
vn 0.9136856 0.3605711 0.187529
vn 0.8614591 0.3682889 0.349645
vn 0.7958279 0.3663149 0.4821528
vn 0.4972541 -0.407621 0.7658874
vn 0.4557064 -0.5479377 0.7014955
vn 0.4972541 -0.407621 0.7658874
vn 0.5146466 -0.3262771 0.7928947
vn -0.3785444 -0.6427223 0.6660421
vn -0.1721585 -0.7947166 0.5820541
vn -0.3785444 -0.6427223 0.6660421
vn -0.6196887 -0.3521572 0.7014065
vn -0.9802061 0.1745088 -0.09350212
vn -0.9652178 0.2614343 -0.002606489
vn -0.9802061 0.1745088 -0.09350212
vn -0.9803645 0.09531053 -0.1726305
vn 0.1104097 0.6847003 -0.7204133
vn 0.2519721 0.5968187 -0.7617857
vn 0.1104097 0.6847003 -0.7204133
vn -0.437869 0.8186501 -0.371595
vn 0.5566331 0.6940166 -0.4566187
vn 0.7355187 0.486327 -0.4716973
vn 0.5566331 0.6940166 -0.4566187
vn -0.2767546 0.9461967 -0.1676862
vn 0.9757817 0.1692288 0.1386064
vn 0.9967472 -0.08059054 -0.0004130465
vn 0.9757817 0.1692288 0.1386064
vn 0.8800394 0.3963751 0.2615672
vn 0.5591674 -0.7096884 0.4285723
vn 0.5861869 -0.6704629 0.4548234
vn 0.5591674 -0.7096884 0.4285723
vn 0.528668 -0.7490397 0.3993115
vn -0.1757229 -0.961246 0.212433
vn -0.1459785 -0.9512709 0.2716136
vn -0.1757229 -0.961246 0.212433
vn -0.2114945 -0.967622 0.1377594
vn -0.6674795 -0.2613509 -0.6972567
vn -0.8652199 -0.4891414 -0.1101602
vn -0.6674795 -0.2613509 -0.6972567
vn -0.4708106 -0.1117226 -0.8751317
vn -0.1032325 0.4290572 -0.8973589
vn -0.3945408 -0.08106574 -0.9152955
vn -0.1032325 0.4290572 -0.8973589
vn 0.4932425 0.8696193 0.02177844
vn -0.5747445 0.6174834 -0.5370132
vn -0.4551886 0.8077028 -0.3747258
vn -0.5747445 0.6174834 -0.5370132
vn -0.6491074 0.3849971 -0.6560768
vn -0.4474306 0.778028 -0.4409967
vn -0.4470972 0.778441 -0.4406061
vn -0.4474306 0.778028 -0.4409967
vn -0.44767 0.7777314 -0.4412772
vn -0.1599148 0.1701835 0.9723502
vn 0.02643191 0.08886478 0.9956928
vn -0.1599148 0.1701835 0.9723502
vn -0.6341735 0.3543075 0.6872337
vn -0.5311657 -0.7135714 0.4568138
vn -0.5121216 -0.3782696 0.7711313
vn -0.5311657 -0.7135714 0.4568138
vn -0.4252485 -0.9050282 0.009370638
vn -0.5899822 -0.8058268 -0.05063592
vn -0.4359727 -0.8972135 -0.07025417
vn -0.5899822 -0.8058268 -0.05063592
vn -0.6405756 -0.766679 -0.04319794
vn -0.3174149 -0.9416299 -0.1121651
vn -0.1960934 -0.9653679 -0.1720817
vn -0.3174149 -0.9416299 -0.1121651
vn -0.4471911 -0.8934532 -0.04196835
vn -0.2953973 -0.395239 -0.8697853
vn -0.3739145 -0.4561936 -0.8075118
vn -0.2953973 -0.395239 -0.8697853
vn -0.1260308 -0.2568557 -0.9581969
vn -0.3505817 0.9185252 -0.182767
vn -0.5065051 0.8610778 -0.04469506
vn -0.3505817 0.9185252 -0.182767
vn 0.3401895 0.7340176 -0.5877833
vn -0.4992062 0.8632025 0.07533053
vn -0.6302851 0.7671306 0.1193791
vn -0.4992062 0.8632025 0.07533053
vn -0.1705793 0.9849969 -0.02614954
vn 0.4032 0.9131149 -0.06042243
vn 0.3728305 0.9262012 -0.05611341
vn 0.4032 0.9131149 -0.06042243
vn 0.4136674 0.9083209 -0.06190681
vn 0.6760709 0.406488 0.6145695
vn 0.6290764 0.4657213 0.6223879
vn 0.6760709 0.406488 0.6145695
vn 0.7337889 0.3220322 0.5982048
vn 0.3634247 -0.08114396 0.928083
vn 0.3601308 -0.09485425 0.9280671
vn 0.3634247 -0.08114396 0.928083
vn 0.3653225 -0.0730974 0.9280066
vn -0.4460112 -0.646859 0.6185851
vn -0.4852216 -0.7252133 0.4884931
vn -0.4460112 -0.646859 0.6185851
vn -0.3811845 -0.5258518 0.7603803
vn -0.3305112 -0.8299975 0.4492956
vn -0.4054996 -0.8573294 0.3171064
vn -0.3305112 -0.8299975 0.4492956
vn -0.2348792 -0.7743183 0.5875909
vn -0.9456096 0.2388986 0.2207938
vn -0.9391673 0.2340085 0.2514057
vn -0.9456096 0.2388986 0.2207938
vn -0.9504422 0.242957 0.1939882
vn 0.1876767 0.3779136 -0.9066194
vn 0.1230532 0.2813669 -0.9516778
vn 0.1876767 0.3779136 -0.9066194
vn 0.2750326 0.5057836 -0.817643
vn 0.2618834 0.7223431 -0.6400293
vn 0.5441454 0.8347756 -0.08399602
vn 0.2618834 0.7223431 -0.6400293
vn -0.02786863 0.4395583 -0.8977817
vn 0.4990955 0.8258273 -0.2625127
vn 0.4715 0.8196453 -0.3253755
vn 0.4990955 0.8258273 -0.2625127
vn 0.5329956 0.8279251 -0.1745154
vn 0.4055397 0.9014966 0.1511336
vn -0.07562827 0.734951 -0.6738898
vn 0.4055397 0.9014966 0.1511336
vn 0.4642248 0.8257083 0.3204699
vn 0.07470697 0.2317364 0.9699057
vn -0.08591633 0.231128 0.9691224
vn 0.07470697 0.2317364 0.9699057
vn 0.2350489 0.226278 0.9452779
vn -0.06917208 -0.398759 0.9144433
vn -0.07872793 -0.3959154 0.9149059
vn -0.06917208 -0.398759 0.9144433
vn -0.06125056 -0.4010845 0.913991
vn -0.08149369 -0.718647 0.6905832
vn -0.308064 -0.6202213 0.7214029
vn -0.08149369 -0.718647 0.6905832
vn 0.1361577 -0.7706069 0.6225963
vn 0.08825938 -0.9172188 0.3884842
vn 0.1099135 -0.916926 0.3836217
vn 0.08825938 -0.9172188 0.3884842
vn 0.07416161 -0.9171668 0.3915421
vn 0.3293192 -0.943476 0.03743881
vn 0.2678359 -0.9618554 0.05566148
vn 0.3293192 -0.943476 0.03743881
vn 0.3899376 -0.920648 0.01886242
vn 0.5670652 -0.3849384 -0.7281891
vn 0.5561718 -0.393213 -0.7321588
vn 0.5670652 -0.3849384 -0.7281891
vn 0.5764 -0.3777143 -0.7246343

vt 0.4240167 0.35417
vt 0.3817148 0.3615618
vt 0.3801419 0.5016441
vt 0.4162683 0.578335
vt 0.3181631 0.5455095
vt 0.3801419 0.5016441
vt 0.3817148 0.3615618
vt 0.3458983 0.3555636
vt 0.005976111 0.6713267
vt 0.1621297 0.5957677
vt 0.1572649 0.3573359
vt 0.09032986 0.2760603
vt 0.6296117 0.3356602
vt 0.5767028 0.3436855
vt 0.7163801 0.7541323
vt 0.7778311 0.7163259
vt 0.4162683 0.578335
vt 0.3801419 0.5016441
vt 0.3181631 0.5455095
vt 0.3803526 0.7550352
vt 0.3883053 0.2173657
vt 0.3458983 0.3555636
vt 0.3817148 0.3615618
vt 0.4240167 0.35417
vt 0.5163419 0.6038018
vt 0.4577014 0.5776263
vt 0.4502001 0.7110448
vt 0.7623826 0.8863119
vt 0.9630115 0.6576055
vt 1 0.6377082
vt -5.960464E-08 0.257485
vt 0.9560505 0.231465
vt 0.5503824 0.2033967
vt 0.4589699 0.2118308
vt 0.4715121 0.3569686
vt 0.5167808 0.3437541
vt 0.5167808 0.3437541
vt 0.4715121 0.3569686
vt 0.4577014 0.5776263
vt 0.5163419 0.6038018
vt 0.9185526 0.7878723
vt 0.8466022 0.8217497
vt 0.9407167 1
vt 0.9783425 0.8581895
vt 0.3241832 0.7314995
vt 0.2734296 0.6735863
vt 0.2280218 0.608632
vt 0.199995 0.7162749
vt 0.2280218 0.608632
vt 0.2734296 0.6735863
vt 0.2795745 0.3619657
vt 0.2233166 0.33317
vt 0.1691191 0.1749346
vt 0.2233166 0.33317
vt 0.2795745 0.3619657
vt 0.2653245 0.1181273
vt 0.09560609 0.01015764
vt 0.4428239 0
vt 0.6914074 0.05911031
vt 0.8296325 0.07794246
vt 0.8493077 0.4445975
vt 0.8066356 0.5133614
vt 0.8294064 0.7049943
vt 0.8738323 0.6791247
vt 0.7623826 0.8863119
vt 0.4502001 0.7110448
vt 0.9407167 1
vt 0.8466022 0.8217497
vt 0.3803526 0.7550352
vt 0.3181631 0.5455095
vt 0.2734296 0.6735863
vt 0.3241832 0.7314995
vt 0.3181631 0.5455095
vt 0.3458983 0.3555636
vt 0.2795745 0.3619657
vt 0.2734296 0.6735863
vt 0.2653245 0.1181273
vt 0.2795745 0.3619657
vt 0.3458983 0.3555636
vt 0.3883053 0.2173657
vt 0.6914074 0.05911031
vt 0.4428239 0
vt 0.4589699 0.2118308
vt 0.5503824 0.2033967
vt 0.6296117 0.3356602
vt 0.7778311 0.7163259
vt 0.8294064 0.7049943
vt 0.8066356 0.5133614
vt 0.5163419 0.6038018
vt 0.7623826 0.8863119
vt 0.7778311 0.7163259
vt 0.7163801 0.7541323
vt 0.7623826 0.8863119
vt 0.8466022 0.8217497
vt 0.8294064 0.7049943
vt 0.7778311 0.7163259
vt 0.8738323 0.6791247
vt 0.8294064 0.7049943
vt 0.8466022 0.8217497
vt 0.9185526 0.7878723
vt 0.9630115 0.6576055
vt 0.9560505 0.231465
vt 0.8960555 0.408107
vt 0.9255074 0.6705195
vt 0.8296325 0.07794246
vt 0.6914074 0.05911031
vt 0.8066356 0.5133614
vt 0.8493077 0.4445975
vt 0.6914074 0.05911031
vt 0.5503824 0.2033967
vt 0.6296117 0.3356602
vt 0.8066356 0.5133614
vt 0.5503824 0.2033967
vt 0.5167808 0.3437541
vt 0.5767028 0.3436855
vt 0.6296117 0.3356602
vt 0.5167808 0.3437541
vt 0.5163419 0.6038018
vt 0.7163801 0.7541323
vt 0.5767028 0.3436855
vt 0.8738323 0.6791247
vt 0.9185526 0.7878723
vt 0.9630115 0.6576055
vt 0.9255074 0.6705195
vt 0.9185526 0.7878723
vt 0.9783425 0.8581895
vt 1 0.6377082
vt 0.9630115 0.6576055
vt 0.199995 0.7162749
vt 0.2280218 0.608632
vt 0.1621297 0.5957677
vt 0.005976111 0.6713267
vt 0.2280218 0.608632
vt 0.2233166 0.33317
vt 0.1572649 0.3573359
vt 0.1621297 0.5957677
vt 0.09032986 0.2760603
vt 0.1572649 0.3573359
vt 0.2233166 0.33317
vt 0.1691191 0.1749346
vt 0.09560609 0.01015764
vt 0.8296325 0.07794246
vt 0.9560505 0.231465
vt -5.960464E-08 0.257485
vt 0.8296325 0.07794246
vt 0.8493077 0.4445975
vt 0.8960555 0.408107
vt 0.9560505 0.231465
vt 0.8493077 0.4445975
vt 0.8738323 0.6791247
vt 0.9255074 0.6705195
vt 0.8960555 0.408107
vt 0.4162683 0.578335
vt 0.3803526 0.7550352
vt 0.4502001 0.7110448
vt 0.4577014 0.5776263
vt 0.3803526 0.7550352
vt 0.3241832 0.7314995
vt 0.9407167 1
vt 0.4502001 0.7110448
vt 0.3241832 0.7314995
vt 0.199995 0.7162749
vt 0.9783425 0.8581895
vt 0.9407167 1
vt 0.199995 0.7162749
vt 0.005976111 0.6713267
vt 1 0.6377082
vt 0.9783425 0.8581895
vt 0.005976111 0.6713267
vt 0.09032986 0.2760603
vt -5.960464E-08 0.257485
vt 1 0.6377082
vt 0.09032986 0.2760603
vt 0.1691191 0.1749346
vt 0.09560609 0.01015764
vt -5.960464E-08 0.257485
vt 0.1691191 0.1749346
vt 0.2653245 0.1181273
vt 0.4428239 0
vt 0.09560609 0.01015764
vt 0.2653245 0.1181273
vt 0.3883053 0.2173657
vt 0.4589699 0.2118308
vt 0.4428239 0
vt 0.3883053 0.2173657
vt 0.4240167 0.35417
vt 0.4715121 0.3569686
vt 0.4589699 0.2118308
vt 0.4240167 0.35417
vt 0.4162683 0.578335
vt 0.4577014 0.5776263
vt 0.4715121 0.3569686

usemap Standard_6D6D6D
usemtl Standard_6D6D6D
f 196/196/196 195/195/195 194/194/194 193/193/193 
f 200/200/200 199/199/199 198/198/198 197/197/197 
f 204/204/204 203/203/203 202/202/202 201/201/201 
f 208/208/208 207/207/207 206/206/206 205/205/205 
f 212/212/212 211/211/211 210/210/210 209/209/209 
f 216/216/216 215/215/215 214/214/214 213/213/213 
f 220/220/220 219/219/219 218/218/218 217/217/217 
f 224/224/224 223/223/223 222/222/222 221/221/221 
f 228/228/228 227/227/227 226/226/226 225/225/225 
f 232/232/232 231/231/231 230/230/230 229/229/229 
f 236/236/236 235/235/235 234/234/234 233/233/233 
f 240/240/240 239/239/239 238/238/238 237/237/237 
f 244/244/244 243/243/243 242/242/242 241/241/241 
f 248/248/248 247/247/247 246/246/246 245/245/245 
f 252/252/252 251/251/251 250/250/250 249/249/249 
f 256/256/256 255/255/255 254/254/254 253/253/253 
f 260/260/260 259/259/259 258/258/258 257/257/257 
f 264/264/264 263/263/263 262/262/262 261/261/261 
f 268/268/268 267/267/267 266/266/266 265/265/265 
f 272/272/272 271/271/271 270/270/270 269/269/269 
f 276/276/276 275/275/275 274/274/274 273/273/273 
f 280/280/280 279/279/279 278/278/278 277/277/277 
f 284/284/284 283/283/283 282/282/282 281/281/281 
f 288/288/288 287/287/287 286/286/286 285/285/285 
f 292/292/292 291/291/291 290/290/290 289/289/289 
f 296/296/296 295/295/295 294/294/294 293/293/293 
f 300/300/300 299/299/299 298/298/298 297/297/297 
f 304/304/304 303/303/303 302/302/302 301/301/301 
f 308/308/308 307/307/307 306/306/306 305/305/305 
f 312/312/312 311/311/311 310/310/310 309/309/309 
f 316/316/316 315/315/315 314/314/314 313/313/313 
f 320/320/320 319/319/319 318/318/318 317/317/317 
f 324/324/324 323/323/323 322/322/322 321/321/321 
f 328/328/328 327/327/327 326/326/326 325/325/325 
f 332/332/332 331/331/331 330/330/330 329/329/329 
f 336/336/336 335/335/335 334/334/334 333/333/333 
f 340/340/340 339/339/339 338/338/338 337/337/337 
f 344/344/344 343/343/343 342/342/342 341/341/341 
f 348/348/348 347/347/347 346/346/346 345/345/345 
f 352/352/352 351/351/351 350/350/350 349/349/349 
f 356/356/356 355/355/355 354/354/354 353/353/353 
f 360/360/360 359/359/359 358/358/358 357/357/357 
f 364/364/364 363/363/363 362/362/362 361/361/361 
f 368/368/368 367/367/367 366/366/366 365/365/365 
f 372/372/372 371/371/371 370/370/370 369/369/369 
f 376/376/376 375/375/375 374/374/374 373/373/373 
f 380/380/380 379/379/379 378/378/378 377/377/377 
f 384/384/384 383/383/383 382/382/382 381/381/381 

g s.0025
usemap Standard_6D6D6D
usemtl Standard_6D6D6D
v -0.2206291 -0.1654929 -0.1060622
v -0.2086658 -0.1566162 -0.109762
v -0.2227512 -0.1412844 -0.1062712
v -0.2376063 -0.1418534 -0.1083049
v -0.2125527 -0.1241549 -0.1002906
v -0.2227512 -0.1412844 -0.1062712
v -0.2086658 -0.1566162 -0.109762
v -0.2019999 -0.1483283 -0.10179
v -0.2192029 -0.1130628 -0.04351493
v -0.2090576 -0.1084828 -0.05793304
v -0.1943566 -0.1264245 -0.05362613
v -0.1975262 -0.1348483 -0.03851811
v -0.2524045 -0.1793019 -0.06192391
v -0.2496693 -0.1805321 -0.07518201
v -0.2670848 -0.1599516 -0.07989583
v -0.2654656 -0.1572264 -0.06351543
v -0.2376063 -0.1418534 -0.1083049
v -0.2227512 -0.1412844 -0.1062712
v -0.2125527 -0.1241549 -0.1002906
v -0.2425788 -0.1229776 -0.09447486
v -0.2071544 -0.1662574 -0.08962324
v -0.2019999 -0.1483283 -0.10179
v -0.2086658 -0.1566162 -0.109762
v -0.2206291 -0.1654929 -0.1060622
v -0.2589713 -0.1555603 -0.09160762
v -0.2473214 -0.1500852 -0.104757
v -0.2501853 -0.1375555 -0.09044556
v -0.2648743 -0.1423659 -0.07593409
v -0.2404424 -0.1243214 -0.0290665
v -0.2295557 -0.1177366 -0.02880183
v -0.2086702 -0.1424093 -0.02545743
v -0.2218114 -0.1527299 -0.02342071
v -0.2342281 -0.1806849 -0.07235328
v -0.2200971 -0.1767826 -0.08729843
v -0.2328371 -0.1745512 -0.1022867
v -0.2411493 -0.1775047 -0.0889016
v -0.2411493 -0.1775047 -0.0889016
v -0.2328371 -0.1745512 -0.1022867
v -0.2473214 -0.1500852 -0.104757
v -0.2589713 -0.1555603 -0.09160762
v -0.2531898 -0.1271957 -0.04663859
v -0.2599638 -0.1381734 -0.05877523
v -0.2495574 -0.1192186 -0.06959433
v -0.2469992 -0.1124105 -0.05169541
v -0.2325995 -0.1203413 -0.08453141
v -0.2195504 -0.1103233 -0.08596851
v -0.2103165 -0.1100433 -0.07527551
v -0.2222786 -0.1104577 -0.06547998
v -0.2103165 -0.1100433 -0.07527551
v -0.2195504 -0.1103233 -0.08596851
v -0.1911395 -0.1348254 -0.08880158
v -0.1889832 -0.1313123 -0.07097337
v -0.1919389 -0.1447348 -0.05350304
v -0.1889832 -0.1313123 -0.07097337
v -0.1911395 -0.1348254 -0.08880158
v -0.1924793 -0.1569015 -0.06797012
v -0.2029951 -0.1576198 -0.04461375
v -0.2129673 -0.1727965 -0.06450789
v -0.2293984 -0.1793888 -0.04773162
v -0.2285402 -0.1644181 -0.03870349
v -0.2465971 -0.1706441 -0.03129131
v -0.2571927 -0.1731774 -0.0442185
v -0.2658904 -0.1502117 -0.04967587
v -0.2612105 -0.1431105 -0.03763487
v -0.2648743 -0.1423659 -0.07593409
v -0.2501853 -0.1375555 -0.09044556
v -0.2495574 -0.1192186 -0.06959433
v -0.2599638 -0.1381734 -0.05877523
v -0.2425788 -0.1229776 -0.09447486
v -0.2125527 -0.1241549 -0.1002906
v -0.2195504 -0.1103233 -0.08596851
v -0.2325995 -0.1203413 -0.08453141
v -0.2125527 -0.1241549 -0.1002906
v -0.2019999 -0.1483283 -0.10179
v -0.1911395 -0.1348254 -0.08880158
v -0.2195504 -0.1103233 -0.08596851
v -0.1924793 -0.1569015 -0.06797012
v -0.1911395 -0.1348254 -0.08880158
v -0.2019999 -0.1483283 -0.10179
v -0.2071544 -0.1662574 -0.08962324
v -0.2293984 -0.1793888 -0.04773162
v -0.2129673 -0.1727965 -0.06450789
v -0.2200971 -0.1767826 -0.08729843
v -0.2342281 -0.1806849 -0.07235328
v -0.2524045 -0.1793019 -0.06192391
v -0.2654656 -0.1572264 -0.06351543
v -0.2658904 -0.1502117 -0.04967587
v -0.2571927 -0.1731774 -0.0442185
v -0.2589713 -0.1555603 -0.09160762
v -0.2648743 -0.1423659 -0.07593409
v -0.2654656 -0.1572264 -0.06351543
v -0.2670848 -0.1599516 -0.07989583
v -0.2648743 -0.1423659 -0.07593409
v -0.2599638 -0.1381734 -0.05877523
v -0.2658904 -0.1502117 -0.04967587
v -0.2654656 -0.1572264 -0.06351543
v -0.2612105 -0.1431105 -0.03763487
v -0.2658904 -0.1502117 -0.04967587
v -0.2599638 -0.1381734 -0.05877523
v -0.2531898 -0.1271957 -0.04663859
v -0.2404424 -0.1243214 -0.0290665
v -0.2218114 -0.1527299 -0.02342071
v -0.2352811 -0.1633083 -0.02133308
v -0.2516011 -0.1310707 -0.02933779
v -0.2285402 -0.1644181 -0.03870349
v -0.2293984 -0.1793888 -0.04773162
v -0.2571927 -0.1731774 -0.0442185
v -0.2465971 -0.1706441 -0.03129131
v -0.2293984 -0.1793888 -0.04773162
v -0.2342281 -0.1806849 -0.07235328
v -0.2524045 -0.1793019 -0.06192391
v -0.2571927 -0.1731774 -0.0442185
v -0.2342281 -0.1806849 -0.07235328
v -0.2411493 -0.1775047 -0.0889016
v -0.2496693 -0.1805321 -0.07518201
v -0.2524045 -0.1793019 -0.06192391
v -0.2411493 -0.1775047 -0.0889016
v -0.2589713 -0.1555603 -0.09160762
v -0.2670848 -0.1599516 -0.07989583
v -0.2496693 -0.1805321 -0.07518201
v -0.2612105 -0.1431105 -0.03763487
v -0.2531898 -0.1271957 -0.04663859
v -0.2404424 -0.1243214 -0.0290665
v -0.2516011 -0.1310707 -0.02933779
v -0.2531898 -0.1271957 -0.04663859
v -0.2469992 -0.1124105 -0.05169541
v -0.2295557 -0.1177366 -0.02880183
v -0.2404424 -0.1243214 -0.0290665
v -0.2222786 -0.1104577 -0.06547998
v -0.2103165 -0.1100433 -0.07527551
v -0.2090576 -0.1084828 -0.05793304
v -0.2192029 -0.1130628 -0.04351493
v -0.2103165 -0.1100433 -0.07527551
v -0.1889832 -0.1313123 -0.07097337
v -0.1943566 -0.1264245 -0.05362613
v -0.2090576 -0.1084828 -0.05793304
v -0.1975262 -0.1348483 -0.03851811
v -0.1943566 -0.1264245 -0.05362613
v -0.1889832 -0.1313123 -0.07097337
v -0.1919389 -0.1447348 -0.05350304
v -0.2029951 -0.1576198 -0.04461375
v -0.2285402 -0.1644181 -0.03870349
v -0.2218114 -0.1527299 -0.02342071
v -0.2086702 -0.1424093 -0.02545743
v -0.2285402 -0.1644181 -0.03870349
v -0.2465971 -0.1706441 -0.03129131
v -0.2352811 -0.1633083 -0.02133308
v -0.2218114 -0.1527299 -0.02342071
v -0.2465971 -0.1706441 -0.03129131
v -0.2612105 -0.1431105 -0.03763487
v -0.2516011 -0.1310707 -0.02933779
v -0.2352811 -0.1633083 -0.02133308
v -0.2376063 -0.1418534 -0.1083049
v -0.2425788 -0.1229776 -0.09447486
v -0.2501853 -0.1375555 -0.09044556
v -0.2473214 -0.1500852 -0.104757
v -0.2425788 -0.1229776 -0.09447486
v -0.2325995 -0.1203413 -0.08453141
v -0.2495574 -0.1192186 -0.06959433
v -0.2501853 -0.1375555 -0.09044556
v -0.2325995 -0.1203413 -0.08453141
v -0.2222786 -0.1104577 -0.06547998
v -0.2469992 -0.1124105 -0.05169541
v -0.2495574 -0.1192186 -0.06959433
v -0.2222786 -0.1104577 -0.06547998
v -0.2192029 -0.1130628 -0.04351493
v -0.2295557 -0.1177366 -0.02880183
v -0.2469992 -0.1124105 -0.05169541
v -0.2192029 -0.1130628 -0.04351493
v -0.1975262 -0.1348483 -0.03851811
v -0.2086702 -0.1424093 -0.02545743
v -0.2295557 -0.1177366 -0.02880183
v -0.1975262 -0.1348483 -0.03851811
v -0.1919389 -0.1447348 -0.05350304
v -0.2029951 -0.1576198 -0.04461375
v -0.2086702 -0.1424093 -0.02545743
v -0.1919389 -0.1447348 -0.05350304
v -0.1924793 -0.1569015 -0.06797012
v -0.2129673 -0.1727965 -0.06450789
v -0.2029951 -0.1576198 -0.04461375
v -0.1924793 -0.1569015 -0.06797012
v -0.2071544 -0.1662574 -0.08962324
v -0.2200971 -0.1767826 -0.08729843
v -0.2129673 -0.1727965 -0.06450789
v -0.2071544 -0.1662574 -0.08962324
v -0.2206291 -0.1654929 -0.1060622
v -0.2328371 -0.1745512 -0.1022867
v -0.2200971 -0.1767826 -0.08729843
v -0.2206291 -0.1654929 -0.1060622
v -0.2376063 -0.1418534 -0.1083049
v -0.2473214 -0.1500852 -0.104757
v -0.2328371 -0.1745512 -0.1022867

vn -0.05721575 -0.01363412 -0.9982688
vn -0.2733776 -0.03226465 -0.9613655
vn -0.05721575 -0.01363412 -0.9982688
vn 0.1355143 0.003325649 -0.9907697
vn 0.2975754 0.3000727 -0.9063141
vn 0.0765792 0.2877144 -0.9546497
vn 0.2975754 0.3000727 -0.9063141
vn 0.5613052 0.2930423 -0.7739915
vn 0.558671 0.6361856 0.5321228
vn 0.5561122 0.5949658 0.5803059
vn 0.558671 0.6361856 0.5321228
vn 0.5590832 0.6687148 0.4901494
vn -0.8160091 -0.5761921 0.04617132
vn -0.7493094 -0.6555496 -0.09375654
vn -0.8160091 -0.5761921 0.04617132
vn -0.8538507 -0.493185 0.1664557
vn -0.06669671 0.4884046 -0.8700646
vn 0.1210295 0.262207 -0.9573919
vn -0.06669671 0.4884046 -0.8700646
vn -0.1359947 0.5619739 -0.8158987
vn 0.6756336 -0.6439341 -0.3589822
vn 0.860498 -0.4313442 -0.2710821
vn 0.6756336 -0.6439341 -0.3589822
vn 0.4575077 -0.7881745 -0.4116647
vn -0.7343324 0.3940164 -0.5527267
vn -0.7616149 0.4043404 -0.5064107
vn -0.7343324 0.3940164 -0.5527267
vn -0.7094549 0.3843294 -0.5907323
vn -0.02947152 0.1455486 0.988912
vn -0.06992917 0.07563397 0.9946806
vn -0.02947152 0.1455486 0.988912
vn -0.000706511 0.1944783 0.9809065
vn 0.04868416 -0.9789254 -0.1983301
vn 0.06115378 -0.9783661 -0.1976359
vn 0.04868416 -0.9789254 -0.1983301
vn 0.02685277 -0.9795361 -0.1994696
vn -0.6117182 -0.4946707 -0.6173344
vn -0.7002389 -0.4689076 -0.5383226
vn -0.6117182 -0.4946707 -0.6173344
vn -0.5264305 -0.5113018 -0.6792948
vn -0.8946834 0.4464942 0.01358732
vn -0.8674238 0.496322 0.03521597
vn -0.8946834 0.4464942 0.01358732
vn -0.9239447 0.3822931 -0.01335287
vn -0.402669 0.9141062 -0.04761843
vn -0.5197087 0.7385561 0.4294621
vn -0.402669 0.9141062 -0.04761843
vn -0.2880005 0.9048885 -0.3134208
vn 0.6405813 0.6850509 -0.3469306
vn 0.542358 0.6851059 -0.4862897
vn 0.6405813 0.6850509 -0.3469306
vn 0.7107674 0.6688681 -0.2177729
vn 0.9904122 -0.1372036 -0.01608989
vn 0.9560142 -0.2873228 -0.05901207
vn 0.9904122 -0.1372036 -0.01608989
vn 0.9985434 -0.05341446 0.007616442
vn 0.5030963 -0.6855628 0.5262107
vn 0.5905164 -0.7564871 0.2811009
vn 0.5030963 -0.6855628 0.5262107
vn 0.3196185 -0.5026985 0.803205
vn -0.7879995 -0.2303235 0.570971
vn -0.7537047 -0.1324814 0.6437219
vn -0.7879995 -0.2303235 0.570971
vn -0.807799 -0.3137678 0.4990096
vn -0.7814355 0.5800676 -0.2299566
vn -0.66382 0.5714148 -0.4825228
vn -0.7814355 0.5800676 -0.2299566
vn -0.842559 0.5267401 0.1124239
vn -0.2549242 0.8143722 -0.5213556
vn -0.1121589 0.6868296 -0.7181125
vn -0.2549242 0.8143722 -0.5213556
vn -0.5468444 0.7620408 0.346778
vn 0.5905368 0.5271021 -0.6110889
vn 0.5613051 0.2930423 -0.7739914
vn 0.5905368 0.5271021 -0.6110889
vn 0.5729089 0.7113732 -0.4070916
vn 0.84058 -0.4193176 -0.3429256
vn 0.8650745 -0.3710545 -0.3375866
vn 0.84058 -0.4193176 -0.3429256
vn 0.8118504 -0.4692051 -0.3474843
vn 0.341804 -0.9395899 0.01846072
vn 0.4020637 -0.914971 0.03424802
vn 0.341804 -0.9395899 0.01846072
vn 0.2649871 -0.9642512 -0.001221581
vn -0.901876 -0.4309208 0.03044619
vn -0.8464569 -0.484963 0.2198219
vn -0.901876 -0.4309208 0.03044619
vn -0.918955 -0.3761698 -0.1183975
vn -0.9624656 0.1688517 -0.2124832
vn -0.9604694 -0.1550198 -0.2312304
vn -0.9624656 0.1688517 -0.2124832
vn -0.5625893 0.8227332 -0.08126044
vn -0.9626501 0.2673706 0.04263445
vn -0.8520561 0.5096716 0.1193121
vn -0.9626501 0.2673706 0.04263445
vn -0.999313 0.009919337 -0.03570885
vn -0.8772918 0.4762567 0.05948699
vn -0.8769684 0.4768327 0.05964058
vn -0.8772918 0.4762567 0.05948699
vn -0.8775237 0.4758429 0.05937666
vn -0.05903696 0.1867034 0.9806408
vn -0.0007065802 0.1944783 0.9809065
vn -0.05903696 0.1867034 0.9806408
vn -0.1303417 0.1762782 0.9756726
vn 0.1367709 -0.8081182 0.5729213
vn -0.00708039 -0.516107 0.8564948
vn 0.1367709 -0.8081182 0.5729213
vn 0.3026292 -0.9511116 -0.06166434
vn -0.1096454 -0.9790205 0.1717461
vn -0.04112796 -0.9973165 0.06056558
vn -0.1096454 -0.9790205 0.1717461
vn -0.1757075 -0.944065 0.2790487
vn 0.002144045 -0.9978451 -0.06557927
vn 0.026853 -0.9795361 -0.1994697
vn 0.002144045 -0.9978451 -0.06557927
vn -0.02580291 -0.9958669 0.08708201
vn -0.5895172 -0.585573 -0.5563936
vn -0.5793875 -0.5452495 -0.605816
vn -0.5895172 -0.585573 -0.5563936
vn -0.5968091 -0.6213179 -0.5077233
vn -0.7025808 0.6779164 0.216355
vn -0.6989697 0.5849935 0.4113683
vn -0.7025808 0.6779164 0.216355
vn -0.4207784 0.7179648 -0.5545017
vn -0.6191455 0.6066032 0.4986898
vn -0.643309 0.4747776 0.6006162
vn -0.6191455 0.6066032 0.4986898
vn -0.5074986 0.8297092 0.2324387
vn -0.1727807 0.9839227 0.04519948
vn -0.1013797 0.9914742 -0.08185975
vn -0.1727807 0.9839227 0.04519948
vn -0.2271764 0.9628462 0.1460074
vn 0.7398407 0.6717575 -0.037118
vn 0.7040914 0.7098791 0.01808118
vn 0.7398407 0.6717575 -0.037118
vn 0.7816494 0.6135885 -0.1119534
vn 0.9555879 0.1279621 0.2654761
vn 0.9576203 0.1140435 0.2644947
vn 0.9555879 0.1279621 0.2654761
vn 0.9543077 0.1361115 0.2660271
vn 0.4301048 -0.7178176 0.5474923
vn 0.3275481 -0.814557 0.478758
vn 0.4301048 -0.7178176 0.5474923
vn 0.5438976 -0.5712401 0.6147034
vn 0.5131937 -0.8205729 0.2515796
vn 0.3947241 -0.8944033 0.2103225
vn 0.5131937 -0.8205729 0.2515796
vn 0.6187938 -0.7313056 0.2868561
vn -0.5909766 -0.1141484 0.7985717
vn -0.5654458 -0.1118381 0.8171678
vn -0.5909766 -0.1141484 0.7985717
vn -0.6127008 -0.1160648 0.7817459
vn -0.7233027 0.3519055 -0.5941344
vn -0.7670596 0.235263 -0.5968842
vn -0.7233027 0.3519055 -0.5941344
vn -0.6411471 0.5092229 -0.5741275
vn -0.6200841 0.7311751 -0.2843919
vn -0.08713646 0.9811181 -0.1726684
vn -0.6200841 0.7311751 -0.2843919
vn -0.8767792 0.3739032 -0.3024147
vn -0.2438026 0.9128892 -0.3274044
vn -0.2567381 0.90773 -0.331831
vn -0.2438026 0.9128892 -0.3274044
vn -0.2200976 0.921789 -0.3191585
vn -0.03239942 0.9815642 0.1883669
vn -0.2271764 0.9628462 0.1460074
vn -0.03239942 0.9815642 0.1883669
vn 0.03485742 0.978932 0.2011887
vn 0.5032961 0.5766386 0.6435688
vn 0.4225215 0.5801332 0.6963627
vn 0.5032961 0.5766386 0.6435688
vn 0.577189 0.5681086 0.5866051
vn 0.7994276 -0.3269152 0.5040258
vn 0.7938323 -0.3277718 0.512246
vn 0.7994276 -0.3269152 0.5040258
vn 0.8040025 -0.3261809 0.4971779
vn 0.704434 -0.6444854 0.2973402
vn 0.5788631 -0.6345939 0.5120625
vn 0.704434 -0.6444854 0.2973402
vn 0.7827218 -0.6173838 0.07863791
vn 0.6119858 -0.7883071 -0.06360199
vn 0.6197588 -0.7804087 -0.08283291
vn 0.6119858 -0.7883071 -0.06360199
vn 0.606772 -0.7932327 -0.05108579
vn 0.4711757 -0.7498189 -0.4645052
vn 0.4575078 -0.7881743 -0.4116648
vn 0.4711757 -0.7498189 -0.4645052
vn 0.4828534 -0.7076872 -0.5157823
vn -0.1635943 -0.2016067 -0.9657078
vn -0.1703267 -0.2135874 -0.9619612
vn -0.1635943 -0.2016067 -0.9657078
vn -0.1577411 -0.1912054 -0.9687922

vt 0.4446005 0.3553474
vt 0.3907578 0.3601971
vt 0.3891531 0.5092768
vt 0.435417 0.5840148
vt 0.3101418 0.5509531
vt 0.3891531 0.5092768
vt 0.3907578 0.3601971
vt 0.3453365 0.3552402
vt 0.04573005 0.6054012
vt 0.1220659 0.5870864
vt 0.1164701 0.3897652
vt 0.04847187 0.3398401
vt 0.6844479 0.382284
vt 0.6291422 0.3749737
vt 0.6242746 0.6004842
vt 0.6934416 0.6064147
vt 0.435417 0.5840148
vt 0.3891531 0.5092768
vt 0.3101418 0.5509531
vt 0.3911206 0.7684178
vt 0.4021563 0.2073605
vt 0.3453365 0.3552402
vt 0.3907578 0.3601971
vt 0.4446005 0.3553474
vt 0.5626382 0.6040585
vt 0.487801 0.5816231
vt 0.4943936 0.7317924
vt 0.6317661 0.7485911
vt 0.9518369 0.6237677
vt 0.9997728 0.5982616
vt 1 0.3457709
vt 0.9332949 0.3452764
vt 0.6191062 0.2456009
vt 0.5005754 0.2153064
vt 0.5027884 0.3631296
vt 0.5617409 0.3610557
vt 0.5617409 0.3610557
vt 0.5027884 0.3631296
vt 0.487801 0.5816231
vt 0.5626382 0.6040585
vt 0.8853395 0.7665609
vt 0.7555474 0.7683147
vt 0.1121303 1
vt 0.9959674 0.8331193
vt 0.3033947 0.7659088
vt 0.2479131 0.6744809
vt 0.1946656 0.6087712
vt 0.1435782 0.7027336
vt 0.1946656 0.6087712
vt 0.2479131 0.6744809
vt 0.2623254 0.367463
vt 0.1913626 0.3509009
vt 0.1112513 0.2294652
vt 0.1913626 0.3509009
vt 0.2623254 0.367463
vt 0.2130482 0.1289077
vt 2.980232E-08 0.1460653
vt 0.6008666 -5.960464E-08
vt 0.7675558 0.1963463
vt 0.8564579 0.2729391
vt 0.8111273 0.3818569
vt 0.7541142 0.4317154
vt 0.7622136 0.6339475
vt 0.8263299 0.6314182
vt 0.6317661 0.7485911
vt 0.4943936 0.7317924
vt 0.1121303 1
vt 0.7555474 0.7683147
vt 0.3911206 0.7684178
vt 0.3101418 0.5509531
vt 0.2479131 0.6744809
vt 0.3033947 0.7659088
vt 0.3101418 0.5509531
vt 0.3453365 0.3552402
vt 0.2623254 0.367463
vt 0.2479131 0.6744809
vt 0.2130482 0.1289077
vt 0.2623254 0.367463
vt 0.3453365 0.3552402
vt 0.4021563 0.2073605
vt 0.7675558 0.1963463
vt 0.6008666 -5.960464E-08
vt 0.5005754 0.2153064
vt 0.6191062 0.2456009
vt 0.6844479 0.382284
vt 0.6934416 0.6064147
vt 0.7622136 0.6339475
vt 0.7541142 0.4317154
vt 0.5626382 0.6040585
vt 0.6317661 0.7485911
vt 0.6934416 0.6064147
vt 0.6242746 0.6004842
vt 0.6317661 0.7485911
vt 0.7555474 0.7683147
vt 0.7622136 0.6339475
vt 0.6934416 0.6064147
vt 0.8263299 0.6314182
vt 0.7622136 0.6339475
vt 0.7555474 0.7683147
vt 0.8853395 0.7665609
vt 0.9518369 0.6237677
vt 0.9332949 0.3452764
vt 0.8707491 0.3622932
vt 0.8989964 0.637407
vt 0.8564579 0.2729391
vt 0.7675558 0.1963463
vt 0.7541142 0.4317154
vt 0.8111273 0.3818569
vt 0.7675558 0.1963463
vt 0.6191062 0.2456009
vt 0.6844479 0.382284
vt 0.7541142 0.4317154
vt 0.6191062 0.2456009
vt 0.5617409 0.3610557
vt 0.6291422 0.3749737
vt 0.6844479 0.382284
vt 0.5617409 0.3610557
vt 0.5626382 0.6040585
vt 0.6242746 0.6004842
vt 0.6291422 0.3749737
vt 0.8263299 0.6314182
vt 0.8853395 0.7665609
vt 0.9518369 0.6237677
vt 0.8989964 0.637407
vt 0.8853395 0.7665609
vt 0.9959674 0.8331193
vt 0.9997728 0.5982616
vt 0.9518369 0.6237677
vt 0.1435782 0.7027336
vt 0.1946656 0.6087712
vt 0.1220659 0.5870864
vt 0.04573005 0.6054012
vt 0.1946656 0.6087712
vt 0.1913626 0.3509009
vt 0.1164701 0.3897652
vt 0.1220659 0.5870864
vt 0.04847187 0.3398401
vt 0.1164701 0.3897652
vt 0.1913626 0.3509009
vt 0.1112513 0.2294652
vt 2.980232E-08 0.1460653
vt 0.8564579 0.2729391
vt 0.9332949 0.3452764
vt 1 0.3457709
vt 0.8564579 0.2729391
vt 0.8111273 0.3818569
vt 0.8707491 0.3622932
vt 0.9332949 0.3452764
vt 0.8111273 0.3818569
vt 0.8263299 0.6314182
vt 0.8989964 0.637407
vt 0.8707491 0.3622932
vt 0.435417 0.5840148
vt 0.3911206 0.7684178
vt 0.4943936 0.7317924
vt 0.487801 0.5816231
vt 0.3911206 0.7684178
vt 0.3033947 0.7659088
vt 0.1121303 1
vt 0.4943936 0.7317924
vt 0.3033947 0.7659088
vt 0.1435782 0.7027336
vt 0.9959674 0.8331193
vt 0.1121303 1
vt 0.1435782 0.7027336
vt 0.04573005 0.6054012
vt 0.9997728 0.5982616
vt 0.9959674 0.8331193
vt 0.04573005 0.6054012
vt 0.04847187 0.3398401
vt 1 0.3457709
vt 0.9997728 0.5982616
vt 0.04847187 0.3398401
vt 0.1112513 0.2294652
vt 2.980232E-08 0.1460653
vt 1 0.3457709
vt 0.1112513 0.2294652
vt 0.2130482 0.1289077
vt 0.6008666 -5.960464E-08
vt 2.980232E-08 0.1460653
vt 0.2130482 0.1289077
vt 0.4021563 0.2073605
vt 0.5005754 0.2153064
vt 0.6008666 -5.960464E-08
vt 0.4021563 0.2073605
vt 0.4446005 0.3553474
vt 0.5027884 0.3631296
vt 0.5005754 0.2153064
vt 0.4446005 0.3553474
vt 0.435417 0.5840148
vt 0.487801 0.5816231
vt 0.5027884 0.3631296

usemap Standard_6D6D6D
usemtl Standard_6D6D6D
f 388/388/388 387/387/387 386/386/386 385/385/385 
f 392/392/392 391/391/391 390/390/390 389/389/389 
f 396/396/396 395/395/395 394/394/394 393/393/393 
f 400/400/400 399/399/399 398/398/398 397/397/397 
f 404/404/404 403/403/403 402/402/402 401/401/401 
f 408/408/408 407/407/407 406/406/406 405/405/405 
f 412/412/412 411/411/411 410/410/410 409/409/409 
f 416/416/416 415/415/415 414/414/414 413/413/413 
f 420/420/420 419/419/419 418/418/418 417/417/417 
f 424/424/424 423/423/423 422/422/422 421/421/421 
f 428/428/428 427/427/427 426/426/426 425/425/425 
f 432/432/432 431/431/431 430/430/430 429/429/429 
f 436/436/436 435/435/435 434/434/434 433/433/433 
f 440/440/440 439/439/439 438/438/438 437/437/437 
f 444/444/444 443/443/443 442/442/442 441/441/441 
f 448/448/448 447/447/447 446/446/446 445/445/445 
f 452/452/452 451/451/451 450/450/450 449/449/449 
f 456/456/456 455/455/455 454/454/454 453/453/453 
f 460/460/460 459/459/459 458/458/458 457/457/457 
f 464/464/464 463/463/463 462/462/462 461/461/461 
f 468/468/468 467/467/467 466/466/466 465/465/465 
f 472/472/472 471/471/471 470/470/470 469/469/469 
f 476/476/476 475/475/475 474/474/474 473/473/473 
f 480/480/480 479/479/479 478/478/478 477/477/477 
f 484/484/484 483/483/483 482/482/482 481/481/481 
f 488/488/488 487/487/487 486/486/486 485/485/485 
f 492/492/492 491/491/491 490/490/490 489/489/489 
f 496/496/496 495/495/495 494/494/494 493/493/493 
f 500/500/500 499/499/499 498/498/498 497/497/497 
f 504/504/504 503/503/503 502/502/502 501/501/501 
f 508/508/508 507/507/507 506/506/506 505/505/505 
f 512/512/512 511/511/511 510/510/510 509/509/509 
f 516/516/516 515/515/515 514/514/514 513/513/513 
f 520/520/520 519/519/519 518/518/518 517/517/517 
f 524/524/524 523/523/523 522/522/522 521/521/521 
f 528/528/528 527/527/527 526/526/526 525/525/525 
f 532/532/532 531/531/531 530/530/530 529/529/529 
f 536/536/536 535/535/535 534/534/534 533/533/533 
f 540/540/540 539/539/539 538/538/538 537/537/537 
f 544/544/544 543/543/543 542/542/542 541/541/541 
f 548/548/548 547/547/547 546/546/546 545/545/545 
f 552/552/552 551/551/551 550/550/550 549/549/549 
f 556/556/556 555/555/555 554/554/554 553/553/553 
f 560/560/560 559/559/559 558/558/558 557/557/557 
f 564/564/564 563/563/563 562/562/562 561/561/561 
f 568/568/568 567/567/567 566/566/566 565/565/565 
f 572/572/572 571/571/571 570/570/570 569/569/569 
f 576/576/576 575/575/575 574/574/574 573/573/573 

g s.0026
usemap Standard_6D6D6D
usemtl Standard_6D6D6D
v 0.2274302 -0.1790306 -0.1287393
v 0.2490843 -0.1892618 -0.1359831
v 0.2551059 -0.1571321 -0.1467351
v 0.2387688 -0.1406809 -0.154525
v 0.2886092 -0.151784 -0.1465525
v 0.2551059 -0.1571321 -0.1467351
v 0.2490843 -0.1892618 -0.1359831
v 0.2688343 -0.1852545 -0.1280239
v 0.3262188 -0.07031174 -0.05785923
v 0.3264891 -0.1138584 -0.0957652
v 0.3157333 -0.1449504 -0.061415
v 0.3062671 -0.1377614 -0.03532912
v 0.1941444 -0.1199895 -0.06731788
v 0.1906683 -0.1336366 -0.084425
v 0.1969146 -0.09893112 -0.1117559
v 0.2077151 -0.08727158 -0.08968598
v 0.2387688 -0.1406809 -0.154525
v 0.2551059 -0.1571321 -0.1467351
v 0.2886092 -0.151784 -0.1465525
v 0.2619816 -0.1097127 -0.1497458
v 0.2458462 -0.1847605 -0.09992746
v 0.2688343 -0.1852545 -0.1280239
v 0.2490843 -0.1892618 -0.1359831
v 0.2274302 -0.1790306 -0.1287393
v 0.2063251 -0.1136214 -0.1286756
v 0.2201138 -0.1328131 -0.14715
v 0.2377811 -0.1092022 -0.1364919
v 0.2222452 -0.08477309 -0.1176175
v 0.2975816 -0.04064207 -0.03811397
v 0.3160079 -0.0501605 -0.0376666
v 0.2965239 -0.1188185 -0.02548835
v 0.271315 -0.1094569 -0.02002891
v 0.2069852 -0.1508335 -0.07478584
v 0.2206862 -0.1756064 -0.09384266
v 0.205333 -0.1685901 -0.1213473
v 0.1980912 -0.151329 -0.103114
v 0.1980912 -0.151329 -0.103114
v 0.205333 -0.1685901 -0.1213473
v 0.2201138 -0.1328131 -0.14715
v 0.2063251 -0.1136214 -0.1286756
v 0.276412 -0.03764365 -0.06669869
v 0.2384372 -0.07545252 -0.09429197
v 0.268442 -0.0806607 -0.1193134
v 0.2997174 -0.03882221 -0.08105605
v 0.2787816 -0.1129489 -0.1338366
v 0.3037373 -0.1220195 -0.1382605
v 0.3171465 -0.1257019 -0.1198965
v 0.3081011 -0.1044128 -0.1098663
v 0.3171465 -0.1257019 -0.1198965
v 0.3037373 -0.1220195 -0.1382605
v 0.2978534 -0.1788287 -0.1065305
v 0.3096133 -0.1670236 -0.08179031
v 0.2946325 -0.1625462 -0.04910245
v 0.3096133 -0.1670236 -0.08179031
v 0.2978534 -0.1788287 -0.1065305
v 0.2743159 -0.181093 -0.06301355
v 0.276651 -0.1514423 -0.04019211
v 0.2408494 -0.1652463 -0.06153791
v 0.2221685 -0.1385113 -0.03880045
v 0.2447112 -0.1212348 -0.03607488
v 0.2215282 -0.09875696 -0.02754965
v 0.2031782 -0.09676706 -0.0480127
v 0.2208566 -0.07142653 -0.07497498
v 0.2513678 -0.03221624 -0.04663129
v 0.2222452 -0.08477309 -0.1176175
v 0.2377811 -0.1092022 -0.1364919
v 0.268442 -0.0806607 -0.1193134
v 0.2384372 -0.07545252 -0.09429197
v 0.2619816 -0.1097127 -0.1497458
v 0.2886092 -0.151784 -0.1465525
v 0.3037373 -0.1220195 -0.1382605
v 0.2787816 -0.1129489 -0.1338366
v 0.2886092 -0.151784 -0.1465525
v 0.2688343 -0.1852545 -0.1280239
v 0.2978534 -0.1788287 -0.1065305
v 0.3037373 -0.1220195 -0.1382605
v 0.2743159 -0.181093 -0.06301355
v 0.2978534 -0.1788287 -0.1065305
v 0.2688343 -0.1852545 -0.1280239
v 0.2458462 -0.1847605 -0.09992746
v 0.2221685 -0.1385113 -0.03880045
v 0.2408494 -0.1652463 -0.06153791
v 0.2206862 -0.1756064 -0.09384266
v 0.2069852 -0.1508335 -0.07478584
v 0.1941444 -0.1199895 -0.06731788
v 0.2077151 -0.08727158 -0.08968598
v 0.2208566 -0.07142653 -0.07497498
v 0.2031782 -0.09676706 -0.0480127
v 0.2063251 -0.1136214 -0.1286756
v 0.2222452 -0.08477309 -0.1176175
v 0.2077151 -0.08727158 -0.08968598
v 0.1969146 -0.09893112 -0.1117559
v 0.2222452 -0.08477309 -0.1176175
v 0.2384372 -0.07545252 -0.09429197
v 0.2208566 -0.07142653 -0.07497498
v 0.2077151 -0.08727158 -0.08968598
v 0.2513678 -0.03221624 -0.04663129
v 0.2208566 -0.07142653 -0.07497498
v 0.2384372 -0.07545252 -0.09429197
v 0.276412 -0.03764365 -0.06669869
v 0.2975816 -0.04064207 -0.03811397
v 0.271315 -0.1094569 -0.02002891
v 0.2454761 -0.09986136 -0.01443304
v 0.2786948 -0.03088577 -0.03857271
v 0.2447112 -0.1212348 -0.03607488
v 0.2221685 -0.1385113 -0.03880045
v 0.2031782 -0.09676706 -0.0480127
v 0.2215282 -0.09875696 -0.02754965
v 0.2221685 -0.1385113 -0.03880045
v 0.2069852 -0.1508335 -0.07478584
v 0.1941444 -0.1199895 -0.06731788
v 0.2031782 -0.09676706 -0.0480127
v 0.2069852 -0.1508335 -0.07478584
v 0.1980912 -0.151329 -0.103114
v 0.1906683 -0.1336366 -0.084425
v 0.1941444 -0.1199895 -0.06731788
v 0.1980912 -0.151329 -0.103114
v 0.2063251 -0.1136214 -0.1286756
v 0.1969146 -0.09893112 -0.1117559
v 0.1906683 -0.1336366 -0.084425
v 0.2513678 -0.03221624 -0.04663129
v 0.276412 -0.03764365 -0.06669869
v 0.2975816 -0.04064207 -0.03811397
v 0.2786948 -0.03088577 -0.03857271
v 0.276412 -0.03764365 -0.06669869
v 0.2997174 -0.03882221 -0.08105605
v 0.3160079 -0.0501605 -0.0376666
v 0.2975816 -0.04064207 -0.03811397
v 0.3081011 -0.1044128 -0.1098663
v 0.3171465 -0.1257019 -0.1198965
v 0.3264891 -0.1138584 -0.0957652
v 0.3262188 -0.07031174 -0.05785923
v 0.3171465 -0.1257019 -0.1198965
v 0.3096133 -0.1670236 -0.08179031
v 0.3157333 -0.1449504 -0.061415
v 0.3264891 -0.1138584 -0.0957652
v 0.3062671 -0.1377614 -0.03532912
v 0.3157333 -0.1449504 -0.061415
v 0.3096133 -0.1670236 -0.08179031
v 0.2946325 -0.1625462 -0.04910245
v 0.276651 -0.1514423 -0.04019211
v 0.2447112 -0.1212348 -0.03607488
v 0.271315 -0.1094569 -0.02002891
v 0.2965239 -0.1188185 -0.02548835
v 0.2447112 -0.1212348 -0.03607488
v 0.2215282 -0.09875696 -0.02754965
v 0.2454761 -0.09986136 -0.01443304
v 0.271315 -0.1094569 -0.02002891
v 0.2215282 -0.09875696 -0.02754965
v 0.2513678 -0.03221624 -0.04663129
v 0.2786948 -0.03088577 -0.03857271
v 0.2454761 -0.09986136 -0.01443304
v 0.2387688 -0.1406809 -0.154525
v 0.2619816 -0.1097127 -0.1497458
v 0.2377811 -0.1092022 -0.1364919
v 0.2201138 -0.1328131 -0.14715
v 0.2619816 -0.1097127 -0.1497458
v 0.2787816 -0.1129489 -0.1338366
v 0.268442 -0.0806607 -0.1193134
v 0.2377811 -0.1092022 -0.1364919
v 0.2787816 -0.1129489 -0.1338366
v 0.3081011 -0.1044128 -0.1098663
v 0.2997174 -0.03882221 -0.08105605
v 0.268442 -0.0806607 -0.1193134
v 0.3081011 -0.1044128 -0.1098663
v 0.3262188 -0.07031174 -0.05785923
v 0.3160079 -0.0501605 -0.0376666
v 0.2997174 -0.03882221 -0.08105605
v 0.3262188 -0.07031174 -0.05785923
v 0.3062671 -0.1377614 -0.03532912
v 0.2965239 -0.1188185 -0.02548835
v 0.3160079 -0.0501605 -0.0376666
v 0.3062671 -0.1377614 -0.03532912
v 0.2946325 -0.1625462 -0.04910245
v 0.276651 -0.1514423 -0.04019211
v 0.2965239 -0.1188185 -0.02548835
v 0.2946325 -0.1625462 -0.04910245
v 0.2743159 -0.181093 -0.06301355
v 0.2408494 -0.1652463 -0.06153791
v 0.276651 -0.1514423 -0.04019211
v 0.2743159 -0.181093 -0.06301355
v 0.2458462 -0.1847605 -0.09992746
v 0.2206862 -0.1756064 -0.09384266
v 0.2408494 -0.1652463 -0.06153791
v 0.2458462 -0.1847605 -0.09992746
v 0.2274302 -0.1790306 -0.1287393
v 0.205333 -0.1685901 -0.1213473
v 0.2206862 -0.1756064 -0.09384266
v 0.2274302 -0.1790306 -0.1287393
v 0.2387688 -0.1406809 -0.154525
v 0.2201138 -0.1328131 -0.14715
v 0.205333 -0.1685901 -0.1213473

vn -0.2628192 -0.3922533 -0.8815119
vn -0.4020222 -0.2219272 -0.888328
vn -0.2628192 -0.3922533 -0.8815119
vn -0.129649 -0.5265878 -0.8401764
vn 0.2132346 -0.4669131 -0.8582092
vn 0.05725271 -0.3264582 -0.9434761
vn 0.2132346 -0.4669131 -0.8582092
vn 0.3991323 -0.6131828 -0.6816893
vn 0.9540781 -0.1464798 0.2613019
vn 0.9740576 -0.1451109 0.1736507
vn 0.9540781 -0.1464798 0.2613019
vn 0.9162507 -0.1464805 0.3728647
vn -0.9287946 0.3539468 0.1098285
vn -0.9782583 0.2042738 0.03581753
vn -0.9287946 0.3539468 0.1098285
vn -0.8630697 0.4751306 0.1713527
vn 0.1393833 -0.08286063 -0.9867656
vn 0.06471749 -0.3738436 -0.9252312
vn 0.1393833 -0.08286063 -0.9867656
vn 0.1641992 0.02908662 -0.9859983
vn -0.149607 -0.9826919 0.1092444
vn 0.1443468 -0.9802285 0.1353368
vn -0.149607 -0.9826919 0.1092444
vn -0.4046274 -0.9111989 0.07741597
vn -0.2741993 0.512432 -0.813774
vn -0.2731044 0.5580656 -0.7835667
vn -0.2741993 0.512432 -0.813774
vn -0.2744842 0.4725029 -0.8374959
vn 0.1784748 0.1545222 0.9717354
vn 0.05789593 0.158405 0.9856754
vn 0.1784748 0.1545222 0.9717354
vn 0.2622831 0.1503948 0.9531993
vn -0.7544153 -0.6039546 0.2570922
vn -0.746161 -0.612821 0.2601807
vn -0.7544153 -0.6039546 0.2570922
vn -0.7685709 -0.5882173 0.251593
vn -0.8856527 -0.04562188 -0.4621016
vn -0.9034665 0.06801801 -0.4232279
vn -0.8856527 -0.04562188 -0.4621016
vn -0.8592042 -0.1449934 -0.4906576
vn -0.3287113 0.7549527 -0.5674464
vn -0.3396426 0.7527195 -0.5639647
vn -0.3287113 0.7549527 -0.5674464
vn -0.3140454 0.7577736 -0.5719743
vn 0.4337993 0.7343681 -0.522036
vn 0.3326224 0.9415079 -0.05408478
vn 0.4337993 0.7343681 -0.522036
vn 0.4395927 0.5288327 -0.7260125
vn 0.8221754 -0.4003761 -0.4046314
vn 0.6989689 -0.402546 -0.5910999
vn 0.8221754 -0.4003761 -0.4046314
vn 0.8914054 -0.3841973 -0.2403931
vn 0.4752225 -0.8391446 0.2645747
vn 0.3291888 -0.9034492 0.2746167
vn 0.4752225 -0.8391446 0.2645747
vn 0.5501382 -0.7948005 0.2562034
vn -0.09473942 -0.4922873 0.8652616
vn -0.1479478 -0.6986814 0.6999685
vn -0.09473942 -0.4922873 0.8652616
vn -0.008990722 -0.1443713 0.9894827
vn -0.7589552 0.5594595 0.3331545
vn -0.424401 0.7819131 0.4566134
vn -0.7589552 0.5594595 0.3331545
vn -0.8450041 0.4580657 0.2759414
vn -0.09208601 0.7783408 -0.6210521
vn -0.08116935 0.5765386 -0.8130281
vn -0.09208601 0.7783408 -0.6210521
vn -0.09559533 0.9454489 -0.3114284
vn 0.3461711 0.3699054 -0.8621691
vn 0.2947004 0.1145136 -0.9487035
vn 0.3461711 0.3699054 -0.8621691
vn 0.3156978 0.9380905 -0.1425519
vn 0.7259019 -0.4803556 -0.492265
vn 0.5478214 -0.6290059 -0.5515825
vn 0.7259019 -0.4803556 -0.492265
vn 0.853341 -0.3187955 -0.4125268
vn 0.1198465 -0.9913578 0.0533547
vn 0.1822911 -0.9820967 0.04749665
vn 0.1198465 -0.9913578 0.0533547
vn 0.05128841 -0.9969105 0.05949086
vn -0.496926 -0.7133617 0.4941453
vn -0.4377368 -0.7400795 0.5105574
vn -0.496926 -0.7133617 0.4941453
vn -0.5671922 -0.6758036 0.4707257
vn -0.8751013 0.4837088 0.01494451
vn -0.840676 0.4965067 0.2162058
vn -0.8751013 0.4837088 0.01494451
vn -0.8765564 0.4596474 -0.1427347
vn -0.5111434 0.7204654 -0.4686811
vn -0.7592272 0.551468 -0.3456258
vn -0.5111434 0.7204654 -0.4686811
vn 0.2588007 0.7960019 -0.5471776
vn -0.381137 0.8787016 -0.2874337
vn -0.1128692 0.9471956 -0.3001353
vn -0.381137 0.8787016 -0.2874337
vn -0.6157067 0.7460651 -0.2535589
vn -0.3632356 0.7369802 -0.5700176
vn -0.4282535 0.7240707 -0.5406668
vn -0.3632356 0.7369802 -0.5700176
vn -0.311911 0.744277 -0.5905619
vn 0.1996813 0.2072714 0.9576879
vn 0.2622831 0.1503948 0.9531993
vn 0.1996813 0.2072714 0.9576879
vn 0.1195107 0.2761936 0.9536426
vn -0.4029801 -0.2552269 0.8789006
vn -0.2087496 0.1192463 0.9706718
vn -0.4029801 -0.2552269 0.8789006
vn -0.5472146 -0.7237983 0.420324
vn -0.7714561 -0.3251543 0.5469279
vn -0.7673088 -0.4337947 0.4722917
vn -0.7714561 -0.3251543 0.5469279
vn -0.7623209 -0.2118377 0.6115485
vn -0.7685125 -0.5210055 0.3714051
vn -0.7685708 -0.5882175 0.2515929
vn -0.7685125 -0.5210055 0.3714051
vn -0.7510019 -0.4332913 0.4982516
vn -0.9275474 -0.08099732 -0.3648223
vn -0.9015323 -0.09004764 -0.4232385
vn -0.9275474 -0.08099732 -0.3648223
vn -0.9485117 -0.07216433 -0.3084117
vn 0.2173766 0.9449224 -0.2446814
vn 0.1853699 0.9820711 -0.03426772
vn 0.2173766 0.9449224 -0.2446814
vn 0.2379277 0.4194009 -0.8760669
vn 0.2647814 0.9627968 0.05397237
vn 0.1662347 0.9675266 0.1904161
vn 0.2647814 0.9627968 0.05397237
vn 0.4498435 0.8594134 -0.2430008
vn 0.6739936 0.4993497 -0.5444102
vn 0.6704846 0.5296551 -0.5195343
vn 0.6739936 0.4993497 -0.5444102
vn 0.6751282 0.4867291 -0.5543435
vn 0.9433577 -0.3212439 -0.08293751
vn 0.9733822 -0.2236471 -0.05008902
vn 0.9433577 -0.3212439 -0.08293751
vn 0.8868263 -0.4448766 -0.124996
vn 0.7132735 -0.5687547 0.409584
vn 0.703355 -0.5775458 0.4144064
vn 0.7132735 -0.5687547 0.409584
vn 0.7190232 -0.5635475 0.4067185
vn -0.1594842 -0.4437652 0.8818374
vn -0.310855 -0.4432756 0.8407592
vn -0.1594842 -0.4437652 0.8818374
vn 0.0362122 -0.4288816 0.9026346
vn -0.2505187 -0.6843746 0.684742
vn -0.3883634 -0.6487567 0.6544377
vn -0.2505187 -0.6843746 0.684742
vn -0.1102129 -0.7052199 0.7003699
vn -0.3466627 0.4275793 0.8348657
vn -0.2787388 0.3781507 0.8827835
vn -0.3466627 0.4275793 0.8348657
vn -0.4071991 0.4701504 0.7830374
vn -0.3083041 0.4655634 -0.8295777
vn -0.424172 0.4400884 -0.7914546
vn -0.3083041 0.4655634 -0.8295777
vn -0.1342334 0.4894059 -0.8616631
vn 0.1098558 0.7071912 -0.6984357
vn 0.6516519 0.474763 -0.5915657
vn 0.1098558 0.7071912 -0.6984357
vn -0.3226808 0.7179033 -0.6168404
vn 0.4456448 0.4323041 -0.7839094
vn 0.5074551 0.4000787 -0.7631685
vn 0.4456448 0.4323041 -0.7839094
vn 0.3510426 0.4752944 -0.8067617
vn 0.8253571 0.4042598 -0.3941569
vn 0.2992671 0.7467876 -0.5939255
vn 0.8253571 0.4042598 -0.3941569
vn 0.9272388 0.2434855 -0.2845051
vn 0.7857587 -0.07097714 0.6144472
vn 0.7252095 0.01541273 0.6883557
vn 0.7857587 -0.07097714 0.6144472
vn 0.8229939 -0.1357124 0.5516006
vn 0.07620704 -0.4763349 0.8759552
vn 0.100282 -0.5188559 0.8489594
vn 0.07620704 -0.4763349 0.8759552
vn 0.05494332 -0.4379055 0.8973405
vn -0.1525334 -0.5952241 0.7889497
vn -0.1783902 -0.4578455 0.8709503
vn -0.1525334 -0.5952241 0.7889497
vn -0.1186197 -0.7311785 0.6717941
vn -0.3162782 -0.8616762 0.3968404
vn -0.2631354 -0.9187979 0.2942282
vn -0.3162782 -0.8616762 0.3968404
vn -0.357989 -0.8007572 0.4802414
vn -0.378667 -0.9253652 0.01762074
vn -0.4046272 -0.911199 0.07741589
vn -0.378667 -0.9253652 0.01762074
vn -0.3507331 -0.9354942 -0.0428597
vn -0.4635795 -0.3902653 -0.7954791
vn -0.475982 -0.3894567 -0.7885205
vn -0.4635795 -0.3902653 -0.7954791
vn -0.4527701 -0.3909012 -0.8013709

vt 0.4296726 0.3430208
vt 0.3820446 0.3478885
vt 0.381211 0.4877967
vt 0.4215719 0.561567
vt 0.3110146 0.5309957
vt 0.381211 0.4877967
vt 0.3820446 0.3478885
vt 0.3424168 0.3411474
vt 2.980232E-08 0.622491
vt 0.1331528 0.5801155
vt 0.1077065 0.3028856
vt 0.03078166 0.2448858
vt 0.6473619 0.3533505
vt 0.5944994 0.3515588
vt 0.5899832 0.5854525
vt 0.6531004 0.5949389
vt 0.4215719 0.561567
vt 0.381211 0.4877967
vt 0.3110146 0.5309957
vt 0.3853026 0.7405514
vt 0.393892 0.2043717
vt 0.3424168 0.3411474
vt 0.3820446 0.3478885
vt 0.4296726 0.3430208
vt 0.5326349 0.5828804
vt 0.4673901 0.5597162
vt 0.4684283 0.6963605
vt 0.5857706 0.7396235
vt 0.9407829 0.6402587
vt 0.9776884 0.6139566
vt 1 0.2928511
vt 0.9215041 0.2882445
vt 0.577188 0.2228017
vt 0.4752276 0.2091592
vt 0.4812211 0.3493353
vt 0.532353 0.3431509
vt 0.532353 0.3431509
vt 0.4812211 0.3493353
vt 0.4673901 0.5597162
vt 0.5326349 0.5828804
vt 0.8997581 0.7633005
vt 0.6960349 0.7935389
vt 0.3770138 1
vt 0.9728783 0.811648
vt 0.3176237 0.7332338
vt 0.2584953 0.6602612
vt 0.2067462 0.5958581
vt 0.1664823 0.7050202
vt 0.2067462 0.5958581
vt 0.2584953 0.6602612
vt 0.2628777 0.3112276
vt 0.1908577 0.2754593
vt 0.1088658 0.1274456
vt 0.1908577 0.2754593
vt 0.2628777 0.3112276
vt 0.2410982 0.05387956
vt 0.01784945 0.05560195
vt 0.5044691 -5.960464E-08
vt 0.719299 0.1369927
vt 0.8229216 0.1912883
vt 0.7819576 0.3427148
vt 0.7207875 0.4039193
vt 0.7238513 0.6377451
vt 0.845484 0.6698691
vt 0.5857706 0.7396235
vt 0.4684283 0.6963605
vt 0.3770138 1
vt 0.6960349 0.7935389
vt 0.3853026 0.7405514
vt 0.3110146 0.5309957
vt 0.2584953 0.6602612
vt 0.3176237 0.7332338
vt 0.3110146 0.5309957
vt 0.3424168 0.3411474
vt 0.2628777 0.3112276
vt 0.2584953 0.6602612
vt 0.2410982 0.05387956
vt 0.2628777 0.3112276
vt 0.3424168 0.3411474
vt 0.393892 0.2043717
vt 0.719299 0.1369927
vt 0.5044691 -5.960464E-08
vt 0.4752276 0.2091592
vt 0.577188 0.2228017
vt 0.6473619 0.3533505
vt 0.6531004 0.5949389
vt 0.7238513 0.6377451
vt 0.7207875 0.4039193
vt 0.5326349 0.5828804
vt 0.5857706 0.7396235
vt 0.6531004 0.5949389
vt 0.5899832 0.5854525
vt 0.5857706 0.7396235
vt 0.6960349 0.7935389
vt 0.7238513 0.6377451
vt 0.6531004 0.5949389
vt 0.845484 0.6698691
vt 0.7238513 0.6377451
vt 0.6960349 0.7935389
vt 0.8997581 0.7633005
vt 0.9407829 0.6402587
vt 0.9215041 0.2882445
vt 0.8493811 0.3165681
vt 0.9011919 0.6590801
vt 0.8229216 0.1912883
vt 0.719299 0.1369927
vt 0.7207875 0.4039193
vt 0.7819576 0.3427148
vt 0.719299 0.1369927
vt 0.577188 0.2228017
vt 0.6473619 0.3533505
vt 0.7207875 0.4039193
vt 0.577188 0.2228017
vt 0.532353 0.3431509
vt 0.5944994 0.3515588
vt 0.6473619 0.3533505
vt 0.532353 0.3431509
vt 0.5326349 0.5828804
vt 0.5899832 0.5854525
vt 0.5944994 0.3515588
vt 0.845484 0.6698691
vt 0.8997581 0.7633005
vt 0.9407829 0.6402587
vt 0.9011919 0.6590801
vt 0.8997581 0.7633005
vt 0.9728783 0.811648
vt 0.9776884 0.6139566
vt 0.9407829 0.6402587
vt 0.1664823 0.7050202
vt 0.2067462 0.5958581
vt 0.1331528 0.5801155
vt 2.980232E-08 0.622491
vt 0.2067462 0.5958581
vt 0.1908577 0.2754593
vt 0.1077065 0.3028856
vt 0.1331528 0.5801155
vt 0.03078166 0.2448858
vt 0.1077065 0.3028856
vt 0.1908577 0.2754593
vt 0.1088658 0.1274456
vt 0.01784945 0.05560195
vt 0.8229216 0.1912883
vt 0.9215041 0.2882445
vt 1 0.2928511
vt 0.8229216 0.1912883
vt 0.7819576 0.3427148
vt 0.8493811 0.3165681
vt 0.9215041 0.2882445
vt 0.7819576 0.3427148
vt 0.845484 0.6698691
vt 0.9011919 0.6590801
vt 0.8493811 0.3165681
vt 0.4215719 0.561567
vt 0.3853026 0.7405514
vt 0.4684283 0.6963605
vt 0.4673901 0.5597162
vt 0.3853026 0.7405514
vt 0.3176237 0.7332338
vt 0.3770138 1
vt 0.4684283 0.6963605
vt 0.3176237 0.7332338
vt 0.1664823 0.7050202
vt 0.9728783 0.811648
vt 0.3770138 1
vt 0.1664823 0.7050202
vt 2.980232E-08 0.622491
vt 0.9776884 0.6139566
vt 0.9728783 0.811648
vt 2.980232E-08 0.622491
vt 0.03078166 0.2448858
vt 1 0.2928511
vt 0.9776884 0.6139566
vt 0.03078166 0.2448858
vt 0.1088658 0.1274456
vt 0.01784945 0.05560195
vt 1 0.2928511
vt 0.1088658 0.1274456
vt 0.2410982 0.05387956
vt 0.5044691 -5.960464E-08
vt 0.01784945 0.05560195
vt 0.2410982 0.05387956
vt 0.393892 0.2043717
vt 0.4752276 0.2091592
vt 0.5044691 -5.960464E-08
vt 0.393892 0.2043717
vt 0.4296726 0.3430208
vt 0.4812211 0.3493353
vt 0.4752276 0.2091592
vt 0.4296726 0.3430208
vt 0.4215719 0.561567
vt 0.4673901 0.5597162
vt 0.4812211 0.3493353

usemap Standard_6D6D6D
usemtl Standard_6D6D6D
f 580/580/580 579/579/579 578/578/578 577/577/577 
f 584/584/584 583/583/583 582/582/582 581/581/581 
f 588/588/588 587/587/587 586/586/586 585/585/585 
f 592/592/592 591/591/591 590/590/590 589/589/589 
f 596/596/596 595/595/595 594/594/594 593/593/593 
f 600/600/600 599/599/599 598/598/598 597/597/597 
f 604/604/604 603/603/603 602/602/602 601/601/601 
f 608/608/608 607/607/607 606/606/606 605/605/605 
f 612/612/612 611/611/611 610/610/610 609/609/609 
f 616/616/616 615/615/615 614/614/614 613/613/613 
f 620/620/620 619/619/619 618/618/618 617/617/617 
f 624/624/624 623/623/623 622/622/622 621/621/621 
f 628/628/628 627/627/627 626/626/626 625/625/625 
f 632/632/632 631/631/631 630/630/630 629/629/629 
f 636/636/636 635/635/635 634/634/634 633/633/633 
f 640/640/640 639/639/639 638/638/638 637/637/637 
f 644/644/644 643/643/643 642/642/642 641/641/641 
f 648/648/648 647/647/647 646/646/646 645/645/645 
f 652/652/652 651/651/651 650/650/650 649/649/649 
f 656/656/656 655/655/655 654/654/654 653/653/653 
f 660/660/660 659/659/659 658/658/658 657/657/657 
f 664/664/664 663/663/663 662/662/662 661/661/661 
f 668/668/668 667/667/667 666/666/666 665/665/665 
f 672/672/672 671/671/671 670/670/670 669/669/669 
f 676/676/676 675/675/675 674/674/674 673/673/673 
f 680/680/680 679/679/679 678/678/678 677/677/677 
f 684/684/684 683/683/683 682/682/682 681/681/681 
f 688/688/688 687/687/687 686/686/686 685/685/685 
f 692/692/692 691/691/691 690/690/690 689/689/689 
f 696/696/696 695/695/695 694/694/694 693/693/693 
f 700/700/700 699/699/699 698/698/698 697/697/697 
f 704/704/704 703/703/703 702/702/702 701/701/701 
f 708/708/708 707/707/707 706/706/706 705/705/705 
f 712/712/712 711/711/711 710/710/710 709/709/709 
f 716/716/716 715/715/715 714/714/714 713/713/713 
f 720/720/720 719/719/719 718/718/718 717/717/717 
f 724/724/724 723/723/723 722/722/722 721/721/721 
f 728/728/728 727/727/727 726/726/726 725/725/725 
f 732/732/732 731/731/731 730/730/730 729/729/729 
f 736/736/736 735/735/735 734/734/734 733/733/733 
f 740/740/740 739/739/739 738/738/738 737/737/737 
f 744/744/744 743/743/743 742/742/742 741/741/741 
f 748/748/748 747/747/747 746/746/746 745/745/745 
f 752/752/752 751/751/751 750/750/750 749/749/749 
f 756/756/756 755/755/755 754/754/754 753/753/753 
f 760/760/760 759/759/759 758/758/758 757/757/757 
f 764/764/764 763/763/763 762/762/762 761/761/761 
f 768/768/768 767/767/767 766/766/766 765/765/765 

g s.0027
usemap Standard_6D6D6D
usemtl Standard_6D6D6D
v -0.1485625 -0.1858187 -0.1850643
v -0.136531 -0.1731464 -0.1859494
v -0.1560929 -0.1594177 -0.1887602
v -0.1709586 -0.1637778 -0.1960071
v -0.1512444 -0.137628 -0.1807245
v -0.1560929 -0.1594177 -0.1887602
v -0.136531 -0.1731464 -0.1859494
v -0.1341822 -0.1619842 -0.175977
v -0.2000975 -0.1175504 -0.1023609
v -0.1662765 -0.1177155 -0.1355168
v -0.148295 -0.1338982 -0.1237713
v -0.155229 -0.1434701 -0.107581
v -0.1950446 -0.2072988 -0.1467364
v -0.1870998 -0.2085024 -0.1599845
v -0.2424932 -0.1801419 -0.1452591
v -0.242834 -0.1759973 -0.1267011
v -0.1709586 -0.1637778 -0.1960071
v -0.1560929 -0.1594177 -0.1887602
v -0.1512444 -0.137628 -0.1807245
v -0.1853841 -0.1434724 -0.1849079
v -0.1400531 -0.1827302 -0.162573
v -0.1341822 -0.1619842 -0.175977
v -0.136531 -0.1731464 -0.1859494
v -0.1485625 -0.1858187 -0.1850643
v -0.1965562 -0.1836361 -0.1837645
v -0.1806984 -0.1751862 -0.1945853
v -0.1916605 -0.1614041 -0.1815218
v -0.2432685 -0.1597673 -0.141674
v -0.2236557 -0.1330645 -0.08731383
v -0.2125172 -0.1238185 -0.08638044
v -0.1700573 -0.1541196 -0.09644589
v -0.1824169 -0.1687511 -0.09760019
v -0.1717403 -0.2047707 -0.1515949
v -0.152261 -0.1975296 -0.1633244
v -0.1608402 -0.1987502 -0.1841609
v -0.1738079 -0.2035661 -0.1722219
v -0.1738079 -0.2035661 -0.1722219
v -0.1608402 -0.1987502 -0.1841609
v -0.1806984 -0.1751862 -0.1945853
v -0.1965562 -0.1836361 -0.1837645
v -0.2356681 -0.1392906 -0.1082904
v -0.2402303 -0.1533829 -0.1220085
v -0.2304676 -0.130826 -0.1344788
v -0.2305725 -0.1218505 -0.1143683
v -0.1789872 -0.1377079 -0.1710247
v -0.1668743 -0.1234127 -0.1692199
v -0.1610148 -0.1204239 -0.1545165
v -0.1771148 -0.1234491 -0.1480006
v -0.1610148 -0.1204239 -0.1545165
v -0.1668743 -0.1234127 -0.1692199
v -0.1303554 -0.1437984 -0.1597294
v -0.1352745 -0.1386788 -0.1401168
v -0.1417265 -0.1536686 -0.120734
v -0.1352745 -0.1386788 -0.1401168
v -0.1303554 -0.1437984 -0.1597294
v -0.1343924 -0.1678892 -0.1351786
v -0.1537804 -0.1703786 -0.1134745
v -0.1538082 -0.1904722 -0.1366903
v -0.1757864 -0.2012009 -0.1234691
v -0.1814452 -0.1839909 -0.1151106
v -0.2228488 -0.1863849 -0.08747835
v -0.2329864 -0.1916399 -0.1030012
v -0.2458975 -0.1674858 -0.1114957
v -0.2430516 -0.1581141 -0.09784153
v -0.2432685 -0.1597673 -0.141674
v -0.1916605 -0.1614041 -0.1815218
v -0.2304676 -0.130826 -0.1344788
v -0.2402303 -0.1533829 -0.1220085
v -0.1853841 -0.1434724 -0.1849079
v -0.1512444 -0.137628 -0.1807245
v -0.1668743 -0.1234127 -0.1692199
v -0.1789872 -0.1377079 -0.1710247
v -0.1512444 -0.137628 -0.1807245
v -0.1341822 -0.1619842 -0.175977
v -0.1303554 -0.1437984 -0.1597294
v -0.1668743 -0.1234127 -0.1692199
v -0.1343924 -0.1678892 -0.1351786
v -0.1303554 -0.1437984 -0.1597294
v -0.1341822 -0.1619842 -0.175977
v -0.1400531 -0.1827302 -0.162573
v -0.1757864 -0.2012009 -0.1234691
v -0.1538082 -0.1904722 -0.1366903
v -0.152261 -0.1975296 -0.1633244
v -0.1717403 -0.2047707 -0.1515949
v -0.1950446 -0.2072988 -0.1467364
v -0.242834 -0.1759973 -0.1267011
v -0.2458975 -0.1674858 -0.1114957
v -0.2329864 -0.1916399 -0.1030012
v -0.1965562 -0.1836361 -0.1837645
v -0.2432685 -0.1597673 -0.141674
v -0.242834 -0.1759973 -0.1267011
v -0.2424932 -0.1801419 -0.1452591
v -0.2432685 -0.1597673 -0.141674
v -0.2402303 -0.1533829 -0.1220085
v -0.2458975 -0.1674858 -0.1114957
v -0.242834 -0.1759973 -0.1267011
v -0.2430516 -0.1581141 -0.09784153
v -0.2458975 -0.1674858 -0.1114957
v -0.2402303 -0.1533829 -0.1220085
v -0.2356681 -0.1392906 -0.1082904
v -0.2236557 -0.1330645 -0.08731383
v -0.1824169 -0.1687511 -0.09760019
v -0.2123664 -0.175745 -0.07555911
v -0.2350727 -0.1425413 -0.08827089
v -0.1814452 -0.1839909 -0.1151106
v -0.1757864 -0.2012009 -0.1234691
v -0.2329864 -0.1916399 -0.1030012
v -0.2228488 -0.1863849 -0.08747835
v -0.1757864 -0.2012009 -0.1234691
v -0.1717403 -0.2047707 -0.1515949
v -0.1950446 -0.2072988 -0.1467364
v -0.2329864 -0.1916399 -0.1030012
v -0.1717403 -0.2047707 -0.1515949
v -0.1738079 -0.2035661 -0.1722219
v -0.1870998 -0.2085024 -0.1599845
v -0.1950446 -0.2072988 -0.1467364
v -0.1738079 -0.2035661 -0.1722219
v -0.1965562 -0.1836361 -0.1837645
v -0.2424932 -0.1801419 -0.1452591
v -0.1870998 -0.2085024 -0.1599845
v -0.2430516 -0.1581141 -0.09784153
v -0.2356681 -0.1392906 -0.1082904
v -0.2236557 -0.1330645 -0.08731383
v -0.2350727 -0.1425413 -0.08827089
v -0.2356681 -0.1392906 -0.1082904
v -0.2305725 -0.1218505 -0.1143683
v -0.2125172 -0.1238185 -0.08638044
v -0.2236557 -0.1330645 -0.08731383
v -0.1771148 -0.1234491 -0.1480006
v -0.1610148 -0.1204239 -0.1545165
v -0.1662765 -0.1177155 -0.1355168
v -0.2000975 -0.1175504 -0.1023609
v -0.1610148 -0.1204239 -0.1545165
v -0.1352745 -0.1386788 -0.1401168
v -0.148295 -0.1338982 -0.1237713
v -0.1662765 -0.1177155 -0.1355168
v -0.155229 -0.1434701 -0.107581
v -0.148295 -0.1338982 -0.1237713
v -0.1352745 -0.1386788 -0.1401168
v -0.1417265 -0.1536686 -0.120734
v -0.1537804 -0.1703786 -0.1134745
v -0.1814452 -0.1839909 -0.1151106
v -0.1824169 -0.1687511 -0.09760019
v -0.1700573 -0.1541196 -0.09644589
v -0.1814452 -0.1839909 -0.1151106
v -0.2228488 -0.1863849 -0.08747835
v -0.2123664 -0.175745 -0.07555911
v -0.1824169 -0.1687511 -0.09760019
v -0.2228488 -0.1863849 -0.08747835
v -0.2430516 -0.1581141 -0.09784153
v -0.2350727 -0.1425413 -0.08827089
v -0.2123664 -0.175745 -0.07555911
v -0.1709586 -0.1637778 -0.1960071
v -0.1853841 -0.1434724 -0.1849079
v -0.1916605 -0.1614041 -0.1815218
v -0.1806984 -0.1751862 -0.1945853
v -0.1853841 -0.1434724 -0.1849079
v -0.1789872 -0.1377079 -0.1710247
v -0.2304676 -0.130826 -0.1344788
v -0.1916605 -0.1614041 -0.1815218
v -0.1789872 -0.1377079 -0.1710247
v -0.1771148 -0.1234491 -0.1480006
v -0.2305725 -0.1218505 -0.1143683
v -0.2304676 -0.130826 -0.1344788
v -0.1771148 -0.1234491 -0.1480006
v -0.2000975 -0.1175504 -0.1023609
v -0.2125172 -0.1238185 -0.08638044
v -0.2305725 -0.1218505 -0.1143683
v -0.2000975 -0.1175504 -0.1023609
v -0.155229 -0.1434701 -0.107581
v -0.1700573 -0.1541196 -0.09644589
v -0.2125172 -0.1238185 -0.08638044
v -0.155229 -0.1434701 -0.107581
v -0.1417265 -0.1536686 -0.120734
v -0.1537804 -0.1703786 -0.1134745
v -0.1700573 -0.1541196 -0.09644589
v -0.1417265 -0.1536686 -0.120734
v -0.1343924 -0.1678892 -0.1351786
v -0.1538082 -0.1904722 -0.1366903
v -0.1537804 -0.1703786 -0.1134745
v -0.1343924 -0.1678892 -0.1351786
v -0.1400531 -0.1827302 -0.162573
v -0.152261 -0.1975296 -0.1633244
v -0.1538082 -0.1904722 -0.1366903
v -0.1400531 -0.1827302 -0.162573
v -0.1485625 -0.1858187 -0.1850643
v -0.1608402 -0.1987502 -0.1841609
v -0.152261 -0.1975296 -0.1633244
v -0.1485625 -0.1858187 -0.1850643
v -0.1709586 -0.1637778 -0.1960071
v -0.1806984 -0.1751862 -0.1945853
v -0.1608402 -0.1987502 -0.1841609

vn 0.2650711 -0.05912445 -0.9624145
vn 0.05628904 -0.1226562 -0.9908516
vn 0.2650711 -0.05912445 -0.9624145
vn 0.4383824 -0.0007838106 -0.8987882
vn 0.5045488 0.3265792 -0.799235
vn 0.3170035 0.2652674 -0.9105724
vn 0.5045488 0.3265792 -0.799235
vn 0.7089948 0.3809966 -0.5934374
vn 0.4428629 0.7396417 0.506757
vn 0.4293255 0.7920407 0.4339945
vn 0.4428629 0.7396417 0.506757
vn 0.4543978 0.6678739 0.5894635
vn -0.4962774 -0.868004 0.01667146
vn -0.4899698 -0.8442647 -0.217133
vn -0.4962774 -0.868004 0.01667146
vn -0.4841393 -0.8558029 0.1822372
vn 0.1182382 0.4330837 -0.8935648
vn 0.3641022 0.2498622 -0.8972172
vn 0.1182382 0.4330837 -0.8935648
vn 0.02247548 0.4917634 -0.8704388
vn 0.8659521 -0.4948577 -0.07240769
vn 0.9685499 -0.2445954 0.04565235
vn 0.8659521 -0.4948577 -0.07240769
vn 0.7080597 -0.6844034 -0.1739065
vn -0.6005997 0.2100788 -0.7714576
vn -0.6257116 0.213472 -0.7502763
vn -0.6005997 0.2100788 -0.7714576
vn -0.5934764 0.2090912 -0.7772172
vn 0.09604082 -0.1801079 0.978947
vn 0.0865493 -0.2027324 0.9754019
vn 0.09604082 -0.1801079 0.978947
vn 0.1026789 -0.1641347 0.9810795
vn 0.2980232 -0.9515159 -0.07615504
vn 0.3092749 -0.9482593 -0.0717869
vn 0.2980232 -0.9515159 -0.07615504
vn 0.2782287 -0.9568552 -0.08376747
vn -0.2768491 -0.6353081 -0.7209287
vn -0.3890318 -0.6265929 -0.6753041
vn -0.2768491 -0.6353081 -0.7209287
vn -0.1748322 -0.6352357 -0.7522694
vn -0.9463724 0.3110316 -0.08739901
vn -0.9285612 0.3652001 -0.06635386
vn -0.9463724 0.3110316 -0.08739901
vn -0.9636286 0.2421353 -0.1130943
vn -0.5364116 0.8037152 -0.2574966
vn -0.7618109 0.6231712 0.1769236
vn -0.5364116 0.8037152 -0.2574966
vn -0.3441155 0.8105165 -0.4739698
vn 0.5714847 0.7949783 -0.2035061
vn 0.5243124 0.7691878 -0.3653035
vn 0.5714847 0.7949783 -0.2035061
vn 0.5989777 0.7986446 -0.05824645
vn 0.9514627 0.07901626 0.2974476
vn 0.9622427 -0.0763419 0.261268
vn 0.9514627 0.07901626 0.2974476
vn 0.935247 0.1633356 0.3140613
vn 0.4340011 -0.5429756 0.7189023
vn 0.6064367 -0.6015735 0.519946
vn 0.4340011 -0.5429756 0.7189023
vn 0.140544 -0.394766 0.9079687
vn -0.796563 -0.3182516 0.514007
vn -0.7833356 -0.2133998 0.5838201
vn -0.796563 -0.3182516 0.514007
vn -0.7976178 -0.4067184 0.4454054
vn -0.6642125 0.4434106 -0.6018379
vn -0.545806 0.4214598 -0.7242013
vn -0.6642125 0.4434106 -0.6018379
vn -0.9154775 0.4022228 0.01085748
vn -0.2300915 0.7223331 -0.6521447
vn -0.01054888 0.6220303 -0.7829221
vn -0.2300915 0.7223331 -0.6521447
vn -0.7654344 0.6374683 0.08800226
vn 0.6391888 0.6211855 -0.4533943
vn 0.7089949 0.3809966 -0.5934374
vn 0.6391888 0.6211855 -0.4533943
vn 0.5225468 0.8040637 -0.2835954
vn 0.9704277 -0.2395612 -0.02967352
vn 0.9821129 -0.1870019 -0.0220061
vn 0.9704277 -0.2395612 -0.02967352
vn 0.9548783 -0.2945924 -0.03771868
vn 0.4940565 -0.8426812 0.2140014
vn 0.5402439 -0.8051381 0.2447228
vn 0.4940565 -0.8426812 0.2140014
vn 0.4337328 -0.8839647 0.1745914
vn -0.6818137 -0.7080071 -0.1840006
vn -0.3840277 -0.8365032 0.3908773
vn -0.6818137 -0.7080071 -0.1840006
vn -0.7222992 -0.5386391 -0.4337647
vn -0.7686242 0.0823765 -0.6343744
vn -0.708483 -0.4886847 -0.5091553
vn -0.7686242 0.0823765 -0.6343744
vn -0.1094483 0.9696649 -0.2185659
vn -0.9906329 0.1253132 -0.05424912
vn -0.9230569 0.3842485 0.0178639
vn -0.9906329 0.1253132 -0.05424912
vn -0.9830467 -0.1378529 -0.1208963
vn -0.9376785 0.3449646 -0.0419324
vn -0.937462 0.3455701 -0.0417886
vn -0.9376785 0.3449646 -0.0419324
vn -0.9378339 0.3445296 -0.04203575
vn 0.3213072 0.3294993 0.8878018
vn 0.5006832 0.3504304 0.7915269
vn 0.3213072 0.3294993 0.8878018
vn -0.2433 0.1972021 0.9496928
vn 0.2573952 -0.7274589 0.6360434
vn 0.2631696 -0.3500845 0.8989897
vn 0.2573952 -0.7274589 0.6360434
vn 0.1899025 -0.9609464 0.2012932
vn -0.003764834 -0.9665547 0.2564329
vn 0.1363548 -0.9801359 0.1440168
vn -0.003764834 -0.9665547 0.2564329
vn -0.05400366 -0.9540509 0.2947379
vn 0.216516 -0.9755572 0.03753448
vn 0.2782289 -0.9568552 -0.08376747
vn 0.216516 -0.9755572 0.03753448
vn 0.1419227 -0.9745288 0.1736417
vn -0.4548782 -0.6997597 -0.5508377
vn -0.4427276 -0.7707219 -0.4582359
vn -0.4548782 -0.6997597 -0.5508377
vn -0.4602693 -0.5286906 -0.713189
vn -0.8085206 0.5765833 0.1176695
vn -0.8097405 0.4936812 0.3171737
vn -0.8085206 0.5765833 0.1176695
vn -0.4654735 0.6241453 -0.6275167
vn -0.7421756 0.5304592 0.4096199
vn -0.7566796 0.4010311 0.516343
vn -0.7421756 0.5304592 0.4096199
vn -0.6392664 0.7558081 0.1417483
vn -0.2359905 0.9444185 -0.2288712
vn -0.2608264 0.9430065 -0.2066605
vn -0.2359905 0.9444185 -0.2288712
vn -0.2272828 0.9446637 -0.2365438
vn 0.5683094 0.8137904 0.1215308
vn 0.5102592 0.845141 0.1592868
vn 0.5683094 0.8137904 0.1215308
vn 0.6420873 0.7635221 0.06897719
vn 0.7786211 0.3397372 0.5275678
vn 0.783522 0.3265588 0.5286328
vn 0.7786211 0.3397372 0.5275678
vn 0.7756755 0.347433 0.5268946
vn 0.365756 -0.5894713 0.7202404
vn 0.3110335 -0.7082903 0.6337057
vn 0.365756 -0.5894713 0.7202404
vn 0.4217148 -0.4196433 0.8037761
vn 0.4481708 -0.738143 0.5042697
vn 0.3419004 -0.8301657 0.4403737
vn 0.4481708 -0.738143 0.5042697
vn 0.5567974 -0.6110276 0.5626917
vn -0.6397991 -0.1648106 0.7506627
vn -0.6166811 -0.157994 0.7711954
vn -0.6397991 -0.1648106 0.7506627
vn -0.6593853 -0.1706052 0.7321919
vn -0.5522204 0.1676141 -0.816675
vn -0.5693319 0.04425716 -0.8209156
vn -0.5522204 0.1676141 -0.816675
vn -0.5128055 0.3395211 -0.788515
vn -0.5396095 0.5650686 -0.6241146
vn -0.1134909 0.9350206 -0.3359407
vn -0.5396095 0.5650686 -0.6241146
vn -0.7238369 0.1252267 -0.6785119
vn -0.2338732 0.8599548 -0.453631
vn -0.2825468 0.8256432 -0.4883447
vn -0.2338732 0.8599548 -0.453631
vn -0.1655025 0.9002625 -0.4026616
vn -0.1159761 0.9913964 -0.06068673
vn -0.7901331 0.4145707 -0.4514652
vn -0.1159761 0.9913964 -0.06068673
vn 0.05263105 0.9979569 0.03622155
vn 0.4451616 0.4872057 0.7513067
vn 0.3375126 0.413995 0.8453954
vn 0.4451616 0.4872057 0.7513067
vn 0.5422676 0.5484118 0.6365457
vn 0.6465427 -0.1298416 0.7517471
vn 0.6389146 -0.1316078 0.7579364
vn 0.6465427 -0.1298416 0.7517471
vn 0.6528132 -0.1283686 0.7465631
vn 0.6853389 -0.4671721 0.5586242
vn 0.498934 -0.4773791 0.7233077
vn 0.6853389 -0.4671721 0.5586242
vn 0.8219083 -0.4311866 0.372216
vn 0.7415153 -0.6395635 0.2027647
vn 0.7532786 -0.6308251 0.1860943
vn 0.7415153 -0.6395635 0.2027647
vn 0.7336739 -0.6450742 0.2135462
vn 0.7300062 -0.6457981 -0.2236868
vn 0.7080597 -0.6844033 -0.1739066
vn 0.7300062 -0.6457981 -0.2236868
vn 0.7488767 -0.6038842 -0.2729607
vn 0.1924986 -0.2644059 -0.9450047
vn 0.1873892 -0.2774233 -0.9422959
vn 0.1924986 -0.2644059 -0.9450047
vn 0.196889 -0.2530969 -0.9471942

vt 0.4240167 0.35417
vt 0.3817148 0.3615618
vt 0.3801419 0.5016441
vt 0.4162683 0.578335
vt 0.3181631 0.5455095
vt 0.3801419 0.5016441
vt 0.3817148 0.3615618
vt 0.3458983 0.3555636
vt 0.005976111 0.6713267
vt 0.1621297 0.5957677
vt 0.1572649 0.3573359
vt 0.09032986 0.2760603
vt 0.6296117 0.3356602
vt 0.5767028 0.3436855
vt 0.7163801 0.7541323
vt 0.7778311 0.7163259
vt 0.4162683 0.578335
vt 0.3801419 0.5016441
vt 0.3181631 0.5455095
vt 0.3803526 0.7550352
vt 0.3883053 0.2173657
vt 0.3458983 0.3555636
vt 0.3817148 0.3615618
vt 0.4240167 0.35417
vt 0.5163419 0.6038018
vt 0.4577014 0.5776263
vt 0.4502001 0.7110448
vt 0.7623826 0.8863119
vt 0.9630115 0.6576055
vt 1 0.6377082
vt -5.960464E-08 0.257485
vt 0.9560505 0.231465
vt 0.5503824 0.2033967
vt 0.4589699 0.2118308
vt 0.4715121 0.3569686
vt 0.5167808 0.3437541
vt 0.5167808 0.3437541
vt 0.4715121 0.3569686
vt 0.4577014 0.5776263
vt 0.5163419 0.6038018
vt 0.9185526 0.7878723
vt 0.8466022 0.8217497
vt 0.9407167 1
vt 0.9783425 0.8581895
vt 0.3241832 0.7314995
vt 0.2734296 0.6735863
vt 0.2280218 0.608632
vt 0.199995 0.7162749
vt 0.2280218 0.608632
vt 0.2734296 0.6735863
vt 0.2795745 0.3619657
vt 0.2233166 0.33317
vt 0.1691191 0.1749346
vt 0.2233166 0.33317
vt 0.2795745 0.3619657
vt 0.2653245 0.1181273
vt 0.09560609 0.01015764
vt 0.4428239 0
vt 0.6914074 0.05911031
vt 0.8296325 0.07794246
vt 0.8493077 0.4445975
vt 0.8066356 0.5133614
vt 0.8294064 0.7049943
vt 0.8738323 0.6791247
vt 0.7623826 0.8863119
vt 0.4502001 0.7110448
vt 0.9407167 1
vt 0.8466022 0.8217497
vt 0.3803526 0.7550352
vt 0.3181631 0.5455095
vt 0.2734296 0.6735863
vt 0.3241832 0.7314995
vt 0.3181631 0.5455095
vt 0.3458983 0.3555636
vt 0.2795745 0.3619657
vt 0.2734296 0.6735863
vt 0.2653245 0.1181273
vt 0.2795745 0.3619657
vt 0.3458983 0.3555636
vt 0.3883053 0.2173657
vt 0.6914074 0.05911031
vt 0.4428239 0
vt 0.4589699 0.2118308
vt 0.5503824 0.2033967
vt 0.6296117 0.3356602
vt 0.7778311 0.7163259
vt 0.8294064 0.7049943
vt 0.8066356 0.5133614
vt 0.5163419 0.6038018
vt 0.7623826 0.8863119
vt 0.7778311 0.7163259
vt 0.7163801 0.7541323
vt 0.7623826 0.8863119
vt 0.8466022 0.8217497
vt 0.8294064 0.7049943
vt 0.7778311 0.7163259
vt 0.8738323 0.6791247
vt 0.8294064 0.7049943
vt 0.8466022 0.8217497
vt 0.9185526 0.7878723
vt 0.9630115 0.6576055
vt 0.9560505 0.231465
vt 0.8960555 0.408107
vt 0.9255074 0.6705195
vt 0.8296325 0.07794246
vt 0.6914074 0.05911031
vt 0.8066356 0.5133614
vt 0.8493077 0.4445975
vt 0.6914074 0.05911031
vt 0.5503824 0.2033967
vt 0.6296117 0.3356602
vt 0.8066356 0.5133614
vt 0.5503824 0.2033967
vt 0.5167808 0.3437541
vt 0.5767028 0.3436855
vt 0.6296117 0.3356602
vt 0.5167808 0.3437541
vt 0.5163419 0.6038018
vt 0.7163801 0.7541323
vt 0.5767028 0.3436855
vt 0.8738323 0.6791247
vt 0.9185526 0.7878723
vt 0.9630115 0.6576055
vt 0.9255074 0.6705195
vt 0.9185526 0.7878723
vt 0.9783425 0.8581895
vt 1 0.6377082
vt 0.9630115 0.6576055
vt 0.199995 0.7162749
vt 0.2280218 0.608632
vt 0.1621297 0.5957677
vt 0.005976111 0.6713267
vt 0.2280218 0.608632
vt 0.2233166 0.33317
vt 0.1572649 0.3573359
vt 0.1621297 0.5957677
vt 0.09032986 0.2760603
vt 0.1572649 0.3573359
vt 0.2233166 0.33317
vt 0.1691191 0.1749346
vt 0.09560609 0.01015764
vt 0.8296325 0.07794246
vt 0.9560505 0.231465
vt -5.960464E-08 0.257485
vt 0.8296325 0.07794246
vt 0.8493077 0.4445975
vt 0.8960555 0.408107
vt 0.9560505 0.231465
vt 0.8493077 0.4445975
vt 0.8738323 0.6791247
vt 0.9255074 0.6705195
vt 0.8960555 0.408107
vt 0.4162683 0.578335
vt 0.3803526 0.7550352
vt 0.4502001 0.7110448
vt 0.4577014 0.5776263
vt 0.3803526 0.7550352
vt 0.3241832 0.7314995
vt 0.9407167 1
vt 0.4502001 0.7110448
vt 0.3241832 0.7314995
vt 0.199995 0.7162749
vt 0.9783425 0.8581895
vt 0.9407167 1
vt 0.199995 0.7162749
vt 0.005976111 0.6713267
vt 1 0.6377082
vt 0.9783425 0.8581895
vt 0.005976111 0.6713267
vt 0.09032986 0.2760603
vt -5.960464E-08 0.257485
vt 1 0.6377082
vt 0.09032986 0.2760603
vt 0.1691191 0.1749346
vt 0.09560609 0.01015764
vt -5.960464E-08 0.257485
vt 0.1691191 0.1749346
vt 0.2653245 0.1181273
vt 0.4428239 0
vt 0.09560609 0.01015764
vt 0.2653245 0.1181273
vt 0.3883053 0.2173657
vt 0.4589699 0.2118308
vt 0.4428239 0
vt 0.3883053 0.2173657
vt 0.4240167 0.35417
vt 0.4715121 0.3569686
vt 0.4589699 0.2118308
vt 0.4240167 0.35417
vt 0.4162683 0.578335
vt 0.4577014 0.5776263
vt 0.4715121 0.3569686

usemap Standard_6D6D6D
usemtl Standard_6D6D6D
f 772/772/772 771/771/771 770/770/770 769/769/769 
f 776/776/776 775/775/775 774/774/774 773/773/773 
f 780/780/780 779/779/779 778/778/778 777/777/777 
f 784/784/784 783/783/783 782/782/782 781/781/781 
f 788/788/788 787/787/787 786/786/786 785/785/785 
f 792/792/792 791/791/791 790/790/790 789/789/789 
f 796/796/796 795/795/795 794/794/794 793/793/793 
f 800/800/800 799/799/799 798/798/798 797/797/797 
f 804/804/804 803/803/803 802/802/802 801/801/801 
f 808/808/808 807/807/807 806/806/806 805/805/805 
f 812/812/812 811/811/811 810/810/810 809/809/809 
f 816/816/816 815/815/815 814/814/814 813/813/813 
f 820/820/820 819/819/819 818/818/818 817/817/817 
f 824/824/824 823/823/823 822/822/822 821/821/821 
f 828/828/828 827/827/827 826/826/826 825/825/825 
f 832/832/832 831/831/831 830/830/830 829/829/829 
f 836/836/836 835/835/835 834/834/834 833/833/833 
f 840/840/840 839/839/839 838/838/838 837/837/837 
f 844/844/844 843/843/843 842/842/842 841/841/841 
f 848/848/848 847/847/847 846/846/846 845/845/845 
f 852/852/852 851/851/851 850/850/850 849/849/849 
f 856/856/856 855/855/855 854/854/854 853/853/853 
f 860/860/860 859/859/859 858/858/858 857/857/857 
f 864/864/864 863/863/863 862/862/862 861/861/861 
f 868/868/868 867/867/867 866/866/866 865/865/865 
f 872/872/872 871/871/871 870/870/870 869/869/869 
f 876/876/876 875/875/875 874/874/874 873/873/873 
f 880/880/880 879/879/879 878/878/878 877/877/877 
f 884/884/884 883/883/883 882/882/882 881/881/881 
f 888/888/888 887/887/887 886/886/886 885/885/885 
f 892/892/892 891/891/891 890/890/890 889/889/889 
f 896/896/896 895/895/895 894/894/894 893/893/893 
f 900/900/900 899/899/899 898/898/898 897/897/897 
f 904/904/904 903/903/903 902/902/902 901/901/901 
f 908/908/908 907/907/907 906/906/906 905/905/905 
f 912/912/912 911/911/911 910/910/910 909/909/909 
f 916/916/916 915/915/915 914/914/914 913/913/913 
f 920/920/920 919/919/919 918/918/918 917/917/917 
f 924/924/924 923/923/923 922/922/922 921/921/921 
f 928/928/928 927/927/927 926/926/926 925/925/925 
f 932/932/932 931/931/931 930/930/930 929/929/929 
f 936/936/936 935/935/935 934/934/934 933/933/933 
f 940/940/940 939/939/939 938/938/938 937/937/937 
f 944/944/944 943/943/943 942/942/942 941/941/941 
f 948/948/948 947/947/947 946/946/946 945/945/945 
f 952/952/952 951/951/951 950/950/950 949/949/949 
f 956/956/956 955/955/955 954/954/954 953/953/953 
f 960/960/960 959/959/959 958/958/958 957/957/957 

g s.0028
usemap Standard_6D6D6D
usemtl Standard_6D6D6D
v -0.1697524 -0.1165757 0.1447021
v -0.166982 -0.1072017 0.1301907
v -0.1741672 -0.08922901 0.1444874
v -0.185174 -0.09003977 0.1575532
v -0.1642583 -0.06907437 0.1368407
v -0.1741672 -0.08922901 0.1444874
v -0.166982 -0.1072017 0.1301907
v -0.1562876 -0.09671146 0.1279222
v -0.1003667 -0.03603392 0.1981333
v -0.1236659 -0.04510242 0.1579076
v -0.1083644 -0.064872 0.1479979
v -0.0949182 -0.07211899 0.160979
v -0.1456193 -0.1253377 0.2032838
v -0.156411 -0.1287222 0.1926931
v -0.1552945 -0.08751524 0.241584
v -0.1372958 -0.08299001 0.2457386
v -0.185174 -0.09003977 0.1575532
v -0.1741672 -0.08922901 0.1444874
v -0.1642583 -0.06907437 0.1368407
v -0.1773355 -0.06660836 0.1690911
v -0.14572 -0.1151196 0.1418505
v -0.1562876 -0.09671146 0.1279222
v -0.166982 -0.1072017 0.1301907
v -0.1697524 -0.1165757 0.1447021
v -0.1807736 -0.1028568 0.1894253
v -0.1867835 -0.09872787 0.1697582
v -0.1764265 -0.08241598 0.1801227
v -0.1511895 -0.0674787 0.2383799
v -0.09255373 -0.04506394 0.2277898
v -0.08839975 -0.03875762 0.2154043
v -0.08843076 -0.07862304 0.1802894
v -0.09333565 -0.08986515 0.195045
v -0.1441999 -0.1286142 0.1796124
v -0.150204 -0.126552 0.156609
v -0.1725795 -0.1261415 0.1595104
v -0.164595 -0.1274159 0.175897
v -0.164595 -0.1274159 0.175897
v -0.1725795 -0.1261415 0.1595104
v -0.1867835 -0.09872787 0.1697582
v -0.1807736 -0.1028568 0.1894253
v -0.1161564 -0.0486852 0.2350615
v -0.1311583 -0.06156986 0.2391263
v -0.1397467 -0.04232187 0.2213673
v -0.1199885 -0.03313104 0.2245521
v -0.1620464 -0.06224225 0.1653396
v -0.156591 -0.05125209 0.1510642
v -0.1407636 -0.04943084 0.148691
v -0.1387472 -0.04833589 0.1661712
v -0.1407636 -0.04943084 0.148691
v -0.156591 -0.05125209 0.1510642
v -0.1388639 -0.07962032 0.1242263
v -0.1209864 -0.0730212 0.1327062
v -0.1045586 -0.08556852 0.1473591
v -0.1209864 -0.0730212 0.1327062
v -0.1388639 -0.07962032 0.1242263
v -0.1172018 -0.1014625 0.1401348
v -0.1013485 -0.09870964 0.1645122
v -0.1245992 -0.1187262 0.1632971
v -0.1179435 -0.1235357 0.1898587
v -0.1106201 -0.1052837 0.1932199
v -0.09471285 -0.09699529 0.239715
v -0.1125275 -0.1000025 0.2464187
v -0.1230541 -0.07364749 0.2505273
v -0.1087517 -0.06493056 0.249178
v -0.1511895 -0.0674787 0.2383799
v -0.1764265 -0.08241598 0.1801227
v -0.1397467 -0.04232187 0.2213673
v -0.1311583 -0.06156986 0.2391263
v -0.1773355 -0.06660836 0.1690911
v -0.1642583 -0.06907437 0.1368407
v -0.156591 -0.05125209 0.1510642
v -0.1620464 -0.06224225 0.1653396
v -0.1642583 -0.06907437 0.1368407
v -0.1562876 -0.09671146 0.1279222
v -0.1388639 -0.07962032 0.1242263
v -0.156591 -0.05125209 0.1510642
v -0.1172018 -0.1014625 0.1401348
v -0.1388639 -0.07962032 0.1242263
v -0.1562876 -0.09671146 0.1279222
v -0.14572 -0.1151196 0.1418505
v -0.1179435 -0.1235357 0.1898587
v -0.1245992 -0.1187262 0.1632971
v -0.150204 -0.126552 0.156609
v -0.1441999 -0.1286142 0.1796124
v -0.1456193 -0.1253377 0.2032838
v -0.1372958 -0.08299001 0.2457386
v -0.1230541 -0.07364749 0.2505273
v -0.1125275 -0.1000025 0.2464187
v -0.1807736 -0.1028568 0.1894253
v -0.1511895 -0.0674787 0.2383799
v -0.1372958 -0.08299001 0.2457386
v -0.1552945 -0.08751524 0.241584
v -0.1511895 -0.0674787 0.2383799
v -0.1311583 -0.06156986 0.2391263
v -0.1230541 -0.07364749 0.2505273
v -0.1372958 -0.08299001 0.2457386
v -0.1087517 -0.06493056 0.249178
v -0.1230541 -0.07364749 0.2505273
v -0.1311583 -0.06156986 0.2391263
v -0.1161564 -0.0486852 0.2350615
v -0.09255373 -0.04506394 0.2277898
v -0.09333565 -0.08986515 0.195045
v -0.08006504 -0.08892862 0.2304669
v -0.09681188 -0.05152757 0.2404847
v -0.1106201 -0.1052837 0.1932199
v -0.1179435 -0.1235357 0.1898587
v -0.1125275 -0.1000025 0.2464187
v -0.09471285 -0.09699529 0.239715
v -0.1179435 -0.1235357 0.1898587
v -0.1441999 -0.1286142 0.1796124
v -0.1456193 -0.1253377 0.2032838
v -0.1125275 -0.1000025 0.2464187
v -0.1441999 -0.1286142 0.1796124
v -0.164595 -0.1274159 0.175897
v -0.156411 -0.1287222 0.1926931
v -0.1456193 -0.1253377 0.2032838
v -0.164595 -0.1274159 0.175897
v -0.1807736 -0.1028568 0.1894253
v -0.1552945 -0.08751524 0.241584
v -0.156411 -0.1287222 0.1926931
v -0.1087517 -0.06493056 0.249178
v -0.1161564 -0.0486852 0.2350615
v -0.09255373 -0.04506394 0.2277898
v -0.09681188 -0.05152757 0.2404847
v -0.1161564 -0.0486852 0.2350615
v -0.1199885 -0.03313104 0.2245521
v -0.08839975 -0.03875762 0.2154043
v -0.09255373 -0.04506394 0.2277898
v -0.1387472 -0.04833589 0.1661712
v -0.1407636 -0.04943084 0.148691
v -0.1236659 -0.04510242 0.1579076
v -0.1003667 -0.03603392 0.1981333
v -0.1407636 -0.04943084 0.148691
v -0.1209864 -0.0730212 0.1327062
v -0.1083644 -0.064872 0.1479979
v -0.1236659 -0.04510242 0.1579076
v -0.0949182 -0.07211899 0.160979
v -0.1083644 -0.064872 0.1479979
v -0.1209864 -0.0730212 0.1327062
v -0.1045586 -0.08556852 0.1473591
v -0.1013485 -0.09870964 0.1645122
v -0.1106201 -0.1052837 0.1932199
v -0.09333565 -0.08986515 0.195045
v -0.08843076 -0.07862304 0.1802894
v -0.1106201 -0.1052837 0.1932199
v -0.09471285 -0.09699529 0.239715
v -0.08006504 -0.08892862 0.2304669
v -0.09333565 -0.08986515 0.195045
v -0.09471285 -0.09699529 0.239715
v -0.1087517 -0.06493056 0.249178
v -0.09681188 -0.05152757 0.2404847
v -0.08006504 -0.08892862 0.2304669
v -0.185174 -0.09003977 0.1575532
v -0.1773355 -0.06660836 0.1690911
v -0.1764265 -0.08241598 0.1801227
v -0.1867835 -0.09872787 0.1697582
v -0.1773355 -0.06660836 0.1690911
v -0.1620464 -0.06224225 0.1653396
v -0.1397467 -0.04232187 0.2213673
v -0.1764265 -0.08241598 0.1801227
v -0.1620464 -0.06224225 0.1653396
v -0.1387472 -0.04833589 0.1661712
v -0.1199885 -0.03313104 0.2245521
v -0.1397467 -0.04232187 0.2213673
v -0.1387472 -0.04833589 0.1661712
v -0.1003667 -0.03603392 0.1981333
v -0.08839975 -0.03875762 0.2154043
v -0.1199885 -0.03313104 0.2245521
v -0.1003667 -0.03603392 0.1981333
v -0.0949182 -0.07211899 0.160979
v -0.08843076 -0.07862304 0.1802894
v -0.08839975 -0.03875762 0.2154043
v -0.0949182 -0.07211899 0.160979
v -0.1045586 -0.08556852 0.1473591
v -0.1013485 -0.09870964 0.1645122
v -0.08843076 -0.07862304 0.1802894
v -0.1045586 -0.08556852 0.1473591
v -0.1172018 -0.1014625 0.1401348
v -0.1245992 -0.1187262 0.1632971
v -0.1013485 -0.09870964 0.1645122
v -0.1172018 -0.1014625 0.1401348
v -0.14572 -0.1151196 0.1418505
v -0.150204 -0.126552 0.156609
v -0.1245992 -0.1187262 0.1632971
v -0.14572 -0.1151196 0.1418505
v -0.1697524 -0.1165757 0.1447021
v -0.1725795 -0.1261415 0.1595104
v -0.150204 -0.126552 0.156609
v -0.1697524 -0.1165757 0.1447021
v -0.185174 -0.09003977 0.1575532
v -0.1867835 -0.09872787 0.1697582
v -0.1725795 -0.1261415 0.1595104

vn -0.8632112 -0.143155 -0.4841209
vn -0.9470903 -0.1551021 -0.2810041
vn -0.8632112 -0.143155 -0.4841209
vn -0.7547171 -0.1268921 -0.6436618
vn -0.6280075 0.1770354 -0.7578028
vn -0.78635 0.1602371 -0.5966387
vn -0.6280075 0.1770354 -0.7578028
vn -0.374409 0.1852168 -0.9085773
vn 0.6339385 0.622364 -0.4591131
vn 0.5623794 0.6748132 -0.4778668
vn 0.6339385 0.622364 -0.4591131
vn 0.7137789 0.5518317 -0.431279
vn -0.1477282 -0.7221271 0.6758025
vn -0.3708219 -0.7059305 0.6034512
vn -0.1477282 -0.7221271 0.6758025
vn 0.0157329 -0.7094521 0.7045781
vn -0.8141972 0.371369 -0.4462824
vn -0.7619597 0.134238 -0.6335595
vn -0.8141972 0.371369 -0.4462824
vn -0.8141173 0.4519171 -0.3646697
vn 0.1327351 -0.6905637 -0.7109874
vn 0.2835042 -0.4698051 -0.8360075
vn 0.1327351 -0.6905637 -0.7109874
vn -0.01377998 -0.8387045 -0.5444124
vn -0.8907781 0.3310989 0.3112683
vn -0.8766607 0.3409275 0.3394618
vn -0.8907781 0.3310989 0.3112683
vn -0.8945435 0.3282923 0.3033415
vn 0.96231 -0.1756482 0.2076228
vn 0.9555051 -0.1953913 0.2209806
vn 0.96231 -0.1756482 0.2076228
vn 0.9667404 -0.1617025 0.1981547
vn -0.03613117 -0.9967784 -0.07160448
vn -0.0288803 -0.9962324 -0.08177371
vn -0.03613117 -0.9967784 -0.07160448
vn -0.04880128 -0.9973591 -0.05378849
vn -0.7935911 -0.5660331 0.2232032
vn -0.7780924 -0.5294916 0.3379509
vn -0.7935911 -0.5660331 0.2232032
vn -0.7975562 -0.5912729 0.1195842
vn -0.3153384 0.5279674 0.7885507
vn -0.2881899 0.5767072 0.7644314
vn -0.3153384 0.5279674 0.7885507
vn -0.3474429 0.4646985 0.8144561
vn -0.3535039 0.9032709 0.2431804
vn 0.0003067087 0.7923237 0.6101009
vn -0.3535039 0.9032709 0.2431804
vn -0.5126453 0.8585837 0.005353189
vn -0.01627761 0.6288946 -0.7773202
vn -0.1856909 0.6115674 -0.7690931
vn -0.01627761 0.6288946 -0.7773202
vn 0.131184 0.6291249 -0.7661544
vn 0.535573 -0.145983 -0.8317755
vn 0.4969907 -0.3001379 -0.8141974
vn 0.535573 -0.145983 -0.8317755
vn 0.5509247 -0.05988623 -0.8324035
vn 0.7833304 -0.6151116 -0.08961719
vn 0.633273 -0.7180643 -0.2887023
vn 0.7833304 -0.6151116 -0.08961719
vn 0.8963684 -0.3962599 0.19875
vn 0.2777663 -0.1050316 0.9548896
vn 0.3529106 -0.004903453 0.9356442
vn 0.2777663 -0.1050316 0.9548896
vn 0.2076064 -0.1921702 0.9591508
vn -0.7337641 0.5766785 0.3592105
vn -0.8222867 0.5240502 0.221847
vn -0.7337641 0.5766785 0.3592105
vn -0.2087497 0.6112283 0.7634287
vn -0.6589175 0.7414824 -0.1266157
vn -0.7327479 0.5882581 -0.3421007
vn -0.6589175 0.7414824 -0.1266157
vn -0.08587465 0.8050475 0.5869618
vn -0.2472585 0.4382704 -0.8641657
vn -0.374409 0.1852169 -0.9085773
vn -0.2472585 0.4382704 -0.8641657
vn -0.1058249 0.6476883 -0.7545204
vn 0.211481 -0.467086 -0.858549
vn 0.2240704 -0.4187345 -0.8800306
vn 0.211481 -0.467086 -0.858549
vn 0.1974291 -0.5169126 -0.8329604
vn 0.2989887 -0.9318534 -0.2055602
vn 0.3421012 -0.9058657 -0.2497476
vn 0.2989887 -0.9318534 -0.2055602
vn 0.2436913 -0.9582591 -0.1495125
vn -0.3826266 -0.52672 0.7590539
vn 0.2437375 -0.7101218 0.6605445
vn -0.3826266 -0.52672 0.7590539
vn -0.6271529 -0.3583103 0.6915872
vn -0.8070284 0.2508273 0.5345941
vn -0.6943022 -0.3148882 0.6471398
vn -0.8070284 0.2508273 0.5345941
vn -0.1990352 0.9622195 -0.1857916
vn -0.3024331 0.3592029 0.8828972
vn -0.2046835 0.5957759 0.7766311
vn -0.3024331 0.3592029 0.8828972
vn -0.3757148 0.1005267 0.9212669
vn -0.2678021 0.5598275 0.7841398
vn -0.2675823 0.5603661 0.7838301
vn -0.2678021 0.5598275 0.7841398
vn -0.2679598 0.5594406 0.784362
vn 0.9534718 0.2624022 -0.1484471
vn 0.9076195 0.2372718 -0.3463075
vn 0.9534718 0.2624022 -0.1484471
vn 0.8622584 0.2715838 0.4274958
vn 0.6501972 -0.7534049 0.09810559
vn 0.9211477 -0.3826792 0.07101726
vn 0.6501972 -0.7534049 0.09810559
vn 0.2034526 -0.9735518 0.1039423
vn 0.2065474 -0.931044 0.300824
vn 0.1335688 -0.9805611 0.1437332
vn 0.2065474 -0.931044 0.300824
vn 0.231098 -0.9059285 0.3548059
vn 0.05162119 -0.9978673 0.03995295
vn -0.04880123 -0.9973591 -0.05378868
vn 0.05162119 -0.9978673 0.03995295
vn 0.1638341 -0.9757899 0.1448875
vn -0.677936 -0.5817744 0.4493789
vn -0.5883511 -0.6514487 0.4790174
vn -0.677936 -0.5817744 0.4493789
vn -0.8289654 -0.4181889 0.3713953
vn -0.07085897 0.7570379 0.6495172
vn 0.117984 0.6814333 0.7223077
vn -0.07085897 0.7570379 0.6495172
vn -0.6998594 0.7035308 0.1234552
vn 0.2261589 0.7029273 0.6743481
vn 0.3200863 0.5832755 0.7465484
vn 0.2261589 0.7029273 0.6743481
vn 0.003419112 0.8906656 0.4546461
vn -0.2426348 0.9680013 -0.06404541
vn -0.2276516 0.9731243 -0.03469594
vn -0.2426348 0.9680013 -0.06404541
vn -0.2477876 0.9659652 -0.07424612
vn 0.2974562 0.6553013 -0.6943343
vn 0.3202446 0.7005737 -0.6376833
vn 0.2974562 0.6553013 -0.6943343
vn 0.2636522 0.5875461 -0.765034
vn 0.7239803 0.1538821 -0.6724379
vn 0.7257255 0.1399386 -0.6736019
vn 0.7239803 0.1538821 -0.6724379
vn 0.7228902 0.1620438 -0.6716931
vn 0.765112 -0.643738 -0.01432001
vn 0.6625551 -0.747793 0.04273633
vn 0.765112 -0.643738 -0.01432001
vn 0.8672048 -0.490559 -0.08548435
vn 0.5717041 -0.8127648 -0.1121062
vn 0.4788289 -0.8778776 -0.007326525
vn 0.5717041 -0.8127648 -0.1121062
vn 0.6613554 -0.7142966 -0.2288875
vn 0.5529683 0.01142386 0.833124
vn 0.5790285 0.01293028 0.8152047
vn 0.5529683 0.01142386 0.833124
vn 0.529851 0.01010425 0.8480306
vn -0.9237213 0.2772056 0.2643784
vn -0.9373328 0.1615502 0.3087212
vn -0.9237213 0.2772056 0.2643784
vn -0.8792619 0.4351319 0.1938008
vn -0.7181243 0.6641652 0.2078028
vn -0.3148189 0.926913 -0.2042579
vn -0.7181243 0.6641652 0.2078028
vn -0.8363216 0.2805998 0.4709884
vn -0.4625581 0.880432 -0.1043058
vn -0.5100313 0.8580884 -0.05960113
vn -0.4625581 0.880432 -0.1043058
vn -0.3940687 0.9042134 -0.1646448
vn -0.04740927 0.9884671 -0.1438235
vn -0.6222423 0.5824765 0.5230061
vn -0.04740927 0.9884671 -0.1438235
vn 0.08985695 0.9563823 -0.2779545
vn 0.8601514 0.382448 -0.3374508
vn 0.9202101 0.3395112 -0.1947966
vn 0.8601514 0.382448 -0.3374508
vn 0.7769232 0.4158099 -0.47275
vn 0.8869115 -0.2647758 -0.3785258
vn 0.8908476 -0.2645094 -0.3693579
vn 0.8869115 -0.2647758 -0.3785258
vn 0.8835838 -0.2649764 -0.3860921
vn 0.6965074 -0.6058089 -0.3845428
vn 0.8070308 -0.5670238 -0.1648797
vn 0.6965074 -0.6058089 -0.3845428
vn 0.5532389 -0.6080608 -0.5693758
vn 0.3603153 -0.7947031 -0.4884874
vn 0.3476156 -0.78944 -0.505913
vn 0.3603153 -0.7947031 -0.4884874
vn 0.3684746 -0.7979138 -0.4770324
vn -0.05458147 -0.8076717 -0.5871007
vn -0.01378004 -0.8387044 -0.5444126
vn -0.05458147 -0.8076717 -0.5871007
vn -0.09554964 -0.7726756 -0.6275688
vn -0.8736058 -0.3244316 -0.362708
vn -0.8728465 -0.335768 -0.3541169
vn -0.8736058 -0.3244316 -0.362708
vn -0.8741197 -0.3145676 -0.3700837

vt 0.4240167 0.35417
vt 0.3817148 0.3615618
vt 0.3801419 0.5016441
vt 0.4162683 0.578335
vt 0.3181631 0.5455095
vt 0.3801419 0.5016441
vt 0.3817148 0.3615618
vt 0.3458983 0.3555636
vt 0.005976111 0.6713267
vt 0.1621297 0.5957677
vt 0.1572649 0.3573359
vt 0.09032986 0.2760603
vt 0.6296117 0.3356602
vt 0.5767028 0.3436855
vt 0.7163801 0.7541323
vt 0.7778311 0.7163259
vt 0.4162683 0.578335
vt 0.3801419 0.5016441
vt 0.3181631 0.5455095
vt 0.3803526 0.7550352
vt 0.3883053 0.2173657
vt 0.3458983 0.3555636
vt 0.3817148 0.3615618
vt 0.4240167 0.35417
vt 0.5163419 0.6038018
vt 0.4577014 0.5776263
vt 0.4502001 0.7110448
vt 0.7623826 0.8863119
vt 0.9630115 0.6576055
vt 1 0.6377082
vt -5.960464E-08 0.257485
vt 0.9560505 0.231465
vt 0.5503824 0.2033967
vt 0.4589699 0.2118308
vt 0.4715121 0.3569686
vt 0.5167808 0.3437541
vt 0.5167808 0.3437541
vt 0.4715121 0.3569686
vt 0.4577014 0.5776263
vt 0.5163419 0.6038018
vt 0.9185526 0.7878723
vt 0.8466022 0.8217497
vt 0.9407167 1
vt 0.9783425 0.8581895
vt 0.3241832 0.7314995
vt 0.2734296 0.6735863
vt 0.2280218 0.608632
vt 0.199995 0.7162749
vt 0.2280218 0.608632
vt 0.2734296 0.6735863
vt 0.2795745 0.3619657
vt 0.2233166 0.33317
vt 0.1691191 0.1749346
vt 0.2233166 0.33317
vt 0.2795745 0.3619657
vt 0.2653245 0.1181273
vt 0.09560609 0.01015764
vt 0.4428239 0
vt 0.6914074 0.05911031
vt 0.8296325 0.07794246
vt 0.8493077 0.4445975
vt 0.8066356 0.5133614
vt 0.8294064 0.7049943
vt 0.8738323 0.6791247
vt 0.7623826 0.8863119
vt 0.4502001 0.7110448
vt 0.9407167 1
vt 0.8466022 0.8217497
vt 0.3803526 0.7550352
vt 0.3181631 0.5455095
vt 0.2734296 0.6735863
vt 0.3241832 0.7314995
vt 0.3181631 0.5455095
vt 0.3458983 0.3555636
vt 0.2795745 0.3619657
vt 0.2734296 0.6735863
vt 0.2653245 0.1181273
vt 0.2795745 0.3619657
vt 0.3458983 0.3555636
vt 0.3883053 0.2173657
vt 0.6914074 0.05911031
vt 0.4428239 0
vt 0.4589699 0.2118308
vt 0.5503824 0.2033967
vt 0.6296117 0.3356602
vt 0.7778311 0.7163259
vt 0.8294064 0.7049943
vt 0.8066356 0.5133614
vt 0.5163419 0.6038018
vt 0.7623826 0.8863119
vt 0.7778311 0.7163259
vt 0.7163801 0.7541323
vt 0.7623826 0.8863119
vt 0.8466022 0.8217497
vt 0.8294064 0.7049943
vt 0.7778311 0.7163259
vt 0.8738323 0.6791247
vt 0.8294064 0.7049943
vt 0.8466022 0.8217497
vt 0.9185526 0.7878723
vt 0.9630115 0.6576055
vt 0.9560505 0.231465
vt 0.8960555 0.408107
vt 0.9255074 0.6705195
vt 0.8296325 0.07794246
vt 0.6914074 0.05911031
vt 0.8066356 0.5133614
vt 0.8493077 0.4445975
vt 0.6914074 0.05911031
vt 0.5503824 0.2033967
vt 0.6296117 0.3356602
vt 0.8066356 0.5133614
vt 0.5503824 0.2033967
vt 0.5167808 0.3437541
vt 0.5767028 0.3436855
vt 0.6296117 0.3356602
vt 0.5167808 0.3437541
vt 0.5163419 0.6038018
vt 0.7163801 0.7541323
vt 0.5767028 0.3436855
vt 0.8738323 0.6791247
vt 0.9185526 0.7878723
vt 0.9630115 0.6576055
vt 0.9255074 0.6705195
vt 0.9185526 0.7878723
vt 0.9783425 0.8581895
vt 1 0.6377082
vt 0.9630115 0.6576055
vt 0.199995 0.7162749
vt 0.2280218 0.608632
vt 0.1621297 0.5957677
vt 0.005976111 0.6713267
vt 0.2280218 0.608632
vt 0.2233166 0.33317
vt 0.1572649 0.3573359
vt 0.1621297 0.5957677
vt 0.09032986 0.2760603
vt 0.1572649 0.3573359
vt 0.2233166 0.33317
vt 0.1691191 0.1749346
vt 0.09560609 0.01015764
vt 0.8296325 0.07794246
vt 0.9560505 0.231465
vt -5.960464E-08 0.257485
vt 0.8296325 0.07794246
vt 0.8493077 0.4445975
vt 0.8960555 0.408107
vt 0.9560505 0.231465
vt 0.8493077 0.4445975
vt 0.8738323 0.6791247
vt 0.9255074 0.6705195
vt 0.8960555 0.408107
vt 0.4162683 0.578335
vt 0.3803526 0.7550352
vt 0.4502001 0.7110448
vt 0.4577014 0.5776263
vt 0.3803526 0.7550352
vt 0.3241832 0.7314995
vt 0.9407167 1
vt 0.4502001 0.7110448
vt 0.3241832 0.7314995
vt 0.199995 0.7162749
vt 0.9783425 0.8581895
vt 0.9407167 1
vt 0.199995 0.7162749
vt 0.005976111 0.6713267
vt 1 0.6377082
vt 0.9783425 0.8581895
vt 0.005976111 0.6713267
vt 0.09032986 0.2760603
vt -5.960464E-08 0.257485
vt 1 0.6377082
vt 0.09032986 0.2760603
vt 0.1691191 0.1749346
vt 0.09560609 0.01015764
vt -5.960464E-08 0.257485
vt 0.1691191 0.1749346
vt 0.2653245 0.1181273
vt 0.4428239 0
vt 0.09560609 0.01015764
vt 0.2653245 0.1181273
vt 0.3883053 0.2173657
vt 0.4589699 0.2118308
vt 0.4428239 0
vt 0.3883053 0.2173657
vt 0.4240167 0.35417
vt 0.4715121 0.3569686
vt 0.4589699 0.2118308
vt 0.4240167 0.35417
vt 0.4162683 0.578335
vt 0.4577014 0.5776263
vt 0.4715121 0.3569686

usemap Standard_6D6D6D
usemtl Standard_6D6D6D
f 964/964/964 963/963/963 962/962/962 961/961/961 
f 968/968/968 967/967/967 966/966/966 965/965/965 
f 972/972/972 971/971/971 970/970/970 969/969/969 
f 976/976/976 975/975/975 974/974/974 973/973/973 
f 980/980/980 979/979/979 978/978/978 977/977/977 
f 984/984/984 983/983/983 982/982/982 981/981/981 
f 988/988/988 987/987/987 986/986/986 985/985/985 
f 992/992/992 991/991/991 990/990/990 989/989/989 
f 996/996/996 995/995/995 994/994/994 993/993/993 
f 1000/1000/1000 999/999/999 998/998/998 997/997/997 
f 1004/1004/1004 1003/1003/1003 1002/1002/1002 1001/1001/1001 
f 1008/1008/1008 1007/1007/1007 1006/1006/1006 1005/1005/1005 
f 1012/1012/1012 1011/1011/1011 1010/1010/1010 1009/1009/1009 
f 1016/1016/1016 1015/1015/1015 1014/1014/1014 1013/1013/1013 
f 1020/1020/1020 1019/1019/1019 1018/1018/1018 1017/1017/1017 
f 1024/1024/1024 1023/1023/1023 1022/1022/1022 1021/1021/1021 
f 1028/1028/1028 1027/1027/1027 1026/1026/1026 1025/1025/1025 
f 1032/1032/1032 1031/1031/1031 1030/1030/1030 1029/1029/1029 
f 1036/1036/1036 1035/1035/1035 1034/1034/1034 1033/1033/1033 
f 1040/1040/1040 1039/1039/1039 1038/1038/1038 1037/1037/1037 
f 1044/1044/1044 1043/1043/1043 1042/1042/1042 1041/1041/1041 
f 1048/1048/1048 1047/1047/1047 1046/1046/1046 1045/1045/1045 
f 1052/1052/1052 1051/1051/1051 1050/1050/1050 1049/1049/1049 
f 1056/1056/1056 1055/1055/1055 1054/1054/1054 1053/1053/1053 
f 1060/1060/1060 1059/1059/1059 1058/1058/1058 1057/1057/1057 
f 1064/1064/1064 1063/1063/1063 1062/1062/1062 1061/1061/1061 
f 1068/1068/1068 1067/1067/1067 1066/1066/1066 1065/1065/1065 
f 1072/1072/1072 1071/1071/1071 1070/1070/1070 1069/1069/1069 
f 1076/1076/1076 1075/1075/1075 1074/1074/1074 1073/1073/1073 
f 1080/1080/1080 1079/1079/1079 1078/1078/1078 1077/1077/1077 
f 1084/1084/1084 1083/1083/1083 1082/1082/1082 1081/1081/1081 
f 1088/1088/1088 1087/1087/1087 1086/1086/1086 1085/1085/1085 
f 1092/1092/1092 1091/1091/1091 1090/1090/1090 1089/1089/1089 
f 1096/1096/1096 1095/1095/1095 1094/1094/1094 1093/1093/1093 
f 1100/1100/1100 1099/1099/1099 1098/1098/1098 1097/1097/1097 
f 1104/1104/1104 1103/1103/1103 1102/1102/1102 1101/1101/1101 
f 1108/1108/1108 1107/1107/1107 1106/1106/1106 1105/1105/1105 
f 1112/1112/1112 1111/1111/1111 1110/1110/1110 1109/1109/1109 
f 1116/1116/1116 1115/1115/1115 1114/1114/1114 1113/1113/1113 
f 1120/1120/1120 1119/1119/1119 1118/1118/1118 1117/1117/1117 
f 1124/1124/1124 1123/1123/1123 1122/1122/1122 1121/1121/1121 
f 1128/1128/1128 1127/1127/1127 1126/1126/1126 1125/1125/1125 
f 1132/1132/1132 1131/1131/1131 1130/1130/1130 1129/1129/1129 
f 1136/1136/1136 1135/1135/1135 1134/1134/1134 1133/1133/1133 
f 1140/1140/1140 1139/1139/1139 1138/1138/1138 1137/1137/1137 
f 1144/1144/1144 1143/1143/1143 1142/1142/1142 1141/1141/1141 
f 1148/1148/1148 1147/1147/1147 1146/1146/1146 1145/1145/1145 
f 1152/1152/1152 1151/1151/1151 1150/1150/1150 1149/1149/1149 

g s.0029
usemap Standard_6D6D6D
usemtl Standard_6D6D6D
v -0.1650461 -0.1275067 0.128094
v -0.1656285 -0.1103197 0.1313176
v -0.1858426 -0.11658 0.1427736
v -0.1964207 -0.1294782 0.1389973
v -0.1898306 -0.1009286 0.1601516
v -0.1858426 -0.11658 0.1427736
v -0.1656285 -0.1103197 0.1313176
v -0.1640913 -0.1034205 0.1447191
v -0.179343 -0.140021 0.2455471
v -0.1808363 -0.108231 0.2104705
v -0.1546141 -0.1062372 0.2048495
v -0.1432654 -0.1202426 0.2136178
v -0.1558128 -0.1831878 0.1581832
v -0.1589445 -0.1754852 0.1451088
v -0.1963529 -0.2035578 0.1887221
v -0.1871927 -0.2045068 0.2053619
v -0.1964207 -0.1294782 0.1389973
v -0.1858426 -0.11658 0.1427736
v -0.1898306 -0.1009286 0.1601516
v -0.2085915 -0.1301642 0.1633899
v -0.1478578 -0.1229392 0.1445713
v -0.1640913 -0.1034205 0.1447191
v -0.1656285 -0.1103197 0.1313176
v -0.1650461 -0.1275067 0.128094
v -0.1925422 -0.1635053 0.1441535
v -0.1948889 -0.1442153 0.1362573
v -0.200359 -0.146544 0.1573624
v -0.205536 -0.1923467 0.2035059
v -0.1749026 -0.1703065 0.2547753
v -0.1730073 -0.1562153 0.2576515
v -0.1389547 -0.1401332 0.2201803
v -0.1387751 -0.158416 0.21436
v -0.1470351 -0.1627866 0.1492486
v -0.1472503 -0.141277 0.1389168
v -0.1644518 -0.1450455 0.1248044
v -0.1617321 -0.1600775 0.1348313
v -0.1617321 -0.1600775 0.1348313
v -0.1644518 -0.1450455 0.1248044
v -0.1948889 -0.1442153 0.1362573
v -0.1925422 -0.1635053 0.1441535
v -0.1914341 -0.1797591 0.2386373
v -0.1949816 -0.1895086 0.221318
v -0.2094084 -0.1660379 0.2221092
v -0.2017498 -0.1641259 0.2426687
v -0.1994145 -0.1241061 0.1754719
v -0.1991462 -0.1063318 0.1816634
v -0.1882646 -0.1025247 0.1929129
v -0.191667 -0.1179464 0.2007496
v -0.1882646 -0.1025247 0.1929129
v -0.1991462 -0.1063318 0.1816634
v -0.161587 -0.09218009 0.1665533
v -0.1548821 -0.09625644 0.1858792
v -0.138347 -0.1137479 0.1937947
v -0.1548821 -0.09625644 0.1858792
v -0.161587 -0.09218009 0.1665533
v -0.1355538 -0.1142524 0.1724264
v -0.1316207 -0.13452 0.1930885
v -0.1352998 -0.1427803 0.1637463
v -0.1336859 -0.1686083 0.173908
v -0.1409434 -0.1639305 0.1918944
v -0.145806 -0.2021873 0.2234586
v -0.158396 -0.2105426 0.2114993
v -0.1840191 -0.2043158 0.2227667
v -0.178937 -0.1987623 0.23779
v -0.205536 -0.1923467 0.2035059
v -0.200359 -0.146544 0.1573624
v -0.2094084 -0.1660379 0.2221092
v -0.1949816 -0.1895086 0.221318
v -0.2085915 -0.1301642 0.1633899
v -0.1898306 -0.1009286 0.1601516
v -0.1991462 -0.1063318 0.1816634
v -0.1994145 -0.1241061 0.1754719
v -0.1898306 -0.1009286 0.1601516
v -0.1640913 -0.1034205 0.1447191
v -0.161587 -0.09218009 0.1665533
v -0.1991462 -0.1063318 0.1816634
v -0.1355538 -0.1142524 0.1724264
v -0.161587 -0.09218009 0.1665533
v -0.1640913 -0.1034205 0.1447191
v -0.1478578 -0.1229392 0.1445713
v -0.1336859 -0.1686083 0.173908
v -0.1352998 -0.1427803 0.1637463
v -0.1472503 -0.141277 0.1389168
v -0.1470351 -0.1627866 0.1492486
v -0.1558128 -0.1831878 0.1581832
v -0.1871927 -0.2045068 0.2053619
v -0.1840191 -0.2043158 0.2227667
v -0.158396 -0.2105426 0.2114993
v -0.1925422 -0.1635053 0.1441535
v -0.205536 -0.1923467 0.2035059
v -0.1871927 -0.2045068 0.2053619
v -0.1963529 -0.2035578 0.1887221
v -0.205536 -0.1923467 0.2035059
v -0.1949816 -0.1895086 0.221318
v -0.1840191 -0.2043158 0.2227667
v -0.1871927 -0.2045068 0.2053619
v -0.178937 -0.1987623 0.23779
v -0.1840191 -0.2043158 0.2227667
v -0.1949816 -0.1895086 0.221318
v -0.1914341 -0.1797591 0.2386373
v -0.1749026 -0.1703065 0.2547753
v -0.1387751 -0.158416 0.21436
v -0.1381738 -0.1896557 0.2357005
v -0.1768457 -0.1847497 0.2518272
v -0.1409434 -0.1639305 0.1918944
v -0.1336859 -0.1686083 0.173908
v -0.158396 -0.2105426 0.2114993
v -0.145806 -0.2021873 0.2234586
v -0.1336859 -0.1686083 0.173908
v -0.1470351 -0.1627866 0.1492486
v -0.1558128 -0.1831878 0.1581832
v -0.158396 -0.2105426 0.2114993
v -0.1470351 -0.1627866 0.1492486
v -0.1617321 -0.1600775 0.1348313
v -0.1589445 -0.1754852 0.1451088
v -0.1558128 -0.1831878 0.1581832
v -0.1617321 -0.1600775 0.1348313
v -0.1925422 -0.1635053 0.1441535
v -0.1963529 -0.2035578 0.1887221
v -0.1589445 -0.1754852 0.1451088
v -0.178937 -0.1987623 0.23779
v -0.1914341 -0.1797591 0.2386373
v -0.1749026 -0.1703065 0.2547753
v -0.1768457 -0.1847497 0.2518272
v -0.1914341 -0.1797591 0.2386373
v -0.2017498 -0.1641259 0.2426687
v -0.1730073 -0.1562153 0.2576515
v -0.1749026 -0.1703065 0.2547753
v -0.191667 -0.1179464 0.2007496
v -0.1882646 -0.1025247 0.1929129
v -0.1808363 -0.108231 0.2104705
v -0.179343 -0.140021 0.2455471
v -0.1882646 -0.1025247 0.1929129
v -0.1548821 -0.09625644 0.1858792
v -0.1546141 -0.1062372 0.2048495
v -0.1808363 -0.108231 0.2104705
v -0.1432654 -0.1202426 0.2136178
v -0.1546141 -0.1062372 0.2048495
v -0.1548821 -0.09625644 0.1858792
v -0.138347 -0.1137479 0.1937947
v -0.1316207 -0.13452 0.1930885
v -0.1409434 -0.1639305 0.1918944
v -0.1387751 -0.158416 0.21436
v -0.1389547 -0.1401332 0.2201803
v -0.1409434 -0.1639305 0.1918944
v -0.145806 -0.2021873 0.2234586
v -0.1381738 -0.1896557 0.2357005
v -0.1387751 -0.158416 0.21436
v -0.145806 -0.2021873 0.2234586
v -0.178937 -0.1987623 0.23779
v -0.1768457 -0.1847497 0.2518272
v -0.1381738 -0.1896557 0.2357005
v -0.1964207 -0.1294782 0.1389973
v -0.2085915 -0.1301642 0.1633899
v -0.200359 -0.146544 0.1573624
v -0.1948889 -0.1442153 0.1362573
v -0.2085915 -0.1301642 0.1633899
v -0.1994145 -0.1241061 0.1754719
v -0.2094084 -0.1660379 0.2221092
v -0.200359 -0.146544 0.1573624
v -0.1994145 -0.1241061 0.1754719
v -0.191667 -0.1179464 0.2007496
v -0.2017498 -0.1641259 0.2426687
v -0.2094084 -0.1660379 0.2221092
v -0.191667 -0.1179464 0.2007496
v -0.179343 -0.140021 0.2455471
v -0.1730073 -0.1562153 0.2576515
v -0.2017498 -0.1641259 0.2426687
v -0.179343 -0.140021 0.2455471
v -0.1432654 -0.1202426 0.2136178
v -0.1389547 -0.1401332 0.2201803
v -0.1730073 -0.1562153 0.2576515
v -0.1432654 -0.1202426 0.2136178
v -0.138347 -0.1137479 0.1937947
v -0.1316207 -0.13452 0.1930885
v -0.1389547 -0.1401332 0.2201803
v -0.138347 -0.1137479 0.1937947
v -0.1355538 -0.1142524 0.1724264
v -0.1352998 -0.1427803 0.1637463
v -0.1316207 -0.13452 0.1930885
v -0.1355538 -0.1142524 0.1724264
v -0.1478578 -0.1229392 0.1445713
v -0.1472503 -0.141277 0.1389168
v -0.1352998 -0.1427803 0.1637463
v -0.1478578 -0.1229392 0.1445713
v -0.1650461 -0.1275067 0.128094
v -0.1644518 -0.1450455 0.1248044
v -0.1472503 -0.141277 0.1389168
v -0.1650461 -0.1275067 0.128094
v -0.1964207 -0.1294782 0.1389973
v -0.1948889 -0.1442153 0.1362573
v -0.1644518 -0.1450455 0.1248044

vn -0.4191818 0.3355551 -0.8436168
vn -0.5207152 0.1403024 -0.8421229
vn -0.4191818 0.3355551 -0.8436168
vn -0.312931 0.4941222 -0.8111211
vn -0.3898394 0.7277728 -0.5642447
vn -0.5323244 0.564652 -0.630713
vn -0.3898394 0.7277728 -0.5642447
vn -0.1751058 0.8833921 -0.4346911
vn 0.1680401 0.7059034 0.6880864
vn 0.08671015 0.7400113 0.6669818
vn 0.1680401 0.7059034 0.6880864
vn 0.2648877 0.6567073 0.7060949
vn 0.197772 -0.9161804 -0.3485683
vn 0.04256074 -0.856323 -0.5146839
vn 0.197772 -0.9161804 -0.3485683
vn 0.3014304 -0.9280288 -0.2188657
vn -0.724533 0.5104281 -0.4631577
vn -0.4890561 0.5893525 -0.6430301
vn -0.724533 0.5104281 -0.4631577
vn -0.7958615 0.468189 -0.3839318
vn 0.7110812 0.3800959 -0.5915154
vn 0.7078853 0.5916644 -0.3857868
vn 0.7110812 0.3800959 -0.5915154
vn 0.6606287 0.1599553 -0.733474
vn -0.934443 -0.2025388 -0.2929066
vn -0.9372432 -0.2235518 -0.2675812
vn -0.934443 -0.2025388 -0.2929066
vn -0.9334799 -0.1966365 -0.2999156
vn 0.7626056 -0.2052004 0.6134538
vn 0.7672226 -0.2257287 0.6003466
vn 0.7626056 -0.2052004 0.6134538
vn 0.7590789 -0.1906916 0.6224435
vn 0.6338565 -0.3369627 -0.6961911
vn 0.6411889 -0.3270334 -0.6942089
vn 0.6338565 -0.3369627 -0.6961911
vn 0.6207917 -0.3542055 -0.699397
vn -0.2641559 -0.4767994 -0.8383818
vn -0.3037851 -0.5661156 -0.7663078
vn -0.2641559 -0.4767994 -0.8383818
vn -0.2260922 -0.3924551 -0.8915499
vn -0.7572271 -0.5267519 0.3861859
vn -0.7632188 -0.4835763 0.4285453
vn -0.7572271 -0.5267519 0.3861859
vn -0.7458857 -0.5776793 0.3315737
vn -0.8972659 0.1202694 0.4247931
vn -0.6561226 -0.2393948 0.7156768
vn -0.8972659 0.1202694 0.4247931
vn -0.9273848 0.3105828 0.2085561
vn -0.2325445 0.9621299 0.1422298
vn -0.3463295 0.9379481 0.01758233
vn -0.2325445 0.9621299 0.1422298
vn -0.1282834 0.9604624 0.247094
vn 0.6809903 0.7322913 -0.001185673
vn 0.7482434 0.6521012 -0.1220488
vn 0.6809903 0.7322913 -0.001185673
vn 0.6367429 0.7683241 0.06509044
vn 0.9869033 -0.1202751 0.1074976
vn 0.9917486 0.01174653 -0.127658
vn 0.9869033 -0.1202751 0.1074976
vn 0.859162 -0.2894725 0.4219554
vn 0.04218533 -0.899052 0.435805
vn 0.03672986 -0.8369428 0.5460566
vn 0.04218533 -0.899052 0.435805
vn 0.04644594 -0.9419628 0.332489
vn -0.9902801 -0.1387324 -0.009936418
vn -0.9879109 -0.0393885 -0.1499361
vn -0.9902801 -0.1387324 -0.009936418
vn -0.7275718 -0.4642451 0.5050898
vn -0.9266361 0.375794 -0.01115047
vn -0.8301104 0.5069802 -0.2321376
vn -0.9266361 0.375794 -0.01115047
vn -0.7213976 -0.2180711 0.6572902
vn -0.2566071 0.951717 -0.1684863
vn -0.1751058 0.8833922 -0.434691
vn -0.2566071 0.951717 -0.1684863
vn -0.3151122 0.9437101 0.100576
vn 0.659202 0.6092348 -0.4407785
vn 0.6422622 0.6490096 -0.4077814
vn 0.659202 0.6092348 -0.4407785
vn 0.6750542 0.5650296 -0.4743873
vn 0.8671705 -0.1692566 -0.4683668
vn 0.8922238 -0.1159623 -0.436451
vn 0.8671705 -0.1692566 -0.4683668
vn 0.8307174 -0.2342571 -0.5050071
vn -0.1186551 -0.9272442 -0.3551609
vn 0.4778885 -0.8749921 -0.0775322
vn -0.1186551 -0.9272442 -0.3551609
vn -0.3887872 -0.8119448 -0.4354196
vn -0.8749981 -0.4341034 -0.2143188
vn -0.454977 -0.7577257 -0.4678119
vn -0.8749981 -0.4341034 -0.2143188
vn -0.7210513 0.5448758 0.4280131
vn -0.6614355 -0.6800278 0.3163309
vn -0.7177926 -0.4822855 0.5021698
vn -0.6614355 -0.6800278 0.3163309
vn -0.5568953 -0.8231884 0.110583
vn -0.7422166 -0.5072016 0.4380194
vn -0.7423307 -0.5066897 0.4384183
vn -0.7422166 -0.5072016 0.4380194
vn -0.7421344 -0.5075692 0.4377329
vn 0.5583298 0.29568 0.7751395
vn 0.5883382 0.4638066 0.6623757
vn 0.5583298 0.29568 0.7751395
vn 0.3491131 -0.2322725 0.9078378
vn 0.9347811 -0.3550234 -0.01194197
vn 0.8987906 -0.1658501 0.4057944
vn 0.9347811 -0.3550234 -0.01194197
vn 0.7510483 -0.4743634 -0.4592447
vn 0.6790174 -0.6370649 -0.3648061
vn 0.6953604 -0.5175502 -0.4986138
vn 0.6790174 -0.6370649 -0.3648061
vn 0.6677933 -0.6749114 -0.3139217
vn 0.6717237 -0.4343384 -0.6001143
vn 0.6207918 -0.3542053 -0.6993969
vn 0.6717237 -0.4343384 -0.6001143
vn 0.7139822 -0.5149556 -0.4743945
vn -0.223854 -0.683224 -0.69505
vn -0.1209142 -0.7331665 -0.6692135
vn -0.223854 -0.683224 -0.69505
vn -0.4204861 -0.5548948 -0.7178323
vn -0.6944104 -0.2936695 0.6569265
vn -0.5258462 -0.3797503 0.7611015
vn -0.6944104 -0.2936695 0.6569265
vn -0.9913925 0.1296398 0.01828992
vn -0.4497566 -0.3210866 0.8334401
vn -0.3215511 -0.4297549 0.843751
vn -0.4497566 -0.3210866 0.8334401
vn -0.6803098 -0.05763229 0.7306553
vn -0.7854115 0.4334239 0.4418965
vn -0.7848224 0.4095141 0.4651366
vn -0.7854115 0.4334239 0.4418965
vn -0.7854116 0.4416347 0.4336906
vn -0.041538 0.9148545 0.4016416
vn -0.06768068 0.8825632 0.4652973
vn -0.041538 0.9148545 0.4016416
vn -0.00554564 0.9503257 0.3112077
vn 0.5864154 0.7178825 0.3751824
vn 0.5969549 0.7134462 0.3669325
vn 0.5864154 0.7178825 0.3751824
vn 0.5801814 0.7204173 0.3799851
vn 0.9742235 -0.2016381 0.1011464
vn 0.9533105 -0.3014538 -0.01801833
vn 0.9742235 -0.2016381 0.1011464
vn 0.966466 -0.06922423 0.2472885
vn 0.9661121 -0.1912248 -0.1733797
vn 0.9157485 -0.3184651 -0.2449177
vn 0.9661121 -0.1912248 -0.1733797
vn 0.9954727 -0.03980299 -0.08631305
vn 0.1958503 -0.7252229 0.6600715
vn 0.2180645 -0.7067471 0.6730205
vn 0.1958503 -0.7252229 0.6600715
vn 0.1763693 -0.7407017 0.6482707
vn -0.9124348 -0.1832132 -0.3659175
vn -0.8582581 -0.2709736 -0.4358512
vn -0.9124348 -0.1832132 -0.3659175
vn -0.9652404 -0.05272984 -0.2559893
vn -0.9993317 0.03568878 0.00789998
vn -0.7779462 0.5409425 0.3196576
vn -0.9993317 0.03568878 0.00789998
vn -0.9003366 -0.3656874 -0.2359377
vn -0.8790156 0.4224556 0.2210493
vn -0.909709 0.3699024 0.1886839
vn -0.8790156 0.4224556 0.2210493
vn -0.8302701 0.49108 0.2636134
vn -0.6378816 0.5257427 0.5627625
vn -0.9520294 -0.2797269 0.1240678
vn -0.6378816 0.5257427 0.5627625
vn -0.485597 0.6433149 0.5918965
vn 0.4581083 0.5113006 0.7271234
vn 0.4954649 0.3671084 0.7872394
vn 0.4581083 0.5113006 0.7271234
vn 0.4083558 0.6435976 0.6473236
vn 0.9048551 0.2904288 0.311269
vn 0.9053593 0.2823817 0.3171515
vn 0.9048551 0.2904288 0.311269
vn 0.9043691 0.2970733 0.3063724
vn 0.9880507 0.1480528 -0.04285106
vn 0.9910001 -0.0308135 0.1302666
vn 0.9880507 0.1480528 -0.04285106
vn 0.9294686 0.3078815 -0.2032165
vn 0.890551 0.1479376 -0.4301551
vn 0.8820819 0.1652512 -0.4411618
vn 0.890551 0.1479376 -0.4301551
vn 0.8958204 0.1366454 -0.4228875
vn 0.6211432 0.2090997 -0.7552871
vn 0.6606286 0.1599554 -0.733474
vn 0.6211432 0.2090997 -0.7552871
vn 0.5784515 0.2577971 -0.7739087
vn -0.338677 0.1511806 -0.9286778
vn -0.3328569 0.1388187 -0.9327034
vn -0.338677 0.1511806 -0.9286778
vn -0.3436584 0.1618543 -0.9250417

vt 0.4240167 0.35417
vt 0.3817148 0.3615618
vt 0.3801419 0.5016441
vt 0.4162683 0.578335
vt 0.3181631 0.5455095
vt 0.3801419 0.5016441
vt 0.3817148 0.3615618
vt 0.3458983 0.3555636
vt 0.005976111 0.6713267
vt 0.1621297 0.5957677
vt 0.1572649 0.3573359
vt 0.09032986 0.2760603
vt 0.6296117 0.3356602
vt 0.5767028 0.3436855
vt 0.7163801 0.7541323
vt 0.7778311 0.7163259
vt 0.4162683 0.578335
vt 0.3801419 0.5016441
vt 0.3181631 0.5455095
vt 0.3803526 0.7550352
vt 0.3883053 0.2173657
vt 0.3458983 0.3555636
vt 0.3817148 0.3615618
vt 0.4240167 0.35417
vt 0.5163419 0.6038018
vt 0.4577014 0.5776263
vt 0.4502001 0.7110448
vt 0.7623826 0.8863119
vt 0.9630115 0.6576055
vt 1 0.6377082
vt -5.960464E-08 0.257485
vt 0.9560505 0.231465
vt 0.5503824 0.2033967
vt 0.4589699 0.2118308
vt 0.4715121 0.3569686
vt 0.5167808 0.3437541
vt 0.5167808 0.3437541
vt 0.4715121 0.3569686
vt 0.4577014 0.5776263
vt 0.5163419 0.6038018
vt 0.9185526 0.7878723
vt 0.8466022 0.8217497
vt 0.9407167 1
vt 0.9783425 0.8581895
vt 0.3241832 0.7314995
vt 0.2734296 0.6735863
vt 0.2280218 0.608632
vt 0.199995 0.7162749
vt 0.2280218 0.608632
vt 0.2734296 0.6735863
vt 0.2795745 0.3619657
vt 0.2233166 0.33317
vt 0.1691191 0.1749346
vt 0.2233166 0.33317
vt 0.2795745 0.3619657
vt 0.2653245 0.1181273
vt 0.09560609 0.01015764
vt 0.4428239 0
vt 0.6914074 0.05911031
vt 0.8296325 0.07794246
vt 0.8493077 0.4445975
vt 0.8066356 0.5133614
vt 0.8294064 0.7049943
vt 0.8738323 0.6791247
vt 0.7623826 0.8863119
vt 0.4502001 0.7110448
vt 0.9407167 1
vt 0.8466022 0.8217497
vt 0.3803526 0.7550352
vt 0.3181631 0.5455095
vt 0.2734296 0.6735863
vt 0.3241832 0.7314995
vt 0.3181631 0.5455095
vt 0.3458983 0.3555636
vt 0.2795745 0.3619657
vt 0.2734296 0.6735863
vt 0.2653245 0.1181273
vt 0.2795745 0.3619657
vt 0.3458983 0.3555636
vt 0.3883053 0.2173657
vt 0.6914074 0.05911031
vt 0.4428239 0
vt 0.4589699 0.2118308
vt 0.5503824 0.2033967
vt 0.6296117 0.3356602
vt 0.7778311 0.7163259
vt 0.8294064 0.7049943
vt 0.8066356 0.5133614
vt 0.5163419 0.6038018
vt 0.7623826 0.8863119
vt 0.7778311 0.7163259
vt 0.7163801 0.7541323
vt 0.7623826 0.8863119
vt 0.8466022 0.8217497
vt 0.8294064 0.7049943
vt 0.7778311 0.7163259
vt 0.8738323 0.6791247
vt 0.8294064 0.7049943
vt 0.8466022 0.8217497
vt 0.9185526 0.7878723
vt 0.9630115 0.6576055
vt 0.9560505 0.231465
vt 0.8960555 0.408107
vt 0.9255074 0.6705195
vt 0.8296325 0.07794246
vt 0.6914074 0.05911031
vt 0.8066356 0.5133614
vt 0.8493077 0.4445975
vt 0.6914074 0.05911031
vt 0.5503824 0.2033967
vt 0.6296117 0.3356602
vt 0.8066356 0.5133614
vt 0.5503824 0.2033967
vt 0.5167808 0.3437541
vt 0.5767028 0.3436855
vt 0.6296117 0.3356602
vt 0.5167808 0.3437541
vt 0.5163419 0.6038018
vt 0.7163801 0.7541323
vt 0.5767028 0.3436855
vt 0.8738323 0.6791247
vt 0.9185526 0.7878723
vt 0.9630115 0.6576055
vt 0.9255074 0.6705195
vt 0.9185526 0.7878723
vt 0.9783425 0.8581895
vt 1 0.6377082
vt 0.9630115 0.6576055
vt 0.199995 0.7162749
vt 0.2280218 0.608632
vt 0.1621297 0.5957677
vt 0.005976111 0.6713267
vt 0.2280218 0.608632
vt 0.2233166 0.33317
vt 0.1572649 0.3573359
vt 0.1621297 0.5957677
vt 0.09032986 0.2760603
vt 0.1572649 0.3573359
vt 0.2233166 0.33317
vt 0.1691191 0.1749346
vt 0.09560609 0.01015764
vt 0.8296325 0.07794246
vt 0.9560505 0.231465
vt -5.960464E-08 0.257485
vt 0.8296325 0.07794246
vt 0.8493077 0.4445975
vt 0.8960555 0.408107
vt 0.9560505 0.231465
vt 0.8493077 0.4445975
vt 0.8738323 0.6791247
vt 0.9255074 0.6705195
vt 0.8960555 0.408107
vt 0.4162683 0.578335
vt 0.3803526 0.7550352
vt 0.4502001 0.7110448
vt 0.4577014 0.5776263
vt 0.3803526 0.7550352
vt 0.3241832 0.7314995
vt 0.9407167 1
vt 0.4502001 0.7110448
vt 0.3241832 0.7314995
vt 0.199995 0.7162749
vt 0.9783425 0.8581895
vt 0.9407167 1
vt 0.199995 0.7162749
vt 0.005976111 0.6713267
vt 1 0.6377082
vt 0.9783425 0.8581895
vt 0.005976111 0.6713267
vt 0.09032986 0.2760603
vt -5.960464E-08 0.257485
vt 1 0.6377082
vt 0.09032986 0.2760603
vt 0.1691191 0.1749346
vt 0.09560609 0.01015764
vt -5.960464E-08 0.257485
vt 0.1691191 0.1749346
vt 0.2653245 0.1181273
vt 0.4428239 0
vt 0.09560609 0.01015764
vt 0.2653245 0.1181273
vt 0.3883053 0.2173657
vt 0.4589699 0.2118308
vt 0.4428239 0
vt 0.3883053 0.2173657
vt 0.4240167 0.35417
vt 0.4715121 0.3569686
vt 0.4589699 0.2118308
vt 0.4240167 0.35417
vt 0.4162683 0.578335
vt 0.4577014 0.5776263
vt 0.4715121 0.3569686

usemap Standard_6D6D6D
usemtl Standard_6D6D6D
f 1156/1156/1156 1155/1155/1155 1154/1154/1154 1153/1153/1153 
f 1160/1160/1160 1159/1159/1159 1158/1158/1158 1157/1157/1157 
f 1164/1164/1164 1163/1163/1163 1162/1162/1162 1161/1161/1161 
f 1168/1168/1168 1167/1167/1167 1166/1166/1166 1165/1165/1165 
f 1172/1172/1172 1171/1171/1171 1170/1170/1170 1169/1169/1169 
f 1176/1176/1176 1175/1175/1175 1174/1174/1174 1173/1173/1173 
f 1180/1180/1180 1179/1179/1179 1178/1178/1178 1177/1177/1177 
f 1184/1184/1184 1183/1183/1183 1182/1182/1182 1181/1181/1181 
f 1188/1188/1188 1187/1187/1187 1186/1186/1186 1185/1185/1185 
f 1192/1192/1192 1191/1191/1191 1190/1190/1190 1189/1189/1189 
f 1196/1196/1196 1195/1195/1195 1194/1194/1194 1193/1193/1193 
f 1200/1200/1200 1199/1199/1199 1198/1198/1198 1197/1197/1197 
f 1204/1204/1204 1203/1203/1203 1202/1202/1202 1201/1201/1201 
f 1208/1208/1208 1207/1207/1207 1206/1206/1206 1205/1205/1205 
f 1212/1212/1212 1211/1211/1211 1210/1210/1210 1209/1209/1209 
f 1216/1216/1216 1215/1215/1215 1214/1214/1214 1213/1213/1213 
f 1220/1220/1220 1219/1219/1219 1218/1218/1218 1217/1217/1217 
f 1224/1224/1224 1223/1223/1223 1222/1222/1222 1221/1221/1221 
f 1228/1228/1228 1227/1227/1227 1226/1226/1226 1225/1225/1225 
f 1232/1232/1232 1231/1231/1231 1230/1230/1230 1229/1229/1229 
f 1236/1236/1236 1235/1235/1235 1234/1234/1234 1233/1233/1233 
f 1240/1240/1240 1239/1239/1239 1238/1238/1238 1237/1237/1237 
f 1244/1244/1244 1243/1243/1243 1242/1242/1242 1241/1241/1241 
f 1248/1248/1248 1247/1247/1247 1246/1246/1246 1245/1245/1245 
f 1252/1252/1252 1251/1251/1251 1250/1250/1250 1249/1249/1249 
f 1256/1256/1256 1255/1255/1255 1254/1254/1254 1253/1253/1253 
f 1260/1260/1260 1259/1259/1259 1258/1258/1258 1257/1257/1257 
f 1264/1264/1264 1263/1263/1263 1262/1262/1262 1261/1261/1261 
f 1268/1268/1268 1267/1267/1267 1266/1266/1266 1265/1265/1265 
f 1272/1272/1272 1271/1271/1271 1270/1270/1270 1269/1269/1269 
f 1276/1276/1276 1275/1275/1275 1274/1274/1274 1273/1273/1273 
f 1280/1280/1280 1279/1279/1279 1278/1278/1278 1277/1277/1277 
f 1284/1284/1284 1283/1283/1283 1282/1282/1282 1281/1281/1281 
f 1288/1288/1288 1287/1287/1287 1286/1286/1286 1285/1285/1285 
f 1292/1292/1292 1291/1291/1291 1290/1290/1290 1289/1289/1289 
f 1296/1296/1296 1295/1295/1295 1294/1294/1294 1293/1293/1293 
f 1300/1300/1300 1299/1299/1299 1298/1298/1298 1297/1297/1297 
f 1304/1304/1304 1303/1303/1303 1302/1302/1302 1301/1301/1301 
f 1308/1308/1308 1307/1307/1307 1306/1306/1306 1305/1305/1305 
f 1312/1312/1312 1311/1311/1311 1310/1310/1310 1309/1309/1309 
f 1316/1316/1316 1315/1315/1315 1314/1314/1314 1313/1313/1313 
f 1320/1320/1320 1319/1319/1319 1318/1318/1318 1317/1317/1317 
f 1324/1324/1324 1323/1323/1323 1322/1322/1322 1321/1321/1321 
f 1328/1328/1328 1327/1327/1327 1326/1326/1326 1325/1325/1325 
f 1332/1332/1332 1331/1331/1331 1330/1330/1330 1329/1329/1329 
f 1336/1336/1336 1335/1335/1335 1334/1334/1334 1333/1333/1333 
f 1340/1340/1340 1339/1339/1339 1338/1338/1338 1337/1337/1337 
f 1344/1344/1344 1343/1343/1343 1342/1342/1342 1341/1341/1341 

g s.0030
usemap Standard_6D6D6D
usemtl Standard_6D6D6D
v 0.05342656 -0.1663846 -0.2689117
v 0.06642371 -0.1547392 -0.2676523
v 0.05078446 -0.1410327 -0.2797597
v 0.03892615 -0.1461372 -0.2909778
v 0.05508599 -0.1182851 -0.2745724
v 0.05078446 -0.1410327 -0.2797597
v 0.06642371 -0.1547392 -0.2676523
v 0.06648283 -0.1418516 -0.2596857
v -0.01507225 -0.08001865 -0.2241334
v 0.02783722 -0.08867019 -0.24222
v 0.03863671 -0.1028274 -0.2220676
v 0.02547452 -0.1084649 -0.2080389
v -0.005596904 -0.1772143 -0.2467768
v 0.006228264 -0.1815296 -0.2558113
v -0.04711125 -0.1482278 -0.2674504
v -0.05334001 -0.140271 -0.2513388
v 0.03892615 -0.1461372 -0.2909778
v 0.05078446 -0.1410327 -0.2797597
v 0.05508599 -0.1182851 -0.2745724
v 0.0240468 -0.1233221 -0.2896845
v 0.05396046 -0.1590355 -0.2458138
v 0.06648283 -0.1418516 -0.2596857
v 0.06642371 -0.1547392 -0.2676523
v 0.05342656 -0.1663846 -0.2689117
v 0.008536058 -0.1618029 -0.2854554
v 0.02802665 -0.1565395 -0.2911452
v 0.01493051 -0.1398407 -0.2856308
v -0.04667913 -0.1275408 -0.2681127
v -0.04402022 -0.09094556 -0.2160891
v -0.03288357 -0.08222458 -0.2128726
v 0.006576302 -0.1158573 -0.2012942
v -0.006253113 -0.1298292 -0.2041859
v 0.01807884 -0.1768216 -0.2432564
v 0.04111368 -0.1730938 -0.248252
v 0.04016348 -0.1782682 -0.2701967
v 0.02340528 -0.1798788 -0.2630928
v 0.02340528 -0.1798788 -0.2630928
v 0.04016348 -0.1782682 -0.2701967
v 0.02802665 -0.1565395 -0.2911452
v 0.008536058 -0.1618029 -0.2854554
v -0.04870688 -0.1008824 -0.2385028
v -0.04987988 -0.1173173 -0.2501695
v -0.03384242 -0.09834528 -0.2621066
v -0.03981997 -0.08535507 -0.2453577
v 0.02589475 -0.1150695 -0.275707
v 0.03823073 -0.1012783 -0.2722487
v 0.03896985 -0.09554031 -0.2572159
v 0.02137404 -0.09639753 -0.2565275
v 0.03896985 -0.09554031 -0.2572159
v 0.03823073 -0.1012783 -0.2722487
v 0.06657916 -0.1208545 -0.2467062
v 0.05583727 -0.1115164 -0.2314591
v 0.04138782 -0.1217977 -0.2133615
v 0.05583727 -0.1115164 -0.2314591
v 0.06657916 -0.1208545 -0.2467062
v 0.05152973 -0.13905 -0.2213715
v 0.02569865 -0.1360483 -0.2080709
v 0.03131891 -0.1605429 -0.2257105
v 0.005033277 -0.1672507 -0.2196261
v -0.001099546 -0.1484316 -0.2171167
v -0.04946704 -0.1430942 -0.2063636
v -0.05417378 -0.1510235 -0.2232845
v -0.06043658 -0.1286288 -0.2400634
v -0.06139369 -0.11674 -0.2282267
v -0.04667913 -0.1275408 -0.2681127
v 0.01493051 -0.1398407 -0.2856308
v -0.03384242 -0.09834528 -0.2621066
v -0.04987988 -0.1173173 -0.2501695
v 0.0240468 -0.1233221 -0.2896845
v 0.05508599 -0.1182851 -0.2745724
v 0.03823073 -0.1012783 -0.2722487
v 0.02589475 -0.1150695 -0.275707
v 0.05508599 -0.1182851 -0.2745724
v 0.06648283 -0.1418516 -0.2596857
v 0.06657916 -0.1208545 -0.2467062
v 0.03823073 -0.1012783 -0.2722487
v 0.05152973 -0.13905 -0.2213715
v 0.06657916 -0.1208545 -0.2467062
v 0.06648283 -0.1418516 -0.2596857
v 0.05396046 -0.1590355 -0.2458138
v 0.005033277 -0.1672507 -0.2196261
v 0.03131891 -0.1605429 -0.2257105
v 0.04111368 -0.1730938 -0.248252
v 0.01807884 -0.1768216 -0.2432564
v -0.005596904 -0.1772143 -0.2467768
v -0.05334001 -0.140271 -0.2513388
v -0.06043658 -0.1286288 -0.2400634
v -0.05417378 -0.1510235 -0.2232845
v 0.008536058 -0.1618029 -0.2854554
v -0.04667913 -0.1275408 -0.2681127
v -0.05334001 -0.140271 -0.2513388
v -0.04711125 -0.1482278 -0.2674504
v -0.04667913 -0.1275408 -0.2681127
v -0.04987988 -0.1173173 -0.2501695
v -0.06043658 -0.1286288 -0.2400634
v -0.05334001 -0.140271 -0.2513388
v -0.06139369 -0.11674 -0.2282267
v -0.06043658 -0.1286288 -0.2400634
v -0.04987988 -0.1173173 -0.2501695
v -0.04870688 -0.1008824 -0.2385028
v -0.04402022 -0.09094556 -0.2160891
v -0.006253113 -0.1298292 -0.2041859
v -0.04256514 -0.1306773 -0.1935832
v -0.05543511 -0.09988426 -0.2193864
v -0.001099546 -0.1484316 -0.2171167
v 0.005033277 -0.1672507 -0.2196261
v -0.05417378 -0.1510235 -0.2232845
v -0.04946704 -0.1430942 -0.2063636
v 0.005033277 -0.1672507 -0.2196261
v 0.01807884 -0.1768216 -0.2432564
v -0.005596904 -0.1772143 -0.2467768
v -0.05417378 -0.1510235 -0.2232845
v 0.01807884 -0.1768216 -0.2432564
v 0.02340528 -0.1798788 -0.2630928
v 0.006228264 -0.1815296 -0.2558113
v -0.005596904 -0.1772143 -0.2467768
v 0.02340528 -0.1798788 -0.2630928
v 0.008536058 -0.1618029 -0.2854554
v -0.04711125 -0.1482278 -0.2674504
v 0.006228264 -0.1815296 -0.2558113
v -0.06139369 -0.11674 -0.2282267
v -0.04870688 -0.1008824 -0.2385028
v -0.04402022 -0.09094556 -0.2160891
v -0.05543511 -0.09988426 -0.2193864
v -0.04870688 -0.1008824 -0.2385028
v -0.03981997 -0.08535507 -0.2453577
v -0.03288357 -0.08222458 -0.2128726
v -0.04402022 -0.09094556 -0.2160891
v 0.02137404 -0.09639753 -0.2565275
v 0.03896985 -0.09554031 -0.2572159
v 0.02783722 -0.08867019 -0.24222
v -0.01507225 -0.08001865 -0.2241334
v 0.03896985 -0.09554031 -0.2572159
v 0.05583727 -0.1115164 -0.2314591
v 0.03863671 -0.1028274 -0.2220676
v 0.02783722 -0.08867019 -0.24222
v 0.02547452 -0.1084649 -0.2080389
v 0.03863671 -0.1028274 -0.2220676
v 0.05583727 -0.1115164 -0.2314591
v 0.04138782 -0.1217977 -0.2133615
v 0.02569865 -0.1360483 -0.2080709
v -0.001099546 -0.1484316 -0.2171167
v -0.006253113 -0.1298292 -0.2041859
v 0.006576302 -0.1158573 -0.2012942
v -0.001099546 -0.1484316 -0.2171167
v -0.04946704 -0.1430942 -0.2063636
v -0.04256514 -0.1306773 -0.1935832
v -0.006253113 -0.1298292 -0.2041859
v -0.04946704 -0.1430942 -0.2063636
v -0.06139369 -0.11674 -0.2282267
v -0.05543511 -0.09988426 -0.2193864
v -0.04256514 -0.1306773 -0.1935832
v 0.03892615 -0.1461372 -0.2909778
v 0.0240468 -0.1233221 -0.2896845
v 0.01493051 -0.1398407 -0.2856308
v 0.02802665 -0.1565395 -0.2911452
v 0.0240468 -0.1233221 -0.2896845
v 0.02589475 -0.1150695 -0.275707
v -0.03384242 -0.09834528 -0.2621066
v 0.01493051 -0.1398407 -0.2856308
v 0.02589475 -0.1150695 -0.275707
v 0.02137404 -0.09639753 -0.2565275
v -0.03981997 -0.08535507 -0.2453577
v -0.03384242 -0.09834528 -0.2621066
v 0.02137404 -0.09639753 -0.2565275
v -0.01507225 -0.08001865 -0.2241334
v -0.03288357 -0.08222458 -0.2128726
v -0.03981997 -0.08535507 -0.2453577
v -0.01507225 -0.08001865 -0.2241334
v 0.02547452 -0.1084649 -0.2080389
v 0.006576302 -0.1158573 -0.2012942
v -0.03288357 -0.08222458 -0.2128726
v 0.02547452 -0.1084649 -0.2080389
v 0.04138782 -0.1217977 -0.2133615
v 0.02569865 -0.1360483 -0.2080709
v 0.006576302 -0.1158573 -0.2012942
v 0.04138782 -0.1217977 -0.2133615
v 0.05152973 -0.13905 -0.2213715
v 0.03131891 -0.1605429 -0.2257105
v 0.02569865 -0.1360483 -0.2080709
v 0.05152973 -0.13905 -0.2213715
v 0.05396046 -0.1590355 -0.2458138
v 0.04111368 -0.1730938 -0.248252
v 0.03131891 -0.1605429 -0.2257105
v 0.05396046 -0.1590355 -0.2458138
v 0.05342656 -0.1663846 -0.2689117
v 0.04016348 -0.1782682 -0.2701967
v 0.04111368 -0.1730938 -0.248252
v 0.05342656 -0.1663846 -0.2689117
v 0.03892615 -0.1461372 -0.2909778
v 0.02802665 -0.1565395 -0.2911452
v 0.04016348 -0.1782682 -0.2701967

vn 0.5717136 -0.2716836 -0.7741651
vn 0.3796167 -0.3302289 -0.864199
vn 0.5717136 -0.2716836 -0.7741651
vn 0.7180353 -0.2092167 -0.6638175
vn 0.7837424 0.1284004 -0.6076686
vn 0.6402631 0.05366761 -0.7662786
vn 0.7837424 0.1284004 -0.6076686
vn 0.9095895 0.2154501 -0.3552862
vn 0.324527 0.8086271 0.4907183
vn 0.3431498 0.8451535 0.4098337
vn 0.324527 0.8086271 0.4907183
vn 0.298339 0.7553603 0.5834592
vn -0.5697765 -0.8217604 -0.008030483
vn -0.4805166 -0.8479121 -0.2239393
vn -0.5697765 -0.8217604 -0.008030483
vn -0.6141169 -0.7756593 0.1456472
vn 0.4689685 0.2301579 -0.8526992
vn 0.6777169 0.03928666 -0.7342727
vn 0.4689685 0.2301579 -0.8526992
vn 0.3786921 0.2966661 -0.8766878
vn 0.7734063 -0.5377995 0.3355807
vn 0.8576189 -0.2732561 0.4356846
vn 0.7734063 -0.5377995 0.3355807
vn 0.6391091 -0.7370584 0.2197369
vn -0.2687703 0.07057963 -0.9606149
vn -0.2990619 0.0794767 -0.9509182
vn -0.2687703 0.07057963 -0.9606149
vn -0.2602664 0.06808355 -0.9631335
vn -0.2691591 0.02511344 0.9627683
vn -0.2794309 0.002703101 0.960162
vn -0.2691591 0.02511344 0.9627683
vn -0.261838 0.04086063 0.9642465
vn 0.1921921 -0.9588353 0.2090388
vn 0.2015474 -0.9552485 0.2165154
vn 0.1921921 -0.9588353 0.2090388
vn 0.1757545 -0.9647491 0.1958815
vn -0.0838396 -0.7591894 -0.6454474
vn -0.203026 -0.7360161 -0.6458024
vn -0.0838396 -0.7591894 -0.6454474
vn 0.02198553 -0.770322 -0.6372759
vn -0.8147787 0.3283795 -0.4778101
vn -0.799091 0.3848926 -0.4618564
vn -0.8147787 0.3283795 -0.4778101
vn -0.8300744 0.256481 -0.4951706
vn -0.3165301 0.755295 -0.5738798
vn -0.6973932 0.6803249 -0.2253907
vn -0.3165301 0.755295 -0.5738798
vn -0.06201295 0.7077987 -0.703687
vn 0.6956621 0.7078277 -0.1226149
vn 0.7044803 0.6508336 -0.2830603
vn 0.6956621 0.7078277 -0.1226149
vn 0.6716213 0.7406362 0.01956562
vn 0.7928651 0.09641382 0.6017221
vn 0.7971522 -0.0634027 0.6004403
vn 0.7928651 0.09641382 0.6017221
vn 0.7819269 0.182989 0.5959072
vn 0.09267567 -0.3991852 0.9121745
vn 0.3149852 -0.5059806 0.8029745
vn 0.09267567 -0.3991852 0.9121745
vn -0.2284244 -0.2014513 0.9524913
vn -0.9564023 -0.1668592 0.2396929
vn -0.9558498 -0.05040488 0.2895005
vn -0.9564023 -0.1668592 0.2396929
vn -0.9441134 -0.2676087 0.1924465
vn -0.3591172 0.3369445 -0.8703467
vn -0.2092325 0.2844621 -0.9355764
vn -0.3591172 0.3369445 -0.8703467
vn -0.8091798 0.4366575 -0.393139
vn 0.09526056 0.5791172 -0.8096597
vn 0.3330466 0.4437556 -0.8319622
vn 0.09526056 0.5791172 -0.8096597
vn -0.6684363 0.6757977 -0.3106289
vn 0.824475 0.4825883 -0.2955494
vn 0.9095895 0.2154502 -0.3552862
vn 0.824475 0.4825883 -0.2955494
vn 0.6787596 0.7021189 -0.2152081
vn 0.8859256 -0.2842276 0.3665384
vn 0.9003312 -0.231815 0.368328
vn 0.8859256 -0.2842276 0.3665384
vn 0.8677616 -0.3389586 0.3634513
vn 0.2875061 -0.8005566 0.5257846
vn 0.3243359 -0.7595386 0.5638328
vn 0.2875061 -0.8005566 0.5257846
vn 0.2400673 -0.8464093 0.4753514
vn -0.654626 -0.6991761 -0.2874326
vn -0.5905403 -0.7175789 0.3692458
vn -0.654626 -0.6991761 -0.2874326
vn -0.5863609 -0.5843189 -0.561028
vn -0.4874966 -0.01776386 -0.8729442
vn -0.5416434 -0.5519724 -0.6339945
vn -0.4874966 -0.01776386 -0.8729442
vn 0.0871652 0.9061747 -0.4138233
vn -0.889215 0.1559525 -0.4300878
vn -0.8207628 0.4209159 -0.386236
vn -0.889215 0.1559525 -0.4300878
vn -0.8900459 -0.1154062 -0.4410211
vn -0.8183751 0.3706658 -0.4391686
vn -0.818152 0.3712776 -0.4390676
vn -0.8183751 0.3706658 -0.4391686
vn -0.8185351 0.3702263 -0.439241
vn 0.03184388 0.4935011 0.869162
vn 0.2345489 0.4856085 0.842123
vn 0.03184388 0.4935011 0.869162
vn -0.5308538 0.4028862 0.7455715
vn -0.06488208 -0.5887402 0.8057142
vn -0.1058811 -0.1652581 0.9805503
vn -0.06488208 -0.5887402 0.8057142
vn -0.005257653 -0.904933 0.4255214
vn -0.2052945 -0.8900565 0.4070057
vn -0.03763482 -0.9332625 0.3572181
vn -0.2052945 -0.8900565 0.4070057
vn -0.2638223 -0.8675287 0.4216537
vn 0.074268 -0.9547668 0.2879316
vn 0.1757547 -0.964749 0.1958816
vn 0.074268 -0.9547668 0.2879316
vn -0.04200413 -0.9218234 0.3853274
vn -0.3158426 -0.7783776 -0.5425604
vn -0.3447739 -0.8288094 -0.4406879
vn -0.3158426 -0.7783776 -0.5425604
vn -0.2448273 -0.6451122 -0.7238024
vn -0.7259341 0.6245105 -0.2881079
vn -0.8055716 0.5854515 -0.0911094
vn -0.7259341 0.6245105 -0.2881079
vn -0.1439689 0.4990632 -0.8545226
vn -0.7702006 0.637702 0.01127571
vn -0.8356832 0.534339 0.1269472
vn -0.7702006 0.637702 0.01127571
vn -0.5555767 0.7969311 -0.2371397
vn -0.03009773 0.8850955 -0.4644352
vn -0.06105087 0.8895026 -0.452833
vn -0.03009773 0.8850955 -0.4644352
vn -0.01931412 0.8833302 -0.4683532
vn 0.5828599 0.7945371 0.1702504
vn 0.5194573 0.8357117 0.1781859
vn 0.5828599 0.7945371 0.1702504
vn 0.6637923 0.7310679 0.1578589
vn 0.5831453 0.4071776 0.7029566
vn 0.5857966 0.3943075 0.7080706
vn 0.5831453 0.4071776 0.7029566
vn 0.5815368 0.4146863 0.6998929
vn 0.02320039 -0.4412203 0.8970988
vn -0.01187197 -0.5729421 0.8195098
vn 0.02320039 -0.4412203 0.8970988
vn 0.06644203 -0.2603639 0.9632217
vn 0.1569687 -0.6354756 0.7559969
vn 0.06922678 -0.7339377 0.6756797
vn 0.1569687 -0.6354756 0.7559969
vn 0.2529091 -0.5039944 0.8258491
vn -0.8739849 0.02554318 0.4852813
vn -0.8587328 0.03545983 0.5111953
vn -0.8739849 0.02554318 0.4852813
vn -0.8865384 0.01689704 0.4623462
vn -0.2131062 0.01742337 -0.9768736
vn -0.2420519 -0.1031718 -0.9647624
vn -0.2131062 0.01742337 -0.9768736
vn -0.1659388 0.1894433 -0.9677683
vn -0.221118 0.4454405 -0.8675768
vn 0.1197993 0.8478964 -0.5164493
vn -0.221118 0.4454405 -0.8675768
vn -0.4255418 0.01279585 -0.9048483
vn 0.03944834 0.7553503 -0.6541327
vn 0.002058464 0.7167638 -0.697313
vn 0.03944834 0.7553503 -0.6541327
vn 0.09028238 0.80231 -0.5900404
vn 0.0292085 0.9608182 -0.2756358
vn -0.5316141 0.3460372 -0.7730748
vn 0.0292085 0.9608182 -0.2756358
vn 0.1536012 0.9799079 -0.1272287
vn 0.2127498 0.6132765 0.7606769
vn 0.07146772 0.5663954 0.8210291
vn 0.2127498 0.6132765 0.7606769
vn 0.3499307 0.6445742 0.6797593
vn 0.3277665 0.001567995 0.9447575
vn 0.3183212 0.001487535 0.9479818
vn 0.3277665 0.001567995 0.9447575
vn 0.3355663 0.001634539 0.9420151
vn 0.3909028 -0.3701767 0.8427124
vn 0.1593269 -0.3371392 0.927875
vn 0.3909028 -0.3701767 0.8427124
vn 0.5865785 -0.3803335 0.7150329
vn 0.5456763 -0.6157569 0.568402
vn 0.5634038 -0.6112532 0.5558289
vn 0.5456763 -0.6157569 0.568402
vn 0.5340099 -0.6185214 0.576424
vn 0.6812386 -0.7107924 0.1751803
vn 0.6391093 -0.7370583 0.2197369
vn 0.6812386 -0.7107924 0.1751803
vn 0.7207168 -0.681049 0.1293809
vn 0.4740405 -0.4652354 -0.7475571
vn 0.466821 -0.4771493 -0.7445849
vn 0.4740405 -0.4652354 -0.7475571
vn 0.480211 -0.4548485 -0.7500069

vt 0.4240167 0.35417
vt 0.3817148 0.3615618
vt 0.3801419 0.5016441
vt 0.4162683 0.578335
vt 0.3181631 0.5455095
vt 0.3801419 0.5016441
vt 0.3817148 0.3615618
vt 0.3458983 0.3555636
vt 0.005976111 0.6713267
vt 0.1621297 0.5957677
vt 0.1572649 0.3573359
vt 0.09032986 0.2760603
vt 0.6296117 0.3356602
vt 0.5767028 0.3436855
vt 0.7163801 0.7541323
vt 0.7778311 0.7163259
vt 0.4162683 0.578335
vt 0.3801419 0.5016441
vt 0.3181631 0.5455095
vt 0.3803526 0.7550352
vt 0.3883053 0.2173657
vt 0.3458983 0.3555636
vt 0.3817148 0.3615618
vt 0.4240167 0.35417
vt 0.5163419 0.6038018
vt 0.4577014 0.5776263
vt 0.4502001 0.7110448
vt 0.7623826 0.8863119
vt 0.9630115 0.6576055
vt 1 0.6377082
vt -5.960464E-08 0.257485
vt 0.9560505 0.231465
vt 0.5503824 0.2033967
vt 0.4589699 0.2118308
vt 0.4715121 0.3569686
vt 0.5167808 0.3437541
vt 0.5167808 0.3437541
vt 0.4715121 0.3569686
vt 0.4577014 0.5776263
vt 0.5163419 0.6038018
vt 0.9185526 0.7878723
vt 0.8466022 0.8217497
vt 0.9407167 1
vt 0.9783425 0.8581895
vt 0.3241832 0.7314995
vt 0.2734296 0.6735863
vt 0.2280218 0.608632
vt 0.199995 0.7162749
vt 0.2280218 0.608632
vt 0.2734296 0.6735863
vt 0.2795745 0.3619657
vt 0.2233166 0.33317
vt 0.1691191 0.1749346
vt 0.2233166 0.33317
vt 0.2795745 0.3619657
vt 0.2653245 0.1181273
vt 0.09560609 0.01015764
vt 0.4428239 0
vt 0.6914074 0.05911031
vt 0.8296325 0.07794246
vt 0.8493077 0.4445975
vt 0.8066356 0.5133614
vt 0.8294064 0.7049943
vt 0.8738323 0.6791247
vt 0.7623826 0.8863119
vt 0.4502001 0.7110448
vt 0.9407167 1
vt 0.8466022 0.8217497
vt 0.3803526 0.7550352
vt 0.3181631 0.5455095
vt 0.2734296 0.6735863
vt 0.3241832 0.7314995
vt 0.3181631 0.5455095
vt 0.3458983 0.3555636
vt 0.2795745 0.3619657
vt 0.2734296 0.6735863
vt 0.2653245 0.1181273
vt 0.2795745 0.3619657
vt 0.3458983 0.3555636
vt 0.3883053 0.2173657
vt 0.6914074 0.05911031
vt 0.4428239 0
vt 0.4589699 0.2118308
vt 0.5503824 0.2033967
vt 0.6296117 0.3356602
vt 0.7778311 0.7163259
vt 0.8294064 0.7049943
vt 0.8066356 0.5133614
vt 0.5163419 0.6038018
vt 0.7623826 0.8863119
vt 0.7778311 0.7163259
vt 0.7163801 0.7541323
vt 0.7623826 0.8863119
vt 0.8466022 0.8217497
vt 0.8294064 0.7049943
vt 0.7778311 0.7163259
vt 0.8738323 0.6791247
vt 0.8294064 0.7049943
vt 0.8466022 0.8217497
vt 0.9185526 0.7878723
vt 0.9630115 0.6576055
vt 0.9560505 0.231465
vt 0.8960555 0.408107
vt 0.9255074 0.6705195
vt 0.8296325 0.07794246
vt 0.6914074 0.05911031
vt 0.8066356 0.5133614
vt 0.8493077 0.4445975
vt 0.6914074 0.05911031
vt 0.5503824 0.2033967
vt 0.6296117 0.3356602
vt 0.8066356 0.5133614
vt 0.5503824 0.2033967
vt 0.5167808 0.3437541
vt 0.5767028 0.3436855
vt 0.6296117 0.3356602
vt 0.5167808 0.3437541
vt 0.5163419 0.6038018
vt 0.7163801 0.7541323
vt 0.5767028 0.3436855
vt 0.8738323 0.6791247
vt 0.9185526 0.7878723
vt 0.9630115 0.6576055
vt 0.9255074 0.6705195
vt 0.9185526 0.7878723
vt 0.9783425 0.8581895
vt 1 0.6377082
vt 0.9630115 0.6576055
vt 0.199995 0.7162749
vt 0.2280218 0.608632
vt 0.1621297 0.5957677
vt 0.005976111 0.6713267
vt 0.2280218 0.608632
vt 0.2233166 0.33317
vt 0.1572649 0.3573359
vt 0.1621297 0.5957677
vt 0.09032986 0.2760603
vt 0.1572649 0.3573359
vt 0.2233166 0.33317
vt 0.1691191 0.1749346
vt 0.09560609 0.01015764
vt 0.8296325 0.07794246
vt 0.9560505 0.231465
vt -5.960464E-08 0.257485
vt 0.8296325 0.07794246
vt 0.8493077 0.4445975
vt 0.8960555 0.408107
vt 0.9560505 0.231465
vt 0.8493077 0.4445975
vt 0.8738323 0.6791247
vt 0.9255074 0.6705195
vt 0.8960555 0.408107
vt 0.4162683 0.578335
vt 0.3803526 0.7550352
vt 0.4502001 0.7110448
vt 0.4577014 0.5776263
vt 0.3803526 0.7550352
vt 0.3241832 0.7314995
vt 0.9407167 1
vt 0.4502001 0.7110448
vt 0.3241832 0.7314995
vt 0.199995 0.7162749
vt 0.9783425 0.8581895
vt 0.9407167 1
vt 0.199995 0.7162749
vt 0.005976111 0.6713267
vt 1 0.6377082
vt 0.9783425 0.8581895
vt 0.005976111 0.6713267
vt 0.09032986 0.2760603
vt -5.960464E-08 0.257485
vt 1 0.6377082
vt 0.09032986 0.2760603
vt 0.1691191 0.1749346
vt 0.09560609 0.01015764
vt -5.960464E-08 0.257485
vt 0.1691191 0.1749346
vt 0.2653245 0.1181273
vt 0.4428239 0
vt 0.09560609 0.01015764
vt 0.2653245 0.1181273
vt 0.3883053 0.2173657
vt 0.4589699 0.2118308
vt 0.4428239 0
vt 0.3883053 0.2173657
vt 0.4240167 0.35417
vt 0.4715121 0.3569686
vt 0.4589699 0.2118308
vt 0.4240167 0.35417
vt 0.4162683 0.578335
vt 0.4577014 0.5776263
vt 0.4715121 0.3569686

usemap Standard_6D6D6D
usemtl Standard_6D6D6D
f 1348/1348/1348 1347/1347/1347 1346/1346/1346 1345/1345/1345 
f 1352/1352/1352 1351/1351/1351 1350/1350/1350 1349/1349/1349 
f 1356/1356/1356 1355/1355/1355 1354/1354/1354 1353/1353/1353 
f 1360/1360/1360 1359/1359/1359 1358/1358/1358 1357/1357/1357 
f 1364/1364/1364 1363/1363/1363 1362/1362/1362 1361/1361/1361 
f 1368/1368/1368 1367/1367/1367 1366/1366/1366 1365/1365/1365 
f 1372/1372/1372 1371/1371/1371 1370/1370/1370 1369/1369/1369 
f 1376/1376/1376 1375/1375/1375 1374/1374/1374 1373/1373/1373 
f 1380/1380/1380 1379/1379/1379 1378/1378/1378 1377/1377/1377 
f 1384/1384/1384 1383/1383/1383 1382/1382/1382 1381/1381/1381 
f 1388/1388/1388 1387/1387/1387 1386/1386/1386 1385/1385/1385 
f 1392/1392/1392 1391/1391/1391 1390/1390/1390 1389/1389/1389 
f 1396/1396/1396 1395/1395/1395 1394/1394/1394 1393/1393/1393 
f 1400/1400/1400 1399/1399/1399 1398/1398/1398 1397/1397/1397 
f 1404/1404/1404 1403/1403/1403 1402/1402/1402 1401/1401/1401 
f 1408/1408/1408 1407/1407/1407 1406/1406/1406 1405/1405/1405 
f 1412/1412/1412 1411/1411/1411 1410/1410/1410 1409/1409/1409 
f 1416/1416/1416 1415/1415/1415 1414/1414/1414 1413/1413/1413 
f 1420/1420/1420 1419/1419/1419 1418/1418/1418 1417/1417/1417 
f 1424/1424/1424 1423/1423/1423 1422/1422/1422 1421/1421/1421 
f 1428/1428/1428 1427/1427/1427 1426/1426/1426 1425/1425/1425 
f 1432/1432/1432 1431/1431/1431 1430/1430/1430 1429/1429/1429 
f 1436/1436/1436 1435/1435/1435 1434/1434/1434 1433/1433/1433 
f 1440/1440/1440 1439/1439/1439 1438/1438/1438 1437/1437/1437 
f 1444/1444/1444 1443/1443/1443 1442/1442/1442 1441/1441/1441 
f 1448/1448/1448 1447/1447/1447 1446/1446/1446 1445/1445/1445 
f 1452/1452/1452 1451/1451/1451 1450/1450/1450 1449/1449/1449 
f 1456/1456/1456 1455/1455/1455 1454/1454/1454 1453/1453/1453 
f 1460/1460/1460 1459/1459/1459 1458/1458/1458 1457/1457/1457 
f 1464/1464/1464 1463/1463/1463 1462/1462/1462 1461/1461/1461 
f 1468/1468/1468 1467/1467/1467 1466/1466/1466 1465/1465/1465 
f 1472/1472/1472 1471/1471/1471 1470/1470/1470 1469/1469/1469 
f 1476/1476/1476 1475/1475/1475 1474/1474/1474 1473/1473/1473 
f 1480/1480/1480 1479/1479/1479 1478/1478/1478 1477/1477/1477 
f 1484/1484/1484 1483/1483/1483 1482/1482/1482 1481/1481/1481 
f 1488/1488/1488 1487/1487/1487 1486/1486/1486 1485/1485/1485 
f 1492/1492/1492 1491/1491/1491 1490/1490/1490 1489/1489/1489 
f 1496/1496/1496 1495/1495/1495 1494/1494/1494 1493/1493/1493 
f 1500/1500/1500 1499/1499/1499 1498/1498/1498 1497/1497/1497 
f 1504/1504/1504 1503/1503/1503 1502/1502/1502 1501/1501/1501 
f 1508/1508/1508 1507/1507/1507 1506/1506/1506 1505/1505/1505 
f 1512/1512/1512 1511/1511/1511 1510/1510/1510 1509/1509/1509 
f 1516/1516/1516 1515/1515/1515 1514/1514/1514 1513/1513/1513 
f 1520/1520/1520 1519/1519/1519 1518/1518/1518 1517/1517/1517 
f 1524/1524/1524 1523/1523/1523 1522/1522/1522 1521/1521/1521 
f 1528/1528/1528 1527/1527/1527 1526/1526/1526 1525/1525/1525 
f 1532/1532/1532 1531/1531/1531 1530/1530/1530 1529/1529/1529 
f 1536/1536/1536 1535/1535/1535 1534/1534/1534 1533/1533/1533 

g s.0031
usemap Standard_6D6D6D
usemtl Standard_6D6D6D
v 0.1106586 -0.1329515 0.2075759
v 0.1235629 -0.122025 0.2120722
v 0.1094343 -0.1061084 0.2008433
v 0.09878482 -0.1089921 0.1877745
v 0.113385 -0.08463563 0.2101265
v 0.1094343 -0.1061084 0.2008433
v 0.1235629 -0.122025 0.2120722
v 0.1229028 -0.1106142 0.2220181
v 0.03864753 -0.05320542 0.2586759
v 0.08314783 -0.05995825 0.2439341
v 0.09160526 -0.07749857 0.2624809
v 0.07697237 -0.08498651 0.2739543
v 0.04951383 -0.1456335 0.2214137
v 0.06218854 -0.148739 0.2130599
v 0.01071867 -0.1125471 0.201633
v 0.002892695 -0.1071555 0.2181065
v 0.09878482 -0.1089921 0.1877745
v 0.1094343 -0.1061084 0.2008433
v 0.113385 -0.08463563 0.2101265
v 0.0840784 -0.08629641 0.1912707
v 0.1088086 -0.1294818 0.2314996
v 0.1229028 -0.1106142 0.2220181
v 0.1235629 -0.122025 0.2120722
v 0.1106586 -0.1329515 0.2075759
v 0.06782681 -0.1245157 0.1874733
v 0.08786254 -0.1189277 0.1847705
v 0.07442036 -0.1030006 0.1915826
v 0.01142303 -0.09204814 0.2044395
v 0.00890236 -0.06450543 0.2617786
v 0.01971996 -0.05673141 0.2675206
v 0.05739255 -0.0928623 0.2774018
v 0.04480548 -0.105822 0.2709378
v 0.07268442 -0.146464 0.2273738
v 0.09615526 -0.1426 0.2254644
v 0.09749033 -0.1441016 0.2029875
v 0.08005728 -0.1463917 0.2079615
v 0.08005728 -0.1463917 0.2079615
v 0.09749033 -0.1441016 0.2029875
v 0.08786254 -0.1189277 0.1847705
v 0.06782681 -0.1245157 0.1874733
v 0.006525055 -0.07052585 0.2376709
v 0.006435625 -0.08480189 0.2233957
v 0.02383693 -0.06458176 0.2164696
v 0.01624276 -0.05433667 0.2344242
v 0.08451263 -0.08048519 0.2065329
v 0.09654711 -0.06778266 0.2134719
v 0.09574193 -0.06459323 0.22924
v 0.07816494 -0.06507213 0.2279589
v 0.09574193 -0.06459323 0.22924
v 0.09654711 -0.06778266 0.2134719
v 0.1218273 -0.09202331 0.2382223
v 0.1096194 -0.08500579 0.2536101
v 0.09322852 -0.09770174 0.2681761
v 0.1096194 -0.08500579 0.2536101
v 0.1218273 -0.09202331 0.2382223
v 0.1039929 -0.1136877 0.2585201
v 0.07692613 -0.1121918 0.2693972
v 0.08414603 -0.1336284 0.2486348
v 0.05729785 -0.1405203 0.2507854
v 0.05111938 -0.1222018 0.2557178
v 0.001938436 -0.1173741 0.2621565
v -0.001022443 -0.1223091 0.2437657
v -0.005246043 -0.09731758 0.2303545
v -0.007337525 -0.08749493 0.2438269
v 0.01142303 -0.09204814 0.2044395
v 0.07442036 -0.1030006 0.1915826
v 0.02383693 -0.06458176 0.2164696
v 0.006435625 -0.08480189 0.2233957
v 0.0840784 -0.08629641 0.1912707
v 0.113385 -0.08463563 0.2101265
v 0.09654711 -0.06778266 0.2134719
v 0.08451263 -0.08048519 0.2065329
v 0.113385 -0.08463563 0.2101265
v 0.1229028 -0.1106142 0.2220181
v 0.1218273 -0.09202331 0.2382223
v 0.09654711 -0.06778266 0.2134719
v 0.1039929 -0.1136877 0.2585201
v 0.1218273 -0.09202331 0.2382223
v 0.1229028 -0.1106142 0.2220181
v 0.1088086 -0.1294818 0.2314996
v 0.05729785 -0.1405203 0.2507854
v 0.08414603 -0.1336284 0.2486348
v 0.09615526 -0.1426 0.2254644
v 0.07268442 -0.146464 0.2273738
v 0.04951383 -0.1456335 0.2214137
v 0.002892695 -0.1071555 0.2181065
v -0.005246043 -0.09731758 0.2303545
v -0.001022443 -0.1223091 0.2437657
v 0.06782681 -0.1245157 0.1874733
v 0.01142303 -0.09204814 0.2044395
v 0.002892695 -0.1071555 0.2181065
v 0.01071867 -0.1125471 0.201633
v 0.01142303 -0.09204814 0.2044395
v 0.006435625 -0.08480189 0.2233957
v -0.005246043 -0.09731758 0.2303545
v 0.002892695 -0.1071555 0.2181065
v -0.007337525 -0.08749493 0.2438269
v -0.005246043 -0.09731758 0.2303545
v 0.006435625 -0.08480189 0.2233957
v 0.006525055 -0.07052585 0.2376709
v 0.00890236 -0.06450543 0.2617786
v 0.04480548 -0.105822 0.2709378
v 0.007566076 -0.1073982 0.2774525
v -0.002185456 -0.07247345 0.2558927
v 0.05111938 -0.1222018 0.2557178
v 0.05729785 -0.1405203 0.2507854
v -0.001022443 -0.1223091 0.2437657
v 0.001938436 -0.1173741 0.2621565
v 0.05729785 -0.1405203 0.2507854
v 0.07268442 -0.146464 0.2273738
v 0.04951383 -0.1456335 0.2214137
v -0.001022443 -0.1223091 0.2437657
v 0.07268442 -0.146464 0.2273738
v 0.08005728 -0.1463917 0.2079615
v 0.06218854 -0.148739 0.2130599
v 0.04951383 -0.1456335 0.2214137
v 0.08005728 -0.1463917 0.2079615
v 0.06782681 -0.1245157 0.1874733
v 0.01071867 -0.1125471 0.201633
v 0.06218854 -0.148739 0.2130599
v -0.007337525 -0.08749493 0.2438269
v 0.006525055 -0.07052585 0.2376709
v 0.00890236 -0.06450543 0.2617786
v -0.002185456 -0.07247345 0.2558927
v 0.006525055 -0.07052585 0.2376709
v 0.01624276 -0.05433667 0.2344242
v 0.01971996 -0.05673141 0.2675206
v 0.00890236 -0.06450543 0.2617786
v 0.07816494 -0.06507213 0.2279589
v 0.09574193 -0.06459323 0.22924
v 0.08314783 -0.05995825 0.2439341
v 0.03864753 -0.05320542 0.2586759
v 0.09574193 -0.06459323 0.22924
v 0.1096194 -0.08500579 0.2536101
v 0.09160526 -0.07749857 0.2624809
v 0.08314783 -0.05995825 0.2439341
v 0.07697237 -0.08498651 0.2739543
v 0.09160526 -0.07749857 0.2624809
v 0.1096194 -0.08500579 0.2536101
v 0.09322852 -0.09770174 0.2681761
v 0.07692613 -0.1121918 0.2693972
v 0.05111938 -0.1222018 0.2557178
v 0.04480548 -0.105822 0.2709378
v 0.05739255 -0.0928623 0.2774018
v 0.05111938 -0.1222018 0.2557178
v 0.001938436 -0.1173741 0.2621565
v 0.007566076 -0.1073982 0.2774525
v 0.04480548 -0.105822 0.2709378
v 0.001938436 -0.1173741 0.2621565
v -0.007337525 -0.08749493 0.2438269
v -0.002185456 -0.07247345 0.2558927
v 0.007566076 -0.1073982 0.2774525
v 0.09878482 -0.1089921 0.1877745
v 0.0840784 -0.08629641 0.1912707
v 0.07442036 -0.1030006 0.1915826
v 0.08786254 -0.1189277 0.1847705
v 0.0840784 -0.08629641 0.1912707
v 0.08451263 -0.08048519 0.2065329
v 0.02383693 -0.06458176 0.2164696
v 0.07442036 -0.1030006 0.1915826
v 0.08451263 -0.08048519 0.2065329
v 0.07816494 -0.06507213 0.2279589
v 0.01624276 -0.05433667 0.2344242
v 0.02383693 -0.06458176 0.2164696
v 0.07816494 -0.06507213 0.2279589
v 0.03864753 -0.05320542 0.2586759
v 0.01971996 -0.05673141 0.2675206
v 0.01624276 -0.05433667 0.2344242
v 0.03864753 -0.05320542 0.2586759
v 0.07697237 -0.08498651 0.2739543
v 0.05739255 -0.0928623 0.2774018
v 0.01971996 -0.05673141 0.2675206
v 0.07697237 -0.08498651 0.2739543
v 0.09322852 -0.09770174 0.2681761
v 0.07692613 -0.1121918 0.2693972
v 0.05739255 -0.0928623 0.2774018
v 0.09322852 -0.09770174 0.2681761
v 0.1039929 -0.1136877 0.2585201
v 0.08414603 -0.1336284 0.2486348
v 0.07692613 -0.1121918 0.2693972
v 0.1039929 -0.1136877 0.2585201
v 0.1088086 -0.1294818 0.2314996
v 0.09615526 -0.1426 0.2254644
v 0.08414603 -0.1336284 0.2486348
v 0.1088086 -0.1294818 0.2314996
v 0.1106586 -0.1329515 0.2075759
v 0.09749033 -0.1441016 0.2029875
v 0.09615526 -0.1426 0.2254644
v 0.1106586 -0.1329515 0.2075759
v 0.09878482 -0.1089921 0.1877745
v 0.08786254 -0.1189277 0.1847705
v 0.09749033 -0.1441016 0.2029875

vn 0.6479988 -0.1573532 -0.7452098
vn 0.4659831 -0.1951964 -0.8629937
vn 0.6479988 -0.1573532 -0.7452098
vn 0.7823815 -0.1177068 -0.6115752
vn 0.8450846 0.2043339 -0.4940442
vn 0.7185333 0.1603774 -0.6767489
vn 0.8450846 0.2043339 -0.4940442
vn 0.9442655 0.2456374 -0.2191457
vn 0.2785393 0.7087231 0.6481724
vn 0.3060082 0.7574213 0.5767773
vn 0.2785393 0.7087231 0.6481724
vn 0.2421237 0.6417885 0.7276563
vn -0.5737898 -0.7936584 -0.2021674
vn -0.4623638 -0.7866965 -0.4090577
vn -0.5737898 -0.7936584 -0.2021674
vn -0.6337453 -0.7720264 -0.04839603
vn 0.5591391 0.3531851 -0.7500825
vn 0.7522317 0.1399596 -0.6438625
vn 0.5591391 0.3531851 -0.7500825
vn 0.4725829 0.4251444 -0.7719569
vn 0.7280352 -0.6061348 0.3202586
vn 0.8037474 -0.3638297 0.4707632
vn 0.7280352 -0.6061348 0.3202586
vn 0.6048408 -0.780125 0.1599146
vn -0.1645033 0.233456 -0.9583511
vn -0.1955642 0.2414749 -0.950497
vn -0.1645033 0.233456 -0.9583511
vn -0.1558051 0.2311732 -0.9603561
vn -0.3696398 -0.1247936 0.9207568
vn -0.3797975 -0.1461919 0.9134451
vn -0.3696398 -0.1247936 0.9207568
vn -0.362362 -0.1097029 0.9255588
vn 0.1594195 -0.9849519 0.06674767
vn 0.1679627 -0.9828872 0.07563794
vn 0.1594195 -0.9849519 0.06674767
vn 0.1444149 -0.9881932 0.05117091
vn -0.02230175 -0.6412996 -0.7669665
vn -0.1405414 -0.6151443 -0.7757871
vn -0.02230175 -0.6412996 -0.7669665
vn 0.0819416 -0.65649 -0.749871
vn -0.7561327 0.4238945 -0.4985748
vn -0.7416708 0.4766046 -0.4719878
vn -0.7561327 0.4238945 -0.4985748
vn -0.7702073 0.3562291 -0.5290383
vn -0.2463055 0.8470429 -0.4710117
vn -0.662752 0.7266779 -0.1808284
vn -0.2463055 0.8470429 -0.4710117
vn 0.02007816 0.8144269 -0.5799187
vn 0.7117085 0.6991551 0.06821354
vn 0.7369558 0.6688491 -0.09765659
vn 0.7117085 0.6991551 0.06821354
vn 0.6730269 0.7089984 0.2106091
vn 0.7253786 -0.02453377 0.6879128
vn 0.7281985 -0.182062 0.6607422
vn 0.7253786 -0.02453377 0.6879128
vn 0.7159757 0.06209692 0.695358
vn -0.008687258 -0.5448617 0.8384808
vn 0.2228978 -0.6384435 0.7366861
vn -0.008687258 -0.5448617 0.8384808
vn -0.330284 -0.3476787 0.8775147
vn -0.978053 -0.1776045 0.1089448
vn -0.9816439 -0.07088161 0.1770627
vn -0.978053 -0.1776045 0.1089448
vn -0.9618109 -0.269605 0.04725368
vn -0.2612916 0.4839094 -0.8351996
vn -0.105852 0.4386996 -0.8923777
vn -0.2612916 0.4839094 -0.8351996
vn -0.7584898 0.516735 -0.3970871
vn 0.1864394 0.7005032 -0.6888655
vn 0.4239002 0.5641665 -0.708537
vn 0.1864394 0.7005032 -0.6888655
vn -0.6249513 0.7353149 -0.2621981
vn 0.8559305 0.5016862 -0.1252753
vn 0.9442655 0.2456374 -0.2191456
vn 0.8559305 0.5016862 -0.1252753
vn 0.7046813 0.7090728 -0.0252959
vn 0.839129 -0.3641531 0.4040483
vn 0.85378 -0.3131442 0.4159332
vn 0.839129 -0.3641531 0.4040483
vn 0.8208559 -0.4171347 0.3901208
vn 0.2221087 -0.8830556 0.4133771
vn 0.2550919 -0.8498033 0.4612618
vn 0.2221087 -0.8830556 0.4133771
vn 0.1798446 -0.9187694 0.3514523
vn -0.6272663 -0.624921 -0.4647695
vn -0.63348 -0.7518213 0.1829417
vn -0.6272663 -0.624921 -0.4647695
vn -0.529195 -0.4689164 -0.7071564
vn -0.3921666 0.1379911 -0.9094855
vn -0.4766627 -0.4263411 -0.7687822
vn -0.3921666 0.1379911 -0.9094855
vn 0.1395755 0.9587845 -0.2474893
vn -0.8369166 0.2480856 -0.4878772
vn -0.7708954 0.5004 -0.3941067
vn -0.8369166 0.2480856 -0.4878772
vn -0.8392621 -0.01774026 -0.5434377
vn -0.7633952 0.459401 -0.4540687
vn -0.7631781 0.4599818 -0.4538457
vn -0.7633952 0.459401 -0.4540687
vn -0.763551 0.4589837 -0.4542288
vn -0.05578474 0.3442221 0.9372296
vn 0.1485576 0.3353291 0.9303145
vn -0.05578474 0.3442221 0.9372296
vn -0.6030389 0.2903006 0.7430139
vn -0.1559102 -0.7101775 0.686542
vn -0.211063 -0.3198891 0.9236468
vn -0.1559102 -0.7101775 0.686542
vn -0.05936568 -0.9616946 0.2676175
vn -0.2561473 -0.938563 0.2312749
vn -0.08458272 -0.9776238 0.1926072
vn -0.2561473 -0.938563 0.2312749
vn -0.3156744 -0.9171394 0.2433211
vn 0.03382858 -0.9905866 0.1326407
vn 0.1444151 -0.9881932 0.05117099
vn 0.03382858 -0.9905866 0.1326407
vn -0.09179994 -0.9708035 0.2216155
vn -0.2640991 -0.6706778 -0.69314
vn -0.3041843 -0.7362299 -0.6045144
vn -0.2640991 -0.6706778 -0.69314
vn -0.172921 -0.5116419 -0.841618
vn -0.6850197 0.6826269 -0.2544962
vn -0.7855138 0.6141701 -0.07591621
vn -0.6850197 0.6826269 -0.2544962
vn -0.04745044 0.6353683 -0.77075
vn -0.7607038 0.6480564 0.03677856
vn -0.8391203 0.5290464 0.1264404
vn -0.7607038 0.6480564 0.03677856
vn -0.519345 0.8397381 -0.1584949
vn 0.0281495 0.9494326 -0.3127064
vn -0.003815902 0.9527307 -0.3037919
vn 0.0281495 0.9494326 -0.3127064
vn 0.03927026 0.9480366 -0.3157283
vn 0.5692987 0.7400191 0.3581489
vn 0.5058218 0.7810597 0.366183
vn 0.5692987 0.7400191 0.3581489
vn 0.6504586 0.6772394 0.3438755
vn 0.5091723 0.2711692 0.8168297
vn 0.5111381 0.2575705 0.8199972
vn 0.5091723 0.2711692 0.8168297
vn 0.5079726 0.2791178 0.8148969
vn -0.07657997 -0.5819725 0.8095946
vn -0.1045119 -0.6982868 0.7081474
vn -0.07657997 -0.5819725 0.8095946
vn -0.03882207 -0.4155526 0.9087402
vn 0.06949383 -0.7542051 0.6529511
vn -0.01018885 -0.8358392 0.5488799
vn 0.06949383 -0.7542051 0.6529511
vn 0.1587659 -0.6385232 0.7530481
vn -0.9202916 -0.03010722 0.390073
vn -0.9077811 -0.02496453 0.4187007
vn -0.9202916 -0.03010722 0.390073
vn -0.9304228 -0.03455574 0.3648553
vn -0.107955 0.1821651 -0.9773236
vn -0.1392133 0.06204109 -0.988317
vn -0.107955 0.1821651 -0.9773236
vn -0.06032459 0.3490544 -0.9351588
vn -0.1233023 0.5867087 -0.8003558
vn 0.1823485 0.9171422 -0.3543996
vn -0.1233023 0.5867087 -0.8003558
vn -0.3268746 0.1716441 -0.9293499
vn 0.1161666 0.8504898 -0.5130034
vn 0.08319543 0.820487 -0.565579
vn 0.1161666 0.8504898 -0.5130034
vn 0.1603665 0.8849773 -0.4371475
vn 0.0678111 0.9917362 -0.1089082
vn -0.4430467 0.4817195 -0.7560794
vn 0.0678111 0.9917362 -0.1089082
vn 0.1759188 0.9829961 0.0526435
vn 0.1367953 0.4751076 0.8692294
vn -0.01055427 0.42288 0.9061242
vn 0.1367953 0.4751076 0.8692294
vn 0.2820976 0.5154287 0.8091689
vn 0.2255599 -0.1613209 0.9607801
vn 0.2158253 -0.1616686 0.9629552
vn 0.2255599 -0.1613209 0.9607801
vn 0.2336072 -0.1610205 0.9589056
vn 0.2955029 -0.5130466 0.8058916
vn 0.05652886 -0.4880401 0.8709887
vn 0.2955029 -0.5130466 0.8058916
vn 0.5035237 -0.507582 0.6991598
vn 0.4761043 -0.7147637 0.5122865
vn 0.4951106 -0.7087554 0.5025248
vn 0.4761043 -0.7147637 0.5122865
vn 0.4636251 -0.7184801 0.518496
vn 0.651722 -0.7481054 0.1248863
vn 0.6048409 -0.7801248 0.1599146
vn 0.651722 -0.7481054 0.1248863
vn 0.6961337 -0.7123817 0.08893888
vn 0.5461448 -0.3499238 -0.7611039
vn 0.5385332 -0.3619619 -0.7608979
vn 0.5461448 -0.3499238 -0.7611039
vn 0.5526428 -0.3394483 -0.7611575

vt 0.4240167 0.35417
vt 0.3817148 0.3615618
vt 0.3801419 0.5016441
vt 0.4162683 0.578335
vt 0.3181631 0.5455095
vt 0.3801419 0.5016441
vt 0.3817148 0.3615618
vt 0.3458983 0.3555636
vt 0.005976111 0.6713267
vt 0.1621297 0.5957677
vt 0.1572649 0.3573359
vt 0.09032986 0.2760603
vt 0.6296117 0.3356602
vt 0.5767028 0.3436855
vt 0.7163801 0.7541323
vt 0.7778311 0.7163259
vt 0.4162683 0.578335
vt 0.3801419 0.5016441
vt 0.3181631 0.5455095
vt 0.3803526 0.7550352
vt 0.3883053 0.2173657
vt 0.3458983 0.3555636
vt 0.3817148 0.3615618
vt 0.4240167 0.35417
vt 0.5163419 0.6038018
vt 0.4577014 0.5776263
vt 0.4502001 0.7110448
vt 0.7623826 0.8863119
vt 0.9630115 0.6576055
vt 1 0.6377082
vt -5.960464E-08 0.257485
vt 0.9560505 0.231465
vt 0.5503824 0.2033967
vt 0.4589699 0.2118308
vt 0.4715121 0.3569686
vt 0.5167808 0.3437541
vt 0.5167808 0.3437541
vt 0.4715121 0.3569686
vt 0.4577014 0.5776263
vt 0.5163419 0.6038018
vt 0.9185526 0.7878723
vt 0.8466022 0.8217497
vt 0.9407167 1
vt 0.9783425 0.8581895
vt 0.3241832 0.7314995
vt 0.2734296 0.6735863
vt 0.2280218 0.608632
vt 0.199995 0.7162749
vt 0.2280218 0.608632
vt 0.2734296 0.6735863
vt 0.2795745 0.3619657
vt 0.2233166 0.33317
vt 0.1691191 0.1749346
vt 0.2233166 0.33317
vt 0.2795745 0.3619657
vt 0.2653245 0.1181273
vt 0.09560609 0.01015764
vt 0.4428239 0
vt 0.6914074 0.05911031
vt 0.8296325 0.07794246
vt 0.8493077 0.4445975
vt 0.8066356 0.5133614
vt 0.8294064 0.7049943
vt 0.8738323 0.6791247
vt 0.7623826 0.8863119
vt 0.4502001 0.7110448
vt 0.9407167 1
vt 0.8466022 0.8217497
vt 0.3803526 0.7550352
vt 0.3181631 0.5455095
vt 0.2734296 0.6735863
vt 0.3241832 0.7314995
vt 0.3181631 0.5455095
vt 0.3458983 0.3555636
vt 0.2795745 0.3619657
vt 0.2734296 0.6735863
vt 0.2653245 0.1181273
vt 0.2795745 0.3619657
vt 0.3458983 0.3555636
vt 0.3883053 0.2173657
vt 0.6914074 0.05911031
vt 0.4428239 0
vt 0.4589699 0.2118308
vt 0.5503824 0.2033967
vt 0.6296117 0.3356602
vt 0.7778311 0.7163259
vt 0.8294064 0.7049943
vt 0.8066356 0.5133614
vt 0.5163419 0.6038018
vt 0.7623826 0.8863119
vt 0.7778311 0.7163259
vt 0.7163801 0.7541323
vt 0.7623826 0.8863119
vt 0.8466022 0.8217497
vt 0.8294064 0.7049943
vt 0.7778311 0.7163259
vt 0.8738323 0.6791247
vt 0.8294064 0.7049943
vt 0.8466022 0.8217497
vt 0.9185526 0.7878723
vt 0.9630115 0.6576055
vt 0.9560505 0.231465
vt 0.8960555 0.408107
vt 0.9255074 0.6705195
vt 0.8296325 0.07794246
vt 0.6914074 0.05911031
vt 0.8066356 0.5133614
vt 0.8493077 0.4445975
vt 0.6914074 0.05911031
vt 0.5503824 0.2033967
vt 0.6296117 0.3356602
vt 0.8066356 0.5133614
vt 0.5503824 0.2033967
vt 0.5167808 0.3437541
vt 0.5767028 0.3436855
vt 0.6296117 0.3356602
vt 0.5167808 0.3437541
vt 0.5163419 0.6038018
vt 0.7163801 0.7541323
vt 0.5767028 0.3436855
vt 0.8738323 0.6791247
vt 0.9185526 0.7878723
vt 0.9630115 0.6576055
vt 0.9255074 0.6705195
vt 0.9185526 0.7878723
vt 0.9783425 0.8581895
vt 1 0.6377082
vt 0.9630115 0.6576055
vt 0.199995 0.7162749
vt 0.2280218 0.608632
vt 0.1621297 0.5957677
vt 0.005976111 0.6713267
vt 0.2280218 0.608632
vt 0.2233166 0.33317
vt 0.1572649 0.3573359
vt 0.1621297 0.5957677
vt 0.09032986 0.2760603
vt 0.1572649 0.3573359
vt 0.2233166 0.33317
vt 0.1691191 0.1749346
vt 0.09560609 0.01015764
vt 0.8296325 0.07794246
vt 0.9560505 0.231465
vt -5.960464E-08 0.257485
vt 0.8296325 0.07794246
vt 0.8493077 0.4445975
vt 0.8960555 0.408107
vt 0.9560505 0.231465
vt 0.8493077 0.4445975
vt 0.8738323 0.6791247
vt 0.9255074 0.6705195
vt 0.8960555 0.408107
vt 0.4162683 0.578335
vt 0.3803526 0.7550352
vt 0.4502001 0.7110448
vt 0.4577014 0.5776263
vt 0.3803526 0.7550352
vt 0.3241832 0.7314995
vt 0.9407167 1
vt 0.4502001 0.7110448
vt 0.3241832 0.7314995
vt 0.199995 0.7162749
vt 0.9783425 0.8581895
vt 0.9407167 1
vt 0.199995 0.7162749
vt 0.005976111 0.6713267
vt 1 0.6377082
vt 0.9783425 0.8581895
vt 0.005976111 0.6713267
vt 0.09032986 0.2760603
vt -5.960464E-08 0.257485
vt 1 0.6377082
vt 0.09032986 0.2760603
vt 0.1691191 0.1749346
vt 0.09560609 0.01015764
vt -5.960464E-08 0.257485
vt 0.1691191 0.1749346
vt 0.2653245 0.1181273
vt 0.4428239 0
vt 0.09560609 0.01015764
vt 0.2653245 0.1181273
vt 0.3883053 0.2173657
vt 0.4589699 0.2118308
vt 0.4428239 0
vt 0.3883053 0.2173657
vt 0.4240167 0.35417
vt 0.4715121 0.3569686
vt 0.4589699 0.2118308
vt 0.4240167 0.35417
vt 0.4162683 0.578335
vt 0.4577014 0.5776263
vt 0.4715121 0.3569686

usemap Standard_6D6D6D
usemtl Standard_6D6D6D
f 1540/1540/1540 1539/1539/1539 1538/1538/1538 1537/1537/1537 
f 1544/1544/1544 1543/1543/1543 1542/1542/1542 1541/1541/1541 
f 1548/1548/1548 1547/1547/1547 1546/1546/1546 1545/1545/1545 
f 1552/1552/1552 1551/1551/1551 1550/1550/1550 1549/1549/1549 
f 1556/1556/1556 1555/1555/1555 1554/1554/1554 1553/1553/1553 
f 1560/1560/1560 1559/1559/1559 1558/1558/1558 1557/1557/1557 
f 1564/1564/1564 1563/1563/1563 1562/1562/1562 1561/1561/1561 
f 1568/1568/1568 1567/1567/1567 1566/1566/1566 1565/1565/1565 
f 1572/1572/1572 1571/1571/1571 1570/1570/1570 1569/1569/1569 
f 1576/1576/1576 1575/1575/1575 1574/1574/1574 1573/1573/1573 
f 1580/1580/1580 1579/1579/1579 1578/1578/1578 1577/1577/1577 
f 1584/1584/1584 1583/1583/1583 1582/1582/1582 1581/1581/1581 
f 1588/1588/1588 1587/1587/1587 1586/1586/1586 1585/1585/1585 
f 1592/1592/1592 1591/1591/1591 1590/1590/1590 1589/1589/1589 
f 1596/1596/1596 1595/1595/1595 1594/1594/1594 1593/1593/1593 
f 1600/1600/1600 1599/1599/1599 1598/1598/1598 1597/1597/1597 
f 1604/1604/1604 1603/1603/1603 1602/1602/1602 1601/1601/1601 
f 1608/1608/1608 1607/1607/1607 1606/1606/1606 1605/1605/1605 
f 1612/1612/1612 1611/1611/1611 1610/1610/1610 1609/1609/1609 
f 1616/1616/1616 1615/1615/1615 1614/1614/1614 1613/1613/1613 
f 1620/1620/1620 1619/1619/1619 1618/1618/1618 1617/1617/1617 
f 1624/1624/1624 1623/1623/1623 1622/1622/1622 1621/1621/1621 
f 1628/1628/1628 1627/1627/1627 1626/1626/1626 1625/1625/1625 
f 1632/1632/1632 1631/1631/1631 1630/1630/1630 1629/1629/1629 
f 1636/1636/1636 1635/1635/1635 1634/1634/1634 1633/1633/1633 
f 1640/1640/1640 1639/1639/1639 1638/1638/1638 1637/1637/1637 
f 1644/1644/1644 1643/1643/1643 1642/1642/1642 1641/1641/1641 
f 1648/1648/1648 1647/1647/1647 1646/1646/1646 1645/1645/1645 
f 1652/1652/1652 1651/1651/1651 1650/1650/1650 1649/1649/1649 
f 1656/1656/1656 1655/1655/1655 1654/1654/1654 1653/1653/1653 
f 1660/1660/1660 1659/1659/1659 1658/1658/1658 1657/1657/1657 
f 1664/1664/1664 1663/1663/1663 1662/1662/1662 1661/1661/1661 
f 1668/1668/1668 1667/1667/1667 1666/1666/1666 1665/1665/1665 
f 1672/1672/1672 1671/1671/1671 1670/1670/1670 1669/1669/1669 
f 1676/1676/1676 1675/1675/1675 1674/1674/1674 1673/1673/1673 
f 1680/1680/1680 1679/1679/1679 1678/1678/1678 1677/1677/1677 
f 1684/1684/1684 1683/1683/1683 1682/1682/1682 1681/1681/1681 
f 1688/1688/1688 1687/1687/1687 1686/1686/1686 1685/1685/1685 
f 1692/1692/1692 1691/1691/1691 1690/1690/1690 1689/1689/1689 
f 1696/1696/1696 1695/1695/1695 1694/1694/1694 1693/1693/1693 
f 1700/1700/1700 1699/1699/1699 1698/1698/1698 1697/1697/1697 
f 1704/1704/1704 1703/1703/1703 1702/1702/1702 1701/1701/1701 
f 1708/1708/1708 1707/1707/1707 1706/1706/1706 1705/1705/1705 
f 1712/1712/1712 1711/1711/1711 1710/1710/1710 1709/1709/1709 
f 1716/1716/1716 1715/1715/1715 1714/1714/1714 1713/1713/1713 
f 1720/1720/1720 1719/1719/1719 1718/1718/1718 1717/1717/1717 
f 1724/1724/1724 1723/1723/1723 1722/1722/1722 1721/1721/1721 
f 1728/1728/1728 1727/1727/1727 1726/1726/1726 1725/1725/1725 

g s.0032
usemap Standard_6D6D6D
usemtl Standard_6D6D6D
v 0.265699 -0.08765481 -0.04081065
v 0.2777128 -0.0775735 -0.04856715
v 0.2639604 -0.06003961 -0.03948546
v 0.247088 -0.06038006 -0.03670556
v 0.2775317 -0.04092676 -0.03582666
v 0.2639604 -0.06003961 -0.03948546
v 0.2777128 -0.0775735 -0.04856715
v 0.2878742 -0.06855965 -0.04185463
v 0.2881425 -0.02265024 0.05628181
v 0.2960158 -0.02485873 0.009630658
v 0.312995 -0.0456934 0.008736862
v 0.3144083 -0.0558578 0.02595649
v 0.2456026 -0.104707 0.01746764
v 0.2440832 -0.1056079 0.00207418
v 0.2154768 -0.06928113 0.04625133
v 0.2267037 -0.06773569 0.06152418
v 0.247088 -0.06038006 -0.03670556
v 0.2639604 -0.06003961 -0.03948546
v 0.2775317 -0.04092676 -0.03582666
v 0.2468324 -0.03936946 -0.01932493
v 0.2858841 -0.08940088 -0.02749451
v 0.2878742 -0.06855965 -0.04185463
v 0.2777128 -0.0775735 -0.04856715
v 0.265699 -0.08765481 -0.04081065
v 0.2290874 -0.07635216 -0.01179899
v 0.2374878 -0.06975463 -0.02985074
v 0.2395214 -0.05602414 -0.01287703
v 0.2217535 -0.04983495 0.04957227
v 0.2743746 -0.03518594 0.08227017
v 0.2858965 -0.0285074 0.07651947
v 0.3064736 -0.06483537 0.04366883
v 0.2925791 -0.07647555 0.04996308
v 0.2618422 -0.1061308 -6.331503E-05
v 0.2722972 -0.1012889 -0.02096079
v 0.2534395 -0.09794239 -0.03289545
v 0.248819 -0.1017279 -0.01562643
v 0.248819 -0.1017279 -0.01562643
v 0.2534395 -0.09794239 -0.03289545
v 0.2374878 -0.06975463 -0.02985074
v 0.2290874 -0.07635216 -0.01179899
v 0.251535 -0.03601149 0.07223278
v 0.2368077 -0.04692533 0.0637718
v 0.242829 -0.02521265 0.04789935
v 0.256273 -0.0192346 0.06428601
v 0.2611149 -0.03692371 -0.01178042
v 0.275103 -0.02565118 -0.01740149
v 0.288764 -0.02590876 -0.008871233
v 0.2790286 -0.02660017 0.005810892
v 0.288764 -0.02590876 -0.008871233
v 0.275103 -0.02565118 -0.01740149
v 0.3044295 -0.05387396 -0.03091832
v 0.3128738 -0.05063326 -0.01212321
v 0.3151829 -0.06659131 0.00742224
v 0.3128738 -0.05063326 -0.01212321
v 0.3044295 -0.05387396 -0.03091832
v 0.3094002 -0.07985054 -0.008559447
v 0.3057978 -0.08146393 0.02038156
v 0.2878396 -0.09778743 0.001572591
v 0.2754257 -0.1057335 0.02514597
v 0.2797972 -0.08906297 0.03519845
v 0.2622033 -0.0871028 0.08178324
v 0.2441625 -0.0880992 0.07508415
v 0.2349255 -0.06095819 0.07564883
v 0.2471368 -0.05428523 0.08506803
v 0.2217535 -0.04983495 0.04957227
v 0.2395214 -0.05602414 -0.01287703
v 0.242829 -0.02521265 0.04789935
v 0.2368077 -0.04692533 0.0637718
v 0.2468324 -0.03936946 -0.01932493
v 0.2775317 -0.04092676 -0.03582666
v 0.275103 -0.02565118 -0.01740149
v 0.2611149 -0.03692371 -0.01178042
v 0.2775317 -0.04092676 -0.03582666
v 0.2878742 -0.06855965 -0.04185463
v 0.3044295 -0.05387396 -0.03091832
v 0.275103 -0.02565118 -0.01740149
v 0.3094002 -0.07985054 -0.008559447
v 0.3044295 -0.05387396 -0.03091832
v 0.2878742 -0.06855965 -0.04185463
v 0.2858841 -0.08940088 -0.02749451
v 0.2754257 -0.1057335 0.02514597
v 0.2878396 -0.09778743 0.001572591
v 0.2722972 -0.1012889 -0.02096079
v 0.2618422 -0.1061308 -6.331503E-05
v 0.2456026 -0.104707 0.01746764
v 0.2267037 -0.06773569 0.06152418
v 0.2349255 -0.06095819 0.07564883
v 0.2441625 -0.0880992 0.07508415
v 0.2290874 -0.07635216 -0.01179899
v 0.2217535 -0.04983495 0.04957227
v 0.2267037 -0.06773569 0.06152418
v 0.2154768 -0.06928113 0.04625133
v 0.2217535 -0.04983495 0.04957227
v 0.2368077 -0.04692533 0.0637718
v 0.2349255 -0.06095819 0.07564883
v 0.2267037 -0.06773569 0.06152418
v 0.2471368 -0.05428523 0.08506803
v 0.2349255 -0.06095819 0.07564883
v 0.2368077 -0.04692533 0.0637718
v 0.251535 -0.03601149 0.07223278
v 0.2743746 -0.03518594 0.08227017
v 0.2925791 -0.07647555 0.04996308
v 0.27976 -0.08044977 0.08534072
v 0.2625647 -0.04203104 0.08816433
v 0.2797972 -0.08906297 0.03519845
v 0.2754257 -0.1057335 0.02514597
v 0.2441625 -0.0880992 0.07508415
v 0.2622033 -0.0871028 0.08178324
v 0.2754257 -0.1057335 0.02514597
v 0.2618422 -0.1061308 -6.331503E-05
v 0.2456026 -0.104707 0.01746764
v 0.2441625 -0.0880992 0.07508415
v 0.2618422 -0.1061308 -6.331503E-05
v 0.248819 -0.1017279 -0.01562643
v 0.2440832 -0.1056079 0.00207418
v 0.2456026 -0.104707 0.01746764
v 0.248819 -0.1017279 -0.01562643
v 0.2290874 -0.07635216 -0.01179899
v 0.2154768 -0.06928113 0.04625133
v 0.2440832 -0.1056079 0.00207418
v 0.2471368 -0.05428523 0.08506803
v 0.251535 -0.03601149 0.07223278
v 0.2743746 -0.03518594 0.08227017
v 0.2625647 -0.04203104 0.08816433
v 0.251535 -0.03601149 0.07223278
v 0.256273 -0.0192346 0.06428601
v 0.2858965 -0.0285074 0.07651947
v 0.2743746 -0.03518594 0.08227017
v 0.2790286 -0.02660017 0.005810892
v 0.288764 -0.02590876 -0.008871233
v 0.2960158 -0.02485873 0.009630658
v 0.2881425 -0.02265024 0.05628181
v 0.288764 -0.02590876 -0.008871233
v 0.3128738 -0.05063326 -0.01212321
v 0.312995 -0.0456934 0.008736862
v 0.2960158 -0.02485873 0.009630658
v 0.3144083 -0.0558578 0.02595649
v 0.312995 -0.0456934 0.008736862
v 0.3128738 -0.05063326 -0.01212321
v 0.3151829 -0.06659131 0.00742224
v 0.3057978 -0.08146393 0.02038156
v 0.2797972 -0.08906297 0.03519845
v 0.2925791 -0.07647555 0.04996308
v 0.3064736 -0.06483537 0.04366883
v 0.2797972 -0.08906297 0.03519845
v 0.2622033 -0.0871028 0.08178324
v 0.27976 -0.08044977 0.08534072
v 0.2925791 -0.07647555 0.04996308
v 0.2622033 -0.0871028 0.08178324
v 0.2471368 -0.05428523 0.08506803
v 0.2625647 -0.04203104 0.08816433
v 0.27976 -0.08044977 0.08534072
v 0.247088 -0.06038006 -0.03670556
v 0.2468324 -0.03936946 -0.01932493
v 0.2395214 -0.05602414 -0.01287703
v 0.2374878 -0.06975463 -0.02985074
v 0.2468324 -0.03936946 -0.01932493
v 0.2611149 -0.03692371 -0.01178042
v 0.242829 -0.02521265 0.04789935
v 0.2395214 -0.05602414 -0.01287703
v 0.2611149 -0.03692371 -0.01178042
v 0.2790286 -0.02660017 0.005810892
v 0.256273 -0.0192346 0.06428601
v 0.242829 -0.02521265 0.04789935
v 0.2790286 -0.02660017 0.005810892
v 0.2881425 -0.02265024 0.05628181
v 0.2858965 -0.0285074 0.07651947
v 0.256273 -0.0192346 0.06428601
v 0.2881425 -0.02265024 0.05628181
v 0.3144083 -0.0558578 0.02595649
v 0.3064736 -0.06483537 0.04366883
v 0.2858965 -0.0285074 0.07651947
v 0.3144083 -0.0558578 0.02595649
v 0.3151829 -0.06659131 0.00742224
v 0.3057978 -0.08146393 0.02038156
v 0.3064736 -0.06483537 0.04366883
v 0.3151829 -0.06659131 0.00742224
v 0.3094002 -0.07985054 -0.008559447
v 0.2878396 -0.09778743 0.001572591
v 0.3057978 -0.08146393 0.02038156
v 0.3094002 -0.07985054 -0.008559447
v 0.2858841 -0.08940088 -0.02749451
v 0.2722972 -0.1012889 -0.02096079
v 0.2878396 -0.09778743 0.001572591
v 0.2858841 -0.08940088 -0.02749451
v 0.265699 -0.08765481 -0.04081065
v 0.2534395 -0.09794239 -0.03289545
v 0.2722972 -0.1012889 -0.02096079
v 0.265699 -0.08765481 -0.04081065
v 0.247088 -0.06038006 -0.03670556
v 0.2374878 -0.06975463 -0.02985074
v 0.2534395 -0.09794239 -0.03289545

vn -0.3498684 0.0229138 -0.9365185
vn -0.5458531 0.005840388 -0.8378605
vn -0.3498684 0.0229138 -0.9365185
vn -0.163185 0.03703701 -0.9859001
vn 0.02345187 0.3283915 -0.9442506
vn -0.2021851 0.3207048 -0.9253484
vn 0.02345187 0.3283915 -0.9442506
vn 0.3142629 0.3131267 -0.8962089
vn 0.8127289 0.5623969 0.1522549
vn 0.7733448 0.6259071 0.1008872
vn 0.8127289 0.5623969 0.1522549
vn 0.8515446 0.4791029 0.2129137
vn -0.5891196 -0.7484475 0.3045727
vn -0.7108614 -0.6945472 0.1108162
vn -0.5891196 -0.7484475 0.3045727
vn -0.48289 -0.7616804 0.4320418
vn -0.3093681 0.5201165 -0.7960968
vn -0.1611349 0.294725 -0.9418985
vn -0.3093681 0.5201165 -0.7960968
vn -0.3578403 0.5926095 -0.72164
vn 0.5242547 -0.6395556 -0.5622506
vn 0.7317297 -0.4327225 -0.5266144
vn 0.5242547 -0.6395556 -0.5622506
vn 0.2970063 -0.7789102 -0.552346
vn -0.8605887 0.4270063 -0.2775838
vn -0.8676006 0.4322938 -0.245746
vn -0.8605887 0.4270063 -0.2775838
vn -0.8584648 0.4254479 -0.2864128
vn 0.5871071 -0.3279491 0.7401044
vn 0.5722157 -0.3475832 0.7428022
vn 0.5871071 -0.3279491 0.7401044
vn 0.5973611 -0.3140241 0.7379354
vn -0.03487086 -0.9717474 -0.2334328
vn -0.02274322 -0.9713788 -0.2364446
vn -0.03487086 -0.9717474 -0.2334328
vn -0.05607254 -0.9720273 -0.2280765
vn -0.7781243 -0.4640724 -0.4232723
vn -0.8387282 -0.4399862 -0.3208539
vn -0.7781243 -0.4640724 -0.4232723
vn -0.7153584 -0.4796013 -0.5081781
vn -0.7220256 0.4986436 0.4796182
vn -0.6831395 0.5448878 0.486228
vn -0.7220256 0.4986436 0.4796182
vn -0.7666188 0.438626 0.4689379
vn -0.3773804 0.9204842 0.1014537
vn -0.3523105 0.729515 0.5862467
vn -0.3773804 0.9204842 0.1014537
vn -0.3465991 0.9192795 -0.1865321
vn 0.5252609 0.6884913 -0.5000806
vn 0.3902815 0.6948435 -0.6040471
vn 0.5252609 0.6884913 -0.5000806
vn 0.6300734 0.6667606 -0.3980425
vn 0.9379821 -0.1496587 -0.3127169
vn 0.888956 -0.2976739 -0.3480623
vn 0.9379821 -0.1496587 -0.3127169
vn 0.9547011 -0.06688832 -0.2899517
vn 0.6199991 -0.7105927 0.3326546
vn 0.6294329 -0.7738392 0.0706197
vn 0.6199991 -0.7105927 0.3326546
vn 0.5308459 -0.5353572 0.6569592
vn -0.4133673 -0.224214 0.8825279
vn -0.3383995 -0.1345452 0.9313343
vn -0.4133673 -0.224214 0.8825279
vn -0.4741375 -0.3005112 0.8275788
vn -0.7591018 0.6427438 -0.1031737
vn -0.7401927 0.6151177 -0.2715601
vn -0.7591018 0.6427438 -0.1031737
vn -0.6202707 0.5676976 0.5412797
vn -0.3785421 0.8358434 -0.3975821
vn -0.3032821 0.7135531 -0.6315551
vn -0.3785421 0.8358434 -0.3975821
vn -0.4021072 0.7563058 0.5160534
vn 0.395752 0.5407893 -0.7422448
vn 0.3142629 0.3131267 -0.8962089
vn 0.395752 0.5407893 -0.7422448
vn 0.4434679 0.7178479 -0.5366849
vn 0.6917624 -0.4178658 -0.5889422
vn 0.717857 -0.370154 -0.5896331
vn 0.6917624 -0.4178658 -0.5889422
vn 0.6618158 -0.4671725 -0.5863017
vn 0.3100425 -0.9440972 -0.1120448
vn 0.3728323 -0.9208611 -0.1140654
vn 0.3100425 -0.9440972 -0.1120448
vn 0.2302874 -0.9670165 -0.1088425
vn -0.8109789 -0.5293461 0.2492106
vn -0.281166 -0.7910887 0.5432537
vn -0.8109789 -0.5293461 0.2492106
vn -0.9439512 -0.3227017 0.06942405
vn -0.9459996 0.3169555 -0.06799915
vn -0.9638237 -0.2665404 -9.841167E-06
vn -0.9459996 0.3169555 -0.06799915
vn 0.02111825 0.9930238 -0.1160074
vn -0.7824653 0.3223686 0.5327538
vn -0.6265702 0.550759 0.5514293
vn -0.7824653 0.3223686 0.5327538
vn -0.8769699 0.07445864 0.4747419
vn -0.6813312 0.5236641 0.5114329
vn -0.6809345 0.5241901 0.5114223
vn -0.6813312 0.5236641 0.5114329
vn -0.6816159 0.5232862 0.5114404
vn 0.8347625 0.1355209 0.533672
vn 0.9267749 0.1340681 0.3508762
vn 0.8347625 0.1355209 0.533672
vn 0.3927695 0.108679 0.9131928
vn 0.3897465 -0.8439381 0.3686001
vn 0.6331711 -0.5146517 0.5781245
vn 0.3897465 -0.8439381 0.3686001
vn 0.03466116 -0.9978802 0.05507878
vn -0.0882642 -0.9731156 0.2127333
vn -0.04459493 -0.9982135 0.03976386
vn -0.0882642 -0.9731156 0.2127333
vn -0.1032338 -0.9564283 0.2731072
vn -0.04054403 -0.9947941 -0.09349215
vn -0.05607236 -0.9720272 -0.2280766
vn -0.04054403 -0.9947941 -0.09349215
vn -0.02209103 -0.9979184 0.06058613
vn -0.8376573 -0.5152743 -0.18117
vn -0.792561 -0.5992635 -0.1128289
vn -0.8376573 -0.5152743 -0.18117
vn -0.8930407 -0.3258157 -0.3103587
vn -0.4338245 0.7015114 0.5654007
vn -0.3415971 0.5938686 0.7284446
vn -0.4338245 0.7015114 0.5654007
vn -0.5737334 0.783022 -0.2402217
vn -0.2271739 0.6037236 0.7641399
vn -0.209055 0.4662171 0.8596148
vn -0.2271739 0.6037236 0.7641399
vn -0.2439076 0.8392482 0.4859748
vn -0.09058148 0.9946023 -0.05060739
vn -0.09793856 0.9950281 -0.01808316
vn -0.09058148 0.9946023 -0.05060739
vn -0.08799657 0.9941946 -0.06191685
vn 0.7112765 0.6627874 -0.2340912
vn 0.6943268 0.6993768 -0.169654
vn 0.7112765 0.6627874 -0.2340912
vn 0.7277462 0.6067887 -0.3196764
vn 0.9940714 0.1056833 -0.02555942
vn 0.9953986 0.09178305 -0.02751999
vn 0.9940714 0.1056833 -0.02555942
vn 0.9932012 0.1138239 -0.02440743
vn 0.5558223 -0.7426189 0.3736022
vn 0.4353157 -0.8354643 0.3354096
vn 0.5558223 -0.7426189 0.3736022
vn 0.6877701 -0.6000662 0.4085251
vn 0.4631151 -0.8734473 0.15038
vn 0.3211438 -0.9333205 0.1605595
vn 0.4631151 -0.8734473 0.15038
vn 0.6122144 -0.7792025 0.1343016
vn -0.1190935 -0.1382449 0.9832116
vn -0.08760179 -0.1389512 0.986417
vn -0.1190935 -0.1382449 0.9832116
vn -0.1463873 -0.1375179 0.9796221
vn -0.8581445 0.3825335 -0.3424269
vn -0.9034625 0.2666549 -0.3356345
vn -0.8581445 0.3825335 -0.3424269
vn -0.770108 0.5379295 -0.3428783
vn -0.6443896 0.7396437 -0.1941372
vn -0.05678997 0.9762705 -0.2089754
vn -0.6443896 0.7396437 -0.1941372
vn -0.9254339 0.3558887 -0.1300589
vn -0.2363106 0.9429978 -0.2343342
vn -0.302552 0.9239327 -0.2341172
vn -0.2363106 0.9429978 -0.2343342
vn -0.1438939 0.9618139 -0.2328273
vn 0.1105406 0.9937417 0.01606767
vn -0.7801927 0.6186674 0.09246685
vn 0.1105406 0.9937417 0.01606767
vn 0.3000092 0.9539303 -0.003409094
vn 0.89281 0.283245 0.3502322
vn 0.8436874 0.2202356 0.4895792
vn 0.89281 0.283245 0.3502322
vn 0.9190467 0.3394886 0.2002517
vn 0.9048121 -0.3553412 0.2346224
vn 0.9018766 -0.3564176 0.2441008
vn 0.9048121 -0.3553412 0.2346224
vn 0.9071757 -0.3544226 0.2267527
vn 0.7456374 -0.664012 0.05579508
vn 0.6893692 -0.6601586 0.2982629
vn 0.7456374 -0.664012 0.05579508
vn 0.7564311 -0.6301295 -0.1753535
vn 0.5473666 -0.7935661 -0.265787
vn 0.549293 -0.7850872 -0.2862083
vn 0.5473666 -0.7935661 -0.265787
vn 0.5459698 -0.7988674 -0.2524436
vn 0.295343 -0.73887 -0.6056761
vn 0.2970064 -0.7789102 -0.5523461
vn 0.295343 -0.73887 -0.6056761
vn 0.2923284 -0.6950861 -0.65681
vn -0.4462239 -0.1646781 -0.8796394
vn -0.4518258 -0.1766949 -0.8744327
vn -0.4462239 -0.1646781 -0.8796394
vn -0.4413027 -0.1542513 -0.8840014

vt 0.4240167 0.35417
vt 0.3817148 0.3615618
vt 0.3801419 0.5016441
vt 0.4162683 0.578335
vt 0.3181631 0.5455095
vt 0.3801419 0.5016441
vt 0.3817148 0.3615618
vt 0.3458983 0.3555636
vt 0.005976111 0.6713267
vt 0.1621297 0.5957677
vt 0.1572649 0.3573359
vt 0.09032986 0.2760603
vt 0.6296117 0.3356602
vt 0.5767028 0.3436855
vt 0.7163801 0.7541323
vt 0.7778311 0.7163259
vt 0.4162683 0.578335
vt 0.3801419 0.5016441
vt 0.3181631 0.5455095
vt 0.3803526 0.7550352
vt 0.3883053 0.2173657
vt 0.3458983 0.3555636
vt 0.3817148 0.3615618
vt 0.4240167 0.35417
vt 0.5163419 0.6038018
vt 0.4577014 0.5776263
vt 0.4502001 0.7110448
vt 0.7623826 0.8863119
vt 0.9630115 0.6576055
vt 1 0.6377082
vt -5.960464E-08 0.257485
vt 0.9560505 0.231465
vt 0.5503824 0.2033967
vt 0.4589699 0.2118308
vt 0.4715121 0.3569686
vt 0.5167808 0.3437541
vt 0.5167808 0.3437541
vt 0.4715121 0.3569686
vt 0.4577014 0.5776263
vt 0.5163419 0.6038018
vt 0.9185526 0.7878723
vt 0.8466022 0.8217497
vt 0.9407167 1
vt 0.9783425 0.8581895
vt 0.3241832 0.7314995
vt 0.2734296 0.6735863
vt 0.2280218 0.608632
vt 0.199995 0.7162749
vt 0.2280218 0.608632
vt 0.2734296 0.6735863
vt 0.2795745 0.3619657
vt 0.2233166 0.33317
vt 0.1691191 0.1749346
vt 0.2233166 0.33317
vt 0.2795745 0.3619657
vt 0.2653245 0.1181273
vt 0.09560609 0.01015764
vt 0.4428239 0
vt 0.6914074 0.05911031
vt 0.8296325 0.07794246
vt 0.8493077 0.4445975
vt 0.8066356 0.5133614
vt 0.8294064 0.7049943
vt 0.8738323 0.6791247
vt 0.7623826 0.8863119
vt 0.4502001 0.7110448
vt 0.9407167 1
vt 0.8466022 0.8217497
vt 0.3803526 0.7550352
vt 0.3181631 0.5455095
vt 0.2734296 0.6735863
vt 0.3241832 0.7314995
vt 0.3181631 0.5455095
vt 0.3458983 0.3555636
vt 0.2795745 0.3619657
vt 0.2734296 0.6735863
vt 0.2653245 0.1181273
vt 0.2795745 0.3619657
vt 0.3458983 0.3555636
vt 0.3883053 0.2173657
vt 0.6914074 0.05911031
vt 0.4428239 0
vt 0.4589699 0.2118308
vt 0.5503824 0.2033967
vt 0.6296117 0.3356602
vt 0.7778311 0.7163259
vt 0.8294064 0.7049943
vt 0.8066356 0.5133614
vt 0.5163419 0.6038018
vt 0.7623826 0.8863119
vt 0.7778311 0.7163259
vt 0.7163801 0.7541323
vt 0.7623826 0.8863119
vt 0.8466022 0.8217497
vt 0.8294064 0.7049943
vt 0.7778311 0.7163259
vt 0.8738323 0.6791247
vt 0.8294064 0.7049943
vt 0.8466022 0.8217497
vt 0.9185526 0.7878723
vt 0.9630115 0.6576055
vt 0.9560505 0.231465
vt 0.8960555 0.408107
vt 0.9255074 0.6705195
vt 0.8296325 0.07794246
vt 0.6914074 0.05911031
vt 0.8066356 0.5133614
vt 0.8493077 0.4445975
vt 0.6914074 0.05911031
vt 0.5503824 0.2033967
vt 0.6296117 0.3356602
vt 0.8066356 0.5133614
vt 0.5503824 0.2033967
vt 0.5167808 0.3437541
vt 0.5767028 0.3436855
vt 0.6296117 0.3356602
vt 0.5167808 0.3437541
vt 0.5163419 0.6038018
vt 0.7163801 0.7541323
vt 0.5767028 0.3436855
vt 0.8738323 0.6791247
vt 0.9185526 0.7878723
vt 0.9630115 0.6576055
vt 0.9255074 0.6705195
vt 0.9185526 0.7878723
vt 0.9783425 0.8581895
vt 1 0.6377082
vt 0.9630115 0.6576055
vt 0.199995 0.7162749
vt 0.2280218 0.608632
vt 0.1621297 0.5957677
vt 0.005976111 0.6713267
vt 0.2280218 0.608632
vt 0.2233166 0.33317
vt 0.1572649 0.3573359
vt 0.1621297 0.5957677
vt 0.09032986 0.2760603
vt 0.1572649 0.3573359
vt 0.2233166 0.33317
vt 0.1691191 0.1749346
vt 0.09560609 0.01015764
vt 0.8296325 0.07794246
vt 0.9560505 0.231465
vt -5.960464E-08 0.257485
vt 0.8296325 0.07794246
vt 0.8493077 0.4445975
vt 0.8960555 0.408107
vt 0.9560505 0.231465
vt 0.8493077 0.4445975
vt 0.8738323 0.6791247
vt 0.9255074 0.6705195
vt 0.8960555 0.408107
vt 0.4162683 0.578335
vt 0.3803526 0.7550352
vt 0.4502001 0.7110448
vt 0.4577014 0.5776263
vt 0.3803526 0.7550352
vt 0.3241832 0.7314995
vt 0.9407167 1
vt 0.4502001 0.7110448
vt 0.3241832 0.7314995
vt 0.199995 0.7162749
vt 0.9783425 0.8581895
vt 0.9407167 1
vt 0.199995 0.7162749
vt 0.005976111 0.6713267
vt 1 0.6377082
vt 0.9783425 0.8581895
vt 0.005976111 0.6713267
vt 0.09032986 0.2760603
vt -5.960464E-08 0.257485
vt 1 0.6377082
vt 0.09032986 0.2760603
vt 0.1691191 0.1749346
vt 0.09560609 0.01015764
vt -5.960464E-08 0.257485
vt 0.1691191 0.1749346
vt 0.2653245 0.1181273
vt 0.4428239 0
vt 0.09560609 0.01015764
vt 0.2653245 0.1181273
vt 0.3883053 0.2173657
vt 0.4589699 0.2118308
vt 0.4428239 0
vt 0.3883053 0.2173657
vt 0.4240167 0.35417
vt 0.4715121 0.3569686
vt 0.4589699 0.2118308
vt 0.4240167 0.35417
vt 0.4162683 0.578335
vt 0.4577014 0.5776263
vt 0.4715121 0.3569686

usemap Standard_6D6D6D
usemtl Standard_6D6D6D
f 1732/1732/1732 1731/1731/1731 1730/1730/1730 1729/1729/1729 
f 1736/1736/1736 1735/1735/1735 1734/1734/1734 1733/1733/1733 
f 1740/1740/1740 1739/1739/1739 1738/1738/1738 1737/1737/1737 
f 1744/1744/1744 1743/1743/1743 1742/1742/1742 1741/1741/1741 
f 1748/1748/1748 1747/1747/1747 1746/1746/1746 1745/1745/1745 
f 1752/1752/1752 1751/1751/1751 1750/1750/1750 1749/1749/1749 
f 1756/1756/1756 1755/1755/1755 1754/1754/1754 1753/1753/1753 
f 1760/1760/1760 1759/1759/1759 1758/1758/1758 1757/1757/1757 
f 1764/1764/1764 1763/1763/1763 1762/1762/1762 1761/1761/1761 
f 1768/1768/1768 1767/1767/1767 1766/1766/1766 1765/1765/1765 
f 1772/1772/1772 1771/1771/1771 1770/1770/1770 1769/1769/1769 
f 1776/1776/1776 1775/1775/1775 1774/1774/1774 1773/1773/1773 
f 1780/1780/1780 1779/1779/1779 1778/1778/1778 1777/1777/1777 
f 1784/1784/1784 1783/1783/1783 1782/1782/1782 1781/1781/1781 
f 1788/1788/1788 1787/1787/1787 1786/1786/1786 1785/1785/1785 
f 1792/1792/1792 1791/1791/1791 1790/1790/1790 1789/1789/1789 
f 1796/1796/1796 1795/1795/1795 1794/1794/1794 1793/1793/1793 
f 1800/1800/1800 1799/1799/1799 1798/1798/1798 1797/1797/1797 
f 1804/1804/1804 1803/1803/1803 1802/1802/1802 1801/1801/1801 
f 1808/1808/1808 1807/1807/1807 1806/1806/1806 1805/1805/1805 
f 1812/1812/1812 1811/1811/1811 1810/1810/1810 1809/1809/1809 
f 1816/1816/1816 1815/1815/1815 1814/1814/1814 1813/1813/1813 
f 1820/1820/1820 1819/1819/1819 1818/1818/1818 1817/1817/1817 
f 1824/1824/1824 1823/1823/1823 1822/1822/1822 1821/1821/1821 
f 1828/1828/1828 1827/1827/1827 1826/1826/1826 1825/1825/1825 
f 1832/1832/1832 1831/1831/1831 1830/1830/1830 1829/1829/1829 
f 1836/1836/1836 1835/1835/1835 1834/1834/1834 1833/1833/1833 
f 1840/1840/1840 1839/1839/1839 1838/1838/1838 1837/1837/1837 
f 1844/1844/1844 1843/1843/1843 1842/1842/1842 1841/1841/1841 
f 1848/1848/1848 1847/1847/1847 1846/1846/1846 1845/1845/1845 
f 1852/1852/1852 1851/1851/1851 1850/1850/1850 1849/1849/1849 
f 1856/1856/1856 1855/1855/1855 1854/1854/1854 1853/1853/1853 
f 1860/1860/1860 1859/1859/1859 1858/1858/1858 1857/1857/1857 
f 1864/1864/1864 1863/1863/1863 1862/1862/1862 1861/1861/1861 
f 1868/1868/1868 1867/1867/1867 1866/1866/1866 1865/1865/1865 
f 1872/1872/1872 1871/1871/1871 1870/1870/1870 1869/1869/1869 
f 1876/1876/1876 1875/1875/1875 1874/1874/1874 1873/1873/1873 
f 1880/1880/1880 1879/1879/1879 1878/1878/1878 1877/1877/1877 
f 1884/1884/1884 1883/1883/1883 1882/1882/1882 1881/1881/1881 
f 1888/1888/1888 1887/1887/1887 1886/1886/1886 1885/1885/1885 
f 1892/1892/1892 1891/1891/1891 1890/1890/1890 1889/1889/1889 
f 1896/1896/1896 1895/1895/1895 1894/1894/1894 1893/1893/1893 
f 1900/1900/1900 1899/1899/1899 1898/1898/1898 1897/1897/1897 
f 1904/1904/1904 1903/1903/1903 1902/1902/1902 1901/1901/1901 
f 1908/1908/1908 1907/1907/1907 1906/1906/1906 1905/1905/1905 
f 1912/1912/1912 1911/1911/1911 1910/1910/1910 1909/1909/1909 
f 1916/1916/1916 1915/1915/1915 1914/1914/1914 1913/1913/1913 
f 1920/1920/1920 1919/1919/1919 1918/1918/1918 1917/1917/1917 

g s.0033
usemap Standard_6D6D6D
usemtl Standard_6D6D6D
v -0.03570436 -0.08199748 -0.1021091
v -0.02333865 -0.06963273 -0.1015359
v -0.04256742 -0.0551656 -0.1015378
v -0.0577865 -0.05802352 -0.1087995
v -0.03681378 -0.03495636 -0.09052195
v -0.04256742 -0.0551656 -0.1015378
v -0.02333865 -0.06963273 -0.1015359
v -0.02033303 -0.06015734 -0.09010152
v -0.08244216 -0.0257066 -0.008283973
v -0.04975187 -0.02170752 -0.04232144
v -0.03188007 -0.03990499 -0.03379941
v -0.03855717 -0.05163074 -0.01897541
v -0.08151381 -0.1078588 -0.06572656
v -0.07404903 -0.1072497 -0.07929068
v -0.1280631 -0.08008631 -0.05845297
v -0.1276693 -0.07877208 -0.0394843
v -0.0577865 -0.05802352 -0.1087995
v -0.04256742 -0.0551656 -0.1015378
v -0.03681378 -0.03495636 -0.09052195
v -0.0712309 -0.03927286 -0.09426479
v -0.02637076 -0.08253377 -0.07973949
v -0.02033303 -0.06015734 -0.09010152
v -0.02333865 -0.06963273 -0.1015359
v -0.03570436 -0.08199748 -0.1021091
v -0.08354343 -0.07886807 -0.09872206
v -0.06780759 -0.06927563 -0.1087385
v -0.07792041 -0.05735175 -0.09336577
v -0.1281163 -0.06046958 -0.05183776
v -0.1059408 -0.04272886 0.00513804
v -0.09450866 -0.03400212 0.007029355
v -0.05331935 -0.0634694 -0.009015124
v -0.06613798 -0.07745586 -0.01188415
v -0.05831759 -0.1051967 -0.07101215
v -0.03902963 -0.09675042 -0.08224117
v -0.04832307 -0.09461524 -0.1026941
v -0.0610273 -0.1008545 -0.09113683
v -0.0610273 -0.1008545 -0.09113683
v -0.04832307 -0.09461524 -0.1026941
v -0.06780759 -0.06927563 -0.1087385
v -0.08354343 -0.07886807 -0.09872206
v -0.1188169 -0.04543608 -0.01607406
v -0.1242439 -0.05719039 -0.03156527
v -0.1142339 -0.03325928 -0.04087825
v -0.1134103 -0.02740959 -0.01966257
v -0.06421209 -0.03581868 -0.07992265
v -0.05162839 -0.02225633 -0.07645193
v -0.04520155 -0.02165571 -0.06169419
v -0.06116069 -0.02523351 -0.05511189
v -0.04520155 -0.02165571 -0.06169419
v -0.05162839 -0.02225633 -0.07645193
v -0.01543616 -0.0447197 -0.0714722
v -0.01955251 -0.04248895 -0.05114628
v -0.02580335 -0.0600612 -0.03399521
v -0.01955251 -0.04248895 -0.05114628
v -0.01543616 -0.0447197 -0.0714722
v -0.01937345 -0.07212257 -0.0506638
v -0.03810097 -0.07737438 -0.0288725
v -0.03948865 -0.09374233 -0.05481273
v -0.0613273 -0.1057989 -0.04253837
v -0.06619556 -0.08990881 -0.03149879
v -0.1067188 -0.095422 -0.003020726
v -0.1175135 -0.09803511 -0.0187684
v -0.1299768 -0.07257148 -0.02307499
v -0.1264062 -0.06543133 -0.008288708
v -0.1281163 -0.06046958 -0.05183776
v -0.07792041 -0.05735175 -0.09336577
v -0.1142339 -0.03325928 -0.04087825
v -0.1242439 -0.05719039 -0.03156527
v -0.0712309 -0.03927286 -0.09426479
v -0.03681378 -0.03495636 -0.09052195
v -0.05162839 -0.02225633 -0.07645193
v -0.06421209 -0.03581868 -0.07992265
v -0.03681378 -0.03495636 -0.09052195
v -0.02033303 -0.06015734 -0.09010152
v -0.01543616 -0.0447197 -0.0714722
v -0.05162839 -0.02225633 -0.07645193
v -0.01937345 -0.07212257 -0.0506638
v -0.01543616 -0.0447197 -0.0714722
v -0.02033303 -0.06015734 -0.09010152
v -0.02637076 -0.08253377 -0.07973949
v -0.0613273 -0.1057989 -0.04253837
v -0.03948865 -0.09374233 -0.05481273
v -0.03902963 -0.09675042 -0.08224117
v -0.05831759 -0.1051967 -0.07101215
v -0.08151381 -0.1078588 -0.06572656
v -0.1276693 -0.07877208 -0.0394843
v -0.1299768 -0.07257148 -0.02307499
v -0.1175135 -0.09803511 -0.0187684
v -0.08354343 -0.07886807 -0.09872206
v -0.1281163 -0.06046958 -0.05183776
v -0.1276693 -0.07877208 -0.0394843
v -0.1280631 -0.08008631 -0.05845297
v -0.1281163 -0.06046958 -0.05183776
v -0.1242439 -0.05719039 -0.03156527
v -0.1299768 -0.07257148 -0.02307499
v -0.1276693 -0.07877208 -0.0394843
v -0.1264062 -0.06543133 -0.008288708
v -0.1299768 -0.07257148 -0.02307499
v -0.1242439 -0.05719039 -0.03156527
v -0.1188169 -0.04543608 -0.01607406
v -0.1059408 -0.04272886 0.00513804
v -0.06613798 -0.07745586 -0.01188415
v -0.09553889 -0.08695343 0.009958073
v -0.1176587 -0.05167334 0.00319916
v -0.06619556 -0.08990881 -0.03149879
v -0.0613273 -0.1057989 -0.04253837
v -0.1175135 -0.09803511 -0.0187684
v -0.1067188 -0.095422 -0.003020726
v -0.0613273 -0.1057989 -0.04253837
v -0.05831759 -0.1051967 -0.07101215
v -0.08151381 -0.1078588 -0.06572656
v -0.1175135 -0.09803511 -0.0187684
v -0.05831759 -0.1051967 -0.07101215
v -0.0610273 -0.1008545 -0.09113683
v -0.07404903 -0.1072497 -0.07929068
v -0.08151381 -0.1078588 -0.06572656
v -0.0610273 -0.1008545 -0.09113683
v -0.08354343 -0.07886807 -0.09872206
v -0.1280631 -0.08008631 -0.05845297
v -0.07404903 -0.1072497 -0.07929068
v -0.1264062 -0.06543133 -0.008288708
v -0.1188169 -0.04543608 -0.01607406
v -0.1059408 -0.04272886 0.00513804
v -0.1176587 -0.05167334 0.00319916
v -0.1188169 -0.04543608 -0.01607406
v -0.1134103 -0.02740959 -0.01966257
v -0.09450866 -0.03400212 0.007029355
v -0.1059408 -0.04272886 0.00513804
v -0.06116069 -0.02523351 -0.05511189
v -0.04520155 -0.02165571 -0.06169419
v -0.04975187 -0.02170752 -0.04232144
v -0.08244216 -0.0257066 -0.008283973
v -0.04520155 -0.02165571 -0.06169419
v -0.01955251 -0.04248895 -0.05114628
v -0.03188007 -0.03990499 -0.03379941
v -0.04975187 -0.02170752 -0.04232144
v -0.03855717 -0.05163074 -0.01897541
v -0.03188007 -0.03990499 -0.03379941
v -0.01955251 -0.04248895 -0.05114628
v -0.02580335 -0.0600612 -0.03399521
v -0.03810097 -0.07737438 -0.0288725
v -0.06619556 -0.08990881 -0.03149879
v -0.06613798 -0.07745586 -0.01188415
v -0.05331935 -0.0634694 -0.009015124
v -0.06619556 -0.08990881 -0.03149879
v -0.1067188 -0.095422 -0.003020726
v -0.09553889 -0.08695343 0.009958073
v -0.06613798 -0.07745586 -0.01188415
v -0.1067188 -0.095422 -0.003020726
v -0.1264062 -0.06543133 -0.008288708
v -0.1176587 -0.05167334 0.00319916
v -0.09553889 -0.08695343 0.009958073
v -0.0577865 -0.05802352 -0.1087995
v -0.0712309 -0.03927286 -0.09426479
v -0.07792041 -0.05735175 -0.09336577
v -0.06780759 -0.06927563 -0.1087385
v -0.0712309 -0.03927286 -0.09426479
v -0.06421209 -0.03581868 -0.07992265
v -0.1142339 -0.03325928 -0.04087825
v -0.07792041 -0.05735175 -0.09336577
v -0.06421209 -0.03581868 -0.07992265
v -0.06116069 -0.02523351 -0.05511189
v -0.1134103 -0.02740959 -0.01966257
v -0.1142339 -0.03325928 -0.04087825
v -0.06116069 -0.02523351 -0.05511189
v -0.08244216 -0.0257066 -0.008283973
v -0.09450866 -0.03400212 0.007029355
v -0.1134103 -0.02740959 -0.01966257
v -0.08244216 -0.0257066 -0.008283973
v -0.03855717 -0.05163074 -0.01897541
v -0.05331935 -0.0634694 -0.009015124
v -0.09450866 -0.03400212 0.007029355
v -0.03855717 -0.05163074 -0.01897541
v -0.02580335 -0.0600612 -0.03399521
v -0.03810097 -0.07737438 -0.0288725
v -0.05331935 -0.0634694 -0.009015124
v -0.02580335 -0.0600612 -0.03399521
v -0.01937345 -0.07212257 -0.0506638
v -0.03948865 -0.09374233 -0.05481273
v -0.03810097 -0.07737438 -0.0288725
v -0.01937345 -0.07212257 -0.0506638
v -0.02637076 -0.08253377 -0.07973949
v -0.03902963 -0.09675042 -0.08224117
v -0.03948865 -0.09374233 -0.05481273
v -0.02637076 -0.08253377 -0.07973949
v -0.03570436 -0.08199748 -0.1021091
v -0.04832307 -0.09461524 -0.1026941
v -0.03902963 -0.09675042 -0.08224117
v -0.03570436 -0.08199748 -0.1021091
v -0.0577865 -0.05802352 -0.1087995
v -0.06780759 -0.06927563 -0.1087385
v -0.04832307 -0.09461524 -0.1026941

vn 0.2313464 0.07981871 -0.9695915
vn 0.0199512 0.026384 -0.9994527
vn 0.2313464 0.07981871 -0.9695915
vn 0.4083116 0.1236952 -0.9044231
vn 0.4873862 0.4306606 -0.7595961
vn 0.2945408 0.3913675 -0.8718241
vn 0.4873862 0.4306606 -0.7595961
vn 0.7000242 0.4485258 -0.5556894
vn 0.4810265 0.644043 0.5948294
vn 0.4666561 0.7071003 0.5312638
vn 0.4810265 0.644043 0.5948294
vn 0.4931505 0.5603967 0.6654007
vn -0.5209408 -0.8483078 -0.09483933
vn -0.5216411 -0.7898455 -0.3225442
vn -0.5209408 -0.8483078 -0.09483933
vn -0.5029977 -0.861438 0.07012696
vn 0.1014999 0.5595051 -0.8225884
vn 0.3415773 0.372988 -0.8626731
vn 0.1014999 0.5595051 -0.8225884
vn 0.008330609 0.6163532 -0.7874258
vn 0.8480641 -0.4992677 -0.1775363
vn 0.9618614 -0.2721725 -0.02729094
vn 0.8480641 -0.4992677 -0.1775363
vn 0.6813699 -0.6674992 -0.3002995
vn -0.6192115 0.3382337 -0.7086431
vn -0.6435003 0.3390135 -0.6862777
vn -0.6192115 0.3382337 -0.7086431
vn -0.6123142 0.3379502 -0.7147455
vn 0.1228725 -0.3275323 0.9368164
vn 0.1126036 -0.3491289 0.9302846
vn 0.1228725 -0.3275323 0.9368164
vn 0.1300474 -0.3122275 0.9410641
vn 0.2670484 -0.9362156 -0.2284415
vn 0.2785294 -0.9339275 -0.2240553
vn 0.2670484 -0.9362156 -0.2284415
vn 0.2468644 -0.9398662 -0.2360281
vn -0.319144 -0.5127648 -0.7970067
vn -0.429455 -0.5082814 -0.7464706
vn -0.319144 -0.5127648 -0.7970067
vn -0.2182579 -0.5104633 -0.8317397
vn -0.9391142 0.3435709 -0.004853314
vn -0.9190233 0.3935096 0.0233747
vn -0.9391142 0.3435709 -0.004853314
vn -0.9592401 0.2797616 -0.03989698
vn -0.5205736 0.8461058 -0.1144911
vn -0.7367819 0.6078356 0.2961221
vn -0.5205736 0.8461058 -0.1144911
vn -0.3353981 0.8806965 -0.3344872
vn 0.5877556 0.8023956 -0.1034633
vn 0.5345344 0.8023806 -0.2654395
vn 0.5877556 0.8023956 -0.1034633
vn 0.6201168 0.7835096 0.03959517
vn 0.9626698 0.01022064 0.2704854
vn 0.967647 -0.1381474 0.2111266
vn 0.9626698 0.01022064 0.2704854
vn 0.949514 0.09145285 0.3000991
vn 0.4411881 -0.6552907 0.6131452
vn 0.6051634 -0.6874868 0.4014215
vn 0.4411881 -0.6552907 0.6131452
vn 0.1586375 -0.5300968 0.8329655
vn -0.7882661 -0.3724394 0.4898217
vn -0.7696467 -0.2796296 0.5739785
vn -0.7882661 -0.3724394 0.4898217
vn -0.7941998 -0.4495339 0.4088592
vn -0.6702638 0.5448878 -0.503829
vn -0.5566558 0.5387098 -0.6323971
vn -0.6702638 0.5448878 -0.503829
vn -0.9023117 0.418173 0.1047129
vn -0.2299684 0.8175569 -0.527935
vn -0.01792052 0.7327452 -0.680267
vn -0.2299684 0.8175569 -0.527935
vn -0.7429087 0.6354239 0.2105307
vn 0.642013 0.6665549 -0.3788455
vn 0.7000243 0.4485258 -0.5556893
vn 0.642013 0.6665549 -0.3788455
vn 0.5364956 0.8246075 -0.1794291
vn 0.9614041 -0.2559172 -0.1010365
vn 0.9748869 -0.2054084 -0.08604047
vn 0.9614041 -0.2559172 -0.1010365
vn 0.9439756 -0.3087183 -0.1166321
vn 0.475673 -0.8770468 0.0672605
vn 0.523939 -0.8456847 0.101515
vn 0.475673 -0.8770468 0.0672605
vn 0.4128876 -0.9104554 0.02438532
vn -0.7081703 -0.6554912 -0.262347
vn -0.3955378 -0.8761693 0.275458
vn -0.7081703 -0.6554912 -0.262347
vn -0.7518319 -0.4495611 -0.4823315
vn -0.7863349 0.1954986 -0.5860527
vn -0.7390345 -0.3891905 -0.5498716
vn -0.7863349 0.1954986 -0.5860527
vn -0.08783313 0.9938769 -0.06703664
vn -0.9877378 0.156112 0.001792803
vn -0.9101851 0.3995394 0.109231
vn -0.9877378 0.156112 0.001792803
vn -0.9901469 -0.09414756 -0.1036594
vn -0.9279261 0.3700602 0.04481933
vn -0.927687 0.3706318 0.0450439
vn -0.9279261 0.3700602 0.04481933
vn -0.9280974 0.3696496 0.04465802
vn 0.3600028 0.1843521 0.9145557
vn 0.53665 0.2151497 0.815915
vn 0.3600028 0.1843521 0.9145557
vn -0.2059277 0.05803092 0.9768451
vn 0.256563 -0.8208662 0.510249
vn 0.2821697 -0.4875704 0.8262296
vn 0.256563 -0.8208662 0.510249
vn 0.1678973 -0.9846208 0.04829401
vn -0.02392902 -0.9937418 0.1091082
vn 0.1119466 -0.9936718 -0.009184533
vn -0.02392902 -0.9937418 0.1091082
vn -0.07248603 -0.9859208 0.1506847
vn 0.1886558 -0.9750869 -0.1166813
vn 0.2468646 -0.9398662 -0.2360281
vn 0.1886558 -0.9750869 -0.1166813
vn 0.1186513 -0.9927198 0.020719
vn -0.4933017 -0.5977064 -0.6319814
vn -0.4802126 -0.6820595 -0.551535
vn -0.4933017 -0.5977064 -0.6319814
vn -0.4989724 -0.4040919 -0.7666396
vn -0.7867777 0.571837 0.2323429
vn -0.7838768 0.4599355 0.4171287
vn -0.7867777 0.571837 0.2323429
vn -0.4672148 0.722539 -0.5095564
vn -0.7122431 0.4807406 0.5114668
vn -0.7270481 0.3371294 0.5981178
vn -0.7122431 0.4807406 0.5114668
vn -0.6115897 0.7412321 0.2766461
vn -0.2153381 0.9735537 -0.07630656
vn -0.2394595 0.9694228 -0.05365205
vn -0.2153381 0.9735537 -0.07630656
vn -0.2068845 0.9747377 -0.08417345
vn 0.5958511 0.7721947 0.2206282
vn 0.5400302 0.7989153 0.2647671
vn 0.5958511 0.7721947 0.2206282
vn 0.6663365 0.7286195 0.1584593
vn 0.8053004 0.2375058 0.5432147
vn 0.8098413 0.2242017 0.5421168
vn 0.8053004 0.2375058 0.5432147
vn 0.8025633 0.2452846 0.5438084
vn 0.3716773 -0.6997846 0.6100471
vn 0.3106392 -0.802875 0.5088173
vn 0.3716773 -0.6997846 0.6100471
vn 0.4353622 -0.5458597 0.7158889
vn 0.4424926 -0.8162549 0.3713869
vn 0.3314965 -0.8950112 0.2984377
vn 0.4424926 -0.8162549 0.3713869
vn 0.5567015 -0.7020497 0.4440829
vn -0.6193147 -0.2601853 0.7407786
vn -0.5953408 -0.2570979 0.7612292
vn -0.6193147 -0.2601853 0.7407786
vn -0.6396617 -0.2626586 0.7223871
vn -0.5736271 0.3018858 -0.7614572
vn -0.5945137 0.1810221 -0.7834439
vn -0.5736271 0.3018858 -0.7614572
vn -0.528233 0.4665941 -0.7094081
vn -0.5429152 0.665444 -0.5122766
vn -0.09676523 0.9773831 -0.1880391
vn -0.5429152 0.665444 -0.5122766
vn -0.7417772 0.2433953 -0.6249202
vn -0.2231301 0.9238175 -0.3110855
vn -0.2739158 0.8963099 -0.34871
vn -0.2231301 0.9238175 -0.3110855
vn -0.1519534 0.9543278 -0.2572325
vn -0.08850849 0.9917759 0.09244947
vn -0.7919596 0.4968391 -0.3548955
vn -0.08850849 0.9917759 0.09244947
vn 0.08332071 0.9795868 0.1829413
vn 0.4839072 0.3577273 0.7986644
vn 0.3772967 0.2738436 0.884679
vn 0.4839072 0.3577273 0.7986644
vn 0.5789484 0.4331115 0.6908207
vn 0.6668355 -0.2570868 0.6994546
vn 0.6593665 -0.2595774 0.7055886
vn 0.6668355 -0.2570868 0.6994546
vn 0.6729727 -0.2550042 0.6943203
vn 0.6892419 -0.5623887 0.456798
vn 0.5081447 -0.592702 0.6248947
vn 0.6892419 -0.5623887 0.456798
vn 0.8206002 -0.5021188 0.272932
vn 0.7285327 -0.6806307 0.07734358
vn 0.7399938 -0.669774 0.06174202
vn 0.7285327 -0.6806307 0.07734358
vn 0.7208909 -0.6875073 0.08746362
vn 0.7027975 -0.6223938 -0.3445312
vn 0.68137 -0.6674991 -0.3002996
vn 0.7027975 -0.6223938 -0.3445312
vn 0.7212668 -0.5740194 -0.3876542
vn 0.1533409 -0.1239194 -0.9803726
vn 0.1479403 -0.1370679 -0.979452
vn 0.1533409 -0.1239194 -0.9803726
vn 0.1579897 -0.11252 -0.9810089

vt 0.4240167 0.35417
vt 0.3817148 0.3615618
vt 0.3801419 0.5016441
vt 0.4162683 0.578335
vt 0.3181631 0.5455095
vt 0.3801419 0.5016441
vt 0.3817148 0.3615618
vt 0.3458983 0.3555636
vt 0.005976111 0.6713267
vt 0.1621297 0.5957677
vt 0.1572649 0.3573359
vt 0.09032986 0.2760603
vt 0.6296117 0.3356602
vt 0.5767028 0.3436855
vt 0.7163801 0.7541323
vt 0.7778311 0.7163259
vt 0.4162683 0.578335
vt 0.3801419 0.5016441
vt 0.3181631 0.5455095
vt 0.3803526 0.7550352
vt 0.3883053 0.2173657
vt 0.3458983 0.3555636
vt 0.3817148 0.3615618
vt 0.4240167 0.35417
vt 0.5163419 0.6038018
vt 0.4577014 0.5776263
vt 0.4502001 0.7110448
vt 0.7623826 0.8863119
vt 0.9630115 0.6576055
vt 1 0.6377082
vt -5.960464E-08 0.257485
vt 0.9560505 0.231465
vt 0.5503824 0.2033967
vt 0.4589699 0.2118308
vt 0.4715121 0.3569686
vt 0.5167808 0.3437541
vt 0.5167808 0.3437541
vt 0.4715121 0.3569686
vt 0.4577014 0.5776263
vt 0.5163419 0.6038018
vt 0.9185526 0.7878723
vt 0.8466022 0.8217497
vt 0.9407167 1
vt 0.9783425 0.8581895
vt 0.3241832 0.7314995
vt 0.2734296 0.6735863
vt 0.2280218 0.608632
vt 0.199995 0.7162749
vt 0.2280218 0.608632
vt 0.2734296 0.6735863
vt 0.2795745 0.3619657
vt 0.2233166 0.33317
vt 0.1691191 0.1749346
vt 0.2233166 0.33317
vt 0.2795745 0.3619657
vt 0.2653245 0.1181273
vt 0.09560609 0.01015764
vt 0.4428239 0
vt 0.6914074 0.05911031
vt 0.8296325 0.07794246
vt 0.8493077 0.4445975
vt 0.8066356 0.5133614
vt 0.8294064 0.7049943
vt 0.8738323 0.6791247
vt 0.7623826 0.8863119
vt 0.4502001 0.7110448
vt 0.9407167 1
vt 0.8466022 0.8217497
vt 0.3803526 0.7550352
vt 0.3181631 0.5455095
vt 0.2734296 0.6735863
vt 0.3241832 0.7314995
vt 0.3181631 0.5455095
vt 0.3458983 0.3555636
vt 0.2795745 0.3619657
vt 0.2734296 0.6735863
vt 0.2653245 0.1181273
vt 0.2795745 0.3619657
vt 0.3458983 0.3555636
vt 0.3883053 0.2173657
vt 0.6914074 0.05911031
vt 0.4428239 0
vt 0.4589699 0.2118308
vt 0.5503824 0.2033967
vt 0.6296117 0.3356602
vt 0.7778311 0.7163259
vt 0.8294064 0.7049943
vt 0.8066356 0.5133614
vt 0.5163419 0.6038018
vt 0.7623826 0.8863119
vt 0.7778311 0.7163259
vt 0.7163801 0.7541323
vt 0.7623826 0.8863119
vt 0.8466022 0.8217497
vt 0.8294064 0.7049943
vt 0.7778311 0.7163259
vt 0.8738323 0.6791247
vt 0.8294064 0.7049943
vt 0.8466022 0.8217497
vt 0.9185526 0.7878723
vt 0.9630115 0.6576055
vt 0.9560505 0.231465
vt 0.8960555 0.408107
vt 0.9255074 0.6705195
vt 0.8296325 0.07794246
vt 0.6914074 0.05911031
vt 0.8066356 0.5133614
vt 0.8493077 0.4445975
vt 0.6914074 0.05911031
vt 0.5503824 0.2033967
vt 0.6296117 0.3356602
vt 0.8066356 0.5133614
vt 0.5503824 0.2033967
vt 0.5167808 0.3437541
vt 0.5767028 0.3436855
vt 0.6296117 0.3356602
vt 0.5167808 0.3437541
vt 0.5163419 0.6038018
vt 0.7163801 0.7541323
vt 0.5767028 0.3436855
vt 0.8738323 0.6791247
vt 0.9185526 0.7878723
vt 0.9630115 0.6576055
vt 0.9255074 0.6705195
vt 0.9185526 0.7878723
vt 0.9783425 0.8581895
vt 1 0.6377082
vt 0.9630115 0.6576055
vt 0.199995 0.7162749
vt 0.2280218 0.608632
vt 0.1621297 0.5957677
vt 0.005976111 0.6713267
vt 0.2280218 0.608632
vt 0.2233166 0.33317
vt 0.1572649 0.3573359
vt 0.1621297 0.5957677
vt 0.09032986 0.2760603
vt 0.1572649 0.3573359
vt 0.2233166 0.33317
vt 0.1691191 0.1749346
vt 0.09560609 0.01015764
vt 0.8296325 0.07794246
vt 0.9560505 0.231465
vt -5.960464E-08 0.257485
vt 0.8296325 0.07794246
vt 0.8493077 0.4445975
vt 0.8960555 0.408107
vt 0.9560505 0.231465
vt 0.8493077 0.4445975
vt 0.8738323 0.6791247
vt 0.9255074 0.6705195
vt 0.8960555 0.408107
vt 0.4162683 0.578335
vt 0.3803526 0.7550352
vt 0.4502001 0.7110448
vt 0.4577014 0.5776263
vt 0.3803526 0.7550352
vt 0.3241832 0.7314995
vt 0.9407167 1
vt 0.4502001 0.7110448
vt 0.3241832 0.7314995
vt 0.199995 0.7162749
vt 0.9783425 0.8581895
vt 0.9407167 1
vt 0.199995 0.7162749
vt 0.005976111 0.6713267
vt 1 0.6377082
vt 0.9783425 0.8581895
vt 0.005976111 0.6713267
vt 0.09032986 0.2760603
vt -5.960464E-08 0.257485
vt 1 0.6377082
vt 0.09032986 0.2760603
vt 0.1691191 0.1749346
vt 0.09560609 0.01015764
vt -5.960464E-08 0.257485
vt 0.1691191 0.1749346
vt 0.2653245 0.1181273
vt 0.4428239 0
vt 0.09560609 0.01015764
vt 0.2653245 0.1181273
vt 0.3883053 0.2173657
vt 0.4589699 0.2118308
vt 0.4428239 0
vt 0.3883053 0.2173657
vt 0.4240167 0.35417
vt 0.4715121 0.3569686
vt 0.4589699 0.2118308
vt 0.4240167 0.35417
vt 0.4162683 0.578335
vt 0.4577014 0.5776263
vt 0.4715121 0.3569686

usemap Standard_6D6D6D
usemtl Standard_6D6D6D
f 1924/1924/1924 1923/1923/1923 1922/1922/1922 1921/1921/1921 
f 1928/1928/1928 1927/1927/1927 1926/1926/1926 1925/1925/1925 
f 1932/1932/1932 1931/1931/1931 1930/1930/1930 1929/1929/1929 
f 1936/1936/1936 1935/1935/1935 1934/1934/1934 1933/1933/1933 
f 1940/1940/1940 1939/1939/1939 1938/1938/1938 1937/1937/1937 
f 1944/1944/1944 1943/1943/1943 1942/1942/1942 1941/1941/1941 
f 1948/1948/1948 1947/1947/1947 1946/1946/1946 1945/1945/1945 
f 1952/1952/1952 1951/1951/1951 1950/1950/1950 1949/1949/1949 
f 1956/1956/1956 1955/1955/1955 1954/1954/1954 1953/1953/1953 
f 1960/1960/1960 1959/1959/1959 1958/1958/1958 1957/1957/1957 
f 1964/1964/1964 1963/1963/1963 1962/1962/1962 1961/1961/1961 
f 1968/1968/1968 1967/1967/1967 1966/1966/1966 1965/1965/1965 
f 1972/1972/1972 1971/1971/1971 1970/1970/1970 1969/1969/1969 
f 1976/1976/1976 1975/1975/1975 1974/1974/1974 1973/1973/1973 
f 1980/1980/1980 1979/1979/1979 1978/1978/1978 1977/1977/1977 
f 1984/1984/1984 1983/1983/1983 1982/1982/1982 1981/1981/1981 
f 1988/1988/1988 1987/1987/1987 1986/1986/1986 1985/1985/1985 
f 1992/1992/1992 1991/1991/1991 1990/1990/1990 1989/1989/1989 
f 1996/1996/1996 1995/1995/1995 1994/1994/1994 1993/1993/1993 
f 2000/2000/2000 1999/1999/1999 1998/1998/1998 1997/1997/1997 
f 2004/2004/2004 2003/2003/2003 2002/2002/2002 2001/2001/2001 
f 2008/2008/2008 2007/2007/2007 2006/2006/2006 2005/2005/2005 
f 2012/2012/2012 2011/2011/2011 2010/2010/2010 2009/2009/2009 
f 2016/2016/2016 2015/2015/2015 2014/2014/2014 2013/2013/2013 
f 2020/2020/2020 2019/2019/2019 2018/2018/2018 2017/2017/2017 
f 2024/2024/2024 2023/2023/2023 2022/2022/2022 2021/2021/2021 
f 2028/2028/2028 2027/2027/2027 2026/2026/2026 2025/2025/2025 
f 2032/2032/2032 2031/2031/2031 2030/2030/2030 2029/2029/2029 
f 2036/2036/2036 2035/2035/2035 2034/2034/2034 2033/2033/2033 
f 2040/2040/2040 2039/2039/2039 2038/2038/2038 2037/2037/2037 
f 2044/2044/2044 2043/2043/2043 2042/2042/2042 2041/2041/2041 
f 2048/2048/2048 2047/2047/2047 2046/2046/2046 2045/2045/2045 
f 2052/2052/2052 2051/2051/2051 2050/2050/2050 2049/2049/2049 
f 2056/2056/2056 2055/2055/2055 2054/2054/2054 2053/2053/2053 
f 2060/2060/2060 2059/2059/2059 2058/2058/2058 2057/2057/2057 
f 2064/2064/2064 2063/2063/2063 2062/2062/2062 2061/2061/2061 
f 2068/2068/2068 2067/2067/2067 2066/2066/2066 2065/2065/2065 
f 2072/2072/2072 2071/2071/2071 2070/2070/2070 2069/2069/2069 
f 2076/2076/2076 2075/2075/2075 2074/2074/2074 2073/2073/2073 
f 2080/2080/2080 2079/2079/2079 2078/2078/2078 2077/2077/2077 
f 2084/2084/2084 2083/2083/2083 2082/2082/2082 2081/2081/2081 
f 2088/2088/2088 2087/2087/2087 2086/2086/2086 2085/2085/2085 
f 2092/2092/2092 2091/2091/2091 2090/2090/2090 2089/2089/2089 
f 2096/2096/2096 2095/2095/2095 2094/2094/2094 2093/2093/2093 
f 2100/2100/2100 2099/2099/2099 2098/2098/2098 2097/2097/2097 
f 2104/2104/2104 2103/2103/2103 2102/2102/2102 2101/2101/2101 
f 2108/2108/2108 2107/2107/2107 2106/2106/2106 2105/2105/2105 
f 2112/2112/2112 2111/2111/2111 2110/2110/2110 2109/2109/2109 
